Price,Close,High,Low,Open,Volume
Ticker,APOLLOHOSP.NS,APOLLOHOSP.NS,APOLLOHOSP.NS,APOLLOHOSP.NS,APOLLOHOSP.NS
Date,,,,,
2015-01-01,1082.7418212890625,1093.4163106056753,1076.1062898573007,1087.6463036895505,76848
2015-01-02,1084.6170654296875,1095.3396854777725,1080.4819640930064,1081.924465873706,172991
2015-01-05,1088.22314453125,1100.6286813245256,1082.8859592373235,1084.616890660593,137885
2015-01-06,1055.81494140625,1092.0697650262737,1048.938994198019,1086.2517461509021,164585
2015-01-07,1064.0853271484375,1071.297835014333,1038.3607157600773,1067.451164152522,208499
2015-01-08,1083.1744384765625,1095.3395588995368,1061.3926406269022,1067.4993247057134,228503
2015-01-09,1081.5399169921875,1093.2242064253244,1063.6529160456023,1090.8200364757533,148255
2015-01-12,1075.5772705078125,1086.5403065651278,1069.3745603471252,1082.837909128474,59612
2015-01-13,1106.01416015625,1112.8419783472814,1076.1063137874712,1076.1063137874712,327470
2015-01-14,1116.0633544921875,1133.4695141740262,1107.841049744689,1110.1490754098693,338840
2015-01-15,1103.8983154296875,1123.756775817735,1096.3011175404474,1117.5059361124606,117612
2015-01-16,1140.3455810546875,1145.8270398701925,1107.6488799589372,1111.4474203356901,343994
2015-01-19,1154.2418212890625,1162.6564148623008,1146.4042049397704,1156.8864078406516,417946
2015-01-20,1164.291259765625,1173.23481803991,1149.6258245401261,1155.0592715609077,194900
2015-01-21,1177.947021484375,1190.4967170093691,1165.8780425130954,1173.2348253469745,257565
2015-01-22,1194.1029052734375,1200.9308408234485,1177.9469560596583,1177.9469560596583,192743
2015-01-23,1244.4942626953125,1257.6691818438028,1194.4395246952752,1198.2380655066984,241916
2015-01-27,1297.4342041015625,1314.6480821053406,1227.6171416269558,1235.7431880080023,372173
2015-01-28,1367.0108642578125,1384.7055763764424,1280.941590707989,1293.4432728995835,473816
2015-01-29,1307.242919921875,1362.5388107855267,1301.3286402904178,1356.9130784106567,228610
2015-01-30,1263.1986083984375,1336.8141977242794,1251.7547397059868,1336.6699240963057,294980
2015-02-02,1297.62646484375,1307.0988695049848,1259.881002460649,1298.2515724123894,202501
2015-02-03,1247.0426025390625,1304.5022481929734,1237.7144727115115,1302.0980789187513,161039
2015-02-04,1259.303955078125,1277.4313692121434,1248.6774791765868,1251.0336356669402,151396
2015-02-05,1245.0230712890625,1280.9413352520369,1239.1569219857174,1264.5929848771984,127358
2015-02-06,1214.8748779296875,1251.9952284525543,1209.3452885383347,1249.206368585656,108730
2015-02-09,1185.1593017578125,1211.557033273286,1179.8701293863926,1202.0846298681404,86314
2015-02-10,1168.6666259765625,1196.8435354231071,1164.579538414003,1179.2449702561282,144598
2015-02-11,1228.530517578125,1239.5896964056385,1170.8304541302286,1174.1962911646895,259947
2015-02-12,1245.5040283203125,1259.7847711409065,1223.914516578705,1240.26286857061,207270
2015-02-13,1247.6678466796875,1252.091495150542,1238.2434551360966,1246.3214882604473,101960
2015-02-16,1248.8697509765625,1270.6034169770085,1227.8573357331518,1254.9763172412456,174397
2015-02-18,1255.9381103515625,1261.7081169841117,1245.3597648585555,1261.7081169841117,311680
2015-02-19,1255.50537109375,1267.4299572155844,1242.7151431323566,1259.7847456013828,45964
2015-02-20,1284.6920166015625,1297.1936977982116,1243.0998849280954,1256.8997941554098,188335
2015-02-23,1305.367919921875,1329.601901984431,1297.7225903324193,1298.2034242415264,314114
2015-02-24,1301.040283203125,1330.2268750569003,1293.4430847291026,1305.2716446536888,175082
2015-02-25,1262.8140869140625,1317.3887342125313,1257.8614742977459,1307.868199575638,92279
2015-02-26,1250.0238037109375,1277.0947744025823,1241.080364053762,1263.6314258772538,220880
2015-02-27,1252.2357177734375,1271.1325130466867,1240.6475741182683,1253.0531119046746,184480
2015-03-02,1296.4241943359375,1309.791398755935,1261.7080140732648,1262.6696817669183,214128
2015-03-03,1350.4700927734375,1358.788425048932,1297.7706521612522,1297.8187825060581,261983
2015-03-04,1363.5489501953125,1374.0791668311929,1322.4856600901387,1365.5684293238387,314313
2015-03-05,1354.509033203125,1397.6398085457533,1333.9774501077623,1370.376551163971,229156
2015-03-09,1310.8973388671875,1354.508945255744,1304.983059078484,1354.508945255744,156149
2015-03-10,1305.992919921875,1335.6122158488001,1290.7985226890505,1317.7252193813906,106063
2015-03-11,1295.4625244140625,1329.5055841890535,1286.2305380490843,1310.7530641950668,130472
2015-03-12,1309.166259765625,1324.2163822872642,1273.824972874516,1298.2513551835923,117807
2015-03-13,1329.409423828125,1351.0469466202785,1313.1090862233914,1313.6380504036292,173201
2015-03-16,1368.6937255859375,1375.0407097232942,1309.79157157776,1330.8521203258408,160844
2015-03-17,1395.4281005859375,1407.881651572028,1360.7599296273359,1376.14661434397,283042
2015-03-18,1385.618896484375,1422.0179958298982,1380.2817111284867,1407.6892408636666,198184
2015-03-19,1391.725341796875,1406.9197372485357,1383.022320213676,1400.1399335268304,141486
2015-03-20,1359.99072265625,1391.7257639497154,1352.105092685224,1382.8784660607057,391071
2015-03-23,1305.175537109375,1374.319477839533,1300.3671979402554,1361.4812357362023,225885
2015-03-24,1303.2041015625,1317.4848444640577,1282.864804755513,1302.1943034479,175387
2015-03-25,1371.0977783203125,1386.724879072692,1298.2995774641217,1298.2995774641217,338946
2015-03-26,1334.0252685546875,1371.4341622559273,1325.177973453226,1366.5296808977025,414179
2015-03-27,1302.0501708984375,1341.093980491295,1266.9974238515454,1334.025627705317,172279
2015-03-30,1289.1640625,1344.507984527033,1281.9515526222806,1317.4851376634,197216
2015-03-31,1316.71533203125,1326.957116235596,1281.9030091955717,1286.7113475646472,188491
2015-04-01,1336.718017578125,1340.420414508311,1299.2129796748538,1299.2129796748538,132827
2015-04-06,1357.057373046875,1374.9924987959014,1327.1014012718358,1341.4302732130582,231232
2015-04-07,1347.87353515625,1370.3284543108202,1336.7182124014764,1360.759906869129,149342
2015-04-08,1328.976806640625,1367.4916500705683,1323.2549300260914,1349.2199613565454,305178
2015-04-09,1317.100341796875,1339.6033942962968,1304.5025156948502,1329.0250473205183,199931
2015-04-10,1342.1995849609375,1349.7006401060596,1312.676433020856,1317.0039377451005,180183
2015-04-13,1345.9984130859375,1358.2596780218132,1331.1405745525144,1346.3349733510565,178785
2015-04-15,1334.3621826171875,1354.9899096580307,1325.226338655689,1352.7780267951277,110697
2015-04-16,1324.36083984375,1351.1432647086901,1304.598519513817,1338.6415832558696,192463
2015-04-17,1267.766845703125,1327.0055651535217,1254.9766156143694,1327.0055651535217,282557
2015-04-20,1230.6943359375,1270.5074053292258,1218.0965115541965,1265.5547928062122,170718
2015-04-21,1176.5523681640625,1241.5130719854185,1173.3789350064958,1237.5702576672445,259560
2015-04-22,1214.4422607421875,1232.6659375322943,1168.5226193979863,1176.1198191404824,471038
2015-04-23,1247.8599853515625,1257.3805190697708,1217.4713094778813,1217.4713094778813,518336
2015-04-24,1245.6964111328125,1258.4385099930403,1226.126494097398,1254.976529252631,370654
2015-04-27,1132.17138671875,1245.1673371324703,1103.3213568258852,1240.551285393183,450290
2015-04-28,1122.7471923828125,1144.8174221417378,1103.994669683485,1129.959701113323,476845
2015-04-29,1120.343017578125,1136.547096972174,1111.2071732287754,1120.343017578125,372241
2015-04-30,1093.560791015625,1129.8637580600227,1086.6848413289931,1120.3432213701567,548858
2015-05-04,1155.5399169921875,1163.6179493751567,1099.1862116824827,1099.1862116824827,224235
2015-05-05,1154.722412109375,1168.426175900804,1137.652811597244,1161.5983591741656,80767
2015-05-06,1129.0458984375,1180.5431282428945,1107.8410807940013,1155.9244610367964,175887
2015-05-07,1124.238037109375,1144.1926483712314,1102.5042461112805,1134.7682548911137,201421
2015-05-08,1140.4898681640625,1148.0870671804157,1126.882362853563,1133.8063239825174,80236
2015-05-11,1202.661865234375,1237.5704573373594,1139.5764737921204,1140.6342850153103,438636
2015-05-12,1191.4580078125,1201.1228140008777,1171.9842392108044,1200.3534329762374,129070
2015-05-13,1188.2364501953125,1221.1255521932676,1168.0895611502322,1196.0259341926223,446265
2015-05-14,1199.7288818359375,1206.8451306572988,1167.5130059444195,1188.7177135219345,383250
2015-05-15,1200.8343505859375,1213.6245773191845,1179.9662094854511,1200.2093605247392,184809
2015-05-18,1223.5777587890625,1227.0878690399998,1198.141697488351,1206.3158721645577,158100
2015-05-19,1226.0302734375,1245.3597722937259,1204.0080578469071,1229.3961106599154,223496
2015-05-20,1256.467041015625,1266.5645523528271,1224.5877317442416,1230.3577382226429,195341
2015-05-21,1246.9466552734375,1281.9032585377904,1239.8302896247908,1269.401576346499,237550
2015-05-22,1258.9676513671875,1267.5265198121526,1236.8011576148526,1250.120235573641,117761
2015-05-25,1228.0498046875,1258.91931819477,1222.0875111669884,1252.1876434627322,110271
2015-05-26,1192.51611328125,1235.1660535476456,1182.8513056566478,1234.8775062727607,223883
2015-05-27,1179.822021484375,1191.0254739260454,1174.196288787809,1182.8512982874736,149441
2015-05-28,1175.3984375,1203.046386019636,1145.634866832687,1182.4186592109854,438239
2015-05-29,1166.0704345703125,1190.9775387434502,1157.8481272418483,1173.234813318152,417282
2015-06-01,1178.3795166015625,1185.7362981338936,1157.8479342686196,1166.2143964717702,181381
2015-06-02,1160.733154296875,1177.0815085827464,1155.2516942280527,1177.0815085827464,112464
2015-06-03,1166.3106689453125,1174.1962973684226,1105.9178885943375,1161.7427472315533,277102
2015-06-04,1167.3685302734375,1178.0430190494644,1144.1923604789263,1165.3009210883172,152960
2015-06-05,1149.9141845703125,1177.417858084537,1144.384595140014,1177.417858084537,90148
2015-06-08,1164.291259765625,1173.0425314196216,1149.9143718616576,1156.0209394445471,111351
2015-06-09,1127.026611328125,1167.464792147669,1120.872030883717,1167.464792147669,251965
2015-06-10,1157.9923095703125,1169.3880495685646,1119.3813237646457,1119.3813237646457,134566
2015-06-11,1172.513671875,1183.140149894982,1155.1555180681614,1168.4265830044085,297957
2015-06-12,1133.18115234375,1171.1190149336805,1126.1129179679403,1167.46463058333,129271
2015-06-15,1140.2974853515625,1202.0846356225622,1110.7262033152474,1111.6878710237454,111299
2015-06-16,1146.64453125,1168.4263295129647,1128.0362835544918,1128.0362835544918,200631
2015-06-17,1142.3172607421875,1160.5409389858996,1135.393298399151,1154.9150875171858,174430
2015-06-18,1143.8076171875,1157.3671086506838,1136.691252534365,1144.4327246878372,185924
2015-06-19,1204.9698486328125,1210.7398558888356,1147.654466701203,1148.616134577207,453935
2015-06-22,1248.5814208984375,1254.880392228632,1194.343331056878,1207.8548112119847,409342
2015-06-23,1226.84765625,1256.4189401455026,1219.3947310405645,1250.1680996472662,265053
2015-06-24,1234.8294677734375,1245.071134953758,1218.529129683444,1229.4921650360523,113545
2015-06-25,1251.2259521484375,1259.6886757519521,1229.8769739270147,1235.743124033704,295158
2015-06-26,1259.3521728515625,1274.2098940941853,1243.7250703768225,1248.581422557393,283454
2015-06-29,1234.0604248046875,1253.2456538855345,1217.6159259652316,1248.2450273886495,163259
2015-06-30,1265.506591796875,1275.1713993593105,1230.8385408537677,1234.0601042442197,273137
2015-07-01,1279.6912841796875,1305.8487185633164,1256.8998044599928,1264.4008601959138,402115
2015-07-02,1268.968505859375,1303.4442652250643,1265.5545389839583,1280.9412203089912,153699
2015-07-03,1251.2259521484375,1283.8265140739259,1240.6476063395887,1265.5548258586414,143567
2015-07-06,1249.4949951171875,1270.3631390135877,1233.2427861360711,1240.5514377952522,294876
2015-07-07,1253.3897705078125,1272.2865672639887,1245.4079977767167,1253.053210238078,135604
2015-07-08,1263.679443359375,1282.8646663380616,1231.511589499688,1236.7046183738735,336702
2015-07-09,1273.0557861328125,1296.3280982095187,1265.5547308929722,1266.5163986216144,310982
2015-07-10,1277.623779296875,1284.4034667283177,1259.7847949764607,1272.2864761479827,158863
2015-07-13,1286.71142578125,1295.3664353717068,1271.3247420648822,1277.0947484585201,175378
2015-07-14,1297.482177734375,1303.8292792687716,1284.740079100256,1293.875923403964,144436
2015-07-15,1311.329833984375,1325.899120692682,1288.6345035199954,1300.174513999279,211459
2015-07-16,1317.100341796875,1330.8522398218277,1309.2627248775098,1312.5805495909378,104971
2015-07-17,1307.242919921875,1328.736168805445,1301.7133308355099,1316.523036388511,107946
2015-07-20,1298.635986328125,1317.4846483296644,1292.0965995113756,1316.907671231967,80054
2015-07-21,1293.1546630859375,1312.2918760709922,1288.2501807106448,1298.2515494587674,100383
2015-07-22,1314.7921142578125,1317.3886876439537,1274.209781750202,1288.6347981473739,103101
2015-07-23,1326.861083984375,1344.4115205002038,1304.02147481994,1314.5998201171521,818251
2015-07-24,1326.236083984375,1350.5663270968587,1317.6772167990887,1338.6416224986806,286276
2015-07-27,1307.4832763671875,1331.621110219159,1300.8477462922299,1329.7459053112887,239786
2015-07-28,1280.6529541015625,1314.7921607829164,1263.6314811070129,1314.7921607829164,118691
2015-07-29,1273.72900390625,1291.5198582454464,1264.5931597861222,1271.3248344009533,197121
2015-07-30,1282.9046630859375,1300.0970332306836,1274.984651344567,1289.0378558506136,172360
2015-07-31,1313.42578125,1321.2975703263166,1283.6289992424522,1283.6289992424522,210203
2015-08-03,1331.6324462890625,1338.683278394165,1308.7415889062722,1338.683278394165,197974
2015-08-04,1321.8287353515625,1340.614679192041,1305.6505682935895,1334.819514872767,162803
2015-08-05,1326.9964599609375,1340.7116390874046,1317.4827526307297,1333.5160217526015,132363
2015-08-06,1382.38818359375,1392.7711865447598,1332.9361608859233,1333.6122162424945,457090
2015-08-07,1387.8455810546875,1413.8754857161327,1382.1953182470631,1383.1128389608944,325877
2015-08-10,1396.248291015625,1406.2932664997797,1386.976051300607,1386.976051300607,200671
2015-08-11,1379.200927734375,1425.8037128730075,1349.98363756974,1405.3275103981393,378403
2015-08-12,1316.56494140625,1371.5224490362482,1294.3019188731646,1371.5224490362482,226751
2015-08-13,1291.1143798828125,1337.7171618759644,1284.2567920198458,1323.2292503755025,168700
2015-08-14,1306.2784423828125,1328.0586514273955,1293.4807862872394,1295.2193829557364,168265
2015-08-17,1327.5272216796875,1335.592253027613,1287.8787097986326,1321.2974671863585,93833
2015-08-18,1306.6649169921875,1339.6007506563278,1294.253627798736,1333.8539253657125,123985
2015-08-19,1329.2657470703125,1352.011813009684,1283.3390250512407,1308.7412078330779,347458
2015-08-20,1292.5150146484375,1351.1910645699247,1289.4243069166307,1337.669011913121,239263
2015-08-21,1257.8885498046875,1291.3556437333316,1238.7645803475389,1291.3556437333316,231773
2015-08-24,1210.513427734375,1228.961346042361,1154.2036940756211,1207.3260398280556,328925
2015-08-25,1235.7225341796875,1263.249571503491,1189.940701155298,1213.0248016495336,298534
2015-08-26,1210.5616455078125,1253.1078621534425,1202.738196379566,1231.4725560200334,181639
2015-08-27,1255.7640380859375,1287.492544195386,1213.7007498897215,1254.6532745009802,414799
2015-08-28,1296.90966796875,1313.570767780674,1259.4342194914796,1261.4142814129118,226525
2015-08-31,1294.446533203125,1328.251659537068,1262.3800033846687,1301.0144334806034,208370
2015-09-01,1266.0986328125,1301.9803858701457,1241.4691818928495,1285.5607519237121,126534
2015-09-02,1265.422607421875,1299.0828342300747,1260.448400498325,1273.6324245898718,168729
2015-09-03,1280.4901123046875,1296.5233799662317,1270.107107434029,1273.4876206477318,95433
2015-09-04,1267.788818359375,1291.2109419438973,1220.4616408071442,1286.526540807578,127509
2015-09-07,1217.419189453125,1279.427523109427,1207.3259913268046,1270.3484080740636,122741
2015-09-08,1269.140869140625,1278.7994754506753,1199.6472439009758,1218.529748495379,180292
2015-09-09,1306.809814453125,1322.9879847355269,1281.6974307311875,1281.6974307311875,182975
2015-09-10,1362.4915771484375,1371.5223521542189,1270.2518696620095,1285.560739941736,309451
2015-09-11,1324.5333251953125,1384.2717984403262,1313.5708275314291,1376.0619807682547,238000
2015-09-14,1320.9595947265625,1337.475791426454,1308.210160961275,1332.8879524596546,139241
2015-09-15,1320.380126953125,1335.3509701825426,1306.5682695867458,1327.0928127238506,137718
2015-09-16,1290.5350341796875,1328.2518306787988,1284.8364314257026,1328.058705664605,99528
2015-09-18,1323.5673828125,1329.0245201568123,1301.014555705833,1301.014555705833,179322
2015-09-21,1317.144287109375,1323.2292571318087,1304.9262426706084,1317.4340925020342,102645
2015-09-22,1327.0927734375,1356.9861188075429,1311.0595073244458,1318.5931510170474,181094
2015-09-23,1322.843017578125,1335.7855767541614,1305.3609594962033,1310.6731942555293,118053
2015-09-24,1360.9461669921875,1373.4540168196347,1319.8487440112735,1331.9220036527963,177258
2015-09-28,1354.957763671875,1375.3857426292927,1347.0377524836354,1369.590577983383,147381
2015-09-29,1391.22607421875,1405.3276198823417,1345.6857088667166,1352.205269989882,385820
2015-09-30,1392.3848876953125,1405.327445828546,1363.5056265681471,1381.1809261407702,312679
2015-10-01,1395.0408935546875,1424.692888107186,1375.0476240095857,1393.8819078633176,162812
2015-10-05,1428.5565185546875,1452.5097965777145,1398.9528603111676,1400.4982140702443,285834
2015-10-06,1447.8253173828125,1462.2166666665362,1423.678797746675,1434.351606587019,245563
2015-10-07,1429.18408203125,1464.1483113705333,1420.7811408001944,1439.1324947602243,193207
2015-10-08,1398.6630859375,1439.1810197027298,1384.1269507554673,1434.3033752049994,127999
2015-10-09,1404.989501953125,1424.6930867744227,1394.6064978679467,1405.3275296683346,117199
2015-10-12,1405.858642578125,1419.8152830633958,1388.4248091181166,1414.020118642729,111447
2015-10-13,1403.0093994140625,1422.616421163416,1390.8395766985366,1406.196787271836,117775
2015-10-14,1392.0467529296875,1408.7078502327488,1388.6662404334143,1395.668730604266,53177
2015-10-15,1392.578369140625,1408.225269417417,1388.9080503581931,1400.4983817937275,61684
2015-10-16,1390.839599609375,1406.7279631520723,1384.7546291999104,1406.7279631520723,82852
2015-10-19,1376.9310302734375,1399.0976047230674,1369.5905123211298,1395.6687519774562,167016
2015-10-20,1362.3948974609375,1384.8993816885122,1355.2957267856154,1384.8993816885122,199443
2015-10-21,1335.882080078125,1370.5565071879919,1332.8879351088294,1357.034455672395,227192
2015-10-23,1358.000244140625,1373.212551285159,1337.717167947913,1362.250055113969,329820
2015-10-26,1371.9085693359375,1385.8169870723061,1353.3157507596275,1353.3157507596275,206156
2015-10-27,1332.260009765625,1371.5222730645723,1321.29751376925,1371.5222730645723,257255
2015-10-28,1298.454833984375,1329.0726895178918,1288.8927892858583,1325.1609064448423,345836
2015-10-29,1274.018798828125,1291.3076136865038,1257.1162339866316,1285.0778583775277,309069
2015-10-30,1267.9337158203125,1298.1168646448295,1260.9312252930245,1274.9362063476003,166319
2015-11-02,1295.94384765625,1303.670734767299,1256.6333566399644,1271.5558602120016,246234
2015-11-03,1302.46337890625,1313.1361886457819,1293.384263177558,1299.0828658723813,195631
2015-11-04,1319.4625244140625,1323.2294054261556,1310.5283112752363,1310.6732139878052,280779
2015-11-05,1298.2615966796875,1327.0925130663775,1287.2991020482582,1327.0925130663775,203743
2015-11-06,1299.90380859375,1312.6049024222048,1289.4242418937774,1290.3901027491286,135338
2015-11-09,1278.9444580078125,1290.389883619513,1256.922787084277,1290.389883619513,239119
2015-11-10,1229.4923095703125,1289.182546955765,1225.9186722034874,1289.182546955765,487049
2015-11-13,1206.360107421875,1226.5466211907046,1197.8604854446014,1226.5466211907046,139225
2015-11-16,1235.9156494140625,1242.918141309351,1171.5893336531049,1202.496884087482,285736
2015-11-17,1276.2398681640625,1284.5945858556595,1241.1308592665582,1246.9260228117716,271560
2015-11-18,1259.1927490234375,1299.3243146945995,1253.2044588858894,1279.765632388288,181288
2015-11-19,1274.1634521484375,1275.9503888553447,1246.0569279501337,1262.3799981789389,148355
2015-11-20,1286.236572265625,1294.1083600936565,1272.7145232516016,1281.6970744006528,136181
2015-11-23,1303.187744140625,1311.5424640242072,1286.5266445768482,1286.5266445768482,229252
2015-11-24,1283.33935546875,1313.5708493841362,1275.0813153559325,1308.741544790812,158839
2015-11-26,1292.804931640625,1301.0147500335613,1261.6075745862859,1280.1521762862194,185307
2015-11-27,1286.8162841796875,1302.9461110395428,1284.4016323801332,1289.4240609620383,88153
2015-11-30,1279.8140869140625,1289.2312310879356,1260.5450904011386,1284.5950514103886,373088
2015-12-01,1294.6878662109375,1302.897681768148,1266.2433171180023,1266.2433171180023,201618
2015-12-02,1332.260009765625,1339.6488681271562,1301.0144378999853,1301.0144378999853,250437
2015-12-03,1314.1986083984375,1346.0236767112992,1300.8696813118693,1340.6148794525968,228062
2015-12-04,1315.695556640625,1328.0586222489148,1303.0911437312216,1303.8637616424073,189838
2015-12-07,1323.808837890625,1342.2085339727284,1319.2209989208393,1323.519150381662,135849
2015-12-08,1301.3043212890625,1324.7264460182255,1294.2534901888018,1316.4682889009975,150588
2015-12-09,1314.87451171875,1330.6663114401406,1299.46907987891,1303.9120157594314,205079
2015-12-10,1345.975341796875,1355.2958040338488,1299.9037116893812,1328.058577104584,281558
2015-12-11,1333.998779296875,1366.6931465362534,1318.4966649965424,1352.2052333220881,338710
2015-12-14,1352.25341796875,1361.7671229710402,1317.4340900550255,1331.9220016025515,142947
2015-12-15,1344.5267333984375,1366.6931942284564,1328.058757642493,1363.7956114845092,163136
2015-12-16,1330.7628173828125,1357.034179243299,1326.1749794102818,1347.3755729853394,106199
2015-12-17,1375.8204345703125,1383.1127311169143,1342.4016728878792,1342.546575595329,232468
2015-12-18,1396.5382080078125,1403.7338240833653,1363.360911832486,1375.8687625123334,334044
2015-12-21,1400.4498291015625,1407.6937851496818,1383.7405078923257,1396.5381635773365,157640
2015-12-22,1399.966796875,1412.5229864451612,1384.078434926234,1400.4980674410604,153141
2015-12-23,1380.9395751953125,1410.2534289409552,1374.7098197616215,1410.1568664348006,195097
2015-12-24,1387.7969970703125,1395.6687857748175,1379.5871806834018,1389.6321560785598,63405
2015-12-28,1393.1094970703125,1402.4300786807012,1388.5216576255925,1398.566634937779,75240
2015-12-29,1410.011962890625,1420.926237847207,1393.9786960815,1397.600674332188,144460
2015-12-30,1412.2335205078125,1419.767164689984,1406.2934524679677,1419.767164689984,144226
2015-12-31,1416.386474609375,1420.2016953807895,1399.242445995084,1412.7162744365216,223953
2016-01-01,1410.9293212890625,1429.473799089052,1399.5321181621866,1408.7077945752583,107024
2016-01-04,1400.5946044921875,1419.8152563733356,1395.6687384078027,1400.8844098689417,121226
2016-01-05,1418.3665771484375,1446.5696651951205,1383.499026037121,1401.4640132396207,667535
2016-01-06,1405.6654052734375,1429.4738961101816,1395.765332682134,1405.3273775948069,233987
2016-01-07,1348.969482421875,1400.4981314716429,1333.081001843768,1382.1467766454628,184861
2016-01-08,1356.599853515625,1369.6389745051129,1339.2143588629747,1352.2534798524625,168754
2016-01-11,1314.3916015625,1360.994383583409,1308.7413396545398,1357.0343780181759,189400
2016-01-12,1314.9710693359375,1326.513176026232,1304.8778716718143,1313.9086460928072,117095
2016-01-13,1318.7384033203125,1348.1971662898643,1285.367973714615,1317.8208824545777,165141
2016-01-14,1329.7969970703125,1347.08580847385,1292.4181189771098,1309.1275554710958,114952
2016-01-15,1317.6756591796875,1350.7563931557947,1312.6048897380945,1331.5357387394547,121314
2016-01-18,1304.008544921875,1335.0609908988401,1297.1992975331614,1310.0451744701606,170876
2016-01-19,1360.414794921875,1371.5221929634806,1302.9944235114372,1318.9793473426062,150741
2016-01-20,1312.8944091796875,1386.0100121360858,1299.179117411926,1360.8976356095784,477896
2016-01-21,1321.152587890625,1338.1517133116806,1312.7013064267414,1331.9219587080438,189511
2016-01-22,1354.2816162109375,1362.8294599018857,1324.243371752578,1329.9901958078644,159715
2016-01-25,1372.584716796875,1380.1184779647615,1353.12259869894,1358.9661035191657,113996
2016-01-27,1344.478271484375,1396.6347561540274,1340.421703171242,1396.6347561540274,228839
2016-01-28,1361.2359619140625,1376.0136800427524,1333.3225598392792,1351.2393257225067,186359
2016-01-29,1422.7130126953125,1435.0277383652822,1367.658944994272,1371.4258258386142,318543
2016-02-01,1447.2459716796875,1455.7454767142663,1419.8154990027203,1431.4058296068242,216940
2016-02-02,1385.3343505859375,1472.9378879751512,1375.9654290157393,1455.4558290820676,282208
2016-02-03,1433.8687744140625,1446.7146529986715,1361.9121409693553,1371.474069077914,290952
2016-02-04,1373.40576171875,1458.449855064302,1363.7954936097976,1458.449855064302,239809
2016-02-05,1406.244873046875,1411.074176663785,1366.7894860773038,1385.044277329808,127527
2016-02-08,1403.9752197265625,1420.7812210407367,1384.078511047842,1398.5664228871426,104129
2016-02-09,1386.2032470703125,1404.168350640631,1371.618773895813,1386.0101220890288,94810
2016-02-10,1397.600341796875,1406.872580331877,1373.1640205185993,1376.351407781995,214115
2016-02-11,1374.22705078125,1410.0604695919337,1365.582524260452,1381.1812026825269,92229
2016-02-12,1356.6961669921875,1384.0782924634825,1294.2532532456848,1376.4479698525715,362415
2016-02-15,1395.2823486328125,1420.9742197641742,1337.717074287383,1376.351502425647,295431
2016-02-16,1375.5789794921875,1405.3275409216694,1364.7613851012502,1392.2884194079631,127262
2016-02-17,1373.260986328125,1384.6580734722627,1323.229347769534,1371.5707298619961,178587
2016-02-18,1381.08447265625,1403.3474948239175,1371.5224265245406,1381.1810351620375,163690
2016-02-19,1379.9254150390625,1390.3084196717023,1366.6931679242236,1376.8347073328487,116095
2016-02-22,1379.3455810546875,1400.401390544155,1358.9659447670506,1377.3172972550208,91313
2016-02-23,1388.183349609375,1396.5862908925278,1371.5705920300456,1376.3515555354736,108844
2016-02-24,1389.53564453125,1410.1567487491536,1376.2550587125509,1388.183415849124,175968
2016-02-25,1395.379150390625,1407.8387791822724,1384.0786253836295,1384.0786253836295,151914
2016-02-26,1384.6580810546875,1405.3275266771236,1377.3659024312167,1400.4982224617384,81389
2016-02-29,1413.8753662109375,1432.8545552862154,1368.2384415481308,1390.743046267895,251871
2016-03-01,1446.08642578125,1447.8250220015195,1424.837492836598,1428.507810233654,255374
2016-03-02,1446.7147216796875,1492.1585240663512,1439.3742024395808,1458.4499551644133,370595
2016-03-03,1380.02197265625,1449.1292428783581,1369.8804341500222,1438.1667462641171,462370
2016-03-04,1361.96044921875,1387.9421313471737,1332.888059331315,1386.0104095220559,345879
2016-03-08,1359.98046875,1364.7130927727244,1344.0919864211926,1361.863850317987,185424
2016-03-09,1346.506591796875,1357.227623686261,1329.8454920800245,1357.227623686261,431486
2016-03-10,1356.1170654296875,1376.351804446157,1342.5950126140763,1352.1087190501855,296303
2016-03-11,1366.499755859375,1375.289064586647,1353.1708311324498,1356.0684132119625,198719
2016-03-14,1360.2218017578125,1377.6555183273308,1350.8528813252312,1376.3516298375441,117752
2016-03-15,1307.96875,1360.801410613803,1303.912181485443,1360.221917669286,190320
2016-03-16,1313.5709228515625,1321.2978106330422,1278.7999278349034,1309.2245484744801,284410
2016-03-17,1335.68896484375,1343.8987818954074,1320.573219279818,1327.9620782068962,206801
2016-03-18,1348.7281494140625,1352.7364956258511,1308.5965828971287,1332.2119520323527,256494
2016-03-21,1353.4608154296875,1366.6930615142712,1332.5015648753065,1352.205149201399,399776
2016-03-22,1348.2227783203125,1378.3901966623928,1339.104621036195,1359.8629488762228,287944
2016-03-23,1350.4051513671875,1368.9809450417533,1340.5594845820854,1340.5594845820854,188225
2016-03-28,1333.8179931640625,1364.2279128301968,1326.057880028976,1356.4677996951104,128023
2016-03-29,1296.7633056640625,1326.8337422947448,1288.5667340109585,1319.2191554105725,229900
2016-03-30,1281.2430419921875,1309.4704273355421,1265.8683428888924,1300.9828043468235,285966
2016-03-31,1289.440185546875,1306.60939301313,1253.2586011677536,1275.5689323030929,490746
2016-04-01,1308.50048828125,1312.429092796607,1284.2986835644551,1296.9088670133508,192858
2016-04-04,1313.7386474609375,1323.9237960909081,1300.303975092915,1315.339194499062,145809
2016-04-05,1306.8519287109375,1326.9797279469753,1300.304331369094,1312.1384599414775,124200
2016-04-06,1308.6944580078125,1315.7270597562188,1295.2112392495746,1301.7588339808494,71835
2016-04-07,1313.88427734375,1330.956504146258,1306.0271857459416,1309.5192132994187,108498
2016-04-08,1329.5496826171875,1338.619289629434,1302.7287724437172,1309.9068995628425,413123
2016-04-11,1312.3321533203125,1340.9475704422953,1305.7360098061888,1317.2792017509405,220906
2016-04-12,1308.791748046875,1317.7643800049507,1305.2511722949428,1309.5192587461784,153608
2016-04-13,1307.676025390625,1322.1292596142484,1300.4494674837772,1309.6160536512475,189753
2016-04-18,1320.529052734375,1325.0396432840612,1296.9092262597292,1310.2469239867833,274622
2016-04-20,1344.8277587890625,1349.7262596287665,1322.8569126891753,1327.464480304408,309626
2016-04-21,1334.982177734375,1359.426490682044,1325.2334866746785,1359.426490682044,311154
2016-04-22,1317.61865234375,1348.319622833417,1315.3391428504415,1328.9193404904902,193174
2016-04-25,1285.414306640625,1327.9494044978876,1280.4672580341244,1315.3392202331158,235523
2016-04-26,1286.2869873046875,1289.9729691012303,1266.01367298905,1279.448341904015,239769
2016-04-27,1277.314697265625,1298.8489643213186,1270.7671016650509,1290.0218591195678,231338
2016-04-28,1273.774169921875,1285.268814505465,1256.168388516662,1285.268814505465,409825
2016-04-29,1272.80419921875,1284.541347753349,1257.3324011600118,1274.6956796086865,181374
2016-05-02,1267.372314453125,1275.9083698090374,1254.2771205411404,1263.9287160974725,138461
2016-05-03,1255.1982421875,1284.2986651130218,1251.366733866276,1274.5985241378478,271266
2016-05-04,1267.4688720703125,1270.7183954300779,1241.6179741606866,1246.4680443722518,214814
2016-05-05,1262.7645263671875,1274.1621931580062,1253.5978211788229,1272.6586237918386,115007
2016-05-06,1292.640869140625,1296.8604071303914,1249.766289862876,1257.7689068265458,214154
2016-05-09,1296.4239501953125,1304.6690707165696,1288.1788296740554,1301.8560059155657,240658
2016-05-10,1261.9884033203125,1304.6690257231517,1257.138332592717,1302.7289974321134,395379
2016-05-11,1280.709716796875,1283.231729879659,1251.3182409819324,1255.1497494721302,270580
2016-05-12,1282.940673828125,1288.7607586497345,1270.8154971164386,1285.2687314387547,149049
2016-05-13,1283.862060546875,1292.05863137746,1272.1247965699472,1292.05863137746,110336
2016-05-16,1303.553466796875,1305.9785021253692,1285.9476866300201,1290.1187947590017,259988
2016-05-17,1298.0244140625,1323.0992552994971,1292.8832918795504,1306.6090153140929,215961
2016-05-18,1316.163818359375,1317.6673878187676,1288.1789307815388,1294.969030567285,149865
2016-05-19,1281.3887939453125,1323.972442195203,1271.6886516747197,1318.2493345735652,102928
2016-05-20,1289.343017578125,1302.7292628778582,1273.192373492301,1278.042445208153,175391
2016-05-23,1317.861083984375,1322.42022113222,1294.8232499588516,1294.9687757504705,192837
2016-05-24,1319.80126953125,1328.870878431612,1300.7890152866019,1328.870878431612,152475
2016-05-25,1299.7222900390625,1328.8227214076064,1282.8440161633152,1326.8826926497036,362778
2016-05-26,1305.5418701171875,1316.11504643023,1297.2482030288588,1308.5488898440385,168898
2016-05-27,1307.7730712890625,1316.697272799055,1295.938945646385,1299.3339952794406,112823
2016-05-30,1357.0982666015625,1364.2278465158727,1307.7729551564,1308.3065102724731,338648
2016-05-31,1328.0462646484375,1362.869794101412,1305.881466412118,1362.869794101412,519143
2016-06-01,1371.0665283203125,1375.4801403093986,1328.0464220850067,1334.73954376991,281108
2016-06-02,1359.3778076171875,1371.5999618127414,1349.435162915221,1367.7199053436814,149565
2016-06-03,1325.524169921875,1366.7012180670076,1319.3160564576015,1361.1721854686214,223031
2016-06-06,1313.44775390625,1324.0693618627133,1302.437998184059,1324.0693618627133,112677
2016-06-07,1309.1796875,1321.8383017523192,1302.1955142205038,1314.3692397832085,156744
2016-06-08,1319.9952392578125,1337.164441523855,1307.5790113704436,1312.4290818873963,270174
2016-06-09,1346.9132080078125,1352.5877671566689,1312.089676013476,1326.0093555148387,216724
2016-06-10,1314.660400390625,1347.252856500339,1300.2555936118706,1347.252856500339,301458
2016-06-13,1279.1578369140625,1312.8658345470815,1273.7257804019548,1310.7318504062378,219740
2016-06-14,1285.94775390625,1288.1788338891583,1270.088045710159,1280.4187204319946,164119
2016-06-15,1282.6982421875,1297.200025393441,1275.5686615634104,1292.058902815561,239179
2016-06-16,1268.390380859375,1286.8206482854118,1263.9768878638295,1280.418579072036,263697
2016-06-17,1256.119873046875,1280.612732223194,1251.3183499980676,1279.448762517404,335605
2016-06-20,1261.0670166015625,1265.868539560057,1241.618184396071,1241.618184396071,120646
2016-06-21,1268.0023193359375,1278.33299265482,1263.9283076881702,1269.7483919906483,114652
2016-06-22,1267.177978515625,1272.4646267514468,1252.5307883321207,1272.4646267514468,101446
2016-06-23,1264.0257568359375,1268.6818733784091,1254.2771830394584,1265.868807901081,119245
2016-06-24,1266.886962890625,1270.6699231533473,1229.8323532181873,1250.2511973907294,139827
2016-06-27,1263.7828369140625,1273.6770517049447,1252.5792451900243,1252.5792451900243,174336
2016-06-28,1279.5941162109375,1286.190141006394,1264.1708684291837,1265.1894305921944,231423
2016-06-29,1276.247314453125,1285.996002074184,1270.91223769551,1285.2684916072365,129610
2016-06-30,1276.0535888671875,1285.1717453772626,1268.0509722893432,1276.5385959325115,239072
2016-07-01,1289.9735107421875,1298.849165390062,1275.1323627960232,1276.5388361861997,194781
2016-07-04,1303.214111328125,1307.5791753407611,1290.167467365444,1294.968990415368,113802
2016-07-05,1304.9600830078125,1309.5191021476135,1290.6523742991626,1302.6804550279815,99081
2016-07-07,1316.5518798828125,1323.4875056581243,1272.7557115136183,1272.7557115136183,142705
2016-07-08,1329.1134033203125,1347.5922211087036,1322.42040009926,1326.009405258663,232027
2016-07-11,1321.1109619140625,1338.6683159158097,1316.2124606212149,1333.7696962130103,143710
2016-07-12,1337.3585205078125,1340.5596147086453,1317.7642811734404,1322.517374401066,135544
2016-07-13,1349.240966796875,1354.139585009191,1333.7692903922907,1340.5593885979242,188248
2016-07-14,1329.6954345703125,1348.3196587516877,1326.9793476059776,1348.3196587516877,120880
2016-07-15,1338.0860595703125,1342.402693866743,1327.5129993701512,1335.4185204829448,158804
2016-07-18,1320.8680419921875,1341.529387955908,1318.346029225374,1334.7392898245332,90889
2016-07-19,1301.1771240234375,1326.9794791017612,1291.5739593742653,1326.9794791017612,252487
2016-07-20,1293.465576171875,1302.8747863293984,1287.257579114897,1301.759246154801,218106
2016-07-21,1293.029052734375,1309.519295717484,1288.1789812687548,1293.7080153755828,236119
2016-07-22,1294.19287109375,1303.6505093451087,1289.7308295494547,1299.9645265084882,76202
2016-07-25,1312.3804931640625,1314.272091653032,1281.4855686101046,1294.9687879115424,125998
2016-07-26,1314.369140625,1320.6256843732292,1306.8515311491005,1312.429112373155,80600
2016-07-27,1316.40625,1331.3444923944644,1300.7890450280343,1314.3692438575588,179374
2016-07-28,1307.530517578125,1321.9353223393712,1300.7889666436824,1316.4061706745701,374325
2016-07-29,1321.062255859375,1324.0692759542821,1301.904476958205,1308.2579984085862,107074
2016-08-01,1332.4114990234375,1337.6495994545583,1322.1293720497192,1322.6143791561205,126523
2016-08-02,1320.67431640625,1347.2527288282527,1315.339238374495,1333.6725302019672,147724
2016-08-03,1300.0126953125,1326.9791314590382,1296.4722389952342,1319.2190195791607,82995
2016-08-04,1317.7642822265625,1324.1179225596823,1296.9089770606656,1300.789033835716,151809
2016-08-05,1321.595703125,1326.9793289066847,1302.243968609082,1326.9793289066847,133991
2016-08-08,1363.20947265625,1367.7200625018077,1319.2193510655734,1321.5958385619729,221666
2016-08-09,1360.2994384765625,1399.7305408027871,1342.4997009501437,1364.7130506088358,268271
2016-08-10,1339.055908203125,1368.3988345357734,1332.411335343667,1364.3248227064496,122331
2016-08-11,1341.190185546875,1350.2597948258222,1324.9424473548258,1341.5296668420347,131800
2016-08-12,1373.2490234375,1380.3301742957524,1337.843505966105,1342.7906729982744,316873
2016-08-16,1369.85400390625,1389.9817985273073,1358.0198780472415,1381.8822036509414,221890
2016-08-17,1370.193603515625,1380.1846787146542,1361.317949916971,1372.4731132002134,141459
2016-08-18,1357.777099609375,1374.9463000847284,1353.3634885353028,1370.6297851388083,109024
2016-08-19,1351.084228515625,1363.5488870612573,1345.458217310987,1353.169782687058,82979
2016-08-22,1332.60546875,1362.6759069964455,1328.9193676654963,1354.673290366343,156224
2016-08-23,1313.30224609375,1333.7695219855038,1307.676116382491,1333.7695219855038,172803
2016-08-24,1317.2308349609375,1324.069482951147,1304.6691974866612,1304.6691974866612,165437
2016-08-25,1314.85400390625,1323.9236113098616,1307.5788987573774,1317.230490890916,165854
2016-08-26,1311.4591064453125,1322.5172912319406,1303.6504453188525,1314.8541559072642,100278
2016-08-29,1301.079833984375,1316.2604584546923,1288.2755780555603,1307.481902743826,116272
2016-08-30,1302.0013427734375,1309.0339445503848,1296.617717497463,1299.042752592962,140266
2016-08-31,1309.470458984375,1327.9492745589707,1305.590402667183,1309.5190070523088,374014
2016-09-01,1316.0181884765625,1331.8294669485192,1305.3965805870137,1311.4591692020379,409739
2016-09-02,1333.041748046875,1336.6793005701975,1306.608866377399,1317.2790204458113,212780
2016-09-06,1362.7725830078125,1365.7796024847116,1330.8591012848185,1333.4780915108495,244571
2016-09-07,1335.467041015625,1372.5215358465277,1330.8594735961049,1367.7200129522653,257776
2016-09-08,1323.39013671875,1343.9543859862606,1317.279001204866,1335.466763555817,202360
2016-09-09,1312.5260009765625,1324.7967025182245,1307.6759306762945,1322.274689644069,129028
2016-09-12,1273.579833984375,1309.4219223316827,1267.905275766142,1304.6688300495198,206870
2016-09-14,1255.6832275390625,1274.5985021138108,1248.1170703451944,1265.8683753870039,212815
2016-09-15,1240.5511474609375,1260.9698747225443,1234.828040167804,1259.5634015380153,278462
2016-09-16,1266.353271484375,1280.2729486417652,1235.0703201206284,1245.9829775730982,339922
2016-09-19,1261.2607421875,1274.1134280817391,1251.3180983825225,1262.9582667395694,139657
2016-09-20,1258.4478759765625,1271.688593249592,1251.3182954172187,1257.1383805121825,163986
2016-09-21,1272.51318359375,1278.3818172320869,1259.660494645773,1260.824582804009,250010
2016-09-22,1301.7589111328125,1304.6689534080722,1279.1575354309934,1279.1575354309934,341784
2016-09-23,1299.0911865234375,1307.2393274104193,1284.2984737405498,1304.426263264807,239458
2016-09-26,1296.8603515625,1302.6320067167728,1287.2087582747504,1300.7889561766694,158922
2016-09-27,1317.1336669921875,1320.6742422601073,1295.7933560632691,1310.4890938622145,151778
2016-09-28,1318.3463134765625,1329.647002913754,1306.6091650007854,1320.722919380917,210283
2016-09-29,1295.938720703125,1325.91217737143,1287.7421496614456,1314.465964659937,290220
2016-09-30,1274.0166015625,1291.0888268303368,1251.318246890409,1280.5156489691992,259945
2016-10-03,1302.72900390625,1309.519102958628,1272.3190839750857,1293.1258401359007,145959
2016-10-04,1316.45458984375,1322.5656073044631,1295.1142807728597,1303.698881421666,120626
2016-10-05,1303.5050048828125,1322.614235434545,1284.7836852460982,1321.0622365446964,250901
2016-10-06,1298.703369140625,1308.0154809264645,1292.5438032162886,1304.6689796066853,110326
2016-10-07,1280.0306396484375,1299.8189518511422,1275.5685982718298,1299.8189518511422,180271
2016-10-10,1303.74755859375,1309.5190953909457,1280.2731452452285,1280.370122977716,67070
2016-10-13,1306.124267578125,1309.5678657403985,1289.1490171640016,1307.0457338080546,228691
2016-10-14,1287.64501953125,1316.3089802077711,1281.0004474030454,1307.5303062624655,222752
2016-10-17,1308.5975341796875,1310.9740212975385,1283.037568596264,1294.2898265850602,158014
2016-10-18,1336.8250732421875,1341.0446112665365,1297.8789800178126,1308.549136056823,191501
2016-10-19,1324.26318359375,1351.6176518804066,1319.2191577076603,1348.3195803041529,147752
2016-10-20,1313.15673828125,1334.6425767391784,1309.5677330641424,1328.725513733435,99224
2016-10-21,1329.0650634765625,1336.6796517439132,1313.3993094784169,1313.3993094784169,113541
2016-10-24,1283.81396484375,1331.3446669800128,1279.9824556069505,1328.919631156734,327825
2016-10-25,1280.806640625,1291.5737734471559,1278.5271311732254,1290.1187522979476,122050
2016-10-26,1288.9063720703125,1293.1744582449505,1273.3861448243106,1282.2132503884868,81388
2016-10-27,1291.185546875,1294.1925664420057,1275.2288647403054,1287.9360238201727,58572
2016-10-28,1299.8189697265625,1302.2440051178435,1288.6638069266703,1292.592411624518,61241
2016-11-01,1297.6849365234375,1310.5860532677498,1292.0588072659664,1304.620442750415,87648
2016-11-02,1262.327880859375,1285.2687390151023,1261.0183854487796,1281.3886824444905,132149
2016-11-03,1241.0845947265625,1260.921455745364,1238.2231002607132,1260.921455745364,229850
2016-11-04,1247.05029296875,1256.1684505777118,1217.3678806756975,1246.4683081022083,126910
2016-11-07,1242.1513671875,1274.0647302880072,1231.966221072044,1261.0180904850267,96398
2016-11-08,1240.793701171875,1257.1384169385092,1234.2461052503202,1246.4197125473963,317694
2016-11-09,1257.865966796875,1271.6886697287089,1164.9871032373603,1177.5972883681561,164165
2016-11-10,1265.67431640625,1291.0886358792775,1253.2580898242124,1278.4784538609224,124982
2016-11-11,1227.79541015625,1260.048380638332,1222.217828794687,1260.048380638332,202269
2016-11-15,1153.8804931640625,1222.2179493994433,1138.1177616737918,1222.2179493994433,410902
2016-11-16,1136.905029296875,1178.5670859165414,1131.0363968548866,1176.6270577915757,302184
2016-11-17,1133.7039794921875,1164.0169201203207,1125.7013631663604,1139.7665676178142,181797
2016-11-18,1160.37939453125,1170.5645428218065,1126.1863966986677,1141.70662266523,160168
2016-11-21,1113.236572265625,1168.8668505583494,1108.0954507871718,1160.1367247035569,280192
2016-11-22,1143.2587890625,1152.328398758384,1115.516404765113,1115.516404765113,263843
2016-11-23,1154.6563720703125,1159.1669617541045,1130.6970688440556,1151.4068482026125,212501
2016-11-24,1195.639404296875,1260.0483668217914,1137.341578212895,1145.6836761280358,335857
2016-11-25,1166.733154296875,1187.248860376731,1157.2269675515038,1182.4473373388794,135157
2016-11-28,1199.7618408203125,1207.6189308566204,1165.9568752328573,1171.7769594686288,173989
2016-11-29,1188.5587158203125,1206.6979381046854,1182.2050740073032,1205.727923684987,269253
2016-11-30,1159.4581298828125,1197.7251463148411,1153.2984444044196,1183.4174355165874,513631
2016-12-01,1171.0009765625,1184.4841962621936,1154.316781372183,1157.226823678163,177639
2016-12-02,1162.0283203125,1191.1287427260347,1159.2153742071291,1173.668489277914,186602
2016-12-05,1162.9501953125,1176.0938183407584,1154.4140219076917,1173.7173306138268,269574
2016-12-06,1181.4771728515625,1190.2072997445543,1162.0768908671362,1167.896975462464,127886
2016-12-07,1189.3829345703125,1195.057493956218,1181.4772951612608,1184.484315498157,116776
2016-12-08,1187.394287109375,1199.5680119510296,1182.4472386689558,1194.0874083687324,116515
2016-12-09,1188.364501953125,1193.6995806332272,1178.5673811498364,1188.2675242045675,72551
2016-12-12,1189.7222900390625,1199.8104603304287,1179.0521349714475,1187.2972547964227,49462
2016-12-13,1200.5865478515625,1204.7576563445891,1186.1818604250823,1202.7206501728542,71030
2016-12-14,1200.8773193359375,1214.4575151927252,1193.0686593543203,1197.9672773666257,111709
2016-12-15,1171.340576171875,1200.1984957048428,1167.896978745988,1193.117345396649,122873
2016-12-16,1179.3916015625,1188.7522611647125,1156.353767043804,1173.7170428472477,206152
2016-12-19,1159.7489013671875,1176.7241490991719,1155.286859931052,1176.627171365547,163836
2016-12-20,1144.4227294921875,1165.9569960316287,1141.270183537859,1155.335388564863,225371
2016-12-21,1144.471435546875,1157.906110945546,1129.0967314000939,1144.6169613849747,182246
2016-12-22,1124.537353515625,1149.466667635395,1120.366245669942,1149.466667635395,143555
2016-12-23,1102.3240966796875,1125.2164067910364,1098.2015365685995,1125.2164067910364,210102
2016-12-26,1092.236083984375,1102.663737539288,1078.2678546102231,1100.9662125419766,129792
2016-12-27,1106.883056640625,1110.6661352812093,1084.3787770713855,1090.780846396262,122414
2016-12-28,1120.3663330078125,1128.8539567427201,1110.7147396675177,1112.4122644144993,150297
2016-12-29,1125.362060546875,1129.0965917430744,1108.241285280466,1120.366463456401,173151
2016-12-30,1144.51953125,1149.4665789203332,1134.479910128754,1134.9163690605822,108026
2017-01-02,1153.5408935546875,1155.2384184845628,1135.8866816479615,1144.6168098587486,65245
2017-01-03,1169.303466796875,1174.444588966978,1143.0646560492673,1154.3167960939118,118476
2017-01-04,1184.3387451171875,1192.5354358416475,1171.1951242526509,1173.7171373948188,167158
2017-01-05,1171.0496826171875,1193.9905429062549,1166.9271221275433,1187.2974210175503,122753
2017-01-06,1160.6219482421875,1182.7383185647245,1152.9103829956084,1173.717139467653,138714
2017-01-09,1154.9959716796875,1170.7587039459675,1145.6838581459056,1160.2340725455485,95226
2017-01-10,1161.0101318359375,1170.2736972949986,1137.778218455365,1162.6106791025657,106111
2017-01-11,1163.3380126953125,1170.2735191114684,1156.2568620653365,1164.1139529661768,102818
2017-01-12,1169.837158203125,1180.0223075904655,1156.9844696905284,1164.987087066296,129905
2017-01-13,1151.794921875,1169.8371628943678,1149.4668640379982,1169.8371628943678,134476
2017-01-16,1141.31884765625,1155.335625901642,1138.1178713833233,1151.7950498820817,133225
2017-01-17,1132.1036376953125,1147.6238661093616,1125.4590635875368,1136.8567313291044,175754
2017-01-18,1139.3787841796875,1144.3258334758132,1125.2165989439347,1132.1036768589292,129619
2017-01-19,1144.471435546875,1159.7491619382422,1136.9538241479484,1149.46703325525,177150
2017-01-20,1120.075439453125,1146.5083285288729,1115.5164197104607,1146.3629211151283,129650
2017-01-23,1114.44921875,1123.0823678877298,1103.4395824406697,1123.0823678877298,423831
2017-01-24,1139.1845703125,1141.1730281498847,1111.6361464906086,1121.1423319310245,112195
2017-01-25,1185.2120361328125,1189.965130235144,1138.6998943834674,1144.6169583676137,394691
2017-01-27,1195.5911865234375,1202.817745777232,1185.35748817724,1188.267531110572,251629
2017-01-30,1202.4296875,1212.5178597753202,1183.9024382846226,1183.9024382846226,197401
2017-01-31,1193.1661376953125,1208.3467667701952,1185.3574752122995,1202.8177326213186,136631
2017-02-01,1198.2586669921875,1206.6977437201433,1189.237486978212,1194.5725654271355,113915
2017-02-02,1193.311279296875,1198.8404306240566,1182.8836278892957,1198.2584458553854,87560
2017-02-03,1227.2135009765625,1233.3730675256309,1193.0205000876292,1193.3114333045512,224355
2017-02-06,1228.9593505859375,1246.3711752079632,1217.8041881277315,1242.3941409700667,154621
2017-02-07,1219.307861328125,1232.6941047830533,1205.727662395274,1231.5300166857035,58065
2017-02-08,1199.13134765625,1236.767940989143,1188.5582890063188,1213.4876032764062,219476
2017-02-09,1203.4964599609375,1207.4250644738283,1191.177328117181,1198.5494116776151,184922
2017-02-10,1189.237060546875,1227.5526102137605,1183.416977053171,1205.2422901545613,127799
2017-02-13,1180.3614501953125,1197.8217012778546,1172.5529089515635,1184.3870317657686,162416
2017-02-14,1209.558837890625,1217.3674974894798,1154.0255396983757,1174.6868840316813,506834
2017-02-15,1194.6693115234375,1223.721304126229,1185.9391848452556,1222.2177349454623,129756
2017-02-16,1217.80419921875,1221.1508190326474,1183.7082970791294,1193.1173868308156,148914
2017-02-17,1233.8094482421875,1243.5581377940143,1206.6976001682947,1222.2178265370187,241550
2017-02-20,1240.0662841796875,1255.8774459607787,1213.4878691196968,1241.618283351888,68660
2017-02-21,1245.401123046875,1254.5192792423188,1229.9778752197842,1238.6594540255442,201985
2017-02-22,1286.4327392578125,1291.3799062310993,1253.6947611636447,1255.198330484535,517355
2017-02-23,1283.9107666015625,1303.650531815216,1275.5686681949742,1290.9919175988625,321408
2017-02-27,1254.2767333984375,1292.0587338447187,1246.4680728156634,1280.4185650713428,274556
2017-02-28,1262.6190185546875,1270.7186135161041,1238.5626188126976,1267.8085708897313,214423
2017-03-01,1286.09326171875,1298.606468175311,1266.9840299618613,1280.1761989724494,217624
2017-03-02,1280.9521484375,1297.8302988034088,1272.9495322292105,1296.9088327858171,128015
2017-03-03,1209.0255126953125,1250.2511090392363,1204.7574272741938,1246.9530376497391,11491327
2017-03-06,1213.148193359375,1225.4673254260224,1202.0900086136849,1218.2407675334496,372468
2017-03-07,1222.3634033203125,1225.6129271698005,1205.8246140424128,1207.66766468255,182547
2017-03-08,1211.499267578125,1225.0310376059904,1205.970233637671,1225.0310376059904,154933
2017-03-09,1188.7525634765625,1212.9059440174403,1185.3575133156746,1212.857395936875,215058
2017-03-10,1169.400634765625,1198.6464673821765,1166.5390219065216,1192.9234784838366,277582
2017-03-14,1164.065673828125,1188.1705047918874,1156.2570115789033,1188.1705047918874,528728
2017-03-15,1176.5301513671875,1183.7567092066586,1159.7004300451838,1164.016945520853,789166
2017-03-16,1189.285888671875,1196.0274396090247,1179.5371991602383,1179.5371991602383,327363
2017-03-17,1179.7313232421875,1196.0276105553387,1169.6916990983473,1190.5955542542706,257105
2017-03-20,1175.4149169921875,1188.461562950709,1170.2737934490763,1183.0295061415463,162905
2017-03-21,1158.7303466796875,1181.4285810329854,1149.563642735545,1176.5785107164825,276008
2017-03-22,1148.0118408203125,1150.38832831904,1140.3487047238923,1146.5568194758,360841
2017-03-23,1149.6607666015625,1161.8830400807472,1146.6053166417012,1158.19693880767,158252
2017-03-24,1143.16162109375,1146.7991739822537,1140.7365858347475,1144.6166422491515,210816
2017-03-27,1130.260498046875,1150.8248701250288,1127.641507071844,1144.6167555653988,237568
2017-03-28,1123.4703369140625,1133.9465370583857,1116.6318082284022,1125.2164097414263,449855
2017-03-29,1116.9229736328125,1134.9167871520685,1111.7819686344212,1126.1866580201297,391444
2017-03-30,1121.09375,1137.0504339252384,1115.4676210872544,1116.4861832143629,709342
2017-03-31,1130.212158203125,1138.6997831244312,1120.608993181601,1120.608993181601,550326
2017-04-03,1137.632568359375,1149.4666928543281,1134.9164815523745,1134.9164815523745,466859
2017-04-05,1125.071044921875,1146.5568850194143,1119.44503311411,1145.586870734288,570139
2017-04-06,1110.860107421875,1123.5673869452173,1103.8760532189065,1116.4862366036566,344716
2017-04-07,1127.25341796875,1147.4297596157746,1097.2799571066523,1109.6961855678874,642531
2017-04-10,1139.6212158203125,1143.549820889515,1116.6803551683029,1136.662743409256,263634
2017-04-11,1146.50830078125,1151.3583720539148,1136.0806475450208,1151.2613943104502,346748
2017-04-12,1137.3902587890625,1150.4369031172669,1127.3505165507677,1150.4369031172669,300890
2017-04-13,1140.3001708984375,1149.4667571675743,1129.096460205111,1129.096460205111,326016
2017-04-17,1139.8150634765625,1144.5196079645682,1131.0363889088003,1141.7065435211475,124892
2017-04-18,1130.45458984375,1143.3072781925086,1124.7314822932585,1135.4016386582657,216089
2017-04-19,1116.6800537109375,1134.8678159548174,1114.303566808368,1134.8678159548174,102906
2017-04-20,1124.6343994140625,1129.0964407039312,1116.2437535567428,1125.16783613648,342726
2017-04-21,1132.5400390625,1141.7066251802225,1120.7057956909712,1123.276356804331,281126
2017-04-24,1127.787109375,1137.7297555955765,1125.2165478896425,1132.5402029575573,173546
2017-04-25,1132.7340087890625,1134.9165405979045,1128.5144709739534,1128.611448705694,154925
2017-04-26,1180.8951416015625,1188.2672247835417,1127.4473905198133,1134.9164514259135,931424
2017-04-27,1208.0555419921875,1231.9178643439525,1198.1128978114587,1207.6189646163496,1353125
2017-04-28,1196.2698974609375,1220.2777466092514,1189.285843254489,1205.7275350042128,315690
2017-05-02,1191.468505859375,1204.7576532209448,1178.8583210833103,1197.9675537261407,530508
2017-05-03,1186.5216064453125,1198.93783854504,1179.2950462873239,1185.3576364903226,233195
2017-05-04,1206.212646484375,1213.7302564644747,1189.2859462157378,1197.96752586104,283313
2017-05-05,1227.5042724609375,1233.8579120607537,1198.937405115638,1198.937405115638,597665
2017-05-08,1228.8140869140625,1234.0520690834653,1218.3864338313633,1227.068013917634,202470
2017-05-09,1240.6966552734375,1250.348248774716,1226.3889464530907,1227.8439676890582,361604
2017-05-10,1265.480224609375,1269.7968579003746,1236.7678342568452,1250.3480300839792,363003
2017-05-11,1281.0977783203125,1290.118958249493,1262.6675074881769,1265.7716241479761,538718
2017-05-12,1269.9425048828125,1279.933698204731,1254.9558333098678,1270.718563583325,144887
2017-05-15,1267.129638671875,1274.7926563770027,1256.653437601916,1270.6216662252145,242767
2017-05-16,1270.4759521484375,1285.2686669949835,1258.1082725226368,1258.3993241130952,283881
2017-05-17,1241.81201171875,1274.7440616788265,1232.742403505388,1262.2794040928745,344774
2017-05-18,1209.0255126953125,1233.3242931414873,1208.7344611218596,1221.2476658117632,7857139
2017-05-19,1223.1876220703125,1232.4997325452498,1208.7343901656125,1213.4874823235218,233895
2017-05-22,1223.23681640625,1234.7314643971877,1220.2782248564013,1223.188268317903,145220
2017-05-23,1195.203125,1225.5645010759356,1184.920997260514,1214.9428920186733,448902
2017-05-24,1181.865478515625,1199.228758633533,1174.4448452395134,1190.2075780374835,321204
2017-05-25,1169.1094970703125,1193.7963086156474,1163.968374962951,1178.567134569948,556828
2017-05-26,1180.8466796875,1195.9788764618859,1160.4279532586734,1178.5671701597116,272742
2017-05-29,1176.675537109375,1199.1312666159004,1169.8368910044635,1189.2371711206238,153830
2017-05-30,1171.4375,1208.1039603206043,1151.6977376155974,1182.447135868556,524881
2017-05-31,1174.7841796875,1179.0037177961633,1147.5268042160874,1168.8671167205287,770125
2017-06-01,1215.7674560546875,1237.49580107238,1165.0842065104728,1166.927257448617,802199
2017-06-02,1226.146240234375,1231.141717590843,1206.7459602949673,1226.9707284498174,314510
2017-06-05,1232.8394775390625,1239.6295768146604,1222.5573508894295,1227.067940518778,312837
2017-06-06,1267.4688720703125,1272.1734164935474,1221.6357085710215,1240.6479601183737,614066
2017-06-07,1268.6817626953125,1299.7706508475803,1254.81051044725,1267.4692447858647,717411
2017-06-08,1286.7236328125,1294.8232264196113,1269.2633799737325,1269.2633799737325,384073
2017-06-09,1311.9442138671875,1317.279292001213,1269.991099449623,1270.1366252625385,509041
2017-06-12,1301.12841796875,1317.2306287009014,1295.4053109708968,1311.9440991036042,424218
2017-06-13,1288.66357421875,1311.7499543387592,1282.2615056238453,1302.5348215159681,197245
2017-06-14,1286.2869873046875,1301.3222028463952,1273.773784236383,1298.6546646051243,323787
2017-06-15,1262.1824951171875,1289.779471583987,1256.2170022058401,1280.4188103866716,210713
2017-06-16,1250.202880859375,1276.7327477303643,1243.170277330706,1276.7327477303643,292538
2017-06-19,1226.2918701171875,1258.0598342822784,1222.2178579546453,1258.0598342822784,210848
2017-06-20,1228.2803955078125,1245.0131392965666,1222.4117626411187,1227.0678778419608,253281
2017-06-21,1235.6041259765625,1246.419689496793,1213.4877550198994,1234.3916082357352,217518
2017-06-22,1249.7177734375,1262.958490976499,1241.181719506048,1245.4982353408793,234540
2017-06-23,1241.6666259765625,1249.6692424943187,1232.2089882737596,1246.2741930625434,140512
2017-06-27,1241.2301025390625,1251.2212958080656,1227.6984522937953,1251.2212958080656,296958
2017-06-28,1238.07763671875,1246.5652612171293,1223.6244010338075,1240.6481981059615,194333
2017-06-29,1240.502685546875,1267.8086100497512,1236.7681544096654,1236.7681544096654,793401
2017-06-30,1236.33154296875,1265.8684255339037,1229.0078890049472,1241.812028014193,205845
2017-07-03,1243.4127197265625,1254.1314243551676,1228.038017829875,1228.038017829875,117759
2017-07-04,1234.43994140625,1248.4081683707047,1226.8253542710559,1244.528111903352,78102
2017-07-05,1236.7681884765625,1243.4613105903068,1225.0794692136492,1229.9780886182598,237722
2017-07-06,1221.15087890625,1245.740714768258,1216.3977857266073,1236.7680835737035,199784
2017-07-07,1210.1895751953125,1229.4928795903932,1203.9814612337389,1216.7857184813454,140507
2017-07-10,1211.4022216796875,1222.217903796061,1202.9145973477705,1204.7576480275457,47879
2017-07-11,1197.28857421875,1220.0353598408763,1194.3299835452824,1213.4877639919987,215421
2017-07-12,1193.94189453125,1212.1296598694294,1189.2373495790937,1197.3854921325842,127282
2017-07-13,1212.517578125,1215.4276203125,1194.0873109375,1201.0713648235321,186206
2017-07-14,1215.5247802734375,1220.9568361558506,1205.485156903363,1205.485156903363,307920
2017-07-17,1201.7989501953125,1221.0538252626964,1198.5009969054151,1210.5776253714723,150672
2017-07-18,1210.3355712890625,1218.0956871538692,1198.1618421621586,1211.9845485463454,137562
2017-07-19,1212.663330078125,1217.2708977343116,1206.2127116774755,1217.2708977343116,224099
2017-07-20,1196.512451171875,1217.4647330799276,1193.844912265736,1217.3677553471448,211523
2017-07-21,1229.7353515625,1234.6823996951232,1193.1658680616245,1208.6375452943205,383795
2017-07-24,1253.3067626953125,1259.078299214491,1229.7353727497464,1229.7353727497464,283684
2017-07-25,1255.489501953125,1265.5775555120642,1246.4683219864442,1261.0185358617723,126466
2017-07-26,1253.986083984375,1272.658860713595,1242.7823705828598,1249.7179970499903,249160
2017-07-27,1258.884765625,1280.3704903680425,1246.468533645711,1259.0787211456286,382696
2017-07-28,1235.4586181640625,1279.4487387601437,1207.7646651961436,1255.0528577773089,240157
2017-07-31,1221.2479248046875,1262.95853701009,1205.4851934479948,1244.528266500726,230943
2017-08-01,1229.783935546875,1244.0916436638477,1222.2177781278278,1222.2177781278278,119289
2017-08-02,1239.2413330078125,1246.4678893603766,1223.6725622008678,1227.6495955977803,103463
2017-08-03,1229.5416259765625,1251.3183988089104,1222.3149486739087,1246.4683274956976,230588
2017-08-04,1220.3748779296875,1240.405695442278,1212.517786356088,1229.5415834405035,94519
2017-08-07,1230.026611328125,1239.6296576302925,1218.3378923062735,1225.5160214047162,83444
2017-08-08,1213.5361328125,1242.0544513471737,1209.2194992148952,1229.2017650978687,182983
2017-08-09,1183.950927734375,1221.3449056321476,1173.7172301406597,1221.3449056321476,238162
2017-08-10,1177.403076171875,1202.5263448037422,1163.2407766156384,1175.6570035551042,218907
2017-08-11,1180.749755859375,1203.399563189355,1162.513441984696,1166.587572570282,179177
2017-08-14,1155.529541015625,1207.473854420643,1149.4669516084077,1194.0876096455272,429844
2017-08-16,1124.6829833984375,1144.568275675491,1119.396453059491,1138.8937159515888,478904
2017-08-17,1068.422119140625,1115.5649051320233,1035.005176504071,1115.1768757606244,1613900
2017-08-18,1036.2176513671875,1064.154107211737,1025.3049918044626,1043.7352612881757,1455258
2017-08-21,1019.7759399414062,1048.7792687729252,1018.417896427204,1045.6752708061192,629596
2017-08-22,1065.5606689453125,1071.8657616609653,1024.8686179367314,1026.2750912554761,1028554
2017-08-23,1059.8372802734375,1100.9658978486195,1050.2826659873065,1075.7455336688274,1081455
2017-08-24,1050.7193603515625,1066.482091495744,1041.40724748068,1060.22554711326,399263
2017-08-28,1059.8861083984375,1071.8657608673186,1052.465475602752,1058.625042492263,224857
2017-08-29,1044.7540283203125,1059.2556958398511,1035.6358695276117,1059.2556958398511,210879
2017-08-30,1059.7406005859375,1071.81723100438,1044.7053792503934,1044.7053792503934,409962
2017-08-31,1050.1373291015625,1059.7404931794085,1042.9592004772162,1058.2854719073086,642601
2017-09-01,1057.84912109375,1062.165637278529,1048.536889271844,1062.165637278529,127477
2017-09-04,1078.4130859375,1083.89368882843,1053.9687800155427,1066.045407191646,336154
2017-09-05,1069.82861328125,1088.5498150426786,1064.1055062021878,1086.318853577911,465730
2017-09-06,1065.3179931640625,1074.7756307086559,1049.5552639230737,1066.9185401228249,294714
2017-09-07,1077.6075439453125,1085.4591016572228,1068.780762425768,1073.1698053319617,380813
2017-09-08,1066.0985107421875,1081.8015062395625,1063.1236675345583,1074.827781305581,171607
2017-09-11,1068.63427734375,1079.6555786678932,1062.1482244293256,1071.7066307306236,74150
2017-09-12,1067.6099853515625,1082.0451034449452,1062.635761907348,1070.4385027015278,311737
2017-09-13,1043.7142333984375,1071.7066412349548,1040.6906947421928,1067.6101303255075,492432
2017-09-14,1036.8868408203125,1049.468785950948,1022.1591892905144,1041.8123692707265,1533039
2017-09-15,1034.8875732421875,1049.176250672157,1028.9378866397608,1037.862297482995,381823
2017-09-18,1034.156005859375,1047.0304830382945,1031.7176488890948,1036.54554806609,199046
2017-09-19,1031.2786865234375,1040.641953598217,1024.1099407502659,1038.7400827609838,275698
2017-09-20,1040.1055908203125,1045.2748362493605,1031.083669876177,1033.8633730576953,233776
2017-09-21,1034.9849853515625,1050.9318155386077,1031.4249604938075,1040.2030452639676,221528
2017-09-22,1009.187255859375,1032.888136067526,1006.5538776408753,1032.888136067526,280377
2017-09-25,984.5596313476562,1006.6511062346765,974.3672889416778,1006.6511062346765,382754
2017-09-26,985.973876953125,999.1896979989054,980.560677795753,980.560677795753,481307
2017-09-27,980.9022216796875,991.9235829171721,973.0507243994111,991.9235829171721,290896
2017-09-28,967.9301147460938,988.8511679386805,961.5903872258689,981.1947515917174,399760
2017-09-29,980.2194213867188,1001.5306357411084,962.6632526454641,973.099431525471,282914
2017-10-03,1027.377197265625,1031.9125645798729,986.5591295581677,986.5591295581677,580476
2017-10-04,1023.37841796875,1033.8145381523252,1006.943915840612,1031.912667344234,371380
2017-10-05,1053.906494140625,1067.9513323334768,1020.2083596837097,1023.0855727297953,619003
2017-10-06,1037.2767333984375,1068.0000216937367,1033.8630346989598,1068.0000216937367,197203
2017-10-09,1026.499267578125,1053.3700037231765,1024.1097258419773,1037.276850888517,116350
2017-10-10,1061.465576171875,1066.0496395319803,1027.5236004089124,1027.5236004089124,481349
2017-10-11,1050.053955078125,1070.194806183611,1046.9329059788479,1068.9756277760196,343484
2017-10-12,1047.2742919921875,1063.123611894281,1044.5920993933717,1050.4441559726063,418779
2017-10-13,1049.176025390625,1059.2709169164257,1041.665934721374,1043.7629451997898,387681
2017-10-16,1054.9794921875,1061.2704051985036,1045.0797396239673,1050.2977994395026,257489
2017-10-17,1043.8118896484375,1056.2963259822714,1039.3253362679814,1055.3209831143283,126262
2017-10-18,1037.130615234375,1051.0780631861394,1034.7410732919107,1043.519157414183,91975
2017-10-19,1032.0101318359375,1037.7158630664264,1028.2062713288137,1036.7405203241074,14784
2017-10-23,1036.2525634765625,1049.9561728551091,1019.3303953712763,1029.9616521458386,191956
2017-10-24,1031.2298583984375,1045.5673481036904,1026.548165932028,1040.6418199684135,172262
2017-10-25,1008.6505737304688,1039.6663969781912,1005.5782207280025,1031.4247996312927,324021
2017-10-26,997.873046875,1020.0133965876412,994.8495084554961,1006.5536203196784,187034
2017-10-27,1001.2382202148438,1019.2332476326172,997.1417089316575,1001.1894054496474,196083
2017-10-30,1006.1149291992188,1014.1126926641136,997.336784327371,1011.3816851558848,135511
2017-10-31,1012.9422607421875,1019.2331738561852,1007.8704070054225,1009.4797463551691,169921
2017-11-01,1008.3579711914062,1019.0867403020493,996.0199224322812,1019.0867403020493,465171
2017-11-02,1007.3826293945312,1019.2330663706297,1003.6275840147157,1003.8226049200119,123536
2017-11-03,997.4830932617188,1018.2578829914233,991.0457950649172,1004.6030837942203,256989
2017-11-06,987.2905883789062,997.2390952234128,985.096067436597,990.948123282755,265461
2017-11-07,978.3175048828125,995.7274081794961,976.3180642098006,994.8495759180785,187484
2017-11-08,964.6138916015625,984.9985770258461,951.4955209068072,984.9985770258461,297319
2017-11-09,971.148681640625,975.3426430999165,963.4434509480594,971.4412725275168,488527
2017-11-10,975.5864868164062,991.7283957869604,970.1733470085419,970.4659378978498,356813
2017-11-13,972.0753173828125,993.8742027277169,958.9081910463806,983.9744505960258,602133
2017-11-14,961.63916015625,987.2419063822939,933.5493019171436,974.36737065973,1080449
2017-11-15,973.148193359375,977.6347460338449,965.5892873222563,966.5646300367232,274673
2017-11-16,996.8489990234375,1001.4331216396847,973.3920188910693,982.2676136881186,594917
2017-11-17,1028.8402099609375,1040.6906474245693,998.555831424115,1002.0671008167656,657736
2017-11-20,1033.47314453125,1037.0819841091152,1011.9669085288577,1032.3027808662303,374408
2017-11-21,1080.4844970703125,1100.1863684557457,1033.8630767403283,1042.2023029551635,1478626
2017-11-22,1121.1563720703125,1128.4714419185311,1082.630337536361,1082.630337536361,1421476
2017-11-23,1111.4520263671875,1120.6689689576885,1098.0897574768767,1120.6689689576885,471973
2017-11-24,1116.96240234375,1124.5701229593033,1093.359156840745,1102.1372410615895,333025
2017-11-27,1104.0880126953125,1111.890754834502,1090.5307244163914,1107.1603662246976,507563
2017-11-28,1081.8502197265625,1138.3714081777478,1064.0990278395602,1104.4782448253877,982931
2017-11-29,1078.8265380859375,1093.9443499559486,1070.2435937508094,1075.8029995240129,704071
2017-11-30,1079.0216064453125,1096.2851234881896,1058.58810677325,1082.630326576415,6939736
2017-12-01,1119.93701171875,1124.6673989729402,1088.5797269210404,1090.384086711563,706026
2017-12-04,1127.934814453125,1135.5913485161589,1102.7222340153844,1118.717875223858,449257
2017-12-05,1137.34716796875,1150.8069456731548,1114.9630992638026,1127.9350865280928,860512
2017-12-06,1126.032958984375,1136.2740556230376,1118.7178899567589,1127.983644058406,699351
2017-12-07,1143.5892333984375,1146.6127717386303,1121.6440242287447,1122.1316955436266,588537
2017-12-08,1161.340576171875,1164.5592549025478,1144.125871714136,1152.8551417879494,540714
2017-12-11,1160.75537109375,1179.189372692334,1156.756489671719,1160.657860631826,545253
2017-12-12,1160.8526611328125,1172.3129361520482,1147.3930053124006,1170.2647405989824,741336
2017-12-13,1154.4156494140625,1163.4375698072206,1145.0523828721612,1159.4875031253714,259342
2017-12-14,1177.14111328125,1180.164651800231,1154.7569271683112,1154.7569271683112,763305
2017-12-15,1168.5579833984375,1184.992482932908,1149.4901063821444,1177.1410461828036,317833
2017-12-18,1143.9307861328125,1171.1916889950323,1133.1045047989762,1168.9483529172137,307113
2017-12-19,1145.73486328125,1158.7069670176331,1127.5935153874927,1144.5644998276032,334631
2017-12-20,1144.7109375,1161.0479270661167,1139.6878989855054,1148.9536542618105,201152
2017-12-21,1163.9254150390625,1172.6059905801221,1132.6657468220817,1147.6372363852583,359699
2017-12-22,1149.490234375,1178.2140304569327,1145.6863738751879,1165.5345748311545,214258
2017-12-26,1150.5142822265625,1163.4863884047334,1139.5904910683932,1150.90444313801,172183
2017-12-27,1170.460205078125,1173.3374187884824,1147.100672976892,1157.731933584313,460519
2017-12-28,1201.8660888671875,1211.375680562424,1170.4112855675594,1171.5816492289698,706961
2017-12-29,1175.093017578125,1199.6716077717285,1170.5576498830062,1199.6716077717285,183120
2018-01-01,1172.8983154296875,1186.016626045929,1169.533311954103,1186.016626045929,117565
2018-01-02,1162.5596923828125,1182.1153612890182,1157.244122251997,1175.2879623376791,211424
2018-01-03,1147.4906005859375,1174.2637080710795,1144.0769013916743,1165.5344391841866,261936
2018-01-04,1131.4952392578125,1159.1461858000378,1128.2278644565988,1155.7813005239418,263585
2018-01-05,1166.802490234375,1169.4358678338667,1131.3975034923149,1139.20024489571,232491
2018-01-08,1151.5867919921875,1179.1890311646855,1146.1248980420407,1162.608209386522,505510
2018-01-09,1143.4429931640625,1161.389322697436,1141.150961625866,1159.6824729685084,125593
2018-01-10,1143.2481689453125,1150.9045866631507,1130.3248759171033,1145.0525294428296,136692
2018-01-11,1143.4918212890625,1164.5592000917088,1141.1509749642373,1146.7591955676942,243414
2018-01-12,1134.6646728515625,1153.4888307139065,1131.3972992906838,1149.3923207802566,145921
2018-01-15,1150.3677978515625,1153.1963152427466,1139.0538473472038,1146.8078925606417,155322
2018-01-16,1118.9129638671875,1154.805618554518,1110.5738562167217,1154.805618554518,161108
2018-01-17,1097.943115234375,1115.1092402120084,1090.7743709492572,1111.8905620136084,219833
2018-01-18,1088.921630859375,1106.5266194093608,1078.778159036883,1104.0882619404113,187463
2018-01-19,1111.305419921875,1115.79197222188,1088.3848680449396,1088.4823784961698,152932
2018-01-22,1139.980712890625,1143.10176222818,1113.7926634479134,1119.6935350153162,246204
2018-01-23,1118.23046875,1146.0277372710423,1113.890241113855,1144.0770517607937,229030
2018-01-24,1083.410400390625,1123.7894810556772,1078.631198753063,1118.230076923635,791316
2018-01-25,1105.745849609375,1110.4275416780172,1080.679592603639,1089.4576759370623,327271
2018-01-29,1110.6226806640625,1119.6934153639008,1099.2112187413904,1115.7920445786608,255731
2018-01-30,1111.939453125,1120.619907597282,1091.4084423976556,1107.989267706646,158413
2018-01-31,1134.1285400390625,1144.9060054459537,1107.0139653344684,1107.0139653344684,495268
2018-02-01,1188.50390625,1194.3559625068258,1131.6901934233163,1136.2742565336741,1036405
2018-02-02,1128.4228515625,1180.1160221030532,1111.890838042089,1180.1160221030532,435779
2018-02-05,1101.6982421875,1132.1776973511535,1098.0894032599003,1116.2795659136432,276192
2018-02-06,1112.7685546875,1129.837052619238,1059.563560653268,1086.5318111974927,747984
2018-02-07,1104.7706298828125,1131.1048828118212,1094.2370001474421,1131.1048828118212,368495
2018-02-08,1103.8927001953125,1128.5200985673057,1088.287220038802,1104.087721073123,355444
2018-02-09,1095.017578125,1104.3321517364386,1080.7288979059651,1082.6307692006596,236165
2018-02-12,1123.1561279296875,1136.2744418878342,1092.4328275696303,1094.3346985391845,580640
2018-02-14,1162.4134521484375,1170.4112144899648,1131.3975073402992,1131.3975073402992,287229
2018-02-15,1178.1649169921875,1185.9189612490516,1131.9337780645483,1162.4132309758943,472687
2018-02-16,1113.6949462890625,1213.5212395850585,1094.3344191036276,1204.5481351096078,1146020
2018-02-19,1156.951416015625,1165.3394581424532,1119.6933740165787,1123.5947446577513,1171614
2018-02-20,1169.679931640625,1185.968109872954,1150.855766709258,1150.9045814767042,750134
2018-02-21,1181.3348388671875,1188.942558316494,1147.0028290239516,1162.608309690944,640761
2018-02-22,1215.7159423828125,1219.1784568243522,1165.5346047240807,1165.5346047240807,551254
2018-02-23,1201.23193359375,1214.3015483681818,1188.5037839808158,1214.3015483681818,361498
2018-02-26,1205.084716796875,1232.2479870938664,1196.3553282232574,1204.5482306894169,484408
2018-02-27,1167.1925048828125,1215.9596375186848,1163.2911342719428,1215.9596375186848,289501
2018-02-28,1173.3861083984375,1179.286860425637,1151.2457571903099,1160.8528591823351,438159
2018-03-01,1154.318115234375,1180.1646974512832,1151.6359227401674,1170.898941562203,166112
2018-03-05,1139.1029052734375,1167.0951966320154,1133.0070126378237,1155.4398975368829,169347
2018-03-06,1132.177978515625,1159.6825980616397,1116.7675145337068,1141.2485951886974,302547
2018-03-07,1123.936279296875,1153.830560661166,1107.257940820447,1136.9570821837178,498463
2018-03-08,1134.03076171875,1143.4916561107027,1115.2554171932054,1121.6439586689035,204357
2018-03-09,1120.7176513671875,1144.759755267964,1117.547787382013,1144.759755267964,294431
2018-03-12,1101.7957763671875,1124.9601627905788,1086.7266619734305,1123.5946593577567,278157
2018-03-13,1068.8780517578125,1102.6248841980603,1063.123506214848,1102.137212864934,386569
2018-03-14,1063.269775390625,1068.780484976602,1056.2472371274794,1060.8801145480163,393419
2018-03-15,1068.9754638671875,1087.99464410935,1060.7825624123352,1065.074093561103,186303
2018-03-16,1045.22607421875,1069.2194818815037,1038.7400211665235,1067.9514886916031,384296
2018-03-19,1030.15673828125,1053.7600990745157,1011.6252301083637,1046.5425405003705,357297
2018-03-20,1017.0874633789062,1033.570660541653,1015.4293092741017,1029.9619400048089,545440
2018-03-21,1003.0911865234375,1053.3701520534805,1000.7016444508064,1023.1345273186121,261715
2018-03-22,997.0927734375,1008.0166229605269,988.314689638134,1002.6522384164699,370697
2018-03-23,983.4866943359375,990.9968443187736,978.268635198549,986.7053725644304,209179
2018-03-26,980.2681274414062,993.5328233208319,968.9054211831044,984.1207428501782,184658
2018-03-27,1004.4567260742188,1016.6485106773928,983.194265632323,983.3405908596404,384056
2018-03-28,1038.3984375,1044.6893491284595,994.8493701795757,1004.6027953774146,677515
2018-04-02,1071.121337890625,1077.704901314614,1029.9619223307318,1039.7153496255303,277903
2018-04-03,1068.829345703125,1097.2606111279872,1057.271557744656,1065.0742998682329,327389
2018-04-04,1040.64208984375,1076.8274077361239,1034.838847043872,1068.8295242869056,622425
2018-04-05,1056.978759765625,1064.6839903492976,1048.4933265147274,1048.4933265147274,231441
2018-04-06,1049.7615966796875,1073.8525183593151,1045.1774136755128,1058.9785393357188,215531
2018-04-09,1034.9359130859375,1070.92607550091,1029.9616900992357,1070.92607550091,276142
2018-04-10,1059.5145263671875,1070.9259851421007,1025.6700727047169,1043.61639717855,344748
2018-04-11,1082.1915283203125,1090.9696125222551,1059.9048526259598,1070.6336222061118,496196
2018-04-12,1049.468505859375,1091.066886339572,1045.0306499623123,1087.5068624843896,344451
2018-04-13,1055.6622314453125,1061.172941950425,1044.5921147324495,1058.3444240835145,225161
2018-04-16,1066.830078125,1077.1198739604533,1042.934177825795,1055.7111456022678,252664
2018-04-17,1056.73486328125,1067.0247750523852,1050.1026052198904,1066.0494324792112,118433
2018-04-18,1049.56640625,1064.0990383772237,1044.5921815783745,1063.1236955372813,154437
2018-04-19,1094.33447265625,1099.1136755378595,1053.3700806316845,1057.2714513006908,557968
2018-04-20,1106.03857421875,1115.6944903454348,1081.5086825569365,1100.6741895995233,364982
2018-04-23,1104.282958984375,1119.693421291815,1093.9931649200605,1102.2347631233579,142729
2018-04-24,1079.557861328125,1105.0630924369564,1073.8521313089927,1105.0630924369564,332495
2018-04-25,1061.4166259765625,1087.2143911317164,1048.4933360209554,1087.2143911317164,417466
2018-04-26,1050.3465576171875,1069.950921705085,1038.008448882987,1069.950921705085,722867
2018-04-27,1045.9573974609375,1055.2718475822921,1039.7151811914287,1053.3699771920665,325182
2018-04-30,1064.0989990234375,1071.9017414544069,1043.860635843111,1043.860635843111,119488
2018-05-02,1053.4188232421875,1070.9261752961481,1052.3946658875627,1069.9508326956961,244124
2018-05-03,1042.9339599609375,1053.370078858811,1034.7410577577366,1048.493365530761,262980
2018-05-04,1074.24267578125,1083.605943651485,1035.1801456699193,1043.6168854249224,383173
2018-05-07,1054.2481689453125,1066.537465725957,1029.035578684221,1064.5867799175876,265231
2018-05-08,1045.17724609375,1061.172890684529,1039.5690253939008,1061.172890684529,319466
2018-05-09,1019.7206420898438,1047.2740692912193,1015.9167823101461,1046.3475414873567,318210
2018-05-10,998.8971557617188,1026.9869514349489,994.8494601265793,1016.3069975018584,344596
2018-05-11,1019.135986328125,1026.5973845427836,987.5348473992623,1007.5293801120374,292768
2018-05-14,998.4583129882812,1023.0369604196422,994.8495331678105,1012.4545161583167,123672
2018-05-15,1016.1118774414062,1023.8169880440992,998.7507330897239,1004.6027881664215,245651
2018-05-16,1004.066650390625,1016.1122298494342,994.8497080723527,1009.4798508381225,123756
2018-05-17,992.7037963867188,1012.405730996151,985.0961351696652,1005.5783320395295,166169
2018-05-18,991.582275390625,1009.3822813821741,986.1690752594461,993.5817162124029,156262
2018-05-21,959.2495727539062,993.9229948198055,952.9098450234534,990.9482114061706,254209
2018-05-22,944.42431640625,959.2007819966308,933.4029558967885,953.8851524211694,414262
2018-05-23,940.181640625,958.9569882600848,933.4029967156443,944.6194381599807,156097
2018-05-24,942.7174072265625,950.5689034929082,923.0642889479645,940.9130471729354,325892
2018-05-25,969.3932495117188,980.0732057324225,931.5011453577081,948.0332180099089,407561
2018-05-28,960.85888671875,979.2440728399727,946.0824209708899,979.2440728399727,249842
2018-05-29,980.1218872070312,992.8013421021794,940.864344166284,948.8133513247418,444641
2018-05-30,963.29736328125,985.3400872765943,955.1532149882619,975.3428233373861,221514
2018-05-31,926.9169311523438,979.0490114993239,920.5284482354051,973.8797069837169,883312
2018-06-01,904.2402954101562,937.1093600157859,895.6085353530566,927.1120962124983,911000
2018-06-04,917.9437866210938,924.6248601635741,892.6336321820966,917.797461407092,474667
2018-06-05,916.6270141601562,926.5755211352252,901.9968743527579,919.7481225584394,359086
2018-06-06,907.1661987304688,924.2835103107799,904.7278420415576,921.6500731807173,251767
2018-06-07,946.81396484375,951.4468428586949,910.3849373172615,910.3849373172615,513903
2018-06-08,993.2890625,1004.9443605281612,939.9865583616305,941.2057367771449,1098153
2018-06-11,974.757568359375,1003.2375290409817,969.0030223211314,999.72631895235,319664
2018-06-12,958.1767578125,989.972908194653,954.4704076749034,974.8550953108922,330705
2018-06-13,951.1542358398438,976.51314665022,947.7405363076778,967.5399816882016,355482
2018-06-14,945.9847412109375,954.7628239582206,937.6455149768718,954.7628239582206,229030
2018-06-15,1007.7728881835938,1015.9169762673129,945.9849492892309,945.9849492892309,1440836
2018-06-18,1026.9869384765625,1049.663653825669,1014.3562994869094,1016.9896768710424,1539678
2018-06-19,1034.058349609375,1042.6414135471111,1003.6765177931524,1020.2085300002602,800666
2018-06-20,1022.3056030273438,1049.8590377578987,1017.3800741504638,1031.42503460396,668483
2018-06-21,998.6535034179688,1027.377300870861,992.9477123959186,1022.305566002638,394821
2018-06-22,996.2638549804688,1007.0413803655083,980.2194549804706,1004.2128626037347,392103
2018-06-25,1006.1635131835938,1026.5970143407067,994.410645464974,997.7755897116829,413983
2018-06-26,997.1904907226562,1018.2090563774996,991.484699692108,1002.6523865258927,301606
2018-06-27,995.2884521484375,1002.1646061532313,986.6078784631109,1002.1646061532313,242918
2018-06-28,987.43701171875,997.5805404753747,975.3427379560168,997.5805404753747,314066
2018-06-29,1021.62255859375,1030.3031315445328,981.5360015517933,988.9973962527577,523238
2018-07-02,1038.2520751953125,1042.641116377444,1010.7474647447671,1036.7890614679354,712570
2018-07-03,1037.569580078125,1046.8353354440892,1021.4276112637915,1043.6166570086004,536081
2018-07-04,1055.2232666015625,1058.2468050897419,1027.0358394096756,1027.182164623378,449504
2018-07-05,1022.3056030273438,1062.636004918217,1010.6014891594974,1055.320933750813,735496
2018-07-06,991.6797485351562,1038.4962008879347,984.1208421656972,1032.8879800331747,777700
2018-07-09,975.3914794921875,1004.5541912295043,965.1503808874363,999.7262923685638,823792
2018-07-10,983.681884765625,990.8994446794038,967.1498138158255,979.3415977714011,381829
2018-07-11,974.2698364257812,989.4364033425908,968.2714550728347,988.9974872262446,313357
2018-07-12,975.9766235351562,1002.8472414732063,972.4165991344738,975.3913822408332,564013
2018-07-13,950.8129272460938,983.14556564255,943.5466708384723,983.14556564255,539104
2018-07-16,917.5048217773438,953.6412542273512,911.9453568934528,952.9097472565811,642308
2018-07-17,953.2024536132812,957.9816568800255,897.3153261821088,914.1887437792765,1068778
2018-07-18,945.7898559570312,969.393161898374,934.3783341248328,962.3706823454677,424396
2018-07-19,930.42822265625,947.0578045374019,913.8961512374311,945.7898708760895,402078
2018-07-20,906.6297607421875,935.9876106249109,902.3382887418882,924.6248447856684,774467
2018-07-23,930.233154296875,936.2802912950672,888.7323319011247,909.9947920932995,631604
2018-07-24,916.2368774414062,934.3782262900775,907.8488952242379,934.3782262900775,475690
2018-07-25,916.6270141601562,932.2812518480341,911.165119110804,920.723465212266,282128
2018-07-26,914.2374877929688,922.3816353390079,907.0687425110085,914.871484382071,361900
2018-07-27,910.82373046875,921.7963355291552,907.1174402210517,921.6988250740285,355108
2018-07-30,908.48291015625,917.7974204234789,887.6593091607275,916.8220777875348,1201433
2018-07-31,928.4287109375,938.1821376327981,914.432507911632,921.6988227056675,641898
2018-08-01,929.4041137695312,939.2550515573796,920.7235396367251,934.3783378940495,517987
2018-08-02,936.865478515625,943.1564512391334,914.8715111295834,919.2117983282953,484728
2018-08-03,946.5701293945312,953.8851999462664,932.86657580032,938.3772265645092,851942
2018-08-06,957.1038208007812,963.6386290780991,944.7657708328285,947.0578024644071,381899
2018-08-07,943.4976196289062,965.1014815577099,937.3042180666591,965.1014815577099,174781
2018-08-08,947.789306640625,950.9591705424332,932.5739837240247,940.9131522365883,166887
2018-08-09,939.79150390625,958.7619324824665,936.3290490164475,945.0583786190466,211012
2018-08-10,920.6260375976562,964.4676462079112,915.1153272956014,939.7427315207162,1084312
2018-08-13,1042.25146484375,1060.4904496599984,921.6990986147887,924.6251274992801,5440911
2018-08-14,1103.3077392578125,1111.8908036116065,1020.4524151567048,1035.8140644171283,4297981
2018-08-16,1112.37841796875,1124.2775520186108,1080.094596419351,1097.2606051861849,1905494
2018-08-17,1159.87744140625,1179.6769449901385,1103.112546328108,1111.8906302511434,4204744
2018-08-20,1171.532958984375,1191.3811599824833,1150.904436168097,1156.756492623189,1701643
2018-08-21,1152.7086181640625,1175.2878229735124,1143.1503322018307,1160.6576840983234,1506268
2018-08-23,1119.25439453125,1169.5332317116993,1113.304709708527,1162.2181625628139,1035541
2018-08-24,1168.1678466796875,1176.0682174092167,1120.6687071513006,1121.6440498033035,2318913
2018-08-27,1167.2901611328125,1180.1158220615089,1152.5623914911382,1169.4358673937847,972125
2018-08-28,1143.833251953125,1169.8261610046427,1131.397631435195,1169.8261610046427,1051068
2018-08-29,1164.0225830078125,1196.5015393420426,1151.0992935060542,1153.8303004211425,2311788
2018-08-30,1162.8035888671875,1203.963124705316,1154.1718292679693,1167.6803026588807,1334841
2018-08-31,1153.537841796875,1171.4841725044873,1145.1012221187593,1171.4841725044873,739373
2018-09-03,1144.4183349609375,1171.679234903333,1134.9575583808075,1162.462174938183,969364
2018-09-04,1150.5142822265625,1159.585017411045,1122.5219929710074,1153.6841461589343,704258
2018-09-05,1107.745361328125,1150.5629254107746,1095.309743140202,1150.5141106564752,917615
2018-09-06,1090.1405029296875,1129.4468618961712,1080.7285409955311,1116.7674066244526,701990
2018-09-07,1130.6171875,1135.7865513302947,1069.3169238486946,1089.9454453513133,1338252
2018-09-10,1102.6248779296875,1146.1739515423485,1093.4079374101561,1132.2265038700796,664718
2018-09-11,1081.0697021484375,1109.0132899124574,1065.0740605767855,1109.0132899124574,516085
2018-09-12,1082.490478515625,1099.29342782527,1069.7046507808082,1087.6342311859305,824802
2018-09-14,1094.100341796875,1100.2728911633858,1086.4092328623233,1091.0631030609218,1140819
2018-09-17,1096.5499267578125,1100.2730713664175,1081.706623478508,1093.8066640566376,600162
2018-09-18,1097.2359619140625,1113.01011301123,1090.8675061617976,1097.3339142364239,1063178
2018-09-19,1049.2275390625,1110.7565437344879,1040.0177489250027,1102.2326590114253,860904
2018-09-21,1023.1168212890625,1062.5032194302587,976.5781102416787,1056.1838001911508,1087190
2018-09-24,996.4182739257812,1033.3063489896197,987.3554725159352,1025.81114336312,461495
2018-09-25,1024.929443359375,1032.5716380732295,989.8049845320421,996.4183808652184,626059
2018-09-26,1022.1863403320312,1038.548327462461,1011.1149754162827,1027.7709391586052,668783
2018-09-27,1045.9453125,1053.1465416316362,1004.2563779462732,1020.4224562254084,981316
2018-09-28,1021.1571655273438,1059.122951244959,1015.9154616127586,1037.764087181936,775318
2018-10-01,1042.5162353515625,1066.3243900438852,1004.5014061804137,1011.5067312993117,635567
2018-10-03,1049.619384765625,1062.748103717287,1023.8515888054931,1037.5682608086288,527109
2018-10-04,1026.0072021484375,1047.9049888494128,1014.2500526069356,1030.367216863357,420704
2018-10-05,1035.804931640625,1052.264990505257,1014.0542506265745,1018.6590868232674,387404
2018-10-08,1060.0050048828125,1070.194558151175,1016.8954576396619,1027.1829632317774,371858
2018-10-09,1076.46484375,1087.6341584355434,1043.740877011509,1060.1028603807545,509541
2018-10-10,1099.9791259765625,1108.601082366966,1067.0591354312032,1068.9207077882102,484956
2018-10-11,1098.460693359375,1117.908954047494,1063.0422569163286,1068.9208316089534,734133
2018-10-12,1109.0911865234375,1115.4106070165763,1081.7068715866117,1102.8206823969608,553890
2018-10-15,1110.07080078125,1116.9291375910195,1091.357362834574,1108.9930860596953,462964
2018-10-16,1086.5562744140625,1114.9693780732218,1079.3550461997338,1108.8949003032835,281120
2018-10-17,1100.958984375,1124.6202707564844,1090.034729063381,1097.333911258127,349443
2018-10-19,1098.7545166015625,1112.8631193507003,1078.8163753011725,1089.0059283755445,388626
2018-10-22,1109.6788330078125,1116.9290984440076,1088.0261086158514,1103.5064018552978,424717
2018-10-23,1120.3092041015625,1130.5477923535097,1101.2528743559135,1109.6788065920382,807931
2018-10-24,1103.6043701171875,1126.726738393811,1088.5160055265426,1126.726738393811,417573
2018-10-25,1087.1444091796875,1137.1122949836556,1050.0113877700899,1087.8792310297458,759796
2018-10-26,1060.9356689453125,1073.6725798814982,1045.4064591469428,1070.4394357884064,408899
2018-10-29,1119.721435546875,1126.7267606307773,1061.0826797940276,1061.0826797940276,296748
2018-10-30,1142.99072265625,1152.200512578129,1107.1314449092567,1111.1974825428406,617733
2018-10-31,1117.9578857421875,1151.2207699356895,1107.2784521266344,1143.382671076553,1242170
2018-11-01,1148.6734619140625,1161.0184442365978,1119.9663757482515,1120.5542092683909,374447
2018-11-02,1130.4498291015625,1179.3889098575635,1115.4594175475274,1154.4540062907715,713553
2018-11-05,1140.9822998046875,1171.9916826999136,1126.7267096813687,1126.7267096813687,354525
2018-11-06,1104.53515625,1145.0483089832576,1098.4606769980624,1140.443473382586,460744
2018-11-07,1108.796875,1116.928949401384,1102.3304681602842,1110.070613747165,30818
2018-11-09,1125.5509033203125,1135.7403348836133,1107.131325463794,1109.972659865049,401528
2018-11-12,1113.7449951171875,1133.438196974074,1103.359536786682,1125.5511807985088,330778
2018-11-13,1120.4561767578125,1131.037657762618,1089.7406516298297,1120.8481056098226,442309
2018-11-14,1144.4117431640625,1153.9644284338797,1119.8686424001005,1126.7269805425333,531312
2018-11-15,1236.55810546875,1260.9542132345266,1156.2175883862083,1177.576456621284,3884208
2018-11-16,1208.536865234375,1242.338666491437,1201.4335881586155,1225.3398135473576,837770
2018-11-19,1200.258056640625,1239.399519311731,1190.8033249251027,1210.0066453359586,1068208
2018-11-20,1168.6605224609375,1214.8073029965665,1164.4965326746035,1202.3642499927637,933231
2018-11-21,1188.794677734375,1198.2494087635691,1173.7553488951396,1175.7148736846138,422957
2018-11-22,1189.6766357421875,1199.2293202787214,1170.8162072982616,1182.8673340920093,601981
2018-11-26,1224.85009765625,1229.5528858362568,1190.9503395090608,1197.2697597134095,720471
2018-11-27,1208.2430419921875,1238.4197742035683,1200.649882775354,1229.6019118872455,744253
2018-11-28,1206.5284423828125,1224.4581433723783,1197.5146755246165,1201.286737103321,520657
2018-11-29,1220.6368408203125,1228.4260228862108,1200.2088207303093,1206.234382811505,506815
2018-11-30,1239.20361328125,1263.6486389373013,1224.8989856156777,1224.8989856156777,1035249
2018-12-03,1266.049072265625,1302.937154823571,1235.9213749716714,1239.3995797350049,1475095
2018-12-04,1218.3836669921875,1271.8786739159282,1210.1536383270172,1261.9340609288436,581813
2018-12-05,1206.283447265625,1243.3185146921621,1190.1664032484664,1210.006592312703,749896
2018-12-06,1164.839599609375,1213.6316978127,1156.3155945425935,1209.5167433666045,788698
2018-12-07,1184.53271484375,1190.5092414287717,1143.676671526568,1169.0524214334582,665538
2018-12-10,1152.788330078125,1185.0225345577992,1144.362397985539,1165.917169180472,434842
2018-12-11,1155.923828125,1162.2922842801556,1121.5831051714642,1151.2209203550738,504464
2018-12-12,1190.9012451171875,1194.8693308368086,1158.0792033965574,1158.0792033965574,394876
2018-12-13,1197.4166259765625,1214.9053606759908,1185.512489046733,1190.4113009849425,314906
2018-12-14,1223.037353515625,1236.4600494774436,1196.8776277770462,1203.1481305533287,552532
2018-12-17,1192.4197998046875,1227.6422079715758,1185.610379804206,1220.7838716141925,493775
2018-12-18,1201.28662109375,1203.1481935216216,1175.7148470895324,1194.33033216845,454828
2018-12-19,1219.51025390625,1229.3078782474263,1190.4603934145875,1203.1482690964483,446235
2018-12-20,1241.89794921875,1249.1971316776085,1207.1163820230204,1212.8479684719123,476760
2018-12-21,1227.0540771484375,1257.4756185733982,1218.8730875388212,1248.1189622845059,450623
2018-12-24,1243.6612548828125,1252.0871867651774,1208.5858362097379,1235.1373706901659,382470
2018-12-26,1238.566650390625,1248.217286021122,1212.7988516696946,1238.419662112008,275494
2018-12-27,1217.6488037109375,1256.5453245932774,1210.6923947330688,1251.1566311934623,715199
2018-12-28,1216.7181396484375,1227.5934803985895,1200.3071163849427,1217.8939265078666,491844
2018-12-31,1232.8349609375,1239.3993205661548,1205.1076397599766,1210.9862136124643,559848
2019-01-01,1240.771240234375,1245.2781237646814,1224.7031114916222,1227.6423989592022,292677
2019-01-02,1233.2760009765625,1261.934053035005,1226.466699694948,1242.338803764275,658775
2019-01-03,1241.0162353515625,1247.2377035111513,1228.6712513656228,1232.541265527909,322081
2019-01-04,1266.8328857421875,1271.0459122431664,1233.5209614457958,1233.5209614457958,725206
2019-01-07,1256.1534423828125,1273.6912145648805,1249.197152746325,1272.7114520921382,683914
2019-01-08,1224.213134765625,1256.0554131808974,1220.343121075115,1255.9574608596004,893261
2019-01-09,1241.7506103515625,1245.277730278166,1224.212843416655,1230.8262381289899,289161
2019-01-10,1259.3865966796875,1266.0979451133746,1231.316380360792,1237.4398952820213,428709
2019-01-11,1266.538818359375,1269.0862963028687,1243.5634377067438,1259.9744580585955,467514
2019-01-14,1295.833984375,1301.5655716364195,1256.0556469334426,1263.6978430152858,887486
2019-01-15,1302.2513427734375,1307.8849771137359,1290.5431092106087,1296.5686724684756,466539
2019-01-16,1320.32763671875,1326.5981392882438,1301.2222720835057,1301.3202243924266,513687
2019-01-17,1325.569580078125,1331.1542978923476,1314.1064070698378,1317.682563989488,420061
2019-01-18,1338.6494140625,1345.1158219781842,1308.0318390830266,1322.6792391132458,702678
2019-01-21,1299.2139892578125,1359.17540080081,1288.9264839715206,1338.6494261885982,1293001
2019-01-22,1267.616455078125,1296.2254651229714,1262.4236672796285,1289.4650816343258,1100328
2019-01-23,1267.6654052734375,1290.3469260329464,1258.0638066650158,1270.6537280749724,671259
2019-01-24,1288.044677734375,1312.6366903341839,1268.0084646664768,1283.4887586025607,831256
2019-01-25,1266.1468505859375,1304.9454132083576,1254.9285006464474,1294.4618849836859,571327
2019-01-28,1240.183349609375,1275.7486545710526,1237.0970739904096,1260.9542655847947,254670
2019-01-29,1273.3482666015625,1280.304555937488,1228.622087733392,1233.520899885439,463118
2019-01-30,1292.89453125,1296.2257475673584,1271.2418045870354,1272.7114482917602,315858
2019-01-31,1298.82177734375,1307.0027677496437,1286.770654508806,1288.387286050061,471658
2019-02-01,1314.106201171875,1330.4192675891593,1293.2862520386766,1293.2862520386766,530789
2019-02-04,1270.507080078125,1309.8445701751953,1252.6264136339948,1307.982997419932,548166
2019-02-05,1264.72607421875,1283.2926405828007,1256.0552022418156,1273.6909227101094,423344
2019-02-06,1277.659423828125,1288.3877761009355,1261.8362344449997,1271.7318124555243,410854
2019-02-07,1269.625,1292.3065220129276,1263.9913665643865,1277.6591229202902,305098
2019-02-08,1232.3941650390625,1272.2215322680117,1226.7605309916685,1272.2215322680117,581292
2019-02-11,1099.1953125,1273.6909485284157,1067.9408722276717,1273.6909485284157,5424327
2019-02-12,1109.3358154296875,1165.8191334627327,1078.8161972057717,1110.0706371223987,4732005
2019-02-14,1129.0291748046875,1146.272969080181,1104.0452336692,1132.1154502766988,708081
2019-02-15,1119.67236328125,1128.784080577675,1107.131358460504,1118.9864579364316,386448
2019-02-18,1094.24755859375,1125.8939303941272,1061.1805792233436,1119.868368011096,1323161
2019-02-19,1093.8067626953125,1123.4934915309398,1089.5937365530103,1102.232695380015,969990
2019-02-20,1106.7396240234375,1120.2603934831056,1097.3339285557977,1104.1922656092715,1188434
2019-02-21,1128.8822021484375,1134.564871972371,1104.192237230451,1112.0303365186885,1308447
2019-02-22,1123.0035400390625,1132.1153775904797,1116.5371325509088,1121.8278730775417,511047
2019-02-25,1163.418701171875,1173.7552413290446,1108.5030957394113,1122.7096491611735,1374338
2019-02-26,1133.927978515625,1153.2293693648485,1124.7672240861234,1151.8086421389453,1071336
2019-02-27,1126.0408935546875,1156.0215969286014,1117.6148418379269,1142.4028766234885,1037445
2019-02-28,1117.81103515625,1136.5244745675086,1113.9899375717735,1131.674698141,695585
2019-03-01,1128.5394287109375,1142.2561039176337,1116.9292668309674,1117.0272191624604,904319
2019-03-05,1167.779052734375,1170.8162928376507,1123.5917839288554,1136.328697574788,564049
2019-03-06,1168.6114501953125,1188.30464794704,1159.5486491772394,1162.879864822779,1679631
2019-03-07,1162.9288330078125,1177.674303701941,1155.4337469711538,1171.158860381282,642857
2019-03-08,1148.18359375,1164.3985898974618,1143.382734014534,1161.9982198296807,268170
2019-03-11,1179.68310546875,1187.2762649692884,1148.7715502427213,1148.7715502427213,938550
2019-03-12,1133.830078125,1187.3741191281797,1109.7768625010938,1187.3741191281797,1370850
2019-03-13,1094.9822998046875,1142.4518540131348,1069.900409365904,1136.5242443813631,1797280
2019-03-14,1109.0419921875,1120.2603433399179,1093.5127821886365,1100.2731666158736,717230
2019-03-15,1101.400146484375,1129.5683211263056,1087.5364818275787,1114.9698345223285,731215
2019-03-18,1096.9912109375,1116.831403441501,1092.4352909610404,1103.6046084388336,353486
2019-03-19,1116.831298828125,1121.7790276983071,1099.1465378448204,1099.1465378448204,398908
2019-03-20,1142.4029541015625,1156.2175799696029,1112.0303198158435,1124.4732544090643,1269611
2019-03-22,1127.3143310546875,1158.2258754177126,1120.8479246401996,1149.505968167932,754339
2019-03-25,1123.8365478515625,1137.3571976819242,1111.4914455022279,1125.747036758056,467825
2019-03-26,1128.58837890625,1136.5244307527316,1115.900383544368,1122.8077565884746,434281
2019-03-27,1130.401123046875,1154.2583189285717,1126.7760491921351,1139.463927283654,486185
2019-03-28,1159.01025390625,1163.9581034485961,1130.6461711950167,1130.6461711950167,693131
2019-04-01,1243.8084716796875,1252.9203106079715,1201.6786849272444,1206.0876160990117,1002709
2019-04-02,1229.8955078125,1258.014634433804,1223.3800654197955,1243.3182017885495,638278
2019-04-03,1234.255615234375,1250.8625391572448,1229.846684677872,1233.5207934749578,336310
2019-04-04,1230.8262939453125,1243.3182623017724,1223.772053772205,1237.3906530064019,236648
2019-04-05,1219.80419921875,1249.1970714890813,1211.0353734980624,1242.338734626004,469357
2019-04-08,1212.064208984375,1231.9534362988866,1205.6468361355448,1223.7234070790917,479351
2019-04-09,1234.0599365234375,1237.440069395596,1201.286808293746,1216.8650563652654,452314
2019-04-10,1221.0289306640625,1244.0533478119905,1215.1993920346558,1227.8382317252958,251194
2019-04-11,1215.2969970703125,1234.3044067361081,1210.0062575303673,1214.9050682895995,325454
2019-04-12,1238.713623046875,1242.5346006433192,1206.6753215081912,1222.4494718829444,365799
2019-04-15,1245.6697998046875,1259.337435914387,1239.4972495358552,1244.8859421324935,525419
2019-04-16,1249.3931884765625,1268.6945829744682,1245.3272694680497,1245.5231741431865,375036
2019-04-18,1245.86572265625,1253.9977976246923,1230.3855500029222,1248.2171761073566,283213
2019-04-22,1207.116455078125,1243.3186321863748,1194.3305064107099,1243.3186321863748,534002
2019-04-23,1217.746826171875,1228.6221659215325,1204.9119614366966,1208.0471535735644,280002
2019-04-24,1203.93212890625,1243.0245544132915,1197.269696503095,1217.746755330535,569926
2019-04-25,1221.0289306640625,1234.3047594552772,1205.156827108432,1207.0673160105316,360981
2019-04-26,1214.1214599609375,1229.5038006625105,1201.4826212875369,1217.8446047421837,242464
2019-04-30,1191.8809814453125,1222.7434976109741,1180.7116659606158,1214.7094936236842,336375
2019-05-02,1170.3753662109375,1200.1111347756212,1130.4500435173566,1192.3709869469435,1083586
2019-05-03,1175.0291748046875,1188.0110274956594,1159.352975328797,1170.3753030852824,347353
2019-05-06,1166.2110595703125,1181.4462908704566,1146.6647308297713,1146.6647308297713,225661
2019-05-07,1141.3741455078125,1174.8330549617867,1129.029163344972,1171.3059342866752,320142
2019-05-08,1146.615966796875,1159.6467347550642,1128.6862673146766,1132.6053168539636,246581
2019-05-09,1145.9302978515625,1174.7353418297585,1133.6832655138878,1141.4234138712832,310077
2019-05-10,1162.537109375,1172.2856972960894,1144.0195763209654,1152.3475566193497,173882
2019-05-13,1148.57568359375,1168.807684542932,1137.7002236240696,1162.9291092511785,200737
2019-05-14,1119.3785400390625,1152.1026280617166,1107.131510060517,1152.1026280617166,625364
2019-05-15,1133.0462646484375,1137.5042317428638,1123.8365930773907,1124.963224241996,235916
2019-05-16,1113.450927734375,1138.3859524868515,1089.6427732578286,1138.3859524868515,505445
2019-05-17,1118.1051025390625,1135.7408304630221,1109.3853105232745,1113.4512298924622,270312
2019-05-20,1174.04931640625,1182.4752490160788,1134.6138803219696,1134.6138803219696,326706
2019-05-21,1148.9674072265625,1190.411407781897,1141.5212363324358,1171.7959207466245,253823
2019-05-22,1139.4144287109375,1155.1396602205589,1130.6456046603266,1153.8659214914746,221323
2019-05-23,1126.8248291015625,1168.8566643376262,1120.2114322161653,1168.8566643376262,222973
2019-05-24,1146.8121337890625,1164.4478607503638,1132.1156946546448,1136.27968574273,257237
2019-05-27,1174.5390625,1188.3536866503484,1151.3676607883058,1153.6700782133828,294036
2019-05-28,1166.701171875,1184.973645865256,1157.0994520367638,1175.7149385640275,512288
2019-05-29,1178.947998046875,1184.5325951966809,1149.5551296797116,1167.3867553158357,278890
2019-05-30,1178.654052734375,1209.5165653371453,1168.3665485334516,1187.4228775228248,1087194
2019-05-31,1213.7296142578125,1241.2609116296824,1185.1204826501198,1185.1204826501198,1342593
2019-06-03,1329.8314208984375,1341.0006154659773,1217.8445418932383,1217.8445418932383,3836627
2019-06-04,1305.3375244140625,1329.9784536803506,1297.2054484606388,1322.6792714666633,1306110
2019-06-06,1314.988037109375,1347.1732057783554,1300.4385904069475,1309.942237182299,1226417
2019-06-07,1369.9036865234375,1377.5458807859645,1303.8187630554214,1314.8410896264327,1963985
2019-06-10,1351.1903076171875,1374.1167717938354,1340.559909452346,1371.6673657835076,731973
2019-06-11,1352.0230712890625,1373.087962815041,1347.1732952660655,1357.656705069266,827845
2019-06-12,1353.786865234375,1370.5407804462952,1337.3758429852883,1352.954091010375,523008
2019-06-13,1346.487548828125,1355.7952918677724,1328.067967393913,1352.5620280245644,376393
2019-06-14,1342.8624267578125,1366.6707027835866,1338.8454245229875,1343.2543556685077,349894
2019-06-17,1333.505615234375,1359.9101631412873,1328.655719765827,1351.0923018529072,418598
2019-06-18,1327.2840576171875,1338.3554204284815,1310.9220735968581,1334.3384185624025,434991
2019-06-19,1324.3939208984375,1355.0114981339293,1313.8614743294283,1329.5376738740001,486030
2019-06-20,1346.487548828125,1375.7823496624596,1327.87206274883,1363.829295914664,1462438
2019-06-21,1320.964599609375,1357.2648428252116,1316.1637401336113,1345.2137179778763,563852
2019-06-24,1317.4375,1329.6354937152378,1303.1329932608728,1326.5003019586807,420849
2019-06-25,1298.0380859375,1324.099739733647,1283.4396034472106,1317.7803206086037,1156668
2019-06-26,1281.4801025390625,1298.2341342039022,1274.7198380847108,1293.286286555531,597977
2019-06-27,1285.8892822265625,1296.176788772106,1266.441019962828,1284.0278291030174,688891
2019-06-28,1331.69287109375,1354.0314993866848,1292.6004509809497,1298.0870959441593,1568379
2019-07-01,1342.9603271484375,1358.5385738467917,1328.7048554225123,1335.4162042089367,675302
2019-07-02,1328.6068115234375,1348.5938682192736,1322.6792013367465,1346.5854271179237,527306
2019-07-03,1314.4490966796875,1336.5917010584214,1311.6567980044742,1329.194567346884,220036
2019-07-04,1298.625732421875,1322.3360489155407,1295.4415053398645,1308.6193784084182,369704
2019-07-05,1280.20654296875,1314.3022021718812,1275.601588004027,1300.4875764775134,374619
2019-07-08,1276.8753662109375,1297.744353471803,1264.432431391487,1269.8700410299489,523713
2019-07-09,1301.7613525390625,1325.5205910285163,1276.3854821499333,1276.8753633559013,806802
2019-07-10,1291.473876953125,1310.4812921023617,1286.477112457168,1301.0754770512585,440764
2019-07-11,1288.6815185546875,1305.141454935861,1272.2214625736128,1291.4738174443605,560976
2019-07-12,1335.6612548828125,1340.3151268510453,1290.3472383500196,1293.5805025047587,1433514
2019-07-15,1357.6568603515625,1375.5865620992324,1339.8742665000839,1343.2543993148488,1269223
2019-07-16,1362.065673828125,1370.197749786232,1333.3587065685927,1344.3810338371625,739553
2019-07-17,1355.7950439453125,1398.120725135386,1342.274277109656,1360.203974052607,1150697
2019-07-18,1359.959228515625,1371.667341195152,1337.4736099839497,1352.0720934637925,464854
2019-07-19,1345.65478515625,1370.6387294144345,1339.3844007086393,1360.0573659591537,294619
2019-07-22,1337.0328369140625,1360.8900283946641,1323.659055695602,1345.8506988691036,344053
2019-07-23,1338.3553466796875,1349.9655064040383,1327.5779610182844,1340.8047525118245,209290
2019-07-24,1308.423583984375,1344.8708152065653,1291.0328022517142,1332.5747498598523,398286
2019-07-25,1316.4088134765625,1321.699554665033,1287.4078686655696,1308.4237255309913,391683
2019-07-26,1335.4652099609375,1340.070045479597,1296.127725009331,1316.9476763647992,336855
2019-07-29,1338.2086181640625,1350.1127567388917,1308.3748971776874,1335.4653548595218,396917
2019-07-30,1306.611083984375,1346.1935079938391,1302.1042009634732,1337.2776942699006,364277
2019-07-31,1324.246826171875,1329.047685816515,1292.4535843658746,1300.1446952292779,343969
2019-08-01,1337.9146728515625,1353.5418362224184,1313.861456658895,1316.8007440339707,492611
2019-08-02,1283.6844482421875,1332.42762003282,1249.1968649860555,1327.6757970546143,976127
2019-08-05,1275.3077392578125,1284.6154819656904,1261.1991369174698,1277.3161803979929,362139
2019-08-06,1313.126708984375,1327.8721826555036,1263.8936426710268,1263.8936426710268,335196
2019-08-07,1288.044677734375,1327.5780671041755,1283.5377945630796,1312.8816309369704,230845
2019-08-08,1307.39501953125,1312.8816652571193,1279.5697424073119,1288.3876043381433,203895
2019-08-09,1331.3011474609375,1343.254200456551,1304.0637059136902,1304.0637059136902,399477
2019-08-13,1295.735595703125,1342.8132203850719,1285.3501396121735,1331.301013769184,610748
2019-08-14,1332.6728515625,1415.7567560921632,1318.417379515428,1370.6876828878453,3189181
2019-08-16,1440.838623046875,1456.9067510129985,1334.6323504316622,1337.3757331087713,3588110
2019-08-19,1453.9183349609375,1478.4123944440887,1431.4818721542906,1440.8385311169145,1815260
2019-08-20,1445.24755859375,1459.8460429431632,1433.8333021903538,1457.8865180533066,561093
2019-08-21,1436.331787109375,1458.8663240149108,1427.7588654605297,1441.4755400986821,779790
2019-08-22,1421.7330322265625,1445.4433513565916,1416.0504827159768,1440.2505633901276,602866
2019-08-23,1411.690673828125,1435.2540081176428,1396.1614632272974,1418.7450350864801,737187
2019-08-26,1431.432861328125,1442.7491648479897,1393.7610450215652,1414.7769005871405,501588
2019-08-27,1445.688232421875,1450.0481265841509,1420.851163762976,1431.432643878003,466048
2019-08-28,1490.6107177734375,1503.9354640890313,1447.1092380843643,1448.7747865238448,1429654
2019-08-29,1487.622314453125,1498.8406664346091,1474.6404617950134,1489.2389464399662,619177
2019-08-30,1477.628662109375,1511.2344400924287,1465.9694658295807,1489.0429177933747,869797
2019-09-03,1463.22607421875,1474.4933415552362,1457.8864171035925,1465.7245161202784,301790
2019-09-04,1466.6063232421875,1474.5423745607072,1454.9961630169553,1471.5051351178045,320979
2019-09-05,1466.7044677734375,1478.4616178157096,1456.9068427382108,1465.2348240181536,314054
2019-09-06,1469.8397216796875,1505.3561139241133,1454.7514741716468,1472.5831046447422,1098301
2019-09-09,1463.86279296875,1481.8414068172674,1443.2388688144144,1469.6434143183799,625979
2019-09-11,1466.9000244140625,1482.0863396157304,1444.2186235185773,1469.6434066130282,626957
2019-09-12,1434.97900390625,1553.9580204993104,1430.3064073211226,1546.383543541131,2491122
2019-09-13,1434.388916015625,1452.931724090877,1407.287805695628,1441.0289222022286,883257
2019-09-16,1412.4521484375,1437.782540498428,1405.5171034364819,1431.2901145106862,408800
2019-09-17,1391.9912109375,1416.534592122732,1387.1710344897463,1408.664955499828,605036
2019-09-18,1410.5340576171875,1420.4694501149236,1378.858697276474,1393.9094257706695,790353
2019-09-19,1389.6793212890625,1411.5667467632634,1383.629634582436,1411.5667467632634,465939
2019-09-20,1445.4063720703125,1450.964327238333,1370.300547690168,1391.9420495201637,1265101
2019-09-23,1446.53759765625,1494.2472702073062,1421.4531306448698,1465.7198371355405,928873
2019-09-24,1429.421142578125,1464.1459632902136,1409.845396852982,1455.2926218138189,410553
2019-09-25,1404.2874755859375,1433.700145507415,1394.6471229827039,1432.2738219452067,274220
2019-09-26,1405.91064453125,1420.4695214539522,1395.778558636042,1411.6161795612336,450521
2019-09-27,1377.727294921875,1410.5829269967246,1371.382329265387,1408.3695920172513,553438
2019-09-30,1372.7596435546875,1382.9409612158493,1338.034826323043,1381.5146377089523,708880
2019-10-01,1346.9373779296875,1385.9903982951298,1338.3299636102536,1375.218882122113,356435
2019-10-03,1356.626953125,1361.2995498485304,1326.5748504570738,1333.5591289118101,443258
2019-10-04,1377.6290283203125,1399.3197622991215,1362.3816073602868,1362.4308406216403,860655
2019-10-07,1387.662841796875,1406.6975007452809,1376.2026598200334,1386.2363981565372,673596
2019-10-09,1401.8282470703125,1408.5173661050787,1374.7763713652205,1384.5641838151587,381888
2019-10-10,1389.2366943359375,1414.56708547005,1382.5966888930147,1398.827813309048,435916
2019-10-11,1424.5025634765625,1431.0934561427368,1385.0068009838267,1396.171943915685,649286
2019-10-14,1428.093017578125,1453.1774824985605,1421.2563192891196,1433.4050459304406,878725
2019-10-15,1459.57177734375,1464.7362267665333,1433.2576779038543,1436.1104454107615,594035
2019-10-16,1459.0303955078125,1470.0479574213994,1455.882589293136,1459.8174071020364,304772
2019-10-17,1463.0640869140625,1468.6711558194288,1446.6853792110333,1464.736336915693,354752
2019-10-18,1483.2789306640625,1506.0517157645127,1466.0641004708039,1466.7035324656358,562505
2019-10-22,1494.640869140625,1514.9051609132375,1477.5243842153786,1477.5243842153786,621477
2019-10-23,1489.082763671875,1505.9040874731827,1485.3938716066268,1495.2309171139555,193859
2019-10-24,1511.75732421875,1514.905131003968,1493.558788554092,1493.558788554092,340507
2019-10-25,1494.591552734375,1518.1513498386191,1482.7870975917106,1514.9050766419355,289340
2019-10-27,1504.7237548828125,1508.2650674018205,1495.2309815429755,1502.116913694818,31619
2019-10-29,1407.6812744140625,1502.116915464901,1370.3004998314389,1501.231557313824,2296243
2019-10-30,1438.126953125,1464.9821378800486,1416.534684268773,1436.0120842099218,751366
2019-10-31,1460.6044921875,1475.360059713312,1439.2089192750725,1447.0293220313065,457117
2019-11-01,1436.2086181640625,1483.4264357475386,1426.4699192712467,1468.4741748785523,551152
2019-11-04,1391.696044921875,1447.029427163865,1388.007152772409,1437.1923814319557,519503
2019-11-05,1391.8929443359375,1423.2240357059388,1389.4829158064647,1400.30366771717,620983
2019-11-06,1390.85986328125,1406.6482489878676,1379.202988580952,1392.9256187844098,604579
2019-11-07,1440.0452880859375,1445.0621578785467,1397.3524814611815,1399.5165836992053,909619
2019-11-08,1395.4832763671875,1443.9799596096343,1391.9419639380576,1443.9799596096343,504630
2019-11-11,1395.8768310546875,1421.4531507216516,1391.1058877484218,1401.7790586701408,475250
2019-11-13,1366.021240234375,1411.6159185345832,1356.6760477423343,1396.9095846979744,506842
2019-11-14,1396.0245361328125,1418.0103119586067,1363.709861052377,1371.2843391399915,1643108
2019-11-15,1374.481201171875,1421.8465999144735,1357.5122974537037,1414.02607658699,1282545
2019-11-18,1381.0718994140625,1405.3202396128825,1375.415598478974,1395.8767003287844,783234
2019-11-19,1387.9576416015625,1397.6472257722546,1379.1535354667933,1385.8427732575603,472316
2019-11-20,1398.3853759765625,1413.6819110465428,1391.942062566153,1398.8279950311446,660964
2019-11-21,1431.7327880859375,1439.1105724625138,1401.7790315494883,1404.7301453001187,1123652
2019-11-22,1427.945556640625,1451.0135012894684,1417.1740394290741,1435.8644266104466,882624
2019-11-25,1426.7158203125,1440.8319560964055,1416.6820822849252,1427.74875808642,337740
2019-11-26,1434.6348876953125,1463.752521362095,1427.0111766465516,1431.2902678641453,989762
2019-11-27,1440.09423828125,1455.8827444545748,1436.2086533132967,1443.586437491276,400326
2019-11-28,1420.961181640625,1452.3413799000718,1416.5345112928348,1441.4713969024954,397266
2019-11-29,1417.7149658203125,1442.9470118357901,1407.681227326743,1429.8145799576666,359720
2019-12-02,1393.171630859375,1426.5683537838001,1391.4009145582238,1426.5683537838001,308438
2019-12-03,1381.514892578125,1400.697134059866,1377.1865679198634,1400.697134059866,405568
2019-12-04,1446.291748046875,1454.4565445974638,1378.2194349401725,1381.1213155979,1204381
2019-12-05,1459.0303955078125,1468.228128201005,1427.9453588337215,1447.8653739912795,725914
2019-12-06,1441.126953125,1485.3936513438566,1435.8149253225163,1455.7841727736866,830784
2019-12-09,1388.7940673828125,1450.4230585202856,1379.8422603276317,1442.110803490322,878632
2019-12-10,1351.5609130859375,1413.5835373391506,1345.707918636018,1389.482774176444,1141233
2019-12-11,1367.791748046875,1384.0721040552332,1357.5120850008684,1357.5120850008684,735568
2019-12-12,1362.9228515625,1383.0887977602852,1352.34802611732,1372.2680461419613,698123
2019-12-13,1330.952392578125,1374.9731757029374,1323.0827553714548,1370.3005786114768,2563372
2019-12-16,1348.21630859375,1367.2509674726125,1343.7404048934648,1347.6752230629918,825493
2019-12-17,1341.4290771484375,1347.6263453518143,1319.4924120332587,1347.6263453518143,1184021
2019-12-18,1362.283203125,1372.1202484883333,1347.675214776674,1348.708152572272,1244195
2019-12-19,1373.6453857421875,1380.6788989709216,1348.8068399218064,1362.873746298124,730557
2019-12-20,1356.7254638671875,1379.5474847819323,1353.0858045373834,1377.1865695036981,629259
2019-12-23,1363.6605224609375,1367.3494147669635,1343.297884964126,1355.5449593876804,476672
2019-12-24,1353.0364990234375,1375.6617057429005,1349.8394589435134,1369.218512399733,295536
2019-12-26,1357.11865234375,1365.0866344731612,1348.1177324963494,1361.8404817958292,344456
2019-12-27,1394.9915771484375,1401.7299301634334,1357.020600667552,1357.4632197393378,1085655
2019-12-30,1395.7784423828125,1409.5010731411257,1388.5973509688163,1398.0408908516113,527326
2019-12-31,1418.501953125,1430.3064076586338,1391.9419304243238,1393.909339513263,985801
2020-01-01,1403.1070556640625,1418.5020569278058,1399.024657489549,1416.5346476948964,268255
2020-01-02,1470.2940673828125,1484.606896903725,1404.7301334275496,1404.7301334275496,2000143
2020-01-03,1461.883544921875,1480.4755879495629,1457.4077605418752,1470.2942682214205,629443
2020-01-06,1438.66796875,1455.882799145299,1434.388877782251,1455.882799145299,378702
2020-01-07,1454.603759765625,1474.5237753928047,1448.5540733067048,1450.9641012390298,365266
2020-01-08,1449.636474609375,1455.4894696204017,1434.2414718317157,1440.1437001108586,190163
2020-01-09,1455.4891357421875,1474.2778674379042,1448.9967101406721,1465.7196864287857,254798
2020-01-10,1461.6866455078125,1477.524265078649,1451.9479462424008,1459.8175828074002,364434
2020-01-13,1459.276611328125,1479.4917898670733,1455.3417927380528,1468.9661981710842,374704
2020-01-14,1468.9659423828125,1477.5241232935457,1459.7190962900524,1460.8994936290803,308514
2020-01-15,1487.3121337890625,1504.0843453851617,1463.7524564637806,1464.0476158785837,932167
2020-01-16,1565.615234375,1580.8134236765854,1493.312940261603,1494.9359569216872,2305288
2020-01-17,1592.22412109375,1597.5361495481266,1554.2531504224382,1569.5498038277142,893254
2020-01-20,1602.995849609375,1631.965901516442,1590.1584567819941,1593.6014228189488,1047368
2020-01-21,1599.7003173828125,1615.7347498429272,1594.585101671467,1603.2908630653549,317357
2020-01-22,1607.8160400390625,1636.8845608926574,1599.9956359927328,1616.8661949965256,736367
2020-01-23,1659.4111328125,1672.1992912180674,1604.6679537755213,1612.0949707281236,764590
2020-01-24,1641.5078125,1669.8877861800283,1622.2272264206804,1662.4607684424057,1023849
2020-01-27,1668.412109375,1685.0858530584549,1634.9169222318458,1640.8191493879174,791549
2020-01-28,1650.41015625,1677.0194099010182,1646.524571669011,1668.2644161988328,681671
2020-01-29,1660.4932861328125,1667.3299847464673,1643.8195419851957,1659.5095815794164,230705
2020-01-30,1663.247802734375,1681.8889570627002,1652.8696710657125,1657.5422679635326,634505
2020-01-31,1633.146240234375,1671.559950811589,1629.4573481846217,1671.5107175518103,377299
2020-02-03,1668.215576171875,1689.6111532005575,1589.6667806138362,1589.6667806138362,584886
2020-02-04,1643.819580078125,1677.117955966,1633.9333010549453,1668.2153815190122,384789
2020-02-05,1630.44091796875,1653.6072061588634,1623.112367734756,1653.6072061588634,438855
2020-02-06,1618.2432861328125,1638.5566898805444,1595.765540154174,1638.5566898805444,552992
2020-02-07,1636.04833984375,1651.1481815329341,1601.4710989190448,1622.915907366997,554048
2020-02-10,1638.5565185546875,1673.871533710058,1607.864986544197,1635.900564468033,778081
2020-02-11,1670.2811279296875,1675.1505376037412,1641.80292863795,1643.2784854941253,606839
2020-02-12,1656.164794921875,1688.9713144501918,1643.327523844417,1677.216094256032,728165
2020-02-13,1667.870849609375,1679.1834504766755,1628.0308204680127,1647.704908932883,902548
2020-02-14,1676.6260986328125,1719.2204346050823,1647.1640746158398,1692.9555705322384,3179224
2020-02-17,1687.1026611328125,1708.694929567841,1672.3962049753031,1698.8578833411982,808709
2020-02-18,1745.9774169921875,1755.3226112190575,1677.0197446606683,1688.0371887693664,1860803
2020-02-19,1751.48583984375,1763.3886401252578,1722.1713980863149,1745.9771187304445,1029649
2020-02-20,1771.3568115234375,1783.8990450766876,1749.2726914562438,1760.8312204170822,799535
2020-02-24,1768.15966796875,1783.9974070432536,1735.5007254472243,1766.7333444257986,708469
2020-02-25,1764.464111328125,1783.730418945024,1752.1948535272113,1771.9045819133441,459592
2020-02-26,1741.551513671875,1770.8697339996772,1737.4125189215206,1760.0293836263722,494854
2020-02-27,1769.3424072265625,1776.8320802327073,1729.6272549288603,1739.3835949033435,919960
2020-02-28,1710.607421875,1773.6292320063033,1701.0481311652093,1754.6586179120561,1234826
2020-03-02,1703.462646484375,1752.096378595605,1686.3643603859684,1724.6012826580713,980080
2020-03-03,1700.6539306640625,1727.7548082305843,1670.3995445547105,1713.662424075177,672514
2020-03-04,1729.775146484375,1746.282045047892,1686.8079599548892,1701.935153384712,1164850
2020-03-05,1702.132080078125,1743.1776131347422,1693.6569210076414,1739.334192074106,661463
2020-03-06,1664.38818359375,1685.1819248050067,1648.7189240928517,1675.3270597476676,498503
2020-03-09,1617.0848388671875,1647.4870736512696,1582.7898601880972,1626.0527420514998,486073
2020-03-11,1605.6038818359375,1618.957272044625,1587.6187531917726,1605.357510210675,617459
2020-03-12,1486.1134033203125,1566.9726057782452,1458.8154797739983,1557.0684199244654,1279868
2020-03-13,1491.681396484375,1575.2998869096577,1358.9856390668865,1360.0696499621824,828569
2020-03-16,1451.424560546875,1518.5361669164693,1343.562991297359,1410.2311768628695,1197701
2020-03-17,1406.0428466796875,1496.9046527490277,1394.9068012464186,1471.1342773281046,610719
2020-03-18,1264.083251953125,1432.8971063424985,1215.6466956633205,1432.8971063424985,1731130
2020-03-19,1162.972412109375,1230.133330605948,1037.076531488578,1177.7547072898992,2412020
2020-03-20,1343.1685791015625,1380.0751152665248,1133.3093079747352,1172.975133753851,2002316
2020-03-23,1141.8336181640625,1280.4914794136955,1132.3236522037607,1208.8958823926132,816579
2020-03-24,1139.2220458984375,1246.6400415757123,1107.8343345240196,1231.857748592601,1641749
2020-03-25,1166.569580078125,1204.4614857952095,1056.4907922147067,1162.874005906811,2323541
2020-03-26,1198.20361328125,1316.9055221324866,1115.5706028457337,1172.7288139456034,2809679
2020-03-27,1150.0626220703125,1240.7273703397802,1113.8953195214017,1240.7273703397802,2480908
2020-03-30,1082.3104248046875,1150.0626139285866,1064.4731452550673,1122.4689950853985,1207547
2020-03-31,1122.5184326171875,1138.335418575211,1031.8536756936185,1105.7158398722208,1882578
2020-04-01,1073.046875,1122.4690435129075,1064.3746665971682,1119.5125842235848,1017298
2020-04-03,1172.285400390625,1221.4610757278028,1072.2585303510941,1078.319175498819,2397409
2020-04-07,1208.156982421875,1260.092186955169,1194.9022386976299,1218.0611686847592,1473088
2020-04-08,1245.6055908203125,1318.975131585333,1193.4241297172048,1208.1079023589205,2070258
2020-04-09,1261.2750244140625,1281.1326038332093,1238.4117829881952,1247.6260588098792,1156777
2020-04-13,1260.83154296875,1281.1325422711623,1211.9514331079808,1281.1325422711623,1027810
2020-04-15,1340.8037109375,1394.4140805082204,1272.8543443176056,1276.2050224904372,2274130
2020-04-16,1402.7906494140625,1419.1004984005526,1314.6882563772733,1350.855561237887,1281806
2020-04-17,1354.156982421875,1450.636135318333,1340.2616467615032,1428.9554322089557,1718038
2020-04-20,1429.891357421875,1443.7374886233442,1353.072745310479,1364.8985813947659,1859711
2020-04-21,1331.5401611328125,1412.251532730777,1310.7956213689101,1395.4489391225882,1669510
2020-04-22,1328.7314453125,1348.4903767035305,1292.366970791878,1331.6385822569907,1272533
2020-04-23,1363.962646484375,1396.335854140471,1342.0355717301254,1352.0874859699186,1301177
2020-04-24,1339.768798828125,1357.5075545316236,1321.6358244937103,1340.2615420421112,755944
2020-04-27,1398.306640625,1402.6920068714057,1350.2148574372661,1350.2148574372661,1179779
2020-04-28,1405.7470703125,1437.0362644729785,1396.483594107047,1409.048546092751,1214114
2020-04-29,1397.3704833984375,1408.0631077709013,1355.043887892453,1399.3907787689334,1010961
2020-04-30,1374.113037109375,1420.9729669361438,1367.1161072233217,1420.9729669361438,731401
2020-05-04,1351.8409423828125,1406.4369119194898,1335.8267887004938,1374.4086045548524,1532116
2020-05-05,1328.0413818359375,1381.4548142106796,1315.0822122675092,1378.6954043099083,652241
2020-05-06,1286.7989501953125,1339.27610439627,1243.4375457851315,1330.4067262214603,1621448
2020-05-07,1252.701171875,1315.6244600034515,1247.1331491643205,1275.1701915969966,935845
2020-05-08,1295.7176513671875,1308.233281344207,1257.6777776067033,1261.7183683492026,1250585
2020-05-11,1285.2711181640625,1322.2761749431813,1263.7875901093862,1300.8418490217996,717988
2020-05-12,1282.216552734375,1300.8422729753436,1262.3589742803617,1277.2891198821958,663107
2020-05-13,1265.90673828125,1314.6389978403568,1239.7420234506512,1314.6389978403568,1508002
2020-05-14,1275.6136474609375,1290.987211569519,1247.428759878765,1270.587690773333,907116
2020-05-15,1335.629638671875,1357.1131679639948,1271.4251817747786,1280.1467115233543,1984090
2020-05-18,1247.6751708984375,1345.0904826364288,1237.7709839346007,1335.3341427001465,860662
2020-05-19,1255.7559814453125,1283.1032276568938,1248.6112054080527,1271.277391457291,960164
2020-05-20,1269.75,1280.0976079826569,1251.6663472519422,1256.396730449185,531853
2020-05-21,1261.71826171875,1290.9871591151139,1253.735725793714,1273.2484042570434,608962
2020-05-22,1261.4227294921875,1277.1905136108398,1234.4696975740953,1251.5678644180298,775343
2020-05-26,1302.566650390625,1319.3692416454367,1267.4340361387851,1271.2774571620248,1145344
2020-05-27,1318.1866455078125,1339.7688227250828,1298.8711352347623,1303.0101301866164,1386447
2020-05-28,1317.6446533203125,1334.3485998593642,1297.8856026697065,1320.551790111926,523206
2020-05-29,1337.2559814453125,1347.7514376984664,1295.865544626181,1303.7987598026436,870048
2020-06-01,1353.36865234375,1377.7101206623174,1337.8472400401508,1352.0874717801855,868868
2020-06-02,1340.90234375,1374.6059367824928,1330.8996308688556,1358.9859984954844,608623
2020-06-03,1330.209716796875,1386.5794960950705,1320.6012234870477,1350.1164958423926,738592
2020-06-04,1344.44970703125,1347.8989091383487,1316.609718595382,1335.3339586053462,762916
2020-06-05,1339.325439453125,1360.7597702441242,1332.0820176365637,1349.722249565666,548928
2020-06-08,1344.2529296875,1387.565013927497,1332.427091500618,1348.7368211541714,746452
2020-06-09,1344.74560546875,1371.7971608443931,1333.0674946062697,1350.067136146906,517243
2020-06-10,1335.974853515625,1358.3946723258796,1312.6680727586413,1345.1891286152743,710311
2020-06-11,1327.9921875,1370.8115215601229,1319.5662310345108,1339.2759581597463,677212
2020-06-12,1383.2286376953125,1389.5357744903135,1283.3002962360706,1286.059706177205,1340007
2020-06-15,1390.2255859375,1408.2600347822956,1351.1018248331193,1374.5564487593024,1375760
2020-06-16,1352.82666015625,1419.1006305773085,1335.6299679954507,1419.1006305773085,1021337
2020-06-17,1332.7225341796875,1366.5247664582807,1327.1053097129288,1355.04382562147,481888
2020-06-18,1327.8935546875,1348.638090794696,1316.806833078848,1335.2847024266014,591592
2020-06-19,1350.80615234375,1363.9131695054155,1330.5544791231198,1337.3050368633299,894818
2020-06-22,1378.005859375,1388.3041454668119,1351.7426193602105,1359.9714078042236,758430
2020-06-23,1395.54736328125,1401.361757502204,1374.1623550450117,1387.5649469501427,630401
2020-06-24,1391.3099365234375,1419.100608656841,1380.6666338390517,1403.3328241162094,681132
2020-06-25,1416.636962890625,1423.0426256793478,1385.1013922384511,1391.31000583006,872300
2020-06-26,1368.0030517578125,1458.5199589332312,1356.3250612814873,1431.9118245472873,3862478
2020-06-29,1345.2381591796875,1385.1503554347255,1339.5222903619856,1360.956617980432,911358
2020-06-30,1330.2586669921875,1364.3564691430763,1324.4935961579208,1357.0146442778698,759369
2020-07-01,1300.4971923828125,1333.9052064445498,1291.9727106972034,1330.406681495976,1066663
2020-07-02,1342.774658203125,1348.046986837938,1307.001450679582,1310.6970249981857,1095777
2020-07-03,1359.7742919921875,1380.6665572298127,1346.174530461045,1352.087449335691,1034372
2020-07-06,1389.585205078125,1392.3444949353839,1361.5480436358139,1364.7016724280727,684284
2020-07-07,1398.651611328125,1405.3036447094637,1374.7535654766493,1387.564889025894,750569
2020-07-08,1373.6202392578125,1410.2310842683212,1367.0667304249305,1406.2891385401078,931697
2020-07-09,1383.622802734375,1397.4196113086493,1370.1708903147328,1384.608289061109,534658
2020-07-10,1382.095458984375,1418.312086946916,1376.478234195356,1379.6810652396623,722285
2020-07-13,1410.6744384765625,1421.9583297702923,1386.1359237152642,1394.413913114982,769099
2020-07-14,1420.8250732421875,1433.8827685572276,1398.0110381225975,1405.2543393885715,846728
2020-07-15,1443.98388671875,1448.5170999078941,1419.1988807440089,1429.0537443285082,821199
2020-07-16,1415.7498779296875,1470.2965314942896,1406.8312973085094,1448.6158285541762,1040680
2020-07-17,1477.4412841796875,1485.128126850861,1415.848379117857,1415.848379117857,1195304
2020-07-20,1463.5457763671875,1495.6234056622475,1443.9838960847987,1485.916389028279,1032717
2020-07-21,1478.3282470703125,1497.9394521149673,1473.3022900736028,1479.1166843750932,731642
2020-07-22,1459.6533203125,1485.1774441412908,1446.940520692119,1478.2297163549656,477423
2020-07-23,1509.0753173828125,1512.7215688103306,1456.943064665063,1463.4472506080397,1015614
2020-07-24,1490.1046142578125,1526.8631812221608,1474.3368333919589,1514.6431269914,1481040
2020-07-27,1486.4583740234375,1509.4202550565626,1470.3950180269574,1496.9538281488553,442729
2020-07-28,1575.98974609375,1585.9432546147646,1489.0698968585214,1496.362520016032,1886396
2020-07-29,1617.47900390625,1625.4614203155845,1558.0541211837688,1575.989926957762,1522653
2020-07-30,1691.2425537109375,1702.9205437970409,1607.4762075172173,1613.734022261374,2000500
2020-07-31,1650.2955322265625,1692.1295028676766,1619.6469286734246,1692.1295028676766,885944
2020-08-03,1551.5006103515625,1678.4313166551426,1544.3558333963226,1645.7624158966278,2067390
2020-08-04,1629.9453125,1642.8552816033382,1545.2921202615044,1547.213770774538,2098343
2020-08-05,1651.9215087890625,1690.1091051891078,1633.9363827425896,1642.7072353948415,1857434
2020-08-06,1668.8720703125,1714.7465151445906,1630.191725071451,1663.9939602423226,1406163
2020-08-07,1717.8997802734375,1727.557594752601,1675.8688831203274,1675.8688831203274,1570379
2020-08-10,1759.2410888671875,1771.9045651759316,1728.5431631360311,1733.4212727460663,1082244
2020-08-11,1725.34033203125,1771.8552424563486,1713.268123510683,1764.0206736175567,697840
2020-08-12,1682.225341796875,1728.1983079742497,1678.3819206469261,1725.3403732576912,804252
2020-08-13,1700.0628662109375,1752.0966054823853,1686.6602728527325,1699.9643416131835,1005174
2020-08-14,1682.5703125,1724.6013348051217,1663.0084299906532,1709.8190376496493,765898
2020-08-17,1679.6630859375,1702.1814266770612,1661.530111667405,1690.1092179772238,479355
2020-08-18,1672.518310546875,1691.883142861307,1654.4346587046257,1679.6630871293996,639935
2020-08-19,1660.544677734375,1693.3121023840295,1657.588218367489,1685.1818391250927,606462
2020-08-20,1668.6253662109375,1679.2686664416358,1647.7331046305253,1654.6315087767057,455458
2020-08-21,1653.153564453125,1723.6158475281763,1641.47557376545,1690.1093073246554,1091774
2020-08-24,1666.01416015625,1675.3269589556953,1651.0840164328877,1670.892269946695,525574
2020-08-25,1640.29296875,1691.5875895679806,1634.5772191875656,1666.457683634987,682054
2020-08-26,1627.2353515625,1640.2930484167791,1611.4675666818607,1640.2930484167791,748724
2020-08-27,1626.0526123046875,1655.5678828146422,1614.4238242911752,1631.9655308948863,476278
2020-08-28,1637.8291015625,1651.5767092500073,1623.638193405716,1629.7974835080129,548801
2020-08-31,1610.826904296875,1652.611433001786,1598.4590013886238,1645.762350381629,626908
2020-09-01,1646.5999755859375,1670.399496902416,1602.499457894856,1611.270311171357,1106516
2020-09-02,1673.9964599609375,1683.6049521459297,1645.762251173004,1663.2053119432298,1098000
2020-09-03,1674.292236328125,1692.0803157223577,1663.9939505516604,1678.431351795625,588865
2020-09-04,1625.954345703125,1665.2259621776623,1619.1544641857665,1660.544900884368,456702
2020-09-07,1625.313720703125,1643.6930692382919,1596.8824573035347,1629.9947818966007,443358
2020-09-08,1627.6788330078125,1661.4317462802805,1607.1806652951468,1635.8582989355289,710352
2020-09-09,1583.134765625,1663.6490861673008,1577.5668630481086,1612.2559402943973,1000765
2020-09-10,1585.5491943359375,1591.5606377003407,1562.0453662537752,1576.7783407557556,936677
2020-09-11,1588.406982421875,1624.7221311683559,1571.900085691781,1590.5750043207042,867578
2020-09-14,1600.13427734375,1629.2061271935772,1567.071279608976,1614.1282569082728,1094575
2020-09-15,1648.5709228515625,1673.8979958590423,1577.813070537674,1577.813070537674,2802668
2020-09-16,1664.38818359375,1713.1697656275792,1653.6956790662662,1668.3793317627851,2077987
2020-09-17,1754.1640625,1763.9363135177264,1661.673437739559,1673.3704731342616,2006191
2020-09-18,1804.8514404296875,1847.7900166856975,1751.1536391628688,1754.1642026724223,3235148
2020-09-21,1807.91162109375,1875.478140647017,1787.5773932782286,1800.5084179069856,2220744
2020-09-22,1766.058837890625,1819.164410275266,1740.2463117763684,1819.164410275266,1384803
2020-09-23,1794.339111328125,1811.1689878849804,1737.4331311341755,1768.8720437502998,1421474
2020-09-24,1922.5130615234375,1948.5229563196183,1772.030555239238,1800.4589018880363,5742817
2020-09-25,2001.4805908203125,2020.5808300636663,1895.812160669121,1941.7614211970335,3665739
2020-09-28,2033.314208984375,2069.9354815196716,1973.2989845352604,2008.7356723378787,2422864
2020-09-29,2058.28759765625,2087.653633271137,2028.5268209835806,2033.3140805152386,2160713
2020-09-30,2120.326416015625,2140.018884769333,2059.176016837419,2076.84489555105,2025626
2020-10-01,2062.779052734375,2131.08588834992,2049.7000612527477,2123.238541658878,1224430
2020-10-05,2099.30126953125,2129.16085030159,2041.4083275079195,2067.961048392133,1594662
2020-10-06,2098.36376953125,2128.0259824794257,2076.647708815598,2114.8481856038347,903168
2020-10-07,2145.05322265625,2160.155562114211,2069.9353024564157,2092.342279230236,1470503
2020-10-08,2219.62841796875,2227.771941969154,2159.6133066120806,2161.735461925396,1899346
2020-10-09,2247.711181640625,2284.134843114647,2207.48711299027,2215.9265714122853,2181213
2020-10-12,2244.305419921875,2302.8895254631493,2202.205971413753,2202.205971413753,2053057
2020-10-13,2225.353271484375,2262.9122337473405,2217.2097487238884,2252.794523650978,939023
2020-10-14,2198.94873046875,2244.601817066288,2181.674589594006,2235.767376073999,1405987
2020-10-15,2154.430419921875,2260.444167907355,2146.9284127504357,2215.037865844587,2782519
2020-10-16,2182.02001953125,2190.360913070787,2146.928790414133,2181.4770698001075,1036072
2020-10-19,2183.550537109375,2212.0774547438723,2157.836692527638,2195.59303462668,760641
2020-10-20,2183.6982421875,2196.283688040315,2148.0148979889254,2186.215379556002,869774
2020-10-21,2121.758056640625,2202.6503428189135,2108.136114429363,2196.2836362062762,1473524
2020-10-22,2074.574951171875,2142.733824942676,2065.5431394722896,2121.7580820980224,1391948
2020-10-23,2048.21923828125,2079.8556366415482,2026.1084378397609,2071.1197618077176,1124706
2020-10-26,2025.8123779296875,2083.754727897351,1998.0256671465381,2052.167730600944,1236009
2020-10-27,2091.305908203125,2119.2901101522357,2008.3407575105996,2052.611884524967,1429726
2020-10-28,2052.46435546875,2104.533557704375,2039.3359586502604,2080.645933976212,958986
2020-10-29,2058.929443359375,2072.896722498438,2034.40006908061,2051.0818558324686,606805
2020-10-30,2092.095947265625,2117.0694690936243,2051.131553761774,2061.0024919554726,1071769
2020-11-02,2042.593017578125,2121.0175629225755,2038.348466520125,2110.505111537117,637352
2020-11-03,2084.1005859375,2131.9252322327957,2053.0562932115376,2058.090567975125,1528660
2020-11-04,2076.45068359375,2120.2775533851586,2061.051923402333,2085.7292692285105,725363
2020-11-05,2095.205322265625,2111.936513386679,2077.3388287208554,2104.533310148187,466474
2020-11-06,2058.978271484375,2140.4628895411206,2035.9297824475832,2100.535004961466,1290149
2020-11-09,2057.497802734375,2082.2739484816875,2002.9610018480125,2072.69918876292,1534921
2020-11-10,2007.156494140625,2063.025977371428,1960.368225387395,2063.025977371428,2804380
2020-11-11,2167.015869140625,2180.2428259958624,2023.5417287114967,2036.3739445521062,3735087
2020-11-12,2083.212158203125,2176.7393000716843,2066.974512641301,2127.187237221587,2435538
2020-11-13,2236.556884765625,2284.134751442157,2084.248283349228,2093.6750760917907,4605948
2020-11-14,2255.1630859375,2293.5117651069263,2240.751665319069,2245.6377299841865,325596
2020-11-17,2277.57080078125,2311.3787608329108,2236.8037817764944,2254.522065926801,1832334
2020-11-18,2259.161376953125,2298.546561466332,2252.8440734621763,2261.5797083993625,1036844
2020-11-19,2269.377685546875,2383.831145124159,2247.6122225456356,2259.1611699576224,2584654
2020-11-20,2319.275390625,2367.6921424970133,2294.696613571928,2304.8637266024116,2144949
2020-11-23,2344.692626953125,2371.8376980333132,2298.4472003715737,2343.359954340612,1693126
2020-11-24,2283.493408203125,2392.122881896946,2267.206361433367,2351.8988118443617,2018323
2020-11-25,2212.570556640625,2324.6056930130144,2207.4871204169553,2305.357365618639,1501778
2020-11-26,2274.609130859375,2288.0828614951893,2215.0379383930995,2227.327204960321,1207176
2020-11-27,2317.597412109375,2344.347750202298,2268.3415284062658,2285.0727199413495,8998610
2020-12-01,2431.211669921875,2476.470010355871,2318.7323962409614,2353.23127125203,2001392
2020-12-02,2380.42529296875,2452.9766626233936,2344.7911224976297,2442.760148868016,1611325
2020-12-03,2359.05517578125,2468.7707869228143,2341.287488890925,2468.7213840390723,1745381
2020-12-04,2403.227294921875,2413.443809899516,2369.0245986743716,2369.0245986743716,1219317
2020-12-07,2401.302978515625,2436.690386749246,2386.842151106119,2403.227763179154,778998
2020-12-08,2418.82373046875,2472.669740480339,2384.571626972207,2434.1730858381297,1412683
2020-12-09,2411.174072265625,2487.4764742163125,2401.5993102255115,2472.818034311655,1650915
2020-12-10,2362.16455078125,2423.2655524443076,2339.411993532296,2423.2655524443076,1121002
2020-12-11,2329.4423828125,2381.857155951439,2314.7347827211456,2372.5785713419464,1654915
2020-12-14,2326.382568359375,2359.499611445048,2316.709001535513,2345.1373493688234,800654
2020-12-15,2324.80322265625,2361.7206746252127,2304.8639764964887,2330.5284147786765,1060707
2020-12-16,2358.85791015625,2380.129828882929,2329.5412736811663,2338.425117521476,948217
2020-12-17,2373.466796875,2391.7280302882614,2349.5297746981573,2364.0894067438658,1184865
2020-12-18,2356.93310546875,2396.6636289720973,2336.5988777891753,2373.9604726844705,1065060
2020-12-21,2305.30810546875,2402.5862450597183,2274.9549719290676,2354.2186501509564,1241568
2020-12-22,2377.267333984375,2393.7023485590194,2221.94803571396,2309.7993796404558,1249868
2020-12-23,2402.388916015625,2429.139013149912,2359.1541597848095,2359.1541597848095,1093766
2020-12-24,2381.906494140625,2421.192871485705,2374.2565179876005,2403.5731525954507,543157
2020-12-28,2357.9697265625,2398.094993288489,2344.8413307748715,2394.196020961672,784636
2020-12-29,2345.828125,2384.4235841930476,2340.399109772775,2371.9861074584473,585199
2020-12-30,2365.422119140625,2372.973289660688,2320.8546933370935,2352.09635399486,569168
2020-12-31,2381.659912109375,2396.6636893140617,2354.2186569250566,2359.2529315810243,855723
2021-01-01,2383.68310546875,2398.6374772955346,2364.0892008735823,2374.453683800168,423934
2021-01-04,2378.15576171875,2397.6508644660553,2367.2977298088585,2386.8916383330425,527018
2021-01-05,2477.062255859375,2483.3798001805967,2355.008215334132,2373.9603663184485,1720467
2021-01-06,2469.8564453125,2506.0829774846534,2448.9795096131197,2489.4503519727077,1108589
2021-01-07,2476.17431640625,2530.9086219872447,2467.7346158221962,2469.85677119592,1014690
2021-01-08,2520.543701171875,2545.7145899049406,2483.231512028456,2501.196568730201,862326
2021-01-11,2517.632080078125,2558.399101249207,2491.918239000032,2531.648763507757,422296
2021-01-12,2484.76171875,2551.637319681696,2475.828472198826,2525.972882423776,500012
2021-01-13,2447.202880859375,2504.9972705772825,2406.287891380069,2495.373106105554,662618
2021-01-14,2479.579345703125,2496.261132644193,2443.05687922581,2449.8677292811167,603193
2021-01-15,2558.892333984375,2579.9666389334693,2477.703880827334,2487.4760116199764,1941813
2021-01-18,2575.57421875,2596.895538917067,2514.177039236427,2565.9500552421673,1572820
2021-01-19,2611.3564453125,2624.682210578695,2546.701806428369,2584.70491478011,1202289
2021-01-20,2641.265625,2648.224684453061,2609.135673773095,2611.1098613632003,1064146
2021-01-21,2551.686279296875,2650.3462333419748,2541.1735881909517,2640.475297649826,994932
2021-01-22,2564.370361328125,2617.772221364951,2533.968071307611,2556.6218211791856,1194708
2021-01-25,2652.22216796875,2673.049943019617,2577.153879162777,2577.153879162777,1764152
2021-01-27,2566.838623046875,2714.1623728072313,2553.858435963031,2663.17907439492,1665899
2021-01-28,2588.554443359375,2664.6594646389885,2547.2447162750386,2560.5210784491705,1410605
2021-01-29,2528.193603515625,2641.956146338534,2518.0758936333273,2588.7518951582174,921579
2021-02-01,2629.1240234375,2642.0056441925426,2495.4716352178475,2556.5726377710253,879244
2021-02-02,2670.236572265625,2709.5723547588177,2643.4370732401144,2644.91771387113,607131
2021-02-03,2685.5859375,2771.907238384756,2669.101519949727,2679.860745509271,1286454
2021-02-04,2696.39453125,2712.434804600995,2651.3337982013863,2694.765922967157,455213
2021-02-05,2703.2548828125,2747.0817463658386,2652.9622663853556,2704.636717586201,941316
2021-02-08,2695.0126953125,2744.1206090902847,2689.8304531550452,2705.6239530634784,564043
2021-02-09,2753.30078125,2799.9903661321837,2702.7616269482924,2711.053118462512,1052950
2021-02-10,2720.923828125,2791.5010288182475,2710.2137649106435,2777.5337491328673,745906
2021-02-11,2720.923828125,2743.626983592758,2694.7658446512787,2724.378656130963,581642
2021-02-12,2712.6328125,2753.991950049297,2690.916746944056,2732.275884493353,693562
2021-02-15,3050.76123046875,3086.6421850114643,2724.8229193795796,2741.1593692922406,4446974
2021-02-16,3161.414306640625,3211.5587141476976,3007.67446486113,3049.1323997230165,4381584
2021-02-17,3193.248046875,3241.6156370749613,3135.9966135770865,3135.9966135770865,2081001
2021-02-18,3066.653564453125,3196.012250977797,3054.068118908174,3183.870949430612,1477343
2021-02-19,2882.26416015625,3069.1210431086993,2858.6233145751526,3050.2182954182017,2037556
2021-02-22,2891.74072265625,2929.595625720083,2829.899150793801,2880.7838849565906,1246303
2021-02-23,2958.0732421875,3013.103719622038,2899.5879365732144,2907.18851037072,1465930
2021-02-24,3020.1611328125,3079.7323338061906,2961.3304930810314,2976.0874956492517,1088420
2021-02-25,3051.4521484375,3099.4247567604584,3018.4336720024403,3060.9775060672855,819639
2021-02-26,3019.173828125,3132.9857716026318,2981.664270270459,3030.377437195837,2103433
2021-03-01,3041.3837890625,3058.0164150236246,2968.7338341902873,2999.827287086751,678218
2021-03-02,3047.454345703125,3111.319258166153,3027.8110370111317,3065.419402358816,944553
2021-03-03,3017.545166015625,3079.2385166456465,3010.043158183154,3074.8954011571536,536623
2021-03-04,3002.838134765625,3041.5321633909634,2978.06198407729,3018.5328297342903,687383
2021-03-05,2842.33642578125,2978.8021354059274,2832.959035246462,2961.2812215119816,1486110
2021-03-08,2829.60302734375,2897.959269221982,2810.0091200990255,2863.558955794247,952087
2021-03-09,2848.85107421875,2889.173705150426,2790.2175669269604,2833.4523169123017,883183
2021-03-10,2866.61865234375,2887.199409541053,2843.5699201290877,2872.442408253283,432551
2021-03-12,2937.9365234375,2991.8810994550954,2889.7168982694793,2893.270532097895,1512021
2021-03-15,2957.925048828125,2985.958413237528,2877.378107301618,2959.3068835987137,918701
2021-03-16,3033.585693359375,3040.2485757900836,2952.199866533318,2963.2552677018934,1081398
2021-03-17,2958.714599609375,3042.519000455548,2931.668328263021,3040.248636717207,740599
2021-03-18,2920.513916015625,3025.442018560365,2884.2876274823448,2986.9453664481775,789785
2021-03-19,2896.724853515625,2944.352117718933,2849.985877119217,2915.874372156955,2288304
2021-03-22,2867.60595703125,2906.2505783538345,2837.8943407547845,2875.4039007369347,488626
2021-03-23,2908.718505859375,2929.49687748086,2859.462624163323,2880.240754795123,630061
2021-03-24,2881.918701171875,2938.4298123252615,2866.5693468004033,2919.675033077849,627981
2021-03-25,2773.091552734375,2954.371199324104,2751.5234607804678,2889.2230205217684,1001626
2021-03-26,2814.895263671875,2867.5074099596054,2782.617345499528,2803.3463147281514,918204
2021-03-30,2887.84130859375,2932.556458607791,2837.894272993204,2865.039348647922,1420415
2021-03-31,2865.186767578125,2890.160280595624,2844.852786666628,2863.558159746608,665173
2021-04-01,2856.698486328125,2876.34155398222,2806.702047305655,2849.0979132604953,842489
2021-04-05,2881.820068359375,2976.0875170760455,2848.752429280752,2884.2878026189737,1241115
2021-04-06,2945.043701171875,2976.087752414546,2889.4208701661937,2901.0686249904975,1015604
2021-04-07,3057.819091796875,3074.7970562369073,2960.04740686691,2960.2941803064155,1240450
2021-04-08,3074.402099609375,3103.619928204785,3049.5271458592556,3094.3413439257006,800699
2021-04-09,3091.725341796875,3123.312339233833,3065.8141329618707,3106.877326025782,934037
2021-04-12,2965.969970703125,3078.745432606056,2940.601709308893,3078.745432606056,961549
2021-04-13,2942.279541015625,3022.382098231571,2912.9135034931173,2993.2136722404484,544916
2021-04-15,2954.865478515625,2999.7288463853406,2864.8425664193883,2997.8040615506775,692875
2021-04-16,3021.494140625,3033.3392662987994,2955.3588556129534,2961.0346449983153,622872
2021-04-19,3116.649658203125,3201.292945862865,2966.85818412306,2998.7907628022276,3552506
2021-04-20,3227.450927734375,3266.29316252412,3140.685484998827,3168.5708829563087,2575420
2021-04-22,3187.2763671875,3291.069421265133,3175.727418324471,3226.8095207095175,1307224
2021-04-23,3158.748779296875,3256.4216383792213,3130.0736633223737,3215.950802618825,1030125
2021-04-26,3133.677001953125,3211.015891808321,3111.319425447227,3188.6583153024226,557667
2021-04-27,3149.865478515625,3163.6353877777515,3117.044612168165,3158.6999191540735,505348
2021-04-28,3157.95947265625,3207.0673834993063,3141.5244591920796,3168.5707297730914,575824
2021-04-29,3197.09765625,3217.925429505551,3157.9594878360845,3157.9594878360845,589707
2021-04-30,3156.23193359375,3267.2799687866495,3141.721705193143,3213.9769118940576,906562
2021-05-03,3162.944580078125,3180.218720860169,3099.4744031781634,3167.386501993508,728281
2021-05-04,3140.191650390625,3201.391456229279,3125.5332134027612,3191.4217140435703,581864
2021-05-05,3289.885009765625,3313.6740680441017,3135.158048143369,3158.5029623854653,1679977
2021-05-06,3303.95068359375,3342.2005656500064,3258.100228010703,3314.5127793016736,1124908
2021-05-07,3268.11962890625,3353.1576640251683,3259.383752314132,3303.9509413261817,774478
2021-05-10,3280.803466796875,3299.4596833687237,3219.505089177136,3272.2157993223823,627199
2021-05-11,3216.14892578125,3272.2159010315545,3203.366109448764,3272.2159010315545,670759
2021-05-12,3155.49169921875,3232.632973369203,3144.4857011604713,3232.632973369203,703372
2021-05-14,3100.411865234375,3170.2981464099134,3055.4005377409057,3158.6997955979523,842794
2021-05-17,3111.664794921875,3148.779371937219,3074.8955560936693,3106.3837474459856,847722
2021-05-18,3122.670654296875,3147.2985918187824,3099.473954320274,3133.0351372651435,639445
2021-05-19,3188.0166015625,3194.334146087717,3120.894227291295,3139.15546146802,711069
2021-05-20,3178.392333984375,3230.5109299172827,3172.519174625055,3204.007367485731,752076
2021-05-21,3205.833740234375,3217.333286075043,3183.3773573261055,3204.501067270318,471439
2021-05-24,3219.011474609375,3242.6029184727104,3198.331668075772,3206.0804502889996,611909
2021-05-25,3158.353759765625,3224.8346063099248,3129.7280470068285,3224.09428615237,622276
2021-05-26,3142.51123046875,3178.4413405310697,3137.0822157566627,3163.6349367708317,260821
2021-05-27,3157.712890625,3181.995493150719,3112.898930992623,3145.374218811054,1084157
2021-05-28,3108.70361328125,3165.6094681923,3099.4741908711635,3157.712718661418,555829
2021-05-31,3127.853271484375,3145.176814724379,3084.6679205960304,3104.409795287845,635444
2021-06-01,3197.986083984375,3207.06729744742,3120.0550878198965,3148.828771578107,706976
2021-06-02,3231.349853515625,3258.3961229998567,3178.44153773388,3202.427961511605,843219
2021-06-03,3381.4375,3390.6669226627987,3224.8845808574683,3228.7835528471655,1098294
2021-06-04,3336.525146484375,3384.3991977186965,3331.4417096048605,3381.1419808388487,380548
2021-06-07,3272.51171875,3336.5245991721263,3265.3058867029335,3336.5245991721263,526855
2021-06-08,3246.995849609375,3269.7484112805296,3213.58286704189,3256.4226441704054,766456
2021-06-09,3263.23291015625,3288.601410600482,3209.041563356706,3247.5382169927907,587528
2021-06-10,3282.777587890625,3301.8285451833412,3254.497448764972,3279.5695332503124,749909
2021-06-11,3293.48779296875,3302.8157809723025,3259.0874784118196,3299.212985078714,277612
2021-06-14,3306.96142578125,3316.634992707918,3242.602961620688,3301.8285864904724,317756
2021-06-15,3255.731201171875,3313.6241503212627,3252.4737437616755,3311.699365802859,461588
2021-06-16,3251.68408203125,3282.0866167846643,3235.693211975979,3267.2802109946583,419575
2021-06-17,3198.775634765625,3240.578904369811,3183.5742486452987,3214.963873501921,356502
2021-06-18,3179.92236328125,3211.0158149166245,3121.733237704412,3193.248128267839,520516
2021-06-21,3196.20947265625,3210.0287847677964,3139.9451304878107,3153.764442599357,200280
2021-06-22,3216.14892578125,3260.321372710711,3188.4117349847234,3196.209679499298,567861
2021-06-23,3202.921630859375,3232.682409006543,3170.544909858404,3232.682409006543,504942
2021-06-24,3161.907470703125,3239.295510014168,3101.2012162901874,3188.2134178862084,1754163
2021-06-25,3394.61474609375,3420.279178602746,3180.6622173889464,3211.262117688134,3717669
2021-06-28,3409.56982421875,3444.9572320093343,3358.290351441649,3403.351326305154,1213113
2021-06-29,3544.801513671875,3558.4234551961645,3375.860520009382,3375.860520009382,2268589
2021-06-30,3573.13134765625,3612.615096996807,3536.3621060828564,3570.3180341198627,1291906
2021-07-01,3630.974609375,3649.235842004259,3548.601692010138,3573.1310657485483,876022
2021-07-02,3685.018310546875,3696.5672591338184,3619.672753004721,3653.233940242834,573795
2021-07-05,3670.11328125,3714.384290293993,3654.9118932666242,3711.472411998473,444545
2021-07-06,3658.416259765625,3702.341932226892,3648.298548693086,3669.915805710733,344090
2021-07-07,3667.645263671875,3709.3005675191166,3649.877577965403,3667.052911085795,466002
2021-07-08,3624.01611328125,3671.9889687854557,3609.8020588302184,3652.24709260919,459811
2021-07-09,3677.81201171875,3695.6785025849067,3625.594855767725,3625.594855767725,469932
2021-07-12,3699.034912109375,3739.900736735235,3681.958383535066,3696.6659835758514,464757
2021-07-13,3701.8974609375,3721.29375527313,3672.9755680356047,3719.3689708030524,246112
2021-07-14,3706.33984375,3726.2790902868405,3661.032093793489,3705.5501205130595,395272
2021-07-15,3713.792236328125,3748.982031831885,3702.144481975471,3726.13090810219,399845
2021-07-16,3730.326171875,3738.1241162815063,3694.0996376342027,3713.7923511864033,226565
2021-07-19,3833.624755859375,3869.357495858963,3716.4073912611643,3730.3255073693163,1044561
2021-07-20,3832.83544921875,3857.5621946984647,3768.032843955982,3839.7945080289223,357815
2021-07-22,3933.864501953125,3952.323105622108,3839.7944257917084,3839.7944257917084,760359
2021-07-23,3868.321533203125,3948.1281578985404,3862.497776575283,3933.8647016570403,335985
2021-07-26,4047.4296875,4105.1250241980015,3879.2781818720937,3886.187837666777,1982531
2021-07-27,4025.61474609375,4135.576884164835,3998.1734939624125,4067.7141945813264,859687
2021-07-28,3976.408203125,4047.0842091241107,3934.061979381498,4047.0842091241107,455244
2021-07-29,3986.624755859375,4002.220884810657,3941.6625887807477,3987.858623007583,449417
2021-07-30,3982.923095703125,4033.709018576795,3955.7780188426946,3978.974720887062,627367
2021-08-02,3995.90380859375,4040.125660564658,3982.9730239593173,4007.255387687257,344295
2021-08-03,4039.878662109375,4170.471217301146,4011.5985217299435,4037.8059097667806,981680
2021-08-04,4013.917724609375,4075.3151455307925,4000.345186236657,4057.7445884861386,305863
2021-08-05,4021.173095703125,4058.6334956705514,3983.9103072740872,4032.080529653137,270458
2021-08-06,4035.288330078125,4124.1265194817315,4020.6298926673685,4037.0157440024386,717143
2021-08-09,3952.02685546875,4057.9420538436275,3938.503720466085,4055.967866515073,431991
2021-08-10,4010.364501953125,4034.0547517537857,3948.3749667767925,3972.0652165774536,364246
2021-08-11,3974.384765625,4030.4514942912137,3864.4717871104235,4012.5358402564166,831738
2021-08-12,4079.757080078125,4089.4800494480987,3924.043048437014,3975.026341798757,556973
2021-08-13,4011.64697265625,4092.2430642101663,3986.081105246804,4091.453582165869,553736
2021-08-16,4289.02099609375,4318.041454909754,4071.9095407560267,4092.490541103176,3709012
2021-08-17,4856.994140625,4909.803649114673,4276.336320642751,4288.921764254776,8069431
2021-08-18,4728.98974609375,4901.935418151572,4703.457707152817,4790.325766277478,2941548
2021-08-20,4688.0986328125,4873.983195825157,4639.4054174004295,4660.93699531069,2331020
2021-08-23,4684.88916015625,4780.102960299687,4662.12295974004,4721.186988994228,699991
2021-08-24,4781.18896484375,4828.796100500712,4692.19746711191,4760.694274760496,1576663
2021-08-25,4712.93896484375,4819.955910248304,4691.5554454261155,4805.14047199959,469002
2021-08-26,4642.56591796875,4721.18661155306,4589.230337001414,4717.680483861794,800419
2021-08-27,4706.4697265625,4772.546484371997,4618.811717355543,4659.060324399864,937887
2021-08-30,4699.01220703125,4768.595572703009,4663.504830521476,4731.26086241265,632354
2021-08-31,4908.404296875,4983.913846415053,4707.4578418765595,4707.4578418765595,2883159
2021-09-01,4977.048828125,5009.395868824909,4884.452337571826,4923.664057680766,841956
2021-09-02,4981.4443359375,5058.978465088108,4951.319610598728,4977.048896216419,900686
2021-09-03,4952.849609375,5010.876735614484,4905.884868621563,4991.814400244289,567961
2021-09-06,4934.03515625,4977.987626363728,4910.824301246122,4967.122970829997,439776
2021-09-07,4817.04150390625,4961.195895696101,4800.20148379117,4958.627790217184,479021
2021-09-08,4752.19970703125,4841.142007515505,4733.137370072515,4839.709655626433,642506
2021-09-09,4661.4794921875,4760.69372761529,4627.354795410298,4756.446828609948,838279
2021-09-13,4687.45654296875,4736.989394414384,4623.750159328273,4676.739946320289,1151299
2021-09-14,4674.2216796875,4714.272555735841,4638.91155107498,4714.272555735841,528943
2021-09-15,4733.087890625,4759.904219822419,4628.885974365179,4691.555471413732,659281
2021-09-16,4820.6962890625,4829.83247523754,4733.087478453047,4759.706073245339,779552
2021-09-17,4847.8583984375,4884.650070691724,4804.597510951284,4815.017509781044,814867
2021-09-20,4818.0791015625,4891.612766387677,4722.865320463944,4804.152493971932,434640
2021-09-21,4831.41259765625,4858.42617270848,4731.210671521211,4798.225924204209,462221
2021-09-22,4844.54931640625,4948.356247514369,4809.979961383695,4864.402099602448,562041
2021-09-23,5021.64404296875,5070.83110935936,4844.648732257044,4870.723809407168,696944
2021-09-24,4673.5791015625,5134.043106780648,4653.578260294261,5092.658746487706,1949974
2021-09-27,4509.375,4712.297323514269,4409.173536383428,4690.370280765875,1885178
2021-09-28,4356.775390625,4572.932714147258,4322.15684554613,4523.646789899743,1051440
2021-09-29,4369.07275390625,4451.644226471826,4345.861900573641,4365.615818303521,571896
2021-09-30,4426.4580078125,4445.273421653273,4329.713002243047,4390.308241696162,808446
2021-10-01,4404.53076171875,4464.385226475281,4380.431079517229,4426.457802421845,534563
2021-10-04,4492.28759765625,4508.831502951856,4386.209161051332,4405.024573866245,535335
2021-10-05,4427.248046875,4520.536118406856,4414.0622100327055,4514.758000883447,425555
2021-10-06,4324.873046875,4453.520426687839,4302.402967099629,4439.69268528761,480575
2021-10-07,4373.8134765625,4413.02519594432,4327.095654304402,4355.738834851041,276775
2021-10-08,4325.3671875,4404.135934021237,4311.88523517706,4404.135934021237,269607
2021-10-11,4323.29345703125,4368.530223269456,4306.354567058174,4346.948969179396,331320
2021-10-12,4297.76123046875,4352.825280144325,4240.474864886986,4295.489722674012,612692
2021-10-13,4323.6396484375,4354.75207537657,4286.601044938607,4331.047369137278,302343
2021-10-14,4275.14306640625,4375.246147695041,4259.290739270353,4349.763785017629,436160
2021-10-18,4277.1181640625,4394.2589924812755,4268.475825068521,4394.2589924812755,345049
2021-10-19,4248.12939453125,4333.663958679252,4174.6449136604915,4298.4526951654925,285362
2021-10-20,4095.72802734375,4264.229046560796,4084.1226003656857,4248.129313814422,510321
2021-10-21,4083.974609375,4182.793394183736,4025.107835539023,4135.482855628953,698306
2021-10-22,3978.834228515625,4137.902949027636,3953.1049421862144,4104.370478952961,347114
2021-10-25,4112.765625,4198.596300114129,3906.3371870497117,3995.624797727601,1151030
2021-10-26,4215.43701171875,4255.487888527339,4084.665685563249,4112.765827510233,790450
2021-10-27,4223.9306640625,4271.88358887005,4163.286232891387,4226.152979814259,623848
2021-10-28,4236.7216796875,4260.92022990369,4173.015292383655,4225.16544443,537955
2021-10-29,4209.609375,4295.489731663833,4109.852083002288,4236.721822021616,705546
2021-11-01,4283.24169921875,4296.476726473218,4205.608712947807,4228.523448398334,239375
2021-11-02,4237.1171875,4340.924138786655,4218.005172482049,4286.600856048711,389193
2021-11-03,4383.9873046875,4395.197750084065,4247.141742557119,4263.883381683656,667752
2021-11-04,4383.9375,4422.902296661771,4365.467875798254,4393.27141928351,69818
2021-11-08,4351.146484375,4419.939411384661,4324.132903473083,4383.987374973556,285968
2021-11-09,4477.12646484375,4499.497679605606,4365.615698766581,4399.197357987862,547476
2021-11-10,4496.8310546875,4527.597683327869,4424.877317039453,4466.459407924339,359967
2021-11-11,4511.05419921875,4669.925184708262,4471.348630249706,4489.176831003729,1110123
2021-11-12,4612.04638671875,4630.318762380876,4514.906390460276,4556.142697697776,423439
2021-11-15,5018.43310546875,5084.213259111494,4741.729744723441,4741.729744723441,3044498
2021-11-16,5034.1376953125,5140.956905158086,4977.987089720798,5017.494923766201,1118231
2021-11-17,5663.39892578125,5772.4896452411085,5012.704597366308,5017.495018789709,6482125
2021-11-18,5519.8369140625,5771.896596042571,5477.909033913522,5663.398596860672,2165157
2021-11-22,5352.818359375,5570.605322792693,5247.628737588223,5528.134395686295,1204625
2021-11-23,5387.140625,5471.835552550763,5284.17332240913,5308.37187313792,763056
2021-11-24,5330.79248046875,5414.005859670351,5239.825592032264,5398.745765174471,697909
2021-11-25,5630.9033203125,5679.251225831317,5259.5296749364,5333.557672954628,1575738
2021-11-26,5617.619140625,5862.369984909792,5558.209330351557,5638.755735840844,2613669
2021-11-29,5657.02783203125,5785.922137064873,5481.711823269042,5699.004904551778,1189390
2021-11-30,5617.767578125,5758.218133587108,5560.333155715813,5684.190130035493,1352746
2021-12-01,5502.45458984375,5694.067619897544,5463.63832872677,5648.337486562128,835169
2021-12-02,5524.1337890625,5737.525288095487,5510.207180891154,5556.530020572076,1236317
2021-12-03,5365.55908203125,5585.074494633138,5353.311749391379,5524.133947292843,844674
2021-12-06,5234.5908203125,5400.721472564467,5211.133041421973,5399.733776611182,489242
2021-12-07,5249.25830078125,5368.374531451105,5171.526917154145,5234.590919143354,595254
2021-12-08,5267.87548828125,5300.963297197988,5213.058372016207,5247.627724615783,557196
2021-12-09,5168.41455078125,5319.72974497736,5146.882974577984,5303.9266116837025,689987
2021-12-10,5180.76123046875,5262.838858100431,5166.143523722038,5200.2190330554495,416165
2021-12-13,5142.63671875,5263.4317410653075,5111.326564085751,5221.652395103017,480443
2021-12-14,5147.87060546875,5185.403046567716,5002.728512046434,5062.928765086878,1007056
2021-12-15,5128.66064453125,5205.059026178383,5106.437484649802,5165.650052443301,377883
2021-12-16,5140.26513671875,5177.501461850862,5079.719576173023,5165.599920190322,265216
2021-12-17,4727.8037109375,5136.018194945671,4671.80116578712,5136.018194945671,1133941
2021-12-20,4647.06005859375,4764.6450636163,4586.020162071445,4721.186443633067,994682
2021-12-21,4787.955078125,4810.079371386755,4637.2817686161725,4701.432814743523,1004676
2021-12-22,4716.7900390625,4839.955886593147,4691.554606666486,4839.90669471713,779992
2021-12-23,4817.5361328125,4838.722403606607,4727.6558023923735,4743.903593493067,582129
2021-12-24,4782.9169921875,4845.586484664066,4764.397695625081,4819.955585312338,348742
2021-12-27,4780.49755859375,4800.202285576623,4696.494211505523,4794.621899950336,315490
2021-12-28,4784.59619140625,4833.783249379443,4751.014534177214,4795.06538107663,348173
2021-12-29,4915.3671875,4929.886026906304,4773.533969180178,4805.1402358910755,861183
2021-12-30,4909.58935546875,4948.010629215297,4879.217706787834,4938.430268426324,617460
2021-12-31,4951.71435546875,4994.580259575267,4892.057621649324,4918.725410016886,504012
2022-01-03,4929.09619140625,5005.642620588494,4917.589631087078,4976.456400822547,310798
2022-01-04,4903.51416015625,4967.022800646606,4860.549397280889,4953.293926895114,369814
2022-01-05,4912.05908203125,5075.4239023147065,4861.439662546185,4900.947502144284,966342
2022-01-06,4903.36767578125,4976.012524792976,4844.648954765691,4908.849195756469,585391
2022-01-07,4960.060546875,4996.852217629435,4896.996069811718,4898.971461530077,549876
2022-01-10,5002.9267578125,5022.433752228728,4901.93485001203,4960.060851347469,542304
2022-01-11,4996.802734375,5078.23845398494,4958.529518369571,4987.86427941728,742409
2022-01-12,4952.7021484375,5036.261316748804,4944.059809445236,5012.556615512882,360219
2022-01-13,4922.03466796875,4988.852201976092,4892.20605761736,4963.073241440718,457570
2022-01-14,4912.84912109375,4953.295465410617,4869.341304979928,4936.405767269284,207639
2022-01-17,4851.3154296875,4923.368039881067,4839.710002640352,4912.79950063941,337077
2022-01-18,4559.0068359375,4849.488315290893,4449.5703160785,4839.7102217058045,3507266
2022-01-19,4460.38525390625,4558.216334658426,4345.861727518325,4558.216334658426,2404880
2022-01-20,4587.650390625,4666.863806234921,4434.755235977735,4469.324597505401,2747887
2022-01-21,4633.9228515625,4675.504940730077,4488.929302660547,4592.736226529153,1008450
2022-01-24,4442.8046875,4652.83814646431,4407.3464973826585,4632.294262474014,737762
2022-01-25,4430.8037109375,4479.200808983852,4197.806349654736,4360.677303564214,917284
2022-01-27,4239.4375,4372.529515405673,4098.937765740579,4372.529515405673,1244330
2022-01-28,4423.49462890625,4508.831451936198,4281.908335598337,4292.526065742545,932049
2022-01-31,4402.50634765625,4527.597934985589,4304.427856951892,4527.597934985589,934551
2022-02-01,4456.53271484375,4476.484363241529,4389.320207456639,4423.691828953126,548762
2022-02-02,4608.88525390625,4625.379968591281,4465.027440383283,4474.262493640509,676206
2022-02-03,4585.67431640625,4646.862270117729,4546.166480537243,4610.515254027598,777217
2022-02-04,4630.21923828125,4735.01386350477,4545.12933800231,4582.908703934529,829635
2022-02-07,4420.0869140625,4666.418158551257,4395.2956521800825,4629.725354781195,597040
2022-02-08,4345.36767578125,4473.96586195953,4326.107607664933,4442.161864263251,628869
2022-02-09,4520.931640625,4530.561676890464,4375.542592507799,4459.151447031329,842211
2022-02-10,4534.16650390625,4566.11856566469,4472.386312588427,4519.746045985264,487802
2022-02-11,4459.34814453125,4556.6858653221525,4421.371526352281,4553.278121540927,572726
2022-02-14,4431.14990234375,4620.441738149954,4348.578422967019,4423.989106575988,1094132
2022-02-15,4606.0205078125,4617.477875573403,4446.507635747237,4474.261984245459,791080
2022-02-16,4528.38818359375,4665.875652285969,4499.004229178951,4637.232469831209,584166
2022-02-17,4508.53564453125,4610.070589621486,4494.016321966312,4527.5979823941925,520450
2022-02-18,4416.53125,4536.289373570744,4407.641987219491,4448.582173712405,388145
2022-02-21,4372.18408203125,4469.274881091149,4336.627028632971,4415.988492880755,392246
2022-02-22,4519.74560546875,4548.882634358765,4247.092346680182,4273.760135833756,833525
2022-02-23,4554.06787109375,4676.739889618866,4534.017838077171,4538.462469440061,755051
2022-02-24,4328.03466796875,4479.201347435335,4297.514475835613,4370.554787740101,814710
2022-02-25,4576.43994140625,4689.185336386875,4410.803139528854,4513.770441168195,1187316
2022-02-28,4743.70556640625,4766.620303668087,4514.955587050992,4558.2164735657325,1617666
2022-03-02,4801.43701171875,4843.611822349978,4721.384446633815,4767.608424904378,1194676
2022-03-03,4857.291015625,4907.861241857594,4815.067013192033,4819.956301119955,930907
2022-03-04,4688.8388671875,4829.239728123049,4673.974238368219,4819.955484096055,738388
2022-03-07,4606.95947265625,4674.566967721129,4527.449952619326,4563.155062988683,643012
2022-03-08,4664.146484375,4681.678084798031,4538.8571758830685,4602.6624209195825,670238
2022-03-09,4652.98583984375,4755.656531491813,4636.244202700117,4720.198347827835,447387
2022-03-10,4711.013671875,4759.706890398846,4686.61738845041,4746.47186082503,363906
2022-03-11,4794.375,4803.165397486841,4676.9872400677705,4689.580363410965,436703
2022-03-14,4862.9208984375,4954.825811570509,4804.202182645615,4829.833084870392,626924
2022-03-15,4753.73193359375,4937.492592210834,4642.171470972379,4889.046293492307,686998
2022-03-16,4882.822265625,4896.156158980734,4772.743857618888,4833.388283537707,477521
2022-03-17,4780.34912109375,4936.503933822399,4765.533683117093,4886.131444701761,852493
2022-03-21,4708.74072265625,4854.425848892533,4696.542583428581,4815.01688408057,509842
2022-03-22,4620.04638671875,4768.59575196574,4416.827957562381,4738.964875296525,1255679
2022-03-23,4551.50048828125,4658.023106424138,4539.0554233526145,4639.701540191282,896055
2022-03-24,4571.59912109375,4627.354740924143,4502.510090473193,4543.351407533454,719101
2022-03-25,4625.5771484375,4705.382775908818,4565.524954628649,4612.539371010534,968364
2022-03-28,4601.2802734375,4661.924705997277,4543.450388409026,4654.813102519449,524802
2022-03-29,4556.98193359375,4639.701464764376,4542.462611034149,4628.244095932633,778391
2022-03-30,4558.01904296875,4635.948638658064,4523.301627041288,4619.453923507397,4839707
2022-03-31,4460.53271484375,4577.673523094195,4445.470355190414,4568.092681749638,1225845
2022-04-01,4451.4462890625,4501.917642989032,4400.283837411328,4501.917642989032,827880
2022-04-04,4508.7822265625,4526.906059041399,4443.6434943220775,4500.929851883909,619577
2022-04-05,4498.2138671875,4548.339432046646,4486.262650835374,4548.339432046646,487075
2022-04-06,4456.236328125,4552.289740417383,4442.803569385746,4510.806518656148,653418
2022-04-07,4480.68212890625,4527.301564951131,4434.754272851111,4475.249801845965,413722
2022-04-08,4549.47607421875,4571.551177439299,4458.4599794665655,4517.721742596382,685882
2022-04-11,4604.78662109375,4628.985172101318,4519.2028626584,4550.315285382417,652187
2022-04-12,4569.37744140625,4624.392297055029,4538.018095948861,4611.552250096099,574409
2022-04-13,4686.07421875,4705.383481563677,4572.0445290004745,4572.0445290004745,812061
2022-04-18,4498.46044921875,4686.073456340203,4462.40955309481,4666.3687325357305,579482
2022-04-19,4757.08935546875,4810.079145286061,4527.005397283335,4537.475070522416,1713344
2022-04-20,4722.125,4790.3252103430505,4673.1843778168895,4746.866589878083,777140
2022-04-21,4825.1416015625,4843.315110444034,4711.408510274503,4780.448360178599,771623
2022-04-22,4754.47216796875,4800.202297357254,4729.088189248258,4790.276146009737,381911
2022-04-25,4618.5146484375,4706.963094695159,4551.647933650733,4706.963094695159,421185
2022-04-26,4567.15478515625,4682.666007289927,4544.38858880847,4674.764440519558,548203
2022-04-27,4467.29931640625,4601.625957380742,4444.631502832451,4563.15500957465,476441
2022-04-28,4482.01611328125,4546.364407252927,4449.61939711775,4523.647400655747,552600
2022-04-29,4399.54443359375,4539.451496512636,4376.4816320817,4489.0789929612565,465103
2022-05-02,4251.7841796875,4385.370058147976,4237.215664291625,4385.370058147976,568610
2022-05-04,3963.919921875,4272.130469335327,3946.8821679516896,4249.561522031512,1729814
2022-05-05,3900.509765625,4004.2670214372224,3881.6446784936784,3992.2666133515136,1122769
2022-05-06,3780.258056640625,3850.6805824691032,3744.4046466996324,3850.6805824691032,891448
2022-05-09,3720.0087890625,3761.0967964673714,3693.6371139242824,3758.1831416020127,521295
2022-05-10,3641.5361328125,3736.1574538608556,3616.745108937036,3723.6137634156826,836241
2022-05-11,3634.374755859375,3688.9449488370633,3575.1130078293063,3664.252553824535,524764
2022-05-12,3536.791015625,3605.0900917300837,3497.875651870607,3605.0900917300837,717916
2022-05-13,3504.147705078125,3667.216160132859,3486.566669114174,3557.5819107641128,957908
2022-05-16,3641.3876953125,3662.2773662019263,3509.3328076577504,3536.9388585920015,600622
2022-05-17,3766.232666015625,3785.7890937971174,3632.795089598362,3666.3273184348313,843357
2022-05-18,3689.04443359375,3794.7279019724733,3679.167473932187,3774.9739826493474,427461
2022-05-19,3587.11376953125,3672.105044070112,3565.18697029646,3565.18697029646,572640
2022-05-20,3622.868408203125,3649.536196376921,3541.877347823448,3649.536196376921,692428
2022-05-23,3671.21630859375,3718.3293558399478,3620.8932496014518,3622.868641445206,401917
2022-05-24,3586.9658203125,3693.982770561385,3569.03923567475,3693.982770561385,471324
2022-05-25,3480.936279296875,3628.7448560481103,3443.255540676987,3605.336514332377,370431
2022-05-26,3617.732421875,3663.3639220976256,3320.1890458890443,3344.3381612894477,1730687
2022-05-27,3814.234619140625,3832.2600692084225,3529.037429711777,3654.474808265764,1733752
2022-05-30,3844.06298828125,3867.3727078455777,3773.4427318261664,3842.1370295143593,666686
2022-05-31,3930.338134765625,3950.585899642371,3791.8137921332536,3807.5674926758734,1361696
2022-06-01,3791.764892578125,3940.660062558889,3743.417222261134,3891.0777722586413,794887
2022-06-02,3600.39892578125,3797.6912062626448,3579.1634612988973,3797.6912062626448,1891062
2022-06-03,3544.642822265625,3648.49894172996,3502.7151827539037,3643.609895627299,1305662
2022-06-06,3588.990478515625,3604.9911035781115,3498.517680398383,3536.050123917725,561188
2022-06-07,3564.890869140625,3588.9905527070823,3481.628056332068,3588.9905527070823,490554
2022-06-08,3591.459716796875,3600.151488783141,3513.234251193863,3555.7051741068058,342056
2022-06-09,3624.893310546875,3635.36274218687,3517.1850266671768,3580.200072002452,483671
2022-06-10,3654.96875,3669.29034083232,3551.260678455614,3575.9530764423725,624657
2022-06-13,3606.966796875,3632.795191032798,3547.8039050467496,3604.1025750321796,523342
2022-06-14,3660.598876953125,3711.6135201742454,3578.175693755745,3583.558588743078,655865
2022-06-15,3676.8955078125,3709.8846958156905,3601.040413864619,3691.957870406748,466405
2022-06-16,3618.572021484375,3728.552057434506,3602.1269810499716,3698.9211801568804,678602
2022-06-17,3655.70947265625,3678.1795545212767,3512.345508332528,3555.7052621580547,768620
2022-06-20,3764.80029296875,3777.9366962444665,3637.5850169044747,3654.474712707066,673219
2022-06-21,3761.34326171875,3821.3952172106,3747.3674619926187,3802.579563170945,596024
2022-06-22,3741.145263671875,3760.8991822972957,3667.5619167921823,3742.4293166098673,359601
2022-06-23,3803.123046875,3809.543070197864,3677.3398780869816,3715.514469142642,646244
2022-06-24,3791.172119140625,3873.7435987819936,3715.71224340078,3853.989679359342,1024811
2022-06-27,3747.812255859375,3822.3832995587773,3728.5521849701254,3801.64168475497,708737
2022-06-28,3790.13525390625,3799.320633583248,3677.0932564259306,3712.79861067755,463753
2022-06-29,3667.314697265625,3770.973328671477,3649.536171935493,3720.8477641990203,567477
2022-06-30,3638.177490234375,3719.16854607779,3611.410837519261,3668.3022122249135,534241
2022-07-01,3690.1796875,3698.9208920707797,3590.4718414537588,3634.720662969418,316894
2022-07-04,3723.71240234375,3736.2560920238384,3654.524256445917,3686.081092166791,300790
2022-07-05,3770.430419921875,3827.074879061682,3714.724464843148,3714.724464843148,468762
2022-07-06,3835.717041015625,3841.692649458786,3736.9474506714605,3762.232562254245,390568
2022-07-07,3867.076416015625,3881.6449307046564,3820.6547081929484,3846.137310927204,398354
2022-07-08,3887.71923828125,3897.4481396460965,3861.891086167318,3869.7926536070468,268377
2022-07-11,3884.854736328125,3919.3252253429364,3847.124802752186,3886.5832040808928,199806
2022-07-12,3881.3486328125,4048.269485470623,3852.014112032821,3852.014112032821,1125104
2022-07-13,3820.704345703125,3910.2388883835083,3813.691607904161,3902.5348116370983,385514
2022-07-14,3850.088134765625,3930.338428381981,3832.3096081798476,3878.6818834637434,656393
2022-07-15,3883.323974609375,3895.472682571916,3827.3216645451757,3850.0881035771004,318645
2022-07-18,3898.53466796875,3921.9430130795276,3842.2851923334074,3891.620796518673,291155
2022-07-19,3970.7353515625,3983.328475374082,3875.1263319656587,3895.8679476553225,412946
2022-07-20,4059.67724609375,4090.74047638275,3980.464079763164,4039.676403265845,753440
2022-07-21,4098.98681640625,4118.543482870401,4045.9478406047183,4061.405183625667,542974
2022-07-22,4074.541748046875,4118.296966260779,4039.6268422809735,4099.135762045313,378496
2022-07-25,4138.3466796875,4200.57151724853,4087.134554224267,4093.011537347707,1127478
2022-07-26,4059.62744140625,4137.408485107075,4037.70040189173,4133.506893815286,363638
2022-07-27,4074.8388671875,4086.0493136634773,3972.5134612874144,4061.406104628008,440198
2022-07-28,4138.93896484375,4154.248248689371,4084.121851719104,4097.9495919667625,364711
2022-07-29,4160.470703125,4200.4723818490675,4135.4821930289245,4154.248412677253,333278
2022-08-01,4235.33935546875,4240.919741468629,4138.446280466621,4187.831080949516,311325
2022-08-02,4272.67333984375,4294.748438332974,4218.399742773821,4257.956768275387,440869
2022-08-03,4257.0185546875,4332.775023728382,4227.43735161165,4272.723305440911,367949
2022-08-04,4341.71337890625,4354.751157499202,4256.969264872207,4269.760119493879,358472
2022-08-05,4320.2802734375,4367.590805564136,4281.661271397677,4341.712982825361,207510
2022-08-08,4372.8759765625,4419.494938339886,4326.157666457114,4334.948546664823,445755
2022-08-10,4461.56982421875,4569.031412713671,4342.997140651353,4384.282630680193,867000
2022-08-11,4375.14697265625,4496.485508364654,4363.640412071399,4483.744327925777,446510
2022-08-12,4259.68603515625,4340.726301161616,4223.487072266328,4296.526904008235,1412625
2022-08-16,4295.88427734375,4327.6386027904,4155.137617283448,4296.476991314467,596342
2022-08-17,4252.77197265625,4316.280631361998,4233.116919077641,4295.489823859265,502434
2022-08-18,4225.68408203125,4296.943454604579,4209.194042090848,4273.569950969884,580509
2022-08-19,4095.644775390625,4268.073261134782,4080.442060799861,4249.800214294224,719126
2022-08-22,3986.2548828125,4093.3170589088068,3957.2363997856332,4093.3170589088068,723542
2022-08-23,4031.86279296875,4054.1467595932186,3949.5608213136197,3986.155998144278,497236
2022-08-24,4170.3203125,4179.48149824853,4038.7953487455807,4039.835315487146,956039
2022-08-25,4128.7734375,4199.141547286927,4116.790001467535,4174.530045672712,414795
2022-08-26,4174.77734375,4195.080513324017,4116.294504828883,4166.606555994603,342452
2022-08-29,4210.6796875,4230.982858990945,4046.7687176584736,4060.6342981888747,914112
2022-08-30,4281.3935546875,4295.853469424223,4192.555099896369,4210.679198906532,848217
2022-09-01,4236.0830078125,4287.385942209162,4203.251393014044,4256.732914037314,390072
2022-09-02,4270.94482421875,4355.772354179431,4242.866931629077,4268.419018032225,735146
2022-09-05,4241.43115234375,4267.231324942887,4192.357097217975,4240.886626573912,522750
2022-09-06,4373.10498046875,4379.542571313059,4250.543154779019,4257.624407989147,1078704
2022-09-07,4334.4794921875,4367.657845435137,4293.3779501046065,4337.153761856626,396347
2022-09-08,4372.41162109375,4402.222716185424,4319.128368933951,4357.7539149987115,562760
2022-09-09,4417.5244140625,4431.934520000294,4372.609741628632,4394.29937386623,476210
2022-09-12,4438.5703125,4458.576073388168,4404.3517518704,4430.052788109192,331303
2022-09-13,4446.98876953125,4476.601590412936,4423.416993125011,4476.601590412936,309270
2022-09-14,4385.0888671875,4436.985656269902,4363.052498693749,4363.052498693749,362669
2022-09-15,4300.162109375,4416.3356676990325,4286.494319011964,4407.0260178996905,427750
2022-09-16,4238.65771484375,4321.40531089781,4216.1261503802425,4300.310017606534,458526
2022-09-19,4266.8349609375,4289.415853034627,4186.1174841371485,4254.652769375014,266140
2022-09-20,4515.57373046875,4550.881342095233,4275.055345626566,4275.055345626566,1173769
2022-09-21,4560.58740234375,4623.675988295586,4512.256142802761,4512.256142802761,1177984
2022-09-22,4564.6474609375,4586.733637212711,4478.780202817407,4525.675184003713,511789
2022-09-23,4376.02783203125,4673.692002065203,4340.769537543274,4565.738531366939,1205497
2022-09-26,4241.580078125,4378.007478857188,4150.859473914062,4376.026681750369,843901
2022-09-27,4202.2119140625,4312.294621229745,4164.626093927403,4293.377911337763,651304
2022-09-28,4227.9619140625,4253.761601819095,4142.93610523303,4188.395300138056,395837
2022-09-29,4349.533203125,4362.35857330015,4243.808165261718,4256.188146276154,631907
2022-09-30,4341.31298828125,4441.8384429802245,4310.412843101041,4310.412843101041,761064
2022-10-03,4323.2880859375,4446.889635601174,4309.174906136316,4342.897784434554,454169
2022-10-04,4362.111328125,4401.875733655839,4323.287994664928,4387.46562802134,307009
2022-10-06,4348.34521484375,4407.273933732989,4319.425381212133,4383.950239273725,272050
2022-10-07,4351.91064453125,4390.437053879842,4311.749690595838,4337.549864634734,501530
2022-10-10,4298.92431640625,4377.561869561661,4253.762042933787,4332.993931975627,207878
2022-10-11,4234.498046875,4320.464925483543,4222.712401628307,4320.464925483543,258216
2022-10-12,4245.88818359375,4308.233969765867,4204.242115323243,4238.9060668041175,621343
2022-10-13,4225.08984375,4276.491919055215,4195.328558625686,4229.101248320962,277038
2022-10-14,4255.89111328125,4282.483411572646,4223.108823934736,4259.7042444898125,254366
2022-10-17,4249.6513671875,4259.257942180457,4180.521263899399,4248.809431770297,254734
2022-10-18,4324.080078125,4334.974462197234,4217.117034506699,4283.473737492127,387469
2022-10-19,4346.611328125,4363.596565334588,4299.4189372821875,4337.945341426944,249672
2022-10-20,4280.99755859375,4351.117579650107,4253.959872713525,4341.907066946212,370651
2022-10-21,4346.90869140625,4387.46570666923,4281.196132538595,4302.439891910539,364601
2022-10-24,4367.80615234375,4392.417653501937,4278.5218180672755,4367.855962428031,30919
2022-10-25,4361.7646484375,4407.174519795353,4330.022567563103,4395.19060032571,474364
2022-10-27,4389.29833984375,4455.803512262366,4360.576779084557,4402.321985331456,421237
2022-10-28,4523.15087890625,4539.987656865831,4372.610275973526,4411.483425086089,691801
2022-10-31,4474.1259765625,4580.593833226688,4448.375611229766,4538.105827146297,433481
2022-11-01,4468.03515625,4602.3826397070325,4427.082074346984,4533.054732502494,866656
2022-11-02,4341.01611328125,4489.2784905707,4328.0417951629515,4468.678393541244,643118
2022-11-03,4352.8017578125,4382.513715203711,4307.590159367484,4328.041793319823,457168
2022-11-04,4320.712890625,4367.65768604208,4298.3791127548275,4367.65768604208,669679
2022-11-07,4321.9013671875,4377.5619638758235,4294.814351412192,4342.353485861522,356178
2022-11-09,4319.326171875,4392.417388418693,4302.291124079098,4305.262319606777,378028
2022-11-10,4244.3037109375,4335.420378641014,4209.193888477568,4332.498509445911,527721
2022-11-11,4378.94873046875,4496.410113409933,4288.4757121950615,4343.888713087217,1685313
2022-11-14,4512.94921875,4524.1405288100605,4382.711810794982,4387.46553034776,886587
2022-11-15,4567.6689453125,4584.555047741336,4483.534392120335,4516.217545409482,492794
2022-11-16,4436.2431640625,4565.737787872551,4418.168388654978,4560.785794610217,499585
2022-11-17,4358.05078125,4472.590766611507,4328.735369462831,4446.8897294151875,430622
2022-11-18,4356.91162109375,4406.283084811197,4278.521673720919,4387.46551263511,385705
2022-11-21,4376.4228515625,4397.369684761164,4299.320225573922,4361.666009474143,336664
2022-11-22,4426.88330078125,4436.985559554956,4337.94570331489,4378.502717882417,310657
2022-11-23,4560.9833984375,4571.827971934678,4405.292559680643,4439.263035037735,799422
2022-11-24,4768.818359375,4786.596206839274,4569.698923723652,4585.545300572282,1822610
2022-11-25,4743.46484375,4838.097238049856,4705.433150029868,4768.769334945764,1069669
2022-11-28,4676.51416015625,4723.062898676442,4638.2846739295555,4715.2881722262555,598162
2022-11-29,4673.88916015625,4795.50991203033,4662.449766430827,4679.633278468259,910558
2022-11-30,4681.0205078125,4714.397138786293,4598.025286841386,4673.889927040693,1113421
2022-12-01,4729.8466796875,4747.970780217315,4655.913039007628,4719.249221471737,611403
2022-12-02,4824.67724609375,4836.066829504347,4697.50968444361,4725.191517561366,996306
2022-12-05,4732.4716796875,4854.885054557566,4721.181231333901,4838.097603315573,684834
2022-12-06,4742.0771484375,4753.912603460397,4669.728734440786,4724.547385868038,354855
2022-12-07,4682.0107421875,4768.769765480599,4665.669163551896,4758.568852254409,354913
2022-12-08,4659.33056640625,4731.976405934074,4636.452260295774,4692.508922017815,336491
2022-12-09,4640.11572265625,4690.477578905897,4630.360201525052,4682.603718049398,271785
2022-12-12,4696.7666015625,4710.335254416339,4585.545043723223,4632.093773108751,445259
2022-12-13,4633.92626953125,4715.634148445309,4616.5444851337115,4700.431434256026,363818
2022-12-14,4621.34765625,4666.757522151675,4611.889544437507,4666.757522151675,356293
2022-12-15,4598.3212890625,4641.601898739271,4583.217711312998,4635.015845160555,316614
2022-12-16,4521.31787109375,4593.468502615187,4507.997300671705,4593.468502615187,342890
2022-12-19,4566.18310546875,4575.6412180124935,4477.641089830186,4555.833247371746,308464
2022-12-20,4552.51513671875,4572.125317038495,4496.656758424927,4566.083789511811,282355
2022-12-21,4720.43798828125,4742.474357073009,4558.012618310536,4566.529659373572,877375
2022-12-22,4735.7890625,4802.244420049948,4679.63326982488,4748.961170118581,902304
2022-12-23,4655.021484375,4758.864865409566,4641.354178302813,4719.942397200451,473498
2022-12-26,4639.076171875,4694.489164628882,4607.829290809256,4678.345861571701,247357
2022-12-27,4599.212890625,4667.4517420095335,4581.237252498072,4640.017506962303,226485
2022-12-28,4544.5927734375,4634.669726170111,4538.006718981693,4607.334626080933,313366
2022-12-29,4481.00927734375,4565.7376867484545,4435.500266833613,4544.592579267999,530411
2022-12-30,4434.60888671875,4538.452277083851,4425.200099979202,4506.313648941536,348965
2023-01-02,4411.58251953125,4473.333974823484,4403.3125937173645,4444.909338867191,246577
2023-01-03,4447.78076171875,4465.657745743242,4382.612730415897,4424.11033303785,430096
2023-01-04,4390.73388671875,4470.7583831490565,4382.513771838177,4451.841673313583,414977
2023-01-05,4386.52490234375,4412.721139804738,4314.176475140712,4412.721139804738,468816
2023-01-06,4345.32470703125,4431.340442051194,4327.051658683804,4399.400085907328,299640
2023-01-09,4365.3798828125,4409.402808209624,4338.9853745773,4381.869921953433,407803
2023-01-10,4423.76318359375,4445.898685888113,4363.695613727561,4367.6572075666245,557940
2023-01-11,4318.732421875,4439.4125933127625,4294.417845019476,4431.043531337352,462687
2023-01-12,4317.89013671875,4340.322567460816,4283.721386281959,4328.982794065883,207917
2023-01-13,4293.92236328125,4328.041787745436,4227.070459237128,4323.089794853278,366497
2023-01-16,4253.4150390625,4322.346874910109,4243.857789766815,4322.346874910109,210854
2023-01-17,4281.3447265625,4294.8142443727265,4233.954056370823,4274.758672526759,294500
2023-01-18,4298.1318359375,4310.214892815071,4263.666156610497,4295.358913175313,331806
2023-01-19,4276.689453125,4298.131485270398,4244.501499864942,4298.131485270398,162244
2023-01-20,4244.10546875,4280.9484889622045,4223.257772305139,4260.694644784435,242706
2023-01-23,4293.82275390625,4311.6992508279645,4245.738623477667,4253.166611161418,161350
2023-01-24,4263.666015625,4308.184626577291,4249.602161927173,4308.184626577291,178860
2023-01-25,4183.7900390625,4276.540762730584,4153.731347589641,4273.520240714729,423714
2023-01-27,4203.39990234375,4244.20451597379,4151.849851338335,4187.405062506191,421866
2023-01-30,4197.01220703125,4219.097901670852,4083.413297790826,4195.823535311869,623069
2023-01-31,4215.03662109375,4262.427283132802,4087.423685471484,4198.794183407845,671038
2023-02-01,4221.72265625,4310.214871246624,4171.0638626505415,4233.954176144144,321331
2023-02-02,4190.8720703125,4221.079230455364,4129.962550680167,4221.079230455364,479256
2023-02-03,4210.7783203125,4218.899297781461,4118.076924852626,4204.241593554449,413966
2023-02-06,4279.21435546875,4294.020520684189,4149.422361206186,4170.567462752551,257669
2023-02-07,4274.16357421875,4318.13716792582,4230.338443558035,4263.665254110242,319090
2023-02-08,4349.087890625,4362.012399031815,4261.239340592625,4278.521989752348,250175
2023-02-09,4347.15673828125,4362.161665177045,4283.474296512537,4305.609803757645,284239
2023-02-10,4373.84814453125,4382.81105909469,4308.4818320400955,4343.2942487163855,359807
2023-02-13,4316.80029296875,4396.973244380372,4286.444675889751,4387.861384811424,272935
2023-02-14,4227.86279296875,4338.391363843513,4210.233409264731,4338.391363843513,339582
2023-02-15,4444.8095703125,4470.659069270355,4129.961966959986,4129.961966959986,2724361
2023-02-16,4598.56884765625,4623.1803478978345,4456.941857564264,4466.648053334779,1419679
2023-02-17,4570.39306640625,4624.122195788132,4532.064443345432,4595.598423121697,408098
2023-02-20,4566.33203125,4605.304314153454,4531.420479457992,4548.900918601189,232327
2023-02-21,4458.82373046875,4595.44940791944,4447.880019604785,4566.727849119943,490637
2023-02-22,4406.38232421875,4492.39853576022,4397.369600615995,4461.745506931319,333978
2023-02-23,4405.341796875,4474.917290590096,4358.743741496613,4428.4183717790165,443522
2023-02-24,4433.7060546875,4448.929304641132,4360.565498241383,4418.23487064422,358946
2023-02-27,4403.0615234375,4457.607023474453,4378.565441540578,4447.937593922447,215703
2023-02-28,4365.27587890625,4436.432956652199,4325.259223352488,4412.234688386447,312308
2023-03-01,4377.32568359375,4409.259787584704,4301.408460121853,4365.276183857498,287008
2023-03-02,4365.82177734375,4413.425120221169,4345.143978432122,4392.400116751811,313250
2023-03-03,4371.87109375,4408.268010958554,4357.59018736915,4380.2514594828335,168868
2023-03-06,4384.56640625,4451.805948313459,4375.5909002354365,4379.508453170846,242661
2023-03-08,4339.88671875,4404.498715325529,4323.969547485815,4378.415764434054,246734
2023-03-09,4381.6396484375,4500.747275227774,4348.912350452039,4362.647995092156,684685
2023-03-10,4281.57373046875,4363.34258571735,4256.185183217042,4363.34258571735,328154
2023-03-13,4309.09423828125,4399.292848774149,4286.284303303007,4291.242984820016,496455
2023-03-14,4264.0693359375,4318.763494027254,4239.672527003045,4309.094065456896,279237
2023-03-15,4293.02734375,4331.854202245424,4273.688488413592,4298.928367666504,279479
2023-03-16,4283.35791015625,4333.887061702256,4230.746500050761,4295.15995797293,300181
2023-03-17,4310.58251953125,4340.03728606541,4261.194237565989,4304.136232547021,368653
2023-03-20,4277.3583984375,4317.920313759854,4160.33352224561,4286.28402458773,563835
2023-03-21,4238.68115234375,4317.920789718238,4230.747261557894,4284.301024362424,239304
2023-03-22,4249.689453125,4259.5075459626005,4176.300964556611,4239.7222124405935,302705
2023-03-23,4237.7392578125,4263.822217080463,4208.483032441963,4240.66507404808,233054
2023-03-24,4247.95458984375,4318.66520785813,4225.789182450534,4242.152834529959,354933
2023-03-27,4282.41650390625,4371.47422766074,4241.656046173735,4269.127334676766,495895
2023-03-28,4297.7880859375,4307.606177451741,4209.969555027555,4298.977878827784,343628
2023-03-29,4326.9453125,4343.804828959432,4275.474297334862,4297.788363237051,250790
2023-03-31,4275.2763671875,4364.582520916168,4264.41714411139,4348.615467962385,465663
2023-04-03,4199.35888671875,4308.05328691319,4185.276036929901,4307.6068118597095,493574
2023-04-05,4166.23486328125,4214.879335799448,4133.556958026376,4214.879335799448,622533
2023-04-06,4167.22607421875,4190.085399683044,4148.5811433126855,4182.151510168851,286725
2023-04-10,4201.9873046875,4208.582255177434,4152.697809822356,4180.169102963845,323560
2023-04-11,4236.0029296875,4251.374841848314,4186.2674526744995,4227.771712357941,284178
2023-04-12,4284.49951171875,4293.177204657197,4231.24307678658,4252.26808080452,304498
2023-04-13,4361.95361328125,4444.069670197349,4284.5981811951215,4293.226480780148,1257056
2023-04-17,4350.4501953125,4411.640039740813,4304.135912418152,4373.557459392638,334963
2023-04-18,4302.79638671875,4347.870993005983,4258.416189505408,4343.804777529373,409038
2023-04-19,4284.5986328125,4319.012080053581,4186.66466199613,4319.012080053581,517278
2023-04-20,4312.46630859375,4322.8301472966,4198.168692636776,4284.59841991464,484517
2023-04-21,4325.26025390625,4391.409272921835,4282.764731785551,4304.136459909838,485292
2023-04-24,4362.697265625,4425.325798770787,4326.250957528902,4326.250957528902,571150
2023-04-25,4380.00341796875,4409.507573223946,4346.879522027292,4373.507738829549,252655
2023-04-26,4373.9541015625,4451.607351872571,4364.631876294699,4383.4254746866445,438486
2023-04-27,4380.99462890625,4401.821088941798,4328.977871928514,4383.325305807084,400508
2023-04-28,4476.400390625,4491.573762518582,4394.334210707047,4406.235046465541,713399
2023-05-02,4453.689453125,4535.507702849534,4439.90441456612,4492.317778057091,384900
2023-05-03,4478.13525390625,4487.060879379208,4444.961485533285,4472.482164074907,287955
2023-05-04,4515.57373046875,4532.135435454722,4462.813167764688,4472.73053035972,391146
2023-05-05,4564.466796875,4591.739547969853,4484.136148195614,4512.400635693916,332169
2023-05-08,4586.8798828125,4621.49138452979,4547.111158383925,4572.896303447825,274255
2023-05-09,4555.09423828125,4609.491071415558,4544.4330730111615,4607.5075988071685,207566
2023-05-10,4563.27587890625,4595.705848445083,4539.176881383933,4555.094054726346,293523
2023-05-11,4557.326171875,4606.615665590712,4546.764275863433,4572.847234227151,409446
2023-05-12,4567.193359375,4601.656194017697,4497.523887903073,4557.028062825715,427837
2023-05-15,4587.62353515625,4650.251586675211,4553.160698168201,4571.855024577874,401847
2023-05-16,4517.4580078125,4603.887727419633,4503.474429471173,4586.7802766580435,310725
2023-05-17,4445.1103515625,4561.589962988176,4421.160018968471,4542.201229557813,266803
2023-05-18,4405.29296875,4492.466499085149,4396.367341393235,4472.731042112224,167057
2023-05-19,4410.40087890625,4428.103472279637,4373.805898907339,4418.18610728013,177405
2023-05-22,4567.2431640625,4586.780563621184,4415.1607840149,4422.945526871823,361967
2023-05-23,4512.79736328125,4578.896499624169,4495.541246213873,4566.946269317204,433331
2023-05-24,4498.96240234375,4568.929205706813,4485.970559760886,4503.425215763694,225979
2023-05-25,4530.400390625,4559.954424926084,4493.508088299491,4531.2434633866815,202680
2023-05-26,4571.8056640625,4581.822298837791,4513.6404193908,4552.070205988195,289579
2023-05-29,4602.10302734375,4626.449960446742,4542.796904505598,4596.69787066895,332364
2023-05-30,4561.14404296875,4755.375699950494,4497.97072932738,4633.392131422045,1298380
2023-05-31,4583.75634765625,4691.905010736598,4487.607307880598,4561.9875395029285,1655511
2023-06-01,4774.46630859375,4806.945671237245,4647.27613274556,4650.2513415373305,1692479
2023-06-02,4926.25146484375,4960.86344865793,4766.284595445015,4799.656424654179,1326161
2023-06-05,4909.29345703125,4967.805901485339,4893.276527635366,4926.89677718481,698352
2023-06-06,4899.27734375,4928.384905467694,4853.062328233995,4927.938430365734,382992
2023-06-07,4984.9130859375,4998.350919015326,4909.144045720516,4923.425435743264,552840
2023-06-08,4885.93798828125,4986.9958295592805,4879.343038137902,4978.516677124445,411502
2023-06-09,4885.9873046875,4924.813683043812,4866.499299467038,4885.937427325963,249400
2023-06-12,4884.0537109375,4953.72319125495,4874.433674405121,4908.103318022171,343835
2023-06-13,4910.1357421875,4948.764064202766,4876.119381296383,4884.301205651027,308751
2023-06-14,4967.6064453125,4981.044276635788,4910.135140912122,4923.970054097937,360156
2023-06-15,5175.62451171875,5216.33509861061,4976.533422717066,4998.30223112835,1712253
2023-06-16,5157.078125,5250.25194357551,5120.383882100058,5175.623787407385,797312
2023-06-19,5102.4833984375,5218.46715548824,5092.863362374597,5176.863622904519,327818
2023-06-20,5119.39208984375,5154.945932465507,5058.946053896802,5132.1858753011375,334154
2023-06-21,5076.451171875,5130.252876602564,5044.566940484798,5127.129003499907,410174
2023-06-22,5024.13623046875,5112.400763534624,5013.227130876338,5087.5080848881435,329800
2023-06-23,5003.75634765625,5042.384187839478,4959.673473316093,5042.384187839478,335552
2023-06-26,4995.32666015625,5013.227307784252,4958.731201016952,5008.2192328567835,430106
2023-06-27,5100.30126953125,5107.441964617173,4995.326369170044,4998.350971198165,556456
2023-06-28,5084.53271484375,5133.177670669446,5073.871549670702,5102.483238635525,362944
2023-06-30,5056.0703125,5106.40093086122,5022.202129693429,5085.623861208679,411015
2023-07-03,5026.61572265625,5100.004213033396,5018.185963626443,5085.1281676866765,150815
2023-07-04,5067.7236328125,5082.351744775813,5010.301707606937,5077.591119487435,233404
2023-07-05,5035.689453125,5105.954063009934,5008.664640418965,5082.648261226747,279982
2023-07-06,5239.392578125,5266.120066700642,5028.301881492405,5047.938067703629,1251554
2023-07-07,5103.72314453125,5231.359805307951,5087.607428991074,5231.359805307951,559765
2023-07-10,5115.72314453125,5160.499942542341,5068.516398836989,5137.045475417127,271366
2023-07-11,5213.55810546875,5228.83074874204,5122.417629768533,5157.029132287902,503174
2023-07-12,5208.6484375,5244.748026194699,5162.830511016038,5218.169202823368,263391
2023-07-13,5139.17724609375,5246.1854905902255,5125.292938597549,5246.1854905902255,338327
2023-07-14,5129.06201171875,5155.492173618725,5054.136521976433,5137.194443725862,508041
2023-07-17,5176.16943359375,5274.996350096142,5109.624310674958,5109.624310674958,469609
2023-07-18,5119.9375,5280.003628864263,5064.251608163904,5163.474623155858,511024
2023-07-19,5132.830078125,5180.780621220991,5119.937507262378,5119.937507262378,265631
2023-07-20,5152.51708984375,5166.946660812185,5090.235753173326,5127.277204683109,276787
2023-07-21,5161.88818359375,5209.590796589189,5082.697942996616,5087.656624508693,313184
2023-07-24,5137.9873046875,5182.516652607493,5101.491602010805,5101.491602010805,249814
2023-07-25,5169.12841796875,5176.863767831371,5111.210627498681,5111.210627498681,547945
2023-07-26,5113.14453125,5211.574360998642,5100.549286288953,5153.061918125394,297720
2023-07-27,5172.40087890625,5221.491827713816,5101.690271595068,5104.219005562409,363050
2023-07-28,5302.76416015625,5319.673068960712,5134.218396347801,5134.218396347801,453505
2023-07-31,5130.69873046875,5295.822836504808,5115.921471120154,5295.822836504808,689230
2023-08-01,4990.8134765625,5166.94593384373,4980.053041252179,5166.94593384373,1044095
2023-08-02,4955.45849609375,5002.020710383957,4934.879967291239,4991.408937977654,1016605
2023-08-03,4955.0126953125,4988.434407806871,4915.343236801114,4919.012855411945,412037
2023-08-04,4939.14404296875,4994.83042295431,4922.978935167801,4983.474848754673,358846
2023-08-07,4972.962890625,4983.37612279006,4915.39278649668,4939.144582649213,608113
2023-08-08,4981.8388671875,5013.227225668098,4938.995663370526,4975.541244545371,519420
2023-08-09,4940.18603515625,4984.466966973001,4917.0288942005855,4981.83896245686,268668
2023-08-10,4881.82177734375,4940.284824018251,4863.078058735037,4940.234946657135,370166
2023-08-11,4865.60693359375,4970.58231741392,4771.391985438458,4889.259941111458,1066479
2023-08-14,4781.0126953125,4886.830682507443,4690.913343234309,4822.814289249142,832136
2023-08-16,4901.06201171875,4913.01272587045,4714.814109747772,4760.334713597288,667417
2023-08-17,4852.31787109375,4919.012138495734,4832.2846037667,4899.673280289954,375779
2023-08-18,4817.14599609375,4863.4956585081845,4794.045633670805,4843.574894861282,336848
2023-08-21,4900.90283203125,4913.620740924717,4808.849234518045,4849.585354066648,243126
2023-08-22,4887.98681640625,4927.083655080973,4874.5737030076625,4916.054998147738,175172
2023-08-23,4913.77001953125,4954.903470463655,4879.3926094740345,4926.090115612353,597123
2023-08-24,4888.28466796875,4951.425456711345,4868.562328477757,4923.108886927805,534065
2023-08-25,4834.18505859375,4881.4787963139115,4814.810562931932,4868.463012456968,249504
2023-08-28,4873.87841796875,4880.237130149768,4810.836591992205,4843.524748553189,204098
2023-08-29,4847.001953125,4913.173404805923,4827.627457393207,4874.424413342337,591619
2023-08-30,4843.126953125,4858.477708556124,4813.816819753949,4850.529197811432,396122
2023-08-31,4783.1162109375,4880.18711578481,4774.869339237909,4855.994222207823,488260
2023-09-01,4809.19775390625,4818.736065630453,4770.299819124967,4808.8499094677045,206097
2023-09-04,4793.79736328125,4838.6566808615025,4786.594024279968,4828.721040859734,354446
2023-09-05,4952.4189453125,4959.870674089679,4800.949944312959,4828.720247611345,800554
2023-09-06,5000.70654296875,5011.1884480181625,4922.11554175197,4947.948203053051,535407
2023-09-07,4996.6826171875,5012.430702912539,4954.903446907198,4997.57721285852,334709
2023-09-08,4953.0654296875,5017.299244638772,4945.912060039859,5007.562511588372,292671
2023-09-11,5063.15234375,5073.932124366053,4971.5455546137755,4971.793945598268,543287
2023-09-12,4947.15380859375,5092.015238293047,4934.038570412346,5078.105343007955,483061
2023-09-13,4978.7490234375,4988.883569925422,4913.173801815693,4942.980720734696,232238
2023-09-14,5051.82470703125,5067.175462045231,4963.348043264108,4968.812644252589,414391
2023-09-15,5059.02880859375,5117.251754035646,5029.1229213247025,5051.8254698394385,658355
2023-09-18,5042.486328125,5128.777460102347,5034.736722841302,5067.176490996119,371912
2023-09-20,4974.0791015625,5027.234773878494,4897.276800851115,5018.93890285225,509910
2023-09-21,4987.740234375,5014.467491247119,4943.427672792567,4957.883833401646,422586
2023-09-22,4957.4365234375,4984.511139495397,4923.109085023209,4980.73579076112,348459
2023-09-25,5064.2451171875,5080.5399546572535,4940.8447612971795,4982.623932823328,386746
2023-09-26,5021.17431640625,5064.1954412849955,4997.875047777879,5064.1954412849955,267102
2023-09-27,5072.49169921875,5085.904812253033,4987.690920896497,5021.472094464322,460768
2023-09-28,4987.79052734375,5112.3833507681275,4962.8519749464185,5072.491854844086,407714
2023-09-29,5104.68310546875,5153.5666451111,4994.248571155355,5021.472125938215,410567
2023-10-03,5086.00439453125,5121.772696862222,5033.394989130652,5105.875673604012,268482
2023-10-04,5014.9150390625,5064.046974901798,4950.233923023097,5052.273143998666,442482
2023-10-05,5014.56689453125,5047.156084180074,4994.298286353532,5022.416438089389,363289
2023-10-06,5027.681640625,5051.278782854108,4996.433862438798,5017.497610820858,407753
2023-10-09,5014.81494140625,5033.394780625083,4954.952715679313,4967.819562401384,176296
2023-10-10,5034.09033203125,5051.8250592741115,5000.607035039024,5036.32585077332,202645
2023-10-11,5060.072265625,5106.918708893836,5032.401412557836,5040.300440024911,336099
2023-10-12,4961.708984375,5081.0361011110435,4840.34525577931,5060.021837339619,1029595
2023-10-13,4985.00830078125,4996.732646682587,4901.996225340447,4956.8411504096,410013
2023-10-16,4989.38037109375,5016.951771199852,4954.307271947659,4997.626757970924,259806
2023-10-17,4996.4345703125,5035.38247411249,4979.941795623473,5017.498321678783,217907
2023-10-18,4945.2158203125,5007.512469626089,4906.665735834996,4988.68424005004,341459
2023-10-19,4964.888671875,4987.641675034768,4903.387158792548,4945.2162992070125,231958
2023-10-20,4945.51416015625,4967.770381264202,4908.702809009045,4957.983679101618,252447
2023-10-23,4937.56591796875,4978.302043089333,4912.329488702272,4944.968164027842,363474
2023-10-25,4828.6220703125,4939.354983261395,4800.404946913391,4928.077933703906,894230
2023-10-26,4729.66259765625,4828.621670810383,4695.58354591719,4828.621670810383,836962
2023-10-27,4799.1123046875,4829.266579438962,4746.055606960507,4749.185721200427,333727
2023-10-30,4810.58837890625,4837.066761828505,4752.26597948252,4808.849641948934,234759
2023-10-31,4788.87841796875,4868.115136898805,4774.273320108069,4800.900637868618,276660
2023-11-01,4765.67822265625,4824.745784272427,4759.170573860158,4803.880944595796,281746
2023-11-02,4855.546875,4863.495386356661,4779.241360031512,4806.6633361010845,214035
2023-11-03,5120.0341796875,5132.254822786281,4905.274933780561,4918.88695458507,1262458
2023-11-06,5131.7080078125,5194.352017022793,5094.498846075817,5107.961442730136,399720
2023-11-07,5103.78955078125,5148.599386143626,5088.0909478202675,5116.8548209176015,222204
2023-11-08,5078.05615234375,5120.481044331972,5054.70739819437,5101.9511726411565,400498
2023-11-09,5263.5048828125,5278.805671789952,5089.084426910406,5114.370825435493,1032216
2023-11-10,5244.52734375,5303.644399154589,5185.062443932948,5265.888968812163,696409
2023-11-13,5187.0498046875,5245.024361172406,5166.731711950667,5216.211005143992,150128
2023-11-15,5191.322265625,5260.9212277554225,5173.487598285645,5249.843086503745,356675
2023-11-16,5304.38916015625,5333.450903623273,5168.2709087038675,5190.37770501639,449045
2023-11-17,5443.6875,5457.994724120591,5271.999355136937,5297.881987603034,735541
2023-11-20,5438.71923828125,5558.989952857328,5419.940492688854,5439.762286308109,526567
2023-11-21,5431.61572265625,5484.771399019767,5387.50157612249,5464.602242978433,382979
2023-11-22,5496.3955078125,5504.29453489165,5404.143002451371,5431.813854159605,302473
2023-11-23,5458.59130859375,5514.280378541383,5438.073823218498,5494.40909789799,234584
2023-11-24,5366.53662109375,5457.646626851791,5360.277362436813,5457.646626851791,270183
2023-11-28,5332.2587890625,5389.935467186381,5306.625033322094,5366.536745184876,362746
2023-11-29,5387.05419921875,5400.02001458193,5329.973756803084,5337.524939775766,277119
2023-11-30,5493.365234375,5514.279560092517,5347.3608274626895,5347.3608274626895,775261
2023-12-01,5555.16552734375,5651.044457930811,5494.757027309141,5514.280463815452,546990
2023-12-04,5586.36279296875,5621.833220038902,5533.753872899893,5589.790782651679,936113
2023-12-05,5544.28564453125,5652.385206221425,5489.4407214577905,5573.893655634064,787929
2023-12-06,5507.42431640625,5602.707000248144,5473.295298389246,5498.5317251789165,574427
2023-12-07,5426.25,5484.274037016,5406.47817463954,5454.914416670906,510609
2023-12-08,5519.595703125,5536.684712342394,5404.043922218642,5459.6340204495655,456382
2023-12-11,5511.64697265625,5519.59548410857,5454.6659841547025,5514.279820047103,238128
2023-12-12,5394.0087890625,5514.279501982734,5368.424519301048,5514.279501982734,615205
2023-12-13,5391.8232421875,5416.910732281061,5334.842251818551,5368.176613897347,476781
2023-12-14,5480.3994140625,5497.339970861913,5417.010226728243,5459.435117233466,490550
2023-12-15,5515.47265625,5552.035617297709,5464.601985529242,5494.40890545031,349758
2023-12-18,5463.259765625,5571.657678664907,5458.639790751192,5514.776148264378,428321
2023-12-19,5519.744140625,5638.822868784738,5468.277725647168,5473.344513329129,682732
2023-12-20,5367.43115234375,5569.720376447778,5340.505473336532,5519.744305795906,437044
2023-12-21,5440.607421875,5517.26078597421,5250.836701521845,5309.605913964736,487514
2023-12-22,5505.73486328125,5513.286045900764,5427.541675933643,5474.5370540481545,220537
2023-12-26,5596.89501953125,5608.668850106153,5490.5836702024,5505.735521391793,243281
2023-12-27,5650.84521484375,5678.2177063192,5579.457551376999,5598.732594069763,307177
2023-12-28,5723.42529296875,5732.864150755957,5638.2271818894915,5638.475572883892,568149
2023-12-29,5667.38818359375,5721.885262888295,5640.7603788414535,5703.057032115314,325682
2024-01-01,5713.04248046875,5727.896456314662,5671.11437077893,5704.050920330004,127030
2024-01-02,5709.3662109375,5745.432387697418,5643.443146868448,5701.169308479461,166449
2024-01-03,5731.17431640625,5748.760591080797,5636.5373571424325,5693.121013980811,198997
2024-01-04,5725.11474609375,5802.364348054975,5694.612136858734,5731.175098458222,220702
2024-01-05,5717.21533203125,5771.414051189904,5678.217947179666,5725.114359451551,144894
2024-01-08,5645.43017578125,5737.682682492414,5603.700491271779,5712.992522129917,157009
2024-01-09,5760.33642578125,5811.356035964532,5638.178018861071,5665.501029801236,329437
2024-01-10,5763.56494140625,5781.846420807556,5684.477155044221,5762.670830891254,239740
2024-01-11,5832.12060546875,5854.078464558038,5764.906105054629,5766.644841869459,213210
2024-01-12,5758.39892578125,5883.88586180791,5705.888972658187,5832.2205350915965,250919
2024-01-15,5858.45068359375,5886.02208464562,5766.645466848772,5797.4459509067165,375458
2024-01-16,5866.54833984375,5929.043905873808,5791.4847709137175,5844.143664867814,347797
2024-01-17,5887.7607421875,5941.860495414615,5793.720007707492,5835.052366655163,378205
2024-01-18,5952.29345703125,5990.148345451888,5800.427090596573,5920.648344101573,591170
2024-01-19,6055.42431640625,6080.611259090504,5912.698954713658,5948.46725623772,326813
2024-01-23,6114.14404296875,6387.324639967818,6094.173310919503,6386.628951160369,982889
2024-01-24,6173.3603515625,6189.903093460315,6044.197044636362,6113.944939293303,435151
2024-01-25,6129.1474609375,6198.051222292808,6079.717651272083,6170.082007205352,337391
2024-01-29,6289.01171875,6308.137825718828,6138.03947514059,6159.152710106179,554591
2024-01-30,6269.18994140625,6346.737902791648,6243.357277372207,6290.253692289477,304312
2024-01-31,6312.0625,6330.641855399328,6215.288979942651,6239.5818133830235,499281
2024-02-01,6247.48095703125,6335.957637305728,6227.460254290908,6249.169724750527,255111
2024-02-02,6279.87109375,6318.123309867349,6250.809345141364,6279.324827575231,239428
2024-02-05,6194.37451171875,6305.753128718198,6169.2375375736365,6279.870496464058,147909
2024-02-06,6157.4140625,6257.366699215903,6115.435982958995,6219.661236013166,326654
2024-02-07,6138.1884765625,6208.6320621851255,6115.3859903092225,6197.603405532307,323738
2024-02-08,6190.89697265625,6322.246320906085,6110.418292703569,6161.586836130274,794455
2024-02-09,6395.91943359375,6432.283973710384,6173.609484382251,6229.050162577066,933104
2024-02-12,6571.87939453125,6634.821283911294,6333.970307891532,6423.291611754695,709946
2024-02-13,6675.65673828125,6696.621034690577,6555.783344532211,6571.87927460577,521773
2024-02-14,6710.630859375,6731.396250411263,6656.878948746194,6675.557758308098,452781
2024-02-15,6584.9443359375,6720.863686194144,6543.214651280277,6706.556462767966,446114
2024-02-16,6558.06787109375,6617.5827355895535,6483.103767465037,6588.371569419958,391508
2024-02-19,6614.30419921875,6632.983492693269,6469.144408075428,6577.393395244466,334607
2024-02-20,6722.00439453125,6747.412659172048,6601.0779334726885,6630.56358217091,559251
2024-02-21,6722.70068359375,6784.1586213302,6680.087962727034,6747.363590319611,537325
2024-02-22,6731.70068359375,6836.367627472713,6652.988764415176,6727.523756210813,564432
2024-02-23,6736.5234375,6749.2028060172925,6685.855977790408,6741.44621009606,352524
2024-02-26,6547.5263671875,6754.125486686771,6534.498840635703,6732.446447198475,453443
2024-02-27,6583.92333984375,6631.508357836955,6533.6035562828465,6551.50383999869,313760
2024-02-28,6327.10400390625,6593.271181564091,6310.148166007594,6593.271181564091,536602
2024-02-29,6067.798828125,6357.136749836006,6028.467633440517,6357.136749836006,1543361
2024-03-01,6051.68798828125,6073.168425660836,5908.93342117172,6068.196124673722,1749136
2024-03-04,5999.87744140625,6137.560671231555,5989.485622084195,6110.958856842533,551616
2024-03-05,6027.52294921875,6069.687965520066,5943.093373478652,6001.616969087564,724456
2024-03-06,6020.7607421875,6045.224562447615,5912.0664266728045,5991.623249908099,588776
2024-03-07,6015.29052734375,6108.8197983820155,5998.583790592497,6031.898206538261,738112
2024-03-11,6170.32763671875,6190.514985331968,6002.661543374261,6015.290897058803,521556
2024-03-12,6110.75927734375,6239.492353620114,6073.666103476088,6205.432089347652,482112
2024-03-13,5975.11474609375,6145.764218599238,5923.054655961718,6145.764218599238,356191
2024-03-14,5989.783203125,6061.235269744964,5946.8723401271345,5975.114914326191,439181
2024-03-15,5950.0546875,5997.440620703684,5908.685044502938,5981.678328823364,764270
2024-03-18,6102.55517578125,6110.909030784271,5945.529991113613,5964.524280008823,419258
2024-03-19,6079.33447265625,6091.765225532047,6000.622556985677,6043.334818097429,542392
2024-03-20,6139.84716796875,6166.349922332658,6039.804854372428,6113.941672451811,413963
2024-03-21,6148.25048828125,6179.9736731031,6071.776592262852,6155.609397007202,350032
2024-03-22,6340.5791015625,6355.496005525888,6134.52722616068,6134.9744419338,727548
2024-03-26,6287.42529296875,6427.644185790693,6274.546838723738,6362.5565693247445,629120
2024-03-27,6196.9296875,6363.948999680619,6185.542923097537,6319.795060495956,603420
2024-03-28,6321.58447265625,6390.003626492861,6078.6380374316195,6196.9292737157075,818070
2024-04-01,6421.47900390625,6520.676422410977,6337.447105523799,6365.5406100126065,440465
2024-04-02,6384.1865234375,6433.660923459466,6368.72285997272,6433.660923459466,213898
2024-04-03,6339.73388671875,6373.496007843689,6276.0388992824965,6364.098163859047,289202
2024-04-04,6404.9208984375,6439.130234537388,6291.353341614829,6389.407221143277,547885
2024-04-05,6362.3076171875,6444.101967000118,6346.197168039496,6404.920333019721,239001
2024-04-08,6272.806640625,6362.308063106273,6245.210368693274,6362.308063106273,491584
2024-04-09,6469.013671875,6503.770253008067,6295.8785250075,6312.6347923206395,592624
2024-04-10,6453.8974609375,6479.802954254101,6415.262586040868,6469.01296424495,174947
2024-04-12,6371.05908203125,6442.0139175566155,6327.452388792448,6414.2685738639975,450885
2024-04-15,6268.23193359375,6363.6505873796505,6248.193656972259,6290.060529984147,251305
2024-04-16,6299.65673828125,6312.4356489387765,6167.64214701769,6265.049717626846,290190
2024-04-18,6040.5009765625,6299.309271455553,6019.667324476941,6271.166238998384,518459
2024-04-19,6135.3720703125,6164.659119044691,6016.484541090559,6105.985964015874,560178
2024-04-22,6203.9892578125,6223.331702220083,6115.9300045787,6120.405075313758,197001
2024-04-23,6160.5810546875,6268.8776673547045,6146.758155788276,6206.922994556306,217146
2024-04-24,6248.54150390625,6275.541000828314,6151.879779641593,6195.387412758817,207837
2024-04-25,6348.73388671875,6366.733714664014,6134.676314279071,6245.2104758243,520353
2024-04-26,6223.9296875,6344.657077725783,6216.421220458765,6344.657077725783,261065
2024-04-29,5935.287109375,6165.653736126464,5701.2407853569375,6165.653736126464,2785015
2024-04-30,5914.154296875,5989.633728229382,5868.309584971207,5966.761143844644,1040838
2024-05-02,5925.54052734375,5966.761096146802,5906.546726315359,5914.154249597694,572406
2024-05-03,5976.30859375,5994.308421927078,5927.032795547145,5966.761677950019,563849
2024-05-06,6023.1474609375,6052.434023324707,5953.038014819508,6016.484383175206,419144
2024-05-07,5867.56396484375,6046.3181909664845,5823.9567866966045,6046.3181909664845,455928
2024-05-08,5814.1123046875,5877.260535483302,5780.449725486597,5859.36024958843,511587
2024-05-09,5774.23388671875,5859.35978106055,5757.924835767241,5827.437509985339,598157
2024-05-10,5810.083984375,5848.420229499576,5721.377943439625,5787.708630665811,372227
2024-05-13,5797.85205078125,5810.034188258284,5758.123657048847,5787.7583768441045,348407
2024-05-14,5830.32177734375,5861.995435691641,5708.202244121644,5822.565181068332,558136
2024-05-15,5816.3994140625,5850.857853136918,5787.759150640381,5837.432638612236,509306
2024-05-16,5898.84033203125,5911.569229589561,5817.592731617282,5857.3711434574,378026
2024-05-17,5920.0712890625,5939.910964918684,5877.359513449748,5892.176873789252,267904
2024-05-21,5915.2978515625,6008.428951656313,5887.602038032164,5966.761166624638,606639
2024-05-22,5835.6416015625,5925.590722055189,5812.570415967607,5925.590722055189,735701
2024-05-23,5936.97705078125,5958.258887981104,5828.133670890339,5845.88488295831,308200
2024-05-24,5881.5859375,5938.767400521655,5834.498148661694,5905.402968578033,608807
2024-05-27,5906.3974609375,5926.485751851865,5885.2156522291025,5917.038379649063,189637
2024-05-28,5871.79052734375,5938.36983509881,5847.724395140209,5911.220779014871,314362
2024-05-29,5870.74658203125,5912.066211363753,5848.321211952713,5877.160559325219,337183
2024-05-30,5734.50537109375,5869.055645596963,5718.1463061265795,5867.315340199446,643549
2024-05-31,5806.85302734375,5926.337340404286,5711.185748145155,5823.510238084031,1382132
2024-06-03,5818.78564453125,5984.810481522877,5780.3493698154325,5953.136827429214,804820
2024-06-04,5813.31640625,5930.712243089998,5661.6612199877945,5718.494525461947,642000
2024-06-05,5901.7734375,5911.8175831606,5744.797789604321,5882.232390663183,487289
2024-06-06,5928.9716796875,5941.899662216171,5867.3151476276835,5936.927361243605,490549
2024-06-07,5981.23095703125,5997.590023070682,5932.403345138668,5954.579615427206,436163
2024-06-10,6023.1474609375,6041.345888890806,5958.855218695931,6006.539780888966,443756
2024-06-11,6074.11328125,6133.084575990469,6025.633347230861,6048.058230172286,521348
2024-06-12,6134.42724609375,6154.565065010006,6041.345674876693,6083.411146826809,321285
2024-06-13,6171.81982421875,6176.145338144084,6125.875563263741,6173.560129776496,401804
2024-06-14,6173.21142578125,6185.493106746791,6140.791925142165,6175.598033219894,216573
2024-06-18,6201.80224609375,6215.177445043382,6132.040957021441,6190.515025197609,267887
2024-06-19,6139.349609375,6234.271030250494,6094.101670010445,6230.293189427236,401714
2024-06-20,6141.63720703125,6159.388418958555,6081.870051081025,6131.543532978869,252844
2024-06-21,6135.81982421875,6204.537125524207,6110.958317637636,6118.118625763517,434583
2024-06-24,6224.87353515625,6260.127345654195,6122.046441240431,6135.819812976391,357273
2024-06-25,6260.47607421875,6280.017123020719,6207.670132411098,6223.332882955449,348730
2024-06-26,6102.8037109375,6250.829222158528,6091.06927375084,6245.011532349152,538411
2024-06-27,6158.1953125,6166.051451633224,6021.457023364957,6081.8704856555305,440975
2024-06-28,6151.43310546875,6188.029049287853,6111.107450049263,6188.029049287853,334692
2024-07-01,6106.48291015625,6145.764088391113,6074.610654705055,6145.764088391113,374933
2024-07-02,6063.82080078125,6129.604247937101,6043.334822910365,6100.764901242284,436037
2024-07-03,6158.39404296875,6183.305077428613,6045.373249690907,6098.278728006371,188203
2024-07-04,6190.56494140625,6209.410158459136,6126.869952957517,6166.59883646262,222050
2024-07-05,6293.49169921875,6307.712773220343,6124.881145247194,6166.648478921554,350300
2024-07-08,6282.453125,6352.562572897371,6257.93929128123,6344.656419648639,317731
2024-07-09,6285.287109375,6315.220460898839,6221.2439644998185,6274.348046302099,176239
2024-07-10,6340.38037109375,6381.451384935202,6266.243068567219,6285.286885122135,295890
2024-07-11,6353.65576171875,6376.130659407556,6304.877683023031,6360.467911220236,354777
2024-07-12,6318.70068359375,6384.385072354621,6284.988579310489,6349.827579770596,211028
2024-07-15,6401.5888671875,6430.875914055184,6305.374843668079,6305.374843668079,359221
2024-07-16,6417.9482421875,6428.190988424307,6367.528913812011,6401.589177016455,298376
2024-07-18,6484.72607421875,6503.471746629927,6394.379265398754,6396.368185854554,583444
2024-07-19,6346.59619140625,6489.10216008757,6329.739894863397,6489.10216008757,228785
2024-07-22,6366.68310546875,6398.356759123961,6334.8603799027005,6346.595301300935,222285
2024-07-23,6368.12548828125,6438.5330768127105,6289.761732505496,6368.523175249396,284679
2024-07-24,6387.02001953125,6408.251841390932,6314.871642461446,6364.545122452339,309594
2024-07-25,6350.4248046875,6398.507060451285,6336.701445880822,6369.319551622801,412373
2024-07-26,6627.6298828125,6642.944959164911,6358.131154334409,6397.362805533417,432671
2024-07-29,6644.634765625,6739.45664091814,6579.746238869812,6739.45664091814,367708
2024-07-30,6604.2109375,6675.9611519553755,6547.626242815272,6644.63565210125,264929
2024-07-31,6578.65283203125,6649.707212576285,6547.675491725978,6627.331856494038,352268
2024-08-01,6669.248046875,6697.6897068135495,6570.001109295568,6578.652622025413,361725
2024-08-02,6672.9775390625,6758.202979140051,6643.989119066433,6669.2483130190185,587569
2024-08-05,6650.552734375,6719.070951259856,6563.487444615418,6651.944881666126,907845
2024-08-06,6620.81787109375,6697.689450361828,6594.315118289432,6652.093353053687,334936
2024-08-07,6683.12060546875,6730.506536197739,6625.093756523246,6664.076790029601,358284
2024-08-08,6505.6591796875,6706.98784433008,6463.99139381799,6702.661845282039,509454
2024-08-09,6551.35546875,6561.4491438095865,6493.825842539648,6545.786393883093,115598
2024-08-12,6466.3779296875,6555.382117894754,6385.3794374636445,6513.714332486165,230114
2024-08-13,6552.89599609375,6605.204700138739,6474.2340965423355,6474.2340965423355,400126
2024-08-14,6479.75341796875,6826.969090396383,6424.461335212415,6563.437144445174,1723346
2024-08-16,6660.0771484375,6687.865137603918,6529.7023168916085,6529.9017091728565,611092
2024-08-19,6697.9248046875,6729.796445434941,6538.715902001771,6722.924220163302,398225
2024-08-20,6646.13330078125,6761.3693948673035,6623.32525543683,6747.8238504638375,146064
2024-08-21,6725.36474609375,6761.269947692598,6600.517453138968,6648.225219245503,291296
2024-08-22,6803.15087890625,6830.490965093489,6723.92016700877,6733.431665205967,344641
2024-08-23,6833.1806640625,6899.612826292235,6803.300999584239,6836.467232626043,468784
2024-08-26,6752.80419921875,6850.411103573239,6582.2907187153105,6802.603640215938,385016
2024-08-27,6754.24853515625,6823.2703654162,6706.98867141739,6752.804156847328,297297
2024-08-28,6749.2685546875,6821.029353798087,6719.4881002605225,6758.680357132553,250361
2024-08-29,6829.69482421875,6879.643566958727,6733.183117185793,6772.62437226047,659960
2024-08-30,6899.712890625,6961.962194943161,6823.519742139571,6837.463586306839,499581
2024-09-02,6852.45263671875,6970.925700525934,6837.5128045273095,6960.965812398308,248292
2024-09-03,6817.39404296875,6898.019044630054,6807.03585670109,6863.309223967324,361990
2024-09-04,6903.0986328125,6910.170250512118,6762.813513958948,6810.571371144691,389768
2024-09-05,6906.48486328125,7015.745027935887,6872.522034643088,6903.098598664039,387284
2024-09-06,6879.095703125,6934.522872559656,6830.391944856543,6906.485396931898,185503
2024-09-09,6833.1806640625,6900.210516846332,6793.0921142208335,6879.095359419296,304409
2024-09-10,6893.7861328125,6947.868616828162,6833.180602962473,6872.322768549933,354522
2024-09-11,6872.5712890625,6926.056078819644,6845.878985414401,6872.322291878011,223028
2024-09-12,7033.47314453125,7067.98454369987,6887.2621908864585,6915.149875824249,831152
2024-09-13,6990.99462890625,7071.470815056651,6979.939056055574,7067.735857088359,238034
2024-09-16,7003.14599609375,7034.619339662762,6982.379532201105,6996.821369904109,226343
2024-09-17,6979.93896484375,7123.7601335215095,6971.821753563265,7003.195400086941,266003
2024-09-18,7007.677734375,7039.649073185838,6932.829270823191,7001.7018013756915,251334
2024-09-19,7002.05029296875,7096.0715388508,6983.325897972859,7039.648870339338,407897
2024-09-20,7054.23974609375,7091.4400238203125,6989.749473405215,7011.661226287806,493357
2024-09-23,7124.10888671875,7153.191955810573,7061.959279438232,7061.959279438232,254282
2024-09-24,7093.43212890625,7171.119254159646,7047.816037068572,7047.816037068572,333949
2024-09-25,7104.83642578125,7116.290296861779,7045.773998763713,7064.2994875150125,236185
2024-09-26,7139.09814453125,7165.093548482394,7065.942575437753,7079.488119864654,405696
2024-09-27,7204.98291015625,7250.698698373635,7081.480300139749,7130.582352980152,772592
2024-09-30,7170.2724609375,7287.600229913281,7131.777592216529,7131.777592216529,442794
2024-10-01,7124.65625,7214.892928368183,7106.3797591013445,7172.613011235926,310719
2024-10-03,6878.2490234375,7171.11933450731,6828.4495836145325,7064.897226629451,655420
2024-10-04,6746.4296875,6930.388523100485,6700.365206493092,6874.414245540814,429272
2024-10-07,6745.9814453125,6829.993197880158,6716.101781304275,6773.719830664667,260810
2024-10-08,6896.52490234375,6912.162120690509,6721.629661950389,6791.647478528614,345891
2024-10-09,6980.78564453125,7041.640656093846,6908.576458171023,6931.085901804395,391824
2024-10-10,6927.1513671875,7026.750242274186,6856.4361658759535,7026.6510324572055,237853
2024-10-11,6955.38818359375,6990.795877710645,6902.302174358209,6953.99389651925,75315
2024-10-14,7064.14990234375,7072.914408810763,6933.82467720022,6948.8642045829965,168515
2024-10-15,7111.50927734375,7121.668557553225,7011.761097069711,7086.460256484516,322659
2024-10-16,7042.935546875,7106.579621517922,7027.697112461229,7056.680484381746,223419
2024-10-17,6961.2646484375,7074.110476509149,6932.7296652575005,7060.564930935862,183572
2024-10-18,6954.8896484375,7013.403986686651,6922.1217162825005,6955.287946667437,236651
2024-10-21,6958.3759765625,7003.793162594709,6929.591997831725,6944.282832466007,222611
2024-10-22,6864.30517578125,7009.022153282737,6843.9866152886925,6991.791741644362,112233
2024-10-23,6879.0458984375,6931.036710246541,6827.254478924886,6857.383141237512,109466
2024-10-24,6926.25537109375,6950.0098010833935,6843.090306836017,6909.4232577480325,147408
2024-10-25,6916.9931640625,6952.998063214698,6848.468840360979,6926.25566570703,175261
2024-10-28,6898.51708984375,6942.0419953046385,6766.996962209259,6895.230521304736,238427
2024-10-29,6959.42236328125,6969.631248815988,6828.300044403761,6929.990601482619,196146
2024-10-30,6954.49169921875,7006.781110491072,6911.962783521535,6952.599417789615,191699
2024-10-31,6994.5302734375,7021.720571333614,6928.147235290126,6971.8214385196125,224153
2024-11-01,7003.7431640625,7017.736611229132,6972.668121070444,6994.530268284205,18769
2024-11-04,6930.48876953125,7061.561000457308,6864.504507714565,7061.561000457308,273442
2024-11-05,6938.3564453125,6958.5252181125215,6786.916545804852,6892.2423593160765,246059
2024-11-06,6940.1494140625,7113.102765924989,6863.358582978836,6991.841133726807,459745
2024-11-07,7395.0673828125,7453.88032568172,7171.417810700819,7287.151901346388,2502817
2024-11-08,7391.630859375,7514.735166928777,7350.397022125166,7360.406514597787,1032481
2024-11-11,7126.748046875,7424.249601016434,6954.5912905215255,7370.316906324547,625620
2024-11-12,6991.39306640625,7203.837771667591,6972.917668484182,7132.52487550812,194183
2024-11-13,6831.337890625,6970.129027423095,6803.051905917854,6942.041948682719,299775
2024-11-14,6833.130859375,6880.291029052046,6799.665536491449,6832.483563882026,192648
2024-11-18,6714.8564453125,6846.875045701368,6667.696280813067,6846.875045701368,268706
2024-11-19,6660.0771484375,6769.635912143735,6634.480529074262,6722.924136518968,290018
2024-11-21,6715.45458984375,6734.826766838141,6567.699551770419,6596.981525687408,258574
2024-11-22,6907.2822265625,6922.420964972547,6724.518276406601,6724.518276406601,498633
2024-11-25,7046.62060546875,7118.331797496136,6903.0985252716355,6952.001671543729,639047
2024-11-26,7048.1640625,7083.521663467213,7014.250839763319,7066.5402496444085,179222
2024-11-27,6954.69140625,7086.858832358551,6942.042153564508,7048.1645690013365,227250
2024-11-28,6813.6591796875,7001.801369579959,6788.659763166003,6954.69129315865,412343
2024-11-29,6801.5078125,6864.803192472588,6784.675699060755,6839.504687918847,410883
2024-12-02,7037.45751953125,7051.600755122849,6793.73935019793,6830.491239919844,579743
2024-12-03,7097.9638671875,7106.778465430232,7048.1644266326975,7075.902812286255,351470
2024-12-04,7203.33935546875,7239.94194214376,7096.469470471673,7187.702137516631,604278
2024-12-05,7245.5693359375,7305.528054680233,7111.758146843946,7228.139532387013,510951
2024-12-06,7204.28564453125,7280.727785483219,7178.838325036564,7233.86670663391,189048
2024-12-09,7164.99365234375,7198.956965442383,7134.018305447531,7134.018305447531,203674
2024-12-10,7229.18505859375,7279.134284217463,7186.258331879629,7199.803390025749,333300
2024-12-11,7311.35400390625,7334.461137379791,7187.104407642246,7226.595750542978,391192
2024-12-12,7198.1103515625,7289.292926578768,7160.661077510382,7270.71783376115,396742
2024-12-13,7230.33056640625,7248.158667373907,7175.302189181224,7192.034605283496,314999
2024-12-16,7230.08203125,7240.938211815018,7137.305286244866,7222.562024079061,219812
2024-12-17,7189.79443359375,7277.690448660714,7172.115631696428,7198.011341517857,237831
2024-12-18,7208.369140625,7238.348500340199,7148.858810677242,7204.235884428723,253532
2024-12-19,7268.27783203125,7283.915050632362,7108.770323872915,7119.327902358066,292899
2024-12-20,7222.61181640625,7360.257169929414,7181.12849589053,7295.418205008448,349055
2024-12-23,7235.95849609375,7300.498377302682,7156.179694097524,7222.014652570108,179062
2024-12-24,7210.95849609375,7250.549048610287,7181.477132049615,7230.878270944838,146814
2024-12-26,7232.02392578125,7268.775814972087,7195.770030986828,7243.029893735596,116439
2024-12-27,7217.2333984375,7265.738247200788,7126.299816137304,7232.023929282693,189089
2024-12-30,7284.9111328125,7348.803717527655,7191.088792648417,7210.958963880439,428884
2024-12-31,7267.0830078125,7336.403925840035,7223.707403601825,7276.295904250112,212227
2025-01-01,7340.0888671875,7415.136721600807,7271.11664180525,7290.63811982779,341399
2025-01-02,7391.88037109375,7415.087202526482,7303.63566387098,7375.29725441015,265991
2025-01-03,7269.0751953125,7407.716549048129,7250.798702965628,7398.155445311148,180636
2025-01-06,7399.35009765625,7443.024303809049,7261.505344974686,7269.074957120651,527272
2025-01-07,7406.919921875,7515.084405936943,7315.737339136088,7436.30159232181,398234
2025-01-08,7113.9990234375,7430.07615386966,7102.3958516413595,7418.871280313221,450295
2025-01-09,7063.1044921875,7134.965476340734,6963.057704600622,7111.360346208702,305521
2025-01-10,7008.52392578125,7110.363776765174,6988.703846668466,7061.560327393905,185381
2025-01-13,6812.1650390625,6971.921544035586,6728.949883696884,6971.921544035586,431086
2025-01-14,6679.947265625,6871.326407258088,6656.292532740179,6827.104603887412,362659
2025-01-15,6665.0078125,6732.834747695379,6581.494053554095,6722.52616625193,547360
2025-01-16,6762.4150390625,6780.492137930959,6673.174348215843,6732.884069365978,579821
2025-01-17,6800.71142578125,6817.5435397397405,6735.175068989127,6792.594214083201,166710
2025-01-20,6753.650390625,6882.282240002489,6712.964153055973,6873.318341281791,120356
2025-01-21,6891.3955078125,6986.811522486259,6810.5711174807175,6810.5711174807175,799900
2025-01-22,6865.2509765625,6914.104518101654,6802.503683311314,6880.2905044316785,247081
2025-01-23,6893.08935546875,6935.169883317082,6795.831143990335,6864.603977814577,271085
2025-01-24,6717.99365234375,6887.511130323293,6701.4606283273615,6887.511130323293,317194
2025-01-27,6668.59326171875,6702.805087203042,6647.577801227298,6673.12481613199,191705
2025-01-28,6682.0390625,6720.434235108913,6608.435103234469,6672.128779695385,202194
2025-01-29,6757.08642578125,6771.478658053845,6670.385797779168,6713.960306518253,146288
2025-01-30,6797.27490234375,6867.342812056165,6743.192904748861,6759.029029487476,204648
2025-01-31,6783.181640625,6852.4028613905,6761.917182736824,6794.884508883915,187712
2025-02-01,6813.6591796875,6912.162376228295,6782.932827479646,6782.982432391332,117096
2025-02-03,6771.37939453125,6859.126108142737,6697.975309199197,6754.397979426772,250589
2025-02-04,6764.955078125,6789.257106704785,6679.399254229739,6757.783764494344,223642
2025-02-05,6916.79345703125,6979.889444177147,6769.188210065273,6798.768785351028,389639
2025-02-06,6846.67578125,6897.222211173037,6758.331383091911,6809.973497923129,334197
2025-02-07,6763.3115234375,6902.053054499303,6722.924372293009,6893.686845878313,259335
2025-02-10,6734.12890625,6806.935780818557,6659.18075314291,6789.854671095885,213808
2025-02-11,6292.009765625,6787.6634807121045,6257.299459658664,6772.623952991413,1728723
2025-02-12,6348.97998046875,6468.000637756282,6190.070167715582,6324.130352602719,1133586
2025-02-13,6346.6396484375,6399.227659420889,6319.000960881246,6346.6892533454875,636246
2025-02-14,6254.18115234375,6363.296343685195,6214.385088677594,6360.653337657951,320088
2025-02-17,6283.80419921875,6300.560283147624,6133.994893360438,6133.994893360438,482329
2025-02-18,6360.25439453125,6373.370074355719,6303.552248815046,6303.552248815046,220118
2025-02-19,6405.93505859375,6418.253015318179,6267.895339784502,6331.7287808070905,195067
2025-02-20,6374.31787109375,6452.613576362721,6361.301541259929,6367.635112909902,165304
2025-02-21,6301.1083984375,6378.955565730267,6276.5728094792485,6345.741936683745,220428
2025-02-24,6235.130859375,6258.669538627559,6219.771034722145,6258.669538627559,458224
2025-02-25,6235.0810546875,6263.606721027249,6196.880437645116,6234.731868155043,421160
2025-02-27,6169.103515625,6265.900752962946,6129.456963047456,6244.706055044134,397857
2025-02-28,6036.84814453125,6129.057250262549,5985.731523175903,6129.057250262549,845516
2025-03-03,6154.541015625,6178.877416846154,5985.382304841609,6009.918380363871,373515
2025-03-04,6172.04541015625,6204.311317561263,6096.392710320739,6117.039033936698,445246
2025-03-05,6198.2265625,6218.822722263035,6114.694526781861,6183.864136745781,345922
2025-03-06,6257.77197265625,6275.625291133245,6200.87015106991,6238.721582332875,284475
2025-03-07,6199.9228515625,6298.316019985903,6181.171485889195,6275.874575676994,299433
2025-03-10,6133.595703125,6195.83320911127,6117.936367724691,6190.247685764061,266043
2025-03-11,6118.833984375,6139.679981720381,6024.280896238241,6114.046671182188,526709
2025-03-12,6127.7607421875,6141.923981148612,6047.968944120358,6118.135953947748,250139
2025-03-13,6089.759765625,6183.864314326566,6066.271250009453,6139.081265323298,247628
2025-03-17,6140.62744140625,6188.053986440044,5986.380009896248,5986.380009896248,287639
2025-03-18,6140.62744140625,6140.62744140625,6140.62744140625,6140.62744140625,0
2025-03-19,6410.82177734375,6418.152745994655,6210.893750934534,6258.91834069301,579880
2025-03-20,6457.50048828125,6467.773487546892,6347.188229313708,6448.174724417698,457285
2025-03-21,6594.34326171875,6616.834867602567,6453.211515139204,6477.099380124182,496635
2025-03-24,6598.58251953125,6682.513913010905,6583.272856740102,6632.095174628822,389998
2025-03-25,6627.4072265625,6649.798507770052,6544.97193527686,6579.3324732484025,223668
2025-03-26,6502.83203125,6662.615305690673,6474.156853100508,6636.483296364154,281646
2025-03-27,6475.154296875,6542.877977275219,6413.515325686059,6483.133476938838,728926
2025-03-28,6598.98193359375,6632.444426939291,6416.208830659561,6475.15463686784,413873
2025-04-01,6615.0390625,6644.562125090072,6528.614668904192,6581.825921467723,319668
2025-04-02,6714.62939453125,6728.842308720632,6615.0391580547775,6615.0391580547775,292940
2025-04-03,6653.98779296875,6757.318269568567,6642.716909209037,6657.677871448089,312519
2025-04-04,6697.0751953125,6717.472169011471,6564.870351363548,6654.636126450561,279891
2025-04-07,6665.90673828125,6708.196783293852,6473.957875239059,6547.914804917633,744140
2025-04-08,6738.01904296875,6772.329421575807,6698.771351643374,6707.498580279425,578124
2025-04-09,6816.314453125,6833.619397408445,6647.654435974469,6647.654435974469,680834
2025-04-11,6763.302734375,6853.0685088699265,6747.892748282507,6804.944079765703,651996
2025-04-15,6887.02978515625,6946.873635570352,6817.211959673131,6946.873635570352,778401
2025-04-16,6987.26806640625,7016.192593410144,6847.133720059796,6852.120707474261,621996
2025-04-17,7055.09130859375,7073.543162585265,6981.782591384216,7019.683696880302,533349
2025-04-21,7123.912109375,7170.29109615637,7039.632015116381,7131.39259111393,244570
2025-04-22,7070.05224609375,7153.833636891786,7051.600392167992,7122.914314097273,305540
2025-04-23,7123.4130859375,7150.342818970307,7053.09656079628,7070.052318631751,287593
2025-04-24,7140.8671875,7165.802124253614,7075.0389544704585,7122.9140330373975,277769
2025-04-25,6934.90478515625,7224.150058807237,6880.047922912097,7150.841342899142,550158
2025-04-28,7026.66552734375,7037.636900062101,6936.401051797318,6936.401051797318,379519
2025-04-29,6974.3017578125,7071.548010424115,6957.844699678227,7030.654714454103,174253
2025-04-30,6958.84228515625,7017.19003829967,6901.9906282472775,6973.803247500717,499567
2025-05-02,6909.9697265625,7079.527297797435,6899.995751783975,6903.985341695385,207912
2025-05-05,6955.85009765625,7012.701754605835,6931.912557888004,6941.88653279144,259097
2025-05-06,6990.75927734375,7055.590116697059,6931.912823161515,6981.284000822881,292595
2025-05-07,6964.82666015625,7037.636676795431,6931.912543045387,6951.8604928095465,338311
2025-05-08,6833.6689453125,6960.837126079828,6788.287359234748,6931.9125986896115,383274
2025-05-09,6704.50634765625,6826.188849056735,6660.122156571647,6717.9712146145,428193
2025-05-12,6907.97509765625,6922.437361432747,6740.911016100168,6782.303012426003,237009
2025-05-13,6899.49755859375,6994.749024708055,6882.043101452385,6890.022281859866,323598
2025-05-14,6898.49951171875,6974.800417183434,6844.640049037797,6911.964377388988,324593
2025-05-15,7054.09375,7078.031289766702,6852.120758218452,6923.933377518558,656146
2025-05-16,6996.7431640625,7086.508935233651,6974.800419998441,7061.57399879722,270772
2025-05-19,6956.3486328125,7042.623513698339,6947.372055610505,6966.821306214827,307173
2025-05-20,6894.01171875,6988.764483981662,6873.066370646159,6967.320437113444,365507
2025-05-21,6965.82421875,7024.67067191527,6910.4686568741945,6910.4686568741945,449740
2025-05-22,6936.40087890625,6982.779862423274,6897.003677854154,6965.824105008448,229993
2025-05-23,7046.11474609375,7069.553587700829,6911.964780300048,6969.31513742375,321466
2025-05-26,7078.03125,7101.470090889875,7061.574191502853,7076.535153772987,228090
2025-05-27,7055.09130859375,7105.95858175955,7011.205818019335,7099.97419668122,218088
2025-05-28,6938.39599609375,7082.519940812437,6914.458455102411,7081.522543271131,278102
2025-05-29,6904.98291015625,6962.831965304172,6868.577901313161,6947.372304014641,308885
2025-05-30,6862.59375,6974.800972858077,6835.664016514062,6931.912878787879,911209
2025-06-02,6897.50244140625,7071.548305917188,6865.585721266709,6925.928270280529,1217905
2025-06-03,6794.7705078125,6932.411363603785,6781.804340237958,6931.912664850917,489548
2025-06-04,6837.15966796875,6850.125835099836,6754.375677824124,6794.770275424815,629518
2025-06-05,6858.10498046875,6901.491770266654,6824.193466603721,6850.6244994691115,488647
2025-06-06,6924.43212890625,6936.899597629524,6790.282165443824,6849.128617817677,269399
2025-06-09,6913.95947265625,6958.3436614233015,6868.079187638623,6958.3436614233015,239444
2025-06-10,6900.49462890625,6974.30204417532,6893.014147628979,6933.40874652624,559472
2025-06-11,6909.4716796875,6928.920932340536,6845.139536296689,6899.996402753969,526939
2025-06-12,6978.29150390625,7036.639256779617,6911.964571152764,6913.959366122794,552007
2025-06-13,6976.296875,7019.184967876546,6904.982953123883,6960.837213614268,367775
2025-06-16,7095.48583984375,7119.4233799275635,6963.829369382775,6992.255198232304,589027
2025-06-17,6988.265625,7115.932505753586,6981.283842458788,7101.470241918219,264117
2025-06-18,6915.45556640625,7011.704425158424,6898.998507655878,6988.265583907894,394355
2025-06-19,6991.2578125,7016.691448881875,6894.011555745774,6918.946493375062,462080
2025-06-20,7045.1171875,7058.582053647271,6956.348810677249,6986.769434195158,378436
2025-06-23,6989.26318359375,7031.153879806513,6977.294413247247,6981.782702127185,137379
2025-06-24,6987.76708984375,7057.584916890433,6975.299620728271,7016.192919427042,238243
2025-06-25,7023.67333984375,7042.623892734553,6976.7956563770285,6976.7956563770285,378904
2025-06-26,7083.0185546875,7103.9639028038755,7002.229354810053,7036.140870807994,426516
2025-06-27,7289.4794921875,7304.939153147875,7098.976573256417,7111.44404177285,523582
2025-06-30,7223.15283203125,7317.406897569354,7184.753027552763,7317.406897569354,353888
2025-07-01,7476.49169921875,7564.761378431778,7385.229827490026,7455.5463516088785,1872535
2025-07-02,7421.634765625,7512.397937735183,7397.198526979951,7450.559293000772,910865
2025-07-03,7545.3125,7580.720113185724,7420.637805684071,7454.549322538004,894597
2025-07-04,7533.84228515625,7573.239487812459,7505.416455391644,7573.239487812459,349076
2025-07-07,7596.17919921875,7605.654475268196,7515.888702168184,7542.818434098188,449086
2025-07-08,7545.3125,7615.13032881692,7534.341126900198,7585.208402181097,481581
2025-07-09,7449.56201171875,7548.803064090689,7429.115362737596,7525.3642225757085,266815
2025-07-10,7339.84814453125,7435.598303775033,7328.8767721179,7435.598303775033,384661
2025-07-11,7170.78955078125,7364.78337060557,7140.368926078721,7335.8588421998875,578061
2025-07-14,7201.2099609375,7237.614969742793,7154.3322783663,7181.262010907202,670246
2025-07-15,7341.34423828125,7354.809104420343,7208.690371873885,7241.6044891027805,517978
2025-07-16,7333.365234375,7390.715591529242,7290.975839956648,7355.307979720971,527782
2025-07-17,7331.3701171875,7389.219170557594,7312.419565221435,7341.84279064243,378666
2025-07-18,7284.49267578125,7365.281873664221,7236.11889680194,7365.281873664221,192649
2025-07-21,7235.6201171875,7303.443146751047,7227.142238492056,7284.492594372997,217270
2025-07-22,7227.64111328125,7272.524001585625,7197.7191877449995,7251.079954951313,300768
2025-07-23,7354.310546875,7370.767605805418,7225.147569208992,7232.129351785532,508883
2025-07-24,7344.33642578125,7466.01891969655,7330.372860905723,7353.811701946785,454916
2025-07-25,7449.06298828125,7464.023950298284,7324.388304805967,7345.832350363716,434232
2025-07-28,7337.3544921875,7482.475824154234,7303.941676923681,7460.533079801876,240740
2025-07-29,7436.595703125,7449.561870525835,7291.474367984886,7337.354652633994,336770
2025-07-30,7430.61181640625,7455.048056607854,7380.741938443792,7440.585791998742,266922
2025-07-31,7478.486328125,7505.416060168128,7335.858488044729,7358.798630155542,342605
2025-08-01,7332.36767578125,7518.382308377754,7312.419725904949,7518.382308377754,215243
2025-08-04,7288.98095703125,7368.772757327159,7276.014789483164,7367.775359823459,260996
2025-08-05,7255.0693359375,7322.892365198395,7216.669532605964,7292.970440524471,282791
2025-08-06,7170.78955078125,7260.056629826374,7145.854612500489,7251.0800520453,296623
2025-08-07,7151.34033203125,7178.768764267074,7035.14351910494,7145.355946816161,407857
2025-08-08,7066.0625,7179.765813571882,7047.610646481756,7151.339985178912,327102
2025-08-11,7240.10888671875,7300.950137867648,7002.229568702161,7082.520072267509,498598
2025-08-12,7217.66748046875,7266.041262380273,7186.24945716539,7240.108925685436,342006
2025-08-13,7788.17822265625,7819.596243276558,7369.769979792154,7383.733544512291,2291645
2025-08-14,7801.14453125,7839.045636177124,7728.8332126390405,7809.622409983699,673142
2025-08-18,7802.1416015625,7896.894359906819,7785.684543534276,7829.57003160954,633876
2025-08-19,7813.12744140625,7854.07308275573,7789.658598193743,7820.118160661039,384598
2025-08-20,7872.54833984375,7907.501935162097,7802.141812131079,7819.618609790253,452843
2025-08-21,7915.99072265625,7936.463542919223,7842.5881719573,7882.535138324076,482016
2025-08-22,7911.99609375,7969.419858393815,7841.589564925845,7884.532554137741,843648
2025-08-25,7840.5908203125,7939.459562028324,7828.107393328179,7915.491382218428,402979
2025-08-26,7783.1669921875,7823.613295284131,7710.263779198511,7817.121913305659,671659
2025-08-28,7717.75390625,7817.621322221144,7704.271805093896,7744.718108562209,418353
2025-08-29,7599.91015625,7733.732490144546,7575.941977045007,7659.830604262484,481590
2025-09-01,7661.32861328125,7674.311377013591,7585.429379153716,7585.429379153716,255894
2025-09-02,7671.81494140625,7688.792402224254,7621.381896035121,7621.381896035121,195907
2025-09-03,7725.7431640625,7765.190792679417,7645.849232686466,7674.810782810278,321268
2025-09-04,7889.52587890625,7908.001350901157,7740.723428785107,7779.671721098694,386286
2025-09-05,7794.15234375,7904.505836476552,7785.164276469104,7889.525724341726,228324
2025-09-08,7776.17626953125,7839.09274098575,7730.237258627964,7824.11262873468,314960
2025-09-09,7815.12451171875,7837.594679952559,7744.717984586148,7744.717984586148,303494
2025-09-10,7918.4873046875,7928.474046148828,7794.651710567025,7794.651710567025,337313
2025-09-11,7869.05322265625,7930.971021984214,7849.579076093423,7865.058525925414,161041
2025-09-12,7864.0595703125,7904.50587326477,7831.103323462501,7864.558907385985,117761
2025-09-15,7806.13671875,7945.4517666954525,7785.663898084181,7889.526012681507,214626
2025-09-16,7842.0888671875,7851.576271738698,7795.151181513153,7795.151181513153,194911
2025-09-17,7877.54150390625,7900.511008798471,7849.578628385284,7858.566695517024,249447
2025-09-18,7840.09130859375,7875.544240439502,7810.630421566998,7864.558824938002,264065
2025-09-19,7796.14990234375,7866.05709419209,7788.160508989655,7840.091565791278,207129
2025-09-22,7728.7392578125,7786.163021518951,7601.408303506893,7601.408303506893,302818
2025-09-23,7673.81201171875,7738.72583014167,7654.337866191874,7714.7576510316685,443181
2025-09-24,7633.36572265625,7719.751035014432,7624.377655474474,7687.793462812561,201984
2025-09-25,7613.8916015625,7693.785532323911,7604.903534351841,7638.858454925441,374239
2025-09-26,7500.04296875,7620.3832054656295,7481.0681596413115,7539.989935294608,207170
2025-09-29,7434.13037109375,7584.930167713195,7416.154236397392,7539.989830972301,388214
2025-09-30,7399.1767578125,7468.085273980547,7390.188690486233,7434.1303529702045,369272
2025-10-01,7431.13427734375,7472.079917092587,7349.242997846077,7399.67604192696,220764
2025-10-03,7439.623046875,7474.077304894624,7394.183373254917,7431.134316638281,478143
2025-10-06,7651.84130859375,7719.751150538983,7539.989804213366,7539.989804213366,423558
2025-10-07,7689.791015625,7696.282397651177,7623.379184126421,7664.324824599229,210121
2025-10-08,7651.84130859375,7751.7087232190925,7633.3658368880615,7687.294240785746,188810
2025-10-09,7684.7978515625,7739.724931723116,7609.8972877071155,7679.804480638808,295802
2025-10-10,7670.81640625,7728.739508914041,7649.844248388882,7684.298507732147,273853
2025-10-13,7660.82958984375,7733.732804556121,7632.866712967772,7698.779208461148,191488
2025-10-14,7748.712890625,7838.094228904539,7664.8242602844275,7838.094228904539,413862
2025-10-15,7815.6240234375,7839.592203422486,7730.237382240988,7789.658495120432,212807
2025-10-16,7823.11376953125,7859.565375146606,7797.148242243599,7803.639624065512,178563
2025-10-17,7891.02392578125,8019.353556163189,7830.104801631069,7839.592206211834,610960
2025-10-20,7999.3798828125,8054.306960659527,7910.997221185919,7939.459434252107,498555
2025-10-21,8001.37744140625,8047.815790261142,7981.903295112264,8027.342969798233,31082
2025-10-23,7957.93505859375,8088.761373794325,7909.499361744682,7939.459586599775,456860
2025-10-24,7827.10888671875,7971.4173057466105,7814.126122377143,7964.426586485745,287555
2025-10-27,7835.09814453125,7892.52190889433,7823.613391658633,7827.10875122856,266541
2025-10-28,7870.0517578125,7890.524578196379,7818.120701229002,7853.57363408889,348079
2025-10-29,7848.0810546875,7894.519404123521,7835.597627419753,7880.038628492934,199897
2025-10-30,7779.671875,7827.108898628049,7754.705020458922,7756.702368822208,209452
2025-10-31,7670.81640625,7822.614882197142,7640.856180734117,7822.614882197142,347031
2025-11-03,7814.1259765625,7834.598796873003,7651.342088239963,7664.824189420051,332284
2025-11-04,7800.14453125,7873.047744972713,7770.184306432447,7814.125969498192,384562
2025-11-06,7771.68212890625,7840.091307244734,7689.790849727336,7722.247759158003,425649
2025-11-07,7631.86767578125,7880.537533314557,7615.389552691694,7778.672772397299,486385
2025-11-10,7519.51708984375,7642.354011558443,7505.03631451966,7621.38185419252,377719
2025-11-11,7491.0546875,7558.964528687842,7431.134239393081,7491.554024567558,306736
2025-11-12,7488.05859375,7529.004232899606,7448.111628725993,7510.029424513204,420561
2025-11-13,7430.63525390625,7499.044435398431,7415.155804079552,7470.082884109771,448567
2025-11-14,7410.66162109375,7457.099969639112,7365.221946710654,7430.135767257934,218565
2025-11-17,7477.57275390625,7494.550214582899,7415.15561906563,7465.089326938126,248470
2025-11-18,7375.7080078125,7464.090670962105,7363.224580813969,7440.122491124924,285148
2025-11-19,7449.1103515625,7472.079856601505,7322.278736781907,7409.163386277273,454714
2025-11-20,7413.158203125,7481.068045212094,7405.168809938283,7471.081303728698,228411
2025-11-21,7381.20068359375,7425.142346437496,7371.713279116123,7415.654941959869,138622
2025-11-24,7344.7490234375,7411.160854297327,7322.278855101469,7389.1900230354295,751685
2025-11-25,7320.78076171875,7399.676018546495,7304.801975525789,7399.176681477964,237415
2025-11-26,7383.1982421875,7392.186309843349,7298.810273640923,7331.766521712368,272489
2025-11-27,7312.79150390625,7386.194054338084,7300.30807696206,7380.202009404874,243681
2025-11-28,7325.7744140625,7349.243257185732,7290.321480833788,7320.2817060974885,299937
2025-12-01,7277.837890625,7371.713261015223,7272.345182783019,7365.221879020154,227568
2025-12-02,7232.3984375,7289.322865964167,7220.414347297017,7277.838112852975,329723
2025-12-03,7174.47509765625,7247.3783106474675,7141.019513612335,7190.453884065284,329160
2025-12-04,7191.45263671875,7217.917501997606,7148.5096477757,7174.475175973823,306183
2025-12-05,7179.9677734375,7209.927997820715,7137.524122227946,7191.452526117732,260117
2025-12-08,7086.591796875,7209.428717818577,7072.61035871882,7147.510920269782,287363
2025-12-09,7081.5986328125,7171.978646388798,7049.641058951267,7090.586700460971,560843
2025-12-10,7009.1943359375,7106.5650629808715,6996.2115723317165,7091.584951128046,266098
2025-12-11,7000.20654296875,7056.13229607614,6963.754936032683,7018.682014977441,350620
2025-12-12,7091.5849609375,7120.546510559692,6986.724177822665,7005.698986195826,306662
2025-12-15,7077.1044921875,7088.589245120564,7006.198626252933,7065.619739254436,205982
2025-12-16,7042.15087890625,7138.522935889084,7015.686013517182,7100.5733175953255,385236
2025-12-17,6912.3232421875,7099.574648372598,6902.336500524295,7099.574648372598,358023
2025-12-18,6909.3271484375,6940.286047274179,6871.876867586679,6912.323170905565,384579
2025-12-19,7003.20263671875,7014.687389705882,6892.849140625,6909.8266015624995,235742
2025-12-22,7044.6474609375,7094.5811684859655,7003.701820747759,7004.700494898728,358776
2025-12-23,7064.12158203125,7088.589098643926,7006.6978185525195,7060.126885441426,286197
2025-12-24,7162.4912109375,7199.941492645553,7035.16025313012,7060.626444691596,351381
2025-12-26,7146.51220703125,7192.451217864598,7122.044690391749,7172.477734893577,228172
2025-12-29,7075.10693359375,7170.480313812284,7060.626158586748,7158.496224151317,234376
2025-12-30,6980.732421875,7055.632984341471,6927.802691065362,7045.646242679274,433130
2025-12-31,7033.16259765625,7044.148013144247,6945.778610819911,6980.732205554446,226286
