Price,Close,High,Low,Open,Volume
Ticker,AXISBANK.NS,AXISBANK.NS,AXISBANK.NS,AXISBANK.NS,AXISBANK.NS
Date,,,,,
2015-01-01,486.962890625,487.88252227531495,483.09080711487843,486.57568818231834,1351985
2015-01-02,497.8531188964844,500.3700085946768,485.65607963463685,487.1081109316808,3852825
2015-01-05,500.99920654296875,503.75810156656894,498.6275435139006,500.3700284059879,2561430
2015-01-06,483.0907897949219,497.12709201587757,480.8643536730861,497.12709201587757,5284530
2015-01-07,482.70361328125,489.18936509303853,478.68633247618095,482.84881050713864,4245189
2015-01-08,485.8980712890625,490.78656470267504,478.83150144902316,489.8185438649972,5637844
2015-01-09,479.12188720703125,489.7216968090941,471.4261103447034,488.75367604863266,5078463
2015-01-12,485.5108337402344,487.6888805999752,476.4114438789807,479.17030914298266,2290147
2015-01-13,488.3664855957031,495.3362470581293,484.3007864856795,487.88247520363603,4069260
2015-01-14,483.6231994628906,489.57652149763607,478.39589303095926,488.36649549294594,2973231
2015-01-15,497.6111145019531,507.19454471158923,494.75547067137626,506.710534278442,6670800
2015-01-16,498.3371276855469,504.8228792742839,496.20746997357736,500.07955341959297,6920742
2015-01-19,512.0347290039062,514.7935652703512,500.3216392426112,502.8385293380044,6113156
2015-01-20,533.7667236328125,536.9611806409582,514.115852989329,515.5194950471927,6934581
2015-01-21,529.7494506835938,538.9940386915613,528.1038032960557,535.3155709968522,4459351
2015-01-22,546.689697265625,549.0129706084385,530.281734375655,532.1209973623237,5546866
2015-01-23,547.0770263671875,558.9352821992495,542.3820896285916,552.7399249067274,4975114
2015-01-27,573.1650390625,578.6827689290935,548.8677428618964,552.6430472662223,5376830
2015-01-28,571.713134765625,580.6189390937502,564.7918206007228,571.1323458438529,6370073
2015-01-29,580.3284912109375,582.7485433010581,563.4849050303765,570.1158832072889,5424486
2015-01-30,569.29296875,584.7329112391877,565.0337129799701,583.4744961044811,4497194
2015-02-02,597.5592651367188,601.1409541358315,565.711414288684,567.2602240315575,6307718
2015-02-03,567.8409423828125,605.5937512383002,565.8081224623743,603.0769209479199,9290016
2015-02-04,540.736328125,573.068242464955,535.5574411211763,572.1002217851155,10773056
2015-02-05,547.802978515625,560.0000166096725,540.7363796132889,544.4149058135786,6865785
2015-02-06,545.1409912109375,553.2239420591438,528.2974039873627,549.8358689231736,7706020
2015-02-09,535.8961791992188,551.3845087608527,532.4113286811665,537.2514316691771,4334546
2015-02-10,536.3803100585938,551.5782486735992,523.2152506054498,529.4106074559303,9809275
2015-02-11,551.0459594726562,554.3372545371755,537.7356705965052,541.4625278485021,6200994
2015-02-12,560.2420654296875,562.9041227600229,545.9637579306155,554.6759455571679,5849894
2015-02-13,562.5169067382812,569.9222900641568,558.064034347323,563.5333759235112,4633409
2015-02-16,552.062255859375,565.3241527666221,547.9965566426808,564.3561319570903,4284303
2015-02-18,551.2879028320312,555.6439968842598,545.9637878793075,553.7079550832693,4695905
2015-02-19,547.1737060546875,557.1926967648741,535.5574575404792,555.6438872629643,5349212
2015-02-20,543.543701171875,552.5462831591296,536.2835448783949,548.3354161422325,6025707
2015-02-23,531.4918823242188,548.8678699169097,528.5878195204256,545.4797966458176,6089272
2015-02-24,534.1538696289062,537.9291744105371,524.6672775344274,532.3146655450947,6155111
2015-02-25,535.3155517578125,540.736445104316,532.5082675456516,536.4771886415793,4185156
2015-02-26,534.6377563476562,539.8167019183586,526.4095813894874,534.9765990017887,5579001
2015-02-27,549.0130004882812,552.1106196695589,532.7502043700804,537.8323133861935,5791546
2015-03-02,626.8419189453125,629.2135819554984,608.5947487019257,609.8531640491753,13205219
2015-03-03,611.2084350585938,628.2455796879957,608.4495399751561,628.2455796879957,6817671
2015-03-04,593.1547241210938,633.9568230244322,588.7018522326555,630.0847399620342,10097232
2015-03-05,597.0751953125,602.1089151010658,584.2005309702463,593.396728226613,6914112
2015-03-09,572.6812133789062,590.4928238293805,570.3096091400135,590.4928238293805,6043383
2015-03-10,566.7278442382812,575.7788159643269,561.452118549047,572.9715908215655,5791801
2015-03-11,565.1790161132812,573.7460370933824,561.4521590357647,566.5342690960023,5816344
2015-03-12,565.4209594726562,574.520379170344,564.065765721563,568.7122540228763,4512080
2015-03-13,551.7719116210938,572.0519612420742,546.060564692044,570.6483191239206,6749149
2015-03-16,550.4166259765625,555.4503461610941,541.2204279967983,551.2878683658614,6445254
2015-03-17,561.5489501953125,567.0666816307014,548.9162881480486,556.5152883361064,5627580
2015-03-18,562.6621704101562,567.0666538629416,557.338055249286,565.5662332251765,5847672
2015-03-19,545.5281372070312,576.5048043505999,540.6396437400975,569.196258763075,7705218
2015-03-20,538.4616088867188,545.9637706285113,534.0571257452951,544.9957497586025,8160665
2015-03-23,537.4451293945312,544.0276586433068,534.9766883116527,541.9948387123003,4191424
2015-03-24,540.2041015625,547.8998802483756,533.6215706482633,536.2352391374886,6309451
2015-03-25,544.2212524414062,549.0129667502255,536.1866924025238,541.9463683335349,5578540
2015-03-26,526.8937377929688,543.4953190338691,520.3112078177032,542.0916769821653,9233047
2015-03-27,528.9265747070312,533.6214518290327,509.27570572224334,530.4753843125804,10655577
2015-03-30,545.5281372070312,547.3674004520021,531.7822293454119,534.8315186506784,6631597
2015-03-31,542.2852783203125,555.1599434841921,539.4296050681187,549.7390504941278,5970862
2015-04-01,551.4330444335938,553.7078695650963,537.4935219860484,539.8651846426284,3753262
2015-04-06,550.852294921875,553.6595792344739,544.1245376841908,553.6595792344739,4305263
2015-04-07,540.0103759765625,554.6759146302102,537.251540348633,552.7398730433683,6754389
2015-04-08,538.122802734375,545.9637478197418,533.4762554862883,543.8340901782525,5750765
2015-04-09,553.8531494140625,558.5480268731759,537.3483467606127,542.091672528559,9653162
2015-04-10,549.88427734375,556.4184186197517,547.3190573298234,555.0632247680477,4938698
2015-04-13,547.8997802734375,553.3691215013605,544.0276970206216,551.7718635262534,4596222
2015-04-15,532.6050415039062,555.1599137143509,524.0380222067218,548.7710002412804,8869483
2015-04-16,533.1858520507812,538.6068040542439,525.683690749088,534.3474888431876,7288785
2015-04-17,516.6326904296875,532.7502006025434,514.7934273559246,532.4114169705177,6618167
2015-04-20,501.67681884765625,521.0372363622788,490.7865839956811,517.0199260946724,7836613
2015-04-21,506.46844482421875,515.6646415244707,500.0310835007244,501.67673051637587,7204472
2015-04-22,522.8279418945312,527.5712668259164,503.6611443843034,510.09850549356986,6947536
2015-04-23,520.9888916015625,531.1531116642557,518.4236124286062,525.8773856245766,5464184
2015-04-24,510.3890075683594,521.0372372189083,503.2740777533602,520.7952319995777,6533254
2015-04-27,507.4364929199219,523.4572246405743,505.64561906849116,512.4702126757974,7839080
2015-04-28,517.89111328125,522.1988175354828,502.4995593653661,507.1461063399493,6322607
2015-04-29,534.2991943359375,541.9949729811682,518.1332320743581,518.7624693477546,9301407
2015-04-30,549.6422729492188,563.7754139955088,541.1237005708475,545.2861787585769,15658642
2015-05-04,550.174560546875,557.5799427954457,544.8020572897241,553.127071052273,4309985
2015-05-05,547.7545776367188,555.8859764589921,544.511731403018,550.8038669658973,5385676
2015-05-06,525.9257202148438,547.803027050639,523.8929000468289,546.0121530137646,7698992
2015-05-07,510.48583984375,527.3778177506275,506.56536669391545,522.3925451567975,5848608
2015-05-08,523.5056762695312,530.4754383713636,516.4391357137271,518.6171826778431,10010992
2015-05-11,533.4762573242188,534.3474997070622,525.7320906617975,528.055364293845,6700085
2015-05-12,515.325927734375,536.1868264182744,512.954323679804,535.3155839322579,4943428
2015-05-13,540.6396484375,546.1573791370503,518.0847742942794,520.7952208762309,7971625
2015-05-14,538.0743408203125,540.930014011693,529.9913907319673,539.5748203346877,4929250
2015-05-15,544.076171875,549.1582819441775,539.1876778155962,540.6397092639326,5825462
2015-05-18,549.3517456054688,551.626570610341,540.7847860694326,545.2860468609808,3944770
2015-05-19,543.4953002929688,552.6431088432672,540.7364055106206,547.8997831999119,6047850
2015-05-20,540.397705078125,548.7226617648577,538.70366838509,544.7537994316432,4763209
2015-05-21,552.20751953125,553.7079400696729,542.0916895787007,542.0916895787007,6157883
2015-05-22,550.465087890625,558.209254801833,545.7217620241883,553.0303077299799,4265332
2015-05-25,544.12451171875,551.5298950664351,542.2853075011137,549.9326369849169,3426379
2015-05-26,546.2058715820312,548.6743134162928,540.349356109246,544.9958452825584,2475418
2015-05-27,559.3223876953125,560.9680348168707,543.3016558084015,544.0276713840921,4120709
2015-05-28,556.2731323242188,567.0665279399394,552.1590442498494,560.4356096180979,8272414
2015-05-29,566.6793212890625,568.5185251037708,556.3214883502371,557.0958930660771,3421723
2015-06-01,559.95166015625,570.0674896324294,558.6447965875747,568.1314479751053,3142413
2015-06-02,535.4122314453125,563.7752855349534,530.8625813717398,563.3880536173622,6978299
2015-06-03,533.28271484375,536.2835558732569,521.3276217854014,535.5575402290242,5114150
2015-06-04,538.6068115234375,542.0916628656817,528.5393712940396,542.0916628656817,7432416
2015-06-05,530.8626708984375,539.4296319994266,528.5877863947106,538.2196059070097,7028734
2015-06-08,535.8961791992188,539.6714831631824,526.6032050955538,529.5072668883602,6286247
2015-06-09,540.833251953125,545.9637505583783,532.8470800699572,534.3958897715535,5252618
2015-06-10,546.44775390625,549.5454323526712,540.9784126297576,541.0268609374893,7919473
2015-06-11,529.265380859375,551.9654807988563,527.6197336564121,549.7390447399308,7608358
2015-06-12,533.8150024414062,534.831412313307,523.5055588241315,529.5072987065682,5518696
2015-06-15,532.4598999023438,537.2516153150588,527.9101897217527,536.186815927037,5896234
2015-06-16,533.5247192382812,536.2351658225891,522.7796522701728,532.4114716188474,6283177
2015-06-17,531.6854248046875,539.5748179640127,530.0881668501514,535.4122812542039,4522392
2015-06-18,532.4598999023438,537.0579993126979,529.8946798918156,534.057158067685,5579425
2015-06-19,533.9119262695312,537.6388422591441,530.717469052226,536.2835893386834,6783585
2015-06-22,553.8531494140625,557.4832275783162,538.7519888007848,538.7519888007848,7325101
2015-06-23,553.0302124023438,560.9679939347313,548.1901089171433,557.1926895829572,6608481
2015-06-24,553.2239379882812,558.9352848659272,549.0614599828084,553.7079484327155,5427984
2015-06-25,551.8202514648438,559.4192502807747,548.9161890319966,549.9325990668328,5953158
2015-06-26,547.415771484375,551.4814707285054,542.0916569960212,549.9326019728215,4432487
2015-06-29,544.705322265625,549.1581943637159,528.5393629023187,536.28352939173,5390158
2015-06-30,541.0751953125,547.8997295977206,535.315460189999,543.1080151988904,5479844
2015-07-01,560.1453247070312,561.936139762011,539.0424215457912,540.930074142015,7663185
2015-07-02,565.3241577148438,567.8894365158774,557.6767696192845,561.548852891304,9886455
2015-07-03,567.2117309570312,569.6801718817463,562.4200167600587,563.2428107071993,4422432
2015-07-06,565.5177001953125,567.0665096695022,555.1598669721976,557.095908356582,4973984
2015-07-07,567.4537353515625,571.8582176360362,562.7587995959836,566.5824931048343,4969526
2015-07-08,558.209228515625,566.2921787152484,556.5151920835708,559.5160329870317,6414143
2015-07-09,557.8677368164062,563.4298372919453,552.6959821687129,561.9172918778517,3602432
2015-07-10,564.11279296875,568.8942608368817,556.9894290586312,560.3071895661192,6853759
2015-07-13,567.8697509765625,569.3334585263474,556.3552634966039,564.1128658637336,5161182
2015-07-14,569.7725830078125,573.4318518842326,564.8935578392524,568.5039888172568,4566647
2015-07-15,569.8701171875,575.1882663229353,567.4306046995398,570.4067980231692,3307716
2015-07-16,593.9236450195312,598.6074963818863,572.7974462205738,573.1877919834373,14142842
2015-07-17,587.5320434570312,595.1433685074818,584.0191700171296,589.8739987892311,5847889
2015-07-20,585.3854370117188,588.8007544748947,576.0176733776759,585.4829936873026,4688323
2015-07-21,570.50439453125,586.4587818274863,568.6503412811442,582.165216173772,4375934
2015-07-22,575.57861328125,579.1403257126218,564.9911517904095,568.7479775946648,5900119
2015-07-23,569.6261596679688,584.0680615260271,567.3330417778941,575.7249408207307,5569255
2015-07-24,566.4060668945312,579.384262461997,561.1854740156141,573.4318753362797,13673495
2015-07-27,542.3523559570312,565.4301658546916,540.3519678073037,563.5273343724025,9829067
2015-07-28,547.6705932617188,550.3540571930679,537.131910461194,545.0846860135982,8129213
2015-07-29,553.4766235351562,554.4036502230064,548.4024254802403,549.6709601043661,4635380
2015-07-30,552.0128173828125,561.8196442460745,549.4756890293785,557.574916957893,6484751
2015-07-31,559.6241455078125,565.2838023737164,553.2814132570701,553.9644886419086,6283549
2015-08-03,562.7467041015625,568.6015335677308,559.526559806851,562.0636287521618,4355574
2015-08-04,566.0645141601562,570.3093020762584,557.8190087195585,564.8935956879786,5903968
2015-08-05,566.3572387695312,575.2370403355714,562.5515754935656,567.9185029267219,3419273
2015-08-06,570.6019897460938,572.3096485439657,564.9423324991146,565.9669158661554,3125993
2015-08-07,566.2596435546875,570.7483824004453,562.0636938628797,570.7483824004453,2298504
2015-08-10,561.966064453125,570.5531356418816,556.9406454062117,568.6503041795355,2402572
2015-08-11,557.4285278320312,566.7962306908366,552.6470601813146,563.7224811082922,3168648
2015-08-12,544.3527221679688,556.0136022603366,542.5475069842778,555.6233160479075,4787034
2015-08-13,553.8180541992188,557.6237170990186,546.4507391808718,549.8660563007522,5982710
2015-08-14,556.2088623046875,560.356033646433,541.4253924042771,551.4762317733545,7528941
2015-08-17,547.81689453125,557.9164514200838,546.4995221815731,555.9648416206257,4466163
2015-08-18,547.76806640625,553.5253392406654,542.0596314644154,553.2813880113835,2952439
2015-08-19,540.5958862304688,548.1583738086025,539.4249085002386,547.3289635104903,4135059
2015-08-20,520.4944458007812,539.6202012626748,516.688782221675,536.6927860659514,8909772
2015-08-21,512.5902709960938,516.1032041582579,501.85641774654965,514.249151137249,10454764
2015-08-24,470.3867492675781,494.44036434302785,463.60492294840583,494.44036434302785,17627734
2015-08-25,490.7811279296875,494.00127246071247,471.80170910568785,477.1686365101993,14248966
2015-08-26,483.60894775390625,489.75650713626777,476.82709131943085,487.41458117056834,6910566
2015-08-27,496.92864990234375,499.6121134020619,484.43835897897327,493.464554387116,11302689
2015-08-28,495.85528564453125,516.1032683917718,490.0980423227135,503.5153605545449,10015309
2015-08-31,495.4649658203125,505.3694099353077,489.8540873299791,494.44038252941147,6111825
2015-09-01,468.48394775390625,488.87826461326995,465.6053113300312,487.9024596938822,8843551
2015-09-02,455.31060791015625,476.1928284477194,453.3589979575017,471.36258190321746,11537443
2015-09-03,475.11944580078125,477.65654474197294,457.40859110888624,459.6041523462089,8651466
2015-09-04,456.6766662597656,471.7040548774306,451.30973962637097,471.41132533638023,8969600
2015-09-07,438.96588134765625,460.7751288618102,435.9408799184027,458.28680826615744,9743637
2015-09-08,462.4339904785156,464.0928709150732,439.1122565846392,441.30781786756245,12602488
2015-09-09,474.48516845703125,483.0234619768236,463.60494895622253,472.48478017264745,11672474
2015-09-10,470.9234924316406,475.2170284163167,460.67754007358866,466.2396106290082,8384392
2015-09-11,469.6061096191406,481.7548925744752,463.1170129693348,476.1927927150974,7212180
2015-09-14,484.1944274902344,485.9508644863348,467.6545216969397,468.3863754085155,5537347
2015-09-15,470.2403869628906,486.438754658617,469.21580370427785,485.07263372073226,9567400
2015-09-16,482.2915954589844,484.97505906548355,474.2412046394869,475.65613372550433,7293528
2015-09-18,504.93023681640625,507.80887306564387,487.90243009443026,487.90243009443026,18814281
2015-09-21,515.2250366210938,517.1766466082948,496.4407904942831,498.197227571082,7516002
2015-09-22,497.3677978515625,521.7629217450234,492.97667555073957,518.1524314971097,7358434
2015-09-23,499.3194580078125,502.3932081926445,485.07269826458884,486.6827706477324,7602683
2015-09-24,501.51495361328125,505.66212454864814,493.95246543702405,497.6605122440238,6911468
2015-09-28,494.4403991699219,509.37020356976757,492.7815187791813,502.051666162156,6526803
2015-09-29,492.2936096191406,501.07585438935325,473.26541261701334,487.8049007807466,19935063
2015-09-30,483.65771484375,497.66052175484975,479.60813027942874,496.48954390962746,12199436
2015-10-01,484.2431945800781,491.26900195972223,479.0226322695707,487.90246305297546,8137042
2015-10-05,500.8319396972656,502.44204184600943,489.4150087510812,492.2936455475314,9558125
2015-10-06,494.14764404296875,506.00366878911336,492.7815230043423,504.83269088217344,8226452
2015-10-07,484.7798767089844,497.4653407831966,483.0234397488516,491.0738304113325,11251639
2015-10-08,479.6081237792969,488.3415898269389,472.48475969181465,487.9024656961311,9941551
2015-10-09,478.5835876464844,487.17065997675576,474.97309713307135,483.02348860990304,10368020
2015-10-12,475.2657775878906,485.7556805488195,473.3629758485463,485.7556805488195,5566595
2015-10-13,479.0225830078125,480.19356071039977,473.26534049169175,475.21695014320386,7268043
2015-10-14,483.5113220214844,484.77985646424946,476.24156369394075,477.8516655825605,5645540
2015-10-15,486.6339416503906,489.85408608147577,483.5601322271139,484.97506131970806,5251039
2015-10-16,492.78155517578125,495.2210678251663,479.51060040728515,482.535602048364,5875167
2015-10-19,494.3915100097656,496.48948443352896,489.02458345729184,489.854023516696,4242869
2015-10-20,497.07501220703125,500.8806453772905,492.39116057889714,492.39116057889714,5729459
2015-10-21,499.3681945800781,502.2956094970107,492.7815110169799,496.97746048623475,6245542
2015-10-23,512.931884765625,514.7371000609596,502.7834896803971,502.7834896803971,11628906
2015-10-26,508.4431457519531,519.8112969849334,506.63793045876685,516.0544122776125,8015119
2015-10-27,509.175048828125,515.7129543905485,503.1738836748053,504.7351478874384,13011580
2015-10-28,471.2162170410156,483.70653860363007,465.01984948643786,483.70653860363007,33157058
2015-10-29,457.6037292480469,474.6315072383342,455.7496760762698,473.2653863058692,22054683
2015-10-30,463.89764404296875,466.82505874636894,453.74927902702206,460.57991333495573,16103533
2015-11-02,466.6787109375,468.24000479192927,461.6533214697586,466.2395868043406,10316509
2015-11-03,463.16583251953125,471.8017126363478,461.8972979442903,469.362200161496,9337442
2015-11-04,461.0678405761719,468.48396417937545,459.213817120172,468.38637772817464,6319148
2015-11-05,452.5782775878906,460.57988927080095,450.8218407693009,460.57988927080095,8078032
2015-11-06,453.89569091796875,456.18883862948746,448.3823986101593,450.8219111161994,9185858
2015-11-09,453.7005615234375,455.7009499272816,435.1114577969957,442.0396794797828,9643857
2015-11-10,457.01824951171875,462.0436389958541,451.0658334230909,451.7976871279418,7040567
2015-11-13,473.21661376953125,475.41217486692307,460.87265755416576,463.89765879974624,10014779
2015-11-16,469.8013000488281,473.26539567248136,465.45895615623425,472.2895907329505,6488927
2015-11-17,464.0928039550781,473.2653638133523,461.6044836592602,473.0214125948918,5944197
2015-11-18,452.3343505859375,465.1662088755785,451.0170377910882,463.2145990708212,6081331
2015-11-19,451.8464660644531,456.67671243457715,448.96785935573166,456.67671243457715,8717250
2015-11-20,448.7239074707031,454.0908346389792,447.16261361136395,451.74890873957213,11446890
2015-11-23,451.5049743652344,453.01746016654806,447.6017544607299,449.8460939941382,7774882
2015-11-24,452.6271057128906,455.65210683796,451.5049360414364,451.6513008195909,5388027
2015-11-26,454.04205322265625,457.2134194631175,453.26142113668635,453.8469100907664,26648537
2015-11-27,459.6041259765625,463.89766174958993,454.82268773434555,455.70090622304605,10288912
2015-11-30,457.3109436035156,462.921821572077,456.7742628399424,457.89643247781447,8926273
2015-12-01,450.4315490722656,459.9456468742265,447.06501024604466,459.6041092024182,11177827
2015-12-02,448.38238525390625,452.1880186941268,446.1868240638708,451.06584893061626,7152991
2015-12-03,451.3097839355469,454.09083396536874,447.55292896748597,448.8702715899493,8154164
2015-12-04,449.3581848144531,451.60252431443973,445.06464893927637,448.77269588165535,7000002
2015-12-07,451.1146240234375,454.28599016401535,449.1630140907742,451.7489210749165,6335649
2015-12-08,447.6993103027344,451.74892476949344,446.4307757478104,448.8702881835908,7003729
2015-12-09,439.69775390625,449.94370675462835,437.1606548641436,445.99167850273005,8745990
2015-12-10,439.0634460449219,443.6009330743452,434.3307861152036,441.0638342665289,10192522
2015-12-11,429.9884338378906,439.89284786141314,425.9876276933417,439.06343749931165,15589823
2015-12-14,420.9134521484375,430.769087654632,419.108207116542,421.54771938148116,10389129
2015-12-15,425.5485534667969,426.32918553128746,419.2545994972255,421.5477471330727,11058615
2015-12-16,427.54888916015625,431.20815734841364,423.4993049876582,426.42671953826414,8881531
2015-12-17,425.0118103027344,432.9158359117415,421.0110340547401,431.305763790085,11529678
2015-12-18,422.0843811035156,430.1347712141973,420.6694819212801,423.79203961184203,10297545
2015-12-21,431.6473388671875,432.4767790560445,421.6941161593132,422.0844321954798,5061836
2015-12-22,435.89208984375,439.7465015885661,430.91547856564915,432.18401310866113,8722574
2015-12-23,441.0638732910156,441.74694872328155,437.3558260909595,439.11226323220586,4493436
2015-12-24,439.8440856933594,444.2352080130934,437.59974619717696,441.8444739495566,3633255
2015-12-28,444.3327941894531,445.55255038862305,437.5509378103868,439.1122317011651,5914945
2015-12-29,447.26019287109375,448.7726785916121,440.28319362033665,444.3815564336135,5987050
2015-12-30,444.08880615234375,448.8702441010582,442.6250988346229,446.9186343440971,3766369
2015-12-31,438.2340087890625,444.967056984968,437.35579029032766,444.967056984968,6329611
2016-01-01,439.0146484375,441.9420633367666,434.7698908777226,438.86828364837754,3345654
2016-01-04,427.7928771972656,438.0388290063615,425.59731609531656,438.0388290063615,5862854
2016-01-05,425.89007568359375,429.2565848409614,423.1090256637138,429.2565848409614,5579449
2016-01-06,420.27923583984375,428.67113522470316,419.59616041121285,428.67113522470316,5756267
2016-01-07,399.34814453125,414.86343606605567,397.1525835655925,414.7170712908522,13787371
2016-01-08,403.6905212402344,408.6183243445286,400.08003100001605,403.4953483378211,11307470
2016-01-11,407.1058654785156,413.1558387234426,397.5429584332477,400.0800574362455,10352347
2016-01-12,396.2744140625,410.47236481506786,391.29780263671574,409.6429246142363,13070476
2016-01-13,396.8598937988281,401.4949674131973,382.9546729557206,400.08003829291863,15873927
2016-01-14,381.1494140625,392.2735843801256,379.34416897456174,385.24777692730765,11776737
2016-01-15,365.1950378417969,386.2724327552409,360.07206135904624,382.9547015603485,13178892
2016-01-18,364.17041015625,374.074824195539,357.8764564742647,363.2433835652217,14117119
2016-01-19,383.4913635253906,386.41877851413403,366.90267858917775,366.90267858917775,14215698
2016-01-20,378.2220153808594,383.8816723408625,365.58532900567394,376.27040542510593,15605644
2016-01-21,399.2505798339844,402.47075395986235,388.07763128993713,390.32197070983744,28200956
2016-01-22,413.88763427734375,417.3029513604892,404.5687095764418,409.2525610930749,15009103
2016-01-25,410.66754150390625,419.35220007551624,405.15424919232055,419.35220007551624,10252421
2016-01-27,405.3493347167969,416.18077466750054,401.6412881437493,413.8388489487757,8648945
2016-01-28,395.83526611328125,406.8130716372,392.66390007303806,405.93485315112713,9370465
2016-01-29,398.5187072753906,399.88482815237035,383.7352692903564,386.4187327119673,13667701
2016-02-01,389.638916015625,400.421578895912,384.95506403035955,400.08004119758533,10700914
2016-02-02,381.442138671875,394.66431325391596,379.1977992593205,389.3461645087197,12131028
2016-02-03,371.34259033203125,380.56395972946615,369.9764692529462,377.6365446546241,10077279
2016-02-04,373.4893798828125,377.24623525093034,364.3168184424463,376.4167950092617,11472602
2016-02-05,389.8828430175781,395.200991731573,374.9530396860665,375.39216381078273,11677917
2016-02-08,398.66510009765625,407.837690443814,391.297784642625,391.297784642625,11996680
2016-02-09,390.2243957519531,396.0792254850033,386.4187623813113,391.2977871588531,6550274
2016-02-10,384.07684326171875,388.3703791863297,376.0264522358715,388.27279273320585,10922352
2016-02-11,368.0735778808594,387.150549571241,364.2679153849664,383.39369518225874,8076824
2016-02-12,381.6373291015625,386.36998915419895,369.927669480625,379.9784487435813,28434501
2016-02-15,407.544921875,409.8380694096805,386.0772134773501,386.0772134773501,13964589
2016-02-16,395.9816589355469,412.27761442324856,395.2010268435874,410.61873400382785,12445006
2016-02-17,393.34698486328125,397.0550317951826,385.1990075011464,397.0550317951826,10197761
2016-02-18,388.419189453125,402.12926831594007,382.12526472850493,400.2752446709948,12069460
2016-02-19,383.0034484863281,387.29698437339135,380.5639360755872,386.02844983148776,12915275
2016-02-22,387.54095458984375,389.1022485650053,381.5885380603436,385.44297976972314,10284642
2016-02-23,375.8312683105469,388.2727813493537,373.97724487236934,388.2727813493537,9955791
2016-02-24,377.2949523925781,381.5397095932539,368.1223924400384,375.6848802900326,11983475
2016-02-25,369.0494079589844,378.41711074073766,368.31755431795983,376.7582603552693,9491615
2016-02-26,377.0022277832031,380.85663925751714,372.90383530552015,375.684885216862,9588881
2016-02-29,366.6587219238281,382.1740151791352,364.95106320562,377.6365279694517,82022905
2016-03-01,382.51556396484375,383.68654188866327,370.90349030032354,370.90349030032354,12822550
2016-03-02,397.3965759277344,401.83647665072704,390.3219898614948,390.3219898614948,15332044
2016-03-03,407.0570068359375,408.86225185126443,397.25017953257014,401.397350344904,14677533
2016-03-04,405.983642578125,408.0328389544168,399.3481807473943,408.0328389544168,8992492
2016-03-08,401.7877197265625,412.81430461611905,398.909082986238,405.54457503503824,6921273
2016-03-09,406.7642822265625,408.0816248094043,397.64050037260216,399.10420773593694,8437253
2016-03-10,403.0074462890625,409.838080971928,400.66552035363515,407.3985685851903,5631550
2016-03-11,402.8122863769531,411.74092582372066,398.3723856015874,403.8368994799486,8348484
2016-03-14,405.3981628417969,412.0336243356394,403.10501534140036,407.4961374479969,6963673
2016-03-15,408.71588134765625,411.5457095535355,406.03241791843936,407.39853879929126,8188560
2016-03-16,414.3267822265625,416.0344408663971,401.0558291268645,408.86226862325117,8290044
2016-03-17,417.7909240722656,424.47519458653863,415.20504665878667,419.59616936140606,11080947
2016-03-18,425.5485534667969,427.01226092212005,418.71791867528873,419.5473588558128,6675930
2016-03-21,433.74530029296875,434.72110524300916,427.3049816668612,428.37837306774645,8910574
2016-03-22,430.5739440917969,436.77031162266985,423.7920876216154,436.1848226833614,8004834
2016-03-23,426.91461181640625,430.57387991768974,424.57268618742484,428.62227026367185,5018310
2016-03-28,412.66790771484375,427.9880573532449,409.6429064116889,427.2562036401851,9200929
2016-03-29,419.0594177246094,422.4259266938671,412.17997545149717,413.64368277183576,6674980
2016-03-30,433.5013732910156,434.91630245935954,421.64534844103605,422.8162965790259,9551121
2016-03-31,433.4037780761719,438.1364382086542,427.59775628369147,432.96468370050127,12671936
2016-04-01,439.0146484375,441.06384482282743,429.4029635624006,430.2324037397003,8827751
2016-04-04,433.9892578125,440.6247196571421,431.40338061330294,440.5759413206155,5347581
2016-04-05,422.13323974609375,438.6243379304638,420.57194582431566,432.6719216044875,12100258
2016-04-06,414.37554931640625,425.74367056867044,412.86306361670853,422.8162558369697,7457831
2016-04-07,416.32720947265625,421.352599413819,414.61955067270344,417.4006009598964,5374072
2016-04-08,411.39935302734375,417.01023121913965,409.88683756029474,416.3759639880814,6881318
2016-04-11,419.4009704589844,421.4501668824344,407.3985810603843,413.6437270058283,6221772
2016-04-12,423.5481262207031,425.89008192177084,419.010639163491,420.0840305632798,5586212
2016-04-13,429.8420715332031,434.5259232840857,427.50014565776183,429.40294740315653,9091282
2016-04-18,434.4771728515625,435.25780493377437,426.8170977056378,434.18444326553436,6674315
2016-04-20,447.9920349121094,449.50452059328893,433.59891265746995,435.3065712300543,10775664
2016-04-21,456.6279602050781,461.3118122784549,451.7977135588041,452.57834564463184,11717618
2016-04-22,464.3367614746094,466.92263846954074,450.9194442772088,454.33476138200166,7323373
2016-04-25,458.5307922363281,465.8005518529092,453.7493533929748,462.53159894251627,7474910
2016-04-26,468.5815734863281,473.16783912442935,452.4319828489999,458.7259370184006,12685893
2016-04-27,454.2372131347656,462.0436528878873,446.96745420298936,450.138820352695,29544825
2016-04-28,456.7254943847656,460.433571057814,450.3827622174183,451.7976913048927,16457436
2016-04-29,460.9702453613281,465.8980781508478,453.798073132877,455.45695343414167,10883473
2016-05-02,460.3847961425781,467.4106041924349,457.1158731516534,462.87311680903844,9439328
2016-05-03,459.16497802734375,463.5073216895902,455.0178072543317,462.4339303572055,8097969
2016-05-04,451.2610168457031,458.62833240131926,449.11423401639826,454.7251125510952,8777977
2016-05-05,449.8948669433594,455.99364797110906,447.35779785917885,451.79769853569894,8736141
2016-05-06,450.2851867675781,452.82225570535024,447.8944528309823,449.8460626472393,4804806
2016-05-09,465.5565490722656,466.4347675742005,450.4803506354347,454.52993523489295,10228014
2016-05-10,476.14404296875,477.1686262668438,466.5811364766568,467.4105766499349,12131886
2016-05-11,486.14599609375,487.2681657336733,468.6302868395,470.9234342301613,21878712
2016-05-12,480.63275146484375,494.6355594802792,478.72994954029707,486.53638971289314,13528266
2016-05-13,478.7786865234375,484.19442179289575,474.72910198954213,481.75490944968124,7426191
2016-05-16,474.6802978515625,481.7060751505892,465.70288100484856,480.096003047429,5809867
2016-05-17,491.17144775390625,493.2694225269137,478.43717476476854,478.8275205841974,8982435
2016-05-18,488.97589111328125,490.8299146561413,483.2674259114393,486.4387921592176,8241793
2016-05-19,478.6323547363281,489.61016103762006,477.16864722948924,489.61016103762006,5989236
2016-05-20,478.7298889160156,483.70649985167034,476.2903766710086,481.99884128016544,5012902
2016-05-23,474.7291259765625,483.41378440138215,473.26541849667586,483.41378440138215,4700955
2016-05-24,477.119873046875,479.071483072993,470.3380162944327,471.55777256075646,4838908
2016-05-25,490.0004577636719,490.8298979406849,481.41338597380684,482.04765324592114,7144175
2016-05-26,506.4427490234375,510.3459686690902,488.1464069344405,490.3419679851201,11207975
2016-05-27,500.0024719238281,512.2975902668704,496.6847113254039,507.6625168311225,7699491
2016-05-30,501.27099609375,509.4189433000166,500.10001828559535,501.514947322182,4892196
2016-05-31,502.7347106933594,506.1500279405175,498.3435885184417,502.5395377961262,5706744
2016-06-01,499.5633544921875,516.6399410634519,497.66052293399366,512.1512025725323,9559476
2016-06-02,511.6633605957031,512.2976577095665,494.48921532251967,498.1484843061594,7013241
2016-06-03,529.5205688476562,531.764908273957,514.2491978767213,514.3955924395174,13581215
2016-06-06,519.9577026367188,531.8137579445361,517.4694116442574,528.9838994458692,9416306
2016-06-07,521.4701538085938,526.0563891164566,514.0052226229811,526.0563891164566,11455340
2016-06-08,525.9588623046875,528.3495963177538,517.9572498904116,523.4217932857642,6988719
2016-06-09,529.4718017578125,532.6920061026971,524.1048739275573,529.8133692638773,7019405
2016-06-10,527.959228515625,535.8632839299232,525.2757650442728,526.9346452836987,6382258
2016-06-13,518.298828125,521.665307588959,511.32179884036077,516.9814556944694,6788154
2016-06-14,516.8350830078125,522.836247336934,512.785468897251,522.836247336934,8234417
2016-06-15,516.0055541992188,520.4942919087466,510.00439055531973,519.0305847431522,7836638
2016-06-16,510.7851867675781,515.5178176353018,503.5154269283442,515.225088019701,5375177
2016-06-17,514.1516723632812,520.9823072841001,512.0048894764848,514.1516723632812,7201452
2016-06-20,509.8092956542969,511.2242247091053,501.56373211542626,502.53953704172085,11335041
2016-06-21,504.88153076171875,511.8097224375086,502.97869910026895,511.8097224375086,5301794
2016-06-22,503.71051025390625,508.39436194556237,501.17338173372184,505.36939052510263,5374493
2016-06-23,513.6636962890625,515.2249602239564,502.34432430667715,505.46691173486624,5874012
2016-06-24,498.1484375,499.22182892351964,480.87667760839656,489.8540952497551,9745784
2016-06-27,502.0028381347656,505.076587806668,494.8794445622614,495.1233957850348,4612787
2016-06-28,501.5637512207031,507.90648348322173,500.3439950163726,502.5395561841675,4479273
2016-06-29,505.3205871582031,506.3940083756854,501.80771303904766,505.95488422118854,4721178
2016-06-30,520.5919799804688,522.2996387714076,508.39441718804915,509.37022221144275,10912401
2016-07-01,529.7645263671875,532.4967682906924,522.5435459794033,522.8362755500634,6701034
2016-07-04,530.6914672851562,533.7164981887864,526.4467398235643,532.301569182121,5173772
2016-07-05,526.6419677734375,533.0334785797368,522.2996236335086,528.105675266105,5219466
2016-07-07,534.078125,537.673142418657,527.2328516237744,531.0741014652068,4650991
2016-07-08,538.2149658203125,540.2340601295405,531.8621558248893,532.8470857430837,6016471
2016-07-11,536.1957397460938,544.6661109149107,533.3886540998438,543.3364798982332,6082359
2016-07-12,552.5455322265625,553.6289307926374,540.8741399502637,541.7113061044731,6541827
2016-07-13,548.4580688476562,555.2048732320644,542.7947231816074,555.2048732320644,6365885
2016-07-14,551.806884765625,553.2350449063373,545.2570779730518,547.3747009522465,4020476
2016-07-15,556.5345458984375,561.8531906202243,547.620943641018,547.7687071503672,6247207
2016-07-18,562.3948974609375,568.1074780915878,560.4250379251723,561.4099676930549,6641864
2016-07-19,556.9285888671875,565.2019634363925,555.3526650573294,562.0994705161955,5547223
2016-07-20,549.8370361328125,559.2923377416244,547.4731806729387,554.8109193761494,5258296
2016-07-21,529.9414672851562,549.4923598997922,527.479142783213,549.4923598997922,9416152
2016-07-22,529.5968017578125,537.0822447043904,524.8691504170607,529.8430342246781,8134377
2016-07-25,529.99072265625,531.8621133976768,510.68612184573226,510.68612184573226,15701682
2016-07-26,545.4541015625,550.7727464344987,527.380664098534,531.5666156744435,11437473
2016-07-27,540.5786743164062,549.6892745894381,535.2600896856792,545.5033231126397,7787071
2016-07-28,535.6539306640625,545.0107617199544,529.9413510951105,539.8398813995931,12174235
2016-07-29,537.91943359375,543.4842508870703,534.3244157824402,534.3244157824402,4861274
2016-08-01,542.2530517578125,549.2953233855184,538.0178659346217,538.0178659346217,7026398
2016-08-02,541.3666381835938,547.226921855387,538.8550193352953,543.6811989518366,5749264
2016-08-03,541.071044921875,544.6168275065645,532.6991434269663,541.3665718904309,6489800
2016-08-04,539.2490234375,547.620926084475,536.4419977725913,543.5827382655993,5769753
2016-08-05,558.7013549804688,560.4249819019599,542.2530174780294,544.0751734356646,8030392
2016-08-08,562.5426635742188,563.7738257897665,556.7315538706963,559.8833411655671,7360104
2016-08-09,565.4481201171875,567.3195106045532,558.1596763626516,561.9023972220444,7958291
2016-08-10,559.3416137695312,566.6300576509406,554.515434080422,565.3988954971207,6611328
2016-08-11,561.1637573242188,566.236169874472,555.7466433877848,555.7466433877848,5098948
2016-08-12,582.0933837890625,584.2602408956075,561.2128645979284,561.2620990540322,13209690
2016-08-16,574.509521484375,584.9990475566635,571.259265273988,584.9990475566635,11126973
2016-08-17,580.6160888671875,588.9879917600986,576.3809029561949,579.3356922125164,9879769
2016-08-18,584.2111206054688,588.2985431061379,581.8964995629606,582.191966472654,12089285
2016-08-19,579.6803588867188,588.5939605867565,577.2672691154073,586.4271633540728,9209878
2016-08-22,571.5055541992188,581.0593859133396,570.6683878600597,581.0101514431564,9499230
2016-08-23,573.7215576171875,576.1838818988064,571.3577022606978,572.490395476378,6963978
2016-08-24,574.6080932617188,576.0361934388321,569.9296765171626,576.0361934388321,5835501
2016-08-25,577.7105102539062,585.0482486276064,576.1838812241579,577.9567426817798,17177795
2016-08-26,577.5628051757812,580.1235983720351,571.5546978840493,577.661274100507,7531289
2016-08-29,580.2713623046875,588.0030364768829,577.1688096741262,577.5628056039983,12461059
2016-08-30,582.2412719726562,590.219179260706,579.6804184381552,583.0784382517112,11834475
2016-08-31,587.8553466796875,594.749855509512,571.9487659486572,582.5859961201744,120541914
2016-09-01,587.6583251953125,593.9126046978195,583.0783780781246,588.0522610031898,10204784
2016-09-02,590.169921875,592.9277131689968,585.294507559263,588.692527240858,7279782
2016-09-06,626.3168334960938,628.1881638963899,593.4201567755931,593.4201567755931,15252302
2016-09-07,615.6795654296875,628.680650210844,613.1187721143825,628.1389508689919,11869960
2016-09-08,619.8655395507812,624.4454871223428,610.4102376089463,616.5660487990325,8039571
2016-09-09,603.8604125976562,615.2856338977666,602.4815470010625,605.8302721202261,9795054
2016-09-12,583.1768798828125,592.7799449280874,579.5326879066221,588.7909914708106,8471237
2016-09-14,592.730712890625,595.537798753788,581.5517842485422,584.0633430937523,5915220
2016-09-15,579.87744140625,593.912691580414,574.509561772711,591.992066375617,7145326
2016-09-16,593.1246948242188,603.1709900830418,583.3246319976445,583.3246319976445,19309804
2016-09-19,585.3930053710938,596.8674616418648,583.9156106640594,593.9126722277962,5311980
2016-09-20,584.01416015625,589.972973660132,580.2714387904905,589.7759756692295,4538973
2016-09-21,589.8744506835938,591.3025507272773,585.5407357421412,587.5105952400122,5480087
2016-09-22,582.88134765625,602.7769383638762,581.1084863311878,600.8070790881773,10205715
2016-09-23,549.049072265625,587.1165690305326,547.3254452938347,586.6241041814496,30222177
2016-09-26,539.1505737304688,551.5606646387029,537.0821851688686,550.6742038101112,14880674
2016-09-27,532.8469848632812,545.8973038086389,530.5816585033815,542.6962821805323,9085199
2016-09-28,540.824951171875,542.3516405163613,532.3545785928545,534.9646667153504,10240083
2016-09-29,531.1726684570312,546.4883159582812,515.5615540169671,546.0943800783117,16581655
2016-09-30,533.1917724609375,538.9044139211697,522.603776132405,526.9374916990605,5781645
2016-10-03,542.5978393554688,543.976704977011,534.7184011226232,534.7676355885098,5276340
2016-10-04,538.3626098632812,545.0108860778597,532.847026975843,544.6661846906492,5690321
2016-10-05,527.6268920898438,542.3516042379791,525.213802119858,541.7113758385783,8222912
2016-10-06,522.8006591796875,526.9373758354819,516.1523838770903,523.6871199328351,10646794
2016-10-07,525.8047485351562,531.2711570054894,522.0127928595781,522.0127928595781,7702773
2016-10-10,523.5394287109375,530.6309353691016,522.3082664479001,529.8922380112792,3261598
2016-10-13,510.98150634765625,521.9142618731325,505.4659241816167,521.027801114327,10008090
2016-10-14,512.8037109375,517.0881314087497,509.0116952379636,513.1484123123021,4314775
2016-10-17,511.1784973144531,525.7554443670197,509.30710690050086,516.2509091470412,7930102
2016-10-18,524.4258422851562,526.0017057935689,510.58759171984525,516.0047051886057,13532992
2016-10-19,527.4790649414062,533.831873241984,521.1262566408285,527.5775939761503,10754624
2016-10-20,531.9112548828125,536.6389052635009,527.922301752711,529.0057003407704,6969699
2016-10-21,518.1715698242188,531.0741869230825,516.3002391792023,530.5817219982864,6526349
2016-10-24,513.6901245117188,522.012793334172,509.75040531674387,521.4710939679318,10660533
2016-10-25,521.1263427734375,523.4901983833008,512.2619744094682,513.0499663563195,7356952
2016-10-26,480.2024841308594,494.4347309389224,477.19846043806353,491.4799417102037,38780250
2016-10-27,478.3311462402344,482.2216309316743,470.1069764867001,477.69094788861906,17198496
2016-10-28,479.562255859375,486.55526260880856,477.24766509656456,479.562255859375,12688495
2016-11-01,468.6295471191406,480.6949361470769,467.2999160479119,480.6949361470769,10425548
2016-11-02,469.6144714355469,473.258723368004,461.0456010345571,462.7199634988642,9885845
2016-11-03,468.6788024902344,472.5692567601215,466.51194513302124,468.33407108463194,6631504
2016-11-04,471.48583984375,478.3803474575891,467.0536563777106,467.25062427493384,10868004
2016-11-07,478.08489990234375,482.0738834683662,474.7853791919808,477.4447015693291,6990315
2016-11-08,483.4527587890625,485.02865235166917,475.96728690993314,479.71000782066295,7460548
2016-11-09,480.2024841308594,486.5060585315955,452.03351752987777,452.08275199395496,12824970
2016-11-10,499.3101806640625,505.85992785052684,486.55532756415977,486.55532756415977,11433458
2016-11-11,491.23370361328125,504.9734853915478,487.54021711994835,497.38951443550286,7085764
2016-11-15,472.0767822265625,495.41962759767125,469.5652235729419,490.4949792120085,11822835
2016-11-16,465.5762634277344,480.00547696999473,463.0154402940258,479.5130121388072,10704594
2016-11-17,466.9552307128906,477.0999957715005,464.2466737250638,467.20146316632946,10250008
2016-11-18,466.3149719238281,471.68282067866437,464.8868118558645,470.7963899726763,4572569
2016-11-21,458.6817932128906,469.3190224113172,456.0717053485172,468.72805855414447,6217176
2016-11-22,463.6556396484375,468.3340555556708,451.14702088392545,460.9963175307324,7313923
2016-11-23,473.25872802734375,475.2778219198973,462.0797697512722,467.84161459518896,6477616
2016-11-24,461.14410400390625,472.47079571210713,459.02648107319396,472.47079571210713,8199524
2016-11-25,464.0989074707031,465.87176898712084,458.28779793402975,465.1330716790017,4674455
2016-11-28,465.77325439453125,470.4024360600361,454.20033028843847,457.00738597676934,8268812
2016-11-29,457.64764404296875,468.4326378116462,456.02251581886384,465.87181421667947,7612624
2016-11-30,462.76922607421875,463.90188921895196,455.08675637102317,457.99231101234113,13575386
2016-12-01,459.0265197753906,467.299954114645,457.3028926309913,466.85672368301636,7451748
2016-12-02,453.0184326171875,459.86367607433306,451.0978076575864,459.86367607433306,6381901
2016-12-05,453.806396484375,457.6968811414388,448.9309820465529,450.80237267613086,4995436
2016-12-06,449.0787353515625,456.2194760997401,447.5028417266374,454.8405503918864,5465618
2016-12-07,440.362060546875,450.9500544772148,434.60021597790063,450.9500544772148,7558363
2016-12-08,442.5781555175781,446.025409380427,440.6575306280664,443.1198548158156,7629221
2016-12-09,449.52191162109375,451.09780516157633,438.8354183038763,444.89276003940836,7780448
2016-12-12,438.3922424316406,445.18825176789056,437.4073126710922,438.2937434440516,6849079
2016-12-13,446.1239318847656,447.6013264753221,435.63440624567886,439.0816602903106,8404874
2016-12-14,460.1591796875,462.71997292716793,447.1580952903514,447.7982936002684,12775149
2016-12-15,470.8949279785156,472.17532465353764,452.18126239103884,452.18126239103884,18021627
2016-12-16,465.6747741699219,473.4557432476248,461.6365862376505,472.27381552355916,20477361
2016-12-19,460.5531311035156,465.6255130180377,459.42046796651266,462.4244915113034,3735250
2016-12-20,454.6927795410156,462.6214814783525,453.5108819627864,461.9320186811342,4836019
2016-12-21,450.8023681640625,458.78027526221666,448.2415447481879,456.56418327769137,4454408
2016-12-22,440.8052673339844,448.9309372137647,438.34294312799034,448.9309372137647,6540181
2016-12-23,431.4977111816406,442.578170399088,429.4293527828499,441.24850928146043,9018273
2016-12-26,425.4896545410156,429.2816401126954,420.56500576160573,428.5429427957839,4494204
2016-12-27,431.05450439453125,432.28566659722196,424.60322647550043,424.60322647550043,4694669
2016-12-28,433.4183044433594,441.49474004334945,431.39921057219647,433.0736030929188,5072550
2016-12-29,437.5550537109375,439.1801818324883,431.10377569054714,435.33896171127606,6082573
2016-12-30,443.16912841796875,445.3852202323671,438.3429488649217,438.78617925086894,4616817
2017-01-02,441.0023193359375,445.1882709990927,434.60027561581785,444.5973071057011,3054394
2017-01-03,448.3892517089844,450.90081045331453,436.81632758469976,442.8244048437346,4621782
2017-01-04,446.2716064453125,453.06761465358306,445.1389434202117,448.14296666821804,3703873
2017-01-05,451.1470642089844,456.908909312228,446.41941338757323,447.74907457411723,5829373
2017-01-06,448.34002685546875,454.840539052509,447.2073336154459,452.7722106576344,4431212
2017-01-09,445.92694091796875,452.42748323001877,444.7450132038977,450.01439333781974,2690456
2017-01-10,440.60833740234375,449.17720834304015,418.0041872202967,448.63550899410694,9436151
2017-01-11,446.7641296386719,450.654584021017,441.44551513083513,445.0405026185054,5678047
2017-01-12,448.34002685546875,454.4465731705172,445.77920353601684,447.3550971216542,5106342
2017-01-13,465.6747741699219,468.0386296180532,448.3400346014293,450.1128961298572,12693510
2017-01-16,470.0577392578125,473.2587610547489,461.2426056708729,465.37932278536704,7430300
2017-01-17,479.8577880859375,480.8427178397611,469.76225810924535,470.10695947694705,11331156
2017-01-18,481.1381530761719,484.2899401040372,475.9672722089254,479.808491984489,8789347
2017-01-19,476.50897216796875,480.547189909935,472.0767885613965,479.365292316117,7688347
2017-01-20,443.95709228515625,454.44658828768064,441.24853542706603,451.09783309284876,30189779
2017-01-23,438.2937316894531,442.1842161623489,434.4525117378661,438.53996412298653,16502895
2017-01-24,444.4495544433594,445.7299511089921,438.58921034508217,441.05153474643043,7103963
2017-01-25,456.56414794921875,458.09080701058537,445.1882219986483,445.1882219986483,14328065
2017-01-27,465.72406005859375,471.63363883470106,458.2385875973234,458.2385875973234,8821164
2017-01-30,464.788330078125,469.4175117973603,463.75416589247465,464.8868290619178,4525720
2017-01-31,458.977294921875,464.8868738264485,457.30290220917675,464.8868738264485,10629001
2017-02-01,468.4818115234375,472.6677627996356,453.0676675414419,460.7008728098032,8340303
2017-02-02,475.2778625488281,478.6758823789077,466.21652643140266,469.07281683735556,7557596
2017-02-03,483.3050537109375,485.077915286887,472.9140265265343,476.4105452703117,7134563
2017-02-06,490.79046630859375,492.6618568183661,484.58542111012946,487.2939778338141,8575116
2017-02-07,485.96429443359375,492.1693694053741,483.20650337347024,490.88894279643455,5242366
2017-02-08,480.25177001953125,485.2749179433724,474.5884237458521,484.9794209727513,9694192
2017-02-09,477.9371643066406,487.0969990183518,475.6718378899248,483.6005104061011,7938519
2017-02-10,481.5321044921875,485.07785727773086,478.8728124462808,482.36930071425115,10345868
2017-02-13,482.91107177734375,486.40759062265784,479.41458298970196,485.2749273574832,6626404
2017-02-14,479.562255859375,484.0437039443204,474.8346054117495,482.9110107645821,4089031
2017-02-15,480.84271240234375,486.0135935514449,476.5089974883893,480.6457144307384,6242589
2017-02-16,485.7181091308594,486.90003687565724,479.2175666498132,480.35025992927416,5218900
2017-02-17,481.7291564941406,496.4046040548632,480.0547638621569,493.4498147450129,12983330
2017-02-20,473.8004150390625,483.2557460683625,472.4215194855053,482.0245839566742,5840632
2017-02-21,496.7492980957031,501.37844963143107,473.94818164912544,474.63761440159436,16440027
2017-02-22,517.383544921875,520.092101521149,500.1472756537682,500.83673844755975,20167381
2017-02-23,520.190673828125,522.012769827613,510.24284723956373,517.0881210556545,10360480
2017-02-27,501.2799987792969,519.944429210913,499.65484067647986,519.944429210913,7372140
2017-02-28,499.0146179199219,504.77646257746176,496.99552409267943,501.7231745483863,5799421
2017-03-01,505.6629638671875,514.1333357744224,502.46191208295164,503.2991083922028,7624002
2017-03-02,498.669921875,511.96647353927796,496.1091285635719,507.3372916775351,7112655
2017-03-03,505.1705017089844,507.23883017423753,498.62069471011216,499.60562447744076,3965255
2017-03-06,510.8338623046875,512.9514252950702,504.5795220362296,506.9433775907457,6994407
2017-03-07,504.0870361328125,512.065003210346,501.5754772828884,511.17854238550626,6043543
2017-03-08,502.46185302734375,505.07191057839583,492.7110555409161,496.9955055136749,8850848
2017-03-09,508.6177062988281,511.72019869418085,498.8668785069506,501.9201664994745,8560015
2017-03-10,508.125244140625,512.163431768046,505.268924032707,511.3755000499318,5494130
2017-03-14,503.20062255859375,517.7283669858278,501.87096133357403,516.9896696450026,7975713
2017-03-15,503.9885559082031,508.0267437634333,501.3784680721597,506.9433451043247,6248549
2017-03-16,505.9091796875,509.01167226673425,503.5945587535881,505.2689513170831,5362177
2017-03-17,509.3564147949219,511.1785106808863,503.9885359448585,507.53425879361976,20296836
2017-03-20,495.2719421386719,510.43985462441896,493.7452829566154,510.1936221812812,4932998
2017-03-21,480.9411926269531,492.4648829101183,478.72510065385757,491.233720702843,11017752
2017-03-22,478.1341552734375,494.828696365612,476.7059951244799,477.69092486647264,12685275
2017-03-23,480.8919372558594,484.58542371711786,475.7210562100974,480.20247442668983,6942275
2017-03-24,481.97540283203125,488.22971306306124,477.5432187394753,483.60053098776734,5501203
2017-03-27,479.80853271484375,485.8166103392917,476.2627795219178,481.03969493060475,5384510
2017-03-28,495.22265625,497.3895136791952,482.66480219176293,484.880894084393,11194711
2017-03-29,496.6015930175781,505.2689628127401,492.56337502255036,498.37445454823876,12677454
2017-03-30,491.7261657714844,496.4045819706122,487.5402144354227,491.43069887671265,8454772
2017-03-31,483.40350341796875,496.1091210851102,481.4336439418439,492.16940213286045,6985211
2017-04-03,493.0558166503906,496.10910474938044,483.9452168733043,488.2296671043328,5755303
2017-04-05,500.6397705078125,502.85586240372925,491.3322025795642,496.2568512371569,6595144
2017-04-06,501.0337829589844,509.8489163696613,497.53726426225774,500.0488531950058,9928098
2017-04-07,496.6015930175781,507.1403533878127,494.9272004159881,499.3593843003104,5019268
2017-04-10,503.0528564453125,505.2689483239262,495.76438250051694,497.0447791184258,5986936
2017-04-11,507.2880554199219,508.81468450846734,500.44281169599833,501.9202063201406,7406691
2017-04-12,498.3744812011719,512.5574944356434,495.665924238122,507.5343163622352,6161411
2017-04-13,499.9010925292969,503.64384368831884,495.32117511226545,498.9654272827948,6216374
2017-04-17,494.7794494628906,501.3784605337414,493.6960207624018,497.9312065234304,4070932
2017-04-18,492.1201477050781,501.28001249153596,490.4950196154767,497.38952792332475,5450454
2017-04-19,491.972412109375,493.8930371526901,480.8919523771819,490.7412499169091,7447021
2017-04-20,480.6457214355469,496.7985634394696,479.6607916785068,488.67289294388917,8153829
2017-04-21,478.922119140625,489.51011457663884,476.01656418395226,484.5854655366324,10301245
2017-04-24,491.1352233886719,496.01063776916743,473.7512189742287,480.5964928930787,14182302
2017-04-25,508.6177062988281,512.311192566155,487.6386862658105,493.4497653148712,13778124
2017-04-26,509.3564147949219,517.0880888390468,500.39351851917576,511.67097552739966,11516903
2017-04-27,498.9654541015625,516.1032270019239,495.6659331845767,516.1032270019239,22108735
2017-04-28,501.9694519042969,507.53429910030593,496.89706959391117,500.6397907015797,9287281
2017-05-02,497.9312438964844,505.367451796653,494.0407892560163,501.8217285946243,7539462
2017-05-03,493.3020324707031,499.70407534179145,492.4648362375656,499.26084496611037,7220815
2017-05-04,511.03082275390625,513.9363778010868,494.4347790182568,497.3403340654374,15719994
2017-05-05,496.8970642089844,514.5273309693745,494.92720468783875,514.1333350190087,9440005
2017-05-08,503.49609375,505.95841809334377,495.7151247788976,501.32923630478945,6834456
2017-05-09,510.39056396484375,513.3945874173119,502.85582798826823,505.26891768840477,7872272
2017-05-10,518.417724609375,519.5996522748604,507.92825935211994,511.17851534570127,8812464
2017-05-11,509.1101379394531,526.5433438922863,505.7121187720029,517.285041655049,8962710
2017-05-12,495.4196472167969,509.06089973915556,491.676926318545,508.9131963509385,9934430
2017-05-15,492.5633850097656,500.83678908338464,490.8889923742256,497.38953488123747,8806756
2017-05-16,493.9422607421875,496.89704993905,486.0628228838874,494.533224593094,8610492
2017-05-17,495.22265625,499.11314070679634,490.9874704338194,493.79452617601817,6443135
2017-05-18,484.58544921875,491.5784566316118,482.861822112789,490.4950278677592,9227022
2017-05-19,494.1392822265625,496.25687524021754,486.7523088828786,488.2789380175047,7611430
2017-05-22,494.7301940917969,499.80260627548336,491.97240285561423,496.40458666512427,4970982
2017-05-23,493.0558166503906,498.4729300313609,487.7372022515173,494.68094465314783,7549551
2017-05-24,491.775390625,497.3895019773166,487.54020490845886,495.4196425635451,7271148
2017-05-25,499.8026123046875,502.2156721510389,488.377421224148,494.4347331586814,9157557
2017-05-26,503.7423400878906,505.2689691998314,497.38953108365473,500.344320377221,5995136
2017-05-29,499.6056213378906,507.2388269867199,494.63173806720573,504.18553871565405,5441466
2017-05-30,506.64788818359375,509.1594470266812,496.05986329801163,497.38952447398117,4725430
2017-05-31,506.3030700683594,508.2236948918898,501.82165222367803,506.25383560936314,7263061
2017-06-01,501.6247253417969,508.1745324302988,497.8820041977999,504.43181128630187,8105813
2017-06-02,500.3935546875,505.7614339255524,498.71919212293335,505.7614339255524,4474040
2017-06-05,505.9091796875,508.96243780331906,499.3593729391055,499.70410435602156,3858825
2017-06-06,502.51116943359375,506.64788639810496,497.9312220594312,506.2538904527835,3866339
2017-06-07,506.4508972167969,507.6820594231216,500.44281963839813,502.3141801804775,3389166
2017-06-08,507.9775085449219,513.9363213918429,503.64382374191854,506.2538815164127,5980728
2017-06-09,505.9091796875,508.56844186531794,501.72319827876254,507.23881077640897,3242063
2017-06-12,499.8518371582031,505.3674195910543,498.3744425656173,504.72725133680433,2360518
2017-06-13,498.8176574707031,504.57947215666127,497.88196223473153,501.3292161770096,2181945
2017-06-14,501.8217468261719,503.20064257235396,493.9915426789259,501.3292819127016,4648343
2017-06-15,499.95037841796875,501.62474106321343,496.4046250844028,501.181540682563,3425367
2017-06-16,502.75738525390625,506.54934061209764,499.85183057038006,499.99956401615765,4999502
2017-06-19,512.3112182617188,517.432804717022,501.62469472305617,503.2990872712927,6844723
2017-06-20,504.1363220214844,513.8378865222207,502.80666078554157,512.3604918284336,4388846
2017-06-21,500.0981140136719,504.7765306391075,499.11318419779064,503.3483703830107,4346995
2017-06-22,500.3443298339844,506.6971389582916,499.014668615214,501.23076062727404,3463745
2017-06-23,497.0447998046875,502.7574104752439,496.05987003986786,501.920214163613,3548884
2017-06-27,485.42266845703125,499.0639524940708,477.1492639693426,498.37448959606644,9842829
2017-06-28,484.58544921875,492.80961885015535,482.66482413475353,486.3583107903842,12691859
2017-06-29,504.3824768066406,506.64786321557085,490.19952515414866,490.4949920419496,11855524
2017-06-30,509.55340576171875,512.163493766474,500.4428352091217,502.9051596983836,7600005
2017-07-03,509.4549560546875,513.9363747712003,507.2388639307183,509.3071925336177,3701949
2017-07-04,500.7382507324219,509.75035142664575,498.9161247858442,509.011654155682,4086213
2017-07-05,506.1553955078125,507.63279005381855,500.09805382305245,500.09805382305245,3154406
2017-07-06,506.752197265625,510.08410597800975,505.40947192847375,508.24410756179464,3514758
2017-07-07,500.4364013671875,506.20513897307734,498.5466545328233,505.50890207742134,3509920
2017-07-10,507.1997375488281,510.382491373139,503.9672655269146,506.35431571865274,1238680
2017-07-11,504.06671142578125,509.6365458998337,503.07210463105554,509.238678899551,3928279
2017-07-12,504.0169677734375,507.14997294800264,501.48073271616784,506.15536620350645,5504892
2017-07-13,509.13922119140625,514.0625067009379,505.2602606936868,505.2602606936868,22231839
2017-07-14,510.1835632324219,511.725191610168,504.9618776037467,511.2278882169608,3160157
2017-07-17,507.7467956542969,511.2279196205849,505.75758195927517,510.3327491754314,3169635
2017-07-18,513.7640991210938,519.8809548510951,505.6083420694068,506.2548303794507,7864083
2017-07-19,517.3944091796875,519.1349708767605,513.2667671585248,515.2062623336009,8119092
2017-07-20,537.087646484375,541.2650069871158,517.891748297518,517.9911846904015,16391849
2017-07-21,537.8833618164062,539.4747691688649,529.3794855564611,537.0876884931686,5567645
2017-07-24,531.9156494140625,543.4531235228402,528.5340230678498,538.0822230766536,4779353
2017-07-25,542.0110473632812,544.5472828407942,527.0919437238075,530.6227861106187,8181916
2017-07-26,525.997802734375,541.0164024329075,522.5664577032315,535.9936500351336,12085057
2017-07-27,521.8204345703125,532.0648715398876,519.1847025069958,529.5286365711347,12290852
2017-07-28,512.3218994140625,526.793475817678,509.2386428510659,520.9749900568287,8268116
2017-07-31,516.99658203125,518.3890557785154,506.6526777913565,514.6095622293394,7245884
2017-08-01,513.7640991210938,518.9360663074232,511.97381913128146,515.4052245235754,4562630
2017-08-02,514.1121826171875,521.2235834775943,509.8353256158867,515.9521805691182,4079631
2017-08-03,503.27105712890625,513.5652135605133,502.0775167889849,513.2171254516119,4140945
2017-08-04,505.3597412109375,508.0451614657413,501.8786172727537,503.27106077742883,4972811
2017-08-07,503.0721130371094,509.03975390517945,501.3812996696175,506.25486697460985,5293884
2017-08-08,496.7563781738281,508.19435636859293,493.3746907729834,504.9618842700724,8898560
2017-08-09,484.32379150390625,495.96067280652545,482.83188130975066,491.78334247468416,7169705
2017-08-10,482.881591796875,491.4849343751812,480.9420964342497,482.483755155385,10095387
2017-08-11,487.0589904785156,490.6892994394287,477.41129181521944,480.2956456326712,9261420
2017-08-14,489.097900390625,494.76717136705594,487.10868676422695,488.3519452807257,3983656
2017-08-16,496.80609130859375,498.8450230856811,485.3681132304179,490.2914289791767,5958229
2017-08-17,494.46875,500.7347908674205,492.330351513519,497.50231886253374,3948664
2017-08-18,487.755126953125,493.2752124330289,487.208105401084,492.6286937859047,4166976
2017-08-21,492.13140869140625,500.6850328282134,489.1475884357518,489.44598867311083,17884400
2017-08-22,496.5076904296875,504.2656107617498,493.32493676100177,493.32493676100177,6654272
2017-08-23,499.9390869140625,503.0720921692413,497.45256998884287,502.2764188943669,3288488
2017-08-24,504.1164245605469,507.74673303564975,499.3422940694764,500.28718259927876,7157375
2017-08-28,507.8462219238281,510.1338357025284,503.4699582142572,504.7629348717476,3724389
2017-08-29,500.88397216796875,506.7024278050274,498.2979885122772,506.6526792550588,3266295
2017-08-30,501.182373046875,506.75217733747303,499.59099605627677,503.46998695616975,3972126
2017-08-31,497.6514892578125,502.67424116197606,495.86117891103964,501.2817977942565,4491876
2017-09-01,504.81268310546875,507.05054846711784,495.811503458699,499.2926273545976,4569367
2017-09-04,499.0439453125,506.2548443728201,497.00501358146744,503.86779420276036,3744616
2017-09-05,500.6850280761719,503.9174999891178,498.79528133612433,499.541236392958,3216819
2017-09-06,490.1919860839844,499.2926325793239,488.849260782346,499.2926325793239,4947660
2017-09-07,493.9217224121094,496.3087725622518,491.33573876904285,491.33573876904285,4564617
2017-09-08,491.33575439453125,495.8114849507567,489.19735586604384,495.31418155562056,3662579
2017-09-11,491.23626708984375,494.7173907101344,489.99300865402563,492.67845901658836,3590293
2017-09-12,493.822265625,499.4915364047912,490.58979359422204,492.2308887084805,3324949
2017-09-13,496.6071472167969,502.87318806819684,492.38006845198316,493.42442377037804,4430874
2017-09-14,516.9468994140625,518.9858312724788,499.3920949514079,502.27644868514005,15168429
2017-09-15,513.3663330078125,517.1955449718457,508.2440836165637,515.1566131376724,8942804
2017-09-18,521.7210083007812,523.163200366944,515.5047155207558,515.8528643400277,7337260
2017-09-19,517.9415283203125,521.2734370573576,514.7090559880206,519.1847869096556,2386279
2017-09-20,516.6484985351562,519.6820370408013,513.9630481164289,513.9630481164289,8297561
2017-09-21,509.7856750488281,519.6820243035556,502.92289457838376,515.206293950702,3103034
2017-09-22,502.5747985839844,507.7467660304862,500.4861486084648,506.6526924914581,4546160
2017-09-25,498.9942626953125,502.2764531190522,485.6665067856016,501.28184628119266,11921527
2017-09-26,509.1889343261719,515.4052264712175,497.30337160364905,497.30337160364905,5292394
2017-09-27,503.56939697265625,511.12844487020277,497.80068983109425,510.63114148375814,5300694
2017-09-28,509.03973388671875,514.4603529365746,502.922908308095,505.1110553481995,10408979
2017-09-29,506.404052734375,514.1620040870491,502.37590728319174,508.34354816079133,11578743
2017-10-03,506.9013366699219,514.2117025347764,501.38128121137316,511.22788221059,10712537
2017-10-04,503.2213134765625,508.24406558429143,501.77912150151667,504.7629418474127,4792373
2017-10-05,498.4969177246094,505.11104657446185,494.7671423935284,503.91750632732015,9349884
2017-10-06,500.63531494140625,504.2656235174329,498.5466346905587,500.2871965074334,11343137
2017-10-09,503.2213134765625,506.0559185227716,498.5466494601293,500.6850479707568,3942277
2017-10-10,511.77490234375,512.9187244138353,501.3812797891117,504.7629367429988,4932758
2017-10-11,512.9684448242188,520.4777138433191,506.6526857247622,517.0960872278332,6188165
2017-10-12,522.2680053710938,523.1134575730209,510.0343538963352,513.5154776894931,4800917
2017-10-13,526.5945434570312,531.766510575736,519.6820145670492,521.4225763383265,6447797
2017-10-16,517.5436401367188,528.8821822905022,511.426844550743,527.4897084449558,7148294
2017-10-17,510.38250732421875,523.2626169108347,508.2440784066513,518.140428278075,9443230
2017-10-18,461.9949035644531,486.36277253609813,458.4143126653678,485.3681656392963,49308621
2017-10-19,457.8174743652344,462.49213822613507,455.5298909840212,461.39806473177646,3302209
2017-10-23,447.5233154296875,458.5634259767269,445.0865167720861,456.1763758679883,21127981
2017-10-24,449.5125427246094,455.3309680581329,447.6725141259014,449.21414248123006,19327721
2017-10-25,470.448974609375,473.93009810014206,454.18714880333704,465.6251259872859,37624005
2017-10-26,481.6881103515625,485.21898306438976,468.9571541510146,469.454457601864,24936306
2017-10-27,483.3291931152344,488.7497820364956,479.0523656057993,482.3843045013034,7576778
2017-10-30,481.3896789550781,486.36271282858104,479.00262876639476,484.572432775316,4815226
2017-10-31,520.3285522460938,526.1469775261367,490.6395039526477,492.3303475906194,39655956
2017-11-01,532.2139892578125,541.0660126441215,521.6711831467679,522.1187682763627,22542766
2017-11-02,529.280029296875,535.0984547548467,523.4615431329223,531.1200275819481,7800191
2017-11-03,537.1871337890625,542.7569685559231,531.2194927069875,532.4627512657531,9303981
2017-11-06,531.6173706054688,538.6293368791801,527.8875948528579,536.1428197107729,8013536
2017-11-07,524.306884765625,536.4908154132958,520.1792431617819,532.6118254553235,9642624
2017-11-08,541.9114379882812,548.9234638110378,530.7221125766174,534.8000364835647,19642327
2017-11-09,537.4855346679688,552.45435474606,530.1254201249301,545.9894105981949,11290503
2017-11-10,541.8617553710938,545.9893977430156,529.5783860617514,532.0649029831551,9869691
2017-11-13,534.451904296875,561.5052196061287,531.1697142154752,553.9959509047197,21701958
2017-11-14,542.707275390625,546.9840728888767,529.7276068735538,534.4519896148057,10644657
2017-11-15,539.076904296875,548.4262328235316,534.2033065254508,543.5526350521073,7814066
2017-11-16,539.6736450195312,545.5418496352852,538.2812318724935,541.0661188725526,5176117
2017-11-17,539.4747314453125,554.3938328602163,537.6346725138869,547.0337185464722,4373503
2017-11-20,542.2098999023438,544.5472015077021,533.855178829697,539.3255160137926,3458524
2017-11-21,543.8509521484375,545.9396627216368,536.2422470270063,544.0498856372152,5770768
2017-11-22,537.5849609375,544.0499049635754,536.0930507776364,543.6023197744204,4536211
2017-11-23,541.21533203125,544.8456105452384,532.6616768506258,539.4747700748768,10724159
2017-11-24,542.5580444335938,544.7461916760813,538.1320317466048,542.0110227994683,3947490
2017-11-27,556.383056640625,558.8197946852039,538.0325494207565,541.1655243520637,9301318
2017-11-28,559.5159912109375,562.8479601049339,554.9905428326194,556.4824528939974,10113136
2017-11-29,546.5364379882812,559.1679565215634,543.8509874802635,557.5268310150021,6387037
2017-11-30,532.5125122070312,544.5472303674626,531.2692536902106,544.1991422651457,19370807
2017-12-01,530.9708251953125,536.9882450054673,529.0313904661367,536.4909415967591,7138045
2017-12-04,532.0648193359375,537.9329619243174,526.7934164324878,533.3080776011836,4181453
2017-12-05,530.2745971679688,534.949200188224,527.8875167570488,532.1145953179861,6167602
2017-12-06,527.638916015625,531.6173432805873,526.3459392957087,529.3297597444305,4234770
2017-12-07,531.1697387695312,535.0984476921099,526.2464230668558,530.025977396008,3528298
2017-12-08,539.57421875,541.5634324596774,533.7060140240577,533.8055111331324,6007380
2017-12-11,542.16015625,549.2716193340931,539.7731362925996,547.0337539769148,5326031
2017-12-12,535.6951904296875,541.0660913541986,532.214066680166,541.0660913541986,5232189
2017-12-13,532.8605346679688,540.0714331772414,530.1750844612516,535.0983997225707,4163419
2017-12-14,538.5299072265625,540.4694027834333,531.8660289904867,534.1038944701102,3558224
2017-12-15,544.9948120117188,549.4208244438611,540.1212143752507,549.2218909412738,6059220
2017-12-18,545.6910400390625,550.8132285879461,527.1415991087855,535.0487352366134,5889302
2017-12-19,550.6640625,553.0013641271383,542.4585566473941,546.2877684295516,4325512
2017-12-20,551.5093994140625,554.7915892892183,545.6411957691068,550.5147927424412,3534649
2017-12-21,545.9893798828125,553.9462337710225,542.110389329919,548.8239847980963,5781370
2017-12-22,550.6143798828125,551.8079203567386,544.1494347472022,546.9343827550265,3075576
2017-12-26,552.0067138671875,554.2445789234058,547.3320502752254,552.0067138671875,3272086
2017-12-27,551.60888671875,557.6263062023161,548.0283266527751,551.0121469430806,4163259
2017-12-28,543.9006958007812,551.211092090167,541.0660907474561,543.2045196164421,8433564
2017-12-29,560.9085083007812,564.7874383370252,544.0499111610835,545.2434514437665,8363189
2018-01-01,562.4501342773438,566.7269312915722,557.4771003756873,560.7592906095845,6943234
2018-01-02,556.4824829101562,565.5333801549897,553.349447329879,563.9420336194077,6292268
2018-01-03,557.4273681640625,562.4004019406962,552.7527042728311,558.2727596236988,3990149
2018-01-04,556.8804321289062,561.9529030778331,554.9906547211166,561.8036877592225,2766664
2018-01-05,560.2122192382812,562.9473876411313,553.6975575472335,558.0240723748062,3249056
2018-01-08,562.4004516601562,564.9366869692616,559.4166311303891,562.7485397729022,3770339
2018-01-09,562.251220703125,569.9097053242459,559.9636371684999,560.9582439840746,4607504
2018-01-10,559.7646484375,563.6436389179306,557.4273469338921,563.0966173645305,2411625
2018-01-11,555.7365112304688,560.1128051314978,550.5645440854282,558.9689831078718,2825921
2018-01-12,552.106201171875,560.3614860387138,549.520247817479,557.1787321907016,6013121
2018-01-15,557.52685546875,561.4058464511327,553.3992734808139,553.6976433934624,3943472
2018-01-16,560.16259765625,563.8426551923435,552.8024825840629,559.9139459403785,5993564
2018-01-17,582.0438842773438,586.1217476842179,557.9743887019464,561.0079271588629,8453944
2018-01-18,581.6460571289062,593.9294877992226,575.4794826938064,592.7856656719925,9466991
2018-01-19,587.066650390625,590.7964258060673,578.0654711958867,581.7455284136526,3897048
2018-01-22,608.2517700195312,618.396771414328,580.0049736193691,592.7359283846521,21790443
2018-01-23,616.7556762695312,624.2152275582579,608.1523635401234,613.0756795318797,14286343
2018-01-24,604.6712036132812,618.5459803256355,603.0300781450533,618.5459803256355,6158610
2018-01-25,612.7772216796875,615.9102573640935,595.3716027796122,606.7101445169109,6749846
2018-01-29,602.2841186523438,617.5513690263582,600.3944022091035,611.2355796004766,7017160
2018-01-30,590.5478515625,604.1739783418554,589.2548747234345,602.3339191386574,6447963
2018-01-31,590.3986206054688,592.7857014035824,583.9834547842627,586.1218231560026,7108060
2018-02-01,589.6028442382812,606.7100917535098,582.9389671548754,590.3985174633202,7839731
2018-02-02,561.8533935546875,584.6298523627078,558.2727727278772,584.6298523627078,6185174
2018-02-05,563.1961669921875,565.5832478764041,544.5472872904594,548.1278479107958,9318595
2018-02-06,560.6598510742188,573.937827234892,531.120017722608,540.071478695461,13938327
2018-02-07,556.3331909179688,571.5507208317495,553.001283009562,564.9365624989771,7679830
2018-02-08,565.3842163085938,573.7886554446254,556.6814072902724,559.7646639172293,5816886
2018-02-09,554.5430297851562,558.9193241500104,547.4316273247479,556.8803922755152,5865587
2018-02-12,561.1571655273438,564.936659204771,557.3278929454129,560.6598621301565,4765319
2018-02-14,540.9666137695312,562.7981824859469,537.1870597073224,561.9527910649653,6478108
2018-02-15,540.7677001953125,551.8078107987051,528.4842704528579,531.8659576732371,11593643
2018-02-16,534.9492797851562,545.6413036184298,532.1146744931477,544.0996751138991,3910503
2018-02-19,537.6347045898438,542.0109988817023,524.6550977256937,534.9492540337479,4251723
2018-02-20,528.8324584960938,545.0942557256484,526.5448749505944,539.0768966040141,3395183
2018-02-21,532.9102783203125,535.595728655323,521.5717979255692,531.1199983322981,4638382
2018-02-22,527.3902587890625,530.8713826094523,524.655090073042,530.125427505083,7808359
2018-02-23,533.7557983398438,535.9936637859059,522.7156257156792,524.1578178110052,3888629
2018-02-26,549.3212890625,551.4099996351501,536.0930315929602,538.1816814596326,5297794
2018-02-27,535.496337890625,548.6250993920138,533.2584725384361,548.6250993920138,4136383
2018-02-28,525.8983154296875,533.6065176889406,517.195506427305,531.1200008311171,6626661
2018-03-01,522.91455078125,532.6616857587526,519.1847750980742,521.173988795768,9827510
2018-03-05,521.7210083007812,526.0973027003129,518.488536055168,521.1739866773358,6766199
2018-03-06,514.559814453125,527.7881337344133,508.44301892885835,523.1631877353484,12240160
2018-03-07,509.88519287109375,515.1068784949905,504.81266184143425,508.14460064347116,10428057
2018-03-08,517.7424926757812,521.1241796541226,504.7131695120035,515.6538429400829,8483978
2018-03-09,502.6245422363281,519.731760636883,500.28721023322896,519.6323242412964,4955525
2018-03-12,516.3997802734375,519.1349485368498,502.57472367780116,507.8461570881691,5283334
2018-03-13,528.6334838867188,532.0648892911489,511.87438455012364,514.3111225056093,7846232
2018-03-14,533.2584228515625,535.0984210206366,519.6820166975514,526.0972422506113,4976540
2018-03-15,526.7935180664062,536.2920009042288,525.4010442582936,532.3135736878858,3932830
2018-03-16,519.7815551757812,530.0260550770043,517.6929049138558,528.03684122527,12146623
2018-03-19,516.6484985351562,523.1631607338976,514.2614180060698,519.7814734353551,4656613
2018-03-20,518.28955078125,522.1685413709685,506.2548334434723,506.2548334434723,5398111
2018-03-21,523.4615478515625,529.6281221663387,519.6820541444357,520.1793575455308,5518826
2018-03-22,515.4052124023438,523.063696257184,513.9630205228647,519.7814455294123,7194256
2018-03-23,496.80609130859375,507.49811429471464,493.3249675456707,506.7521592026597,29385110
2018-03-26,504.5639953613281,506.5532088740525,492.5292778917375,496.308771424718,9498614
2018-03-27,509.4375915527344,519.7317471745004,506.30455599516455,509.53702794574536,6423140
2018-03-28,507.7467956542969,510.1338763707167,498.8948007820486,510.1338763707167,10980960
2018-04-02,496.3585205078125,505.75756708149703,489.54548808517455,504.0170051495548,7120498
2018-04-03,498.84503173828125,503.27104416910714,491.03739258840625,491.33576248920735,6053789
2018-04-04,489.5952453613281,501.77917985736934,487.6060315660561,501.77917985736934,6047813
2018-04-05,500.38665771484375,501.9282860229596,492.5292705276607,495.7119938886393,6682587
2018-04-06,497.5023498535156,500.23751864341745,492.52931569005784,500.23751864341745,3812133
2018-04-09,516.499267578125,519.1847179154348,498.49690987915716,499.4915166184588,8708770
2018-04-10,543.2045288085938,546.7353708119878,518.5880104765906,520.1793570762669,21689156
2018-04-11,536.8887329101562,548.0283410953969,531.1200256714009,547.1331707023223,9261807
2018-04-12,545.7904663085938,547.0337247739892,531.9654078910047,534.4022066243757,8021652
2018-04-13,539.6239624023438,552.5538521250717,532.8606476116528,547.033795961566,8788919
2018-04-16,539.4747314453125,540.8671444871161,527.4896714105565,538.5795610780267,6418203
2018-04-17,529.5286865234375,542.0109897675251,527.3902576132871,542.0109897675251,5541004
2018-04-18,515.4550170898438,532.6119858207647,513.7144550446778,532.6119858207647,7131174
2018-04-19,510.13385009765625,518.6377260647082,506.3543260599738,518.1901408651831,10559623
2018-04-20,502.9726867675781,511.07869601969503,500.2872361816687,510.7306079111071,4437940
2018-04-23,503.469970703125,508.443004667585,497.30339644599843,505.65808743569306,4766412
2018-04-24,502.12725830078125,511.9738597315771,500.6353480732973,503.271050071254,4564259
2018-04-25,495.7120056152344,503.27102309998224,493.623325338095,503.27102309998224,4608455
2018-04-26,491.0871276855469,498.34774548278955,480.69347405713194,494.0709482081932,14919977
2018-04-27,536.2919921875,540.1709222367984,478.65451668635706,478.65451668635706,58859461
2018-04-30,514.5100708007812,533.2086659654217,510.6311408151796,532.9102960751416,18357008
2018-05-02,520.92529296875,525.1026535213421,512.6203507665803,515.7036074545048,25195767
2018-05-03,530.5233154296875,535.8941559693429,519.1847731137746,519.1847731137746,12001916
2018-05-04,517.493896484375,531.0205851418817,516.2506380069929,531.0205851418817,5929870
2018-05-07,533.2086181640625,534.9989587572015,520.1792949067235,520.9252499185401,6792091
2018-05-08,539.3255004882812,544.5471858318746,530.5729733868822,533.7557270708393,12028184
2018-05-09,545.5418701171875,546.685692304112,534.1536092743645,540.1709687178692,7556830
2018-05-10,544.6964721679688,551.0122014582458,540.0218077761332,545.5418637181369,11415139
2018-05-11,550.3159790039062,553.4987331867886,542.5580574184963,545.641314488984,4960854
2018-05-14,548.9235229492188,555.8857706221083,544.5969469003338,548.2272860407334,4999526
2018-05-15,546.7354125976562,560.4609753633158,544.3980500123897,545.0445687650347,6752759
2018-05-16,547.0337524414062,549.7689212036133,538.1320092377541,542.0607183283025,9929095
2018-05-17,536.5405883789062,550.0174968198246,533.6064865168822,547.0336767647442,8551787
2018-05-18,530.0260009765625,537.7839220652675,525.6497066670454,533.9049311679236,7343619
2018-05-21,524.008544921875,534.8995010372317,519.0355111437193,532.1146142626603,4258800
2018-05-22,520.4777221679688,530.622723588648,517.842050592476,525.5502532312988,4711540
2018-05-23,517.4441528320312,525.3512885004053,516.5987613913906,519.1847146147435,4426060
2018-05-24,531.567626953125,534.1038622022744,518.2895894859593,518.886390001395,5188026
2018-05-25,535.5958251953125,540.5688597839412,529.6281836889581,532.7114408515124,4588810
2018-05-28,543.2045288085938,545.0445271085933,538.0325613006736,538.7785164016434,5611936
2018-05-29,544.7957763671875,546.9342048836048,540.2703283852037,544.0498214018285,8015443
2018-05-30,538.7288208007812,541.7623595307763,532.1643792133002,540.8174708887165,5919369
2018-05-31,542.9558715820312,548.8240152263451,529.37946460017,540.0714876052463,15652651
2018-06-01,533.7557983398438,541.3645044328639,529.9762436883726,540.0715276496695,4061137
2018-06-04,534.153564453125,539.0271620067439,528.3848572120531,536.6400814282406,4291186
2018-06-05,528.0367431640625,533.1092132615858,521.4225840529596,531.7665184434113,5088506
2018-06-06,528.5340576171875,530.9210774224362,523.7598965947319,527.1415838679748,5281259
2018-06-07,539.4747314453125,547.0337185464722,529.2800121451282,530.9210768771802,6932191
2018-06-08,534.501708984375,538.9774395038371,532.5622136180788,538.1319873154616,4627913
2018-06-11,537.0379028320312,539.6735741782962,527.4896420346482,536.8886875438004,4095873
2018-06-12,534.2531127929688,541.5634491185099,532.9103570740416,540.5688422330765,3320721
2018-06-13,537.7341918945312,548.8240213155282,533.954637481367,536.8887396890681,5924906
2018-06-14,529.1307983398438,536.8887189562621,528.136191576047,536.8887189562621,3736633
2018-06-15,525.8983154296875,531.7665194965424,513.316515846709,524.953426882519,7854953
2018-06-18,519.7318115234375,528.1362517767124,518.6377682409461,527.3902966188356,3711213
2018-06-19,514.41064453125,521.5718255688274,511.6257576571868,519.3339602887082,6483110
2018-06-20,516.3003540039062,524.5556388233161,514.360919352242,517.9414794694468,4555002
2018-06-21,510.282958984375,519.184701154951,508.3434941171406,518.4387461245559,4856050
2018-06-22,522.8150634765625,524.9534315697973,507.7964650976211,510.2332637812418,5932446
2018-06-25,512.42138671875,520.5273949434702,510.3326762140061,517.5435748275295,4882240
2018-06-26,511.42681884765625,515.9025493614234,509.28838998646427,513.7144023023857,4505122
2018-06-27,505.111083984375,513.2171235670154,498.894791305511,513.2171235670154,5659070
2018-06-28,501.87860107421875,510.7305955892968,498.0990769943827,505.26025814871036,4854274
2018-06-29,508.0451354980469,511.725192757225,496.06013583608546,503.07210155482795,7747444
2018-07-02,509.4873352050781,511.02896360964627,500.287222270677,507.99542499949956,6799910
2018-07-03,508.79107666015625,517.0960795415509,506.5034932500998,510.13383221165265,6658467
2018-07-04,511.9738464355469,513.4657566242857,504.9121321382516,509.1889595577639,3893493
2018-07-05,508.24407958984375,515.0571119516592,506.2548659710968,511.22790001796415,2692462
2018-07-06,510.92950439453125,514.1122581654928,506.7521438642679,510.2332675218242,2706424
2018-07-09,522.417236328125,526.4453818397202,512.3219527430559,512.3219527430559,6295104
2018-07-10,529.6777954101562,532.0151576205145,519.1847066788198,525.1026287907795,5281760
2018-07-11,533.65625,539.4249571215363,527.9372610757397,529.528668330426,6432494
2018-07-12,535.4465942382812,542.7569912936686,532.4130553690057,536.7893499615909,4128221
2018-07-13,520.1793823242188,538.0823056164481,516.6485401494482,536.7893288532063,4169212
2018-07-16,519.2841796875,527.0421611980137,515.5544042328225,520.1793500790149,5032325
2018-07-17,534.9990234375,536.9384581379173,516.2009305846825,518.8863810930824,4511522
2018-07-18,523.710205078125,539.4747594827726,512.2225085328089,538.2812191663542,4954888
2018-07-19,523.9588623046875,534.5017310538777,515.6042014136503,525.2021208336498,5276418
2018-07-20,530.8216552734375,533.5568239423783,522.1685640705016,523.9588441489758,2532288
2018-07-23,537.4357299804688,541.8617421336376,527.6885960278806,532.0151717890144,6009401
2018-07-24,543.15478515625,545.9397329454079,535.1482120273847,538.1320326249235,6171893
2018-07-25,529.37939453125,544.5471460889795,526.644226217561,544.0498427592179,3341114
2018-07-26,538.7288208007812,541.0661225994698,523.5610664448218,532.5125280319454,7920089
2018-07-27,550.2661743164062,552.0067360968919,534.3524666091084,540.2703888039553,7678597
2018-07-30,566.5778198242188,568.1194483098801,547.8294441643188,553.0511301585163,12949737
2018-07-31,547.4315795898438,581.2979272927955,545.0444991069838,578.8611286136215,21735293
2018-08-01,542.2098999023438,552.5040555936594,535.347088970814,547.5310217899361,6871812
2018-08-02,544.2985229492188,548.3266679901968,536.093017578125,542.3093095259233,6495837
2018-08-03,571.6502075195312,575.4297008825974,542.8066128817471,543.552567915483,15953749
2018-08-06,593.581298828125,600.7424796003179,572.097817217525,572.097817217525,22629303
2018-08-07,589.8515625,603.6269033815283,580.5520130147594,593.7802715804643,16424825
2018-08-08,593.083984375,595.6699983114862,583.8341538739003,593.5315695472743,7138029
2018-08-09,617.7005615234375,621.0325308377393,591.7910656637265,591.7910656637265,18227195
2018-08-10,612.180419921875,620.5351404306562,607.9533414739985,617.9491266036644,16074351
2018-08-13,601.6376953125,612.6778068350897,599.3500510403746,608.6993795179786,8445677
2018-08-14,614.7166748046875,617.9491466638804,605.3176291036854,605.3176291036854,10225641
2018-08-16,620.0875854492188,631.5752811782736,607.9533710554642,611.5837099462029,18777302
2018-08-17,623.9168090820312,629.0390581839663,616.9545617544965,626.6022594781333,13411536
2018-08-20,621.0325317382812,627.1990455473357,618.7448874541662,626.6023057290348,6463139
2018-08-21,632.3212890625,634.8078061252704,613.9707809980582,622.027132705024,15522297
2018-08-23,628.3428344726562,641.1732862417081,625.160080629343,641.1732862417081,12699837
2018-08-24,636.4489135742188,639.9300373631254,630.5807091905264,634.6088545764936,15035968
2018-08-27,646.6932983398438,647.9862749283596,638.5375111343161,639.5321178494786,9819034
2018-08-28,656.490234375,659.2254031923919,638.5375930056789,648.4836614325586,9886447
2018-08-29,653.3572387695312,664.0492619933656,649.7268996250924,653.9539785740501,13329261
2018-08-30,646.2457885742188,658.280506949383,639.5819106639613,658.280506949383,14868623
2018-08-31,645.7484741210938,649.9755530814551,637.7916196074723,645.9971258246444,10207700
2018-09-03,628.3925170898438,651.9149904325607,626.2043701523389,651.9149904325607,6494484
2018-09-04,638.338623046875,640.9246371137931,619.3913759167518,627.596881900394,9305124
2018-09-05,634.2110595703125,643.162520901123,627.9449880739593,637.5429681166102,8837398
2018-09-06,634.758056640625,639.8305269162823,621.2313680622389,635.4542935250827,10026621
2018-09-07,642.068359375,644.5051579931758,628.690886778545,636.5483041907909,6999943
2018-09-10,648.2349853515625,674.2936957915098,639.8305457056163,641.4716712167472,32430222
2018-09-11,646.6436157226562,662.1097388531609,643.9581653027727,648.1355258774827,19162102
2018-09-12,632.0228271484375,661.413442410601,626.7016449851587,661.413442410601,14448365
2018-09-14,632.9677734375,640.5267606157913,628.5914793620809,638.3386135780819,12083354
2018-09-17,622.5740966796875,630.5806687393625,618.6453879430339,630.2822988606498,6644742
2018-09-18,605.317626953125,629.6357734563123,602.8808890480952,620.6345947600423,10724450
2018-09-19,605.5166625976562,619.1427891342582,598.0571109213399,608.3015497489503,9373364
2018-09-21,595.9683837890625,630.5806869571887,560.3614738591741,615.6118673338644,24788799
2018-09-24,594.12841796875,602.4831403593058,584.6796522511877,596.3662835334359,11998797
2018-09-25,611.03662109375,616.4572399205481,586.3703862986252,595.5704985631802,17515392
2018-09-26,614.1200561523438,620.982807490799,608.7491544909536,615.6616847403018,8725133
2018-09-27,596.9132690429688,616.4075371829838,593.7802334784047,614.0204566856038,9683836
2018-09-28,609.9426879882812,616.4573511121847,590.8462231615965,595.2722360554201,16754620
2018-10-01,590.2494506835938,614.1697334230854,569.4124249145204,611.7826526869013,20117451
2018-10-03,569.1636962890625,589.4039187860208,566.0306608344384,589.4039187860208,18385327
2018-10-04,583.0882568359375,587.3650540839,550.8132529091098,561.952861598814,16877024
2018-10-05,565.4339599609375,587.3153093349755,561.952836196886,582.839578781195,9860010
2018-10-08,553.5484008789062,571.4016050310823,543.1547477062481,566.9258744433715,12918017
2018-10-09,549.8682861328125,560.8587386590431,546.1882899322198,558.8695252723552,8053297
2018-10-10,586.0222778320312,587.6136242643481,549.8682879836975,550.9623917736436,13695001
2018-10-11,577.7173461914062,582.6406620837353,547.1331865252802,552.0067842178852,11223315
2018-10-12,581.7455444335938,599.0019482151835,577.617901911113,586.4699267565861,10689006
2018-10-15,573.4404907226562,581.8449296251031,566.3788073121609,581.8449296251031,5065325
2018-10-16,585.6741333007812,591.1444701721533,567.174472890895,574.6340231700387,13083651
2018-10-17,572.9432373046875,595.570542095754,563.5441908656636,591.5423966807385,9609195
2018-10-19,559.5159912109375,573.4404851171323,551.5591375502548,567.3236902890679,12664549
2018-10-22,559.0187377929688,568.9150875586556,555.189525909101,564.8869421743054,10235243
2018-10-23,559.7149658203125,568.3183387554735,550.5148530991434,553.9959768314776,9513054
2018-10-24,561.0576782226562,573.8384121771619,554.2446458445996,571.4016133471915,9759225
2018-10-25,558.0241088867188,561.6544478322453,549.47051505871,554.9905704189935,13041860
2018-10-26,534.8001708984375,560.9583216274558,531.6671347133347,558.9691077209754,9229395
2018-10-29,563.6436157226562,573.8880523495734,535.6454134963491,538.4303000493983,15917739
2018-10-30,559.6652221679688,568.6664009824198,555.9851651056802,561.803590225558,8522604
2018-10-31,579.2589721679688,582.8395320414645,554.9905441623501,565.2349811338291,12135088
2018-11-01,598.9025268554688,604.7706707277871,578.9108931525982,578.9108931525982,16048865
2018-11-02,607.3566284179688,614.5675272634334,601.8365124611414,609.1469084039231,12488669
2018-11-05,621.0325317382812,629.5861262325064,613.8713503887527,625.5082624934887,24201213
2018-11-06,604.1739501953125,624.7125454629181,596.8138351373806,622.623895336038,15354794
2018-11-07,603.5770874023438,609.5945068589332,601.3890010973792,609.5945068589332,1528117
2018-11-09,609.8928833007812,620.4356907768558,597.7586685696523,605.7155227269855,13927467
2018-11-12,603.2786865234375,615.1642488237991,601.5381247846475,609.2463267707177,7073703
2018-11-13,614.96533203125,617.4021306728862,600.792186059299,603.179266505387,8938939
2018-11-14,609.3955688476562,619.9383761322446,605.5165782340176,618.8940511842583,9840254
2018-11-15,622.7232666015625,629.088774132089,607.4560771560053,609.9425940498081,11005288
2018-11-16,616.457275390625,633.2661543991995,613.2248033278976,623.220589411443,12204545
2018-11-19,612.9761352539062,616.9545623017408,605.317651045629,616.4572589207614,9046876
2018-11-20,609.3458862304688,616.2583549929321,606.2625686968836,611.3848180491084,6658508
2018-11-21,623.4692993164062,625.2596402676959,606.9091311648684,607.6053681230381,7842430
2018-11-22,611.2355346679688,626.005480570223,608.798736114468,622.4248600305968,6946666
2018-11-26,627.6466064453125,631.326663731537,613.175089705384,615.3135185990768,9528169
2018-11-27,621.8779296875,635.2554038907471,619.6400642867853,626.5028757980374,11251342
2018-11-28,624.5633544921875,628.3925664038411,619.1427352711077,626.6022862984703,9035388
2018-11-29,627.9946899414062,632.7687899243216,618.1480594030387,628.5914296745301,19643832
2018-11-30,622.3751220703125,631.8238854097739,620.634560402517,629.5860204083225,8984998
2018-12-03,621.4302978515625,629.5860855080283,618.247544045871,628.5914787378734,5914250
2018-12-04,619.888671875,624.1654688618627,615.263726093661,621.57951553194,8382005
2018-12-05,611.6334228515625,620.5848834522509,610.0917945559728,617.5513450565464,9728083
2018-12-06,596.8138427734375,610.5394054973715,595.023562540922,606.9588450323403,7519849
2018-12-07,600.6928100585938,606.2128658509041,589.1553343505566,599.151181605748,12262327
2018-12-10,587.1163330078125,598.2559403813792,582.1432994219324,591.7909967197351,11643401
2018-12-11,600.9911499023438,613.3242983200923,577.369238755996,577.8665421485506,16429956
2018-12-12,616.6064453125,618.6453769377393,599.7478493463937,601.4884110982281,7232578
2018-12-13,615.7610473632812,622.5244221874601,612.8270058596531,621.430318280734,7419355
2018-12-14,616.9049072265625,619.6400761018112,608.0031636550103,615.7610850508825,4165047
2018-12-17,613.8216552734375,621.1319914994839,612.8270484015408,619.1924959580881,4843342
2018-12-18,616.0594482421875,618.4464680302624,610.5393321879359,614.3188864211838,8492688
2018-12-19,638.1893920898438,648.1354587587045,615.8107420849069,620.8832118036366,16759139
2018-12-20,629.536376953125,643.4111537504967,625.6076680096426,633.5148040946807,11004125
2018-12-21,617.5015869140625,634.4099019504476,613.3242870580921,629.8844533024934,10715457
2018-12-24,611.6832275390625,623.767725341131,610.1913172279916,622.6239031535823,6191605
2018-12-26,616.158935546875,620.2865782029885,600.1955079535643,607.7047774320268,6519211
2018-12-27,614.2193603515625,622.623799174911,612.2798651298705,620.1870005992454,12304812
2018-12-28,621.678955078125,624.6130572173964,616.6562029853276,620.5351937058532,6372911
2018-12-31,616.5568237304688,628.5418243870604,615.4627197485729,627.0001958779196,6030093
2019-01-01,623.9168090820312,626.8011929715444,618.5459689958061,618.5459689958061,12179223
2019-01-02,616.7059326171875,625.1103721968296,614.1696974248882,619.6400348108589,12386281
2019-01-03,604.6712036132812,618.6454167211728,600.394406603511,618.0486769359882,13228602
2019-01-04,616.2583618164062,621.3806112253468,606.2128572098421,608.6993742615642,8381367
2019-01-07,634.0120239257812,637.2444955522617,620.8334857562844,622.6237655928329,11735286
2019-01-08,647.3895874023438,650.2241924868154,627.199020891123,632.5699218686266,11879875
2019-01-09,666.4859619140625,668.4254572265507,648.8316920215285,648.8316920215285,18003387
2019-01-10,659.6729736328125,665.292526450487,651.0696003539266,665.292526450487,12751327
2019-01-11,662.9053955078125,664.8946089977085,654.6501716659401,661.4134853903906,8330315
2019-01-14,655.6448364257812,659.4243302498173,649.0306767042306,659.4243302498173,6856244
2019-01-15,657.0372314453125,660.6675705678598,651.5171758158629,657.7334683503741,5467484
2019-01-16,660.4188842773438,666.7843917816855,657.1366941322214,657.1366941322214,6598151
2019-01-17,673.0006713867188,676.3325796659173,662.0102184023657,666.2870759267997,10448209
2019-01-18,661.0156860351562,672.4039465710807,657.8827108916383,671.2601851209649,7037386
2019-01-21,656.7388916015625,660.9162525171341,652.9593977088014,657.9821501653645,6157956
2019-01-22,658.0317993164062,660.021012809752,650.3235970296912,652.8101138963734,7951640
2019-01-23,658.0317993164062,663.4027000308312,655.0479790763875,655.9431494307844,7596006
2019-01-24,660.07080078125,661.9605172023064,651.4674280219276,661.4134956253158,7013582
2019-01-25,666.1378173828125,673.1995004590166,661.612369174486,661.612369174486,6628922
2019-01-28,652.7603759765625,670.8125121656075,646.8424538714778,665.3918934188328,7792690
2019-01-29,657.1864013671875,667.3811204197999,646.0467937733813,654.948536209297,8302420
2019-01-30,687.2235107421875,699.5565973848912,680.0623303689538,683.3445203341098,46912230
2019-01-31,718.8023681640625,722.9299500848684,685.3338240530136,693.4896122000044,35239544
2019-02-01,713.3817138671875,722.4823901982164,701.595647791509,716.8628376016387,13792059
2019-02-04,716.6141967773438,720.5926239627835,704.1816118228444,707.4638021096359,8195956
2019-02-05,725.565673828125,727.6543238638116,715.6196056467936,718.1061226921264,8665426
2019-02-06,721.8358764648438,730.5386858607341,711.7405932832187,727.3559319976123,8077340
2019-02-07,726.212158203125,729.8424364940626,720.0953022784507,722.333167513432,7203465
2019-02-08,715.5202026367188,728.8478981980427,712.387166731005,723.0791905248735,7341956
2019-02-11,707.0161743164062,716.0174138459757,701.4961190703565,716.0174138459757,7234953
2019-02-12,701.7944946289062,709.5524758007014,696.2247211421602,697.219327886649,15856819
2019-02-14,691.2517700195312,702.5903125439723,688.8646892651273,702.1924455162433,10383603
2019-02-15,682.8970336914062,700.2032170311027,678.0234965873655,696.2247896616078,10866440
2019-02-18,689.5608520507812,693.9371460612049,677.0288312028988,682.3002348704691,7135564
2019-02-19,689.3121948242188,701.5956245903104,685.9305683033105,689.5608465113139,6816325
2019-02-20,696.5728149414062,699.2085471183404,691.5500629816808,693.8376463715977,5772687
2019-02-21,693.4398803710938,702.689711566871,691.3511696456072,696.7220707043074,6674353
2019-02-22,698.263671875,700.6507524092812,687.472212685309,693.6885050079374,9822278
2019-02-25,699.9048461914062,701.9934962752276,692.3457977758,699.1091728597593,11428024
2019-02-26,706.3200073242188,711.740565543324,689.3121954869653,690.2570840400314,9166951
2019-02-27,714.3265991210938,723.8747998944064,709.2043499390269,711.0941270970271,13284424
2019-02-28,705.72314453125,719.5482014085895,702.5901699710861,719.5482014085895,26230891
2019-03-01,698.6117553710938,711.0940570470448,695.7770899133368,709.6518652217973,7713824
2019-03-05,728.1019287109375,729.9419877977019,696.9210284038709,701.8940626286652,11298428
2019-03-06,716.713623046875,729.9419418163211,708.7070505905127,729.9419418163211,10510670
2019-03-07,729.792724609375,735.461995394896,716.8628364731952,716.8628364731952,11263734
2019-03-08,729.4446411132812,733.2738529568761,724.471607183428,728.0521673305301,7744794
2019-03-11,730.5386962890625,740.8826313153711,726.6597054777014,729.3451559851067,9421608
2019-03-12,738.545166015625,744.9603911379138,734.5667393606828,734.7159546426324,8131901
2019-03-13,734.0198364257812,746.9497251433086,732.5279261891435,739.5896103601691,12333789
2019-03-14,736.6057739257812,745.6567322555198,733.4230807213711,736.0090341264497,7100875
2019-03-15,731.1353759765625,744.910715479439,727.7537495503586,738.9430751562807,14560368
2019-03-18,742.9712524414062,749.7842844899699,736.2576567868152,737.0036118595476,8067253
2019-03-19,756.7963256835938,758.8849756460991,745.0101988780838,750.9281213798229,8818172
2019-03-20,751.674072265625,762.8633985150306,750.2815984944181,756.6471061542497,9758274
2019-03-22,752.967041015625,761.7693473294945,731.58299551946,760.5758070675824,10355078
2019-03-25,741.6782836914062,750.9281145506353,737.1528350098135,748.640531111081,7130411
2019-03-26,753.0167236328125,756.8459959294318,737.650098369447,743.3690870109904,7300104
2019-03-27,755.2048950195312,765.8471994123005,751.7734895822674,757.1941085244983,7456768
2019-03-28,776.4895629882812,783.402092586103,753.0665843232158,756.9952327301802,16643818
2019-04-01,761.470947265625,778.7771299922908,756.4979132299143,776.7381981788459,6021202
2019-04-02,763.2612915039062,770.7705607902866,756.8957836272762,765.0018534242055,6592678
2019-04-03,757.39306640625,768.5823927320154,754.6081795508112,765.8472240746061,5591613
2019-04-04,758.0396118164062,767.7370283071975,755.9011828719413,758.8850033306463,7009879
2019-04-05,758.0892944335938,764.6039566547898,752.0221566954118,759.8298562861412,5343947
2019-04-08,750.5302124023438,763.8579668352454,744.5128538412563,760.1779098017447,4918795
2019-04-09,759.2828369140625,761.8687902487027,746.9496886119787,750.9281157151052,5483424
2019-04-10,756.7465209960938,763.7585471441232,753.9119160427045,757.1443879782438,5933250
2019-04-11,748.24267578125,757.2438550872134,742.9712719368168,756.3984635983255,5365803
2019-04-12,760.2276611328125,762.6147416656087,747.54642480254,749.3367655551268,4671869
2019-04-15,758.7357788085938,766.0461752672078,755.9011736896502,759.8796009195959,3707106
2019-04-16,766.9413452148438,771.8149432367488,760.9737039011576,760.9737039011576,7088601
2019-04-18,767.040771484375,774.798692334461,764.8526243969197,774.2019525406009,6098041
2019-04-22,751.4254150390625,764.7531700448474,746.5020993843743,764.7531700448474,4185156
2019-04-23,749.1875610351562,755.2049199450888,744.9604821975865,753.3649216746566,5098170
2019-04-24,748.7896728515625,751.6243385330787,734.367874872626,750.6297317759106,7825049
2019-04-25,736.9041748046875,754.4589477436571,734.5668124886349,749.9334991143354,10282068
2019-04-26,755.8016357421875,761.0233207799082,743.2198370355758,757.8902854748862,23294204
2019-04-30,762.7141723632812,765.5488380630508,751.7237797669995,755.8514221182177,12434805
2019-05-02,748.2922973632812,763.6589824219021,744.0155008607909,761.2719628583128,7033021
2019-05-03,753.2156372070312,759.680580717877,749.3864257176126,750.082662544591,5970814
2019-05-06,743.4188842773438,749.3368070335782,740.0869149864637,741.9766922383648,5909936
2019-05-07,737.8489990234375,751.425405550386,736.0090008038195,747.7950666018675,5071941
2019-05-08,731.5333251953125,740.7334383945738,729.3948962233611,737.8988332047624,6739894
2019-05-09,727.0576171875,736.5063823903471,725.4662704883619,729.9420013739211,4193451
2019-05-10,731.085693359375,734.5170988533727,725.5656379330202,730.4392353831595,3913815
2019-05-13,728.1515502929688,738.8435724575434,726.0629004780934,730.0413273300281,5891071
2019-05-14,727.4056396484375,734.5171023626411,718.603393983762,725.4662050045455,7049134
2019-05-15,718.0563354492188,733.7213913285751,712.2378496990146,731.8316142734367,4849130
2019-05-16,727.9030151367188,731.0360510665412,714.8239711908885,717.0618366533371,5142617
2019-05-17,744.9107666015625,748.0935204668699,723.2780689454934,727.8532358915111,9072242
2019-05-20,778.1803588867188,786.3858647155604,756.1000765151854,756.1000765151854,15866697
2019-05-21,768.7813110351562,787.529624270264,766.8915338995419,785.4409743464621,9251548
2019-05-22,774.9478759765625,779.7716944468076,766.0461333949345,770.6213001768994,5928186
2019-05-23,772.2127075195312,799.9621995121165,766.443939785795,783.7501215750466,14776218
2019-05-24,788.9220581054688,791.6075083758918,774.3013272606996,775.2462157806972,9323114
2019-05-27,809.510498046875,811.9970150445542,782.9544843704634,789.717798462955,9128216
2019-05-28,804.0401000976562,817.6661636539401,796.679986056442,811.8974567949764,13473187
2019-05-29,800.360107421875,808.6153317549295,797.7740933075568,802.3990392291382,5958128
2019-05-30,803.1946411132812,809.8088000550022,798.9178443770147,798.9178443770147,6414384
2019-05-31,803.940673828125,814.284608953127,788.9221352524988,806.6261243611526,11140585
2019-06-03,808.2672119140625,810.2564254441965,798.7686687428895,809.1623215790353,6427567
2019-06-04,818.3624267578125,823.2857423415825,801.1557420189002,803.1946737276595,9515354
2019-06-06,803.3438720703125,821.4954449856356,801.4540949912578,819.555949711022,14728937
2019-06-07,799.663818359375,808.8639306974648,796.9783680221965,806.7255019256799,6884094
2019-06-10,809.7591552734375,812.3451086862812,803.0455593338814,803.0455593338814,5923875
2019-06-11,810.4055786132812,817.0197378717619,802.6476580005682,812.7429409306746,5471529
2019-06-12,809.162353515625,811.3505006263315,804.7363410951922,809.6596569177864,4707478
2019-06-13,815.7267456054688,818.9592175243861,806.3774179268245,806.8747212989656,9056584
2019-06-14,796.8789672851562,818.6608194257876,793.1491918460775,815.6769990745246,8919370
2019-06-17,773.5056762695312,796.6800012431488,770.9196623138193,795.7848308919451,10151212
2019-06-18,771.5662231445312,780.6171207192,765.946670456381,777.7327974300989,8347632
2019-06-19,766.54345703125,784.7447489532277,759.2330607790102,776.5889612208828,6411258
2019-06-20,767.23974609375,771.2678916830898,754.757381598534,767.8364859195839,9190732
2019-06-21,766.8915405273438,774.052721437379,758.6860346463822,770.5715977303043,12610688
2019-06-24,758.7357788085938,771.0689275038176,756.8957804971367,766.8418485720005,4866859
2019-06-25,777.4344482421875,778.7771431721601,752.4697805368337,757.1444447507113,10044436
2019-06-26,784.3468627929688,787.7285500427153,777.4841126063353,778.6776528536564,8715757
2019-06-27,796.1329956054688,802.4984424652486,777.3846216988385,784.6950178306681,18439210
2019-06-28,804.1892700195312,808.5158457757495,789.0215171867428,796.8292165439289,9174348
2019-07-01,806.0791625976562,814.5830393285703,803.095341940775,806.377532522147,5896530
2019-07-02,798.2714233398438,808.1677735122407,796.4314249732201,806.7255814569495,7549027
2019-07-03,801.85205078125,807.1234549198749,797.177386467381,798.3212086218115,5535230
2019-07-04,805.48681640625,809.8187657849184,800.9557472430337,806.6320590742758,5553273
2019-07-05,802.7482299804688,809.569784303042,797.9682004290069,804.6403541356639,5871202
2019-07-08,779.644775390625,800.3084981966923,775.4124466231173,798.665334480286,7485169
2019-07-09,782.9310302734375,785.5201952856199,773.1717903595672,775.2630343477626,6448920
2019-07-10,766.0514526367188,786.7151739785606,761.3709831162682,783.3791276166432,5814417
2019-07-11,763.21337890625,770.2838332179367,759.8274915905439,770.2838332179367,7111401
2019-07-12,752.6573486328125,765.4041136902198,747.877319333956,762.9145087656726,8552548
2019-07-15,746.6325073242188,756.4913670119046,740.906416070982,754.1013220023536,6350785
2019-07-16,757.8855590820312,760.0266437429971,744.4416917780208,746.8815168894678,6170479
2019-07-17,749.4706420898438,762.366807753839,746.9312572233619,759.9269827717799,5757193
2019-07-18,737.3214111328125,751.8606794290921,731.5454791425663,750.8648374695834,11283488
2019-07-19,726.2177734375,743.6947882593925,720.2925014225309,740.4583017819541,8091007
2019-07-22,724.42529296875,735.4293351845666,717.006257729029,726.9646779752655,7020071
2019-07-23,724.9730224609375,736.2260256258279,723.0808982271292,729.8526728862057,7048354
2019-07-24,709.3382568359375,729.7530181925855,706.4005107283404,724.9729886653523,6618279
2019-07-25,720.1431274414062,723.2302131609399,703.4129341263232,708.2428040324327,9972204
2019-07-26,726.8153076171875,728.9563923718135,716.2096260822428,720.5415147571479,5450010
2019-07-29,717.2552490234375,736.9231298540003,707.0478678328922,733.1389421542685,10314136
2019-07-30,704.6578369140625,724.9730398148313,698.0853034480724,722.9315756914084,14100900
2019-07-31,671.297119140625,692.0106829471921,655.0649054575787,691.1144007662126,55836793
2019-08-01,666.51708984375,677.9194937793475,659.894776501878,671.1477798134054,17001210
2019-08-02,671.048095703125,678.8157117929725,658.8490314155357,664.6249635400626,14426295
2019-08-05,659.6954956054688,666.5667684215746,647.4964320199111,662.7328013215177,13042504
2019-08-06,676.1766967773438,680.010664044461,651.2806475587375,655.9611169681095,12419831
2019-08-07,657.2059326171875,676.6746313405419,651.5296211251648,676.1767103461779,10486156
2019-08-08,657.3552856445312,661.5378342374362,640.525592165961,657.8532066488921,17563795
2019-08-09,658.0523071289062,673.1393360376546,657.2556457751488,661.4381938590818,9289628
2019-08-13,646.7496337890625,665.9195933185584,642.3181244948,659.4466199709365,7389394
2019-08-14,660.4423828125,666.6663949002585,649.2889409949632,650.0856023859227,7148518
2019-08-16,672.8406372070312,675.1808414748167,654.1187599392715,661.2390541877261,7040117
2019-08-19,682.1517944335938,686.1351625762717,673.5377365125031,675.9775616561682,9082914
2019-08-20,669.5543823242188,682.3509892180942,666.7162567759602,682.3012092715481,7602499
2019-08-21,661.9361572265625,671.3468758232067,656.9071675284584,671.1974752179548,7892687
2019-08-22,658.4009399414062,667.0647164179832,655.0150529454459,662.2349071968399,9262172
2019-08-23,661.1395263671875,668.7576811782528,642.5670488036687,657.0067577655489,7775604
2019-08-26,680.857177734375,683.7949237482701,657.8034114543948,674.4339847707602,8864341
2019-08-27,680.1102905273438,694.6495590828204,677.6704655267778,694.1018581516005,12015623
2019-08-28,675.3800048828125,686.4836058644505,670.6995356846418,682.2512776882668,5677087
2019-08-29,658.4009399414062,673.936050293927,656.1602955185598,671.1974848882257,8753540
2019-08-30,661.1395263671875,665.819935129734,637.4384382046591,662.1353683645585,17115901
2019-09-03,643.01513671875,656.0606414936562,638.7828085796908,656.0606414936562,8461431
2019-09-04,644.6084594726562,650.2847705448648,635.9446226552185,641.5213738484663,10786466
2019-09-05,646.89892578125,657.0067461890139,641.3720149494999,649.2889708453764,8108303
2019-09-06,668.3095703125,669.9527339949371,650.3844135500937,650.3844135500937,11101456
2019-09-09,668.7576293945312,672.9899575556376,659.994232652514,664.8738823743364,5607331
2019-09-11,678.865478515625,680.6579818932323,668.2099573523905,671.7451841657155,5966906
2019-09-12,660.1436767578125,678.8157139932156,657.8034116221526,677.2721102899919,8087081
2019-09-13,671.4464111328125,672.5916536475138,654.3179180399661,660.7908904869269,12105997
2019-09-16,668.1104125976562,671.5958595480182,662.1851406257665,663.8282434335431,7659588
2019-09-17,637.7869873046875,665.5211612244506,635.3969423186195,664.2265788492341,17297040
2019-09-18,645.7039794921875,651.7785914020257,638.8824252982245,642.8160133689955,9702162
2019-09-19,635.54638671875,647.2973103503745,629.9696349607538,645.5048068779865,9554331
2019-09-20,677.5210571289062,686.5832554866344,620.061024326543,638.3844800286959,38862975
2019-09-23,722.4833984375,728.9563716833219,692.9566577036244,700.9732347331649,31417887
2019-09-24,701.4710693359375,730.2010842751296,699.3299849058435,725.2218746994383,15683656
2019-09-25,692.0603637695312,700.5250202033936,680.8073620784348,699.0810372436965,17058681
2019-09-26,696.9898681640625,716.657748455629,683.695340460179,683.745120405908,15007372
2019-09-27,697.6868286132812,705.006303233693,689.6205333301971,697.2885283119471,10245068
2019-09-30,682.1517944335938,709.4378905234872,679.2638282176025,701.1225730568225,20073726
2019-10-01,676.3261108398438,698.3341944743662,653.52130498938,684.2430060237609,49442205
2019-10-03,665.620849609375,673.0896649740162,644.0110649980714,672.1933828177092,17615854
2019-10-04,653.6707763671875,674.5834603908734,648.6915658853576,667.1146446681283,15317105
2019-10-07,670.6498413085938,679.064718794644,648.9902767023677,658.2018156728317,21554138
2019-10-09,683.4463500976562,686.6330566429916,661.5378261728617,669.1062618157048,11537721
2019-10-10,670.1519165039062,681.4546994048872,662.5834804912192,677.1725907666086,8679981
2019-10-11,669.9028930664062,683.1475788677728,665.5211641663685,673.7368602679124,11042828
2019-10-14,680.657958984375,691.0645193065399,670.5501390848617,674.9816478285244,11099352
2019-10-15,687.1807861328125,691.9608157587094,678.4671683007286,679.7617507937919,9260732
2019-10-16,690.516845703125,692.508529641373,680.7077658384316,690.516845703125,10404705
2019-10-17,707.3466186523438,709.4379234932636,687.6289575860221,687.6289575860221,10617761
2019-10-18,706.599609375,712.7240613845619,702.3175013528721,706.8983497893129,9500635
2019-10-22,709.7864379882812,719.993819243111,700.3757182360897,709.4379175750572,9704016
2019-10-23,711.8776245117188,726.9646550209347,707.0975951007322,715.0145511027824,16158781
2019-10-24,704.7573852539062,719.9937554749017,698.6329327308866,716.9564495755765,8986203
2019-10-25,705.6536254882812,708.0436706299611,692.1101984357566,705.0561445935477,8226456
2019-10-27,707.1473999023438,712.0768300981393,705.6038569149301,708.0436820402607,965647
2019-10-29,735.3795776367188,739.8110869375371,701.3217672010326,703.5624118246781,10422117
2019-10-30,744.2923583984375,746.7819634763272,732.4418139151333,741.9023132111139,10188947
2019-10-31,733.2882690429688,746.8815373350161,729.0061603851897,744.889853235456,8775411
2019-11-01,745.1884765625,746.8814199372977,725.0724581625823,732.9396334318014,8484197
2019-11-04,739.51220703125,751.810891570494,732.4915334469181,751.810891570494,7851370
2019-11-05,734.981201171875,742.4997963736755,727.562165860943,738.7156088000581,7306253
2019-11-06,744.1429443359375,747.777791996531,725.7198670924248,733.8857837566347,7821243
2019-11-07,731.6948852539062,752.8565270526752,729.4542408281542,746.8814752506698,9871570
2019-11-08,722.4833984375,732.8401799433647,719.7946127791145,732.8401799433647,7427196
2019-11-11,730.6492919921875,732.4417954467957,718.2012669166131,720.3921314861886,6355142
2019-11-13,708.2428588867188,734.333932044593,704.9067516409725,730.6493044033596,9290616
2019-11-14,712.9232788085938,718.7987098653018,704.3092215984475,708.043628923996,8000528
2019-11-15,713.919189453125,720.4917226659311,707.6453359174577,713.7697888331805,9315652
2019-11-18,719.9440307617188,722.4834158631293,709.2387285969653,714.8154198307051,7907958
2019-11-19,744.690673828125,747.0807190638665,721.9854872140813,721.9854872140813,14424251
2019-11-20,745.63671875,750.7154887821918,738.1679035371452,744.8898372287146,8798051
2019-11-21,734.3339233398438,745.8856663567178,731.246776636433,745.8856663567178,5529542
2019-11-22,729.0558471679688,736.9230226684629,724.474998636901,734.3338579824449,4889776
2019-11-25,751.6117553710938,753.6532193307659,726.964665678567,728.9065697500102,6888402
2019-11-26,749.1221923828125,758.8316525034272,740.9064953576769,753.6532616161575,14624880
2019-11-27,749.76953125,760.5743935761412,745.2882418606807,751.8607753191314,8436862
2019-11-28,747.4789428710938,752.5079933404168,742.649133729284,749.171886341266,9235443
2019-11-29,735.97705078125,753.2051059936499,733.4376657242232,746.7819734321629,12674173
2019-12-02,741.2052001953125,742.898143778428,734.2840860293059,736.1762101718538,8285491
2019-12-03,730.3505249023438,741.8524874962908,727.6119594856244,741.8524874962908,5408215
2019-12-04,736.773681640625,743.8939762749488,726.2675606647699,729.8027876193069,8016237
2019-12-05,726.2177734375,741.9022848281625,722.2841854086467,739.9106008420466,8151690
2019-12-06,714.6162109375,732.1928469448144,712.027045991897,729.7530218337423,7458610
2019-12-09,728.9563598632812,730.8484840170057,707.0478353865159,710.4835025175561,8977174
2019-12-10,712.72412109375,731.7446787019865,711.0311775623273,727.9604913138113,7625748
2019-12-11,713.570556640625,719.396268676347,706.1017418112666,708.5415668117978,8266375
2019-12-12,719.0974731445312,722.2841796531981,712.1764199730256,716.0103873031994,5519774
2019-12-13,748.8731689453125,751.7112942757085,721.9854354858398,722.5829163612798,14834140
2019-12-16,744.1429443359375,751.5619794902753,743.0973223783911,749.1221544017518,7286003
2019-12-17,742.5496215820312,753.3544831145487,738.2674522994411,744.4914648830048,9788065
2019-12-18,738.765380859375,745.4375345734469,734.5330522592797,742.6989690086795,6678420
2019-12-19,739.46240234375,746.8814367719582,737.5703391727479,740.0101032411094,8400708
2019-12-20,736.773681640625,743.8939762749488,734.2342966891335,741.6035518242188,7019925
2019-12-23,740.0599975585938,745.4872877670981,731.9438610453384,733.8359851347388,10250382
2019-12-24,737.5704345703125,741.6035826942561,734.7322482746671,741.4044021290815,3642916
2019-12-26,733.4376220703125,737.5703906212748,730.8484572214451,734.4334640554725,7919368
2019-12-27,756.9892578125,758.8315410471148,733.2383916140556,735.9271769472675,10736285
2019-12-30,750.9644165039062,762.5659999405916,747.9271106062218,757.7361906263535,10034206
2019-12-31,750.9644165039062,762.6655598265337,748.2756917697611,750.7154560076801,11660781
2020-01-01,745.5868530273438,756.7900745577291,744.0930901566256,751.7610850492517,4917748
2020-01-02,753.8026123046875,755.8440762436694,744.4914531575002,746.8814982644955,5156046
2020-01-03,739.8609008789062,753.105588662076,737.4210755758907,750.0185024624258,8489729
2020-01-06,720.2427368164062,736.5247294370728,718.6991938505718,736.375389603757,6356198
2020-01-07,722.7322998046875,734.9313637696995,718.0518304536744,724.9729442064244,9103360
2020-01-08,721.4874877929688,722.7322902218732,706.1514975563196,712.2759498190765,8973215
2020-01-09,739.7611694335938,741.9022539420816,727.9604666196801,730.4998514399865,7559853
2020-01-10,736.9728393554688,748.6739825285827,731.7446690015242,739.9105853296735,8550490
2020-01-13,734.3339233398438,743.6450218316141,732.2923985918734,736.9230882563033,6423758
2020-01-14,744.7902221679688,748.275669009116,731.1471752334902,736.9230464139746,7237665
2020-01-15,743.1968994140625,745.8856850679119,734.9314226703858,743.9437809411666,7911661
2020-01-16,734.2343139648438,747.27988098051,732.0434493503207,743.3960727647022,6487613
2020-01-17,736.8234252929688,739.3628099099086,727.8110077276519,731.7943752150444,7678864
2020-01-20,724.1763305664062,743.0973289847127,721.985465961696,739.8608424131603,10677371
2020-01-21,714.6162109375,726.5663152058954,713.0726679591069,723.329828633205,8242803
2020-01-22,709.636962890625,719.7447831898587,703.6619110758354,714.0186918673521,13321307
2020-01-23,719.9937133789062,734.4832012636605,716.4087067534671,722.0351771734305,20643257
2020-01-24,734.3339233398438,738.616031831545,717.404609150172,720.3921351836434,9541490
2020-01-27,737.1720581054688,745.3379748567652,727.9605193854748,729.4045024762349,9170435
2020-01-28,734.0849609375,743.3960594051765,731.9438763065034,735.3297634482253,7836737
2020-01-29,732.1928100585938,742.4001902736235,730.4998665495831,736.9230594265343,7985274
2020-01-30,727.8609619140625,733.3380930630683,724.2758941477072,732.6907714329091,6041343
2020-01-31,726.2675170898438,734.1844726953244,722.1845894348756,731.6450878961921,8345819
2020-02-03,706.002197265625,709.8361646487825,692.6578901680205,701.7698687703647,11594991
2020-02-04,712.0270385742188,717.6037295288244,707.0478285142592,709.487653599914,9653925
2020-02-05,721.0394287109375,722.6328124698498,712.2262508251936,716.4585795644874,7975101
2020-02-06,733.8858032226562,741.9023194849774,719.9937946142801,724.4253038466733,9627252
2020-02-07,745.0391845703125,746.0848064690686,730.9479965637897,733.6367820044263,8438354
2020-02-10,738.0184936523438,743.6948052991053,735.9272497315557,743.1968842911679,4713339
2020-02-11,746.8317260742188,753.9519599627702,738.9147699541498,739.9106119621742,7845657
2020-02-12,752.1096801757812,757.5370313018777,747.8773516213329,748.8731936341443,6190440
2020-02-13,744.690673828125,750.3172057306882,739.2135425458113,747.9769404412382,5031706
2020-02-14,733.4376220703125,749.4208737758557,729.0558930230602,744.9893647856196,6155000
2020-02-17,735.3297119140625,740.0101204012743,727.1637958597222,734.3338699752738,4275465
2020-02-18,730.5995483398438,734.6824764548979,721.6867497867252,734.6824764548979,5215502
2020-02-19,737.9686889648438,742.0018368376371,732.2923775084004,737.570388640672,4372673
2020-02-20,741.2052001953125,750.8648799047382,734.5330465332531,739.6616572271145,7529403
2020-02-24,722.4335327148438,735.329697729665,719.9937078556019,734.881556709581,6589087
2020-02-25,725.7198486328125,728.9563350932676,719.0476951580616,726.3671702374521,5419596
2020-02-26,726.3671264648438,732.6906983939571,718.9978718864248,722.284138091959,7136975
2020-02-27,732.790283203125,736.3753507340606,713.5705454986223,725.6700496458042,8867328
2020-02-28,694.4005737304688,721.6866672432122,688.1267816545806,715.9107961381305,16428944
2020-03-02,681.3551025390625,710.2843002273073,672.4920845047851,706.3507122057714,13854352
2020-03-03,684.2927856445312,692.9067816075267,672.1932822514586,687.0313508685188,11198145
2020-03-04,679.3634033203125,693.1060103344631,665.5211756404526,687.130958521235,14802724
2020-03-05,675.0812377929688,691.1142678203472,672.4422324865842,683.6454536868421,10508008
2020-03-06,654.91552734375,658.0523932311161,638.3845133788143,647.2973115947397,12969235
2020-03-09,620.957275390625,639.1811720822508,612.5423982198828,636.3430466561925,14336369
2020-03-11,616.774658203125,631.7621274657586,609.5548044076319,611.0984079821061,11021433
2020-03-12,540.9910888671875,591.5300631147894,525.9539011375892,589.5383794005983,29369378
2020-03-13,566.4348754882812,583.2148484142234,449.2242990044002,514.8004959253533,25599305
2020-03-16,506.4852294921875,542.7338709411276,500.26121721075253,540.0948654212513,21542970
2020-03-17,486.3194580078125,529.0908546610416,475.4647860353029,513.0080424584942,20590414
2020-03-18,471.4814147949219,503.94584021522707,390.46966068710043,487.96258800916075,36240904
2020-03-19,426.4693603515625,463.0167759518594,421.9880711009331,439.2161265081887,33243997
2020-03-20,426.3697509765625,447.83016455029184,412.4777731560565,429.6062375126545,30764236
2020-03-23,307.3666076660156,390.3700391631549,300.7442648654918,383.7476963626311,37622635
2020-03-24,301.8895263671875,336.09670856109943,289.7900509371257,330.56979706548145,50681510
2020-03-25,325.4411315917969,362.2375031773581,284.81079287621833,292.27960737472057,51993973
2020-03-26,339.9804382324219,397.34094106594307,330.6195299095065,334.5531177981375,62971564
2020-03-27,358.2541198730469,407.74747395479716,352.57780894463656,368.4614992439954,71042591
2020-03-30,366.6192321777344,380.4116501799348,338.9348362842651,343.5654955813547,61772544
2020-03-31,377.42413330078125,388.17921518051804,371.1005302662851,382.8016742406497,34637148
2020-04-01,357.1587219238281,378.22077383325984,352.52806277065577,374.68554694197525,27744593
2020-04-03,324.0968017578125,360.7935563569748,322.6528186538584,358.70231240047167,41317365
2020-04-07,387.233154296875,404.0628774328223,340.92650290900997,345.95549267765466,48093237
2020-04-08,389.7227478027344,425.92160826106567,371.9469631637593,382.1543430096188,64930598
2020-04-09,418.4029846191406,421.24114022360675,396.9923829292883,403.3159853204745,44090546
2020-04-13,417.2079772949219,426.1207440897301,400.3284448877832,416.21213539221594,33431643
2020-04-15,415.5648193359375,449.77199522418067,410.7350103565187,432.19539148722623,48315019
2020-04-16,420.7930603027344,425.2245697313861,399.03393508687594,406.90108146981066,42344330
2020-04-17,476.8091125488281,483.87959645780506,430.60205223950317,448.1288766025394,47831797
2020-04-20,454.05413818359375,481.43979114060943,449.37366897648485,479.9958081920569,42163627
2020-04-21,418.9009094238281,438.120677258115,411.23294465725195,434.18708940652976,33572119
2020-04-22,429.3572998046875,432.74315674406495,410.2869303577037,416.8096837204648,36619611
2020-04-23,428.2618408203125,438.02111067469986,424.2784728121592,432.7929401639986,29418000
2020-04-24,402.2703552246094,417.90505511415734,399.5815698877826,414.2702381889535,35773252
2020-04-27,425.52325439453125,427.71411884757964,407.3989490828979,413.27441052792915,35986805
2020-04-28,453.5562438964844,456.4939595156983,433.4402236577593,436.1787891145286,43938246
2020-04-29,437.27423095703125,446.98369051651474,424.178914654942,428.95894412795167,61499689
2020-04-30,443.05010986328125,459.97942425079333,438.5688207607045,449.124752280467,40382553
2020-05-04,401.1251525878906,422.23701552017394,398.0380666454575,422.23701552017394,37853978
2020-05-05,387.3825378417969,417.0088373296978,384.89293284281365,412.2785878316296,50981056
2020-05-06,387.233154296875,392.8098753808624,366.5196231835911,383.3991566522159,67511628
2020-05-07,395.69781494140625,400.5774345419656,381.1087360822163,385.3908444194921,41339309
2020-05-08,380.4613952636719,407.7474883193324,378.07138072197387,401.82221670971853,33505509
2020-05-11,377.9717712402344,391.8637775432107,375.28301641399145,389.3741728574215,30141935
2020-05-12,385.2414855957031,390.1708852845484,368.4615417383983,374.73533421172357,38411107
2020-05-13,412.2785949707031,414.7184200682295,397.93847600638117,409.29106892019075,48206058
2020-05-14,400.2786865234375,409.2910440724076,395.9965478765903,403.3657722756694,31604212
2020-05-15,386.9344177246094,402.22059932371354,385.19169413101383,401.07538704034545,25435025
2020-05-18,357.30810546875,387.3825467004866,350.8351323233691,387.3825467004866,47864748
2020-05-19,353.0259704589844,370.95112551755057,348.64427196724955,367.26649815479374,42889678
2020-05-20,360.99273681640625,364.776924384,348.54471140894395,351.53223750673493,30720803
2020-05-21,355.7147521972656,367.4656749023685,354.22098929115845,361.4906232779398,24794914
2020-05-22,335.5489501953125,358.2541340244673,331.46599220751534,350.63594934433536,48367892
2020-05-26,339.880859375,346.2542724300044,334.9514597539183,340.5779609249804,30692834
2020-05-27,385.3908386230469,390.818189462772,340.0800294309316,344.6609085262934,72430787
2020-05-28,389.324462890625,405.9550069461821,385.39087462384816,388.37840078372295,72693713
2020-05-29,383.349365234375,387.6314734008338,373.78927657525423,380.41161936831986,51056390
2020-06-01,395.29949951171875,407.7973046279239,390.91777033869863,392.66049386274955,44252980
2020-06-02,408.3948059082031,413.2744255778527,389.9219187714564,396.3451117590009,37508638
2020-06-03,407.8470764160156,430.2037413337303,403.5649679988292,420.24532139544954,49055899
2020-06-04,392.7102966308594,412.1789954681332,389.9219208116942,405.9052030587117,45553578
2020-06-05,403.61474609375,408.1956253225166,388.8762968088687,397.3409537176405,39002875
2020-06-08,428.4610290527344,442.9007383409729,412.27859622970834,413.27443824958686,60387580
2020-06-09,418.3034362792969,440.660102208643,414.7682091975137,433.1415069713015,46273705
2020-06-10,425.67266845703125,430.9008388759784,413.57316403206215,420.4444980380841,36163051
2020-06-11,411.73089599609375,433.73898036140145,407.0006463933869,424.72662222199256,45562670
2020-06-12,406.3034973144531,410.7847858877743,387.5318713236267,388.37834302116846,47813512
2020-06-15,387.98004150390625,404.262063955789,382.05476956636073,404.262063955789,39577100
2020-06-16,379.9635009765625,403.31600791193534,358.9014488637431,403.21641763431376,96186227
2020-06-17,387.98004150390625,396.0961475631409,373.7394829548428,375.8805675244892,56949066
2020-06-18,403.7143249511719,406.35330006994576,382.4033130618022,384.3949969839991,43773580
2020-06-19,415.3158874511719,420.5440578694409,405.8056086561187,405.8056086561187,52085319
2020-06-22,428.36138916015625,434.08748011126676,416.36150636671096,418.25359990720216,40454004
2020-06-23,441.8052673339844,443.14966002117416,428.6103617266123,428.7099519980123,30757220
2020-06-24,422.8843078613281,446.6351461246915,420.4445131458951,446.1372251145191,33577082
2020-06-25,419.94659423828125,426.91748841559695,408.6437811726391,417.2578086136133,49853200
2020-06-26,423.08349609375,426.9672739653852,416.26197205255045,424.2287083597763,32610915
2020-06-29,403.1168518066406,414.0711144143285,400.67705700570457,413.2744529264082,36319455
2020-06-30,404.9591369628906,413.0752430593124,402.36994172477154,408.2952136894661,26951915
2020-07-01,431.44854736328125,435.531505649588,404.95914403214164,408.295220816954,53380512
2020-07-02,421.4403381347656,439.66423421432887,419.5482140600265,439.16631322427867,50362770
2020-07-03,426.66851806640625,429.8054142956956,421.8884582206779,428.2120610137861,31044457
2020-07-06,432.1954345703125,435.78047190295007,429.30749880454675,432.344804794446,18424079
2020-07-07,445.48992919921875,447.1330624373881,424.4278767683343,431.6975112842043,37991679
2020-07-08,442.30322265625,459.4814973284738,439.1663264029377,448.1289044927936,45877067
2020-07-09,451.8633117675781,455.09979829814483,444.1953161388841,445.98784999022513,29162679
2020-07-10,437.7721252441406,449.57285837440935,435.18293010815205,448.02928512474097,25676354
2020-07-13,438.2202453613281,444.5438479290385,430.9506111595099,442.10405334463775,21326370
2020-07-14,415.96319580078125,433.987910832178,413.672741075151,433.0916591528812,25685579
2020-07-15,424.8759765625,442.60198211908016,420.9921989015102,422.2370013819996,43250557
2020-07-16,432.1954345703125,434.336488824724,416.7101033911761,430.1539705955522,30183647
2020-07-17,431.2991638183594,438.0708770664573,422.8345070628944,432.19541551433036,33464985
2020-07-20,432.1954345703125,440.9588321472608,427.5149649428847,435.88006218260125,30400586
2020-07-21,444.3446960449219,449.1247253110269,436.6767007735816,438.17046371807504,43147019
2020-07-22,476.9585266113281,482.58502769817915,458.186899283629,476.0124645777551,89611937
2020-07-23,458.93377685546875,472.77597412723935,457.290643687034,470.98347074179867,40249567
2020-07-24,443.7471923828125,454.7014541632242,439.7140141292497,454.7014541632242,30566635
2020-07-27,429.755615234375,446.13722875914976,428.11248196552,445.1413867306695,21924237
2020-07-28,435.23272705078125,438.17047306052945,422.63533202842814,432.1954211551586,33057573
2020-07-29,439.06671142578125,445.14135342311505,432.49414845146407,433.93813144098965,24404819
2020-07-30,424.079345703125,444.0459667732935,422.9839133631876,440.0625985485666,26861618
2020-07-31,429.8551940917969,432.6435699318515,419.54822329280057,427.2162188645933,27499638
2020-08-03,415.61468505859375,430.1041747093528,413.9715517565522,429.80543425104975,23824107
2020-08-04,427.3655700683594,429.40706431605304,415.6146471237859,420.0959359334311,24746211
2020-08-05,433.1414489746094,444.9919615725004,431.34891531021213,437.1745965358077,36932321
2020-08-06,431.1995544433594,436.47750450082674,425.3240931514827,434.18708022472214,33465135
2020-08-07,431.498291015625,435.18291826937366,425.3738692966069,429.6560077794342,15569399
2020-08-10,429.3074951171875,435.18295687790527,427.51496127092173,432.1954308581485,14888044
2020-08-11,446.13720703125,448.0293007150758,433.4900017292239,433.4900017292239,30469633
2020-08-12,449.2243347167969,450.86746794757954,437.1248604292508,442.95051184832715,23184137
2020-08-13,446.2367858886719,454.85081271694224,443.4982205138025,452.2118376156596,21885850
2020-08-14,434.0377197265625,449.62264015662305,423.8303397451552,449.62264015662305,36725538
2020-08-17,436.32818603515625,439.1663419421717,423.5814200126108,437.2742481343905,30198343
2020-08-18,443.94635009765625,445.3903331495524,433.49000912936043,437.67255767295313,21768516
2020-08-19,442.35302734375,450.070802822595,440.61030384852694,444.1455307825622,18127671
2020-08-20,433.1414489746094,439.4650207622961,431.4485055789036,436.0791643615677,16688938
2020-08-21,438.6186218261719,443.00032055572575,434.4360732625559,438.17048076911084,25087973
2020-08-24,443.94635009765625,447.58119769918403,440.46090310822433,442.1538466593656,18196776
2020-08-25,449.9214172363281,454.50229665489485,445.2409779272582,449.0749758229288,26273592
2020-08-26,461.42340087890625,462.86735355732736,447.1330619737677,450.1205880003185,25914508
2020-08-27,471.08306884765625,472.5270519741367,462.07071046575226,462.07071046575226,19544214
2020-08-28,507.0827331542969,510.8669204084561,474.0705481954719,474.46890928806505,59179945
2020-08-31,494.68450927734375,531.6302228494242,484.27794830990035,522.2693445981524,55830536
2020-09-01,483.68048095703125,501.30686646520394,477.6556185055211,492.9915795254518,33276725
2020-09-02,482.3858642578125,485.9211216327954,470.1370196735169,484.9750595656638,20750575
2020-09-03,472.97515869140625,487.9127883324779,471.132844957537,486.36921503515595,14045705
2020-09-04,453.3072814941406,470.9834766407732,450.7180862677644,467.0498886631357,29405304
2020-09-07,456.792724609375,465.207571036461,448.7761785021768,455.09978110108375,25967554
2020-09-08,442.5024108886719,460.47734732434077,439.41529452604556,457.8881519753417,21052285
2020-09-09,429.4568786621094,441.5065733937228,423.23286592787593,438.0709062081511,31657672
2020-09-10,444.9920349121094,446.8343488191445,428.9589715122151,434.635283465634,34434841
2020-09-11,445.3405456542969,447.97952082340885,437.42358975627565,444.14552312190995,18620781
2020-09-14,438.7181701660156,453.10809886878184,436.1787852846735,450.1205729421745,17622727
2020-09-15,447.6807556152344,450.020990375972,434.08751849443684,439.2160986781688,17328721
2020-09-16,444.1455383300781,448.72641767350325,438.17048624492014,447.6807653241887,20016188
2020-09-17,441.0583801269531,444.5936371760575,436.6766817587083,439.1165066180805,14306232
2020-09-18,441.5065612792969,447.4318030052931,434.236896370771,442.7015534570682,20809690
2020-09-21,421.5896911621094,442.153821134484,418.80131549712104,441.1579791949919,19013877
2020-09-22,410.2868957519531,424.8759746805299,404.6105843097903,422.23699951171875,27558176
2020-09-23,418.0046691894531,421.1415653339409,404.41143230288253,416.36153600812,18612700
2020-09-24,400.776611328125,412.5773143113565,399.4819985380589,412.2785738778639,21177182
2020-09-25,413.32415771484375,414.9673211197575,398.48611986796,405.80556372119025,20460096
2020-09-28,437.423583984375,438.7679767178994,416.3117221286844,418.25362612051794,19387091
2020-09-29,425.0751647949219,441.45674749969515,423.033670455627,440.56049577568854,19996904
2020-09-30,422.8843078613281,426.3199749877927,417.0088460194305,425.22454268727597,18485278
2020-10-01,441.8551330566406,443.44845603604574,425.6228892854329,428.4112652807674,21083211
2020-10-05,442.30322265625,454.5520976134648,437.2244223271944,442.20363237711433,24252318
2020-10-06,447.78033447265625,450.8176707070226,440.8592510350379,447.6309642557135,19387351
2020-10-07,451.2159729003906,454.0541284056811,441.6558845413146,445.14133120624047,19873734
2020-10-08,450.0209655761719,459.73042446891253,445.3903066439247,453.65578257070206,20909290
2020-10-09,466.1038513183594,467.8465748758438,448.2782850085127,451.41518133384733,28048230
2020-10-12,466.0540466308594,478.004150390625,460.37773518869653,471.53117752075195,21261504
2020-10-13,459.43170166015625,471.0332546012682,457.8383484205773,463.9627704942326,15582492
2020-10-14,469.34033203125,472.67640887753544,452.11227723559557,456.09564531696645,13984621
2020-10-15,460.676513671875,479.94606238282415,458.0873184027656,471.4315950781003,28971494
2020-10-16,470.43572998046875,473.5228460962468,461.07482175091957,463.215875860179,16288157
2020-10-19,490.90032958984375,493.8380452765782,474.26975591386014,475.0664173633202,28131936
2020-10-20,491.8961486816406,496.5765876628775,483.082941250635,483.82982272121706,21376064
2020-10-21,499.364990234375,505.38982226470426,484.5767302436646,494.83389083483127,27029535
2020-10-22,508.17816162109375,510.86694718359763,493.5890823654304,493.9376331443751,30022336
2020-10-23,505.0910949707031,513.3565717484971,502.40230930575524,511.76324879664816,18810262
2020-10-26,491.2986755371094,507.73006916449975,488.85885038767657,506.13671582552445,17446937
2020-10-27,505.9873352050781,510.1200734998532,480.64314370166585,491.94595667921425,24239860
2020-10-28,502.60150146484375,515.3482677178209,491.44805820047276,508.67611373795273,30343575
2020-10-29,491.79656982421875,514.2029840711496,487.31528089669547,503.89604385039445,50934336
2020-10-30,490.4521789550781,499.46453678772457,479.59750736700136,492.94178392439323,23140833
2020-11-02,520.476806640625,529.4891639095291,493.04134336050817,494.7840667300176,37597227
2020-11-03,531.9290161132812,534.7671414340422,521.8211957382459,522.8170377148457,25991938
2020-11-04,522.9664306640625,531.6302071084863,508.8752425890202,522.9165899408661,28905623
2020-11-05,537.0576171875,540.244323973666,525.3564728433699,532.675948540226,23728389
2020-11-06,539.4973754882812,543.7297037685308,528.9912550900532,536.5098496433992,22256961
2020-11-09,562.7005004882812,565.6382464951907,545.9703673256836,547.7130907963995,26041462
2020-11-10,581.1734008789062,585.5551302477321,565.8872495974043,569.6216573158209,34935409
2020-11-11,606.1192626953125,608.6088677161897,574.0033579259966,577.4389642297091,50289937
2020-11-12,597.2064819335938,607.9117838347213,586.3517794143194,599.4471265175506,34244439
2020-11-13,607.8121337890625,609.8038177674408,581.8704621269588,592.5259835675573,28813262
2020-11-14,610.6005249023438,615.4303341180687,603.03208950262,611.3971863177436,3211214
2020-11-17,626.1854248046875,628.2767294312995,606.4677657589467,610.600534288079,25960060
2020-11-18,633.654296875,637.3389246896372,619.4635473799573,622.4012936422239,24928180
2020-11-19,608.9573974609375,630.368000969376,606.5175723467245,616.4262126382997,26525371
2020-11-20,605.3225708007812,613.9366289172804,589.5384984899108,612.4428658298904,29556191
2020-11-23,593.1234741210938,610.0527882133905,590.2355687741724,608.4096853732557,23728765
2020-11-24,617.073486328125,620.0111714445711,598.0528686852579,600.4926936099301,30742369
2020-11-25,597.3558349609375,627.3804973615025,593.5218673451675,622.4012870649827,35115637
2020-11-26,610.0029907226562,615.6295222040332,591.5799141521555,599.745830518057,35476456
2020-11-27,599.0985107421875,611.0984552240154,596.2603854122724,609.4552916447777,29921076
2020-12-01,601.1400756835938,612.4428585988436,593.7210402808774,608.4594904128348,21285697
2020-12-02,605.5714721679688,610.9490430698849,598.749979047707,604.4760703234231,19070722
2020-12-03,600.1939697265625,608.4594459522917,597.8537046194622,607.6130045871648,17746316
2020-12-04,611.9448852539062,613.8867892348264,600.6918832468456,604.0777094466376,20019707
2020-12-07,616.6751708984375,621.8037816140986,609.9034573185646,614.3847464086623,24658169
2020-12-08,618.0693359375,621.2559815800267,609.0569175867847,616.5257322765248,16005349
2020-12-09,631.5630493164062,634.0526544770815,616.4262377832247,616.5756384054156,22000284
2020-12-10,624.4427490234375,629.8203204380856,617.7705950923373,621.9033639370554,16126862
2020-12-11,610.7001342773438,629.0236522233272,605.8204839428469,623.7456407581623,17950692
2020-12-14,613.3391723632812,621.206288467276,609.8537250208919,613.4387322605126,14567480
2020-12-15,604.5755615234375,613.1896178199742,599.7955328099807,613.1896178199742,22311290
2020-12-16,603.5797729492188,612.3432306089669,602.2851905890095,610.9988075268752,14860853
2020-12-17,602.8828125,608.4595037702869,600.6919477933244,604.7250960139226,14598759
2020-12-18,606.9656982421875,608.4594612403225,594.0197522583509,601.8869283610774,17301814
2020-12-21,580.0779418945312,604.7250304127967,571.0158043680401,602.7333464921288,18580262
2020-12-22,587.2977905273438,591.4803388772841,566.0365891887532,582.5675412606971,19896386
2020-12-23,589.986572265625,592.0280360958888,581.8704361041599,586.5509054003003,12247401
2020-12-24,607.6627807617188,611.4469680821749,591.679529338646,592.5259706985245,15488083
2020-12-28,615.0818481445312,618.2187140396201,611.4470004579242,611.4470004579242,8444506
2020-12-29,627.5796508789062,629.7705154712168,616.0278470200752,618.1191517232969,13765454
2020-12-30,622.5007934570312,631.3638113356477,615.6295203072164,629.6210878816455,10262221
2020-12-31,617.8701782226562,623.3473091975376,613.4386691867053,619.8120822700249,12306502
2021-01-01,621.2062377929688,622.8494014328926,614.9822251892772,617.6710107903466,6047062
2021-01-04,622.1025390625,630.3680158982559,618.716651789359,625.1896250963712,14068156
2021-01-05,661.6871948242188,665.1228617027507,615.4303241610204,615.4303241610204,37973963
2021-01-06,651.5296630859375,664.3760498804266,646.4508929288838,659.2474389956295,20829645
2021-01-07,668.3095703125,673.6871416537717,656.2599059125433,656.2599059125433,17887570
2021-01-08,669.9028930664062,676.0272846005538,665.7203447129828,675.1808432541545,12272794
2021-01-11,664.1768188476562,673.836498182739,657.4051055589924,673.1891765850129,7928365
2021-01-12,672.8904418945312,682.1517602052776,656.5088290734733,658.5502929878865,13301893
2021-01-13,684.9401245117188,688.3260116690936,666.2680867645176,673.1892009124215,15645903
2021-01-14,673.189208984375,684.9401327245731,671.844846563006,675.6788140471871,9337503
2021-01-15,672.0438842773438,680.1102401646685,666.8157142838683,674.7824495120213,12339771
2021-01-18,654.2681884765625,672.1933443252354,648.4425371382924,671.6456433861337,13460603
2021-01-19,665.9692993164062,669.1560056899697,657.0067218302789,660.7909090570367,9010539
2021-01-20,672.940185546875,678.1185757495322,661.239042845912,661.239042845912,9980614
2021-01-21,673.039794921875,692.1101936345708,666.9651830025234,677.9194450600489,15849438
2021-01-22,641.8201293945312,671.0979067004055,636.1438181885309,667.2140988275189,21392223
2021-01-25,655.662353515625,665.2224117673996,636.6915160519543,651.2806246944302,21325345
2021-01-27,629.4717407226562,661.0399461262277,624.7913316738674,657.2059785144218,24462588
2021-01-28,667.9112548828125,671.8946229622909,613.438684239671,619.4137363588885,64303975
2021-01-29,660.1436767578125,673.0397818499673,650.2848167849712,668.2099725309582,31273252
2021-02-01,706.4004516601562,714.018666768772,651.6291452831933,662.2348861941888,30648270
2021-02-02,711.2303466796875,741.8524872377875,701.2719269859965,716.2593364687275,28703320
2021-02-03,730.7488403320312,733.7363663029565,712.574724008903,717.0062330220496,23541361
2021-02-04,740.806884765625,742.4002076458776,717.603717645358,726.9646567156145,20490289
2021-02-05,716.60791015625,763.1137457417814,714.018745155822,745.885690546319,31121503
2021-02-08,733.089111328125,744.690634138975,722.9812907332857,722.9812907332857,15662890
2021-02-09,739.4126586914062,746.8814734256629,723.1804468252292,732.6907254305753,22307807
2021-02-10,731.74462890625,743.2964316193888,723.0807920667377,738.4665618501423,15140744
2021-02-11,737.0226440429688,741.0558527908066,727.960506104423,727.960506104423,11897710
2021-02-12,747.2798461914062,751.5619545496297,731.4957143377491,732.4417763751333,15668442
2021-02-15,790.6985473632812,795.6777573592717,750.7653075079868,756.7403595031753,20648115
2021-02-16,771.8273315429688,795.6777596486618,763.8108155826327,795.6777596486618,23968943
2021-02-17,774.5161743164062,781.7360293646788,761.1220862429908,770.781766532817,16956357
2021-02-18,773.7692260742188,778.7484360232163,760.8232802068251,771.7775420946198,19685663
2021-02-19,746.532958984375,773.9683931700056,738.2674219876704,769.686284844603,15634787
2021-02-22,716.4585571289062,746.7321182237321,712.0270479608472,746.532998443807,18123202
2021-02-23,712.9730834960938,731.8940812689223,709.6369763673249,729.3048556311861,16804763
2021-02-24,746.2840576171875,751.7611888997809,714.0685307861993,718.9979610968085,11207286
2021-02-25,767.4456787109375,780.2422243834907,758.9810215223482,761.8191469730317,26635119
2021-02-26,721.7861938476562,755.5452584244592,715.6618026579159,742.898054192786,31306177
2021-03-01,725.5206909179688,740.4085412609978,719.2468983534037,734.9314101555029,14301187
2021-03-02,728.20947265625,737.4210112847222,718.9979340277778,727.4128112014135,14503453
2021-03-03,750.8150634765625,757.6365566406959,732.043405922274,737.4209768587752,13603791
2021-03-04,733.7363891601562,748.3254990851998,728.0600774822968,728.0600774822968,16896947
2021-03-05,727.7114868164062,741.0059522048501,717.5041070834358,728.9562892228661,16358252
2021-03-08,740.2093505859375,749.3711091934812,728.9563480792401,731.9438740959583,13898556
2021-03-09,742.3504028320312,755.5453088303595,736.9230519821053,755.5453088303595,18951683
2021-03-10,757.5867919921875,762.516221986597,746.0350492497122,747.3794116202914,13377990
2021-03-12,747.4789428710938,773.3708335542468,741.9022522672699,769.3874657568387,16343307
2021-03-15,741.3047485351562,750.8648066413857,713.6701352933811,750.8648066413857,22466579
2021-03-16,734.682373046875,748.8731203405625,732.8898697555247,747.877278425216,11358574
2021-03-17,724.8733520507812,738.9146986973074,721.6866457761367,735.9271729613345,12380976
2021-03-18,715.761474609375,740.010204254026,704.309291015625,732.93975,12261544
2021-03-19,723.230224609375,726.3173103777759,700.5748199830572,706.0519507718374,20377672
2021-03-22,713.2220458984375,726.9646532138776,706.3507118500316,716.0103913161342,14802230
2021-03-23,727.5123291015625,736.4251267677366,711.1307167622875,715.0145247048478,15949688
2021-03-24,703.4628295898438,721.9854669111529,700.3756828487099,720.2427433703328,14379147
2021-03-25,691.7118530273438,707.9441268189278,677.1725836324899,706.549923657723,21179280
2021-03-26,695.296875,704.0602721720342,690.267885212188,704.0602721720342,13143312
2021-03-30,692.458740234375,710.3341170611286,688.1268516602072,702.0686402611376,25965218
2021-03-31,694.550048828125,700.6246610109486,689.2222574002428,693.1060657016383,14924620
2021-04-01,710.0353393554688,714.0187073181922,692.6578844618131,703.3631858616326,13090326
2021-04-05,682.4006958007812,705.5042411822694,674.6331407520261,704.2594387455661,16239521
2021-04-06,675.0812377929688,690.6163468781135,672.6911929577011,687.2304601583785,12062011
2021-04-07,685.3883056640625,689.0231535373451,665.6208648586594,677.6705296104534,14433515
2021-04-08,678.765869140625,692.6080969728316,676.5252246860041,688.6247290535056,9026398
2021-04-09,665.421630859375,683.9442675882476,664.2266083133316,676.4754526521907,12509114
2021-04-12,632.9571533203125,652.2765125071181,624.0444160111529,648.2931444918074,14649541
2021-04-13,658.2515869140625,662.0855544466249,627.3804837456269,632.9571748441494,12737650
2021-04-15,666.0689086914062,668.5585137336577,649.5877354679762,663.6789243196687,15195951
2021-04-16,666.4174194335938,672.4422508428132,659.5958658699595,665.8697185384586,12242522
2021-04-19,645.4550170898438,652.5752509262857,628.3763024646657,647.2973004786572,17292072
2021-04-20,649.0400390625,659.2474198072497,640.3264213535673,653.2723676639815,12296248
2021-04-22,655.9611206054688,658.2017650475678,631.7621727870724,638.3347055046817,19385102
2021-04-23,668.5584716796875,674.6829240109322,648.1935523401725,653.2723219943491,19167768
2021-04-26,697.5375366210938,700.8735829873332,681.6538446658133,691.1143436056602,21646184
2021-04-27,696.6412353515625,700.9731843736818,681.2554648163361,688.2263585802627,46559967
2021-04-28,705.2055053710938,709.5373935666371,685.2886662534338,705.0561047651636,54060587
2021-04-29,716.4087524414062,723.8775673718571,704.0602874438454,709.0394973974793,25939327
2021-04-30,711.927490234375,726.8152799300639,702.0686298431766,702.0686298431766,23011654
2021-05-03,699.8279418945312,705.056112218183,689.2222006397182,703.0644282853633,13752878
2021-05-04,697.4378662109375,715.6618220204102,695.1972218849893,701.0727135411338,11980155
2021-05-05,714.2178955078125,716.0601788977181,697.0894009287181,706.0519789406587,11155033
2021-05-06,712.77392578125,719.8443798103659,707.2967946715094,715.0145703261439,9484934
2021-05-07,713.769775390625,723.8775963131709,711.0312098066358,718.0021040204264,7131970
2021-05-10,712.2760009765625,721.9854606193747,711.0311984582532,720.4916975974037,7980462
2021-05-11,704.4088134765625,710.7324466372085,700.076925094713,701.8694285361206,12736700
2021-05-12,688.425537109375,702.815465636094,686.1848926918317,701.0727422002269,10856584
2021-05-14,682.1517944335938,695.695221806149,678.5667874177333,692.1102147902885,9377968
2021-05-17,706.3009643554688,707.3465863374713,681.5543140621202,688.6247682083986,12099197
2021-05-18,708.6909790039062,722.981287298427,705.554052411757,717.006235337283,19519055
2021-05-19,713.8195190429688,720.6908530168937,699.2802504488361,701.0727538563992,20244016
2021-05-20,702.96484375,711.4295001676488,701.6204206736703,705.6535683399236,18840413
2021-05-21,727.8609619140625,730.3505669817924,704.0603131540151,704.0603131540151,15883692
2021-05-24,738.0682983398438,744.3918705193329,723.7281496988966,727.3629971919069,15716900
2021-05-25,728.5081787109375,741.9022653216767,722.8318673434775,741.3047844540998,11344261
2021-05-26,732.0433959960938,738.3172489307314,726.4667053668262,734.9313619749387,9081086
2021-05-27,747.22998046875,750.7154272825496,727.9604631107197,734.1346953371527,23040846
2021-05-28,736.773681640625,756.5411818699005,735.4293192490626,749.4706671794544,17149692
2021-05-31,747.5785522460938,749.8689765387433,730.9479797867697,734.831787643143,9275086
2021-06-01,742.0516967773438,750.8648742380127,738.0683287442508,750.4167331780153,6660243
2021-06-02,733.9356079101562,742.2010849610102,731.1472622616169,741.7031639244362,9973043
2021-06-03,747.52880859375,749.1221314534522,735.9272251832518,739.9105931138783,8170508
2021-06-04,738.9645385742188,756.7403546138784,737.0226345320547,747.8773365657305,10336011
2021-06-07,747.9769287109375,750.815114981542,738.4168694806494,740.0101924252393,6986728
2021-06-08,743.2466430664062,747.9768925070842,736.4251497645033,747.8773326208817,6426815
2021-06-09,733.6865844726562,748.1262932949888,727.1140516660741,742.8981228593167,8004726
2021-06-10,741.1553955078125,742.2507973760617,729.852613318495,736.375366147879,7795125
2021-06-11,735.3795776367188,743.1471335090813,733.9355945007611,743.1471335090813,4840759
2021-06-14,733.1885986328125,738.3172087286648,721.9853772615131,732.840078280474,5190670
2021-06-15,747.77783203125,748.8732339918258,728.956392662256,732.93976092817,9686490
2021-06-16,746.6823120117188,753.702985885565,743.1470851031806,745.6864700216307,8614096
2021-06-17,735.5289306640625,742.3007053842639,732.9397655873101,738.8650380767981,6674329
2021-06-18,733.2384643554688,740.1097985796451,719.2468961844447,739.064176618933,8143792
2021-06-21,736.4749145507812,737.8193376750755,717.5041372353909,721.9854260869652,6464497
2021-06-22,736.2757568359375,745.885656428236,733.9853323970384,740.1097849966816,6727233
2021-06-23,729.3048095703125,740.6574318295579,727.7612667426051,740.1097309269995,6154147
2021-06-24,736.07666015625,739.8608477107323,728.0600831965208,732.8401735615236,5313822
2021-06-25,758.1842651367188,762.765174701314,734.4832382322553,734.4832382322553,11170037
2021-06-28,759.2299194335938,766.3999327771132,754.5992300996496,761.3709431359562,7672743
2021-06-29,748.8233642578125,760.3751065313118,746.9312402458263,757.8357217225494,7500655
2021-06-30,745.1884765625,757.3377598164197,743.4457532493129,749.3710246704219,5459970
2021-07-01,743.3462524414062,751.2632082781234,741.4043484389857,746.881479287091,5695690
2021-07-02,747.52880859375,749.7196123304977,740.906435096535,744.4914419215504,3557647
2021-07-05,757.1884765625,758.8316402535518,750.2674229569409,753.9519899078753,4680089
2021-07-06,755.19677734375,763.8108351953342,752.0599114255269,753.8524149189935,5529485
2021-07-07,759.7279052734375,760.8233071885155,749.1221633934041,752.7570110976264,3573368
2021-07-08,751.2632446289062,763.9602303911458,748.5744590170984,756.8399356315366,4188267
2021-07-09,744.242431640625,749.7694028997456,737.1719783492813,748.873120862762,5782119
2021-07-12,750.4664916992188,754.6490401708452,745.1885413623104,749.3710898339368,4475466
2021-07-13,767.545166015625,769.7858103536531,751.8606556494283,755.8440233614782,9810976
2021-07-14,766.84814453125,770.2340317523608,760.8233123943496,767.7444266725364,5621924
2021-07-15,770.93115234375,775.014080462806,763.3129362990566,767.2963045250137,4239868
2021-07-16,767.943603515625,772.7734130345415,763.3626937221115,772.7734130345415,2913553
2021-07-19,752.0598754882812,763.4622783161013,746.4831239311917,749.1719094335947,5554486
2021-07-20,742.6492309570312,752.0599507667346,741.1056878897284,751.8607701945136,5815740
2021-07-22,743.64501953125,755.3461631261508,737.9189279848092,746.9810659457578,7876163
2021-07-23,752.2590942382812,760.8233113890111,737.0226625447896,745.8856809298028,6604465
2021-07-26,753.1552734375,756.8399009007911,741.9022712777492,750.8648490515743,7890992
2021-07-27,728.6575927734375,752.8565408590617,726.0683671429302,747.3794099401135,15441543
2021-07-28,719.8942260742188,731.744709733993,709.1390835508959,731.744709733993,11102486
2021-07-29,714.2676391601562,725.470861105854,713.0228367217453,717.0062045246601,6855673
2021-07-30,705.952392578125,715.6618517269321,704.2096691411597,715.0643100797221,10358450
2021-08-02,718.1514282226562,722.5330962219831,709.0394503002119,712.0269760739487,6823345
2021-08-03,735.5289306640625,737.7695753278824,716.3091908151271,720.9896607136039,9265839
2021-08-04,750.6656494140625,753.8523558088943,735.5786803472105,737.4209636413293,9744349
2021-08-05,746.1843872070312,751.8606986778268,740.4085158502837,749.8690147078194,7246991
2021-08-06,737.76953125,754.499725698748,735.728067278984,743.8939839444209,6522599
2021-08-09,752.3585815429688,754.2507055311369,736.6740710740054,737.9188734921771,6064688
2021-08-10,758.3834838867188,760.8233090103697,751.8607307628654,752.3586517766156,8309248
2021-08-11,757.6365356445312,765.8024517071754,749.3710597004545,761.8190839479703,6429468
2021-08-12,754.200927734375,760.2258205660938,750.2175596638822,755.8440913760024,3572081
2021-08-13,756.7402954101562,761.3211439059382,751.0639843392147,754.3502505019597,4239376
2021-08-16,758.8316040039062,762.6157914476513,752.8565520038755,752.8565520038755,3967629
2021-08-17,753.6034545898438,756.8399411804179,746.1844193259451,755.8440991525489,5576110
2021-08-18,751.2632446289062,760.6241231534196,747.3794364361424,760.6241231534196,5370460
2021-08-20,737.1720581054688,745.8856758135712,733.1389100654218,742.6989691811905,6092036
2021-08-23,733.0392456054688,746.3835522395782,731.3463628912621,746.3835522395782,3614761
2021-08-24,743.2466430664062,746.5827501933915,728.4584138644141,732.9397028082143,4537435
2021-08-25,735.97705078125,748.3255164447577,732.1430832227364,745.0890298003534,6726509
2021-08-26,743.2466430664062,746.8814906333705,729.30485524125,731.0475787193946,6492155
2021-08-27,749.2715454101562,756.4415591879065,737.9189222930983,743.3960532952738,5841967
2021-08-30,780.7899169921875,786.2172681113586,750.8648767016649,752.8565607247463,12517507
2021-08-31,783.2296752929688,785.7192801095389,775.1633799998285,781.6363525229109,12114870
2021-09-01,795.578125,815.5945230479714,792.0926783203078,794.78140284812,19972195
2021-09-02,799.3623657226562,802.7481919698246,789.1052055334293,792.1922913442843,6799617
2021-09-03,794.6819458007812,806.5324903577286,784.4247849724095,801.1549190435195,7509746
2021-09-06,797.4702758789062,802.5491066396626,792.0429247243902,797.520055823533,4539192
2021-09-07,784.5740356445312,796.076058493785,778.7981646406207,794.6818554874004,6926921
2021-09-08,791.3956298828125,794.0345746483872,779.7442666161817,786.7151604428908,5903035
2021-09-09,786.864501953125,790.3997285434493,780.9392304891743,785.7192594550611,4909325
2021-09-13,785.072021484375,787.1633261667756,780.2422120655672,782.7318170817305,4814443
2021-09-14,791.0968627929688,797.669395295591,786.7151339369749,787.7109758786672,6301208
2021-09-15,788.109375,794.1342068817079,783.7276459325553,792.6902238402973,4075592
2021-09-16,799.2628173828125,804.0926878688604,785.818949499823,789.204836834756,15446511
2021-09-17,803.9930419921875,817.2875696174723,793.9350617594001,805.4868050434751,14641298
2021-09-20,792.5408325195312,805.1880380938711,788.2089441258923,796.6736011379834,6306484
2021-09-21,792.0429077148438,795.6777553151275,769.0887618485729,791.9433478277285,7833561
2021-09-22,785.072021484375,793.4868985952813,782.7318170817305,789.204790123755,4359142
2021-09-23,808.7730712890625,811.1132755800915,789.2545324244522,791.0470357943221,9043492
2021-09-24,794.7316284179688,813.5530649313215,791.7938826113051,809.1713361910738,5184626
2021-09-27,793.6362915039062,805.4369948534058,789.5035229046485,799.5615635411248,7715259
2021-09-28,785.9185180664062,802.2502903874033,774.7650755170839,798.6652835021868,7369680
2021-09-29,778.8977661132812,786.2171797630635,775.2629188670614,779.744207415426,14241004
2021-09-30,763.3626708984375,784.0761722866652,761.669727346699,776.6571980316405,9178187
2021-10-01,764.9561157226562,768.4913429395579,750.8649260212453,760.2258658571378,6089895
2021-10-04,775.7609252929688,777.902009925646,767.0970876552451,767.8937491064602,5845527
2021-10-05,779.345947265625,780.7401504182071,767.9933846084703,771.1800912562479,3945224
2021-10-06,775.711181640625,790.8977729939036,772.7734354192894,778.9974482689938,5092479
2021-10-07,773.8688354492188,786.8646228722744,770.8813092887693,786.7152222517018,6622698
2021-10-08,778.6986694335938,781.7359753982935,772.7733973364022,778.6488894895244,4295686
2021-10-11,783.8770141601562,789.7026652469716,775.760877966445,778.7484038122722,4417455
2021-10-12,793.83544921875,796.3748340812439,782.1840860351881,784.723470897682,5098502
2021-10-13,791.2959594726562,801.1548187203571,789.9018172637777,796.6237501741101,4381414
2021-10-14,798.715087890625,800.6569920051212,784.7235195274073,795.6777818558356,7157116
2021-10-18,809.9182739257812,816.5904273789322,798.7150515989362,816.5904273789322,11014585
2021-10-19,798.3167724609375,823.5613431281946,795.1798458136195,816.5904490509306,10633732
2021-10-20,801.45361328125,810.4161911005066,788.7068480945813,797.2710648093228,9023067
2021-10-21,804.441162109375,810.1174737126837,789.0056109814751,804.5905627231618,7405639
2021-10-22,813.30419921875,821.5696759232791,803.445338795121,808.6237295147911,10646970
2021-10-25,841.5861206054688,863.2955266547958,822.0178601299818,826.6484893502678,29193770
2021-10-26,838.3994750976562,848.1089354197311,820.0759564337027,844.8724486457061,16771909
2021-10-27,784.2255249023438,837.3038879553335,782.3832416325807,836.5072265625,39606414
2021-10-28,755.19677734375,785.7193598032839,751.5122104666029,784.2255967618328,19320926
2021-10-29,738.9147338867188,758.8315730750401,711.031159023069,758.8315730750401,21343427
2021-11-01,749.2216186523438,756.8398333931232,736.9229956722515,751.8606239629053,11694854
2021-11-02,752.7071533203125,758.1842843343771,744.9395978566407,749.3711069242947,11812106
2021-11-03,747.4789428710938,759.478886985881,745.3876990900021,756.2921805916807,10529505
2021-11-04,749.8192749023438,753.902202946868,748.275731899237,753.8524230012273,793433
2021-11-08,747.9271850585938,757.8358259510226,738.4169053123301,757.8358259510226,13872770
2021-11-09,741.9520263671875,750.815043959191,740.2590829103435,746.8814561339452,12120207
2021-11-10,746.234130859375,750.217498605672,728.9562975723588,739.611818449977,10844883
2021-11-11,734.981201171875,744.8898415682625,732.0434550147628,744.8898415682625,6195359
2021-11-12,732.989501953125,739.711435544917,730.4501169747226,739.711435544917,9372897
2021-11-15,730.2011108398438,740.9064118170388,724.9729405951671,734.9313601088369,12849161
2021-11-16,723.1306762695312,730.2509099397881,718.3008062098648,730.2011299971876,8978763
2021-11-17,709.3880004882812,721.8858657923278,703.811309788708,718.0020578106239,18083445
2021-11-18,703.4129638671875,713.0228633633341,698.9815156459622,712.0270213753964,13458109
2021-11-22,683.5460205078125,710.0353952319665,674.5834418863711,710.0353952319665,16741079
2021-11-23,682.7990112304688,689.7699044098248,674.533474978426,678.1683221630649,16575348
2021-11-24,682.3012084960938,692.2097883211521,679.2140616558622,687.1310181517114,11463429
2021-11-25,677.072998046875,684.143451912755,673.7368908882298,683.1476099157932,9760486
2021-11-26,658.9984741210938,672.0938213421324,657.7038916172139,666.2183289565723,10252753
2021-11-29,648.3927001953125,662.6830693268415,646.6499766998605,662.2847082153323,12084376
2021-11-30,652.9237670898438,674.6331083882263,645.3055522301361,645.3055522301361,24699809
2021-12-01,676.7742309570312,678.5667952670713,657.2557511446786,662.1354014884542,16184200
2021-12-02,673.2887573242188,675.977542902205,665.2722413157603,672.1933554279223,8612601
2021-12-03,670.20166015625,684.4919684190984,668.2099761736163,676.2762719907342,9505985
2021-12-06,660.3427734375,675.9277242841877,658.400930258022,671.1974750166372,8022785
2021-12-07,684.1434326171875,688.6745014192952,667.214119146311,669.2058030840611,15123987
2021-12-08,694.201416015625,698.6329249578127,684.7907579829948,692.1101721820118,11670826
2021-12-09,691.0645751953125,696.9898473127979,685.1393030778271,695.2471237947947,7021395
2021-12-10,685.1890869140625,689.0728950887938,680.9069784017775,687.2305508904733,5549743
2021-12-13,701.07275390625,708.939929860644,690.2180520119146,696.0935440063477,13634563
2021-12-14,707.944091796875,711.0311776393432,694.6993447647707,698.0852318279826,8612512
2021-12-15,709.5374145507812,717.0062294407894,704.6079845671015,709.4378546647963,7692888
2021-12-16,706.6992797851562,718.9481238852242,702.1183702448566,716.0103779113722,7309187
2021-12-17,686.0355224609375,705.0560788054298,682.2512745428203,704.5581578458214,7844705
2021-12-20,671.5460815429688,679.0148971341549,657.355331919715,678.1186757320387,9934646
2021-12-21,663.0813598632812,680.1600741790068,659.7453135338096,680.1600741790068,10116104
2021-12-22,666.5668334960938,674.0356486653847,661.2391029878823,667.214155123315,7489534
2021-12-23,675.9775390625,681.6538506323676,669.80330649144,674.1850356144819,6884683
2021-12-24,664.7245483398438,679.1642576296231,659.6955582951953,678.3178162251853,6028893
2021-12-27,669.355224609375,671.7949888842658,653.2225720531771,660.2930259405947,6996729
2021-12-28,672.6414794921875,678.0189897309139,669.2058124949792,674.483762847966,4645547
2021-12-29,667.7120971679688,676.7742355462889,664.4756104926579,671.6954653837358,3969894
2021-12-30,666.0689086914062,670.3012372632337,661.7370202304379,665.22246728959,5119705
2021-12-31,675.7285766601562,683.6455327131083,668.4091622757767,670.1518857750453,5586980
2022-01-03,693.45458984375,695.5956745719475,676.1767545230528,677.4215570902896,8550860
2022-01-04,706.2013549804688,708.0934182483302,697.1391566148998,698.0852186395155,9705906
2022-01-05,723.8775634765625,727.8609314180345,704.8071651442165,708.9399336960422,11312955
2022-01-06,727.2633666992188,730.4500731076322,716.0103647776244,716.9564267900023,7955578
2022-01-07,727.5620727539062,737.8192930184525,722.2343428653777,730.9479595493791,10454143
2022-01-10,739.71142578125,740.9064483380697,730.1513668894366,730.5995079459155,9595787
2022-01-11,740.1596069335938,743.9437945840427,734.2343345536324,739.8110865271036,7252279
2022-01-12,743.7445678710938,748.3254775059404,740.0600011235199,746.5329740755099,5294563
2022-01-13,737.6201782226562,745.8856546290267,733.9853306265348,745.8856546290267,5196538
2022-01-14,718.69921875,732.8899679449017,713.0726868619275,731.7447252762719,16302342
2022-01-17,709.686767578125,717.6036622056256,706.5498412220974,716.0103394484679,19680557
2022-01-18,722.1846313476562,732.8401529156072,711.2801492794325,714.5166357829792,24055886
2022-01-19,726.5662841796875,728.9065493011371,715.7116430682395,722.1846159372082,7746270
2022-01-20,725.8692626953125,734.0849592471822,719.1473291528737,728.0102865400066,8505400
2022-01-21,709.5374145507812,722.2343998637953,705.1059055597688,718.9979134114583,10689060
2022-01-24,701.6702270507812,713.4212109101767,685.3384552278653,712.0270078410168,8812501
2022-01-25,749.0723266601562,751.8606719628174,705.6535811879191,711.0311520284127,38088158
2022-01-27,770.63232421875,773.7692508998122,735.0309719411847,740.9064641820595,34927774
2022-01-28,761.5203857421875,781.4372256424338,758.3336792018738,774.8646320065294,17765524
2022-01-31,769.8356323242188,774.5658817405338,759.1801109564559,772.2256773944843,12319200
2022-02-01,778.64892578125,790.5990304207492,765.9020988740173,774.8646773536417,15457534
2022-02-02,800.756591796875,802.5491561650396,784.0762369655943,786.7152427887655,13478899
2022-02-03,796.2254028320312,808.5240871341401,789.7524302881953,798.8644082586037,10802708
2022-02-04,795.2296142578125,801.1548862940741,787.8604199515255,793.6362913757429,10776387
2022-02-07,786.3167724609375,800.2585596377724,780.8396417843238,799.163157814997,10939179
2022-02-08,795.2296142578125,797.6694393058464,772.9227900019778,790.6985453293908,12300670
2022-02-09,800.507568359375,806.1340999787552,796.8230015799991,797.6694429684779,9399830
2022-02-10,806.432861328125,812.5573141068749,799.7607075907864,804.1922167673199,12848281
2022-02-11,800.4578247070312,806.5324976586456,795.179874017604,797.6196991874583,9717894
2022-02-14,770.1343994140625,799.661139526048,766.7485730256154,786.7151933070709,8617389
2022-02-15,793.6362915039062,795.7773153281973,761.1220259959247,773.7692315115252,7426563
2022-02-16,793.73583984375,804.9390621447352,786.018064480849,791.6943759362891,7457765
2022-02-17,779.5451049804688,798.6652835253807,777.2546805381043,793.6860735283396,6516308
2022-02-18,784.1260375976562,787.2629035187838,775.7609402452351,777.9020249191803,5466662
2022-02-21,785.5700073242188,793.4869640853143,772.8730206938469,780.2920564106142,5635224
2022-02-22,775.9102783203125,783.7276133018173,762.9144922700729,762.9144922700729,6923558
2022-02-23,773.9684448242188,782.2339215911861,769.0390145751668,780.2422375132965,6303173
2022-02-24,727.2633666992188,765.9518630729231,722.2841569302506,749.2715103468796,13085009
2022-02-25,754.8980712890625,761.6697852292561,734.3339689502291,739.2135586391528,10066136
2022-02-28,739.3131103515625,746.7819252024416,733.1388779185617,746.7819252024416,14463418
2022-03-02,747.1304931640625,753.3047259902704,721.9854815647388,725.6701092821028,11691602
2022-03-03,734.5829467773438,756.2922923242235,729.35477577085,752.856624935109,8357181
2022-03-04,712.0270385742188,729.4542737840773,707.0976084585842,719.993774670154,11660648
2022-03-07,664.7742919921875,702.068585760865,652.8739683467754,690.118482173446,20147061
2022-03-08,667.6124267578125,670.9484727737146,634.3512833496937,662.2348562441858,24828458
2022-03-09,671.3966674804688,677.6704597272538,656.3594172836797,668.707882008598,20438651
2022-03-10,692.0603637695312,717.4045531307223,685.3882106595073,704.9565289632776,23224756
2022-03-11,687.9774780273438,703.7118315478211,684.5916514174182,689.0231608385305,14224356
2022-03-14,707.0975952148438,709.4378603680159,682.1517654379493,691.8114449296223,10720884
2022-03-15,695.2471313476562,715.0145711540597,692.1102046686232,710.03536104853,12157425
2022-03-16,720.8402099609375,722.9812945811303,706.1515404084972,708.0436645278012,10038170
2022-03-17,736.1761474609375,743.6449619431248,733.3878022105278,733.9355031162812,13657428
2022-03-21,722.8817749023438,746.2840632876035,720.6909102163846,741.9023339156855,7495685
2022-03-22,728.3588256835938,732.939674335644,703.4129362404173,725.9687806938647,11117081
2022-03-23,723.7282104492188,739.8110838828626,721.6369664550012,733.0393093120388,5886245
2022-03-24,719.246826171875,727.4127420659254,716.0103399343415,716.1098998137187,7559843
2022-03-25,718.2510375976562,723.628608673501,712.5249461367391,720.292501527448,5430894
2022-03-28,732.939697265625,734.8318213401362,712.07679562876,722.9812774658203,7077669
2022-03-29,734.7322387695312,738.5662670600748,727.9605251108217,738.5662670600748,6174137
2022-03-30,747.3296508789062,762.665581411653,738.2176721465928,743.8939837774747,16618114
2022-03-31,757.9851684570312,759.8274518586874,748.1760882125745,759.8274518586874,20449544
2022-04-01,771.3294067382812,772.5244292911387,752.0101084623437,756.8399178359851,9321859
2022-04-04,780.8397216796875,782.233924852573,763.8108470552813,776.7567936155403,10959783
2022-04-05,779.8438720703125,792.6902586141722,772.7734179454744,772.7734179454744,7334134
2022-04-06,770.4829711914062,776.7069837207712,766.0016821702636,773.7692376506365,9954921
2022-04-07,788.8064575195312,791.6944237552134,766.0017112160361,766.300451672499,9820244
2022-04-08,791.5948486328125,797.3707202116711,785.7193563827998,791.5948486328125,8104237
2022-04-11,782.7815551757812,790.9474713484954,780.7898712693325,786.167442129292,6340427
2022-04-12,795.1300659179688,797.6694508899957,774.5659040762331,776.8563285454854,7672215
2022-04-13,789.7525024414062,802.4494882066423,787.5616378393654,802.4494882066423,7640132
2022-04-18,795.5283813476562,798.3167876567369,772.7734152748573,776.7567833948308,11478317
2022-04-19,794.4827880859375,812.8063064125977,782.2837227776308,801.6528631172991,8711816
2022-04-20,791.3956298828125,799.1134051909548,785.3209573650008,797.5200215617418,6676491
2022-04-21,798.4661254882812,800.6569901050425,787.2629026789756,791.7939717477979,6851615
2022-04-22,777.354248046875,794.6819233190115,774.9642636936865,792.6902393006682,6255027
2022-04-25,777.453857421875,785.5201532664306,758.0847184686031,768.7900199116738,8023525
2022-04-26,771.7775268554688,793.2876890978602,765.8024750346522,787.7109983776461,11087204
2022-04-27,762.7153930664062,769.7360668348151,745.8856393741215,762.41659184877,11485697
2022-04-28,776.5576171875,782.1841490735205,763.1635294802198,773.6697117159596,11037317
2022-04-29,725.5704956054688,763.6614541380851,721.9854885267139,761.8191706523256,34401710
2022-05-02,724.32568359375,735.1306061982499,715.5125058509334,718.9979529914738,16136040
2022-05-04,704.2594604492188,732.093255947953,701.0727539567774,729.9521713782924,14548684
2022-05-05,699.4296264648438,718.7987661325022,695.9940200814971,713.0228945064621,12726146
2022-05-06,670.5999755859375,689.6205320119141,665.3219647663842,687.1309272032069,15511195
2022-05-09,660.9403686523438,666.2183192645323,646.1022980661894,657.4549215410943,13999329
2022-05-10,657.0067138671875,669.3053374004301,654.8158494630809,660.9403016502521,9523698
2022-05-11,669.5543823242188,673.1892301427171,652.7246880394762,658.948700892127,9352398
2022-05-12,646.9487915039062,664.2266262089357,641.3222597879379,664.2266262089357,11166084
2022-05-13,633.3056640625,656.6581686115729,630.7662793914111,653.6706429323234,9618627
2022-05-16,636.293212890625,646.5005926660801,627.4301954071948,637.1894341581858,6159695
2022-05-17,652.2267456054688,654.7661306097336,638.4841378341171,640.2268613756639,8152237
2022-05-18,656.7080078125,667.6124896820742,647.5960293559613,652.0275383363619,13013873
2022-05-19,647.4964599609375,655.0150546655143,638.533882246016,640.6251260669496,9216948
2022-05-20,670.3011474609375,672.9401527647177,655.2639593328661,657.0066826289641,9708672
2022-05-23,672.5418701171875,681.9525891696802,665.7701566761832,670.2016657306767,7919353
2022-05-24,661.288818359375,678.6164921726709,658.4506931847303,666.9153495500387,8088546
2022-05-25,662.2349243164062,669.8531398635722,657.3054943024384,665.222450290766,5169619
2022-05-26,680.4090576171875,682.4007416497296,665.2224668690542,670.1518970058704,10114633
2022-05-27,685.43798828125,690.915118896398,681.4048406209146,686.1350897885424,5539060
2022-05-30,690.7658081054688,695.0976963705883,687.2305204802069,692.209730339595,3818060
2022-05-31,682.3509521484375,693.1060336172584,680.2098675308928,686.1351396009929,10410424
2022-06-01,683.1973876953125,689.5708007682287,677.6704767859555,680.1600817704741,6966674
2022-06-02,688.6744995117188,690.2678831263274,679.1642208915783,679.1642208915783,6347433
2022-06-03,674.4837036132812,695.0976430047969,670.3509962160979,694.4005415217281,8475726
2022-06-06,669.4049682617188,681.1558910683195,667.5128442517592,674.1849974462752,6756864
2022-06-07,663.0813598632812,675.1808642655441,658.3511104454917,669.4049929222015,8312778
2022-06-08,655.8615112304688,670.7493611583315,652.7246454263483,667.2141342450982,9282494
2022-06-09,658.55029296875,659.994276004249,647.2972906869284,654.2184046436244,5682743
2022-06-10,657.952880859375,660.940407128649,649.4882230964321,652.7744898363579,6758832
2022-06-13,646.2516479492188,649.2889537514448,637.4384101909797,644.2599640420058,6135431
2022-06-14,648.044189453125,652.9736195698958,640.4259737470816,642.3180978828515,5391833
2022-06-15,647.7952270507812,653.6208784926474,644.5089605763601,651.2806740833373,4638336
2022-06-16,632.2600708007812,655.4631758018171,628.4260428703448,654.7660742888861,5960283
2022-06-17,632.5588989257812,638.135590239662,623.9946206020784,627.3805079735339,6849201
2022-06-20,625.6874389648438,634.5006760423238,619.6128278296118,632.6085521640766,5305222
2022-06-21,633.8533935546875,642.6665703936861,625.5381376847027,629.3721048335624,10333886
2022-06-22,624.1937255859375,631.0152794503146,618.6668148888781,629.9198168303818,5899024
2022-06-23,626.7330932617188,638.1852754371442,615.6792721701594,624.791250126632,8450777
2022-06-24,631.3638916015625,639.7787695055246,629.0236869783666,631.7124120241225,6918584
2022-06-27,634.4508666992188,644.2101661984539,632.0608825458006,641.3222003007019,4552114
2022-06-28,639.6791381835938,642.0194035492301,629.3721969293429,631.3638810968408,10711123
2022-06-29,622.948974609375,635.1480395728139,620.9075105880947,633.704056461683,13620084
2022-06-30,634.1521606445312,636.6417655942831,621.0568750776588,621.4053954580756,10563138
2022-07-01,641.2724609375,643.9114057393818,629.172956459268,630.3679790022765,6549359
2022-07-04,651.629150390625,652.4258725692654,637.8367638074149,638.8823856901697,3933384
2022-07-05,645.803466796875,657.1560886753184,643.3138620675115,653.3718408615937,5044787
2022-07-06,655.2142333984375,656.6582164047778,648.2931195815007,649.2889615470638,6684686
2022-07-07,656.4110717773438,662.7442695673705,649.9282459651723,661.6970560340285,11171714
2022-07-08,667.3819580078125,675.0117082166286,659.6524355003754,665.2376145110337,12669533
2022-07-11,678.0537109375,680.1481989498147,663.5920220919277,664.7888636884087,14864123
2022-07-12,674.4133911132812,683.4394674912882,671.221833814866,675.211265219412,6446810
2022-07-13,678.1036376953125,683.1901384642482,675.1614198147389,678.2033491323923,9614674
2022-07-14,666.484375,678.6521527939327,663.841352380709,676.807004269972,8026311
2022-07-15,660.4503784179688,672.4186725812401,657.3585325681217,668.2297574493167,6015057
2022-07-18,682.6914672851562,686.1822198571037,661.6970961343652,666.2849180222244,12464664
2022-07-19,698.7488403320312,701.9902531356498,676.806969045998,676.806969045998,10171314
2022-07-20,703.8353881835938,712.6121243563827,700.843314883287,704.4337784941002,11620331
2022-07-21,713.6593627929688,716.5517247672976,702.4889432397564,706.0794678500154,8036515
2022-07-22,728.8192138671875,733.0579845260114,713.2105399151392,715.1055440886397,9713490
2022-07-25,725.4281616210938,736.8479204506648,720.5910007063917,731.5619363572848,6230411
2022-07-26,704.58349609375,721.5385802845951,700.195097012444,720.9900456179056,14135744
2022-07-27,717.0504150390625,718.6461631974456,701.7409360166871,706.0794790469809,6106880
2022-07-28,723.9820556640625,731.7614343754302,721.1395493928678,723.0844092891822,6964838
2022-07-29,722.8350830078125,733.0081449882887,721.0897068156585,731.9609314477744,6624854
2022-08-01,728.8690795898438,730.3651163134986,718.4965948301711,724.0817742489264,5493105
2022-08-02,728.52001953125,732.4096784394446,719.1946875468807,725.0791229353895,7275626
2022-08-03,728.5698852539062,736.5487477891988,725.5778118031716,728.0712063454505,9458761
2022-08-04,719.6934204101562,734.7535608921861,710.3182928813588,733.2575240751968,7466635
2022-08-05,726.5751953125,729.2680736881621,719.2944951663708,722.0870849776938,4583196
2022-08-08,743.5801391601562,745.3753711305094,726.176232356185,728.0712366367144,8191870
2022-08-10,737.0474243164062,745.8740166180007,734.2049788969476,743.0315711985421,9069541
2022-08-11,756.844970703125,758.6402635098942,741.0867290440332,741.0867290440332,12384073
2022-08-12,758.54052734375,759.9867084519348,751.4094549895678,756.6954396058588,4614341
2022-08-16,762.6296997070312,769.9602555103254,756.4460688999161,762.9787506028484,7051498
2022-08-17,770.0599365234375,771.7056012504579,764.2254177165278,769.3618347593822,7674390
2022-08-18,763.0286254882812,773.9497063283897,760.0864076000119,769.9602748524701,9449924
2022-08-19,755.49853515625,770.6085302089307,748.2676910903981,769.9602232879538,7553270
2022-08-22,739.8898315429688,752.4565758710966,737.246869997455,751.4093623955575,4994311
2022-08-23,745.076171875,748.8661195414492,731.8611803233507,736.0500954805387,6594634
2022-08-24,748.1680297851562,750.0629732119336,740.0395388031919,743.0316124102129,6875820
2022-08-25,741.3859252929688,756.5956323381675,738.0448008817768,751.9080991938424,6320890
2022-08-26,742.931884765625,753.005174673287,739.3413599911919,746.0236697425413,4613713
2022-08-29,726.774658203125,732.9582888839766,720.1422043268931,728.0712111989751,5904146
2022-08-30,749.514404296875,751.558975660099,731.0632845636851,731.0632845636851,9193270
2022-09-01,742.183837890625,752.9054343369954,731.5619528755952,731.5619528755952,9353805
2022-09-02,748.2178955078125,752.5563779464429,738.2941724037299,747.0210538742232,7767812
2022-09-05,754.1022338867188,756.7951122131144,747.3700685076752,748.2178591908524,5894055
2022-09-06,748.0183715820312,759.5378423296163,746.8215300127218,755.9972342122395,7606181
2022-09-07,753.4041748046875,755.9972809703313,737.0973367712941,741.1865406465258,10156460
2022-09-08,777.6897583007812,780.1332971287648,755.0995793817956,759.7373175833538,13410790
2022-09-09,782.7763061523438,785.8681520982968,777.9391447938881,785.8681520982968,8732302
2022-09-12,798.8836669921875,802.8730985377165,784.7211728307806,786.9153723556004,15521649
2022-09-13,803.4215698242188,806.812610719981,801.0279476100538,802.8730352047573,9887516
2022-09-14,800.92822265625,809.2062807748498,792.3011136338723,792.3011136338723,10494713
2022-09-15,787.9127197265625,804.3691246322438,785.5689530744016,803.3717667591723,5996899
2022-09-16,787.2145385742188,790.50580730337,774.0494027837217,783.9731255627729,11467351
2022-09-19,795.9912109375,799.8809305854129,784.6213688974013,787.2144747467518,11427799
2022-09-20,810.6025390625,814.0434355925722,799.8809428829591,804.6682480720694,8274079
2022-09-21,804.4189453125,813.8439889772724,801.227388082909,807.1118236272765,6567084
2022-09-22,787.1148071289062,806.6629961360414,782.2277294401771,802.8730485783998,7804275
2022-09-23,766.5692138671875,786.9153382162519,762.2307315992022,786.9153382162519,10278805
2022-09-26,740.637939453125,761.4827435541991,739.0421911901265,756.9946330813846,11090327
2022-09-27,735.5513916015625,752.1574236394794,728.5698868677172,744.3779839512251,11358306
2022-09-28,714.5570678710938,731.9609751144757,705.8301863897025,731.9609751144757,13170668
2022-09-29,717.1002807617188,728.8690909972163,709.1214181106843,720.3416937137015,12090981
2022-09-30,731.2627563476562,735.8007221952278,712.5124417487707,718.0976211190294,9536017
2022-10-03,720.8403930664062,740.0395318647851,719.1448725302124,729.0685954085686,6405645
2022-10-04,740.8373413085938,742.5328616967823,730.0658895393481,731.4622147705356,5438934
2022-10-06,753.1048583984375,758.3909034934762,744.0289266719681,748.018357914177,9376433
2022-10-07,753.703369140625,755.4986011666381,740.3387490740599,751.8083648013422,7500540
2022-10-10,774.7974243164062,776.6425728701322,743.0316010248345,746.0236745860083,14106654
2022-10-11,783.4744262695312,793.3981487905902,772.4536344919071,777.9391025225146,15953495
2022-10-12,806.5632934570312,808.6577205612805,781.3800081196047,787.4140108474573,21228018
2022-10-13,799.8809814453125,812.7967775474184,793.4978669695091,804.8677706064428,13024911
2022-10-14,798.3849487304688,818.5315892179959,792.350945989795,813.3951720065256,8220645
2022-10-17,811.9989624023438,814.8414080809749,794.993961429322,801.3770763684986,9463827
2022-10-18,814.1930541992188,820.7257967973885,809.4057487075133,817.8334346909977,8470882
2022-10-19,827.6574096679688,836.2347239323192,814.7416738632253,816.2875663974025,10868663
2022-10-20,823.6679077148438,829.7019710521936,814.7914598953214,822.7204665120825,11813817
2022-10-21,898.02099609375,903.6061754778319,853.5886569779302,857.8274276686375,58057724
2022-10-24,907.047119140625,916.0233398923899,902.6088644830293,913.5798009574087,3085307
2022-10-25,900.4644775390625,908.1940005934313,889.2442021375596,903.3069838317773,13187308
2022-10-27,912.7320556640625,917.5193611424662,898.8687572771659,906.5982805713661,11967044
2022-10-28,900.6640014648438,915.5246578981507,896.5250028786047,912.5824400423613,7320207
2022-10-31,903.606201171875,915.5744952271316,899.71648125436,905.6009168477511,9038777
2022-11-01,869.4466552734375,901.6114440690421,866.7039213451302,901.6114440690421,29191921
2022-11-02,861.2683715820312,874.6828470322764,859.3235115717761,872.6881313035825,11029140
2022-11-03,861.7670288085938,878.0738660042765,853.7383103776014,855.6333146216878,10185978
2022-11-04,865.8062744140625,870.5936405121658,860.021611398391,866.7039207759291,7323879
2022-11-07,870.6434936523438,874.4832967885419,859.0242510666767,873.9347621796405,9931261
2022-11-09,871.3916015625,878.4229625194407,866.205328354396,872.7380103658246,10190209
2022-11-10,841.4707641601562,854.4364151922885,838.7778860017821,841.4707641601562,18956575
2022-11-11,848.452392578125,852.4418242480597,841.9197103933864,844.7621561086562,19329819
2022-11-14,848.7515258789062,851.6438879782266,845.1111453960264,848.2528469565332,6985306
2022-11-15,856.3812866210938,857.5780672642366,844.9615278056486,849.0008146609761,7124767
2022-11-16,853.139892578125,859.3234622832887,848.3525264047356,855.7329985271361,6521854
2022-11-17,855.9324951171875,859.124052322746,850.4470270955337,853.1399053900328,4909607
2022-11-18,856.929931640625,863.5124695216002,852.7410162282334,857.0296430824383,7065304
2022-11-21,867.751220703125,868.6488671543898,856.7304281847245,857.7277860755099,7209207
2022-11-22,867.751220703125,874.6828702188631,866.0557001140107,872.6382987175317,5535233
2022-11-23,872.388916015625,875.4807009742958,866.4546246847325,871.5910419173123,5861417
2022-11-24,876.228759765625,878.4728150121857,870.7931471047324,875.6802251023557,4928778
2022-11-25,885.4043579101562,889.4436446928963,878.5724815537865,880.666908515537,7614047
2022-11-28,889.343994140625,897.1233730831884,882.960879643506,885.3545627983984,7928147
2022-11-29,890.1917114257812,899.5170435813578,887.6484611556751,892.0368599199336,5661158
2022-11-30,898.8687133789062,902.708516542814,883.110472381549,892.6352271557515,10452798
2022-12-01,901.4618530273438,907.0969491334744,897.1233708032547,907.0969491334744,7053100
2022-12-02,902.7584838867188,904.6035715629517,889.0448134247666,895.9265460777018,7988851
2022-12-05,896.8241577148438,904.9027316514026,895.2283486895487,904.6035364822504,5098164
2022-12-06,902.259765625,904.5038206936671,893.3334010659682,895.128632946124,5351099
2022-12-07,912.2333374023438,915.5744616874864,897.4723932424755,900.4146109313907,9103656
2022-12-08,936.8680419921875,941.4559244793386,911.3357062008498,913.2307104046129,17466047
2022-12-09,931.2330322265625,942.5031637024055,925.1491128465822,941.5058058572178,8018981
2022-12-12,936.1699829101562,938.6633775688698,919.5639501335667,927.4431016046588,7621788
2022-12-13,942.104248046875,946.7918423519349,934.1253848463971,937.7159098109494,8136559
2022-12-14,939.9100341796875,947.6395572868431,936.0203143310465,943.1514470955915,8573479
2022-12-15,935.6712646484375,942.4532856602846,930.1358800396531,937.2670128133814,7359261
2022-12-16,932.6292724609375,942.7026229600187,926.6451255452462,929.7868270255402,6926928
2022-12-19,943.699951171875,945.5948944447248,929.9364258723766,932.6292432008416,4842336
2022-12-20,947.2406616210938,950.2327353087624,937.9652453640999,941.2565142457564,9511818
2022-12-21,929.8367309570312,956.3664868499249,925.5481042865168,950.5817624990193,8368960
2022-12-22,917.120361328125,933.5269094651918,910.5378241365802,933.5269094651918,9202717
2022-12-23,904.20458984375,914.8264751475959,901.6114838194894,909.5903465081575,6371695
2022-12-26,926.2462158203125,930.4849865379754,902.7085348402504,905.6008968559764,4764440
2022-12-27,929.7369995117188,935.3221791195604,920.1623276318431,929.9863389741026,3346083
2022-12-28,922.2568359375,934.9731487989412,918.8657948248916,928.490322634285,5956496
2022-12-29,932.0806884765625,941.5057315444491,913.3802303553141,920.3617347205802,12204113
2022-12-30,931.2828979492188,941.0071370442708,927.8918568895923,938.7630818684896,3704449
2023-01-02,939.1121215820312,942.5031626012645,929.3380268853891,929.7868500899776,3498198
2023-01-03,959.7573852539062,963.0486537727944,940.1094246957293,942.2537682850973,6927819
2023-01-04,954.9202270507812,967.4370551253052,952.4766882934706,960.9542294981768,9059392
2023-01-05,947.0411376953125,959.3585437114026,935.7710061245989,957.4635394400373,6998980
2023-01-06,937.4166870117188,948.437479308072,931.831446411515,944.0490803274756,5787783
2023-01-09,956.216796875,957.4634941329857,938.8627466942838,944.2983589138793,7025747
2023-01-10,949.63427734375,961.4529432194536,940.2590894399791,961.4529432194536,7140150
2023-01-11,947.2406616210938,953.224808996431,940.3090120698824,950.4820747827347,7100355
2023-01-12,933.078125,947.1907629362419,921.5586539997812,946.8416511641793,8661375
2023-01-13,931.6818237304688,934.9730923328219,920.5612597854548,933.0282324261028,9083608
2023-01-16,910.7373046875,939.2617135829371,909.2911236943571,937.9651606102153,10008273
2023-01-17,915.2753295898438,917.2700453300967,904.3043930184525,912.5325954469959,6904960
2023-01-18,921.55859375,923.1543418571546,910.8369975564799,919.4641667501235,5730939
2023-01-19,926.2462158203125,935.5216313335968,918.317209008965,921.159654434783,7721730
2023-01-20,928.09130859375,932.3799350512911,922.2069339714137,928.7894712435568,4511360
2023-01-23,930.2356567382812,937.2171615221823,922.0074546715407,933.5269253901993,5236124
2023-01-24,907.7951049804688,932.5295668790604,901.3621348309634,932.5295668790604,18527897
2023-01-25,889.9922485351562,905.0523885172817,881.8638186236642,902.6088496225307,11921748
2023-01-27,871.44140625,890.1418656115881,848.7515155579399,889.9922375871389,17300736
2023-01-30,869.5464477539062,883.1604072347507,843.9143988065699,849.6492066457566,21233998
2023-01-31,869.2970581054688,876.9767255520502,858.8248009166462,870.6933834135348,16856151
2023-02-01,854.9849853515625,892.8347265366547,831.0982535510395,873.9846395179304,12409819
2023-02-02,866.1553955078125,869.6960035308955,834.8383361687268,848.7016339690617,9567053
2023-02-03,880.2679443359375,882.6616273358949,856.9796647326189,870.6933340838827,7365732
2023-02-06,880.3179321289062,896.774336681514,868.2997213171303,869.5464186317218,10129098
2023-02-07,876.7772827148438,886.0527596424866,869.1973872217333,884.5068062386171,5055187
2023-02-08,869.4466552734375,884.1078269922583,865.9559030010463,879.7692840722389,6572818
2023-02-09,865.4074096679688,873.8350955880709,860.2709924440431,873.8350955880709,5993312
2023-02-10,864.9585571289062,870.3941693456012,862.8641300861638,869.7458624222388,4603464
2023-02-13,856.830078125,868.150125897252,854.2369721446366,864.9585687010346,5707194
2023-02-14,868.4493408203125,869.5963266880356,851.99293642923,860.2709943420871,7527755
2023-02-15,866.0057983398438,869.8955182566087,859.323488652169,869.6960345142812,7322266
2023-02-16,862.4652099609375,871.9899653549671,859.971815309417,870.4939285640548,5843235
2023-02-17,852.6412963867188,865.956000054117,847.7542183080905,858.725155250901,8420479
2023-02-20,844.5128173828125,858.9246514780898,840.2740462297248,857.4286146005294,5992322
2023-02-21,841.8199462890625,846.7568802035445,835.1875525974365,846.7568802035445,9677064
2023-02-22,831.1481323242188,840.7726598379944,827.3581847037606,837.7805863154392,6984037
2023-02-23,842.1190795898438,846.0087995696058,828.006502481512,830.8489480155665,8437003
2023-02-24,849.1505126953125,852.3420091720334,842.2188633417659,847.8538987685147,7763814
2023-02-27,852.0926513671875,856.1818550600585,843.714881985254,849.5992567522266,8064267
2023-02-28,841.8697509765625,855.3340821777266,837.7806080724329,853.6884782219203,13012372
2023-03-01,862.8641357421875,866.4545995172498,842.8172071887351,843.814565001129,12345125
2023-03-02,843.2161865234375,864.5097517679955,841.2713265871361,863.7118776816358,13900508
2023-03-03,850.3971557617188,856.3313859952318,843.3657345457999,847.5047937811358,7977804
2023-03-06,857.2290649414062,861.4678357686325,853.3393450092184,854.6858146198489,10781567
2023-03-08,858.6752319335938,860.2211243881509,850.7960807635548,856.2316930866406,8785735
2023-03-09,865.507080078125,871.9400500139436,859.7224170569281,860.2210959531328,14746065
2023-03-10,849.6492309570312,859.3235540199668,843.2661159603454,857.3288381927395,11198583
2023-03-13,830.1507568359375,854.7356514398607,826.2610978636376,843.365747946297,8315798
2023-03-14,830.6494140625,833.4919202986354,815.2402848502629,825.8122531130239,12573734
2023-03-15,821.8726806640625,841.2713019957064,817.1850868421243,835.835689825817,6652641
2023-03-16,828.3555297851562,835.6861463268352,812.1484651209591,819.3294536392584,8791383
2023-03-17,835.1875,839.276642894492,820.8255224030504,832.7938167758774,7762461
2023-03-20,835.3370361328125,838.7779328119918,823.3687422044607,833.7911436751785,10744023
2023-03-21,853.33935546875,855.0847317131189,836.5338999796693,837.8803087329111,11489951
2023-03-22,847.4050903320312,857.5282356116426,844.8119234933862,853.3393206214389,8018924
2023-03-23,846.5573120117188,858.8747177086536,842.8670758742992,844.7620800965633,9857892
2023-03-24,837.680908203125,850.2475931481916,835.0378854701742,844.0141063949059,8078718
2023-03-27,831.1481323242188,839.9747857400914,827.0091338090191,838.8277998735553,10602508
2023-03-28,830.2505493164062,835.1874828184127,823.867434765989,835.1874828184127,11002402
2023-03-29,840.3737182617188,846.2082983349227,827.8070334290995,830.3004281081028,17121194
2023-03-31,856.2316284179688,858.6253113676433,845.2606931674183,852.641164867343,12946752
2023-04-03,862.3155517578125,864.5097511491489,854.1871220026246,861.7171614119438,13266882
2023-04-05,858.2263793945312,868.6986362029479,854.735627125059,868.6986362029479,11890015
2023-04-06,849.6990356445312,860.9691672166958,846.756817801303,859.5229861540353,19677316
2023-04-10,845.1111450195312,852.6911011605596,841.7201648732404,852.5414731343576,15656078
2023-04-11,851.04541015625,853.439093258407,841.8198503806001,846.0087653724299,23930907
2023-04-12,848.8013916015625,854.3866321223113,844.4130535572876,852.6412558734322,13480335
2023-04-13,862.0662841796875,865.4074696987296,842.7674329926681,851.3946032539266,23934570
2023-04-17,862.2656860351562,879.6695920665803,858.725077969757,879.6695920665803,22577380
2023-04-18,861.0689086914062,869.696078776534,854.8354218882487,863.0636244684166,17238709
2023-04-19,871.0923461914062,872.1894154461849,860.2709772970421,862.7145161360205,23494247
2023-04-20,866.45458984375,873.2864664328183,861.8667683075142,872.488592366589,19444753
2023-04-21,861.9166259765625,871.5410922561947,855.2343165182021,868.4991631302372,15520786
2023-04-24,879.96875,882.0632378453877,858.2263627466803,865.7065460361632,18201632
2023-04-25,876.0292358398438,893.4331423509402,872.089721064547,882.6616898361922,36394389
2023-04-26,885.3047485351562,887.0999805484404,872.8876307262753,875.08183024202,19468723
2023-04-27,879.0712280273438,887.6484811359546,875.1815080862924,885.6537654480087,15992383
2023-04-28,857.7276611328125,887.6982492104087,851.3944637984212,882.7613161953902,23004117
2023-05-02,868.349609375,874.0844168336761,861.9664949844827,867.7013024431587,12947953
2023-05-03,857.5780639648438,864.5595684344614,851.7934010076524,861.5674950903395,15103015
2023-05-04,863.6619873046875,864.8588288231408,855.2343018348607,857.7276963008517,9756391
2023-05-05,863.0137329101562,882.6616946725612,860.4704825748612,864.8588814516036,14343308
2023-05-08,876.1290283203125,879.0712461956198,863.01374805145,863.01374805145,7007882
2023-05-09,885.903076171875,887.8479360793128,877.6748742260062,879.8690735863491,12117151
2023-05-10,887.5487060546875,890.1418119135079,875.2313010405715,889.6431330272819,11893027
2023-05-11,893.5827026367188,897.6219894143057,886.6510539881308,888.6457695201626,13816121
2023-05-12,908.2439575195312,911.1861145008119,891.637924838255,892.8347664423467,10533272
2023-05-15,913.3803100585938,917.0705462913144,906.7479168571682,908.2439536374151,7339579
2023-05-16,915.3750610351562,920.0626553019887,909.5903974367628,913.779312757632,12567615
2023-05-17,912.3829345703125,916.4721382149521,908.8423264336074,915.275296639109,10248327
2023-05-18,912.2832641601562,927.0441485956143,910.1887760897728,917.5692487444488,13614127
2023-05-19,921.6085205078125,924.5507383764536,906.548441136243,918.4668797658205,8393002
2023-05-22,915.1256713867188,925.2987335013665,911.984030723741,920.5612837744666,9383158
2023-05-23,913.7293701171875,920.0625677789012,909.9892783782489,915.1256345087245,8273445
2023-05-24,915.2753295898438,918.4169703564061,907.7951455638952,908.742647715294,6248545
2023-05-25,918.616455078125,921.109849756082,910.0392017355105,914.2779726880373,8149350
2023-05-26,924.5008544921875,925.4483566073094,912.5824162257182,915.5744897215402,4908462
2023-05-29,927.3433227539062,935.2224741694308,925.597946505116,928.5401643564267,7133871
2023-05-30,934.97314453125,937.2171997318495,925.5979562325213,928.3406903665873,7804403
2023-05-31,912.4328002929688,937.4166630132827,907.7951228373205,934.8733518090171,34757004
2023-06-01,917.27001953125,928.4902952545949,913.6296390581192,919.5639303932444,11817533
2023-06-02,923.653076171875,928.0414750407,917.8185571264956,920.2122403047441,11616991
2023-06-05,948.337646484375,951.3796364949906,925.1490774704517,925.1490774704517,14520005
2023-06-06,965.6419067382812,968.1851571447222,948.5870505516481,948.5870505516481,14457988
2023-06-07,974.1692504882812,978.657360677375,965.5420809974672,970.3793029478247,15795824
2023-06-08,959.5579833984375,972.274296254468,957.3638447812176,970.4790642613366,10209982
2023-06-09,972.1744995117188,979.1061482821428,960.7547407153364,964.4449766892352,12947464
2023-06-12,971.6260375976562,975.3162738476396,966.040797067605,970.4291959930815,7465375
2023-06-13,983.2451782226562,987.0850423372962,971.7257076265167,971.7257076265167,15233785
2023-06-14,975.1167602539062,985.589017444078,973.4212397721479,983.394818048502,8644423
2023-06-15,974.5681762695312,986.3868415789351,969.6312430979734,985.7385346742471,15978311
2023-06-16,978.9566040039062,982.8463240420143,974.6181216239264,980.2033013399802,8860900
2023-06-19,963.0985717773438,983.3947784019048,958.4608337162581,981.2504348093838,11025846
2023-06-20,972.2742919921875,974.418635755126,956.0173709399359,963.3978435029916,7596593
2023-06-21,963.4476928710938,975.7151823757298,960.6052473193232,975.7151823757298,7805855
2023-06-22,964.0460205078125,970.8779579293866,956.1669304499264,959.6576827331883,10135883
2023-06-23,955.8677978515625,962.9490143115465,952.0279335643066,957.4635460788033,6188008
2023-06-26,958.0120239257812,960.954241614584,950.5816961308387,956.9648104091265,5799528
2023-06-27,970.6785278320312,973.4212619204341,958.2614104206652,964.4450412674793,6921886
2023-06-28,975.615478515625,981.4001419744354,964.4450582208121,976.4133526351345,10010996
2023-06-30,984.8410034179688,987.2346256905186,973.4212440663871,974.5183133320694,7096350
2023-07-03,979.505126953125,987.3842783725233,975.41598408922,987.3842783725233,5562743
2023-07-04,968.13525390625,982.2478306203005,966.4397334272136,979.5050965987062,7396806
2023-07-05,963.9462890625,972.9225090330768,959.5578905051074,966.4396834987713,8200047
2023-07-06,978.358154296875,983.4945104856548,958.4608538450842,958.4608538450842,10221727
2023-07-07,975.1134643554688,987.8427533030938,970.2213995227613,974.6641831465856,6236524
2023-07-10,962.4840087890625,984.3983659380708,958.8399743205745,975.1134848157154,7138850
2023-07-11,951.6516723632812,970.1715283005711,949.055859137324,966.3278064604591,10616390
2023-07-12,948.456787109375,955.9945104407793,945.4616604132401,955.1459155846112,10141257
2023-07-13,958.59033203125,964.4308047664568,950.6033274369108,954.7465495086187,13079930
2023-07-14,955.495361328125,965.4292107928754,946.2104803815384,962.8833651853291,5383514
2023-07-17,963.28271484375,967.3261849470028,948.9061421451191,958.4406173492555,8472444
2023-07-18,962.0846557617188,978.3581655914454,949.754680739434,962.4340628416661,14457717
2023-07-19,962.7335815429688,968.3245214799657,954.9462640287344,962.4340810493464,7574544
2023-07-20,976.3115234375,978.3082746371382,956.0444500123637,962.3342650400326,15329753
2023-07-21,969.72216796875,983.3999253100096,966.4275408122734,970.0216684491554,6230317
2023-07-24,969.921875,983.3500387247727,967.226248749494,971.868719566255,9167788
2023-07-25,960.9364624023438,976.061876288846,952.2505829705703,976.061876288846,13448045
2023-07-26,975.2132568359375,978.408070887261,961.7351864716742,965.2794076024823,8298226
2023-07-27,958.3407592773438,988.3918403520264,954.1974761782315,987.7428718400173,17858061
2023-07-28,948.4069213867188,968.1747462458351,940.6695104216192,958.3407708775003,8504392
2023-07-31,952.3505249023438,957.0428415508311,946.7595848886385,953.1492132082983,6601991
2023-08-01,958.3407592773438,962.4340748478318,950.4535676920495,954.4470700773103,8409096
2023-08-02,943.7145385742188,957.3423899272404,935.0785652353426,949.9543860919007,9324465
2023-08-03,934.0302734375,945.0623115481472,925.6439550215555,942.5663725667334,17076611
2023-08-04,950.7031860351562,953.2989382779123,933.1317994626262,945.4617140197354,12376086
2023-08-07,945.861083984375,953.4487142996851,943.0156769141249,950.7031813527487,10922609
2023-08-08,951.3521728515625,958.3408023397985,942.5165118655419,948.4568591177451,11512735
2023-08-09,948.456787109375,951.7514142879215,942.766034199517,950.4535382401315,7701831
2023-08-10,938.2235107421875,950.4037057770142,935.7774782290276,946.4601097989824,13590891
2023-08-11,935.6776123046875,944.163804794016,931.4844226521703,935.9771127935795,9558237
2023-08-14,938.4231567382812,941.7676906214929,927.3911185533472,933.4811853346018,7172522
2023-08-16,931.5343017578125,938.4730240697854,929.7871445321507,934.4296152490268,7394623
2023-08-17,935.0286254882812,941.4681600853991,930.1366217694853,934.4296245222275,9336994
2023-08-18,941.5181274414062,944.4134411482146,929.5376198590476,933.3314350729253,6648744
2023-08-21,951.0525512695312,952.6998953477062,942.4166390810633,942.6662329755741,6822155
2023-08-22,955.495361328125,957.5420191327795,947.1090428011483,952.3005472024149,10860061
2023-08-23,977.6593017578125,978.8573646594484,956.8431949689281,960.4373227378255,12677151
2023-08-24,979.755859375,992.6349288407245,977.5095143009324,983.2002673424388,11899556
2023-08-25,981.5029907226562,986.5947426509533,969.222983496071,972.4177974819816,6228241
2023-08-28,988.591552734375,990.8878044769428,978.5079223942115,978.5079223942115,8451441
2023-08-29,979.1069946289062,989.3902514527667,975.9121804188492,988.5915631342557,8114141
2023-08-30,981.7526245117188,996.3788514652473,978.4080906171766,981.4032174251885,9023083
2023-08-31,971.918701171875,993.0842772674946,967.0266360827881,980.2052069299485,21558300
2023-09-01,989.5400390625,991.3870096204188,967.4259942821609,972.6674663874048,10946742
2023-09-04,980.6544189453125,992.9344264608617,978.408073877736,992.135738179592,6727188
2023-09-05,979.855712890625,984.5979968361559,976.3114918132721,983.8492151605458,10548660
2023-09-06,963.4823608398438,981.5529957660837,960.2376401390118,979.8557450584462,16351052
2023-09-07,976.6110229492188,978.2083995329203,961.5355148454876,963.4823594503813,8686550
2023-09-08,978.7075805664062,985.6962097098066,970.9202631366767,976.6110161977904,6439351
2023-09-11,998.7749633789062,1002.3690911240707,977.4097014048458,980.205140866197,7130484
2023-09-12,999.274169921875,1008.359363575727,996.4287628788912,1008.359363575727,8958327
2023-09-13,1012.8021850585938,1015.3480307656412,992.0858904289113,1001.3208651433481,12254423
2023-09-14,1019.2416381835938,1020.7392015303601,1007.4108511825343,1012.8021036052967,7855558
2023-09-15,1025.4815673828125,1030.0740709720333,1012.9019977034457,1019.3415327961677,8986157
2023-09-18,1023.08544921875,1028.22710820011,1017.344789220694,1019.8906349456726,6397319
2023-09-20,1025.63134765625,1045.7984869128225,1010.6556520627737,1010.6556520627737,13619788
2023-09-21,1012.8021850585938,1031.9210420949819,1010.4559657316963,1024.932412581354,8156588
2023-09-22,1016.595947265625,1025.5813275999149,1006.3625974404616,1008.3593486258594,7108110
2023-09-25,1017.2948608398438,1024.3333968473526,1003.5172893267603,1013.5509522256357,7123890
2023-09-26,1012.5026245117188,1019.0419724102037,1009.3577170426714,1017.3447217274799,6387615
2023-09-27,1023.53466796875,1026.2802010071555,1002.3691529305806,1008.3095002372424,5158686
2023-09-28,1029.2254638671875,1036.2639389527453,1023.5346496390068,1025.331774526227,15818489
2023-09-29,1035.015869140625,1039.3089326930617,1022.8357363535464,1029.2253641566097,9528626
2023-10-03,1039.3590087890625,1043.0029823775053,1030.9226615076984,1033.3187874181458,11589322
2023-10-04,993.9328002929688,1035.31548042985,987.2436716941178,1033.6681363421294,22584212
2023-10-05,1001.6203002929688,1007.5606471791422,987.2936350992647,998.3755796590767,7950412
2023-10-06,999.3240356445312,1006.3625712023459,997.776565703396,1003.3674445023389,5289753
2023-10-09,994.6316528320312,998.0760607053262,986.6446483425394,993.1839960811092,6823214
2023-10-10,1010.6056518554688,1013.3012780313192,994.881236921684,998.275738170682,5728499
2023-10-11,1017.444580078125,1023.9839892029179,1010.3561374800906,1017.3447668895379,7396783
2023-10-12,1016.795654296875,1029.325256041114,1013.3013396546403,1020.3398755325106,4920222
2023-10-13,992.4352416992188,1009.8070013159382,990.6381778268708,1007.3609689365711,12173162
2023-10-16,1003.1677856445312,1007.8102565355731,988.3918390260908,988.3918390260908,4646960
2023-10-17,1006.4124755859375,1013.0516974641268,1001.4705043545644,1007.211163850319,6105067
2023-10-18,991.2371826171875,1012.4526639573409,987.7428680435152,1008.359348402586,7818946
2023-10-19,989.7896118164062,997.3772421369372,978.108604901474,978.108604901474,4836625
2023-10-20,978.7575073242188,991.2871700097013,976.1617551061651,987.3934807466093,5664400
2023-10-23,962.7335815429688,983.30015552119,959.5387674269721,978.4080906933191,5896695
2023-10-25,953.89794921875,972.4178038293244,949.854540353068,958.4405458687386,6957048
2023-10-26,970.4710083007812,973.4162285641521,951.2023710405086,954.4470918023892,17540495
2023-10-27,1001.12109375,1003.1178448719147,971.7189212926039,978.4080497382199,13443016
2023-10-30,987.5931396484375,1001.1211166212637,977.6093838107785,1001.1211166212637,5270567
2023-10-31,980.2550659179688,996.378856354625,976.4113442032296,996.378856354625,7816805
2023-11-01,970.2213745117188,977.7091913467073,966.4275595025264,976.2615345714077,5703984
2023-11-02,981.353271484375,986.744462961027,972.4177980115437,976.4113002621044,5193982
2023-11-03,987.2437133789062,989.7896199739728,979.9056769023359,984.3983672192595,4268048
2023-11-06,1007.7603149414062,1014.5492565642459,991.4867445597067,993.3836824986804,6552178
2023-11-07,1019.2416381835938,1020.5395142302563,1003.6170362245946,1006.3625690269995,6559859
2023-11-08,1020.0403442382812,1025.2817551073692,1013.9502166269431,1022.336595889503,7643314
2023-11-09,1020.2400512695312,1027.1787129492586,1014.998579363083,1023.0853973586273,4407935
2023-11-10,1027.5281982421875,1029.3253232099892,1014.9986566163417,1016.2466262128621,3294063
2023-11-13,1023.6844482421875,1030.1738899664845,1021.8374776642931,1028.3768869198957,5985481
2023-11-15,1039.658447265625,1043.302542722266,1029.8744391269477,1043.302542722266,7240388
2023-11-16,1024.682861328125,1042.3042165669049,1020.4897321941974,1041.1062144920775,6908825
2023-11-17,992.7347412109375,1018.3430994087075,990.2388022417986,1013.251408286068,13268353
2023-11-20,987.093994140625,993.1341544939486,978.7575210974649,979.4064896291164,8215656
2023-11-21,990.1889038085938,995.8796568923234,985.0473060514076,988.3419333306163,7061614
2023-11-22,996.4786376953125,998.2757624803141,986.395068755515,989.3901954825055,6103988
2023-11-23,997.4271240234375,1001.7700944146982,993.783089670506,997.3772174309884,3112891
2023-11-24,1006.86181640625,1009.1081615593627,998.0761231057231,1000.3723748528136,6956281
2023-11-28,1019.4912719726562,1020.28996026832,1007.6105779156203,1011.4043930220315,6173384
2023-11-29,1058.4278564453125,1061.7723901404636,1019.4912102624464,1025.481463521349,9422396
2023-11-30,1072.5048828125,1079.1441042738957,1053.7353746297888,1060.973597017865,24755589
2023-12-01,1102.8555908203125,1107.1985001480225,1068.4614795274906,1073.6531055819628,14428758
2023-12-04,1123.771484375,1127.165985588198,1097.3145325432133,1118.67979349121,14043213
2023-12-05,1130.6103515625,1149.9788617561794,1125.319034229928,1134.953382736085,15804808
2023-12-06,1118.6798095703125,1143.8388248118424,1116.1339031558173,1133.2560683014217,7342767
2023-12-07,1116.0341796875,1127.7650934037656,1106.6993918706642,1117.4319299515028,6439419
2023-12-08,1129.3624267578125,1132.5073342632686,1109.6944762425824,1114.037385715821,7300989
2023-12-11,1114.6864013671875,1137.5492278833829,1112.0406815484266,1127.166096859431,6924589
2023-12-12,1129.162841796875,1132.0581555092208,1107.1985778538765,1118.1807098253757,9044111
2023-12-13,1113.0389404296875,1149.1302403816726,1109.6444392374763,1148.131864847023,8184523
2023-12-14,1118.6298828125,1136.7504241736842,1116.084098177239,1130.560544254832,9421193
2023-12-15,1118.530029296875,1126.0178459635727,1106.7991165190488,1117.3818730335781,12048410
2023-12-18,1109.544677734375,1118.1806508857087,1105.401394698207,1117.8810894625565,7922468
2023-12-19,1118.4302978515625,1125.0195526254015,1112.3900765501955,1121.974580081625,6824641
2023-12-20,1108.446533203125,1122.0244172741716,1100.908748515848,1120.1774467497467,9848057
2023-12-21,1093.6207275390625,1102.106920689418,1075.4502173174362,1102.106920689418,10914682
2023-12-22,1086.5322265625,1104.5029875664939,1084.0362875341675,1093.6206690285596,10600025
2023-12-26,1092.4725341796875,1098.8621625922465,1084.9347494171177,1089.4274397564448,5687517
2023-12-27,1104.5528564453125,1108.7461072242813,1087.8800321343413,1094.2696605556087,6132936
2023-12-28,1106.05029296875,1111.1919512595825,1096.2163184932808,1105.4512920325003,14097667
2023-12-29,1100.5093994140625,1105.0519349686435,1092.1728662110586,1099.6606827129087,8786731
2024-01-01,1095.916748046875,1102.2065625056298,1091.2244319009542,1093.221182919986,4083732
2024-01-02,1091.47412109375,1097.5641878592241,1080.5419570586787,1093.3210915732434,7895577
2024-01-03,1096.8154296875,1100.8089321599628,1079.5436046173127,1089.2277993642253,10225290
2024-01-04,1121.5751953125,1128.164450026747,1098.2631489717503,1101.2083083004443,11411683
2024-01-05,1135.1031494140625,1138.0484307122917,1117.182355199662,1122.174233462395,8025466
2024-01-08,1120.1773681640625,1144.138381386823,1116.6830537357432,1143.1400058358747,4735538
2024-01-09,1114.736328125,1133.7054645793887,1110.543077469764,1126.7168353593506,6359362
2024-01-10,1105.2017822265625,1114.187162569868,1097.264745005451,1113.4383808745924,5934163
2024-01-11,1123.9212646484375,1126.0677964347826,1109.2451929528,1109.2451929528,4683035
2024-01-12,1118.530029296875,1127.6152224780649,1116.2338386422973,1124.520282630233,5616755
2024-01-15,1117.6815185546875,1128.6136829619059,1114.7862048512886,1120.1774576314062,6719079
2024-01-16,1117.2821044921875,1125.9680452958034,1113.288602110393,1114.8361330321468,5229753
2024-01-17,1080.5419921875,1113.1888265121863,1077.4469302394873,1080.2424307499423,24913719
2024-01-18,1095.71728515625,1106.9490113138881,1064.2684519148634,1064.2684519148634,11473135
2024-01-19,1114.736328125,1124.47049025291,1103.2050411631287,1105.3515730836875,12303696
2024-01-23,1087.480712890625,1139.7456555300578,1077.0477357503332,1124.0712060531346,18924087
2024-01-24,1057.4295654296875,1071.4566698090237,1019.2416978515686,1033.1191433850806,20884046
2024-01-25,1040.556884765625,1061.9719909011787,1024.1336562254926,1056.2812991912028,20835434
2024-01-29,1059.5260009765625,1066.265035611749,1034.317019563457,1034.317019563457,11188604
2024-01-30,1052.3876953125,1068.7111119938597,1049.0931289565679,1058.3281032541713,9426983
2024-01-31,1066.0155029296875,1082.3389189419856,1041.0061464324485,1046.4972120059565,12600390
2024-02-01,1082.48876953125,1085.8832710247752,1055.0834074212792,1070.907636675715,9756682
2024-02-02,1065.3167724609375,1094.419324788731,1063.2700536557943,1086.2826608428827,8667415
2024-02-05,1059.7757568359375,1077.7465186098864,1056.2814420465584,1065.3167904650497,12569454
2024-02-06,1048.3443603515625,1063.3698401921326,1046.4972679713526,1059.8256798919954,8011171
2024-02-07,1067.3634033203125,1071.9559070231637,1055.7822699346784,1059.3265523083303,7281793
2024-02-08,1034.21728515625,1073.8527468360933,1029.9741889516715,1070.2586191313246,9869141
2024-02-09,1049.692138671875,1053.1864533000291,1032.869534050738,1038.2606648365577,8233454
2024-02-12,1044.9996337890625,1055.5325445334493,1033.6680957322008,1049.692071971914,8694379
2024-02-13,1069.0106201171875,1073.8028715057906,1043.1028233445918,1049.2927030055232,8413609
2024-02-14,1095.0682373046875,1099.1117071774415,1058.827276650308,1059.5760583399278,16609115
2024-02-15,1070.458251953125,1095.767170494197,1067.5130927304062,1095.7172029662108,11780823
2024-02-16,1067.013916015625,1074.2521390716374,1056.2813783808479,1071.2570122898392,8660907
2024-02-19,1061.223388671875,1068.2619860201664,1058.378042335854,1067.2636103322973,7562645
2024-02-20,1086.8316650390625,1088.7286030731084,1055.9818343052273,1057.2797713474754,8722800
2024-02-21,1082.4388427734375,1092.1730054669829,1071.3568973121146,1092.073192275301,9177213
2024-02-22,1099.1116943359375,1108.8957018427773,1079.743183816331,1088.5289376206943,14633340
2024-02-23,1095.0184326171875,1105.601189852014,1088.2294296284936,1097.214810240105,6250943
2024-02-26,1083.4371337890625,1093.021636882295,1077.8962224273082,1091.673732347796,5354189
2024-02-27,1077.2972412109375,1086.7818094222255,1070.30861200262,1079.8929933996226,6546815
2024-02-28,1072.455078125,1083.2375839304461,1062.3216627406925,1075.6499533390715,7643191
2024-02-29,1073.3536376953125,1080.5420155035836,1053.635718593948,1069.26032190184,13648997
2024-03-01,1097.4644775390625,1099.9104492314327,1074.2522427400784,1074.2522427400784,4819390
2024-03-04,1104.9521484375,1107.098680260867,1091.3242977010711,1097.4643317550683,5895441
2024-03-05,1099.011962890625,1109.0955325685745,1092.7221475547015,1100.4095913012502,4851446
2024-03-06,1123.1724853515625,1130.111146623373,1093.570626141005,1098.4127231478956,13787638
2024-03-07,1109.64453125,1125.0695076625943,1105.75096383962,1124.1709452324976,6943879
2024-03-11,1103.304931640625,1118.1807535398016,1100.1101782364663,1110.4433420755754,6751641
2024-03-12,1095.218017578125,1119.5784062450598,1082.488728859692,1103.2050222642006,9817138
2024-03-13,1078.64501953125,1097.7639365910056,1069.0106706443842,1094.2196544723279,11503890
2024-03-14,1056.5308837890625,1079.4935205262686,1053.88516431233,1073.2536735868105,10253613
2024-03-15,1044.7001953125,1054.5341700624665,1028.5764058763134,1054.5341700624665,17798175
2024-03-18,1059.6259765625,1065.1670101939606,1041.9048086945675,1042.3041833307857,7612407
2024-03-19,1049.0931396484375,1059.2265545914659,1044.9997021501642,1053.835423795538,6728886
2024-03-20,1033.0692138671875,1055.7322925934038,1029.2753376115431,1048.2944426775036,12619644
2024-03-21,1033.917724609375,1048.8435126295615,1026.4798752991549,1037.6616330283487,9903738
2024-03-22,1031.62158203125,1045.5488732507845,1028.2769261899778,1038.4104631578375,9891194
2024-03-26,1038.8597412109375,1042.5037145196154,1025.8308913601838,1027.3284547052351,9656767
2024-03-27,1051.1396484375,1055.8320865340806,1042.5536432861559,1044.1011741006478,17027308
2024-03-28,1045.4989013671875,1056.6807814435142,1042.4039613170703,1051.1397479991892,10235318
2024-04-01,1051.3892822265625,1062.022006359109,1047.196153605961,1050.6405005534539,5484556
2024-04-02,1045.4989013671875,1054.13487486163,1038.5102720214923,1049.2927774750888,13617893
2024-04-03,1061.5228271484375,1068.5614236812999,1042.054503490413,1042.1044710178305,11573590
2024-04-04,1061.223388671875,1078.9445571315553,1057.429634181191,1068.2619860201664,17964844
2024-04-05,1057.3795166015625,1061.273205606129,1046.3973855934087,1059.376267693954,9210187
2024-04-08,1074.3021240234375,1077.696503600243,1061.8224288968793,1065.2667760030004,4967186
2024-04-09,1078.24560546875,1088.229361074942,1069.6096324949904,1088.229361074942,11385226
2024-04-10,1086.0330810546875,1091.224585687004,1078.245702234185,1084.4355825167183,9064074
2024-04-12,1071.7061767578125,1094.618968568782,1069.3600186086321,1077.746397535418,18045983
2024-04-15,1056.2314453125,1069.2602959872042,1053.5358798697455,1061.3731041634073,8889435
2024-04-16,1050.1912841796875,1056.1315700594967,1042.6534998937286,1048.2443786991994,7107881
2024-04-18,1022.3366088867188,1049.6921245535996,1012.2030722269628,1042.453901492634,17832438
2024-04-19,1027.42822265625,1035.2654461092607,994.0825168693706,1013.3511522068916,21598007
2024-04-22,1052.23779296875,1056.7804501712887,1030.323499836344,1037.3121282267066,9410832
2024-04-23,1054.0350341796875,1058.527724356158,1047.046405016289,1056.2813792679226,8300012
2024-04-24,1061.5228271484375,1067.2135191612067,1054.2846042499411,1054.2846042499411,5641163
2024-04-25,1125.1693115234375,1132.1079732582912,1084.3357247343847,1098.2131700761147,46136295
2024-04-26,1128.4639892578125,1139.495966512928,1121.1757986301081,1128.1644278290491,10133766
2024-04-29,1157.366943359375,1162.1092275784451,1123.472139637147,1128.4640177624838,15183242
2024-04-30,1164.006103515625,1180.9784882359277,1153.2735661189631,1158.2654439778757,18965164
2024-05-02,1147.982177734375,1172.0929732362545,1146.1352072190973,1154.1222121474534,12302236
2024-05-03,1139.645751953125,1161.3604213398796,1132.257748109204,1149.0305070050233,9993632
2024-05-06,1141.792236328125,1154.1221501495231,1133.8052318288203,1142.0418302187284,7490104
2024-05-07,1125.8681640625,1146.9339876311676,1122.2241904625234,1144.1884546124293,7115509
2024-05-08,1126.816650390625,1133.6055313779955,1116.4335197294456,1122.8231479726346,8175609
2024-05-09,1113.8377685546875,1132.7070918714192,1110.3932995927955,1120.177429274663,5226693
2024-05-10,1118.280517578125,1138.1482169680246,1111.5414820829196,1121.8746454678296,7242718
2024-05-13,1130.1612548828125,1133.5557565245344,1103.255079409812,1118.280560072801,5513160
2024-05-14,1121.026123046875,1134.2546009854527,1116.2838385028565,1128.114566096159,5471143
2024-05-15,1126.2176513671875,1129.3624370292239,1116.7829287650115,1123.721712351589,5436338
2024-05-16,1137.4493408203125,1142.091689744301,1109.4948247332395,1132.3076822370365,10750526
2024-05-17,1139.4959716796875,1144.1384426144384,1124.2707437129595,1130.1611841531799,9909986
2024-05-21,1135.802001953125,1143.8888197695424,1127.3656551864028,1134.1546578731836,8162017
2024-05-22,1124.1708984375,1140.1449076515319,1116.1339263028826,1140.1449076515319,9094033
2024-05-23,1163.357177734375,1167.7500547859142,1123.9213412010063,1124.1709351031163,12818081
2024-05-24,1172.093017578125,1175.0881445395682,1158.7147594426062,1163.6068245207025,8814997
2024-05-27,1185.0718994140625,1194.0572802857782,1166.1027620182183,1176.985081003924,10450046
2024-05-28,1181.4776611328125,1190.463041165621,1177.0847842979251,1186.0701643307336,4018776
2024-05-29,1157.8660888671875,1183.9736348832184,1154.122180409975,1170.0961898274143,9418064
2024-05-30,1166.052734375,1177.8835827438165,1153.1238190915699,1153.3234454629503,7232217
2024-05-31,1160.2623291015625,1176.0865593671986,1151.5265418397094,1171.0946809318539,10057642
2024-06-03,1221.9119873046875,1240.182188649666,1191.4615298576955,1195.1056253692,22197339
2024-06-04,1129.4124755859375,1222.0118188881215,1099.76076696467,1222.0118188881215,24135989
2024-06-05,1182.5758056640625,1191.0619976000223,1108.895643400688,1136.1513438967522,21039499
2024-06-06,1169.0478515625,1193.9573957244136,1161.3604082472602,1190.163519723218,12006879
2024-06-07,1184.8721923828125,1193.2584497946386,1164.8547131656344,1176.0864384907798,8583998
2024-06-10,1198.05078125,1210.4306636973222,1183.075146484375,1183.075146484375,9995057
2024-06-11,1192.6595458984375,1207.3855869678534,1188.5162625112805,1202.4935218314042,9390212
2024-06-12,1185.970458984375,1204.1908145964906,1182.176582765644,1190.1635879654755,7199718
2024-06-13,1172.741943359375,1200.0474921210014,1171.5438194952746,1199.8478657463297,5321148
2024-06-14,1179.1314697265625,1182.7255972640348,1168.0993713593632,1179.0315346758443,4451031
2024-06-18,1189.9639892578125,1192.06055379712,1179.2314507709457,1192.06055379712,6837181
2024-06-19,1224.6573486328125,1241.3301709679486,1183.5741718569645,1191.0619882120275,17987437
2024-06-20,1237.486572265625,1239.4833234915477,1218.4176224324674,1228.1018171293836,8206858
2024-06-21,1235.4398193359375,1243.9759793394421,1221.7621225655237,1243.9759793394421,29311314
2024-06-24,1226.10498046875,1233.742577750123,1223.0600081846046,1229.0002939189978,6676530
2024-06-25,1269.3846435546875,1276.6728343883735,1224.0085200079343,1232.4447453162752,17607952
2024-06-26,1283.31201171875,1290.8496743232877,1257.1544980568556,1279.0189479197,13956370
2024-06-27,1286.856201171875,1307.8720566322172,1277.9207881597238,1307.8720566322172,22311393
2024-06-28,1263.1947021484375,1287.8046845611411,1259.550606908322,1281.0156818707337,7167069
2024-07-01,1259.8502197265625,1270.9321647383285,1254.4089994723001,1270.9321647383285,5797015
2024-07-02,1251.364013671875,1265.7904924843779,1236.2385988093129,1262.9451463709113,9945447
2024-07-03,1277.9207763671875,1286.506782209,1241.579879914841,1257.9532642364502,15171347
2024-07-04,1278.8193359375,1290.8996563752694,1266.4394540696283,1285.90777835371,4817380
2024-07-05,1284.9593505859375,1293.2957623797786,1268.835560448999,1269.9337492225077,8593502
2024-07-08,1285.7579345703125,1295.2924698726165,1277.521336238757,1282.9125886119964,4216951
2024-07-09,1287.305419921875,1292.896298459731,1277.1219164941974,1281.9141677392236,6930340
2024-07-10,1289.5518798828125,1291.898038189819,1273.0786823324786,1282.1139084717208,9020489
2024-07-11,1294.6435546875,1299.2860255853643,1274.8756691291196,1298.9366185010135,7848846
2024-07-12,1316.1751708984375,1338.5060612393027,1292.7951283943742,1292.7951283943742,11278987
2024-07-15,1306.33349609375,1323.2690953628965,1303.8856369793373,1315.5755973520327,11537127
2024-07-16,1302.886474609375,1317.3240865270145,1298.5900977241572,1306.3334797626717,5433264
2024-07-18,1308.281982421875,1317.4740781396913,1293.3946805163423,1298.8899842960564,6787511
2024-07-19,1291.2464599609375,1307.882267202837,1287.0999791820136,1304.5351521039754,4496066
2024-07-22,1281.4049072265625,1291.2464721792971,1277.108530096213,1282.254157040865,6695557
2024-07-23,1262.1712646484375,1289.9974581222002,1249.9317253712213,1287.3997027504545,8789327
2024-07-24,1238.1917724609375,1266.2677527529374,1225.602556319145,1261.8216015091461,10344860
2024-07-25,1174.8958740234375,1198.9752696285975,1154.513270046537,1198.9752696285975,32979871
2024-07-26,1176.3446044921875,1182.139700501223,1154.263500675127,1164.0051748855426,18554648
2024-07-29,1169.0509033203125,1193.579866061191,1162.65634410464,1181.3403267525803,19598573
2024-07-30,1169.0009765625,1178.992437900641,1159.2092956646895,1163.1059899797806,18090045
2024-07-31,1165.104248046875,1170.0000883520675,1153.0146045758206,1156.0120428892758,17347076
2024-08-01,1171.299072265625,1174.6461874515737,1164.454823612974,1167.0026950641445,11190500
2024-08-02,1159.8587646484375,1166.8029034557203,1155.1128205144428,1163.0060993620923,10581445
2024-08-05,1132.5321044921875,1150.4667282030086,1123.3400091574642,1141.0248463432538,12013362
2024-08-06,1125.138427734375,1150.0171906570083,1122.1409893573368,1139.026583274535,8571122
2024-08-07,1135.829345703125,1143.8225145765712,1126.0376650467224,1137.8276379214865,8370312
2024-08-08,1137.17822265625,1141.8242766781827,1125.038572458969,1132.1324857784152,7903428
2024-08-09,1141.774169921875,1154.713062724147,1138.9765121432943,1151.0162710566617,6262086
2024-08-12,1163.305908203125,1168.1017365309908,1134.880127129973,1145.0214849192898,9078384
2024-08-13,1158.6097412109375,1178.592662314838,1154.413376565547,1160.3582468075288,6180463
2024-08-14,1152.1153564453125,1158.0103428946786,1147.6692050368504,1158.0103428946786,5021841
2024-08-16,1165.8536376953125,1169.000972398833,1148.6183669484067,1165.4040707231297,6107134
2024-08-19,1152.2652587890625,1170.2998949773084,1149.2178143474769,1168.0018101230557,6691823
2024-08-20,1167.002685546875,1175.9950007608493,1153.6641090393628,1157.0112241980148,6721749
2024-08-21,1173.397216796875,1176.994118402172,1160.5082075756561,1165.603828347,9480630
2024-08-22,1168.950927734375,1179.9915408958257,1167.951781637088,1178.6926021829222,5841326
2024-08-23,1164.954345703125,1172.9475144975986,1162.506486546248,1169.0009361917578,5121962
2024-08-26,1169.30078125,1174.2465058769608,1165.104294265047,1170.6994882789022,3392612
2024-08-27,1180.2413330078125,1183.838234581859,1163.2558492735202,1169.000939360119,8702113
2024-08-28,1169.9500732421875,1180.69089378261,1168.351463880549,1175.994955914158,5483503
2024-08-29,1174.3963623046875,1178.8925198005202,1162.4066089824673,1168.0018028062877,7290114
2024-08-30,1174.2464599609375,1181.9398361833976,1170.8493388105494,1175.9949656447764,10190506
2024-09-02,1187.784912109375,1192.9804229539002,1173.0973915114537,1174.9957934621327,6432362
2024-09-03,1190.58251953125,1192.5309276896276,1175.695217608263,1186.985617809891,7920246
2024-09-04,1176.6943359375,1188.634205243029,1172.2981905853524,1181.6900665341032,6527941
2024-09-05,1179.5419921875,1181.8399550671666,1172.4479572141481,1180.990705264549,4234766
2024-09-06,1157.760498046875,1180.341174629591,1149.817335649293,1174.9957675970875,9874576
2024-09-09,1169.8502197265625,1174.596163835175,1144.0223167076451,1157.0112163733215,7700940
2024-09-10,1186.1861572265625,1189.8330647497864,1172.3480086470006,1177.8933180831702,8723854
2024-09-11,1185.087158203125,1193.8296865293353,1179.9915375147775,1186.1861945137762,6000329
2024-09-12,1202.3223876953125,1204.6703565446362,1175.7451268751188,1189.083702391641,7592871
2024-09-13,1216.410400390625,1218.5087048247742,1199.974495430322,1208.8669203308898,6762566
2024-09-16,1229.9989013671875,1232.9463336864073,1213.9625570737317,1220.9565800362964,4039284
2024-09-17,1231.0478515625,1239.5405931789464,1226.5516942361462,1234.1451799941071,8030427
2024-09-18,1239.3907470703125,1249.3323240741963,1223.9539884110695,1230.8481209839067,8210034
2024-09-19,1241.6387939453125,1260.6225696046859,1237.9420022086015,1247.3838839474913,8449864
2024-09-20,1243.9368896484375,1248.9326201289532,1228.849807990495,1242.9377435523343,15009629
2024-09-23,1245.7353515625,1251.3804292067466,1239.4906887117218,1250.4312892398568,5462814
2024-09-24,1238.4915771484375,1246.035056902626,1234.2950904161967,1240.0401803989173,9225946
2024-09-25,1267.01708984375,1269.9146378007897,1230.0486857535618,1236.942817936568,6853324
2024-09-26,1276.009521484375,1280.5556852451584,1261.1722255766892,1266.4677489486294,7270078
2024-09-27,1272.0628662109375,1280.4557177425643,1256.1764190200147,1271.9129699045366,13372027
2024-09-30,1231.1478271484375,1273.9113308042197,1228.3002850375033,1262.4211501734367,8466919
2024-10-01,1225.6025390625,1241.8885466631198,1223.6042469422223,1227.0512520632726,11164280
2024-10-03,1174.696044921875,1218.1090170312034,1172.0982894021524,1206.4689403357831,17300892
2024-10-04,1177.393798828125,1201.7729882724368,1172.997531556843,1174.4962507198202,13064515
2024-10-07,1144.7216796875,1183.8382753207918,1129.934390048423,1181.9398732684149,20047013
2024-10-08,1152.3153076171875,1167.3523840477021,1141.5244803729618,1152.0155149847044,8464570
2024-10-09,1169.15087890625,1183.988174676704,1153.0146443687056,1153.0146443687056,9807734
2024-10-10,1183.23876953125,1189.9830057097056,1174.046674192971,1175.9949603025386,6806243
2024-10-11,1171.4488525390625,1187.1854043714447,1165.0044086703294,1181.4903201137774,4754158
2024-10-14,1163.355712890625,1173.9966430270208,1155.6123307770424,1170.5496378403072,9765296
2024-10-15,1152.86474609375,1170.999272878385,1148.5184847898495,1165.104286275286,8741516
2024-10-16,1152.2152099609375,1161.956884234946,1147.1195893492861,1150.017137372719,7739854
2024-10-17,1130.883544921875,1150.3668948371856,1123.040272041492,1150.017218078076,6595231
2024-10-18,1195.8280029296875,1202.8220257322612,1155.0629146314764,1157.0112007686191,20829666
2024-10-21,1189.28369140625,1213.7627716752456,1184.5377472724651,1195.8280254005576,7456038
2024-10-22,1174.7459716796875,1196.9769713563815,1172.347996759549,1193.2301736580623,7256246
2024-10-23,1159.4091796875,1182.1397538713547,1157.6606739810497,1174.0965788352514,6501834
2024-10-24,1166.3531494140625,1174.196421730821,1153.6640430136567,1164.005180524674,5046700
2024-10-25,1188.3343505859375,1200.7237862119612,1169.0008985795669,1185.9863817213213,12798716
2024-10-28,1170.599609375,1192.9805076128803,1166.0535675549525,1192.9805076128803,8572243
2024-10-29,1185.8365478515625,1190.1828090793306,1156.6115238483947,1175.3955196864351,9908946
2024-10-30,1169.400634765625,1186.635905210707,1163.3058678710145,1177.7434804139418,9686560
2024-10-31,1158.5599365234375,1176.9941337192813,1152.8647304386966,1164.5048071730241,8682294
2024-11-01,1168.5513916015625,1171.4988238645128,1163.0060818578193,1163.0560879501725,460781
2024-11-04,1138.2772216796875,1175.9449817651664,1134.480417622347,1170.9992572381775,9288653
2024-11-05,1170.699462890625,1173.896803662119,1132.4821237068345,1137.9774273803207,11701049
2024-11-06,1165.50390625,1182.5393957578722,1160.4581697425565,1170.799429278286,10353506
2024-11-07,1158.9095458984375,1171.8984447514144,1150.0671276109715,1167.6020678828468,6252889
2024-11-08,1159.9586181640625,1166.7528604431186,1150.1170534539897,1155.0128937463028,3786168
2024-11-11,1170.0001220703125,1175.795218429766,1141.9740242453897,1151.0163455380018,6620678
2024-11-12,1157.1611328125,1185.9864747171694,1152.8148714727597,1170.6496057768486,9606088
2024-11-13,1138.1773681640625,1164.5048449852266,1134.130777445248,1150.9164816548919,8079113
2024-11-14,1139.7259521484375,1149.7674196333846,1130.6337466753373,1136.5787393829623,5975873
2024-11-18,1125.23828125,1134.0308156556105,1120.5923494899985,1130.2340117154433,9474971
2024-11-19,1132.981689453125,1138.0274261253624,1121.0919482455736,1129.0351110813517,19225966
2024-11-21,1138.1773681640625,1151.0163718772894,1114.7973237170884,1137.0283256912808,8126248
2024-11-22,1141.424560546875,1146.919864248595,1126.5872649454466,1135.6794703132584,16687505
2024-11-25,1154.9129638671875,1163.5055956548504,1141.024809135113,1159.0094383509029,12385823
2024-11-26,1143.822509765625,1158.609798939658,1141.674321246706,1156.1119336772122,5127437
2024-11-27,1148.6683349609375,1154.463309144657,1132.5821071903288,1144.2220616490547,5989943
2024-11-28,1131.532958984375,1153.464167107178,1128.43563046558,1147.5192965947504,10731275
2024-11-29,1135.3297119140625,1139.925759377213,1126.736958261915,1132.582060260801,6406277
2024-12-02,1136.1290283203125,1140.4254054214641,1125.6379940634379,1131.7327610004063,4785858
2024-12-03,1159.509033203125,1163.9053003762572,1137.0282462603673,1143.422805606189,8382042
2024-12-04,1158.4599609375,1167.0027093514634,1152.9147729554202,1156.5116747211634,18379798
2024-12-05,1165.404052734375,1175.895086940121,1149.1179222761664,1163.00607766556,10640451
2024-12-06,1183.53857421875,1192.8305598686338,1159.0094884145792,1166.503084244846,7542210
2024-12-09,1162.2567138671875,1184.9872878972571,1160.008635116961,1183.2387822026365,6308112
2024-12-10,1152.6649169921875,1164.0552068694128,1150.2669419707597,1156.0120320175192,4714389
2024-12-11,1146.2703857421875,1157.3608832768325,1143.572740005626,1149.018037571162,7788242
2024-12-12,1144.6717529296875,1153.5641776056896,1142.6234546399185,1144.022283571999,4825283
2024-12-13,1147.169677734375,1151.7157195420548,1112.6991355227563,1140.0257583610694,8731618
2024-12-16,1149.917236328125,1154.0137108218105,1140.7750253946338,1145.5209692270178,3975202
2024-12-17,1135.27978515625,1150.8664403216148,1129.035121871562,1144.2721002862004,7292817
2024-12-18,1121.291748046875,1138.9267016920649,1114.997078620928,1135.229787819368,7222127
2024-12-19,1107.953125,1118.0944822195825,1100.1098525767634,1103.956540634929,11677610
2024-12-20,1070.9346923828125,1104.9056588150418,1064.0905661860045,1103.0072568859084,12623056
2024-12-23,1078.228515625,1082.6247827661366,1071.4842795912562,1074.181925218324,3886921
2024-12-24,1077.978759765625,1083.8237401012339,1075.0812116606846,1076.3801503868544,4343694
2024-12-26,1075.780517578125,1091.666964377949,1071.8339394144841,1082.075186563399,4775460
2024-12-27,1076.5299072265625,1085.3224416159574,1075.081194180686,1077.1793765790876,3801667
2024-12-30,1069.036376953125,1095.5637560852615,1063.0415000388418,1073.1828578787208,9452155
2024-12-31,1063.790771484375,1069.5358613844005,1057.5961146394723,1061.093125882966,5292136
2025-01-01,1070.8848876953125,1076.03039277255,1053.050031422574,1063.2413952878649,2985355
2025-01-02,1085.672119140625,1087.7703015405455,1066.5884531772265,1071.0846105910884,6557076
2025-01-03,1083.9736328125,1092.5662649151882,1078.8780120744239,1085.0726691338768,7357220
2025-01-06,1062.491943359375,1089.0692041311972,1058.994932153449,1086.8211254988164,5283413
2025-01-07,1066.5885009765625,1069.585939386801,1055.0983204039812,1063.6410686595937,4619462
2025-01-08,1074.0321044921875,1081.425810390834,1058.1956624176928,1062.8417164055375,8780098
2025-01-09,1060.8433837890625,1079.2276966322133,1053.3497879534912,1078.6781174845069,9054190
2025-01-10,1039.811279296875,1063.940681583058,1036.114487577964,1055.3480496665616,5612886
2025-01-13,1048.404052734375,1062.0923055338462,1022.3762480127075,1025.7233630583805,7180930
2025-01-14,1050.7520751953125,1060.094067323752,1044.607301966996,1052.0508920133261,6892897
2025-01-15,1025.9232177734375,1052.0009054084283,1013.7835688153692,1042.1093350734811,11418721
2025-01-16,1037.1136474609375,1045.5563831841841,1026.1730464981413,1033.0171728612916,10261727
2025-01-17,990.2037353515625,1010.8361268169435,973.7677697245856,999.1461051896173,33831617
2025-01-20,987.206298828125,993.3510717794115,975.6661734888432,991.2028832561386,33440507
2025-01-21,969.37158203125,993.6008755464943,962.1777177393942,992.7515647509814,11894500
2025-01-22,958.4808349609375,974.9168003898411,953.185372863857,974.9168003898411,17303146
2025-01-23,950.2379150390625,962.8771379807579,947.1905315382111,953.1854083200985,24649522
2025-01-24,947.6900634765625,960.978694236453,945.2920884746561,947.1904904330852,14421921
2025-01-27,947.2904052734375,948.9390207529837,932.7028964179103,942.2946747087996,12713296
2025-01-28,982.9598999023438,993.0013057953831,957.3817846841201,959.180235428942,21781371
2025-01-29,982.560302734375,987.8058197786002,976.7652065467048,987.1563504180045,11175206
2025-01-30,983.8591918945312,990.5534830633907,973.9676209602275,983.809246785376,10473118
2025-01-31,985.2579345703125,989.154628713003,977.2148207455668,981.1614599961304,9036312
2025-02-01,997.2977294921875,1004.0919109485104,981.1614951732605,988.6550911139932,4830391
2025-02-03,988.55517578125,999.6456730985736,982.5102930895256,986.2570909647077,7124605
2025-02-04,1014.4330444335938,1016.2314952547484,986.9565261066653,993.1512442533443,16058171
2025-02-05,1012.4347534179688,1021.1772819871264,1009.6371564724461,1019.7285079133438,7858373
2025-02-06,1019.8284301757812,1020.9774115938708,1009.1874998832046,1011.135846962794,5815563
2025-02-07,1023.2255249023438,1026.4727498171085,1006.7896198894281,1018.6294771085081,8638651
2025-02-10,1010.8860473632812,1025.8732385769695,1005.3407988108239,1020.1281486117224,3960565
2025-02-11,1006.539794921875,1015.4821036361709,1001.743844906005,1008.1384042718065,4808215
2025-02-12,1006.0402221679688,1009.7870200045517,983.1597523193541,999.1460897554412,7669283
2025-02-13,1007.339111328125,1016.5812127633229,1000.195192312027,1002.1435394057845,6348246
2025-02-14,996.6482543945312,1015.1324576088659,986.8066895087635,1009.6870990599269,5375755
2025-02-17,992.1021118164062,998.7964027455306,977.2148108389374,991.6025387766662,7166803
2025-02-18,993.3011474609375,996.4983662838368,985.7076002989517,992.1021599108303,3090004
2025-02-19,1010.4863891601562,1012.5846325710227,987.3062483045857,990.8032596729911,6401381
2025-02-20,1016.3314208984375,1018.7793410298854,1005.6405454762012,1007.5389474515373,5011212
2025-02-21,1008.0885009765625,1021.0274555684333,999.7956002866314,1011.1358844792248,5019937
2025-02-24,1009.1875,1012.134993173767,997.6973199195476,1000.4949167860066,4265454
2025-02-25,1008.23828125,1012.8343897910249,996.2485283338186,1003.1426606538377,5708975
2025-02-27,1015.8318481445312,1022.675974509891,1004.2917229306947,1006.7895881710506,9777690
2025-02-28,1014.6828002929688,1034.615777000597,1009.0876065778273,1013.9334407248853,15026849
2025-03-03,1006.389892578125,1018.5295418855362,991.1529148051625,1016.1815119995523,6763184
2025-03-04,1000.944580078125,1010.2366268834685,997.7473002679423,1000.2451655910475,5786420
2025-03-05,1013.5838012695312,1016.5312945423531,1001.6939379587069,1002.1435659127035,5133873
2025-03-06,1033.2169189453125,1038.612332076587,1014.2831498454004,1021.7267392253694,7861120
2025-03-07,1036.7640380859375,1049.4531455409124,1029.8198990891383,1032.817337571361,7597321
2025-03-10,1034.9654541015625,1049.6029687298005,1031.468442782615,1035.1153504084468,5995655
2025-03-11,1024.774169921875,1035.914672765481,1020.2280066108474,1029.520113656347,4771085
2025-03-12,1010.3365478515625,1028.9207018891527,998.3467946594548,1024.3245322593168,7504702
2025-03-13,1009.33740234375,1015.132437526724,1004.2417206442948,1014.1332914267962,4004140
2025-03-17,1033.2669677734375,1038.1128019842872,1010.2366012913976,1010.2366012913976,5938668
2025-03-18,1033.2669677734375,1033.2669677734375,1033.2669677734375,1033.2669677734375,0
2025-03-19,1051.1517333984375,1057.646183234451,1042.6089852123262,1046.9053623518132,4822365
2025-03-20,1053.44970703125,1057.9958707491392,1046.0061170837591,1055.3481090881514,3742644
2025-03-21,1069.2362060546875,1074.6316193008408,1049.6529672039042,1053.4496491429936,6848565
2025-03-24,1096.9124755859375,1104.0063882058416,1072.783073887539,1081.0760349569089,8284863
2025-03-25,1117.594970703125,1122.5406953407569,1095.413853076155,1109.002216272288,11720528
2025-03-26,1095.31396484375,1117.8946433973692,1088.1201613639344,1114.047955120439,7127060
2025-03-27,1097.412109375,1107.053893763539,1087.1708617115737,1091.067555947459,8508917
2025-03-28,1101.0589599609375,1106.0546902692902,1085.5721960050441,1097.462058532138,4921190
2025-04-01,1084.6729736328125,1100.3096343737684,1069.0863189829122,1092.2664595426536,6638140
2025-04-02,1083.52392578125,1094.664429049867,1079.8271340440042,1090.76773491548,4065344
2025-04-03,1088.9193115234375,1091.017493860897,1074.381809497697,1077.9787109284953,5345660
2025-04-04,1090.3681640625,1100.9590880995302,1074.5316011481896,1080.5764837084853,6059991
2025-04-07,1047.0550537109375,1068.087126837811,1031.4683997330853,1034.1161611572818,9720457
2025-04-08,1076.9295654296875,1084.0234781220995,1059.3946251089444,1060.093978570394,8723357
2025-04-09,1060.7435302734375,1080.926233635811,1057.096622447392,1072.1837048584816,6690201
2025-04-11,1068.0372314453125,1071.7840295190008,1056.6470628741667,1062.392153253822,8144072
2025-04-15,1111.849853515625,1116.0462184422258,1082.0752502891053,1089.0692731441595,9320299
2025-04-16,1160.3084716796875,1162.5065444211673,1111.6499810412404,1121.7413327534418,12836428
2025-04-17,1189.783203125,1198.1759326401855,1152.6148956982988,1154.613187862119,13446336
2025-04-21,1221.9556884765625,1237.6422335650964,1197.0769260268742,1200.9736202361637,15166580
2025-04-22,1215.760986328125,1233.9453960091998,1211.0649266211587,1229.3493484820563,8461710
2025-04-23,1205.8695068359375,1228.9497583930292,1193.8797530955178,1224.2538202977976,9433911
2025-04-24,1206.0692138671875,1218.9582227468238,1198.0760451934377,1198.0760451934377,9078137
2025-04-25,1165.30419921875,1178.8925624152441,1145.0214836623813,1175.9950141977513,17243807
2025-04-28,1191.781494140625,1194.9787128132273,1163.3058308336208,1165.3041229955159,5523502
2025-04-29,1186.2862548828125,1208.966823361088,1183.3887066980697,1192.9804852009415,6074520
2025-04-30,1183.9881591796875,1192.8805840933246,1173.996697920787,1184.0880493990605,6288257
2025-05-02,1182.3895263671875,1209.4663614496308,1179.092295430584,1181.0905876428099,5249372
2025-05-05,1172.1981201171875,1188.9838228735969,1163.305817670235,1188.9838228735969,7236056
2025-05-06,1160.4083251953125,1177.7934920320934,1156.711411381114,1176.9941263517048,5348267
2025-05-07,1160.3084716796875,1167.6021653881123,1151.9156196344402,1158.0103867504365,4263817
2025-05-08,1171.198974609375,1177.9932166726269,1164.6046349397911,1169.000902041538,9912347
2025-05-09,1150.1170654296875,1171.1990240051655,1147.5193099310263,1159.0094902220203,5379571
2025-05-12,1201.9727783203125,1207.9676550201646,1174.1964674912338,1183.9881482207568,7616208
2025-05-13,1192.580810546875,1213.7627819342401,1188.983908829347,1204.17088139939,5569926
2025-05-14,1194.4791259765625,1198.3758200404661,1184.887348103466,1194.8788087975402,4084921
2025-05-15,1208.0675048828125,1215.960783333823,1183.9881086693347,1195.9778616685178,6705748
2025-05-16,1207.767822265625,1212.2639795957512,1202.1725066819429,1204.9701644737838,4016269
2025-05-19,1201.77294921875,1217.959066866477,1200.0743277095955,1206.9684600284695,4550022
2025-05-20,1194.7789306640625,1209.666109675897,1191.8813826402697,1206.9684640476505,4724482
2025-05-21,1196.7772216796875,1203.8711344442138,1181.6900183206467,1196.0777462450546,3712472
2025-05-22,1187.485107421875,1195.6780564317094,1176.4945006220091,1195.6780564317094,4795583
2025-05-23,1209.066650390625,1212.0640886389942,1187.0854365692512,1187.485119395582,3676469
2025-05-26,1214.162353515625,1223.1546688717133,1207.6679035362279,1215.1614996663016,3607612
2025-05-27,1194.5791015625,1215.6610607404325,1189.3835904167063,1214.1623415292133,7249163
2025-05-28,1193.6798095703125,1201.1734053999564,1190.6823712384548,1194.5790654630853,3525421
2025-05-29,1200.673828125,1207.9676434933178,1187.984721351162,1198.9753285293477,7788068
2025-05-30,1191.181884765625,1207.767806945901,1188.584129401051,1200.3741017035964,9998488
2025-06-02,1193.380126953125,1199.8745766070429,1178.1930330443174,1188.7840792835677,3761853
2025-06-03,1180.4910888671875,1197.8762549838802,1173.8967491583935,1193.9795608940237,8155665
2025-06-04,1170.0001220703125,1190.282837362319,1167.6021469572256,1180.7909490961636,4306355
2025-06-05,1158.0103759765625,1174.4962872825274,1156.0120836970516,1171.498848863261,10481600
2025-06-06,1193.5799560546875,1200.1742961943326,1150.216989127201,1157.9104875951884,14715421
2025-06-09,1218.8583984375,1223.4544462802078,1205.1700231639036,1211.4646926212756,9138108
2025-06-10,1231.747314453125,1234.8446428531997,1217.3595867620518,1223.3544631361597,7747558
2025-06-11,1230.3485107421875,1240.73965439643,1227.051279882547,1231.547437255107,4135775
2025-06-12,1211.8643798828125,1236.0436677299426,1209.766197378075,1229.9489006576741,3461744
2025-06-13,1204.7703857421875,1210.6652500104622,1194.5790225999053,1196.9769975725644,3906868
2025-06-16,1214.3621826171875,1216.9599380589093,1194.9787240709816,1205.070075190406,5697424
2025-06-17,1214.0623779296875,1225.9522406799451,1210.2656960037218,1214.3621705402443,4492946
2025-06-18,1219.9573974609375,1222.2554822950017,1202.872023413054,1208.7670098415024,3135662
2025-06-19,1216.4603271484375,1226.751580345239,1212.763535515606,1216.9599001780673,4243763
2025-06-20,1219.6575927734375,1224.9531158781012,1213.1631431378685,1216.4603740469724,4652390
2025-06-23,1213.063232421875,1221.855766720184,1204.5704907342642,1211.5645133005319,2312469
2025-06-24,1220.1572265625,1237.3426134794584,1214.5620325296159,1221.85584819293,6745788
2025-06-25,1212.2640380859375,1225.2529376663326,1209.9659532198973,1225.2529376663326,4229259
2025-06-26,1232.44677734375,1237.9420811746302,1210.1657693884756,1214.162353992752,8678448
2025-06-27,1224.0538330078125,1245.935156459947,1219.3578952382181,1235.8438054880892,6068274
2025-06-30,1198.1759033203125,1234.9445270212907,1192.0811367630172,1227.850614406535,6559872
2025-07-01,1172.2982177734375,1200.973663276553,1166.003548289299,1200.973663276553,8702198
2025-07-02,1174.2965087890625,1180.8908489291716,1170.999277735967,1178.9924468672707,5471100
2025-07-03,1170.0999755859375,1179.9915463883353,1167.0026470631462,1176.9941080825224,6237185
2025-07-04,1177.5999755859375,1179.5,1162.0,1174.0,3926186
2025-07-07,1175.0999755859375,1177.5999755859375,1167.5999755859375,1177.5999755859375,5783402
2025-07-08,1165.4000244140625,1180.0,1161.9000244140625,1180.0,9973619
2025-07-09,1164.699951171875,1171.0,1158.5999755859375,1160.0,8674795
2025-07-10,1164.300048828125,1176.5999755859375,1163.0,1170.0999755859375,4339755
2025-07-11,1173.800048828125,1175.9000244140625,1160.5999755859375,1162.0,4468654
2025-07-14,1172.699951171875,1179.9000244140625,1163.0,1179.0,4772502
2025-07-15,1165.9000244140625,1179.0,1162.300048828125,1174.0,4776756
2025-07-16,1168.4000244140625,1174.0,1157.0999755859375,1164.9000244140625,4388279
2025-07-17,1159.800048828125,1172.9000244140625,1154.800048828125,1170.0,5694428
2025-07-18,1099.300048828125,1115.9000244140625,1086.0,1090.0,38053695
2025-07-21,1099.5999755859375,1101.5,1071.9000244140625,1086.0,15905500
2025-07-22,1098.0,1110.5999755859375,1095.0,1102.0,9999957
2025-07-23,1104.800048828125,1110.5,1098.0999755859375,1099.5,6633979
2025-07-24,1095.0999755859375,1105.0,1089.4000244140625,1104.0,9901209
2025-07-25,1086.0999755859375,1101.0,1076.199951171875,1086.0999755859375,11779887
2025-07-28,1073.5999755859375,1092.199951171875,1067.4000244140625,1080.9000244140625,9029557
2025-07-29,1064.199951171875,1078.699951171875,1055.4000244140625,1070.9000244140625,15599773
2025-07-30,1073.300048828125,1080.5999755859375,1062.0,1070.5,8247433
2025-07-31,1068.4000244140625,1081.300048828125,1063.9000244140625,1066.0,7634413
2025-08-01,1062.4000244140625,1070.9000244140625,1060.0,1065.0,5545447
2025-08-04,1068.5999755859375,1070.0,1059.0,1064.4000244140625,4465845
2025-08-05,1070.800048828125,1079.9000244140625,1062.5,1068.0,5318081
2025-08-06,1071.0,1077.699951171875,1065.5999755859375,1074.0,4216651
2025-08-07,1076.199951171875,1079.699951171875,1064.5,1067.800048828125,5321131
2025-08-08,1058.0999755859375,1080.4000244140625,1054.199951171875,1073.0,5084903
2025-08-11,1073.300048828125,1075.4000244140625,1052.5999755859375,1058.0999755859375,5452775
2025-08-12,1070.0,1076.5999755859375,1066.300048828125,1071.0999755859375,4573025
2025-08-13,1066.0,1072.800048828125,1063.199951171875,1071.0999755859375,4966778
2025-08-14,1068.199951171875,1072.4000244140625,1062.0,1067.0,6761305
2025-08-18,1082.5999755859375,1090.0,1079.4000244140625,1080.0,7964987
2025-08-19,1083.199951171875,1095.0,1075.800048828125,1078.0,5661531
2025-08-20,1080.199951171875,1083.699951171875,1077.800048828125,1081.0,3034728
2025-08-21,1078.9000244140625,1090.0,1076.4000244140625,1090.0,6459262
2025-08-22,1070.9000244140625,1078.5,1069.5,1076.0,3853718
2025-08-25,1070.0,1074.5,1068.199951171875,1073.0,2711278
2025-08-26,1050.0999755859375,1069.800048828125,1048.0,1068.0,7197666
2025-08-28,1051.9000244140625,1059.5,1047.0,1057.0,8564803
2025-08-29,1045.199951171875,1063.0,1042.5,1052.0999755859375,4718016
2025-09-01,1061.5,1064.0,1047.5999755859375,1047.5999755859375,3190426
2025-09-02,1056.199951171875,1064.9000244140625,1049.0,1061.5,4933541
2025-09-03,1054.699951171875,1064.9000244140625,1045.0,1056.199951171875,8303296
2025-09-04,1050.4000244140625,1062.199951171875,1047.300048828125,1058.199951171875,8088417
2025-09-05,1055.9000244140625,1058.0,1047.800048828125,1056.5999755859375,2849589
2025-09-08,1055.5,1063.0,1054.0,1055.9000244140625,2260147
2025-09-09,1052.199951171875,1059.0,1048.699951171875,1057.5,4310419
2025-09-10,1070.0999755859375,1074.0999755859375,1055.0999755859375,1058.0,5241075
2025-09-11,1087.4000244140625,1093.0,1069.0,1069.0,5227539
2025-09-12,1105.300048828125,1108.699951171875,1088.4000244140625,1088.4000244140625,6014850
2025-09-15,1104.4000244140625,1110.0,1100.0,1105.0,3881807
2025-09-16,1121.199951171875,1127.0999755859375,1104.0,1105.699951171875,7965606
2025-09-17,1126.0,1128.5,1116.0999755859375,1121.300048828125,5590739
2025-09-18,1133.0,1134.4000244140625,1121.199951171875,1129.0,5713032
2025-09-19,1135.9000244140625,1144.0999755859375,1126.5999755859375,1133.0,8910732
2025-09-22,1144.4000244140625,1147.5999755859375,1131.199951171875,1136.0,7689900
2025-09-23,1170.800048828125,1172.800048828125,1141.9000244140625,1146.0,16079093
2025-09-24,1158.9000244140625,1172.800048828125,1154.0,1168.0,12812055
2025-09-25,1166.5999755859375,1171.800048828125,1153.4000244140625,1154.699951171875,11188302
2025-09-26,1154.0,1169.699951171875,1148.0,1161.5999755859375,5618932
2025-09-29,1132.199951171875,1158.300048828125,1126.699951171875,1155.4000244140625,9693881
2025-09-30,1131.5999755859375,1137.0,1125.4000244140625,1130.0,8165203
2025-10-01,1159.5,1164.800048828125,1131.0,1132.5,9655009
2025-10-03,1181.0,1188.0,1169.5,1171.0,11095015
2025-10-06,1212.800048828125,1215.199951171875,1182.0999755859375,1185.0,20128505
2025-10-07,1186.800048828125,1212.0,1184.0,1212.0,8620156
2025-10-08,1180.5999755859375,1194.800048828125,1174.0999755859375,1180.0999755859375,5160430
2025-10-09,1167.4000244140625,1187.300048828125,1163.0999755859375,1178.0,7194651
2025-10-10,1180.4000244140625,1191.699951171875,1165.199951171875,1168.0,6933035
2025-10-13,1189.5999755859375,1193.5999755859375,1167.5,1171.0,4138448
2025-10-14,1176.800048828125,1191.800048828125,1166.5999755859375,1191.800048828125,5742538
2025-10-15,1169.5999755859375,1181.699951171875,1164.0,1180.0,6328142
2025-10-16,1196.300048828125,1216.9000244140625,1185.300048828125,1216.4000244140625,17747171
2025-10-17,1200.199951171875,1212.9000244140625,1191.5999755859375,1196.300048828125,6404414
2025-10-20,1226.0,1231.699951171875,1207.0,1207.9000244140625,7418616
2025-10-21,1237.300048828125,1238.800048828125,1222.0,1225.800048828125,1940248
2025-10-23,1258.800048828125,1276.0999755859375,1241.300048828125,1246.0,14611221
2025-10-24,1241.9000244140625,1256.0,1240.0999755859375,1254.199951171875,4882046
2025-10-27,1254.0999755859375,1258.5,1242.5999755859375,1243.4000244140625,6185072
2025-10-28,1246.300048828125,1258.9000244140625,1236.5999755859375,1249.0,8146777
2025-10-29,1248.800048828125,1251.0,1239.199951171875,1246.9000244140625,4578825
2025-10-30,1238.5999755859375,1248.0,1235.0,1243.0,4017532
2025-10-31,1232.800048828125,1245.4000244140625,1231.0,1243.0,4106607
2025-11-03,1233.699951171875,1241.0,1222.300048828125,1226.0,6118907
2025-11-04,1226.5999755859375,1235.9000244140625,1222.800048828125,1230.0999755859375,3299345
2025-11-06,1228.5,1239.5999755859375,1225.0,1225.0,3733721
2025-11-07,1222.800048828125,1228.800048828125,1217.0,1227.0,3461466
2025-11-10,1217.0,1232.800048828125,1215.5,1222.0,4140568
2025-11-11,1222.5,1225.0,1209.4000244140625,1218.0999755859375,5615453
2025-11-12,1221.5999755859375,1232.699951171875,1216.5,1227.9000244140625,6782513
2025-11-13,1225.199951171875,1234.800048828125,1213.199951171875,1219.0,3345231
2025-11-14,1241.5999755859375,1246.0,1222.0,1224.0,5197740
2025-11-17,1249.5999755859375,1261.0,1240.4000244140625,1243.9000244140625,4088026
2025-11-18,1265.4000244140625,1273.5,1247.5999755859375,1250.0,10175969
2025-11-19,1270.4000244140625,1273.0,1257.800048828125,1268.0,4101288
2025-11-20,1285.199951171875,1287.300048828125,1262.5999755859375,1275.0,4617594
2025-11-21,1275.800048828125,1284.5,1273.0,1284.0,6363593
2025-11-24,1269.0,1290.9000244140625,1266.5999755859375,1279.199951171875,10491953
2025-11-25,1266.300048828125,1276.699951171875,1263.699951171875,1269.0999755859375,5290156
2025-11-26,1290.199951171875,1292.800048828125,1269.300048828125,1271.9000244140625,4842021
2025-11-27,1287.300048828125,1304.0,1281.0,1297.0,5924706
2025-11-28,1279.699951171875,1289.0,1275.0,1287.300048828125,3093636
2025-12-01,1275.699951171875,1289.0,1268.5,1288.0,4098016
2025-12-02,1258.0,1281.0,1255.0999755859375,1270.699951171875,8115347
2025-12-03,1270.699951171875,1272.9000244140625,1255.0,1255.0,3582794
2025-12-04,1280.0,1282.800048828125,1269.4000244140625,1270.699951171875,3216108
2025-12-05,1282.5,1285.0,1267.300048828125,1275.199951171875,2728214
2025-12-08,1273.800048828125,1288.800048828125,1265.0999755859375,1284.0,2969478
2025-12-09,1275.9000244140625,1281.4000244140625,1263.199951171875,1272.0,4239279
2025-12-10,1278.5999755859375,1284.0,1268.300048828125,1273.0,2928746
2025-12-11,1272.699951171875,1282.0,1271.0,1277.4000244140625,2017404
2025-12-12,1286.0999755859375,1291.0,1277.9000244140625,1278.0,2281078
2025-12-15,1284.800048828125,1290.4000244140625,1280.0,1285.0,1634472
2025-12-16,1219.5999755859375,1277.5999755859375,1216.9000244140625,1277.0999755859375,11542048
2025-12-17,1224.699951171875,1236.0,1220.300048828125,1220.5999755859375,5147181
2025-12-18,1229.800048828125,1238.5,1220.199951171875,1226.0999755859375,3441592
2025-12-19,1230.5999755859375,1241.5,1229.0999755859375,1236.699951171875,5055047
2025-12-22,1233.199951171875,1236.9000244140625,1226.800048828125,1235.0,2405809
2025-12-23,1225.0,1239.0,1223.5,1239.0,2920318
2025-12-24,1226.300048828125,1235.4000244140625,1224.699951171875,1230.0,3155506
2025-12-26,1228.199951171875,1229.9000244140625,1222.0,1225.0,1665983
2025-12-29,1232.0,1233.9000244140625,1219.0,1228.199951171875,2209655
2025-12-30,1246.0,1252.0999755859375,1232.0,1233.0,5673233
2025-12-31,1269.4000244140625,1271.5,1245.0,1246.0,3711090
