Price,Close,High,Low,Open,Volume
Ticker,BAJAJFINSV.NS,BAJAJFINSV.NS,BAJAJFINSV.NS,BAJAJFINSV.NS,BAJAJFINSV.NS
Date,,,,,
2015-01-01,127.9036865234375,131.45269268721046,127.24756263800333,130.2199916323734,293920
2015-01-02,126.81511688232422,129.03697913458254,125.95519628796026,128.41067770926017,435600
2015-01-05,125.13008880615234,127.64520766178181,124.52367402201371,126.05959007720519,315660
2015-01-06,122.23719024658203,124.57834993685714,120.84541849854551,124.26519920779882,377240
2015-01-07,122.13279724121094,123.35556240904573,120.10975639746577,122.30179607179869,731140
2015-01-08,128.2218017578125,129.0270378395512,122.2719908650655,122.27695874270792,872680
2015-01-09,127.16802978515625,129.1761596097611,126.80020965729227,128.63436517282122,327840
2015-01-12,126.02476501464844,127.85892777350831,124.76223418913713,124.76223418913713,196780
2015-01-13,127.88877868652344,130.03110954121814,126.25344439174135,126.75050519643325,580420
2015-01-14,124.6827163696289,128.11243250145608,123.09212349087639,127.24755165292399,2587050
2015-01-15,128.14724731445312,129.03699041934942,126.4522681174877,128.72383967930205,1368270
2015-01-16,126.01982116699219,129.53404458409153,124.7622579781987,129.03698379533375,810480
2015-01-19,125.05551147460938,127.8639016603795,124.3645973398978,126.5417258380666,325300
2015-01-20,131.4178924560547,133.70933511874833,125.25930278782371,125.25930278782371,1360140
2015-01-21,128.505126953125,132.85440891710994,128.14226711125667,131.6614660408067,1004960
2015-01-22,129.05685424804688,131.02521047670265,127.30719078338436,128.09255522556978,378310
2015-01-23,130.4486083984375,132.11872503185097,128.8182499457341,129.47437369561297,255020
2015-01-27,136.73147583007812,138.87878208960493,130.03110606992254,130.92580942684626,1055220
2015-01-28,144.18736267089844,149.01879333156538,137.19373007816932,137.258350396891,2744860
2015-01-29,145.1665802001953,146.1408301532186,141.66230811960926,144.47567367308244,1059650
2015-01-30,143.90406799316406,147.1250120659589,138.97819395530541,144.94292317940358,726130
2015-02-02,150.04275512695312,151.36493858113255,142.05002470626752,143.45173970307698,2714020
2015-02-03,145.9817657470703,152.26958089347414,144.69438028777415,150.01292095140917,667360
2015-02-04,146.27003479003906,150.11231914831615,144.39612156485376,146.43407330234047,501620
2015-02-05,146.75221252441406,150.00299411106144,145.17156296331677,146.34463423362192,216290
2015-02-06,146.03646850585938,149.98313278308171,145.39029548246342,146.83176888248803,308180
2015-02-09,144.10287475585938,146.53349378199223,142.51227438863472,144.5452509075061,181200
2015-02-10,142.80551147460938,146.2302664615351,139.43048075308036,143.16339573132208,330010
2015-02-11,140.20094299316406,144.14760625377735,139.97229931334783,143.25786333334875,182820
2015-02-12,149.02378845214844,150.21177097530187,140.6632226482743,140.6681981100905,653460
2015-02-13,150.19686889648438,153.0947266916036,149.02379751832225,149.02379751832225,728530
2015-02-16,147.4779510498047,153.69617157987383,144.64469831415846,150.12727854040222,974540
2015-02-18,147.53758239746094,149.61529278963886,144.64468505576383,146.03644915361244,485050
2015-02-19,145.8625030517578,148.82000581622682,141.12551406486443,148.02470547392448,236600
2015-02-20,146.27003479003906,147.72145858997757,145.34053378395615,146.33465510281917,138300
2015-02-23,142.7210693359375,149.11823937820793,140.86702709879543,146.7323536157933,4213950
2015-02-24,142.14447021484375,145.93704634931396,140.4693778327252,143.93885232866964,310620
2015-02-25,142.2836456298828,144.94292378726388,141.77664910458094,142.6514657461357,220350
2015-02-26,139.14222717285156,143.90903846119778,138.28232169046117,142.77078014219535,392490
2015-02-27,141.37901306152344,142.14946647577432,139.50012366676145,139.56971946650123,518850
2015-03-02,144.2868194580078,146.73236545554045,140.32026850961583,140.36997762723792,705830
2015-03-03,147.63201904296875,150.09246066787006,144.14761831173817,144.74409728273324,2472640
2015-03-04,146.15573120117188,150.44039197076438,144.9627885653896,148.62114800433372,933390
2015-03-05,152.01113891601562,156.4697749404127,146.414229401644,146.62300161399386,3075300
2015-03-09,146.2054443359375,151.99619856630724,145.36541052357114,151.8023376084893,1599670
2015-03-10,144.8534393310547,146.73232821520511,143.26781444662396,146.63291000519308,922780
2015-03-11,144.97775268554688,149.11826311702828,144.14765434646066,144.94295478357031,398460
2015-03-12,147.09024047851562,148.29809459727392,146.4341165736005,146.4341165736005,2048440
2015-03-13,149.2126922607422,155.48062206644056,145.7282909769014,151.60355364735835,2585500
2015-03-16,144.36135864257812,149.58547229259685,142.2786727616045,149.58547229259685,1027980
2015-03-17,146.1060333251953,148.62115942501453,144.34643407997544,144.88326816723767,1134190
2015-03-18,142.63157653808594,146.57326432050743,140.76759887903665,146.57326432050743,1227020
2015-03-19,140.1462860107422,144.9429192650992,139.1919226862599,143.15349751237642,1059700
2015-03-20,137.16885375976562,145.79783459668158,133.21225520331026,140.91669533633754,7859730
2015-03-23,132.7450714111328,139.5945694217877,130.5928045722232,137.68585754898115,553620
2015-03-24,133.3464813232422,136.44317524225397,130.36411683707271,133.21228038223703,600420
2015-03-25,136.6768035888672,137.9989870869135,133.41111061638574,134.90229295971886,1528320
2015-03-26,137.10923767089844,140.17610922225825,136.69668391614482,137.1887692124719,646920
2015-03-27,134.83766174316406,138.6998334087502,134.20142460148085,138.07353202101407,697550
2015-03-30,139.12232971191406,140.17112053117964,135.29993163000123,135.7870414186656,529100
2015-03-31,140.6234588623047,144.04819954819794,138.68492496754527,139.9126656290746,985290
2015-04-01,141.9158172607422,143.89908476662941,138.7793651931729,140.36995046565056,448110
2015-04-06,141.82135009765625,143.73999694983337,140.18104083039577,143.73999694983337,295280
2015-04-07,142.2786865234375,145.63882257413817,141.1801863411287,142.557039373533,420600
2015-04-08,144.70433044433594,145.1417463535519,141.06584192941162,143.09385838685088,445590
2015-04-09,145.60400390625,146.1308870951385,143.68535666540896,144.94291977384515,443770
2015-04-10,144.62977600097656,145.80780762445735,142.1593833135543,145.80780762445735,243060
2015-04-13,142.9944305419922,145.59903914366933,142.15937213645753,145.59903914366933,168320
2015-04-15,141.33424377441406,145.355463192293,140.27550201023968,143.05406962398706,233200
2015-04-16,142.61666870117188,143.6505483261441,138.1828803967753,141.26466293369165,242640
2015-04-17,141.37901306152344,143.1833463630594,140.27057708101233,142.90499350228674,210050
2015-04-20,133.10293579101562,141.7617413004644,125.11517295660789,141.7617413004644,535080
2015-04-21,133.76400756835938,138.9781850111748,132.41697721928594,134.20639890517288,420840
2015-04-22,131.68133544921875,135.6627815870775,130.2796205480869,134.20639728673262,284090
2015-04-23,135.35958862304688,135.69758629631679,131.7211002510035,132.6158035435628,186120
2015-04-24,135.22535705566406,137.03964074175306,130.72696379866855,134.35550083266912,208550
2015-04-27,131.82546997070312,136.53263561967822,130.52814876610344,134.604037589268,144050
2015-04-28,131.7658233642578,132.4965032234311,128.54983992545974,132.1087964717732,348190
2015-04-29,138.10333251953125,140.17110669388762,131.35325540349365,132.22807185369578,310230
2015-04-30,142.64651489257812,145.14175466603203,136.69172100396852,137.88466389891204,1146680
2015-05-04,144.25698852539062,145.82272703916948,141.16526968813332,142.17430252315452,530200
2015-05-05,143.5213165283203,147.22940065610857,142.68128264479134,145.93703966844166,386410
2015-05-06,143.03916931152344,144.86836443513397,139.67407343032036,143.55114128708448,298140
2015-05-07,137.1638946533203,143.74497291164022,134.87741259252635,143.74497291164022,253110
2015-05-08,141.66729736328125,143.5909201494139,137.2881931173306,137.2881931173306,192070
2015-05-11,143.3672332763672,145.43998334758328,141.77167246285416,141.77167246285416,410950
2015-05-12,141.86610412597656,144.11281315451149,139.86792546131412,141.65237165362774,243300
2015-05-13,142.46258544921875,143.59092314842843,141.2646822965705,143.0540890016357,110850
2015-05-14,143.3672332763672,145.04232563283074,140.17113618756582,142.56697272326844,829440
2015-05-15,143.57601928710938,144.54527877382753,141.50824447871483,142.15939293211426,254670
2015-05-18,145.09703063964844,145.51953538459873,143.21316582149169,144.14764262140253,263620
2015-05-19,145.76304626464844,146.43904151688733,143.65053834776947,145.3355813555718,173240
2015-05-20,144.1824188232422,147.6220708003824,141.44360917147588,146.9560111998274,577790
2015-05-21,145.19642639160156,145.73823602503282,143.153513737142,144.54527794194956,472550
2015-05-22,146.26010131835938,147.22937568699973,145.6536866976336,145.87737006550068,159890
2015-05-25,147.27908325195312,148.4223319937544,144.6446675396569,144.6446675396569,197680
2015-05-26,147.3287811279297,148.32290247854877,146.23525674370148,146.3346597773106,229300
2015-05-27,152.3839111328125,154.08882579049356,145.83761466595888,146.03643592348354,517940
2015-05-28,152.08567810058594,156.5741360609015,151.60352856690463,153.31839421996966,577130
2015-05-29,151.81231689453125,152.1055809475618,150.47024666084658,151.9017841983524,351950
2015-06-01,149.5954132080078,153.11461214522942,147.28905899800606,153.09472546600503,170290
2015-06-02,149.64512634277344,151.60354714897943,144.0382810090765,149.26735527281733,2491530
2015-06-03,150.76846313476562,152.53799810678277,143.55113168101371,147.5276174912256,5312670
2015-06-04,152.12046813964844,153.98940614591666,149.6301890596202,151.6035207396175,954550
2015-06-05,150.6243133544922,153.09470580492618,149.01384143325038,150.74360307633535,719690
2015-06-08,149.29220581054688,150.70883204367811,147.12998841988244,150.70883204367811,553770
2015-06-09,155.39112854003906,159.72052340574922,145.48968693919986,150.94244394897356,371370
2015-06-10,154.20814514160156,156.82268992923824,153.09473375025476,156.07709869344154,555620
2015-06-11,153.07981872558594,155.5750585384618,152.11054407551669,155.5750585384618,659300
2015-06-12,149.23751831054688,152.10556861515465,148.22352527793595,149.22758255618072,320530
2015-06-15,149.0436553955078,151.59853953072343,147.02061468601843,149.3220081767199,101610
2015-06-16,148.6211700439453,150.58952644333573,146.62795150463148,149.1232062751259,143960
2015-06-17,149.14805603027344,150.7833902394003,147.68669612749474,150.11235515439517,3990730
2015-06-18,150.85296630859375,153.59177597046082,149.11822909753477,150.11235062485167,157500
2015-06-19,150.8728485107422,151.89181697837734,149.91352490592212,151.5389080939945,164050
2015-06-22,150.80824279785156,151.80236439199572,150.11236071576897,151.80236439199572,2239910
2015-06-23,151.6631622314453,153.96455575829262,150.70881415775452,150.907635409016,1053780
2015-06-24,149.30711364746094,154.08883573582128,149.0188099117161,153.581839221047,210990
2015-06-25,150.2316436767578,150.80823599564522,147.5276318491228,148.78519500222913,563050
2015-06-26,149.1779022216797,151.4246270072429,147.895491882907,149.23258680396847,1398710
2015-06-29,150.56468200683594,154.07890534607046,142.67135442920087,142.67135442920087,663200
2015-06-30,152.30934143066406,153.09469063680467,149.22258366199014,149.22258366199014,157910
2015-07-01,154.8443603515625,155.0829549739334,151.86697129447313,151.86697129447313,275780
2015-07-02,159.2880859375,161.44532780254343,155.08295618071443,155.08295618071443,741550
2015-07-03,167.21124267578125,169.99478606623964,159.55650972883896,159.55650972883896,696800
2015-07-06,170.91433715820312,177.66939074215955,164.62652187975274,166.51534660947806,875650
2015-07-07,175.56185913085938,177.45068387194436,170.98889426316208,171.50584167920985,844810
2015-07-08,174.880859375,177.3413159071909,172.48006286883287,174.76654512223746,396000
2015-07-09,170.03965759277344,177.11988055007157,169.1938068434329,174.84106697954903,255640
2015-07-10,171.67665100097656,173.03000333324118,168.26839086283462,169.4675021176593,406910
2015-07-13,172.0199432373047,173.0299807338767,170.67155631371008,170.67155631371008,144870
2015-07-14,172.9951629638672,175.13962706921185,171.31840248645446,171.6567367581764,163820
2015-07-15,175.9257354736328,177.27908756768176,173.6718087888441,174.64204846510592,313510
2015-07-16,173.22900390625,177.42837546103104,172.1542817127605,177.02037612027937,167590
2015-07-17,171.1442108154297,173.72652575223344,169.68637646239893,173.15433981404723,202900
2015-07-20,169.49732971191406,173.87084864719517,165.57160787805736,171.45770042082526,492960
2015-07-21,167.79566955566406,171.65670641987643,166.40251975115137,170.72129932933473,129830
2015-07-22,166.8801727294922,171.5571931041128,165.71091383978845,168.27333774980528,390460
2015-07-23,172.11448669433594,175.1396188849386,170.66161726572145,172.15428447212716,1788230
2015-07-24,171.8458251953125,178.12497698237019,171.05967852559135,173.6469747677296,774280
2015-07-27,170.81588745117188,173.0499082253585,169.75112589152116,171.15920218191218,311800
2015-07-28,172.17913818359375,173.54741631307647,170.76111663312176,171.17408116933825,449530
2015-07-29,180.47837829589844,182.60293559523328,172.1940640295766,172.1940640295766,1676300
2015-07-30,182.41888427734375,184.86188506263395,180.61275430482385,182.09049562923124,917450
2015-07-31,183.667724609375,186.08583810489105,182.40392883698095,183.59805952060105,790090
2015-08-03,189.57371520996094,191.3300863449072,183.70254843391746,184.99121596382344,945030
2015-08-04,201.6742401123047,214.94405697759188,189.96675539401798,191.26040321822202,2569640
2015-08-05,198.1316680908203,203.9978545500667,196.0270170166406,203.69931806754443,820370
2015-08-06,191.64849853515625,199.81338929428478,189.61847798505858,198.23614624774646,658970
2015-08-07,200.02236938476562,202.6046846511144,193.05160925354951,193.53921929993302,1441930
2015-08-10,199.3556671142578,201.5150572263648,198.25109275252422,200.11692679706096,495890
2015-08-11,199.60443115234375,202.90321275972232,195.92748716167688,199.32082075302398,467820
2015-08-12,197.71371459960938,200.41543852282803,195.40008353174701,199.51984429791216,613260
2015-08-13,192.58889770507812,204.2814572173898,191.06139798841173,197.62913961794166,1917260
2015-08-14,196.2708282470703,198.02719953507633,192.85262248356204,196.03199600745066,250470
2015-08-17,193.3302459716797,198.02717310117688,192.056504565463,194.7283763057237,316820
2015-08-18,191.12109375,194.1462409201574,190.5638337934434,194.02681722647026,197940
2015-08-19,187.47401428222656,192.35503442793234,186.58338533797212,191.4594250677932,309280
2015-08-20,187.0162811279297,191.75798691453323,185.19025999142877,187.08594622276135,2315400
2015-08-21,186.8819122314453,188.5735984684661,181.60781910551484,185.27978237059875,342140
2015-08-24,170.6317901611328,184.09066870575418,167.2434363203926,184.09066870575418,1031710
2015-08-25,169.98988342285156,174.12955004187026,165.38749369724894,170.9601230062505,849030
2015-08-26,170.56210327148438,177.52788369981658,169.36797252060956,169.36797252060956,386910
2015-08-27,173.61212158203125,178.62251155308965,171.65175074189395,171.66667680680075,331030
2015-08-28,180.6177215576172,183.79212974047712,174.6420720124367,174.6420720124367,998140
2015-08-31,180.09527587890625,186.88194362974673,176.1347363415581,179.6176266081991,293190
2015-09-01,176.39344787597656,183.69757736435952,175.54263184882146,179.12005867997095,529790
2015-09-02,177.6522674560547,181.09037937503666,175.34361676290513,177.4283764879043,620820
2015-09-03,184.11550903320312,186.18534249483616,178.1199539476064,178.64239652483127,432430
2015-09-04,181.9810028076172,190.06628317842723,181.22472358693483,184.66780063246267,517290
2015-09-07,174.1942596435547,183.57815318234069,172.45281463320478,182.10539251087664,661500
2015-09-08,174.14451599121094,175.6322028545929,166.88517927528093,174.6022739714344,916880
2015-09-09,180.2296142578125,183.09055965314457,177.1298366501249,177.1298366501249,285980
2015-09-10,179.64248657226562,180.61272629961948,171.55720612496862,174.64703807775643,556230
2015-09-11,178.1498260498047,182.518364825328,177.42837933968542,180.423659418364,145740
2015-09-14,187.23521423339844,188.37462122042115,178.62252490202277,178.62252490202277,767210
2015-09-15,185.319580078125,188.91691302846996,185.09070872213968,188.91691302846996,305970
2015-09-16,183.3443145751953,190.5737990593578,182.20492283337742,189.06620573504384,279180
2015-09-18,182.55319213867188,187.1804694834009,177.7269107253341,186.5784161246084,1849440
2015-09-21,177.72193908691406,184.54342414978674,175.030160664434,184.09562701281106,1032150
2015-09-22,177.60252380371094,182.10539708416286,176.66213618609183,179.1150822894939,553330
2015-09-23,175.50283813476562,178.70211783492448,173.55241299183544,175.74165516731506,331160
2015-09-24,173.6370086669922,177.92593674239177,173.14939857251755,175.23913876689883,316100
2015-09-28,172.23387145996094,175.13959473227956,171.85572429421055,174.14448339857344,249640
2015-09-29,171.55223083496094,174.6420474223981,168.54699021178732,171.3482311796861,978370
2015-09-30,172.10452270507812,174.94059641890945,171.6567255882089,172.751354259841,5383950
2015-10-01,175.3983612060547,178.8215474625599,173.5026748654129,174.04004362048164,610890
2015-10-05,179.0603790283203,180.80182428256052,175.74167524847843,177.72693316356666,672080
2015-10-06,177.3238983154297,180.89136448514856,174.04499261104897,180.71225170630575,802070
2015-10-07,176.4581756591797,179.61765828073607,175.83623085903864,178.3339708942926,405640
2015-10-08,176.19442749023438,178.61752139451713,175.16448351525318,176.13472323386367,226510
2015-10-09,178.56776428222656,179.12004379551615,176.13470973225756,176.6372458251816,718380
2015-10-12,178.26925659179688,180.6127399578568,177.82642467924336,180.11518420039715,478720
2015-10-13,174.96051025390625,179.00562572438164,173.94549227792675,178.12495751804724,232490
2015-10-14,174.7465362548828,176.83129588971482,174.14449809874466,175.1346291004208,134410
2015-10-15,173.8161163330078,176.33374710391612,170.78102335300102,176.32878187188538,179370
2015-10-16,176.16458129882812,177.08008202382103,174.24402346126814,174.24402346126814,1513530
2015-10-19,177.9757080078125,178.92106094993545,176.63230133245014,177.92594939313292,522420
2015-10-20,181.52325439453125,185.38927222183005,178.12495536292732,178.12495536292732,1031550
2015-10-21,184.0259552001953,188.07606613500874,183.2000260496313,183.99610307110004,1069670
2015-10-23,182.04071044921875,186.9814351480992,181.10530325791416,185.11560118167645,305990
2015-10-26,189.62342834472656,190.9519086243141,182.2645911416,183.89657308225435,924070
2015-10-27,197.51467895507812,198.5247163784075,190.06626981591896,190.06626981591896,2569500
2015-10-28,196.91763305664062,199.90794796314378,195.24585303061187,196.83305708257177,1416700
2015-10-29,195.4498291015625,198.8879407294556,192.5042927460921,197.82814468401745,886410
2015-10-30,195.8379364013672,196.5245657313544,193.26060139001456,194.04673275448664,902360
2015-11-02,196.57431030273438,198.04708618997716,192.40977128957573,196.03695679763473,358650
2015-11-03,196.97235107421875,198.14160999494968,194.56418333119993,196.53449963290717,702750
2015-11-04,194.46963500976562,197.9226725450643,193.2755044487151,197.03204365173093,580290
2015-11-05,194.93736267089844,198.52473521353306,189.56873212119322,194.04673366736316,932720
2015-11-06,196.83799743652344,197.42512468535438,193.17599487994923,194.84280946308002,738310
2015-11-09,195.1512908935547,196.83303153415045,192.35999561185366,194.0467166682293,331170
2015-11-10,190.21060180664062,196.03697569043334,187.53872971972228,194.53436271363495,336180
2015-11-13,191.79281616210938,192.9521143822032,188.29998025245237,192.05652010306957,574150
2015-11-16,190.374755859375,193.05160790359184,187.9765337870876,191.35992159282196,396010
2015-11-17,191.33009338378906,193.94722631758634,190.26531678465818,190.36483400887107,175060
2015-11-18,192.180908203125,193.69348193285535,189.71800116995007,192.5540750151699,195690
2015-11-19,192.2953643798828,194.01690313658986,190.66338201986167,194.01690313658986,122070
2015-11-20,192.5242156982422,193.64869650883816,191.3599371102268,193.2506428136646,176710
2015-11-23,195.02194213867188,196.83305230712605,192.55406993832406,193.2506449322695,488530
2015-11-24,196.31558227539062,198.54960258339523,195.05178650398386,196.13646950587548,426610
2015-11-26,196.55442810058594,197.82816960824152,195.41004076291958,197.82816960824152,529200
2015-11-27,195.88771057128906,197.58934278285008,195.53941546243547,196.5345269915064,184920
2015-11-30,191.27536010742188,196.93256675595163,190.46434177670656,195.88771179127733,376190
2015-12-01,198.14163208007812,201.41056182239413,192.1560370061472,192.6486123404284,599840
2015-12-02,202.98779296875,205.59497989345275,196.66386447793366,198.52471787678385,443630
2015-12-03,201.664306640625,204.7939363552039,200.6045105329027,203.00273273540535,369800
2015-12-04,199.98255920410156,201.8085953073186,198.52970506072757,200.61446466208375,138210
2015-12-07,192.26548767089844,200.90802808287876,191.06139614953503,199.12180487327174,417330
2015-12-08,190.086181640625,193.5939432106305,189.1856070489681,191.28031226972084,251570
2015-12-09,186.48887634277344,194.04674967964726,184.59319007986957,190.26532280289678,280360
2015-12-10,191.33009338378906,193.1013906485631,186.71277660636744,188.57363026241515,685010
2015-12-11,189.13584899902344,191.55894280713866,188.07605293791798,189.69808936452594,162910
2015-12-14,189.6184844970703,191.84752436444336,184.6926859950579,188.97165296225953,182660
2015-12-15,188.2303009033203,190.3648191674415,187.47898691641853,189.36472732359957,119090
2015-12-16,191.71319580078125,193.84771411946193,189.07615652348957,189.07615652348957,337910
2015-12-17,194.65374755859375,195.93246939119757,191.5490047538799,191.5490047538799,282230
2015-12-18,191.1658935546875,196.03696867772172,188.08602219752765,194.57913395079763,196780
2015-12-21,192.9969024658203,197.02212656339816,191.06140335694133,191.24549655049617,306760
2015-12-22,192.16099548339844,197.03705077967697,190.66336305159655,193.54918023071545,409240
2015-12-23,192.653564453125,195.04182563208508,191.3897687803631,193.5093608260213,739120
2015-12-24,191.7380828857422,194.14626615764175,190.56385856524298,193.25065666744356,176950
2015-12-28,191.26040649414062,193.05161003647265,190.76285079817035,191.94205536814874,122070
2015-12-29,191.56393432617188,192.9521038647428,191.06139818554334,192.9521038647428,263930
2015-12-30,193.6785430908203,194.04672946213927,190.96187794572964,191.80772873757613,832030
2015-12-31,197.81822204589844,199.22133300186698,194.24577515874242,194.51445953384646,478330
2016-01-01,197.4102020263672,200.21640824497314,195.53440734195064,198.02716622803482,444880
2016-01-04,194.99208068847656,198.02219315544474,194.34526433591608,197.43010064284454,166330
2016-01-05,193.64869689941406,197.0270893858751,192.56401386404977,195.6239937621215,289710
2016-01-06,192.9073028564453,194.5442652478287,192.156004126648,193.8427099372358,183520
2016-01-07,191.762939453125,193.64867976142236,189.56871704786914,193.64867976142236,313990
2016-01-08,199.0620880126953,203.50029176599742,191.70821499585423,193.84273331020685,775570
2016-01-11,193.3899383544922,198.82325306946225,192.0664384215611,196.96736491390882,684410
2016-01-12,194.79307556152344,196.53950109791444,193.05163044156092,194.93737098018104,226260
2016-01-13,197.77342224121094,198.6242534720565,192.0515313467186,195.04184614269596,524490
2016-01-14,193.93727111816406,196.83801433234046,193.54917825756044,196.83304910031194,258440
2016-01-15,189.6184844970703,195.53441400502047,189.07117017813664,194.05170770414006,314070
2016-01-18,182.29446411132812,193.84272793016092,179.51809473644786,193.84272793016092,522450
2016-01-19,183.9761962890625,184.89169693404975,181.60782635221193,184.09560479539292,467500
2016-01-20,184.31951904296875,185.88681649432854,181.50831713106538,181.50831713106538,237260
2016-01-21,183.77220153808594,188.08103573874843,182.80196184567927,184.60311105713,610470
2016-01-22,188.2551727294922,190.170765265932,184.34439210443537,186.58339281825442,267590
2016-01-25,191.50421142578125,193.9471964328724,188.69300970900053,189.27017611526904,212080
2016-01-27,188.32981872558594,193.05161760655633,186.593338953305,193.05161760655633,288050
2016-01-28,186.49880981445312,191.75797758735166,185.28975302037065,187.08095670652767,344870
2016-01-29,185.2549285888672,188.9020207960661,184.10557600328198,188.0163721547018,644440
2016-02-01,185.44398498535156,188.4740974463446,184.19513047471403,188.4740974463446,430930
2016-02-02,180.92120361328125,187.67801861238942,179.21957159977518,187.67801861238942,463500
2016-02-03,186.93663024902344,192.95207627529322,172.65679210988648,180.91123857599734,2513520
2016-02-04,187.1605682373047,190.63351275502453,184.09562306897178,187.27997675548775,930610
2016-02-05,189.92697143554688,190.98676755637317,187.08095208895347,188.56863884369696,739640
2016-02-08,182.66265869140625,189.28015906610904,182.0108618944064,188.08104792470579,672720
2016-02-09,177.5477752685547,181.11027592478294,176.1745166690837,181.11027592478294,307200
2016-02-10,178.08514404296875,180.91125679408972,174.36342191520575,177.24923892126384,279760
2016-02-11,168.8256378173828,179.98580948038864,167.74096994265437,178.12495586189155,1841180
2016-02-12,169.27342224121094,172.0448111638188,160.08356775734995,172.0448111638188,340450
2016-02-15,171.50250244140625,175.1396339661377,169.86553967918158,169.86553967918158,221640
2016-02-16,169.54710388183594,172.62697521909695,168.47238162925504,170.77108678719338,234700
2016-02-17,169.28341674804688,170.14915898850745,164.40239552303953,169.46750996614958,158420
2016-02-18,171.2537078857422,172.93046826600178,169.26846538242182,169.7660211123123,216830
2016-02-19,166.49208068847656,171.50745049049854,165.2880044353484,170.1690244846947,263280
2016-02-22,162.2330322265625,169.66651660271947,161.49167899243207,168.57188784128118,522330
2016-02-23,160.7951202392578,164.19341979208914,154.3666923954414,161.675788570013,337470
2016-02-24,160.8050079345703,162.9992301212716,157.8346001669643,160.6109539472476,233880
2016-02-25,159.252685546875,160.61100313737188,158.72029720670773,160.61100313737188,458350
2016-02-26,159.3820343017578,160.90953417116168,158.12321880171615,159.41686685012272,472880
2016-02-29,160.40200805664062,162.4817872262609,157.9092491552883,159.31734028119595,324840
2016-03-01,168.2036895751953,169.0495403934246,160.5114822086777,161.0090379407665,380310
2016-03-02,170.96017456054688,172.65186123028647,168.2733762987019,169.07443384193175,551440
2016-03-03,166.70106506347656,172.7413833325009,164.75562046506428,171.49749408933664,475900
2016-03-04,166.23336791992188,169.66649932694173,165.41240402453383,169.03460903329545,255700
2016-03-08,166.1587371826172,167.97481250645373,165.2880146809234,167.97481250645373,1716350
2016-03-09,166.99960327148438,167.87529098261064,166.17862421502315,167.07919882179084,168760
2016-03-10,167.95989990234375,174.14451429436204,166.68117796746083,167.33795520843532,257950
2016-03-11,163.79534912109375,167.86535126706866,162.30268196088036,167.67627766397032,488430
2016-03-14,163.69085693359375,165.19845020820222,162.26287439894895,164.69094882315443,256510
2016-03-15,165.34274291992188,166.6811690442968,162.90970330338547,164.69094613033508,850720
2016-03-16,163.86343383789062,165.3626604123208,161.0343413680422,165.3626604123208,501450
2016-03-17,164.54080200195312,166.55802079184588,162.48372828276266,163.8683906719216,757530
2016-03-18,164.30674743652344,166.23930161651754,162.48377154096838,164.58567121505806,498310
2016-03-21,164.32168579101562,165.56688663341956,162.8722701864328,164.67033290676537,2294360
2016-03-22,165.81591796875,166.85690399352083,163.97301474008293,165.3427355937611,1929890
2016-03-23,171.81777954101562,173.13271885596907,164.66535358303818,165.19331749580454,949700
2016-03-28,167.83811950683594,173.8300249152473,164.6504086229296,172.1863660032938,477760
2016-03-29,166.05003356933594,169.05345754515977,164.61555969427866,166.85692132400408,229120
2016-03-30,169.00363159179688,172.23616799360232,166.63775007979572,169.44693037119654,239980
2016-03-31,170.4530487060547,171.85763886464244,167.91283601929507,170.34845609430607,971740
2016-04-01,174.0043487548828,175.81735306890198,170.5426847308535,170.5426847308535,1405480
2016-04-04,174.45762634277344,175.71776900645233,174.0790804168569,175.5235103759828,363600
2016-04-05,174.20858764648438,174.8262024148813,173.03311011930285,174.4625982882121,273710
2016-04-06,175.86717224121094,177.6154389676032,173.45147973328255,173.45147973328255,245660
2016-04-07,175.70777893066406,176.99780506140638,174.64688067812003,176.8135177856152,113080
2016-04-08,174.31814575195312,176.42004518841176,173.33692697047402,175.6231136826077,1271430
2016-04-11,177.11734008789062,179.94144659563443,174.86600762788143,175.32424814635323,1187080
2016-04-12,177.17213439941406,178.11351343670242,175.82234107947858,177.51581101300783,977830
2016-04-13,181.42076110839844,183.89125030650834,176.02157255481063,177.31658435700942,1099220
2016-04-18,186.44143676757812,192.35863364676857,180.5043124187033,180.5043124187033,1175370
2016-04-20,187.4525146484375,191.36244784956742,186.7900593701771,187.77127812052228,1794190
2016-04-21,183.9311065673828,189.27052839755362,181.79433766178445,187.45253820430244,717430
2016-04-22,184.04066467285156,185.56977479057753,181.60007432480853,184.29469048139086,592940
2016-04-25,183.4081268310547,185.2858842178552,182.70084606879934,185.27592808325082,339650
2016-04-26,186.1824188232422,187.0789725255643,183.3931811721206,183.79163935079362,679730
2016-04-27,187.23834228515625,189.66399077448384,184.1900782564669,186.182399341773,465030
2016-04-28,183.5326385498047,189.86822071651008,181.79931359469117,187.2184298127794,1238450
2016-04-29,186.8149871826172,187.66171459703116,183.49278479725567,183.49278479725567,249650
2016-05-02,193.34481811523438,194.74940828853602,182.92498616342053,187.2782033669809,718070
2016-05-03,194.03216552734375,198.2359645853202,192.3586229716665,194.8440388696129,708150
2016-05-04,188.6180419921875,193.74329286047876,188.57321658636752,191.47204776436828,450690
2016-05-05,188.08009338378906,192.45822344418463,187.27320573584132,188.80231589348293,382100
2016-05-06,186.5958251953125,189.17089183384306,185.76402440633717,189.17089183384306,355100
2016-05-09,187.2931365966797,190.27166229449074,186.28203418491412,186.8797366313647,491620
2016-05-10,185.16635131835938,188.8620989141925,184.28972505941636,188.27436776340372,312930
2016-05-11,186.59085083007812,187.2483205138596,183.2935614768481,183.2935614768481,328390
2016-05-12,188.5781707763672,192.9563007693488,187.57703973239015,187.57703973239015,1033500
2016-05-13,186.00808715820312,190.39118755418923,185.49506507639882,188.57816803389974,560170
2016-05-16,185.07667541503906,188.17473555984006,184.16020946612173,188.17473555984006,427820
2016-05-17,184.9920196533203,185.6843434171349,183.09433478676058,185.08665613329725,538750
2016-05-18,185.19126892089844,186.66061215410764,183.79664990648854,185.9832149183891,448040
2016-05-19,184.63339233398438,187.1785754358272,183.5027554962095,185.2858763276163,322400
2016-05-20,179.7870635986328,186.3816572082541,178.31275014400228,184.68817200203,484720
2016-05-23,179.9215545654297,184.8824301614606,178.71120786863818,181.6000827660814,389960
2016-05-24,175.54840087890625,182.6958407413368,171.8924782451772,181.46558184093797,957030
2016-05-25,178.2479705810547,180.80312460879819,175.62309322478495,177.80965754391005,1022650
2016-05-26,178.5269317626953,181.3012428912509,177.8146805279576,179.10969244579337,619450
2016-05-27,182.8651885986328,184.6781927878466,178.31771352593972,179.29893221742006,2068410
2016-05-30,183.2088623046875,185.76900223440106,182.12305094470483,183.09431356866781,517680
2016-05-31,181.36599731445312,184.7878068310161,179.17941731757765,184.7878068310161,425220
2016-06-01,179.16445922851562,183.19392700386337,176.72386881529025,182.89010531904464,1716460
2016-06-02,184.42916870117188,186.0728275738835,178.44721956951648,179.79702809610885,1857070
2016-06-03,184.86749267578125,191.35747861211615,183.7916373647435,186.2820389550517,1699900
2016-06-06,185.88357543945312,188.4735838988286,184.7828070240191,184.78779269112204,480810
2016-06-07,186.9544677734375,187.6766751815231,185.08666640737852,187.5770682287905,626870
2016-06-08,185.30581665039062,189.5594118718364,184.3445100280238,186.97935932108288,574780
2016-06-09,183.3284149169922,186.97933673326665,182.4468030807136,185.51497947320792,500870
2016-06-10,180.51925659179688,184.28972846823697,179.32386679853056,184.28972846823697,789840
2016-06-13,176.50473022460938,180.30508570619557,175.9219847304367,180.30508570619557,798660
2016-06-14,186.67051696777344,188.97164530899488,175.53344978552502,176.81849015262944,2500860
2016-06-15,193.94252014160156,194.4505566030213,187.2732172675814,188.07014883074976,3065700
2016-06-16,203.61024475097656,214.1346836458817,190.0773966669452,194.14671929926917,6193990
2016-06-17,204.82557678222656,209.1837796102397,201.4236796626454,205.70717348221936,1832920
2016-06-20,200.01409912109375,205.20408705998233,198.6344070350673,202.98265329574457,1266670
2016-06-21,200.53211975097656,202.55931039657096,199.8646939148759,200.427527134925,411640
2016-06-22,201.7823028564453,204.21293732295632,199.73021430854996,201.02522621941958,575400
2016-06-23,199.52101135253906,201.71754742580026,197.45896669613805,201.71754742580026,514630
2016-06-24,206.96731567382812,209.09411317752844,191.16322157849564,197.0405785005239,1704710
2016-06-27,217.352294921875,223.53844405384052,208.19757610512403,208.2971982503282,5237010
2016-06-28,218.76683044433594,223.8323137943162,218.1641575360975,219.155332471163,2202390
2016-06-29,228.92767333984375,238.0823920172251,217.21282973190682,219.6932599875534,3250930
2016-06-30,231.26866149902344,235.0640311655959,227.07980411735173,231.10927214604587,2998350
2016-07-01,234.57589721679688,238.08238683545164,230.73570230444136,231.208884676351,2038290
2016-07-04,234.2720489501953,239.04863673024957,231.98586242357098,236.09003882515856,1653710
2016-07-05,230.57632446289062,237.9827765682817,229.71465521659417,237.9827765682817,816040
2016-07-07,231.48782348632812,233.09164278777746,229.11695620587113,231.7069800517589,709600
2016-07-08,229.71963500976562,231.42806217017394,228.3250161035201,230.4966391432747,412340
2016-07-11,235.00921630859375,238.97891682394896,231.10925432986707,231.60733461937107,2822870
2016-07-12,241.9773712158203,248.0788547955519,235.5969638884602,236.5881388059186,2797700
2016-07-13,235.2781982421875,243.86012762479083,234.09775031624267,243.86012762479083,1101000
2016-07-14,238.8095703125,242.56509993510895,236.88200203252265,236.88698769946137,933110
2016-07-15,242.0869598388672,243.4616511680405,238.08238986211646,240.97124960044513,744560
2016-07-18,245.11029052734375,247.04783020143302,240.51800472748928,242.5651074760038,1363000
2016-07-19,248.87579345703125,250.13593602456976,246.16124970630528,247.04783204393866,1124050
2016-07-20,254.43934631347656,256.11290407613376,244.7666351074207,249.04015752241517,2789000
2016-07-21,259.868408203125,271.95184102174636,254.9274601897161,254.9274601897161,2734000
2016-07-22,258.98681640625,263.78333244967405,256.6209348222305,261.99025540931837,2104030
2016-07-25,258.996826171875,266.7668987673248,258.5037314326307,260.67535471272805,1846360
2016-07-26,270.46258544921875,276.43456331330935,256.12283432126327,260.794829913438,7122620
2016-07-27,260.411376953125,270.45764983544916,259.10142310476175,270.45764983544916,2122380
2016-07-28,265.48175048828125,271.95180786631056,260.9442468509314,262.4683711515286,3378160
2016-07-29,271.34417724609375,277.42073206666515,264.24653357742375,264.96872563040193,3522140
2016-08-01,281.7889709472656,286.2965922415935,272.8185385679361,272.92813205818095,3404200
2016-08-02,271.56329345703125,293.86734116327943,266.54765220004174,285.62910495006827,4341300
2016-08-03,263.5343017578125,273.83958544399144,259.10140487073033,273.7449489612117,2475730
2016-08-04,265.8354187011719,272.4499400649645,261.103655573901,266.57259826064706,2057380
2016-08-05,265.94500732421875,269.82504207356266,262.3887065426864,266.87142942348544,1464360
2016-08-08,263.19061279296875,268.76413288037816,261.4523173119798,267.96721651558903,908970
2016-08-09,259.4749450683594,265.17797073077315,256.6259098705447,264.3511403871838,1362620
2016-08-10,268.5151062011719,273.84457205952606,260.3964025255693,260.3964025255693,2727470
2016-08-11,274.99505615234375,276.7333512129954,266.9709913031174,268.96331213373765,1978250
2016-08-12,276.0211486816406,276.9326441339802,266.36835012853504,269.9595200011102,1748930
2016-08-16,273.9640808105469,279.16902609293504,272.9529935966849,277.01232985393176,1002410
2016-08-17,270.63690185546875,276.9276584147546,268.96335935999355,275.63266180762923,917410
2016-08-18,270.1288757324219,273.8395495434411,264.67987618661743,272.74379723437687,781290
2016-08-19,268.85382080078125,274.64151192564884,267.867601054262,272.0514880748365,715420
2016-08-22,270.7564392089844,273.84454315236405,269.5112384576546,270.2135487056336,736750
2016-08-23,267.21014404296875,272.44995920219236,264.54044058710485,271.74767926489125,890900
2016-08-24,270.0990295410156,271.65303781680944,268.2361834766974,268.2361834766974,585180
2016-08-25,267.79290771484375,271.6679569627358,266.52277852393996,271.12008074735843,616380
2016-08-26,279.7218933105469,281.31077073463234,268.1066870935754,269.84498253238155,2274830
2016-08-29,280.5089111328125,283.4077426583164,279.124263453172,281.58478180228536,1220560
2016-08-30,283.3578796386719,284.802294190988,280.31957173131747,281.4153544126517,983840
2016-08-31,295.5908203125,298.5494192564983,283.5073843237136,283.9058425840992,3560750
2016-09-01,301.8914489746094,306.51863450428203,291.87506125065534,295.06278739034843,2972970
2016-09-02,304.0780334472656,310.10479312119156,301.8366720213644,301.8366720213644,1574500
2016-09-06,306.1699523925781,307.6143669558251,304.3270492873522,306.7875670720748,1064280
2016-09-07,304.5611572265625,308.71017478450176,302.83283311659716,305.07419454591405,1071090
2016-09-08,311.7385559082031,314.2887250646502,303.82903690877436,306.48879955887935,3508550
2016-09-09,302.2749938964844,315.1852275718835,300.54168407166253,315.1852275718835,1281660
2016-09-12,293.16015625,298.5444038991276,287.38739131535175,295.8597433760971,1580320
2016-09-14,289.22528076171875,298.63901110632986,286.89426847838115,295.8597143683306,1379150
2016-09-15,295.4761962890625,297.50837262908635,289.8927350220776,291.57624903703476,1097800
2016-09-16,288.39349365234375,300.8355304345165,285.1111309365753,298.3003186061664,1825230
2016-09-19,295.2619934082031,296.73133636158184,289.9574564956983,289.9823544304182,1012840
2016-09-20,308.4312744140625,309.78606878896596,296.3528257956034,296.8558918186238,2736230
2016-09-21,316.2760009765625,318.67176597433445,309.80095715551306,310.30402311644457,2287650
2016-09-22,324.17059326171875,328.7329953974182,313.41204062664895,318.67176733699125,2824250
2016-09-23,328.2000427246094,341.1650873003853,324.7483499536723,326.64104898068257,3278490
2016-09-26,327.4380798339844,334.2318736494595,323.2541921513657,331.0242345328962,1741300
2016-09-27,326.0085144042969,330.5061637196129,324.5789959703029,328.832621202305,1359710
2016-09-28,322.2231140136719,325.24646535653625,319.0702569170131,324.9476293096352,2008710
2016-09-29,309.37762451171875,329.6992959639116,296.34782601091234,325.2464565827349,3013950
2016-09-30,305.7764587402344,318.5721426600195,302.8378032571538,309.10861711032675,2693680
2016-10-03,318.23846435546875,318.9606869203069,309.0090515688361,309.7063457966297,1674800
2016-10-04,318.75640869140625,322.80580362823696,316.2012849316603,322.44720043402924,1825880
2016-10-05,314.2537841796875,321.5606133000095,309.8457859071948,321.5606133000095,1166510
2016-10-06,314.73199462890625,317.5760139257017,313.9898597833298,317.5660729911407,1592320
2016-10-07,313.775634765625,315.5836687026007,309.9055714727775,315.5836687026007,906120
2016-10-10,310.79217529296875,315.46915719938886,309.8059859019916,314.104421868324,1076710
2016-10-13,310.5630187988281,311.7982481367989,307.7139838542866,310.2940359975295,1473430
2016-10-14,316.2760009765625,323.742219718461,309.96533216462336,312.794424586079,2332470
2016-10-17,318.47259521484375,320.29057029356636,312.3162988440993,316.77910982604885,1494860
2016-10-18,331.322998046875,334.7099377656123,319.2544925649841,319.26944956511534,3627530
2016-10-19,334.8294982910156,343.1773290400019,329.9284051298259,336.7022850958509,3081740
2016-10-20,332.4486999511719,342.6792587373516,329.72917047111446,336.204214604233,1922970
2016-10-21,326.282470703125,333.21574037642074,324.94761906835095,333.21574037642074,1690330
2016-10-24,320.8583984375,329.7242230448579,318.2733600716061,327.83650936510793,1286980
2016-10-25,323.61279296875,326.14304999162437,317.40673044784234,322.1584066675962,1244340
2016-10-26,331.5172424316406,334.9091676716524,319.7774874519355,323.01002336608235,2273920
2016-10-27,325.5502624511719,334.6750973315614,317.2771558406559,331.2732003196168,2435730
2016-10-28,337.02105712890625,339.6907602062769,328.2847093236447,328.7329937480099,3612970
2016-11-01,344.56201171875,346.66389603642943,339.6907716908691,342.6792535532521,1923550
2016-11-02,335.9601745605469,343.47618985714183,334.42109293576743,343.47618985714183,1331160
2016-11-03,333.4896545410156,338.4953554122326,331.0291366743112,335.90536220551934,853410
2016-11-04,318.44268798828125,334.70997800752593,316.8787084735166,333.4946607999346,2333350
2016-11-07,312.9388732910156,327.43801450971023,310.31401067704246,323.55296369360104,3383490
2016-11-08,306.0255126953125,317.57599640607657,300.84050999687776,314.78675880468,3408930
2016-11-09,302.0806884765625,317.37175835910915,247.04780605937646,293.8673499496615,2220340
2016-11-10,307.75885009765625,312.79443473656863,304.28721452811544,307.584503748879,2405410
2016-11-11,301.0247802734375,310.54807291781265,288.3884858389186,303.82398905110216,3546800
2016-11-15,281.69927978515625,302.6335790503078,277.4257422859024,301.84164839510197,5291000
2016-11-16,291.32220458984375,302.5339974158889,284.96669486594436,287.39234358339354,4135410
2016-11-17,290.6946105957031,308.6503994958319,287.257844333918,294.16126045974687,2933950
2016-11-18,293.1899719238281,300.4470049695156,289.88769736370057,291.8451491399977,3706610
2016-11-21,283.4774475097656,299.34627959450023,277.2315006889186,298.7186935119835,2640020
2016-11-22,289.041015625,291.7455883610326,286.4958322539426,286.4958322539426,3233450
2016-11-23,291.9895935058594,294.76390432006036,286.47584114518867,292.67196105903827,2289990
2016-11-24,293.8126220703125,296.40760121204806,287.20308616263236,292.37316257685916,3690760
2016-11-25,295.8746643066406,301.7171366773099,292.8712254130145,296.75624579249296,5163720
2016-11-28,293.0605163574219,298.58919603683677,291.3770023562197,297.35396650711647,3687870
2016-11-29,292.6819763183594,296.8060962576409,291.77048075489574,293.96703214876896,2775110
2016-11-30,297.8520202636719,299.3462611680047,289.75322969812265,294.36047248648214,40606220
2016-12-01,292.801513671875,300.74091584088967,291.8999894346339,299.744755119058,1663560
2016-12-02,296.62176513671875,298.74854727005174,291.1827065652249,292.37312573612576,1596900
2016-12-05,302.00103759765625,308.3117065029775,296.85585957314146,297.8520201757359,1474770
2016-12-06,298.7485656738281,303.2312884910759,297.85202719046055,301.73704755199327,2130310
2016-12-07,294.5845947265625,300.8404816724772,293.4788407241242,300.8404816724772,715780
2016-12-08,298.38995361328125,298.8730769104289,294.9730996626829,295.86966851993674,930490
2016-12-09,298.56427001953125,299.83935436911725,297.15469426106733,299.83436870206117,753280
2016-12-12,296.38262939453125,303.6296905292317,294.8634908007232,297.5481504877254,1054990
2016-12-13,286.3762512207031,298.84817059610015,282.5111433502616,297.83705302672087,2131870
2016-12-14,276.50927734375,288.12946829294754,274.9403123144016,287.89039948863064,1475170
2016-12-15,270.03424072265625,279.27860966641094,268.9633559416143,274.9403194069835,1979860
2016-12-16,281.89349365234375,284.0103345978343,270.85601889821834,272.0514235923041,1857870
2016-12-19,272.23077392578125,282.8897047555047,271.45376985560546,282.391624443843,1310810
2016-12-20,268.430419921875,276.3299664042247,266.5227638075247,273.6403509494126,1285870
2016-12-21,264.9687805175781,270.74154527341267,263.9825911316711,269.9495841238361,1001910
2016-12-22,254.03091430664062,264.1818086595758,253.23896843753914,264.1818086595758,1524380
2016-12-23,261.033935546875,262.9864018362721,253.1543014498679,254.51903662563456,2205350
2016-12-26,260.7799377441406,262.78223051955626,254.51906397062965,261.9902693709417,744030
2016-12-27,273.3016052246094,276.434518827172,259.5994136705709,261.49211240408164,1013620
2016-12-28,278.99969482421875,280.91729183705627,271.802428341574,274.34262573525604,1059110
2016-12-29,286.11724853515625,288.08965746583607,280.1203726717649,281.4153692906379,1389910
2016-12-30,288.3735656738281,293.0704901271227,286.61037217881426,286.8942816263898,756730
2017-01-02,293.83251953125,296.7562485776341,284.7824086289125,288.6873413135054,779620
2017-01-03,300.5068054199219,303.3309122981694,292.8811970016444,293.8673862987191,893630
2017-01-04,294.9482421875,302.53402684335845,293.6283474562126,300.84552710442756,855920
2017-01-05,300.6860656738281,301.2389274521699,295.85966686203227,297.2642568073047,769120
2017-01-06,296.71142578125,300.94012265455177,295.6604532463333,300.6412562349872,571250
2017-01-09,298.1160583496094,301.33363808247975,295.859739682058,296.9555225757779,772390
2017-01-10,299.85931396484375,300.8405176171928,297.8520356541081,298.4497381268072,349700
2017-01-11,300.6910705566406,301.55273971130697,292.11909800964213,300.3424082812078,901490
2017-01-12,300.7010192871094,300.8604086285947,297.8619859431016,300.7408742225828,524130
2017-01-13,300.8006591796875,301.0148300698345,298.54935679929895,301.0148300698345,400330
2017-01-16,300.1033630371094,301.65737119779385,298.20069257361786,300.64126789244705,220130
2017-01-17,300.81060791015625,301.82668074528556,299.6450866695129,301.7370299422219,537170
2017-01-18,303.4952697753906,304.820149962568,299.9439548972169,299.9439548972169,905970
2017-01-19,314.2637939453125,316.28101322517034,300.00375149967863,302.13551952863605,2799570
2017-01-20,305.2236633300781,315.5787743121878,301.5976538228469,312.79449149735836,919010
2017-01-23,305.1688537597656,307.021698087189,301.27884740528697,304.4914717734224,645690
2017-01-24,311.67877197265625,314.5875442604843,306.8175027788474,307.80369216679026,639220
2017-01-25,315.7530517578125,316.2810157018653,312.0722307514196,314.26878207367395,1248180
2017-01-27,315.7231750488281,318.27334401169327,314.78678155773105,314.78678155773105,747410
2017-01-30,319.3143310546875,323.4085367612274,312.2415843125536,315.72316094339925,1759710
2017-01-31,323.3387451171875,332.5183604123864,320.0215440515847,324.9475649857026,1846060
2017-02-01,331.5621337890625,333.4150085554344,315.3844932588762,325.74455877279064,1248820
2017-02-02,344.88079833984375,349.6524167558353,326.74071993137886,332.21960395461844,1705940
2017-02-03,340.6819763183594,348.6562476464535,338.69464057084053,347.6600869388922,688140
2017-02-06,370.7660217285156,373.36100077464124,341.593453342484,343.87466975113233,3866130
2017-02-07,367.707763671875,376.3295320314228,364.096681671711,372.3648020912339,1547120
2017-02-08,364.89361572265625,372.8629005249018,359.1158964011918,368.5794221038584,1169340
2017-02-09,356.32666015625,369.05260579031415,353.7366365061659,365.09286130994036,1233120
2017-02-10,361.7009582519531,364.69442591747026,355.1312774434003,357.62167910850127,1704820
2017-02-13,362.3285217285156,367.08518253198946,357.88565394729864,364.1166129882619,1054820
2017-02-14,357.9105224609375,364.06678719079036,355.8883178172969,362.5924586740863,716440
2017-02-15,361.44195556640625,367.58329473445076,358.11976817624674,358.5182263722993,1307070
2017-02-16,365.71051025390625,366.48751438162486,361.4419580187994,361.4419580187994,507840
2017-02-17,367.135009765625,368.47484710832765,363.7630265056873,366.08905320235436,451220
2017-02-20,362.7767333984375,370.10849039511896,360.89400588515247,365.59089893596786,426170
2017-02-21,361.0185852050781,363.57373970712496,356.74006183251925,363.57373970712496,605730
2017-02-22,373.5801086425781,376.0505976854261,361.6461250252717,362.4031863509844,1195050
2017-02-23,383.2429504394531,389.2946389266413,372.80317523074444,376.4491270856919,2003360
2017-02-27,382.1869812011719,386.1118564152494,373.7594709985405,383.24290900999387,1074820
2017-02-28,389.9122009277344,396.47190981801106,378.04792480246806,383.5168366444401,1667410
2017-03-01,390.8785095214844,400.4565845201215,388.0992127735208,395.3761590841871,1211130
2017-03-02,386.0620422363281,394.4746261015876,383.198080408461,392.4872904972724,884980
2017-03-03,374.730712890625,385.2701093819572,372.5640756801889,383.1931229801864,1003410
2017-03-06,380.3042297363281,383.42221734741383,376.05063482431706,376.9471733040812,817520
2017-03-07,379.049072265625,384.3187398488911,376.6483216182452,382.42604082576594,724610
2017-03-08,381.73370361328125,384.717230101813,374.76057951801573,379.04907394091447,722920
2017-03-09,379.024169921875,383.22301380954195,376.150267121946,379.63682939325565,836780
2017-03-10,381.13604736328125,382.9241386632304,377.77896051636225,378.7900781442365,600870
2017-03-14,391.61566162109375,393.4834628688891,382.59543409117265,388.5026595414348,1443650
2017-03-15,392.3527526855469,396.27264189176054,389.50374819632293,392.4872440836041,936410
2017-03-16,402.45391845703125,406.5630814465264,393.4834862668068,393.4934576021861,1105990
2017-03-17,395.3860778808594,404.4411734109019,393.48340762883316,403.4450128852593,1143950
2017-03-20,395.0573425292969,398.2649807568005,392.72633046092335,395.47574334175727,464360
2017-03-21,404.1871643066406,407.33004967883505,394.47958444737344,397.4680661477323,1096270
2017-03-22,409.2078552246094,420.08095720400803,395.077318872087,400.9546606121583,1409960
2017-03-23,413.2572326660156,418.39742503091037,409.51664473378054,418.3874536967391,795100
2017-03-24,411.349609375,417.8844210261863,409.07337856534144,410.4182015680375,518850
2017-03-27,402.9270324707031,417.3912727937775,399.46038279309016,412.9085502936057,658880
2017-03-28,407.50439453125,410.8664364318854,404.5109271749153,404.9392689209725,743780
2017-03-29,404.7052001953125,410.4181666362692,401.45272124858366,409.3223838976925,1079920
2017-03-30,404.5009765625,409.65609558072543,402.4488881293189,406.23428630304477,797770
2017-03-31,408.2664794921875,410.4181901565917,403.4450655665525,403.4450655665525,656650
2017-04-03,408.25152587890625,411.8077960802162,404.9392797576257,408.2664524795409,455440
2017-04-05,411.2947692871094,415.1449200523308,407.03120338500264,407.5292836558114,925210
2017-04-06,416.230712890625,417.9042856304512,409.0484042169745,411.2947510025232,552020
2017-04-07,420.9974060058594,427.35790143841655,412.4553467338969,413.90474709302407,1470250
2017-04-10,435.6210021972656,437.31448731514115,421.70962357798896,422.4717010011553,1617290
2017-04-11,435.8053283691406,443.7895705893366,432.9812214320507,436.81644602339867,785050
2017-04-12,448.5661315917969,451.0614882518593,436.3183241618061,437.28460111854605,1454180
2017-04-13,459.4193115234375,464.18095799591595,445.38341225707416,448.27725759651327,1332430
2017-04-17,447.6197509765625,468.0958232102873,445.4829976010071,463.0054575350345,1370180
2017-04-18,435.262451171875,454.7473516952852,433.3398683501821,450.76270896411074,1293930
2017-04-19,432.3387145996094,440.80109459102556,430.8394879336013,435.7505527196128,861160
2017-04-20,433.8678283691406,443.29648549839476,432.3437037542776,443.29149983096005,1042090
2017-04-21,428.75250244140625,438.1114203476708,427.0839455941787,437.7129621871816,731370
2017-04-24,435.4964904785156,437.11525142501955,425.36056871210826,429.3452110419641,873760
2017-04-25,450.6979064941406,454.2442357026247,435.83022209960956,437.3144916255154,1529420
2017-04-26,451.6791687011719,455.7434907176207,441.29916150361964,453.751169446724,908970
2017-04-27,450.7377624511719,453.93044371926953,446.2799377960074,451.6591988232883,724450
2017-04-28,455.80828857421875,473.1763485352643,451.2608123925784,452.75505349321605,2109480
2017-05-02,454.86187744140625,465.3813312876611,450.26460585094867,456.31629385302523,1215570
2017-05-03,454.53814697265625,463.2146976356084,453.25309123484266,457.13811165105926,854700
2017-05-04,455.2055358886719,460.20628151985454,454.2492302318771,458.13425046298903,792200
2017-05-05,441.1398010253906,457.13813944570944,433.88775234071466,454.647737694098,1201400
2017-05-08,440.3976745605469,446.07580282259914,437.47394528046783,443.1620144774358,533860
2017-05-09,436.1639404296875,443.7895486295161,435.3221835041494,440.40260865945123,494350
2017-05-10,437.458984375,441.47849649089665,433.9276116796476,438.3107127268335,1043460
2017-05-11,447.8538818359375,451.1561567503498,436.4428752164445,438.31067639426095,1353840
2017-05-12,437.86737060546875,450.7626770266726,434.82410723125435,449.2684361083521,874150
2017-05-15,453.34771728515625,457.2327376120216,436.43788472868226,441.0003173795316,1881130
2017-05-16,454.996337890625,459.7231149056862,450.76265549098594,456.639996742168,1050340
2017-05-17,446.95233154296875,459.2300227272387,438.9482081161231,455.7434607325634,1702950
2017-05-18,430.24176025390625,440.8010687723772,428.3540468470396,438.8087475575868,1637650
2017-05-19,415.3890075683594,436.85130152117904,406.931613625306,435.2225691779259,2533640
2017-05-22,394.89801025390625,423.1640681253695,393.4834487833655,418.4372604004757,1926740
2017-05-23,396.7757568359375,400.9546580212261,378.640665741866,395.33629741352684,3926270
2017-05-24,393.8769226074219,401.552357310213,391.60069191258316,400.14776716939656,2266040
2017-05-25,398.17535400390625,399.9584900307283,393.0102636070241,395.94396393709627,1085310
2017-05-26,399.1964416503906,406.4335636941521,394.97771569787085,400.5562216717945,1615140
2017-05-29,398.2699890136719,405.038913796475,393.0451314306826,400.5113504065934,786510
2017-05-30,413.85491943359375,415.77251636357704,392.68650739950925,398.46422652394324,1812700
2017-05-31,417.59051513671875,420.37975251933807,409.9848196017515,416.1958660450016,2835160
2017-06-01,418.9453125,422.3770931695548,412.5101233364896,412.5101233364896,945180
2017-06-02,428.9267883300781,430.52563692747964,418.89547488094314,420.3797443449313,1279320
2017-06-05,428.822265625,432.6774025100227,428.1498389401451,432.2341037208119,574130
2017-06-06,422.7805480957031,432.33871081586705,415.996696453401,432.33372514851624,921330
2017-06-07,423.7816467285156,426.35671322501526,416.5146421771577,425.8536472857664,942670
2017-06-08,426.3567810058594,429.3452631157135,421.97367999148906,426.21730391520174,586810
2017-06-09,422.5912780761719,428.2494633512997,417.4809690060512,428.2494633512997,1043040
2017-06-12,413.67071533203125,421.87408465273757,412.41055737009054,421.87408465273757,635750
2017-06-13,416.0813903808594,421.3660157358548,413.6706984483236,415.79748092591785,613270
2017-06-14,411.2549743652344,417.87943685357646,408.7247177081871,416.8932475015969,846520
2017-06-15,408.2664794921875,413.40168645640705,405.4373868779923,411.41435081231157,1480210
2017-06-16,418.3575439453125,423.86631052531266,408.6250663963162,408.6250663963162,2550110
2017-06-19,422.6161804199219,427.153684995427,414.6668376949779,421.3958775137771,1320570
2017-06-20,424.8027648925781,427.1487342496204,420.26027460155484,421.5752140016962,1053080
2017-06-21,425.2012023925781,431.2379334171244,423.1789975167042,424.86251142425164,2037090
2017-06-22,420.3797912597656,429.84331736632436,418.1932113527307,425.55983876246717,743430
2017-06-23,408.55535888671875,421.9736436193887,407.38485192100404,420.6487329739902,930200
2017-06-27,402.055419921875,410.16415159964134,396.6910852291249,409.0235586283777,1226180
2017-06-28,409.2377014160156,413.9047111907914,393.4834197842661,400.95462395738514,1116920
2017-06-29,408.3013610839844,415.269500216948,405.9354794552574,413.4066845986057,1429180
2017-06-30,410.2886657714844,412.5897943496445,403.669189459038,408.4258502939652,867100
2017-07-03,411.48406982421875,415.25949664191,407.72356960744133,410.91625098131004,1080620
2017-07-04,411.68328857421875,417.2916777301235,408.9637895372799,413.30703524924303,879380
2017-07-05,413.3319396972656,415.7974433512396,410.2587926475797,411.92737995298495,1794310
2017-07-06,413.7306213378906,418.4593936056044,410.61131775124636,414.7770496997493,983930
2017-07-07,410.1827697753906,413.9099729798375,406.60504763816306,412.6343505175022,936210
2017-07-10,408.89715576171875,413.11270417168635,407.67138064527364,408.722766258997,174300
2017-07-11,410.9102478027344,412.8037454476696,407.7161889571637,409.1064387900437,1033300
2017-07-12,421.48394775390625,423.44721332022067,407.9005453814081,407.9005453814081,2130390
2017-07-13,434.9627380371094,435.8596852492729,422.5603108609715,425.8689365989364,4095450
2017-07-14,438.48565673828125,440.88742055558714,431.3352003544595,438.49563228034197,2299050
2017-07-17,443.10980224609375,446.80212136385944,438.49562748170234,440.37918011628466,1694230
2017-07-18,440.44390869140625,445.45175216289863,437.8976517308798,443.4934742976859,1034250
2017-07-19,454.88934326171875,458.02357910076967,441.36573376519675,441.4853186016351,3556760
2017-07-20,466.33013916015625,473.07701198203205,451.2219675787755,457.928968645019,3474840
2017-07-21,489.3611145019531,495.79901887454747,466.290271766619,466.67892251929584,5162030
2017-07-24,493.3026123046875,502.74522345949435,488.8229855297128,493.30760007585695,3210070
2017-07-25,494.1546325683594,498.39010128382625,490.3177901199365,493.20786857254933,1476440
2017-07-26,493.8507080078125,497.96656168216805,490.8161057084611,493.20789384652517,1229250
2017-07-27,491.7579040527344,508.05696635300694,487.33806988373635,493.3075801619449,3214780
2017-07-28,490.9456481933594,499.685651640754,487.32805470032525,488.0206857173273,1660770
2017-07-31,497.47821044921875,499.26209869099637,491.015398218757,492.3109411617839,1474390
2017-08-01,504.9925231933594,506.70165599222867,497.29392873500433,500.7819623032859,1464870
2017-08-02,498.524658203125,508.25628580318084,496.73581242470107,505.2665429455151,1423690
2017-08-03,509.7561340332031,515.9997281649567,499.2870464857816,501.05098378508006,3115780
2017-08-04,529.0001220703125,532.3536072517082,510.1099130365559,510.349082733524,2681860
2017-08-07,541.4473876953125,547.6212137739792,529.2642103181909,529.2642103181909,2430570
2017-08-08,531.7855834960938,546.116423430142,528.4121470110796,546.0267652011679,2571080
2017-08-09,510.4388427734375,531.7756159701286,505.86453947216364,531.7756159701286,2250190
2017-08-10,500.75701904296875,515.7256539664638,494.64797295202015,508.14667530453465,2379010
2017-08-11,497.49322509765625,515.1725615140984,489.620211219459,497.2938967412827,2887370
2017-08-14,520.4195556640625,522.7066918409918,503.2185592756296,503.2733639269797,1956240
2017-08-16,533.848388671875,540.4955654896416,515.2073280199481,525.0984409919256,2243580
2017-08-17,528.63134765625,543.7843768380809,526.2943338829324,536.5591655200578,1822990
2017-08-18,529.1346435546875,534.6656554108852,518.3266920126558,527.8839296530792,1513270
2017-08-21,519.9013671875,534.1674269273982,516.3335901031008,529.682812335657,1645390
2017-08-22,521.6702880859375,527.2062879863109,515.8352652381805,523.2050008575891,1307270
2017-08-23,533.3004760742188,535.6623685354094,520.2601898189426,523.1901408352469,1946470
2017-08-24,548.7423706054688,550.2123031359796,528.5915335435737,538.1337472180097,1856890
2017-08-28,555.892822265625,561.0750551893289,551.1142338092346,553.8000266745485,2147500
2017-08-29,542.4340209960938,556.4509347453635,540.6949920728916,555.5938897111586,1507160
2017-08-30,547.0880126953125,556.784724539971,543.1365430086779,548.019813322278,1395150
2017-08-31,548.403564453125,552.1058897373065,543.6897556532346,547.1229845952731,1433420
2017-09-01,547.6511840820312,555.3945770611166,546.1363615032142,551.1092909424112,912000
2017-09-04,535.8864135742188,547.6211774209695,532.677452431896,547.6211774209695,1218800
2017-09-05,537.7451171875,542.5785102452169,535.5824928290134,538.2533223547148,1057810
2017-09-06,543.7494506835938,550.1126291424125,533.3999488251924,537.147102553035,2588950
2017-09-07,560.4572143554688,563.0682516474326,544.133213096457,548.1195370019256,3566240
2017-09-08,557.5621337890625,566.0580111925701,553.1024581195007,564.5631396841391,1788180
2017-09-11,571.3696899414062,577.0202860741417,560.0784123897541,562.9685210547358,2038300
2017-09-12,565.9483032226562,576.6216450033027,564.0647508520245,576.6216450033027,1485370
2017-09-13,570.378173828125,576.8509621631729,565.9483642534775,569.1473501398914,1612750
2017-09-14,566.1177368164062,575.5254628323876,564.0747581612563,575.5254628323876,1411180
2017-09-15,565.5148315429688,570.0442747012723,560.1083923266992,565.5496851108155,1839790
2017-09-18,560.7213134765625,570.5425993689126,558.8128220099917,567.0545660103255,1399010
2017-09-19,563.1928100585938,565.4401049697143,558.0853326835877,562.0716564884705,1041300
2017-09-20,558.3743286132812,565.55969928945,556.8844449323724,565.0614088054946,1267780
2017-09-21,546.754150390625,560.078431337647,542.3691703698502,558.6831938329094,2441830
2017-09-22,521.3762817382812,544.0335972087278,518.2221247419511,542.150044503138,2489320
2017-09-25,509.3126525878906,521.6901708270142,498.46485932749175,521.2118314404505,2613730
2017-09-26,515.2821655273438,523.7082744500459,498.78876305031537,508.2562820292924,2347720
2017-09-27,505.4010925292969,522.0190677946487,502.7750919796844,520.215258698504,1866290
2017-09-28,502.6505126953125,511.3855592515832,500.4978942106869,505.26653766844794,2766350
2017-09-29,513.6826171875,522.8062831268815,504.5290246262834,508.1565630606302,2368210
2017-10-03,530.7241821289062,532.6575515945559,512.3422393059482,519.2186721545149,2977400
2017-10-04,525.6466064453125,532.9714517098671,523.2049710816374,532.9714517098671,1164120
2017-10-05,524.0719604492188,530.7789300249535,519.1488486760993,528.0882104233409,1288490
2017-10-06,527.9835815429688,533.5694590680325,522.7615071548754,526.693026258384,2575320
2017-10-09,528.7659912109375,534.9298425799446,527.1913761185264,530.0665221836591,1312150
2017-10-10,531.5413818359375,534.1673823376877,528.865564452622,533.6690918690891,943630
2017-10-11,528.3074951171875,543.0170398598996,523.2099932248581,534.6656865257742,3241560
2017-10-12,537.371337890625,538.4525891197376,527.1912383486601,529.1794121602474,1443020
2017-10-13,535.687255859375,542.9373465377985,534.1674454200784,539.6486412219634,1317880
2017-10-16,533.5991821289062,541.801021598368,529.7025784634272,541.0436713815609,1364980
2017-10-17,533.8434448242188,539.6136869845385,528.9602350621105,536.1605075098852,1386370
2017-10-18,529.687744140625,536.1405812352391,481.05956500702166,536.1405812352391,1011220
2017-10-19,528.7957763671875,532.4731623185796,523.2049721205947,532.4731623185796,211220
2017-10-23,526.9222412109375,530.8786993246974,521.7101421587142,525.6964660720569,887070
2017-10-24,523.4840698242188,531.6759360241724,522.512366903548,531.2772793141833,830740
2017-10-25,497.99151611328125,535.7618978676041,488.94254399712213,525.9954166594944,2423900
2017-10-26,496.4966735839844,504.96761220714546,486.849746249664,497.2939262302804,2331690
2017-10-27,501.6738586425781,507.1849501044426,497.1743114478866,497.1743114478866,1588400
2017-10-30,497.7772216796875,505.76483259978966,495.49507319957576,504.66858747111314,1106100
2017-10-31,499.3219299316406,514.1111872838298,486.43115803464605,499.7853364145203,3186070
2017-11-01,500.54278564453125,508.1566487130341,498.29050283946054,503.27340786785516,996290
2017-11-02,496.5115966796875,505.06723600442484,495.30075442058194,505.06723600442484,795400
2017-11-03,501.53936767578125,506.48240095834956,494.8024703313794,497.1942586672519,1237010
2017-11-06,499.2471923828125,503.2733880025393,497.4932305630527,501.280226069856,794960
2017-11-07,496.3970031738281,502.0774966372275,493.8058864860066,502.0774966372275,1014530
2017-11-08,500.5527038574219,502.7202856761596,493.30757128449375,498.78876652098813,1409280
2017-11-09,498.9631042480469,507.65827823543503,497.4333794089674,498.7986903055429,1395970
2017-11-10,501.02606201171875,505.789717519127,497.29387139014887,500.38327827702335,849730
2017-11-13,498.12603759765625,503.2733867921377,494.5632788994959,501.08089650616415,849850
2017-11-14,499.7255554199219,504.17029795383536,494.7526261975381,496.1328701362059,658220
2017-11-15,488.5887756347656,503.1737172043185,483.341762317644,500.7669656865562,1162970
2017-11-16,496.77069091796875,499.22227151845664,488.8279395973468,493.2079018866602,843340
2017-11-17,511.2210388183594,517.7885334043194,499.79028562933684,501.28016913869124,2272230
2017-11-20,515.5860595703125,519.7169066050175,512.651121705553,513.9167988332791,859750
2017-11-21,518.8399047851562,522.6070095042792,509.75109251781805,518.2220295391307,1054690
2017-11-22,515.8651733398438,520.314873076913,513.2391728880741,518.8200016995692,1042440
2017-11-23,511.6047668457031,517.1258640752533,508.35593372526296,517.0261694873012,819410
2017-11-24,514.2955322265625,517.3251162379687,510.6131585347819,512.3521873236289,673520
2017-11-27,513.423583984375,514.2308121674987,510.3491096782951,514.1361661684828,953400
2017-11-28,522.2283935546875,525.6765248756415,510.513579067886,512.7459107691104,1536010
2017-11-29,528.7460327148438,533.0712211803605,520.6986286733807,524.2016256178321,1618510
2017-11-30,519.627197265625,527.191272724889,513.3387744985059,523.3544607605976,2822180
2017-12-01,508.1416931152344,526.4189538801525,504.2699663488771,519.5923986267704,988230
2017-12-04,503.9510803222656,511.94367952634457,498.7887979641912,508.2563176058692,1317940
2017-12-05,498.65423583984375,506.6916639332484,496.57637299760614,503.37805039933767,1548860
2017-12-06,494.76751708984375,501.5741814511783,488.8229158605165,495.30567927438665,2087150
2017-12-07,505.2864685058594,507.5586718831458,492.3109953267813,492.3109953267813,1206190
2017-12-08,510.7576599121094,513.0099423598161,505.28641037803914,507.25965140496015,1410240
2017-12-11,508.8841552734375,514.1361565498806,504.23509644409836,514.1361565498806,815430
2017-12-12,509.2229919433594,511.1464163766815,505.6153736096201,510.24946915109865,1182850
2017-12-13,503.8862609863281,510.7477304733127,498.4050658300292,509.73618622338756,1170020
2017-12-14,509.8757019042969,511.44532898383346,498.29044896584105,498.29044896584105,1615850
2017-12-15,515.2671508789062,516.976313793213,509.40229328198126,514.2357164670802,1457000
2017-12-18,519.2784423828125,521.5905173747169,498.69406506774897,503.2733555291426,998800
2017-12-19,526.1449584960938,526.9920280273857,518.3417121252156,523.7033228465468,917370
2017-12-20,529.4534912109375,532.1741372797533,525.2977055573507,526.9919050510622,1007080
2017-12-21,533.5046997070312,535.1639851377204,529.69276530123,532.17424220399,877110
2017-12-22,540.9590454101562,542.6283061960276,529.7823642302021,529.7823642302021,1164520
2017-12-26,538.5075073242188,541.6417740367976,533.6691260288962,541.3328363595505,597370
2017-12-27,530.8088989257812,540.0272724121637,526.274467916693,539.2499100998486,789240
2017-12-28,528.760986328125,533.8684640505667,524.8344546801546,527.2909928291939,1372760
2017-12-29,521.2516479492188,531.1776155328785,516.7521314491356,526.1996988425482,788920
2018-01-01,515.4168090820312,529.0600071793918,513.3987079639859,519.0194401333181,448990
2018-01-02,508.3659362792969,521.1122466236739,503.0491849825473,518.212161754051,791230
2018-01-03,508.2015075683594,516.2090091747549,507.1401463656552,512.1778560435258,1194130
2018-01-04,504.5240783691406,511.7443022662536,503.37302862341585,510.2494308867027,792050
2018-01-05,510.9669189453125,512.7358743356447,505.8744052533592,508.13666331254467,1518180
2018-01-08,520.3397827148438,523.5039147872701,512.8554507069306,515.2323057956892,1810680
2018-01-09,513.8770141601562,522.4475859746127,508.7545734937169,521.2118353324465,2335100
2018-01-10,518.1773071289062,525.4573242629243,511.24606902523004,514.2358121189449,2600210
2018-01-11,512.8804321289062,518.0227630414153,511.74431525326196,518.0227630414153,711600
2018-01-12,504.0008850097656,515.2323411495013,501.4795364717337,512.880424751505,2247580
2018-01-15,499.3219299316406,508.77448545470634,498.40007432341275,503.4726980209589,1731850
2018-01-16,493.98529052734375,504.27001432420076,491.81275112449225,502.1771880240017,1241860
2018-01-17,494.79248046875,499.48639877677624,487.3679704240839,493.3075845424644,1406370
2018-01-18,490.5769348144531,502.77507557790346,486.7799639314529,498.98808023636735,2110860
2018-01-19,495.60467529296875,500.3832942649826,482.5793551546302,490.31782072437557,1104060
2018-01-22,503.4178771972656,504.76326757352604,493.40723850323945,498.2904791159281,1048910
2018-01-23,499.7454833984375,507.1600482289783,497.05473303439067,502.47613593012454,1783010
2018-01-24,499.7305603027344,505.545601845909,493.20792436129034,499.7853649578397,880030
2018-01-25,491.6183776855469,505.26656163480015,488.32468481469834,500.78194718242025,1490770
2018-01-29,489.5604248046875,499.2870647809598,488.2250099576563,493.25776209211347,1004040
2018-01-30,485.8979797363281,492.21131136237994,484.3383281601199,490.81610415403094,1043320
2018-01-31,479.5896301269531,484.6821747158168,472.02558418857507,484.4380172434564,2201610
2018-02-01,502.1173400878906,506.26312047205334,475.3691111519084,479.4600868832283,3508580
2018-02-02,491.8874206542969,513.049801070408,487.422727357296,498.3901048221503,3751600
2018-02-05,490.1184997558594,497.78220970553826,474.6764827793212,479.35543764553717,2959400
2018-02-06,488.7830505371094,493.20787208323446,448.4613965945578,448.4613965945578,2630800
2018-02-07,499.4913024902344,503.8712948864544,491.070212371102,499.18735262349855,2014350
2018-02-08,503.9958801269531,515.6309803452681,495.7989961679614,498.29044841001144,1545860
2018-02-09,504.2051696777344,507.0603643059352,494.42372543047514,497.28390782943677,1446000
2018-02-12,521.7550048828125,522.6071230361865,502.5558869132516,507.8876015734643,1411760
2018-02-14,517.1259155273438,533.1708456162315,513.4684193894541,524.2016164376407,1545470
2018-02-15,511.28094482421875,527.2910222201151,509.4572148395964,518.2221587721943,1041970
2018-02-16,504.0955505371094,518.2021216763909,501.2801973034607,515.1177329592717,884680
2018-02-19,498.3652648925781,510.2345180569024,495.3007660960044,507.7580288247771,1469280
2018-02-20,499.7155456542969,503.1736825403087,495.9185749171171,501.28018494225927,1078990
2018-02-21,495.6445617675781,503.2982962875248,493.81584421061643,502.27680687998975,1008450
2018-02-22,493.491943359375,501.2802260439923,490.83108921079304,497.1942379995548,1234530
2018-02-23,500.248779296875,503.97102515629416,492.31101526112985,492.6249407099931,1363960
2018-02-26,517.5194702148438,524.2015622941307,501.28518897592613,503.37302721337994,1692300
2018-02-27,510.3840026855469,520.9626999059686,508.36590189908014,519.0193548572367,829610
2018-02-28,503.4428405761719,511.42543375946616,501.3001670810069,507.2597324503089,1304850
2018-03-01,498.23065185546875,507.0503988017961,496.89523711439807,503.4726770614846,849160
2018-03-05,502.0226745605469,505.02738077563436,493.52682789604586,498.2306912787385,1141330
2018-03-06,496.3620910644531,508.051996504191,493.80585850613033,505.8146467343752,868420
2018-03-07,481.96148681640625,496.2973135267181,478.9568110644561,496.2973135267181,1237700
2018-03-08,484.7967834472656,487.228443513819,478.3588787201964,484.73200324937983,1023510
2018-03-09,494.927001953125,497.2938816503587,482.8434582356689,487.6669062638115,1400740
2018-03-12,502.2818298339844,506.048904932925,495.021733338311,498.5396631782919,1077040
2018-03-13,508.0968322753906,510.24446302461183,499.9448073333422,502.17713894833673,925700
2018-03-14,509.4123229980469,511.684526351739,503.6172023299709,507.259704492459,789750
2018-03-15,501.72869873046875,512.2476035113303,500.2886319376247,509.4023539089874,822930
2018-03-16,499.421630859375,506.7614402170074,495.4602152883052,495.4602152883052,1782450
2018-03-19,494.64794921875,503.2683679418715,491.5386216693766,500.2836130052982,842920
2018-03-20,506.3478088378906,507.259688896505,492.5651080793635,492.80926553894244,1077770
2018-03-21,511.3955078125,513.2241948159166,507.2596727902039,507.2596727902039,999530
2018-03-22,510.2344970703125,511.7891609618589,507.25971745139276,508.25629842870393,739660
2018-03-23,510.9172058105469,513.4086585132696,502.2768648689191,504.16041771053324,1737720
2018-03-26,513.3438110351562,517.0112216337645,504.58388637792285,511.04669924346496,1264820
2018-03-27,524.0969848632812,526.0402691535969,509.35255557509595,516.2289583977464,1297190
2018-03-28,515.3868408203125,528.0882599260075,500.43809643475817,521.2118271681521,12294620
2018-04-02,524.9390258789062,527.6895989598275,505.3811252564575,505.76481864421623,2394740
2018-04-03,536.3200073242188,539.9924058975774,521.4709868335041,525.0985562930149,1897500
2018-04-04,521.0672607421875,542.6980651178632,518.5011137152032,540.1468205755099,1887800
2018-04-05,542.5237426757812,548.1195351064961,529.6827871074594,531.4766206934219,2053870
2018-04-06,546.5499267578125,549.5098039792326,539.6536032187782,544.4621187442488,1216930
2018-04-09,554.228515625,555.9924832023988,543.5900271657075,546.9235609281823,1376360
2018-04-10,539.4392700195312,556.6850957241505,537.6504242805412,556.1967808003989,1579070
2018-04-11,540.166748046875,545.51838211011,532.1741505165951,542.0453125988168,1462510
2018-04-12,540.2216186523438,543.5352624028792,534.6906066678378,540.6451533814034,796540
2018-04-13,529.8621215820312,542.3393338195847,527.5450588418635,541.940677132029,1798690
2018-04-16,536.7734375,537.85474972596,529.1794955434159,530.1810642621343,801130
2018-04-17,540.7546997070312,543.1165913649437,537.157057574688,539.1502191983417,1297340
2018-04-18,535.3482666015625,543.8241913614584,533.649079268107,541.6416769275326,833550
2018-04-19,536.6788940429688,539.3497241943409,534.1724778818757,535.6723373610834,652880
2018-04-20,526.82763671875,537.1472140979308,524.6999264301439,535.1640275270414,1573930
2018-04-23,527.5899047851562,533.0561359259306,523.8676292342284,528.0732318793252,878050
2018-04-24,540.9093017578125,543.5353024284203,528.1879306781254,528.1879306781254,1420750
2018-04-25,541.572021484375,547.8754086603547,536.2851664228128,542.4390421137974,1392980
2018-04-26,532.0994262695312,546.0764972341,529.702680918566,541.6516757596953,1617000
2018-04-27,541.6666259765625,544.9303917352069,533.968002483368,533.968002483368,871730
2018-04-30,546.3855590820312,551.5976587272847,538.2633988538698,544.0336423039133,931480
2018-05-02,541.8309936523438,551.2087918024812,537.5556841067119,546.1262542775632,1043240
2018-05-03,538.3580322265625,545.1297827893982,535.1639732320052,544.133201833659,910650
2018-05-04,532.9765014648438,540.4558468350223,530.0017217387987,538.3530754955266,566890
2018-05-07,538.2832641601562,541.1284832591501,530.1960196218068,538.1537037727599,579780
2018-05-08,532.2440795898438,542.0404889118151,530.181149397334,539.1503793683415,744720
2018-05-09,533.1209716796875,537.5557689087057,529.3937687965686,532.2738414075875,450010
2018-05-10,522.004150390625,536.3599295118562,520.7135949713447,533.6691485304405,871630
2018-05-11,532.7173461914062,534.6407401232203,523.2149736092007,525.6964504392278,629420
2018-05-14,536.8034057617188,538.6520440989171,530.2359100422645,532.5429975485688,708700
2018-05-15,537.9046020507812,542.0703033881435,530.0963679122713,530.181099195953,1296930
2018-05-16,530.101318359375,535.153991041375,528.2875337432873,533.1708046963291,824530
2018-05-17,555.0208740234375,558.9773323141917,526.3941084707028,535.1640093070876,3930300
2018-05-18,571.0209350585938,580.4087714321173,544.631490884246,555.9875503096071,5890240
2018-05-21,570.2486572265625,575.5255366742659,560.158274440715,571.5392126107213,1630750
2018-05-22,595.13818359375,599.9417109038177,566.2722514500475,569.5459929925777,4291380
2018-05-23,577.025390625,593.9622799670012,575.0272408405364,592.8660651902705,1623480
2018-05-24,580.6478271484375,585.491195031539,568.4197617894386,580.0100008652862,1544930
2018-05-25,605.0940551757812,607.6453000455376,582.9998719324221,584.3951096317396,3166080
2018-05-28,598.8803100585938,610.0071133401102,595.9703110109352,605.9211561898121,1513430
2018-05-29,586.7719116210938,603.4297896379189,584.5047263640048,598.8803949840554,1176730
2018-05-30,593.84765625,597.4802133208175,579.5118293799638,582.8653145847246,1979760
2018-05-31,602.1590576171875,613.5848841649067,591.0522050765712,597.4502372918885,2647680
2018-06-01,586.2088623046875,604.8250494099801,582.999900595555,604.8250494099801,1538040
2018-06-04,572.8895263671875,589.4178434306612,571.0408881570845,578.2411612382485,1031830
2018-06-05,575.121826171875,579.8107563449865,566.317072835797,576.0187733138406,1376320
2018-06-06,589.45263671875,590.9624713120129,575.7596255070432,578.7145145049532,1231560
2018-06-07,599.36865234375,601.9348603125288,588.685334350803,591.8694176080896,1471870
2018-06-08,600.4898681640625,602.6723829826851,590.5738750689237,597.7293801616783,1836740
2018-06-11,604.820068359375,612.6980098328842,597.2609792906385,599.4434941963326,1481930
2018-06-12,605.7766723632812,609.9075197186572,602.4630894835036,609.9075197186572,1069110
2018-06-13,605.4029541015625,608.7116100348328,599.4533952423836,605.721867293182,937900
2018-06-14,600.739013671875,604.9246660304618,597.0815784391505,604.9246660304618,659100
2018-06-15,595.8656616210938,601.2621861458664,591.0073297134896,600.43999473467,2511270
2018-06-18,597.5250244140625,605.2485266363499,594.2213561917284,594.5502449306705,976770
2018-06-19,589.2982788085938,597.126403027248,588.082418369989,595.4571420328696,1246850
2018-06-20,592.7214965820312,594.9488403648348,588.8348066198929,591.6651232280537,1493340
2018-06-21,597.1065063476562,601.3369877421982,593.0254756042485,593.8626303912088,2296230
2018-06-22,615.5382690429688,616.8836290406576,597.0516431302464,597.9037612334937,2425970
2018-06-25,614.4569091796875,627.2081448496502,612.4986009343519,617.880162161183,2624200
2018-06-26,606.3547973632812,618.6276956019598,604.0277586808419,615.3788316004318,1649960
2018-06-27,595.4672241210938,609.808041743761,591.9692144850803,606.8182982362606,1204210
2018-06-28,582.800537109375,595.9554180339478,574.0356245394358,595.9554180339478,2121760
2018-06-29,580.1196899414062,591.241566787662,578.8141714025747,584.9929851142201,1535690
2018-07-02,575.8543701171875,585.9895810436216,573.078858191767,583.9964192033372,1136580
2018-07-03,586.5078125,587.8830990122623,574.0106490473966,575.8045433339795,1622730
2018-07-04,601.2223510742188,602.8318805082303,585.7803331076828,587.6838369098051,1922020
2018-07-05,605.0005493164062,611.4253242189317,602.6080364963871,602.6080364963871,1991870
2018-07-06,603.9588623046875,614.0571637487571,598.1222059154201,606.097168660959,1680490
2018-07-09,610.552978515625,614.5703940762402,603.3705735167097,607.0938686008601,1003370
2018-07-10,618.03955078125,619.5548129152986,610.7075901242716,614.072026960296,1299720
2018-07-11,609.5112915039062,617.8600786294885,608.2652038732224,617.8600786294885,1012770
2018-07-12,624.1702880859375,627.0313004398104,610.0894977541215,610.5829435920251,2243230
2018-07-13,630.4655151367188,632.8131247425706,622.8444237830338,627.8187958267831,1826840
2018-07-16,622.8294677734375,633.0723325385112,619.6544388922296,631.0187825362183,1314750
2018-07-17,632.6187744140625,634.7072490580073,619.3006035527932,620.5516804829838,1054540
2018-07-18,634.57763671875,640.9875044620758,632.5141082133547,637.0000238744423,1680660
2018-07-19,627.7191162109375,635.7040551990501,610.1293243725136,635.7040551990501,2940300
2018-07-20,664.309326171875,676.077371400407,618.0595144847839,629.9222940198042,9689730
2018-07-23,690.1431274414062,696.8121907566618,661.0245302986067,661.0245302986067,6016000
2018-07-24,680.633056640625,692.6253729917219,674.9907374786677,692.6253729917219,2792820
2018-07-25,692.7749633789062,705.7841074274941,681.4006402302792,682.8560926381828,4316270
2018-07-26,701.3280639648438,706.5815281175172,692.9643090645644,693.721940089999,2626790
2018-07-27,690.5519409179688,707.7778883061528,687.1974822105649,707.6433010852869,1958000
2018-07-30,687.4267578125,695.6808114180457,683.9576081473292,694.2204306497936,1219520
2018-07-31,695.5462036132812,699.3044236208939,683.3545009153568,690.0335432171257,1318140
2018-08-01,696.8272094726562,715.0749104495764,691.9275536961727,701.7666573075272,3037200
2018-08-02,688.1744384765625,701.6969857049685,686.843594803354,701.5922729558444,1236080
2018-08-03,692.141845703125,696.2090926287062,685.7618529117866,693.8215693388083,1414300
2018-08-06,689.7393798828125,697.3105784739328,688.6377971375279,696.3137084546705,984370
2018-08-07,697.2308349609375,699.8027767322899,688.3985808999248,691.1299951082368,1399860
2018-08-08,702.952880859375,707.7677803959511,695.8203070554423,701.5971521492721,1987510
2018-08-09,705.2955932617188,709.7715303967169,697.8090888731767,702.9529119568845,1109270
2018-08-10,706.1679077148438,711.2320253769009,697.4452934481341,705.056407174775,1390360
2018-08-13,692.37109375,705.4201495118932,690.7113270160564,700.7248696595638,918320
2018-08-14,709.0438842773438,710.8132923700103,693.3232218052545,693.3232218052545,2462530
2018-08-16,705.38525390625,717.7464674047585,702.4046220613925,706.7808963749636,2075670
2018-08-17,707.5136108398438,714.6562242991575,705.2856206901474,710.269971366403,1209810
2018-08-20,704.149169921875,713.7490341344565,702.7934411486319,710.6687395076634,918980
2018-08-21,709.4325561523438,710.7683888719885,699.0252297637071,708.176550922026,1446110
2018-08-23,706.9902954101562,716.251197126741,705.2956039996953,714.7558919135328,1374090
2018-08-24,702.858154296875,710.6686527097987,700.3261263816165,706.9802215130935,1281110
2018-08-27,700.8146362304688,709.0188575461048,699.2096899989066,706.7011224335527,1367240
2018-08-28,694.9630126953125,705.185920252418,691.4240752293773,705.185920252418,1453210
2018-08-29,694.6738891601562,701.9959316318975,687.8901954788519,695.316889840235,1774320
2018-08-30,690.821044921875,697.1810814330237,687.8404128678412,694.7188413341701,1675020
2018-08-31,672.6680297851562,694.6589815776492,670.3951367705549,691.8278437453756,2238870
2018-09-03,663.2076416015625,681.8591018018074,660.4263961165167,674.8810115786895,1962210
2018-09-04,648.7830200195312,665.2911868040048,645.9768281926902,663.9155011682884,3914490
2018-09-05,648.2696533203125,653.8620804121381,638.0965761250415,647.9656152175442,1829310
2018-09-06,652.6807250976562,655.4320962412459,643.8684277024624,649.9592892615112,1556790
2018-09-07,657.9442749023438,661.8519888389372,648.464030077299,657.9342964658221,1155760
2018-09-10,632.75830078125,656.0401822767586,629.5234622048293,655.9405196053488,2387990
2018-09-11,634.2238159179688,645.892138074469,623.2432758052132,633.1222329471623,3581400
2018-09-12,639.287841796875,645.3737755888432,630.0219505572345,633.112223761874,1937420
2018-09-14,668.8650512695312,677.7720842159881,638.1963244707981,645.8722373030498,2650420
2018-09-17,652.9448852539062,667.8979358143251,650.9561343969,667.025674531634,1650640
2018-09-18,650.7169189453125,661.4831035708244,647.4671127704814,654.9436383221037,2224700
2018-09-19,629.2294311523438,655.9405494068023,626.1390972246516,653.4483740671109,2077890
2018-09-21,624.0106811523438,642.4827113526546,534.9204146256344,634.2087025684491,6819760
2018-09-24,604.8659057617188,628.7259893660308,598.9045811411015,628.5864129483032,5103260
2018-09-25,616.6289672851562,623.0438240639538,591.348355682527,604.1032918124096,3454210
2018-09-26,619.310546875,626.9316383584587,616.8632137114057,618.7572912636193,1645880
2018-09-27,596.1084594726562,622.047043145747,593.6462191320544,619.9536399343517,2767350
2018-09-28,598.740234375,604.0535701073096,586.6581712134617,596.8262604364556,2547700
2018-10-01,586.3441162109375,602.1096213970102,575.2937877620408,598.1221404606061,2762520
2018-10-03,573.4495849609375,593.0381088109443,568.3156790717019,588.9509044672836,3129200
2018-10-04,561.4473266601562,571.2066646993871,550.7458780703643,564.2285728095168,2098250
2018-10-05,535.8824462890625,570.3093264006183,520.6552320676062,559.6428656319359,2528810
2018-10-08,537.8662109375,548.2785258802844,521.402887507797,533.3254751744585,2713150
2018-10-09,541.2107543945312,556.2535519526226,525.8789472366626,539.5061453529818,2161600
2018-10-10,594.2841186523438,599.5176865381982,541.3004499083781,543.7926250921183,5146980
2018-10-11,557.4498291015625,575.6925416284969,553.3626247670735,566.72070981091,3194630
2018-10-12,579.535400390625,589.1701888951643,566.2321980453027,568.0664049656942,2972240
2018-10-15,561.6615600585938,579.6800004441482,559.3438247581561,579.6800004441482,1749470
2018-10-16,563.939453125,573.1953660026763,554.8130773945156,563.9294746881096,2195860
2018-10-17,536.3411254882812,572.2035073843432,533.3255687293095,568.2160264966474,3018250
2018-10-19,540.2238159179688,549.6791748543113,522.3649103650752,535.3192321679792,2966400
2018-10-22,523.376708984375,549.3750348816354,519.0203919343063,545.2878922027713,2112100
2018-10-23,515.1575927734375,526.8458708689734,503.91785756720157,523.3568253665298,4562510
2018-10-24,537.4575805664062,543.1446810075007,493.94916306969316,518.3724819298495,11055500
2018-10-25,535.0850219726562,544.4954786453777,524.0795365495686,528.241518111272,3454210
2018-10-26,538.230224609375,541.6993748160439,524.1544200754433,536.316250565648,2905360
2018-10-29,539.2918090820312,547.3863902165513,533.6445613182309,539.8052118362299,2917080
2018-10-30,537.4276733398438,543.7926993635131,530.5891583042428,540.3036536297417,2910370
2018-10-31,538.7734985351562,541.8986356139976,522.4596660241205,539.6058462414536,3551310
2018-11-01,536.964111328125,544.9889035782613,535.3840502933024,540.3036018729005,1936180
2018-11-02,550.8006591796875,560.619805213329,537.8114127219295,537.8114127219295,4141850
2018-11-05,555.2168579101562,563.5606567581036,548.4430809785275,554.2598405980428,2031870
2018-11-06,557.3500366210938,567.1991178654297,554.7532095363966,558.1276244875986,2083500
2018-11-07,561.0584106445312,562.7331450326166,558.2472297932068,562.7331450326166,176240
2018-11-09,568.3555297851562,570.7081286035352,557.813616376188,566.2222131821974,2360680
2018-11-12,553.1732177734375,576.4900264325495,549.9234720195616,568.7144510151903,1656170
2018-11-13,555.4260864257812,559.1793168862501,551.8722421504913,552.3656879734399,1485880
2018-11-14,556.019287109375,563.0322417586036,554.2597967132618,558.8453750102901,1375230
2018-11-15,557.958251953125,566.7207192706795,556.1439408539884,556.1439408539884,1944500
2018-11-16,567.7823486328125,571.206595159559,559.5133277863604,562.2347638219743,1411400
2018-11-19,570.8028564453125,574.6956637370387,563.2316565679564,570.2097478882674,983620
2018-11-20,567.0745239257812,574.6656800378352,563.0322229526117,569.7112648227705,1222960
2018-11-21,583.3634033203125,585.4219425029889,567.2190848090314,567.2190848090314,2140250
2018-11-22,570.5137329101562,590.7701405593365,568.2159546404924,585.1627462701211,1986440
2018-11-26,571.9940795898438,580.6568832958171,566.670827265131,571.2265309777024,2036760
2018-11-27,586.1945190429688,589.1502658452322,571.2066029260881,572.2034730882627,1825400
2018-11-28,580.02392578125,589.8581016416551,577.4420659760143,589.1503018793347,1289490
2018-11-29,599.1937866210938,603.106490111254,582.4712641485387,583.169085479477,2639560
2018-11-30,597.558837890625,608.0907731411711,594.1345914625213,600.0858768731662,3583070
2018-12-03,598.0523071289062,606.9294650991109,595.6349091623936,604.1033162947377,1597690
2018-12-04,605.1200561523438,607.0938393125033,598.5556451977673,600.1157492054631,1662850
2018-12-05,588.4026489257812,605.1002251553566,582.047601256316,605.1002251553566,1595610
2018-12-06,564.9761352539062,589.1502354390094,561.3924164110257,588.3527515192533,1928950
2018-12-07,583.1589965820312,585.7159706754882,565.0757594036859,569.0533219833779,2200390
2018-12-10,567.61279296875,576.9883233469599,559.4434363074843,559.4434363074843,2458450
2018-12-11,580.8911743164062,585.1627358295409,560.5500111681247,562.533772888433,2315800
2018-12-12,597.0255737304688,600.4747056048863,583.2687166036378,583.2687166036378,1567020
2018-12-13,614.01220703125,620.8507217067369,600.1258130433888,603.1064450782194,2725480
2018-12-14,615.83154296875,618.8769741742631,608.2204291422053,616.0558144294721,1687090
2018-12-17,606.8746337890625,617.9598248921176,603.1064354499966,615.5723014337286,1539500
2018-12-18,613.3392944335938,614.5704143999972,605.7680344128693,607.0938886773694,1514110
2018-12-19,638.5401611328125,640.4890592756012,616.8732034344604,617.0626111931473,3555770
2018-12-20,638.4904174804688,640.0903747906,628.24262276365,631.0238689076798,1876010
2018-12-21,634.019287109375,647.9654884251911,627.6392948856964,642.6820896883934,3098510
2018-12-24,625.481201171875,637.3938116827914,624.0407164978334,634.0841954697187,1322470
2018-12-26,641.8897705078125,644.4766196133743,613.0752065927691,625.2370358679885,2726100
2018-12-27,638.5004272460938,652.9500576232172,633.0126512835769,647.9657060383071,2977170
2018-12-28,648.2546997070312,650.9562398498041,639.252993450352,640.3894400796332,1998070
2018-12-31,645.6677856445312,657.0570143492221,641.6055278249781,652.7505282231059,2048880
2019-01-01,650.1536865234375,650.9561596333295,639.791202613214,649.4608545193173,1418210
2019-01-02,636.4019165039062,650.557423700726,634.0094038498421,645.4734103659949,2212740
2019-01-03,636.3320922851562,645.9618304423904,631.1832194053264,641.8846659065921,2158450
2019-01-04,639.03857421875,643.9780825851498,633.7103327560995,639.9856129796115,1563230
2019-01-07,638.7097778320312,647.9656917496826,636.5016833571882,643.0311716206082,1032170
2019-01-08,642.2883911132812,643.9780932567901,633.5109570660837,640.9874829165883,1112490
2019-01-09,637.9071044921875,645.5730378215737,634.5078042994826,643.9780700352957,1597690
2019-01-10,635.2006225585938,640.9874459316906,631.7863547860242,640.4890109037499,1647150
2019-01-11,635.1707763671875,636.9900766432455,627.1310158047489,633.5110093951603,1224320
2019-01-14,634.8866577148438,636.8903764252572,624.5391408253392,636.8903764252572,1524090
2019-01-15,648.9324951171875,650.3580728927459,636.0031192185039,636.5015542649134,1333360
2019-01-16,644.4616088867188,651.4546678581307,642.0242539757629,647.96562220013,1196800
2019-01-17,633.9097290039062,646.4702680862836,631.62186828749,644.5761905345033,1390430
2019-01-18,623.0338134765625,635.9981135662031,621.050051778173,634.6174387882662,1916260
2019-01-21,636.456787109375,637.9969345478257,619.1660416739716,623.4276861603606,1771760
2019-01-22,641.5407104492188,642.6871353671019,633.0124943036351,635.7040556608368,1737750
2019-01-23,647.28271484375,650.756792558062,638.4953024319406,640.9725100409723,1874450
2019-01-24,638.7247314453125,649.7102623712577,636.2076702724901,649.4610447792472,1089930
2019-01-25,630.1764526367188,645.9618518643954,626.7272601574643,645.9618518643954,925250
2019-01-28,603.1962280273438,633.2917423947328,593.0181611800222,631.5172841984325,2992860
2019-01-29,621.354248046875,627.5298669859441,593.2375036104557,599.6174980016606,5789580
2019-01-30,622.7647094726562,634.8866849308242,618.0943751144094,627.5297781369231,3387880
2019-01-31,607.2833251953125,624.9279389053305,603.1064368599882,622.465638011767,3776320
2019-02-01,607.7866821289062,623.0437706841249,603.6048050387802,610.4732541693904,3119840
2019-02-04,599.0391845703125,610.2839088998402,597.6884450073213,609.1724084342221,1281080
2019-02-05,599.8267822265625,604.5021058381597,595.0318390600349,600.11086345849,1753040
2019-02-06,618.9217529296875,621.1497430294982,602.9867987770791,604.0036257623879,2289700
2019-02-07,623.3529052734375,626.9267068612091,618.0595269201926,620.0482781110587,1348790
2019-02-08,616.3349609375,627.4749733063325,613.1698493622359,623.5024601431455,1384560
2019-02-11,607.717041015625,620.4021909193888,605.8080563440855,616.4646020109154,1135180
2019-02-12,607.73193359375,615.467655702295,604.6117251528942,609.5860974724334,1488690
2019-02-14,601.6708984375,612.1230665435651,600.6142185945673,609.9848216123631,1983370
2019-02-15,600.6590576171875,606.0970008702305,583.6674243577631,603.1063906685682,2778710
2019-02-18,586.673095703125,606.4011355733298,584.2008161684421,605.0005645446373,2452220
2019-02-19,595.1065063476562,601.1126730654368,584.4001311594608,586.8076114022748,2130670
2019-02-20,597.9675903320312,602.6080504301038,591.363325097789,598.8199557475908,1617130
2019-02-21,614.9791870117188,620.0532832554353,596.3277839427833,602.1096191097797,2301210
2019-02-22,617.6258544921875,625.3067560041184,612.7711017482893,615.0688801337175,2110120
2019-02-25,631.3726806640625,637.1296301752332,616.0657588286584,620.0532394683262,2321700
2019-02-26,643.2454223632812,647.7911477458224,622.1615946671064,624.5391396745107,5645230
2019-02-27,639.9757080078125,648.9325722538775,636.0081840369041,645.4734618258001,2985390
2019-02-28,644.2223510742188,645.9718630708992,639.3027992730225,645.772476870262,1589310
2019-03-01,642.0441284179688,651.9530192482591,640.7930516251233,645.9717988881833,2220760
2019-03-05,652.3269653320312,662.9187116650251,636.6013129093927,641.9844365598137,2297930
2019-03-06,658.846435546875,660.426496691903,649.7948980867789,658.9311914163742,2369210
2019-03-07,657.78466796875,664.7727366460956,654.4451776906113,655.9504611778603,1990320
2019-03-08,659.6240234375,661.9218019093992,652.9499702570128,654.9437106242098,1448670
2019-03-11,676.23681640625,679.0779328236501,659.1554367505926,659.5791552371709,2684600
2019-03-12,683.942626953125,686.943154815549,677.0542205571712,683.6534956867307,2623730
2019-03-13,687.6610107421875,690.9307133691159,677.1390530507042,682.8560890623801,2212330
2019-03-14,691.0404052734375,693.3232161012147,683.6186994187653,687.8404300644689,1812360
2019-03-15,690.6265869140625,698.2078252121806,687.8403520894165,689.8340922404002,2194560
2019-03-18,694.2203369140625,696.8121747428399,685.851593256582,694.8184346148204,1360100
2019-03-19,695.3817138671875,701.3977983234015,692.8247395529143,697.8090901971799,1608370
2019-03-20,693.1736450195312,697.6795176362606,688.5581312872226,696.8122454600849,1195250
2019-03-22,693.82666015625,705.7841135400083,691.7182893826425,694.8185411544997,1556240
2019-03-25,689.5599365234375,694.738683926179,685.9462824584241,692.0970147023662,1382800
2019-03-26,696.597900390625,703.7903454945382,689.834163005978,694.5194650102486,2215970
2019-03-27,695.8502197265625,705.684394743028,692.959332834004,697.8090963183566,4448930
2019-03-28,693.0789794921875,700.0720383835526,683.6037235961752,697.2110258442711,3282400
2019-04-01,713.6393432617188,715.7527029209194,701.7965220840213,706.7808723829135,3114820
2019-04-02,725.6815795898438,728.8117054609735,713.7490128589982,717.4872757324011,2646660
2019-04-03,737.8385009765625,742.6683079485763,726.2349171061576,727.6155920848541,4267380
2019-04-04,729.5643920898438,739.8770455426566,725.9208632909271,738.8353332609363,2021730
2019-04-05,737.464599609375,739.7224641683032,729.7487738444296,732.699531275628,1701430
2019-04-08,732.4253540039062,741.6713484448153,728.7120372488708,741.5517289013055,1659750
2019-04-09,735.6104125976562,737.6839195701004,724.9239936706862,731.7026986006132,1598660
2019-04-10,740.0066528320312,742.1698440718826,732.2011423382106,735.0821117418323,1654870
2019-04-11,753.9080200195312,756.6244669234699,737.305117959791,739.6278425164783,2766070
2019-04-12,751.3260498046875,757.1178627361022,748.2506835976053,754.830062859705,1807070
2019-04-15,748.564697265625,755.6275439037548,745.6887781053449,755.6275439037548,1012400
2019-04-16,755.5228271484375,759.6149591313832,747.2537464824118,752.4374827817907,1281210
2019-04-18,754.7453002929688,757.1228452299684,744.1635338567103,756.9234590400168,1626900
2019-04-22,744.9362182617188,755.6276270374932,743.2016129692129,755.6276270374932,1270230
2019-04-23,747.1592407226562,750.9423462806386,746.1573812550438,746.4564301608689,1100140
2019-04-24,761.4044799804688,764.848683660091,745.2153171868364,746.655801969903,1338870
2019-04-25,764.5496215820312,771.1737827695342,760.1135369679498,763.9514629481035,2885100
2019-04-26,769.7083740234375,772.2952228892829,760.1134987118292,766.104698121982,1093060
2019-04-30,749.691162109375,770.5805922247323,742.5834733834205,769.7083308816577,2533990
2019-05-02,755.512939453125,760.1134854364773,747.7373644922392,749.8457351135046,1035510
2019-05-03,760.03369140625,764.589395105308,756.6244126700988,757.1228477245587,804220
2019-05-06,764.39501953125,767.5650592650622,753.3945843427883,755.6275637142189,1188240
2019-05-07,753.8281860351562,767.4653615836281,750.1447437462967,765.995002536525,1035530
2019-05-08,732.2759399414062,752.7366643069058,728.9413774806927,752.6370016244745,2303830
2019-05-09,744.392822265625,747.0744053835317,725.5220777636475,728.2136393180423,2381930
2019-05-10,736.0590209960938,750.5385845223207,732.7992360769788,747.1541908322198,1819240
2019-05-13,732.4353637695312,739.2988243815631,728.0391932471991,739.2988243815631,1118690
2019-05-14,734.2645874023438,739.478198346074,720.3432702429011,729.7238515802958,2696370
2019-05-15,743.1367797851562,751.1416764916348,731.2192406566867,737.5842664559793,2440310
2019-05-16,759.3607788085938,763.9164822830168,739.8769705268293,746.0326309770577,3557880
2019-05-17,796.7932739257812,800.4617486126645,756.4599483981724,765.0978059582995,10124150
2019-05-20,820.9225463867188,826.8041044507576,803.0785468452777,803.0785468452777,3430890
2019-05-21,815.97802734375,830.8912258996542,807.4697678367552,821.3212973055254,3791150
2019-05-22,819.581787109375,824.7106425302782,807.6641877245038,816.8354050465157,2152330
2019-05-23,798.8219604492188,827.7012589875039,795.5023658710711,824.9100347848513,3114710
2019-05-24,812.61865234375,815.9382470989076,797.3266977658845,798.7920677338681,2245940
2019-05-27,818.734375,822.4178172525043,808.6610222963775,812.4491164373225,1698590
2019-05-28,810.3109130859375,821.670268571063,804.4244261493163,817.433570188986,2634090
2019-05-29,810.6298217773438,813.4459919452432,802.993823673389,810.2959092380453,1060400
2019-05-30,820.1150512695312,823.4146888115123,809.4585076452155,812.4491178951363,2114110
2019-05-31,816.2322387695312,825.308782429348,812.713318945661,819.327561812667,2521990
2019-06-03,832.1972045898438,833.8819176522188,816.8354616648814,816.8354616648814,1709660
2019-06-04,828.68310546875,836.174598612134,826.6395340036912,831.8830802822744,1323330
2019-06-06,809.9769897460938,833.6626352978199,807.6742220310164,830.2932091735418,1766360
2019-06-07,817.6677856445312,821.9194515032298,807.8037967303328,813.44605509598,1590280
2019-06-10,827.8457641601562,833.3833700413736,820.0950751071115,823.4146694427926,1863620
2019-06-11,824.4763793945312,831.2999260876147,821.5804425217917,828.3990608409216,1655780
2019-06-12,821.9791870117188,826.2657161674988,816.0279018662254,824.9099874674223,1253710
2019-06-13,826.6395874023438,829.3959479135646,818.729425356909,821.1667801253296,1151530
2019-06-14,820.9375610351562,828.8975548213189,817.4335477492261,826.1063304856348,1013310
2019-06-17,809.588134765625,821.8197505982107,806.9314978018671,821.8197505982107,1040580
2019-06-18,822.0440673828125,824.9100691335786,810.4554516079752,811.8510941894773,1347110
2019-06-19,823.1156616210938,828.3990610328638,816.5662177000806,825.9068857589984,1303340
2019-06-20,839.1503295898438,844.7478067055133,815.1407504768279,815.1407504768279,1435960
2019-06-21,836.6182250976562,843.2524246826619,833.7322667470565,835.5765129008141,2309150
2019-06-24,832.85009765625,840.5608732103929,831.1902700138842,836.618234962678,1079270
2019-06-25,832.0028076171875,837.3360996640447,830.0938230986758,832.3866123771165,1088730
2019-06-26,838.4175415039062,841.1539449174916,827.8108295930983,831.3596845293769,1178840
2019-06-27,841.7471923828125,845.2462163103767,837.3908747371678,837.889309807325,1570720
2019-06-28,849.7969360351562,853.1064913780348,839.743478705858,841.7471974349767,2242780
2019-07-01,849.4378662109375,854.8159991685343,847.6435124339839,852.1244380810466,1027350
2019-07-02,844.8324584960938,852.2242893713249,839.5640266867349,852.2242893713249,1523060
2019-07-03,840.4064331054688,848.3365526996697,837.9292252245596,848.2368900158525,1616610
2019-07-04,851.0828247070312,852.9319992455007,839.3646119845392,839.3646119845392,1449460
2019-07-05,840.894775390625,855.3145278560212,838.5073129252157,851.8254825792193,1594490
2019-07-08,756.928466796875,847.3296321067605,743.9691551062155,847.3296321067605,8262060
2019-07-09,783.0814208984375,790.9517308578079,739.5730609547444,756.6245068194672,12678160
2019-07-10,763.423095703125,788.2451256106974,757.8854893927721,779.5424687838441,5062770
2019-07-11,762.4259643554688,777.712992294499,757.9684676892238,767.1426807917964,3731190
2019-07-12,770.4033813476562,775.8081642427273,761.3588103117868,766.8433858936005,3505710
2019-07-15,769.2816162109375,775.8182264838672,765.0485254869669,772.8964504924337,1786630
2019-07-16,785.959716796875,787.7846019674017,768.0451301536942,768.9375789165075,1911880
2019-07-17,783.2523193359375,788.6820569055019,779.8568389632161,785.989616501686,1682840
2019-07-18,782.5643310546875,788.5723988816599,778.8098744788098,783.6662128730853,1344660
2019-07-19,754.5131225585938,787.7845448969194,748.4950128691223,787.7845448969194,4068510
2019-07-22,714.2364501953125,752.2844824578477,706.0943689773927,751.9852750478885,6934770
2019-07-23,715.024169921875,723.4604671947836,709.5047186727229,714.4707336291194,3249220
2019-07-24,704.5486450195312,720.2743784345629,694.6514298784181,718.4794385056119,4417630
2019-07-25,676.3280639648438,714.9893632358181,674.1043368862107,705.0074238936863,10957450
2019-07-26,721.2716064453125,727.7533782150037,661.3102267282641,675.6000575332092,12828980
2019-07-29,710.0880737304688,726.32737782216,707.0117032938164,721.4710399620255,4190890
2019-07-30,705.820068359375,723.739706057867,703.6212348823695,712.9948984523757,3425040
2019-07-31,707.7945556640625,710.3224809635458,687.5664667403381,706.8123324617931,3561180
2019-08-01,706.2139282226562,715.9664694326982,695.100163908033,705.5158791376375,3657970
2019-08-02,704.38916015625,710.5019749997538,688.2645218497541,693.5496471751982,4698110
2019-08-05,696.735595703125,701.5271133169844,692.2532062945472,695.5439396426391,2960690
2019-08-06,707.64501953125,710.8011221856489,693.0510499145928,693.0510499145928,3499450
2019-08-07,713.2392578125,716.983732662353,705.6605945805832,709.5047646582256,3958530
2019-08-08,727.00048828125,735.5614348789655,710.801049756649,717.9858614831933,2437180
2019-08-09,748.295654296875,756.8715127039175,730.4458274777596,733.4374144844945,4164120
2019-08-13,706.9269409179688,752.3841270878529,704.6234213729753,748.8939422703479,4065280
2019-08-14,739.4405517578125,742.9007915136106,711.0055026564388,717.7814301835837,5465780
2019-08-16,741.853759765625,755.3757308093152,726.2925405895892,737.0273058737617,4591640
2019-08-19,735.5963134765625,750.9731143518753,731.9964517569306,744.4365041144407,3001280
2019-08-20,721.585693359375,742.9107312696972,718.6788900601414,739.9191444323695,4278810
2019-08-21,712.5810546875,731.3432927297049,709.7390106494784,722.0693247639389,3692630
2019-08-22,674.837158203125,716.6096970171974,672.1098428103545,714.3909611250292,7101960
2019-08-23,686.5293579101562,694.3473379364103,656.2544508904653,675.400620067568,6139540
2019-08-26,717.0634155273438,720.3391762312306,689.0172898078096,712.8951453018614,5470430
2019-08-27,710.6515502929688,722.1691486227894,707.5103594466557,720.0550985771425,6833270
2019-08-28,701.6218872070312,711.9977377967851,696.3716980442003,708.7070041226244,3926260
2019-08-29,696.027587890625,703.5215277725554,691.1762408143868,700.5299408365984,3127640
2019-08-30,709.9584350585938,712.6508754447552,694.5467594842581,697.7377976877091,4724090
2019-09-03,700.65966796875,707.4057119526937,698.0370382274327,703.0230170719144,2374460
2019-09-04,700.3405151367188,705.7154146093213,693.0510169469873,701.0285826096864,3033580
2019-09-05,698.1417236328125,707.5054065010708,693.4100345830866,703.0230163933282,2810480
2019-09-06,715.57763671875,716.7792136271438,700.3803242383742,700.3803242383742,3021260
2019-09-09,730.3411865234375,733.6767770272752,711.7085867334158,713.9921430452449,3978400
2019-09-11,733.3576049804688,739.8194741544252,727.454223797736,732.9338090036935,3480660
2019-09-12,727.1500854492188,733.7265615113762,710.6664122274184,733.437396685447,2508030
2019-09-13,736.802978515625,737.89986944848,723.5651811505106,728.3467783909364,2137560
2019-09-16,725.9833984375,736.4289986839327,723.2560220367885,729.4336564858258,2519900
2019-09-17,713.0447387695312,730.4458150692351,708.8366023329272,727.0553255069344,2501050
2019-09-18,723.4703979492188,732.7393140003604,717.5819287221842,720.0749177197794,3073940
2019-09-19,716.8489990234375,722.8671085009497,711.553892868033,722.5679011323596,2223700
2019-09-20,767.2074584960938,777.8126444831514,708.2083969316889,720.972489693998,9650270
2019-09-23,827.4480590820312,836.9363295986386,780.9039026250891,782.9980500445686,8063210
2019-09-24,821.759033203125,835.1264093495239,813.4175012620783,827.4729448470664,3767340
2019-09-25,823.244873046875,835.1464011962472,813.7914773632633,819.7945540415424,4748530
2019-09-26,844.0863037109375,847.4966960017167,827.1738425359924,827.6724403916501,5815770
2019-09-27,852.63720703125,855.2947725510818,838.0432989426704,845.621961992286,3842780
2019-09-30,848.9126586914062,864.4489842168958,838.6764305677539,853.5994904966045,4627170
2019-10-01,843.4630126953125,858.9793747249844,826.2663784136818,854.6963755446914,3528090
2019-10-03,842.2763671875,846.1205370691853,829.7116650626547,840.9351073445187,2077590
2019-10-04,827.7472534179688,851.7397801215697,822.7562839463347,849.0124644216609,2714160
2019-10-07,819.69482421875,833.1569654924156,816.7032372690466,827.1737915930087,2769900
2019-10-09,829.4923706054688,832.6484732572151,815.3072244802355,825.5783894421121,3298370
2019-10-10,817.8849487304688,832.1598075400261,815.2074807237524,825.6780355220391,2000050
2019-10-11,814.654052734375,830.5493547107219,808.227119110318,820.0937723484675,2702600
2019-10-14,805.9584350585938,823.095239979487,802.9419547163408,817.2018404302445,1903720
2019-10-15,801.3314819335938,810.7200569925254,799.0528558076576,810.7200569925254,2171140
2019-10-16,811.1488647460938,823.6836215938832,804.2432969194522,806.2875358656213,4531540
2019-10-17,829.3327026367188,833.39628710429,807.9279319825681,813.1133615621931,6224660
2019-10-18,824.2769775390625,841.3938812455322,820.6920880943654,829.2679470508461,3529090
2019-10-22,798.6390380859375,836.9462865994644,795.2884753504206,827.6723793410914,5033680
2019-10-23,804.8316040039062,825.3389352376048,799.8506165388803,815.0080027815507,5709890
2019-10-24,806.8309936523438,817.7004508198144,801.246722236245,810.7150902702159,3365150
2019-10-25,794.9793701171875,813.7116639338407,782.9980495758032,811.8169678217307,3548440
2019-10-27,797.9061279296875,806.2775440683719,793.204323634816,795.7621329252067,417550
2019-10-29,812.80419921875,815.1425937172057,799.0528327584926,809.0247888914178,3899230
2019-10-30,805.9734497070312,817.6057765997455,803.8643905217742,817.3863618945957,2264060
2019-10-31,811.1538696289062,821.8837049382149,807.7285048853412,809.7228962554284,4232870
2019-11-01,836.1236572265625,840.5362969800536,808.775576770343,814.5094521620243,6564390
2019-11-04,868.2183227539062,872.5461785798183,842.6552638363519,845.6218964979267,5528120
2019-11-05,882.0943603515625,886.2825942832293,863.112706939142,877.5321780485683,5984200
2019-11-06,874.82470703125,885.0110867706868,869.65924117496,877.5321198402303,3203030
2019-11-07,880.8129272460938,883.4854042949388,873.7478349909766,877.3327241521275,2133830
2019-11-08,879.411865234375,892.4900759952174,872.546163682475,877.033543952842,2949040
2019-11-11,887.8333129882812,889.9972107332425,875.039274418398,877.4325685743726,1749780
2019-11-13,895.3171997070312,900.1685469218821,883.0716076179166,886.3075027103134,3606730
2019-11-14,903.6437377929688,906.5505412021071,887.5041286299158,895.4767029837135,3486340
2019-11-15,903.2448120117188,911.4368008476332,900.8266247949595,904.476394864683,2959190
2019-11-18,907.871826171875,910.0407145108153,899.0167240410365,904.0076930762486,2117600
2019-11-19,912.7133178710938,916.32316146904,904.0875506414843,904.4565081847444,2376530
2019-11-20,905.3788452148438,915.9242013498354,903.4592557680467,910.93822311712,2439930
2019-11-21,902.9707641601562,909.1434084980323,900.6672443335434,905.9523698162482,1733280
2019-11-22,901.39501953125,905.4536129635208,895.5813520889172,903.4392583568829,1557720
2019-11-25,914.9270629882812,919.414443678687,898.9918950352748,902.5618118513427,1484370
2019-11-26,909.5720825195312,918.9158009876382,906.4109893182253,914.4284205161848,2950940
2019-11-27,920.2570190429688,923.4331457164752,909.5721014045974,911.5365476815041,1473510
2019-11-28,921.4187622070312,925.8712067000217,916.4277931101369,922.8547263774543,1646350
2019-11-29,908.4702758789062,920.9900611253769,906.979473112624,920.4116705526659,1488770
2019-12-02,892.3206787109375,908.4453167422589,887.5042062575307,908.4453167422589,3207500
2019-12-03,906.4259643554688,910.1704391908389,890.1467927539798,894.9831676990107,1808800
2019-12-04,900.49267578125,906.2514444587673,892.9937446037708,904.3468274425277,2164590
2019-12-05,894.0357666015625,900.4926450892453,890.9993228254918,898.9718973454761,1192460
2019-12-06,882.8273315429688,901.0161715542523,879.9504121815181,898.6727859814637,1670270
2019-12-09,890.39599609375,896.9525086235723,879.6312255217368,887.1750128440497,1498330
2019-12-10,890.2164916992188,896.7780562673644,885.4100621172207,888.5013443569279,1439350
2019-12-11,905.3639526367188,907.4481185022289,890.9993797288275,892.4901824829614,2258810
2019-12-12,914.3536376953125,915.8245378432921,905.5733370271416,907.4480697766788,1919850
2019-12-13,918.4472045898438,924.8890499977898,911.6513133132468,917.4200637819782,2153570
2019-12-16,926.2052612304688,927.3919264526397,912.4339921550165,922.405948353432,1970750
2019-12-17,933.5496215820312,936.3467480649651,923.5427900560701,925.5770472625696,2209980
2019-12-18,933.6343994140625,939.457987866389,930.0494494398722,933.8737166293647,2284240
2019-12-19,924.4751586914062,933.255458984304,923.0640879100409,932.3779219533462,1358430
2019-12-20,925.4025268554688,930.6826606251502,923.4031447668489,926.3947316289446,1676700
2019-12-23,927.7958984375,934.3723748923821,923.4780239961319,925.5721106294814,1697040
2019-12-24,926.8784790039062,930.1742036608124,922.6354062097354,926.3998445193929,1001600
2019-12-26,932.387939453125,936.5661917732532,926.3947836976386,929.8849685662518,1650070
2019-12-27,941.6668701171875,943.8457403108148,932.1835291688521,933.3751853469864,1334070
2019-12-30,941.2728881835938,945.5409147226223,937.6181880867789,941.7515834766383,1249650
2019-12-31,936.7008056640625,941.8463084810841,935.2698323288643,939.597627402345,1167320
2020-01-01,935.2149658203125,940.5998469100305,932.5724337513172,939.3583431409223,636680
2020-01-02,947.8943481445312,950.4222124798398,935.2149779587878,935.2199688064389,1578910
2020-01-03,931.9641723632812,947.7946542225336,929.7853021765834,943.8457373091242,1824790
2020-01-06,901.734130859375,931.2810428693653,899.6699285580042,931.2810428693653,2442890
2020-01-07,907.0142211914062,923.901726295777,903.9628050804017,909.94098785202,2426760
2020-01-08,911.9854125976562,914.1144353826244,893.6469671100501,894.5843336026543,2697180
2020-01-09,936.8903198242188,947.325938801432,918.317549803954,947.325938801432,2141970
2020-01-10,934.5966796875,940.8391342679563,931.2112418035571,934.8859053823475,1393930
2020-01-13,942.8734741210938,944.1448621006889,933.8737587210829,937.343980227359,1507130
2020-01-14,952.805419921875,955.2934180660428,937.8924035981734,941.9509361156496,1628990
2020-01-15,956.2259521484375,959.202627754464,947.495498383544,951.3097843457595,1372300
2020-01-16,959.5166015625,961.2965689478755,953.8225927129861,956.3105908931666,1357820
2020-01-17,968.775634765625,971.2985691331553,957.4075792966831,958.7039824142262,2841290
2020-01-20,954.5904541015625,973.6966952529044,952.3218097380042,969.7727329530985,1841980
2020-01-21,950.7562866210938,959.8008589016438,948.1536204578207,955.7073900396379,1745070
2020-01-22,952.0725708007812,957.3078480950511,946.8372935065114,956.310652419952,1395250
2020-01-23,950.7462768554688,956.9089387807609,945.755307667417,952.0725641359843,1812800
2020-01-24,960.6734619140625,962.2939050183682,945.3515588537457,949.2505674814844,1239780
2020-01-27,953.0797119140625,962.1841129504887,950.8260400358333,956.3106160402351,1131280
2020-01-28,960.4290771484375,968.2770022564116,950.3274800724616,953.0797498789063,1904690
2020-01-29,986.6503295898438,990.1156211175895,962.1941419055684,962.1941419055684,5019130
2020-01-30,961.26171875,992.2096585560623,957.6418937195155,989.6169742461354,4128250
2020-01-31,941.4923095703125,968.0775186489401,938.3611006420024,968.0775186489401,3295410
2020-02-03,906.0669555664062,920.9102232065727,886.0083739242446,892.9887437807101,5025510
2020-02-04,950.8160400390625,959.7908006007839,913.5608263590968,915.4255772955797,4636970
2020-02-05,956.4502563476562,965.6842978628151,943.117755292648,951.3246560671479,3245400
2020-02-06,959.2723388671875,968.1773502192979,953.3191096253543,957.307892510816,2713430
2020-02-07,959.6312866210938,964.652139832553,953.4237073126683,958.3049993927118,1426260
2020-02-10,960.0003051757812,963.0865966288151,950.4271900110474,957.8064624798634,1435280
2020-02-11,970.430908203125,978.2489490100288,961.6456168142613,961.6456168142613,1955790
2020-02-12,974.4446411132812,981.3352363616201,965.8089534554103,971.0691240571758,1885280
2020-02-13,968.994873046875,976.7530839801867,966.1828350330921,973.0634481108839,1366300
2020-02-14,966.3324584960938,976.7531654921627,962.5979655553427,970.7699914309549,1392370
2020-02-17,950.2128295898438,975.780941817582,948.7868470496409,967.2598607815374,1754010
2020-02-18,950.2776489257812,953.8126906196718,938.95944127863,950.0283500022404,2663840
2020-02-19,973.1283569335938,975.257379458278,955.3134657679248,955.3134657679248,2211320
2020-02-20,968.2470703125,979.9990556079381,966.6565724009973,973.0635425391476,1670200
2020-02-24,944.0352172851562,965.2854556141687,942.1804478559014,965.2854556141687,1993290
2020-02-25,949.828857421875,952.3218465489666,932.4876104464681,947.3358682947835,2220180
2020-02-26,936.0675659179688,946.8272850369842,933.3751254985399,942.8484841440913,1755170
2020-02-27,938.1616821289062,946.8073516192964,924.0812840180726,935.8681442412311,2075830
2020-02-28,902.536865234375,926.0507557068836,880.0301521067589,924.4502153008744,5378520
2020-03-02,888.9501342773438,927.39201700289,878.3299755434863,927.39201700289,3090310
2020-03-03,894.3529052734375,909.6185489368651,866.0515863904534,897.9797554739724,5507290
2020-03-04,877.9946899414062,904.6247809652551,857.3960734691332,897.9797575545374,4402510
2020-03-05,885.9967041015625,894.9864889460512,874.1383728181441,885.0089361149915,3198530
2020-03-06,858.388916015625,860.5640154367183,838.1145193818473,855.0763608455276,4086990
2020-03-09,818.8677368164062,843.1031900240605,814.1682876445366,842.0056836034067,3705070
2020-03-11,823.5472412109375,837.8251169833318,810.9804816589384,816.1638277013233,3723450
2020-03-12,742.1353149414062,796.4032360339721,738.3388636328016,788.226624689072,6191940
2020-03-13,772.462158203125,786.620308213416,650.960483324605,678.4735976439894,5956730
2020-03-16,747.87744140625,754.9515531003644,718.3837979166001,743.3276797887042,5622460
2020-03-17,700.1748046875,750.5065797508336,694.118422510533,748.4162506618914,4476050
2020-03-18,629.603515625,718.3837552202264,624.3353388556085,713.3949791423081,6444600
2020-03-19,577.2512817382812,619.1919573412684,543.0432701409751,585.1834480733811,8166380
2020-03-20,621.9059448242188,637.7602933202647,568.7205986078063,571.2349617943254,6574680
2020-03-23,461.0677185058594,587.7177531533933,443.9013217175258,562.7339826552937,6879880
2020-03-24,448.7653503417969,506.85965442111865,415.0911114900001,488.90006036682706,15587800
2020-03-25,481.94573974609375,490.89560597543823,439.0173241954754,444.0011070306301,7972700
2020-03-26,513.569580078125,554.2331028067855,481.4368835608978,496.3832691390536,10191230
2020-03-27,487.96221923828125,564.7295167619543,466.45061676009476,546.4706064031683,12917940
2020-03-30,465.0687255859375,476.8871389339106,454.47756228109364,468.9450148674292,7509110
2020-03-31,458.08941650390625,486.8596825586015,442.00560565747725,479.9203077229042,11561100
2020-04-01,449.1794738769531,465.7222438297055,444.9988766136477,454.97642990094926,7577660
2020-04-03,450.0625305175781,463.5571662512302,442.00564345997986,454.9764636969544,7223110
2020-04-07,471.42938232421875,480.7983190154117,431.9332481061794,460.96293918470286,11307140
2020-04-08,459.8155517578125,493.8888903236598,452.7614142387447,456.4730652991401,11130550
2020-04-09,480.9429626464844,483.7117273429219,465.15350427000357,469.4438396150173,8642210
2020-04-13,448.1318359375,483.31266757173694,445.9317684206507,483.31266757173694,8916950
2020-04-15,458.8776550292969,465.37801513609344,446.99438545842156,454.07845435349304,9830710
2020-04-16,468.90509033203125,474.9315411020083,449.86793187200664,455.9741896714659,7473540
2020-04-17,498.84771728515625,512.447096412207,484.4151905613987,486.50548912752413,13522230
2020-04-20,487.1290588378906,507.8574178888231,470.9853863393006,507.4383472898293,9031520
2020-04-21,458.47357177734375,473.8340042548337,456.47306745141486,473.8340042548337,6709420
2020-04-22,476.50299072265625,480.4840245519758,447.49324373459103,457.47079654918616,7921490
2020-04-23,471.8983459472656,484.70952055672524,469.44887004294924,478.9225519008865,6918170
2020-04-24,437.9945983886719,466.4505663632173,435.5201544760307,466.4505663632173,10218670
2020-04-27,460.7134704589844,465.9516853369696,427.8374239499053,442.0255043230967,11338730
2020-04-28,485.0886535644531,489.8978413103489,457.0866492621831,468.0470068203336,15204120
2020-04-29,498.742919921875,505.86191339751406,481.1574835833519,485.41791800213474,15234930
2020-04-30,509.2892150878906,516.3383585933078,503.95121823773906,509.65338602222835,10643520
2020-05-04,475.16595458984375,492.881103840504,470.9404757419097,491.09514387490054,8107070
2020-05-05,461.8808898925781,490.8956001804474,459.96518634793955,487.90233432568857,8158860
2020-05-06,468.236572265625,477.90482312499796,453.1804491176752,463.656879297881,12628290
2020-05-07,466.29095458984375,478.52344421557837,462.9584555678778,466.74991349850194,6454310
2020-05-08,459.0672302246094,476.7673999117923,456.70751818022705,475.7297258500802,4885760
2020-05-11,454.7768249511719,470.7109773077458,452.99086499985765,467.67782330989036,5852300
2020-05-12,465.77215576171875,470.5214504812229,444.54988016357044,451.7836063884346,10188930
2020-05-13,480.558837890625,503.86638517131126,476.73741835358754,493.6892697664398,6987500
2020-05-14,477.94970703125,492.6765844032965,470.94048242397076,475.92925872083487,7928120
2020-05-15,471.2648010253906,482.27999800610934,469.0447893140609,478.1243689570364,3951110
2020-05-18,445.54266357421875,472.84123456332134,444.1008998264284,471.39947081553095,6469410
2020-05-19,452.5269470214844,458.4685665152916,442.3298865003956,450.9854016646612,5741510
2020-05-20,469.1495361328125,472.92105009913064,451.1300771327285,453.7791163418201,5828770
2020-05-21,452.90106201171875,473.205356341431,450.48648098624915,471.43934056700493,10925960
2020-05-22,430.5863037109375,456.8173004460198,407.7826246238133,449.8978695144382,27250160
2020-05-26,408.8052978515625,439.0123335778116,404.27048659917125,435.02131236346787,15756010
2020-05-27,424.8491516113281,426.73492358143994,397.63538423789396,409.0796377610251,24986770
2020-05-28,427.6329650878906,431.5291985994789,420.2395941238923,424.04603330584627,12472560
2020-05-29,439.501220703125,441.90082097265235,419.20688163121207,423.04824561160416,13944250
2020-06-01,475.2508239746094,483.4473803201282,446.6701031867695,448.98989649830787,21106170
2020-06-02,517.30615234375,522.6242050535998,473.20042390558586,478.3188829301318,26933530
2020-06-03,527.4183349609375,551.7386164370461,520.5388546987391,533.2003698293034,24123590
2020-06-04,512.52685546875,532.397127253943,505.6622952007328,527.7127204395109,19944190
2020-06-05,522.4646606445312,527.3137373506845,508.48110387387436,515.0413579136398,15138920
2020-06-08,542.8736572265625,548.266554018127,534.796857058628,534.796857058628,13966100
2020-06-09,529.887939453125,551.1550976207507,523.8265633950011,548.7654540199271,11634230
2020-06-10,521.1276245117188,533.2005011883977,514.8417777766352,529.8879460081026,11622530
2020-06-11,514.6422119140625,527.3137173972801,511.8485090346352,518.8327966822812,10573320
2020-06-12,527.4083251953125,532.7014695644974,488.89999653599676,488.89999653599676,16552510
2020-06-15,509.2143859863281,526.9145554625421,506.52046491565073,526.9145554625421,10234910
2020-06-16,511.6788330078125,525.8170076028833,496.9519560302977,523.8214971375972,11691030
2020-06-17,502.5643615722656,511.8484673020024,499.6658836527777,502.4695736010985,10498590
2020-06-18,541.5366821289062,548.665663226989,501.02781090355785,502.5643625896123,18061720
2020-06-19,588.6557006835938,595.6899248440071,543.15807963149,543.7766830963709,35955630
2020-06-22,616.9669799804688,633.5746369999471,594.6621789794779,595.5601831392113,25140100
2020-06-23,630.5464477539062,636.7674373627576,607.7128082306411,626.0914435951311,19812860
2020-06-24,603.2478637695312,644.0510889628026,596.6975973536813,644.0510889628026,18864900
2020-06-25,600.7634887695312,611.1251884430006,590.6961707885976,595.2608530694622,19002920
2020-06-26,593.2952270507812,611.9781703105459,585.682349392112,607.5332143845698,10672470
2020-06-29,587.6978759765625,592.3972647021005,573.839039544031,581.8909325294902,10102710
2020-06-30,583.2029418945312,603.0083598361323,580.2745325847128,597.6554125045658,9766720
2020-07-01,615.5501098632812,618.0893798287497,578.9624432560104,580.4939707126995,17242340
2020-07-02,617.4907836914062,625.293237176745,609.892887087012,618.6032710689276,15292260
2020-07-03,613.5596313476562,622.4296903594544,611.4244204432413,620.6037811544155,8330750
2020-07-06,627.0891723632812,630.6810668910673,614.716982948645,620.3044488673812,12201780
2020-07-07,657.4808349609375,661.4817824411301,626.096425876407,630.8806453468923,20073540
2020-07-08,639.1021118164062,666.500492300474,635.5600929366542,658.5184504765161,14003560
2020-07-09,655.4454345703125,662.3099963245219,636.0690425149102,641.606572587762,13227850
2020-07-10,646.9246215820312,663.0084330237113,642.6541994339249,650.0376134160239,12206400
2020-07-13,644.6946411132812,657.7602180080232,638.5634150857134,655.9243822926173,8107250
2020-07-14,622.9434814453125,644.5499009313277,619.7057704835388,644.5499009313277,11287050
2020-07-15,615.4603271484375,642.5394200934619,608.93003588502,630.5813376648512,9813900
2020-07-16,625.0836791992188,626.5902993761357,605.1385614197872,618.6082573458665,8304120
2020-07-17,634.7319946289062,636.8522246740619,626.5903380506953,628.5808550330011,5700380
2020-07-20,660.5289916992188,662.0106437089946,636.567883476019,638.5633940825269,12218330
2020-07-21,637.0018920898438,669.4937953382748,632.422168542642,667.37855900876,18624970
2020-07-22,633.315185546875,658.4187428459683,625.6923204854355,658.4187428459683,21580510
2020-07-23,636.7025756835938,644.0460399327258,629.8978773626133,635.5651200482357,9248500
2020-07-24,625.62255859375,634.0735170724774,621.1026976831113,629.3790611573818,8746470
2020-07-27,615.9342651367188,630.087420621002,612.2026703247942,626.4905325086659,6562030
2020-07-28,632.856201171875,637.3011567670915,616.0140884259613,616.1138395872842,8378220
2020-07-29,631.439453125,641.057829572588,627.8425644791658,630.9904510258239,7645410
2020-07-30,616.373291015625,640.6586196201193,614.6172320375284,636.2934404153074,6100800
2020-07-31,619.1969604492188,629.0846882303424,610.6262160142261,620.6037685634782,7497100
2020-08-03,608.9450073242188,620.9030895661648,604.639690917486,620.9030895661648,5095980
2020-08-04,614.8168334960938,621.4019941752764,605.8270484196058,614.6272575514853,6165030
2020-08-05,622.8038330078125,633.0757062572266,617.450885834148,621.1026432547259,6954490
2020-08-06,628.1568603515625,635.570175498976,622.7989188459746,626.5853834522911,6261130
2020-08-07,645.2633666992188,648.5409661715292,623.5970828572397,627.0892265212402,8257710
2020-08-10,638.8427124023438,655.5251496899816,635.2707318259168,649.5336249948602,6052400
2020-08-11,642.58935546875,648.1418665607256,637.6654351342172,643.5522161998031,4306670
2020-08-12,634.29296875,638.5633906561251,630.0924579206566,638.5633906561251,3854220
2020-08-13,633.5746459960938,641.7562520295323,630.9904328495205,638.5634227362204,3905850
2020-08-14,623.267822265625,638.563428951205,617.6105664387436,637.5656735934688,4217200
2020-08-17,625.5027465820312,630.4915230681075,618.7080354439214,628.5858372456127,4359390
2020-08-18,632.8811645507812,636.0690000233824,622.7988667907599,627.5880800230706,4571440
2020-08-19,628.4910278320312,641.0577255317738,626.8895893014815,636.0689494575967,4928450
2020-08-20,627.533203125,629.9827093937128,621.7062854831224,624.0959288708431,3149380
2020-08-21,626.8297729492188,635.1709925487921,624.5998044941032,633.1854692676028,3032040
2020-08-24,638.6082153320312,644.0360061018497,628.0070662423972,629.967682022158,5861090
2020-08-25,648.8003540039062,650.7360016707626,638.6631263204001,642.5494025987738,7483450
2020-08-26,654.9664916992188,668.4960511340048,650.6112995575498,652.0330886807047,10013470
2020-08-27,651.6090087890625,659.0123355416499,647.2937052411588,659.0123355416499,4618820
2020-08-28,653.0857543945312,663.5073164700232,650.0376190680001,656.5230289282334,4901660
2020-08-31,617.6454467773438,665.5028081980472,612.1228977953552,658.9675229358529,11799190
2020-09-01,634.532470703125,638.2390974706829,613.2753017399842,623.5970508952913,8073470
2020-09-02,635.0762329101562,640.0600156896995,624.0959311206657,635.2708024986193,4439950
2020-09-03,634.1283569335938,644.0510406145896,628.5858335975081,637.5656312203296,3942650
2020-09-04,626.3109741210938,640.8532708764249,618.7080830432492,623.5971087349935,5443800
2020-09-07,624.958984375,633.4997672474103,619.8056002098343,630.9804716713999,4985730
2020-09-08,622.0255737304688,631.5790927234109,619.8105862382852,628.4860757123033,3917540
2020-09-09,601.3271484375,620.6037878701184,596.8172750575311,619.4863068216897,9297500
2020-09-10,611.5491943359375,617.8101336046665,602.9285733749148,606.5355101704362,5316080
2020-09-11,611.46435546875,616.0739798614238,606.6351932535858,611.4792755149386,4654850
2020-09-14,609.8429565429688,618.0095802205802,607.7326531918113,614.4176250489841,4161420
2020-09-15,610.1821899414062,614.5174680655028,601.3919688360884,611.6239535507839,4929870
2020-09-16,613.2153930664062,622.5943173021653,608.7454687828875,612.7813719442178,4032700
2020-09-17,599.3516235351562,610.9904172376954,597.6654146347873,610.5165078273639,5192360
2020-09-18,587.5231323242188,604.6396520349649,584.9289931598943,602.6491352800676,8563830
2020-09-21,569.9426879882812,589.6633340705068,561.8359270134924,588.2764397312652,4921220
2020-09-22,566.9544677734375,574.3079193736345,553.2553071575574,569.9427399889379,6452290
2020-09-23,563.3974609375,574.4077245099177,554.2530557572952,570.2171401715468,4600880
2020-09-24,541.3521118164062,558.7429797534543,538.787873333688,556.7474691114777,4987220
2020-09-25,579.02734375,589.289230099222,541.7961027157676,548.7654087918683,9783460
2020-09-28,597.2512817382812,602.6441781597124,580.6935623989282,584.849191141216,6722010
2020-09-29,586.3508911132812,603.592133428418,581.9458230038653,601.8210932575735,6344350
2020-09-30,583.9212646484375,591.5690974249862,580.693541110227,587.1789500745164,3755980
2020-10-01,604.0011596679688,609.109662150966,588.1817681961712,589.3740931385287,6807520
2020-10-05,586.7948608398438,615.5651574429207,584.4651411402307,607.6329904616967,7379100
2020-10-06,598.1942138671875,600.4491506764532,587.6778945201618,594.3628674693766,6060920
2020-10-07,589.199462890625,592.4670749037698,580.6935747432447,590.6711275738845,5812230
2020-10-08,585.8768920898438,601.9656952423072,583.9112826113127,593.6643643854756,5889720
2020-10-09,590.1922607421875,600.050088415631,585.682387098585,587.1790201150209,6593340
2020-10-12,589.94775390625,598.6531440162272,587.7775875406736,595.4104394861392,4014350
2020-10-13,585.4478759765625,590.1223569036121,581.192435204531,588.675599606306,3656370
2020-10-14,608.6357421875,613.1206475036527,584.1907367133919,585.682376053123,10295350
2020-10-15,588.580810546875,615.4153952428616,586.6900449552768,611.1250600620548,7819790
2020-10-16,593.893798828125,596.6576001758774,585.2831667162772,592.6366175522788,4762450
2020-10-19,596.767333984375,602.439569726695,591.1799293553865,598.6531058834622,3796850
2020-10-20,593.8489990234375,601.1475816414503,589.7981148511241,595.8594906132804,3111220
2020-10-21,589.0896606445312,599.6509221874222,572.222639333901,595.4104622551484,6055610
2020-10-22,586.0216064453125,606.6352035061077,583.2827122058179,583.487269087429,12299030
2020-10-23,581.8460083007812,594.8617088491894,581.0777172494091,592.1527764745709,6468960
2020-10-26,568.8152465820312,585.9467479677244,563.2328352231095,585.9467479677244,7831170
2020-10-27,565.452880859375,579.3466729369694,561.9358297615906,568.7205540158329,15507570
2020-10-28,562.9684448242188,573.0108543144064,559.2418434092068,566.5254448903925,6587900
2020-10-29,561.132568359375,567.5231588983064,559.4612796416396,562.733946005548,9808110
2020-10-30,556.098876953125,566.7249949680353,549.867900146147,563.731729149542,5263380
2020-11-02,568.8651733398438,571.2148674118341,554.7519061676503,558.8826274226551,4913990
2020-11-03,573.0707397460938,579.6958497877966,568.3912647877842,573.9088810229019,5755360
2020-11-04,579.88037109375,582.5893033392352,570.3118716398604,573.070679467232,5909610
2020-11-05,604.15576171875,606.6950316814269,583.2128895657272,584.1856765380226,8486730
2020-11-06,627.2338256835938,633.5745403758549,601.1474969707915,601.1474969707915,15593390
2020-11-09,626.9246826171875,642.454748385094,624.3454628966664,633.5747006622183,9681560
2020-11-10,667.2637939453125,671.8634309603154,629.6882977150581,643.5521261843749,21704380
2020-11-11,692.9210815429688,696.208729104496,657.1365974373836,667.49829597587,25424690
2020-11-12,701.0428466796875,704.4152645745738,683.527259129666,692.8363334311216,12809160
2020-11-13,724.4800415039062,728.361323996649,692.0330825634529,692.4421354159924,16545740
2020-11-14,731.9083862304688,742.7290741917487,723.3725968948872,733.3501499555064,3164850
2020-11-17,734.8817138671875,739.0972667824891,723.4723838145363,734.4476927235307,11725440
2020-11-18,777.246337890625,782.7389853556994,730.3967235703396,735.5451747089112,14756370
2020-11-19,780.5838623046875,818.1493106022294,773.2603120380713,777.2463393553707,33870400
2020-11-20,852.3424682617188,856.9371120167369,782.5394842449696,782.5394842449696,41104120
2020-11-23,875.4653930664062,896.2486523960209,860.1647940746536,869.0448403386363,36075870
2020-11-24,883.981201171875,888.8003761438803,867.5581885169134,880.0101547123498,17898620
2020-11-25,869.8181762695312,898.8778002256973,862.3350113022782,891.9932640965635,19861530
2020-11-26,878.693115234375,882.215220563195,865.1535689334225,872.0381046451437,12622340
2020-11-27,873.9139404296875,891.4395151792562,866.0516235833687,882.5095928255807,14193500
2020-12-01,872.6917724609375,880.903279857592,869.309367063244,878.0247458051961,6942830
2020-12-02,878.244140625,885.9568305020209,864.2206971962262,873.03588719195,8849690
2020-12-03,909.3591918945312,917.0568398757649,879.132151451522,881.1176747405534,14370480
2020-12-04,903.2130737304688,921.3772276686022,894.9865854064725,913.8441866488813,10624430
2020-12-07,903.1630859375,910.8508073188134,893.5497041992566,904.3653980853408,7074050
2020-12-08,894.9266357421875,905.9618068567412,888.101962736759,903.5671697921329,5831470
2020-12-09,899.0423583984375,905.4629111506708,893.0907213938704,899.3566537456719,4518180
2020-12-10,900.8583374023438,905.3632173655126,891.8935203128518,899.0424153807993,4667260
2020-12-11,897.48583984375,911.8485461360337,893.0906987421646,904.6646961658442,5514560
2020-12-14,891.3446655273438,904.6447606178793,887.5183129582912,904.6447606178793,4448840
2020-12-15,927.608154296875,931.7937452386615,885.0089829237854,890.4966372711144,11245270
2020-12-16,923.6919555664062,942.8787707472189,919.1322064784008,934.8568399543549,7611700
2020-12-17,927.3236694335938,937.8799369085699,918.7330114455298,923.6918866479887,5507380
2020-12-18,919.4913940429688,929.4090844004629,910.4517332425361,922.9136874968584,4803330
2020-12-21,882.6891479492188,922.4247645057458,855.0413878710825,916.8373592476643,7132850
2020-12-22,891.8785400390625,894.3679347354846,860.1848271123896,883.0134741173549,7832960
2020-12-23,899.3018188476562,911.9483552487457,886.0067171344488,888.0022277586255,5754540
2020-12-24,897.2365112304688,910.3470314240346,894.3978655322687,906.3210543981405,4983970
2020-12-28,897.48583984375,909.4539091799214,894.4875804495881,904.4302382979578,3449940
2020-12-29,895.5902099609375,903.5772467529932,887.7478671882631,901.980862483608,4066010
2020-12-30,894.1583251953125,900.0700130031987,890.0974539298653,897.9797449391464,4910740
2020-12-31,888.6358032226562,900.973037789323,882.0156870495698,892.8912442016359,4760500
2021-01-01,885.0538940429688,893.8590973520334,882.0157459965342,890.9955443155034,2881010
2021-01-04,887.87744140625,904.4651222191494,882.1902243764837,891.9931817583227,6133060
2021-01-05,880.10498046875,889.9977020610388,871.7337991264094,888.0071851665099,4862140
2021-01-06,876.6626586914062,888.002136909474,861.6613750059349,888.002136909474,5991930
2021-01-07,896.7824096679688,904.8642637602236,879.2219415655926,880.0201335887647,6016480
2021-01-08,915.1011962890625,924.4202573024943,892.7914030759255,901.5716372689476,8242610
2021-01-11,896.5928955078125,924.1209916437632,893.4898910711843,918.0346476391721,5424440
2021-01-12,893.8889770507812,904.9540489700846,890.2471459303606,898.378875797418,5770450
2021-01-13,877.3910522460938,900.9730077690006,869.0598201104793,898.4586450040981,5140780
2021-01-14,872.771484375,890.990506244168,865.5527392573839,879.4215625511433,5684370
2021-01-15,861.6715087890625,880.6388482995856,859.0673818637785,873.5148602734505,5196510
2021-01-18,833.5846557617188,861.6714306112261,825.5127886776469,861.6714306112261,6344360
2021-01-19,890.4117431640625,895.7846650114351,838.1144228564206,838.1144228564206,13797180
2021-01-20,891.8186645507812,900.4741798058496,881.8161430695773,891.7936963084233,7864960
2021-01-21,903.2479248046875,936.77747134188,893.0408469281923,897.4808700826612,16453770
2021-01-22,905.0638427734375,919.2818563404543,894.5076351436838,904.964091598895,8398220
2021-01-25,917.8250122070312,932.3922132386749,905.961688694367,912.3473461016899,7811220
2021-01-27,910.5614013671875,926.4107532098008,902.1753001830227,914.4426838936499,6166310
2021-01-28,893.5198364257812,919.4564806757066,879.7807264053137,899.9752840101295,8447360
2021-01-29,870.3170166015625,908.8902091696364,865.6075799838111,902.1653482845672,7273520
2021-02-01,969.9977416992188,981.6814782030544,861.8610172513845,873.035888807754,15653650
2021-02-02,945.5028686523438,996.7575540207794,929.409070640997,980.5640048377601,13943900
2021-02-03,951.4644165039062,961.7662520817046,941.417013397624,954.0136739692342,6235450
2021-02-04,967.8775634765625,973.8092263691407,944.9241966655482,948.8653424969804,6047270
2021-02-05,970.03759765625,991.7687366296077,953.454909969969,975.804652337783,9225610
2021-02-08,999.8555908203125,1008.7306440154538,971.619127010193,972.8114519436868,9858550
2021-02-09,991.933349609375,1004.5399972344322,985.9817735055894,1004.4402460663365,5126070
2021-02-10,1020.4990234375,1033.1355712547247,987.8774095235236,987.8774095235236,14306670
2021-02-11,1019.3716430664062,1039.4515293064433,1008.2317271044154,1008.2317271044154,7155380
2021-02-12,1025.57275390625,1030.7959884454538,1014.517607793689,1022.6992136827818,3802850
2021-02-15,1051.4046630859375,1055.5253975079402,1025.6924885119972,1030.701239801284,5364060
2021-02-16,1043.7119140625,1050.8357793584692,1033.7741889625852,1047.6430112807031,3586040
2021-02-17,1016.2786254882812,1047.5233350178974,1008.950081172252,1039.6610184137037,5822590
2021-02-18,1017.6056518554688,1028.685704873022,1011.2249872830336,1028.685704873022,4347410
2021-02-19,1022.744140625,1040.4243355742033,1011.7238893250809,1012.7216446399972,6233430
2021-02-22,997.815185546875,1022.6194291508837,993.779282318184,1020.7036950847004,4269080
2021-02-23,998.6183471679688,1017.2115269006814,990.6861803646403,1002.8438262418921,3426100
2021-02-24,1017.6705322265625,1022.6991970869531,999.2569408509437,1000.7485801738673,2699760
2021-02-25,1024.140869140625,1035.4654890537804,1010.885716984692,1031.6789639034246,3548020
2021-02-26,962.6941528320312,1009.1995122030972,957.8450767465578,992.766511836276,8465050
2021-03-01,975.2110595703125,982.6492815716581,959.212019045763,977.7004542009146,3224370
2021-03-02,985.48291015625,994.2631445111895,975.7148469117255,982.788958698968,2970010
2021-03-03,1037.2264404296875,1042.15029894237,986.8197680080874,990.4117232193762,5041220
2021-03-04,1010.7210693359375,1025.6923916560372,1005.5128161891839,1012.7215734736164,4121170
2021-03-05,993.5746459960938,1013.8190779511971,987.7826841188382,1005.7372848429678,3551260
2021-03-08,981.7013549804688,1002.3100191889419,978.3289982145367,994.7619981810603,2640070
2021-03-09,994.6771850585938,1009.7233517630425,983.8066826716515,997.7552820269808,3062110
2021-03-10,996.9022216796875,1007.2039962577217,990.8308588595469,1000.2496711666079,2446320
2021-03-12,991.1800537109375,1019.3167650080242,981.791203247426,1005.8870178083378,4543480
2021-03-15,966.7301025390625,994.6622565499247,952.2576574245327,994.6622565499247,5459130
2021-03-16,959.172119140625,976.3684171123244,956.3484545914966,970.3170287847996,3705870
2021-03-17,950.3718872070312,964.0161784198183,945.8769948190669,960.8383303032874,2934490
2021-03-18,940.8982543945312,971.3148109254167,935.0963047315571,957.845114009656,4011350
2021-03-19,941.9458618164062,946.8548008517951,919.0922473881836,932.9012075659505,4881260
2021-03-22,938.4736938476562,947.3636668045876,929.1147442311504,942.8787615882501,2930290
2021-03-23,938.4088134765625,948.5260057120761,936.1239149153106,940.2845982709038,2964830
2021-03-24,918.1394653320312,935.7597977574899,915.864553936531,934.8967491361967,3354390
2021-03-25,903.7218627929688,922.9236588007054,893.9937485515559,920.4292705336765,3820080
2021-03-26,944.6198120117188,948.5659511718724,911.9483204364254,911.9483204364254,6786360
2021-03-30,948.1019897460938,962.3349836691043,941.8859937350483,952.5569939410545,3565110
2021-03-31,964.689697265625,969.3791594647428,942.8787805139488,949.0997703391378,4241400
2021-04-01,976.7525634765625,980.3943337840216,964.5799366324218,970.8159072597325,3100650
2021-04-05,946.03662109375,974.198300647471,912.9460888776024,973.8091614694425,6121660
2021-04-06,949.8131713867188,960.3394776372949,945.3781417640339,952.9560640473686,3441250
2021-04-07,951.8186645507812,963.6720023447831,944.5100948244552,949.8131666611579,3000030
2021-04-08,963.3128051757812,971.3298034273246,955.3557307068027,956.847370066702,3536340
2021-04-09,960.7435302734375,969.3192072557738,953.953752333737,958.9425284904833,3286990
2021-04-12,914.2581176757812,943.856505675444,901.5567126454155,939.8804655617517,5668360
2021-04-13,978.4686889648438,982.5395477067487,916.942129309771,917.9348909776174,8309150
2021-04-15,971.78369140625,981.1925773894168,957.5457648164426,972.98100993491,5875040
2021-04-16,980.26953125,985.7821531763628,974.3079681950591,974.3079681950591,4001320
2021-04-19,944.8643188476562,963.2330287437845,937.151689563683,948.4163254189903,6974350
2021-04-20,979.73583984375,992.3175195371259,957.8450861676997,957.8450861676997,7987320
2021-04-22,983.173095703125,988.9650577920747,958.8428234720477,967.8226209863541,5822100
2021-04-23,989.43896484375,1011.9633024016748,971.813639798863,971.813639798863,6280250
2021-04-26,997.929931640625,1010.2272783442985,987.9972602129274,996.9571445466657,4195960
2021-04-27,1006.8698120117188,1011.0254409442622,994.2332020669878,997.7553075336942,3428470
2021-04-28,1046.575439453125,1059.2119265285432,1012.8362832597116,1017.710327266845,11138810
2021-04-29,1115.1461181640625,1127.4633768866395,1049.6384712254378,1051.633981627007,16964980
2021-04-30,1101.6865234375,1119.9803279485966,1084.430301620345,1097.53083362446,8353550
2021-05-03,1101.6915283203125,1108.5909234914682,1078.9876012904613,1087.6530428538667,3969310
2021-05-04,1096.1787109375,1119.3665305556935,1084.759335199444,1117.4857523805292,5221010
2021-05-05,1108.949951171875,1116.951967193696,1089.0697523109654,1108.6057548662789,3077500
2021-05-06,1100.3197021484375,1116.897398254581,1096.5331765864369,1107.5084859062283,2288400
2021-05-07,1129.3043212890625,1136.73267772317,1098.5186009134152,1102.5196094207186,3434430
2021-05-10,1130.65625,1152.307612949111,1125.4679711917497,1136.4432794214565,4320370
2021-05-11,1116.7926025390625,1128.5260933700677,1111.414686601852,1116.8873600659372,1986640
2021-05-12,1106.3062744140625,1129.958023004764,1102.7592002746483,1116.48832471729,2269530
2021-05-14,1094.687255859375,1113.8690772145471,1084.3605128249096,1108.60589362805,3136030
2021-05-17,1122.4100341796875,1134.9467723722767,1091.808832083645,1094.5376784988023,3180210
2021-05-18,1137.121826171875,1156.2986540138147,1126.4757331592607,1132.0181957046739,4039590
2021-05-19,1118.99755859375,1140.8334432476986,1114.4976724120654,1136.443295534311,2275670
2021-05-20,1120.2696533203125,1127.4584360319157,1110.5713797493854,1123.4724086899873,1778970
2021-05-21,1123.986328125,1138.9376767029557,1118.783068330456,1127.1342753324573,2775210
2021-05-24,1114.17333984375,1133.9487944863067,1107.0094038561876,1124.0161852321255,2142290
2021-05-25,1135.0313720703125,1137.9398676116225,1117.6155979519103,1121.9757835416654,3941510
2021-05-26,1187.9674072265625,1195.310871756354,1135.9594112413372,1137.441063273993,10152650
2021-05-27,1186.21142578125,1194.128551419071,1170.571561418796,1188.326662323441,4079730
2021-05-28,1168.690673828125,1199.7957437426219,1165.378179852478,1189.8231844812328,2633150
2021-05-31,1177.9798583984375,1182.8439155424555,1159.1921697278017,1168.690697985277,2411520
2021-06-01,1180.33447265625,1192.078071428222,1160.094973320713,1180.3444599524469,3024210
2021-06-02,1179.7059326171875,1183.3377764961888,1167.5283731231002,1168.2716959439038,1834210
2021-06-03,1179.331787109375,1189.7134602673968,1175.4106769748182,1187.2290593068237,1838160
2021-06-04,1212.8363037109375,1216.2636514617327,1175.8545637798622,1182.8388505396917,4107690
2021-06-07,1180.199951171875,1198.1845167226902,1165.8422362652527,1185.3334222226993,5147270
2021-06-08,1170.6763916015625,1187.3288699796374,1164.3804968623838,1187.3288699796374,2896090
2021-06-09,1153.290283203125,1181.1426586851333,1140.4841341403287,1171.3646089717931,3082860
2021-06-10,1196.617919921875,1218.0596707261263,1147.4535051019138,1152.5070770340792,6299980
2021-06-11,1188.0770263671875,1205.2883038854188,1182.6293218492735,1197.3062621378333,3529940
2021-06-14,1189.93798828125,1198.8030543192758,1164.545163314858,1182.4398422023478,2887850
2021-06-15,1177.2215576171875,1205.7773098358932,1173.8591270804031,1192.2178492197568,3148410
2021-06-16,1182.9534912109375,1195.8095763752453,1174.8567177153536,1178.3488608253356,2475390
2021-06-17,1179.2020263671875,1191.0403828139765,1171.3596846188768,1172.3624335296201,2201700
2021-06-18,1197.2415771484375,1207.2839258879162,1169.4539943097604,1183.3377984322883,4895670
2021-06-21,1212.9112548828125,1217.2364850884765,1175.0414967121533,1177.3512417453874,2948530
2021-06-22,1210.4417724609375,1223.8465507513645,1205.3880788456522,1217.1616393742997,2749230
2021-06-23,1225.468017578125,1237.2166109648954,1205.2884403593498,1219.7558926649876,3785550
2021-06-24,1230.5565185546875,1236.8174574819973,1213.7693341883592,1225.4679908347366,2785730
2021-06-25,1245.857177734375,1249.1896463621208,1229.2844766741525,1232.7266837702878,2187170
2021-06-28,1235.0115966796875,1249.1497116163084,1229.2345544013122,1247.194150163669,1655170
2021-06-29,1227.22900390625,1246.196341473339,1224.3504701872455,1236.119037530853,1571780
2021-06-30,1208.1868896484375,1234.1783416811097,1203.791748397689,1231.82864747811,2315460
2021-07-01,1178.9925537109375,1217.0619355338163,1177.4509779613927,1217.0619355338163,3215210
2021-07-02,1172.4073486328125,1194.2132698932928,1162.4846045752413,1194.2132698932928,3554370
2021-07-05,1189.6336669921875,1191.5193173074988,1177.2514897537496,1177.2514897537496,1558690
2021-07-06,1206.3658447265625,1225.4778753104536,1184.465166235811,1186.3309636364572,3205220
2021-07-07,1234.637451171875,1237.1168585524229,1197.3063965092301,1197.3063965092301,4048000
2021-07-08,1230.9197998046875,1242.5065328534013,1221.548591335392,1229.5325690565385,2066300
2021-07-09,1282.900390625,1288.6139000709306,1232.027509135035,1232.626283073216,7919220
2021-07-12,1288.3046875,1291.9474018356646,1271.3437290720467,1286.3136878549124,4091580
2021-07-13,1288.3544921875,1297.2766508186164,1277.9354595295865,1287.6559428532723,2741810
2021-07-14,1296.51806640625,1300.689748140923,1282.5760753108593,1283.673847822355,2401510
2021-07-15,1293.299560546875,1308.3742882893814,1289.6118927857171,1295.0011018623718,1779910
2021-07-16,1272.0172119140625,1299.8913267505498,1270.026212413301,1293.2995748697936,2527820
2021-07-19,1269.562255859375,1279.432463193753,1261.7878183663095,1265.4605018172222,1881970
2021-07-20,1257.19189453125,1274.5420840238849,1251.1440953978338,1269.9513216859011,1451370
2021-07-22,1303.843505859375,1307.3764552647415,1227.5416665966277,1228.544658750227,5248770
2021-07-23,1317.47607421875,1321.7425366638768,1291.9123853874628,1301.7875872892353,2898700
2021-07-26,1349.7962646484375,1354.8262097323259,1312.85538211714,1317.2565840655423,4211700
2021-07-27,1378.0196533203125,1381.7221840969173,1347.610584826001,1350.4050258286914,4134150
2021-07-28,1394.257080078125,1397.2959036887098,1372.745196084642,1382.01163451841,3194930
2021-07-29,1456.9813232421875,1489.511017018879,1391.2182696016707,1393.2042745449617,7105140
2021-07-30,1419.37158203125,1458.4581822756365,1413.263843896191,1457.574944986733,3545430
2021-08-02,1409.68603515625,1437.1109788286576,1405.4345573213573,1434.620980677836,2647090
2021-08-03,1426.636962890625,1428.9672473119913,1413.1640010165268,1422.145975599259,2024300
2021-08-04,1415.8785400390625,1445.5989255089892,1412.7747834062925,1426.1329855016427,2831940
2021-08-05,1396.6871337890625,1422.0362877984512,1393.3638468701713,1417.9345338018918,2915270
2021-08-06,1397.760009765625,1408.0444253966293,1394.701206561805,1404.1821807745687,1374730
2021-08-09,1421.4375,1443.1039806701942,1397.9545961662473,1397.9545961662473,3188650
2021-08-10,1400.8387451171875,1430.5041864837601,1397.5952543307064,1424.141954556432,2063630
2021-08-11,1417.774658203125,1420.4941759793378,1382.5004793727132,1407.0761583567134,2118500
2021-08-12,1431.1978759765625,1435.1200588088034,1410.1701273274264,1418.1541054014672,1609340
2021-08-13,1428.882568359375,1440.1998231080643,1423.643082776077,1431.1280621807884,1538430
2021-08-16,1452.01611328125,1457.7744547657035,1428.0342114347059,1428.7727196133242,2432620
2021-08-17,1470.7734375,1477.0358944582244,1433.129011374035,1449.590970743629,2420690
2021-08-18,1497.629638671875,1520.7482843486878,1470.718676475557,1470.7734981027786,3917340
2021-08-20,1494.855224609375,1511.8661324259467,1477.0409971896831,1482.6597268553646,2750520
2021-08-23,1524.13134765625,1538.9117452684654,1503.4828432211045,1511.7662690498355,3266880
2021-08-24,1642.8731689453125,1655.1584516839696,1522.9437961354574,1533.6772613803369,12743930
2021-08-25,1587.254638671875,1676.5355527342883,1581.8255922763606,1651.186399003936,9745980
2021-08-26,1592.683837890625,1609.190751200099,1564.6899666196593,1596.8455302325756,6068820
2021-08-27,1616.3165283203125,1621.9401308961073,1574.8446978736254,1604.779621322462,4414750
2021-08-30,1652.7232666015625,1656.176297813402,1622.7433927355178,1644.200331815354,3360380
2021-08-31,1711.4404296875,1716.5551652817262,1639.5346834812683,1646.6953620435163,6521270
2021-09-01,1675.26806640625,1722.8924641688577,1670.6623190146652,1713.2069450747147,4618430
2021-09-02,1666.9796142578125,1686.6152577791531,1657.6733391545404,1683.1222676003206,2768790
2021-09-03,1670.08349609375,1682.6082878075204,1652.6833565058305,1674.319989317557,2485550
2021-09-06,1671.345947265625,1693.4965644706754,1664.1604157898505,1680.1283718034263,1769580
2021-09-07,1674.759033203125,1691.076262832039,1659.7641011155708,1671.545511501817,1881930
2021-09-08,1652.7581787109375,1685.5125153237975,1649.5896106687305,1672.6433218251398,1909320
2021-09-09,1671.6953125,1679.3248990063455,1645.1036567563262,1656.076631451155,1808160
2021-09-13,1690.4276123046875,1695.9965148093388,1654.6794051762017,1670.6473608353206,2166140
2021-09-14,1679.75390625,1700.5870961752694,1676.215962594617,1696.595107686595,1592270
2021-09-15,1679.5194091796875,1694.7986819310884,1676.8347335434394,1681.7499181520552,1231990
2021-09-16,1669.94873046875,1691.6451794216578,1659.1703121915505,1685.6172374685887,1542090
2021-09-17,1680.6474609375,1746.395529041624,1671.6505005074048,1680.6274814990288,6549510
2021-09-20,1698.4864501953125,1729.9283565953515,1666.6652999893643,1674.1452840687166,3252040
2021-09-21,1755.20263671875,1761.964092250724,1678.0375452567944,1706.5752465300131,3846940
2021-09-22,1757.9471435546875,1774.439072119389,1746.9941483380148,1755.3823442810312,2569820
2021-09-23,1846.67919921875,1871.2448924203777,1764.6637294771906,1775.187654609465,7125510
2021-09-24,1848.8895263671875,1877.5321181423865,1828.0713200922582,1856.2697349058844,3731750
2021-09-27,1799.498779296875,1871.0053055305245,1789.4140367320508,1853.2808648956336,4071680
2021-09-28,1751.5201416015625,1814.9577784603666,1739.519200278858,1814.8580031003153,3220580
2021-09-29,1739.88330078125,1761.2554489710667,1727.313555775043,1746.3752771874197,3097120
2021-09-30,1775.11279296875,1782.4180791760984,1737.7327283048103,1746.4951733269022,3430000
2021-10-01,1714.339599609375,1770.0527426241872,1701.5851666004125,1770.0527426241872,4326770
2021-10-04,1777.0538330078125,1790.00781763542,1726.6349931667328,1732.518206363479,4013250
2021-10-05,1781.175537109375,1791.4050086069915,1748.990126787606,1771.8442874742766,2681630
2021-10-06,1758.1318359375,1810.920918959259,1752.2785919242083,1793.8002472245898,3004210
2021-10-07,1743.526123046875,1784.4190348981238,1739.0101612471929,1776.4350571133448,2241000
2021-10-08,1751.43017578125,1770.4970149827104,1742.503144261239,1758.4710997642055,1522380
2021-10-11,1767.8472900390625,1800.8859682351672,1757.17364163911,1763.026885538762,2340900
2021-10-12,1818.615478515625,1843.7999245712501,1759.5689320687006,1767.8473631380823,4545920
2021-10-13,1815.182373046875,1853.769977265851,1811.2253479015317,1831.8240265952313,3183880
2021-10-14,1845.18701171875,1850.2867626644918,1817.8618441910492,1831.3248163372937,1968050
2021-10-18,1864.054443359375,1906.1748762840436,1851.5644923126847,1881.2249433483887,2939480
2021-10-19,1903.83447265625,1928.6296850873875,1856.3248330753772,1896.194774471429,3878460
2021-10-20,1856.5941162109375,1902.482130263083,1836.7390640505403,1902.482130263083,2247980
2021-10-21,1854.239013671875,1875.1671095180343,1830.995739532478,1875.0373649967598,1925330
2021-10-22,1862.0780029296875,1921.1994664605259,1851.2847221767886,1856.27470795085,5053300
2021-10-25,1805.0926513671875,1890.9054345414713,1796.3951390136988,1866.2549499753425,3018040
2021-10-26,1831.6591796875,1841.304861755161,1793.9049888997058,1816.354931379075,2967490
2021-10-27,1797.5926513671875,1856.1751647778838,1773.4411659301015,1856.1751647778838,3253010
2021-10-28,1795.16748046875,1833.5254403032907,1776.6346038548074,1797.5925454929873,3425500
2021-10-29,1778.5457763671875,1813.7601417999151,1710.5222528731265,1795.16744902779,3205360
2021-11-01,1753.052001953125,1794.3990822401474,1713.661079146822,1786.41510412117,3849290
2021-11-02,1750.74658203125,1785.9060039797287,1735.7716291361794,1761.4650622389777,2719290
2021-11-03,1747.438232421875,1771.9191340782263,1741.4154067633197,1754.4491874326804,1838020
2021-11-04,1755.876220703125,1771.4449519721945,1746.4950230711777,1761.4649804117878,315060
2021-11-08,1828.305908203125,1835.6113159779313,1747.9921073668374,1761.5548552933526,3161990
2021-11-09,1813.6104736328125,1843.799889963748,1804.3789992175678,1828.3309328355,1980870
2021-11-10,1828.944580078125,1833.819806015967,1796.6444113089767,1810.616371735765,1784330
2021-11-11,1783.5557861328125,1831.3249137136695,1777.4330633918503,1821.344941431851,2155580
2021-11-12,1823.72021484375,1831.2251736364012,1788.9150608403522,1809.868008176676,2078020
2021-11-15,1809.4189453125,1830.8259373872665,1796.3950325958463,1823.8399567049494,1704610
2021-11-16,1817.3280029296875,1847.3926698373923,1808.246252394934,1819.3489717093973,2189550
2021-11-17,1821.8839111328125,1838.3109066345417,1807.5625533517295,1814.8579716150455,1461000
2021-11-18,1788.53564453125,1843.5002889013228,1777.5526810096483,1821.9435748013275,2745560
2021-11-22,1703.95556640625,1810.3670239173805,1679.6343781299636,1810.3670239173805,3707000
2021-11-23,1733.33154296875,1740.2925489433073,1672.3688023061154,1684.619242072012,2513150
2021-11-24,1737.38330078125,1761.1655291061045,1710.6070809941023,1739.7085902930012,2740240
2021-11-25,1733.4063720703125,1748.6906406731368,1719.0751469337713,1731.425362252438,1616200
2021-11-26,1664.9139404296875,1720.2678248954387,1657.67346536327,1716.555304289479,3424860
2021-11-29,1685.6573486328125,1706.3757817130245,1624.1058182486536,1663.6614498082479,3042180
2021-11-30,1720.2828369140625,1746.4952502461433,1684.6194185231373,1684.6194185231373,4586420
2021-12-01,1734.8135986328125,1751.1558028958686,1716.6549712307256,1740.9063520888296,2383490
2021-12-02,1772.25830078125,1785.4169520540881,1723.885406785205,1736.5150903153233,2138810
2021-12-03,1745.367431640625,1785.3920915365422,1741.505187187346,1771.4451044455814,2034590
2021-12-06,1685.961669921875,1756.370426095476,1681.725176381065,1745.1977784282528,2036900
2021-12-07,1707.4736328125,1721.545370607076,1689.7791598867432,1710.5674001278423,2300780
2021-12-08,1758.6357421875,1763.885217107854,1713.1619372665052,1713.1619372665052,2842990
2021-12-09,1756.1357421875,1773.6305400688125,1745.197610313445,1759.0049840641802,2103820
2021-12-10,1767.5628662109375,1772.7973568294058,1726.6000258905892,1754.4791370943678,2333140
2021-12-13,1728.930419921875,1780.022834340054,1721.545216079036,1771.44507741466,2199130
2021-12-14,1708.92041015625,1722.5430957362469,1683.1222079717152,1716.5551127846725,2420260
2021-12-15,1662.733154296875,1718.0471982662255,1658.6713592647368,1713.4614303348571,2532210
2021-12-16,1666.9896240234375,1691.6052640925666,1654.1803688692796,1683.621286444932,3253500
2021-12-17,1617.1746826171875,1681.625298570995,1610.0689473561997,1661.6653543743066,3054350
2021-12-20,1579.4503173828125,1590.8075303457672,1541.905667744172,1590.8075303457672,3371600
2021-12-21,1580.0242919921875,1611.7656499274105,1564.5603286016762,1611.7656499274105,3368050
2021-12-22,1591.396240234375,1615.2533913272387,1579.8294873849038,1589.9092342279434,2612920
2021-12-23,1613.7515869140625,1618.7066092208747,1599.4403402529324,1606.77559578155,1811180
2021-12-24,1588.866455078125,1621.7454185919999,1576.83554546176,1621.7454185919999,2087360
2021-12-27,1598.1029052734375,1610.7624360136099,1552.9883652772812,1557.90854492414,2351140
2021-12-28,1606.8603515625,1621.645744062849,1598.9562913686827,1613.9960562131237,1457220
2021-12-29,1621.6507568359375,1629.7295153668085,1593.4023909652958,1606.8055476864695,1724280
2021-12-30,1613.51708984375,1624.9192574453991,1594.250698839006,1616.755586129352,2831460
2021-12-31,1637.3343505859375,1646.6955702766654,1613.761658871132,1616.5111463478702,2300860
2022-01-03,1694.7291259765625,1700.587365137188,1637.3642618137171,1637.3642618137171,2710610
2022-01-04,1710.1131591796875,1715.5571900587297,1681.8348256224078,1706.4754398866446,2300430
2022-01-05,1795.2373046875,1801.3850017409632,1706.5752648072282,1706.5752648072282,6082100
2022-01-06,1795.0477294921875,1804.378979161957,1766.5548600455525,1766.5548600455525,3511360
2022-01-07,1772.1336669921875,1810.6614529146434,1754.4791542294986,1803.880017787155,3229140
2022-01-10,1776.3154296875,1796.3951303829695,1769.5140147749735,1776.4351844898254,1697970
2022-01-11,1776.3851318359375,1789.9130379759354,1758.5808952534426,1766.4551080661256,1648180
2022-01-12,1789.9378662109375,1815.3568245044205,1771.4449496950776,1786.4149070164447,2233940
2022-01-13,1818.8499755859375,1823.8299720830387,1786.415065184542,1796.1655177419568,2480130
2022-01-14,1817.322998046875,1829.673213845407,1796.3950252410175,1800.7862374456624,1553280
2022-01-17,1833.380859375,1839.807903093295,1818.4507378948238,1825.3369431828785,1352730
2022-01-18,1811.71923828125,1852.158105450547,1806.379977476801,1834.004594350254,2056670
2022-01-19,1804.1094970703125,1858.3706011103914,1783.9549967928567,1820.3469313503128,3481740
2022-01-20,1722.4383544921875,1822.542392946075,1704.579175546655,1803.8798944968262,5444730
2022-01-21,1630.2484130859375,1706.0762211963176,1618.7514657972665,1696.5952477529922,5582910
2022-01-24,1567.5689697265625,1640.103452044826,1541.3067347022295,1635.567511400118,4736430
2022-01-25,1549.7847900390625,1565.1040217909538,1521.9756094462516,1551.935503116495,4090640
2022-01-27,1532.9088134765625,1553.921699480999,1498.193444524618,1535.5185665767929,3497270
2022-01-28,1516.8310546875,1575.6031267524736,1511.9658181439675,1556.975469289225,3509310
2022-01-31,1565.812744140625,1570.9474595254069,1529.8998274289318,1555.877725294076,3129920
2022-02-01,1587.199951171875,1598.2876865939531,1546.8958203265258,1579.7249611152033,3571870
2022-02-02,1667.2540283203125,1671.6452401820752,1589.3104746208685,1599.799434500853,5257450
2022-02-03,1631.5360107421875,1668.3520236222369,1623.1128502517224,1667.254250966655,2891370
2022-02-04,1617.329345703125,1643.636660436366,1611.2665611359057,1631.525954053951,2945050
2022-02-07,1567.9884033203125,1633.127702663376,1561.8656805072094,1612.7635397441854,3566640
2022-02-08,1595.7127685546875,1608.7515437948002,1568.8516343174601,1577.8336093230944,4103730
2022-02-09,1622.52392578125,1638.2024228933142,1608.7714950530808,1614.7594782852884,2510230
2022-02-10,1636.07666015625,1651.685350840086,1600.0889448039932,1631.2164187098927,2997700
2022-02-11,1608.0830078125,1616.755545440964,1587.8136251830701,1596.7956004355199,2446960
2022-02-14,1564.27587890625,1585.6130647157502,1542.0055072033429,1577.3346337738851,2961150
2022-02-15,1634.2454833984375,1639.459994703534,1561.7659325749134,1585.8176421146952,3592130
2022-02-16,1623.986083984375,1655.6675028617774,1615.7675909775553,1639.5099853255942,2738740
2022-02-17,1614.8792724609375,1638.5417477930307,1604.879320727137,1633.322241773795,2144330
2022-02-18,1606.43115234375,1625.6376028690268,1599.3752441802096,1602.8832188265915,1743270
2022-02-21,1598.0181884765625,1620.562913176921,1574.8397257501294,1600.588104597293,2275920
2022-02-22,1615.702392578125,1623.741312976832,1524.4405996140817,1526.9355924121407,3223740
2022-02-23,1610.128662109375,1635.717323571905,1600.293419719993,1635.717323571905,2418300
2022-02-24,1521.466796875,1586.4064247479673,1516.9558297837723,1556.87572004124,3615630
2022-02-25,1574.0560302734375,1603.2824107264826,1553.8815521326694,1575.6379385871426,3203370
2022-02-28,1598.0482177734375,1605.2637189693062,1533.4228958669732,1566.8558063853875,3732570
2022-03-02,1602.0849609375,1612.4790189796565,1560.0691811720192,1567.354609494398,2817150
2022-03-03,1567.2647705078125,1631.52082807126,1561.546266213448,1626.7353877818068,3400140
2022-03-04,1530.2491455078125,1564.091267599287,1518.1534232702445,1555.8777694247342,3380590
2022-03-07,1434.4412841796875,1496.3970284226546,1377.2261484700823,1496.3970284226546,3715210
2022-03-08,1442.17578125,1449.5909541575938,1392.310884535426,1437.1159889755147,4625690
2022-03-09,1498.5128173828125,1516.9108329328376,1437.1160084198532,1447.2057457765343,3913410
2022-03-10,1543.647216796875,1581.8256056084258,1527.4397515681271,1561.7658857005772,4764050
2022-03-11,1553.7818603515625,1571.8455852518302,1524.9397169935216,1536.9156833573452,3296320
2022-03-14,1564.7099609375,1570.3486697539604,1538.0634831457937,1544.4606796168136,2852010
2022-03-15,1567.7440185546875,1591.8057192274823,1550.2940501012542,1571.7459975384365,2965110
2022-03-16,1609.2554931640625,1620.7474454893256,1581.9303250782843,1586.8754791505096,2983170
2022-03-17,1633.80126953125,1655.577637420281,1622.2445054078535,1636.6156899562704,4020680
2022-03-21,1614.83935546875,1641.101716599052,1611.765567778832,1636.7105043092859,2016350
2022-03-22,1646.156494140625,1655.6774268270806,1591.9053786076336,1621.7455205509377,2652790
2022-03-23,1637.4488525390625,1669.5244958187698,1631.1465589621996,1656.6752824085231,2290790
2022-03-24,1634.58984375,1647.89310399018,1623.7416178998797,1631.725596352983,1839240
2022-03-25,1630.0587158203125,1646.6953729301845,1620.762430418623,1646.6953729301845,1477480
2022-03-28,1648.5865478515625,1652.6833067254377,1606.8802073044624,1636.7153520710856,1751870
2022-03-29,1646.8651123046875,1658.6713755307385,1639.0257418273097,1650.2881745383409,1981380
2022-03-30,1709.4595947265625,1721.530342725311,1649.7892977020074,1656.675503376391,4547640
2022-03-31,1702.6282958984375,1726.5352766375827,1694.7989147297471,1706.5753312429285,2986920
2022-04-01,1710.487548828125,1716.5553284574628,1697.7131348627568,1699.5893746296856,2101410
2022-04-04,1716.1910400390625,1744.499222772365,1692.1293405500155,1716.4555239339265,3243940
2022-04-05,1678.5166015625,1726.5352291282873,1672.4986489534074,1718.5512511901218,3855370
2022-04-06,1668.6513671875,1686.5255316733317,1661.7651619409974,1678.5165795440023,2465520
2022-04-07,1652.0745849609375,1666.6553093052812,1644.6993710988645,1661.6653233492775,2167900
2022-04-08,1671.545654296875,1680.627405101794,1648.4220136603517,1666.6554433016604,2133830
2022-04-11,1654.46484375,1681.1712589140993,1651.6903822598524,1664.1603525623916,1696860
2022-04-12,1628.5369873046875,1646.8950447360505,1618.9611109200498,1646.8950447360505,2476470
2022-04-13,1605.7825927734375,1646.6954857416022,1601.7856088577403,1637.1147363715459,2483900
2022-04-18,1579.5550537109375,1600.7874679644722,1562.2997654046783,1600.7874679644722,2818890
2022-04-19,1568.90673828125,1604.7796985232883,1556.0275535645378,1596.6959445563436,2596960
2022-04-20,1547.823974609375,1576.830707067469,1529.2611277462725,1568.9514990520986,2517070
2022-04-21,1580.4034423828125,1598.8913657567864,1556.1421926470061,1556.9754813643501,2364890
2022-04-22,1542.324951171875,1571.6959419639581,1539.909753973928,1566.8606745346258,2148760
2022-04-25,1523.457763671875,1536.9157417655729,1516.9557970673186,1531.9257555910092,1642190
2022-04-26,1540.3438720703125,1560.193929238747,1526.9407160255964,1551.885651250967,2206380
2022-04-27,1479.6705322265625,1531.0374171018755,1472.1805586256899,1531.0374171018755,3411920
2022-04-28,1498.1783447265625,1521.9455873403401,1463.1285693951584,1496.995659679023,3475000
2022-04-29,1488.1285400390625,1524.9396753916876,1482.0257970920525,1524.9396753916876,2211070
2022-05-02,1492.749267578125,1499.2662183163825,1457.0808585780783,1458.3583241899482,1907980
2022-05-04,1429.37646484375,1502.8590020106622,1424.1419745126354,1492.739295995937,3164040
2022-05-05,1411.09326171875,1468.153679421994,1402.1860878396847,1446.9961871827884,2969280
2022-05-06,1361.318115234375,1386.7470641338139,1348.2942031794748,1377.2361216785162,3516160
2022-05-09,1375.6243896484375,1398.3587952576625,1333.6087316070991,1351.288218014423,4034090
2022-05-10,1360.2802734375,1395.120392365037,1353.4838535288711,1379.2322319143368,2563120
2022-05-11,1330.3104248046875,1380.29508071652,1312.570998387443,1369.7512976919297,2918480
2022-05-12,1282.4962158203125,1324.2425169128705,1272.4464375599691,1324.2425169128705,3256960
2022-05-13,1258.3048095703125,1320.8243658302679,1254.9815226360597,1310.2705938036422,3487640
2022-05-16,1262.9903564453125,1275.3106019148684,1242.5064407576178,1267.4563692868871,4340040
2022-05-17,1294.6119384765625,1299.4621903605419,1260.4704924669306,1267.935492201759,4286060
2022-05-18,1273.6590576171875,1312.3314520056538,1258.4795580556865,1305.3804350997102,3740540
2022-05-19,1238.8988037109375,1252.6810821367428,1214.9418752814518,1245.6901066528803,2864010
2022-05-20,1253.654296875,1267.356780144381,1240.6753372741068,1261.3687964175715,3233300
2022-05-23,1254.7718505859375,1276.8375525115605,1247.4964125238357,1262.4663694741216,2788860
2022-05-24,1233.255126953125,1259.6522274117865,1226.314099910208,1256.4785425413163,2554750
2022-05-25,1238.1204833984375,1256.289103130977,1230.830180976255,1242.0077025703738,2175990
2022-05-26,1245.2760009765625,1255.9794967565801,1203.809167907544,1242.5065343360686,3792040
2022-05-27,1273.2847900390625,1286.4184680914007,1257.9305924484754,1262.4665338523057,3295340
2022-05-30,1289.8165283203125,1296.3982902477685,1281.1288852119806,1289.8115334615588,2803920
2022-05-31,1290.8095703125,1308.5688520703761,1274.8016566436866,1289.81656799656,4199190
2022-06-01,1257.13720703125,1299.8863787880002,1250.690062175281,1293.3046163876566,2812330
2022-06-02,1291.0091552734375,1300.390353331092,1242.5115105130762,1251.8877137116908,3661460
2022-06-03,1266.6182861328125,1319.3524293016833,1262.6711288466577,1307.3764617134684,3171800
2022-06-06,1249.13330078125,1266.3587431750102,1225.7451765980875,1266.3587431750102,3097470
2022-06-07,1231.398681640625,1242.5013994208323,1220.7849726952331,1241.5083971755455,1765480
2022-06-08,1244.00341796875,1261.967366242667,1222.5464797526824,1238.6142091214106,2368430
2022-06-09,1244.602294921875,1249.2879600403814,1223.0455795736261,1230.081508627087,1742390
2022-06-10,1222.8958740234375,1235.6153437698704,1215.1264315236172,1227.5365854800532,2906700
2022-06-13,1136.3245849609375,1197.5966426844116,1132.726824539006,1197.5966426844116,4877320
2022-06-14,1131.379638671875,1155.4463332869477,1124.2489286277878,1136.2199011054433,3669480
2022-06-15,1178.6046142578125,1184.6225660514344,1137.7167020207544,1137.7167020207544,4962890
2022-06-16,1144.8924560546875,1204.5627531860937,1138.8196815111874,1200.0917448056882,3940410
2022-06-17,1173.1307373046875,1184.0637528971686,1132.7268348243479,1133.7298268947366,4193620
2022-06-20,1168.6197509765625,1182.6266757153603,1150.895311052686,1182.6266757153603,2428580
2022-06-21,1172.63671875,1190.3511690268579,1165.6507383591265,1182.007927064857,3079180
2022-06-22,1141.2647705078125,1167.6567535258048,1132.7268506425544,1167.6567535258048,2848330
2022-06-23,1152.9713134765625,1156.5790638718506,1129.21892965238,1151.4393535515017,2535530
2022-06-24,1155.975341796875,1166.254641027743,1140.7109290335623,1163.664867238087,3662910
2022-06-27,1157.1927490234375,1175.6407128224387,1152.6867770033248,1175.6407128224387,2463700
2022-06-28,1134.1688232421875,1152.686714057091,1126.7387880263684,1152.4422096271421,3490570
2022-06-29,1108.7498779296875,1122.6420423477034,1101.8388206456589,1117.7568267244853,3902730
2022-06-30,1091.378662109375,1117.7601654579883,1089.107376184996,1113.0679375961843,3481840
2022-07-01,1130.394287109375,1132.4359702838362,1070.9570912220886,1090.2054362313868,4089830
2022-07-04,1136.95849609375,1142.4195997643335,1119.6770053035475,1129.1414071481286,3004250
2022-07-05,1150.576171875,1172.8695560497365,1139.1000659339606,1146.0885631684798,4223480
2022-07-06,1200.8734130859375,1205.016618043877,1151.1053526135795,1151.6045309971933,4782940
2022-07-07,1194.768310546875,1217.9950922375567,1183.0526100832008,1214.800399759898,2729250
2022-07-08,1198.337646484375,1210.7371592957932,1186.0478164211315,1203.0198811342284,1690110
2022-07-11,1191.8531494140625,1202.675423825495,1182.0093669425569,1187.5452987362025,1613680
2022-07-12,1184.525146484375,1197.0295875253341,1172.170483310375,1186.0476647040007,2272440
2022-07-13,1175.0858154296875,1210.0083130854246,1170.0740453268297,1187.1459204196863,2672490
2022-07-14,1170.6981201171875,1193.7152893218313,1161.3585119317074,1184.3655659492406,2405440
2022-07-15,1182.079345703125,1185.1292572509867,1166.0806548109067,1177.761379745629,1711040
2022-07-18,1222.9869384765625,1226.6409580652446,1190.0461645472415,1192.037881257972,2834830
2022-07-19,1242.4349365234375,1244.9508149268547,1207.3178124399321,1217.9951838097536,4230630
2022-07-20,1240.033935546875,1261.7233338568583,1235.1669462962766,1261.7233338568583,2721470
2022-07-21,1269.5552978515625,1273.638542542855,1236.0703758584411,1237.9622812632351,2713300
2022-07-22,1273.3292236328125,1284.3859760389316,1263.6900598340164,1280.457383677716,3024220
2022-07-25,1259.8812255859375,1277.3924416597463,1254.9344118530441,1267.913049366242,1747020
2022-07-26,1329.1123046875,1352.6585081261603,1276.8982012670078,1297.8636916709227,13270240
2022-07-27,1328.5181884765625,1336.6947930979582,1298.8170771014627,1332.8011776529943,5339660
2022-07-28,1461.798828125,1519.8233146571724,1348.4803460109288,1348.4803460109288,16276260
2022-07-29,1502.2872314453125,1517.6019890366258,1478.7808791676684,1497.5350438233359,10442350
2022-08-01,1504.8331298828125,1522.4940018063014,1490.6463979847376,1517.4972215354205,4320160
2022-08-02,1519.913330078125,1526.4874702765253,1483.6929179506267,1497.5351245355055,4248930
2022-08-03,1521.885009765625,1531.2795805918786,1509.0511536735328,1518.5005658721554,3096500
2022-08-04,1516.03466796875,1538.1631619231073,1503.0260505837796,1532.3777626941317,3113610
2022-08-05,1506.10595703125,1522.5938331446462,1499.8712240919915,1515.1061576273755,2078470
2022-08-08,1550.512939453125,1556.3384342313436,1501.603449748656,1504.024513727738,4870730
2022-08-10,1561.749267578125,1564.8242841482413,1540.0649897435985,1550.4479235865037,4425480
2022-08-11,1571.10888671875,1590.3822163531615,1567.5398102792767,1590.3822163531615,2536510
2022-08-12,1573.9542236328125,1586.2289406088425,1565.4232222126468,1574.4084320340203,2052510
2022-08-16,1588.95947265625,1594.375606353708,1578.401899589989,1578.9010779263551,1522190
2022-08-17,1681.2628173828125,1711.3333190777391,1590.3823693744096,1595.0745975480884,9435810
2022-08-18,1677.828125,1696.1080932872057,1659.333544162101,1685.2259817091006,3616590
2022-08-19,1626.08349609375,1691.9150795137784,1609.8502061261195,1685.226138257916,5126830
2022-08-22,1584.5618896484375,1627.1966697852663,1578.9859844589066,1626.1234850520464,3722010
2022-08-23,1627.710693359375,1649.3351322580695,1564.5946159651373,1577.393494439316,7064070
2022-08-24,1630.700927734375,1639.9407242051127,1615.3661828866962,1626.8223020636453,2649190
2022-08-25,1621.960205078125,1656.772897359668,1617.3378088114866,1638.857440501401,3693150
2022-08-26,1625.923828125,1647.9426405385814,1622.9637343947468,1639.6013891378057,2071780
2022-08-29,1605.99658203125,1616.3395431120357,1568.5182314526896,1570.0157665451345,3079400
2022-08-30,1693.4276123046875,1697.20642661924,1634.309953162174,1636.3066666052555,7661440
2022-09-01,1737.779541015625,1765.7883686993416,1677.6883906331445,1678.2375355407828,10171920
2022-09-02,1730.077392578125,1781.5675924030522,1722.1653667107116,1766.5922413881765,6944080
2022-09-05,1734.7545166015625,1750.009435749138,1717.677645281361,1739.1373170018394,3700530
2022-09-06,1694.1064453125,1745.7264325825683,1690.3476178604776,1739.6364813260432,5077980
2022-09-07,1702.75732421875,1711.5827633878587,1678.2676049396805,1692.2146188920829,3207730
2022-09-08,1735.428466796875,1746.1258244451856,1701.3993966606263,1725.1603342717442,4301170
2022-09-09,1717.737548828125,1755.6102690000362,1712.5861159669614,1752.1160205260526,3957300
2022-09-12,1710.98876953125,1739.1373832569857,1702.4177943319096,1735.1439564297596,4250820
2022-09-13,1781.817138671875,1840.9697737559532,1747.124242989652,1752.116026541051,10413183
2022-09-14,1802.3831787109375,1810.469843314195,1749.120875068385,1766.0929383538657,3784309
2022-09-15,1769.28759765625,1820.952554038946,1767.0912617849651,1812.0173108133965,3051984
2022-09-16,1732.049072265625,1782.5658971759747,1709.1866793420713,1769.2877042486205,3277213
2022-09-19,1763.0479736328125,1776.3761331341805,1734.1455957842936,1735.693097424215,2309647
2022-09-20,1796.6427001953125,1809.9707378201467,1777.0749331703014,1782.0667166904427,2832208
2022-09-21,1799.038818359375,1817.0092394084697,1775.1282235447163,1797.0421049094755,2080898
2022-09-22,1769.4375,1785.0618069684942,1730.1521876266222,1783.8638276580125,4480817
2022-09-23,1719.0704345703125,1775.2778439353037,1711.582759283436,1769.0880811127051,2759913
2022-09-26,1674.044677734375,1742.232371883401,1658.769770432399,1697.2065060096768,4915173
2022-09-27,1676.7901611328125,1712.9306274445132,1662.2640213872153,1685.7254054728608,2624336
2022-09-28,1649.4849853515625,1676.1411838882698,1642.546454637527,1667.255784376034,2114266
2022-09-29,1633.2117919921875,1682.231082851483,1625.3247494849938,1669.2024788328472,2418856
2022-09-30,1675.5919189453125,1696.2080088774178,1618.336187398643,1623.0783816553633,2788387
2022-10-03,1643.8941650390625,1683.2294445222449,1635.3083215465226,1683.2294445222449,1464138
2022-10-04,1698.3546142578125,1702.1982633818272,1667.30574362227,1679.2360580693453,1806381
2022-10-06,1707.7391357421875,1721.3167627570504,1692.1148287039193,1715.1768445565513,1661891
2022-10-07,1696.2080078125,1707.0401534707917,1681.7318358800214,1705.193217977487,1150275
2022-10-10,1681.632080078125,1691.1663136126565,1654.2770816325274,1672.5470583187816,1229639
2022-10-11,1669.9013671875,1704.2448622174597,1662.2639140194137,1681.632058472622,1402150
2022-10-12,1691.865234375,1698.8037648083646,1664.660013844195,1678.287607401459,1538819
2022-10-13,1678.986328125,1691.7653422363448,1663.7114223411043,1690.1678740701439,1065166
2022-10-14,1685.525634765625,1706.191569332653,1682.3308202617823,1706.191569332653,1239168
2022-10-17,1716.4248046875,1722.1653558737457,1671.2491627435656,1681.232730023993,1551410
2022-10-18,1723.413330078125,1733.3968975224589,1709.1867464699494,1727.1571678697503,1661431
2022-10-19,1696.0084228515625,1728.1554600738543,1689.6189155518698,1722.165319830964,1804532
2022-10-20,1722.8641357421875,1727.1571183680987,1673.7450340717444,1684.2277795878513,1438398
2022-10-21,1681.681884765625,1737.540014926891,1672.3472740489738,1728.6546159747356,2734130
2022-10-24,1699.0035400390625,1721.36663340292,1690.2179520248908,1710.0353088368267,499690
2022-10-25,1655.824462890625,1698.1048424471921,1652.2802480517548,1697.206297092437,1870289
2022-10-27,1628.2698974609375,1673.7950628908154,1618.3362965170645,1668.9030904274612,2177395
2022-10-28,1650.68310546875,1657.7714141513998,1632.3133165537722,1636.4565215171347,2115388
2022-10-31,1684.72705078125,1687.0731648187636,1659.4187310145696,1662.2640234374999,2217631
2022-11-01,1706.2415771484375,1711.8821950416027,1688.2211898571327,1689.2195465631391,2002317
2022-11-02,1707.58935546875,1719.6694473870466,1696.4576536850154,1702.1982048156253,2036615
2022-11-03,1720.667724609375,1729.6529346595544,1691.216202778231,1695.1098181739176,2205874
2022-11-04,1797.7408447265625,1802.0338272457257,1718.2218317845925,1720.0687672889903,6981242
2022-11-07,1775.128173828125,1814.9126638291702,1762.6487151157698,1810.2203142314963,2464569
2022-11-09,1749.8197021484375,1795.0453084450205,1742.6815493909357,1794.745752693502,1762741
2022-11-10,1697.5557861328125,1754.0129061214175,1691.2162454779566,1742.132437047836,2030748
2022-11-11,1716.4248046875,1745.1275606187291,1704.5443352498478,1737.1407067943871,1671510
2022-11-14,1715.526123046875,1732.148785622904,1705.3429339772633,1721.1668624863898,1459293
2022-11-15,1705.6923828125,1726.9574287824544,1693.5124800998565,1720.5679216751203,1401141
2022-11-16,1682.8800048828125,1711.6825714605384,1672.247481596035,1710.8838373483081,2040699
2022-11-17,1661.864501953125,1697.1563861492066,1657.4717081956437,1682.8299921927432,1875515
2022-11-18,1651.6812744140625,1671.8979966779118,1638.5028934461723,1665.2589005481875,1581747
2022-11-21,1633.1617431640625,1654.9758121487444,1622.3295976093516,1651.68130824158,1943750
2022-11-22,1640.6495361328125,1657.1723890468168,1629.3182114260667,1632.3632482529067,1508906
2022-11-23,1633.5111083984375,1653.2786188939663,1627.3713124725873,1648.8858252427701,1837952
2022-11-24,1631.3148193359375,1644.7426679687553,1617.3378257798156,1636.3066027488383,1660403
2022-11-25,1631.0152587890625,1644.2434847943662,1621.8304260842083,1631.314814540841,1140578
2022-11-28,1650.1337890625,1659.1689656269432,1626.1732291069839,1627.3213636454611,2005182
2022-11-29,1629.318115234375,1650.1338278105775,1627.3713684401603,1646.2901789347331,1346735
2022-11-30,1623.8271484375,1641.9473466473728,1620.6324557928244,1631.5144461654643,2900845
2022-12-01,1636.1070556640625,1639.8009268121907,1621.5309499299576,1632.1136287494514,2111362
2022-12-02,1639.95068359375,1650.2836512284057,1622.5792523647708,1629.5177827917407,1682841
2022-12-05,1631.5145263671875,1652.2803951875223,1628.7192006331122,1647.288611516261,1383542
2022-12-06,1632.562744140625,1644.1936237166697,1625.3246582852391,1627.321371624656,1177485
2022-12-07,1604.0596923828125,1639.301733327073,1590.382254074316,1632.7126033526858,2376490
2022-12-08,1615.9400634765625,1619.1348779063835,1597.570276581646,1607.3542205852661,1161239
2022-12-09,1595.9730224609375,1624.276410996896,1579.400325342663,1619.334593998609,1766412
2022-12-12,1589.483642578125,1601.3141448377999,1567.5197956633926,1583.5434690922525,1365732
2022-12-13,1608.8018798828125,1614.2429971022173,1588.6351229846412,1597.4705555397875,1279634
2022-12-14,1620.3829345703125,1625.2249403225132,1610.6489564816716,1617.0883086231931,1137059
2022-12-15,1602.2626953125,1629.0185818025807,1597.3707230990663,1617.3378571378046,1041690
2022-12-16,1584.491943359375,1607.3543368726878,1578.5517695579501,1596.3724128319427,1533418
2022-12-19,1616.3895263671875,1624.3264136911157,1587.5369922479006,1592.428964640951,1508476
2022-12-20,1612.9949951171875,1615.840287282482,1590.4321585133207,1612.2960723190565,866377
2022-12-21,1579.20068359375,1626.5726604644228,1572.9109876088373,1615.8403258933058,1397725
2022-12-22,1541.7623291015625,1591.5802318581032,1527.4857792793655,1583.4935668123321,2100618
2022-12-23,1494.5899658203125,1540.7639637927248,1489.548215672195,1521.7951862473012,1673592
2022-12-26,1532.4776611328125,1542.4112623707674,1480.7128863342907,1494.4402920936238,1329547
2022-12-27,1535.173095703125,1548.8506560324597,1515.5055168606598,1542.4611485834778,1102198
2022-12-28,1520.19775390625,1532.1780347441363,1510.5137423101794,1532.1780347441363,1411078
2022-12-29,1509.2156982421875,1519.4988204795184,1500.5800107201171,1512.5103239332918,3417120
2022-12-30,1545.306396484375,1570.4150919082172,1523.342549045099,1525.4890403278805,2638505
2023-01-02,1549.9488525390625,1557.4365281551932,1526.038257152773,1547.452960667019,1061404
2023-01-03,1560.4315185546875,1567.4200154388095,1541.512707880557,1546.4545247864435,1306648
2023-01-04,1545.306396484375,1564.7743521691875,1537.8686878039605,1559.4331681885792,1036103
2023-01-05,1466.4361572265625,1545.4561113235393,1452.3093860985973,1545.4561113235393,5979381
2023-01-06,1427.99951171875,1471.1285951941331,1420.6616141922625,1471.1285951941331,5207616
2023-01-09,1411.6763916015625,1448.5157786700586,1406.335207563152,1444.6221631170163,4513767
2023-01-10,1410.9776611328125,1426.651813555548,1388.7142565820625,1426.651813555548,2903001
2023-01-11,1397.3997802734375,1420.5117615251702,1394.75423259745,1415.669756056465,2327598
2023-01-12,1385.51953125,1412.6248192203814,1376.7339431981645,1402.6912184143737,3168742
2023-01-13,1388.8638916015625,1397.5495457936063,1372.0914509696806,1392.457951202763,3754686
2023-01-16,1381.6259765625,1416.11913029818,1376.9336265599036,1395.8525607222564,3480545
2023-01-17,1370.6439208984375,1389.3131422102858,1351.7249885449548,1386.7174391962442,3681802
2023-01-18,1365.05322265625,1377.7323045370729,1362.7569534008003,1377.532681936477,2589016
2023-01-19,1352.923095703125,1363.7052748562148,1345.8846322757793,1362.7568847465843,1910318
2023-01-20,1331.0091552734375,1359.4124776109957,1324.3701804569253,1357.7651646182135,2091612
2023-01-23,1330.559814453125,1342.7896833160407,1317.3815555283152,1327.8143336879807,1832743
2023-01-24,1330.5098876953125,1346.783150192746,1327.365161675064,1334.0541026279145,1311451
2023-01-25,1312.190185546875,1332.7064657505198,1307.8473580068273,1332.7064657505198,1549899
2023-01-27,1312.040283203125,1333.954285168601,1299.9103471931828,1312.93882857749,1829556
2023-01-30,1341.6416015625,1357.7650863366907,1315.684327853122,1318.6295531842827,4411750
2023-01-31,1340.243896484375,1354.9198130230263,1321.624641617986,1352.174332111716,2213909
2023-02-01,1266.2158203125,1357.7650787099874,1244.8009965007252,1345.7847986037227,4761664
2023-02-02,1269.8099365234375,1286.5324115831936,1250.042424719839,1266.9146776615362,2419664
2023-02-03,1335.252197265625,1338.5967899007683,1279.1945627985933,1302.8555692157727,3271913
2023-02-06,1340.843017578125,1346.7831912080658,1319.927371546134,1335.2521225502812,1546926
2023-02-07,1348.180908203125,1360.1112219861625,1334.9027153831657,1342.9395355430959,1604424
2023-02-08,1366.650390625,1374.7370548087579,1342.9892657973191,1354.7199559890423,1516979
2023-02-09,1397.948974609375,1407.5831411757697,1354.4206466941062,1367.7486843169747,2593600
2023-02-10,1399.4466552734375,1416.318909698477,1391.7093900133204,1403.6896717064049,2069492
2023-02-13,1386.2681884765625,1412.6746733758816,1379.4793144431974,1401.692750119956,1467695
2023-02-14,1396.3016357421875,1402.6911429023044,1371.3926851908466,1387.7157926222085,1390992
2023-02-15,1418.4652099609375,1421.6099359855946,1385.7690289152397,1395.7026290652084,1518171
2023-02-16,1425.8529052734375,1432.6417791770023,1410.727899665,1426.6516393337536,2153424
2023-02-17,1411.726318359375,1424.8546112637966,1407.6829250395679,1417.7164584659263,994199
2023-02-20,1402.291748046875,1423.4569824781993,1398.49806583964,1415.6697517390849,993735
2023-02-21,1392.0087890625,1407.0839507882135,1387.7158065246463,1407.0839507882135,1117177
2023-02-22,1358.7135009765625,1389.7125252334265,1353.7716840635965,1387.6160005391293,1402505
2023-02-23,1344.736572265625,1363.705350467679,1338.7963983660277,1359.7618900630348,1095460
2023-02-24,1356.7667236328125,1383.7223539036631,1348.1309140054311,1351.4753844984277,1342454
2023-02-27,1355.16943359375,1365.0032228936059,1342.7897859147192,1355.7184566669036,972575
2023-02-28,1332.7064208984375,1369.645619843232,1327.8144485561293,1361.9581999139712,1597380
2023-03-01,1341.6915283203125,1357.765046035467,1332.7063184568424,1333.5049306562148,1134472
2023-03-02,1341.3421630859375,1383.6723887250969,1335.002500686706,1372.7404318520507,3267851
2023-03-03,1353.1226806640625,1362.207701935781,1343.8878815187484,1354.7699935341957,1199487
2023-03-06,1378.531005859375,1397.1502611664182,1355.019656387288,1355.019656387288,2466703
2023-03-08,1378.531005859375,1381.526076015324,1355.6686126283537,1372.7404881433201,1557533
2023-03-09,1350.3275146484375,1376.6840362053913,1347.7816561056813,1375.7356460100955,1545024
2023-03-10,1326.666259765625,1339.7946745797492,1318.8791507252156,1337.7979612048166,1389890
2023-03-13,1293.5706787109375,1338.995906849686,1289.776996515681,1323.8209343292406,1668502
2023-03-14,1278.4456787109375,1300.1599362188024,1266.914610458877,1297.8636671367533,2060607
2023-03-15,1280.4923095703125,1307.5477524113146,1275.8998930147818,1287.8801737003666,1376141
2023-03-16,1291.47412109375,1301.8570544912411,1268.4620737354949,1283.3874567089651,1539281
2023-03-17,1299.61083984375,1314.1369786394382,1290.8752186809822,1302.8055325496762,1332869
2023-03-20,1243.353515625,1305.800656954552,1228.977154111169,1302.8555533022547,3970911
2023-03-21,1266.01611328125,1269.410550452313,1246.5481575330627,1256.9310916393724,2333183
2023-03-22,1292.4227294921875,1312.7891089089976,1268.462168418561,1268.9113801908052,2884348
2023-03-23,1287.8802490234375,1308.3465630583062,1276.1995234197193,1289.8269960008158,1947186
2023-03-24,1238.6112060546875,1287.8800825117173,1234.1684458265233,1279.194428377545,2676573
2023-03-27,1237.063720703125,1249.5431790305104,1224.6342289569332,1242.954049407593,1553877
2023-03-28,1221.1400146484375,1245.7993762425215,1213.0033832183387,1243.2536397946321,1510246
2023-03-29,1244.0023193359375,1249.942492497288,1223.4360753981255,1227.279845893981,1657420
2023-03-31,1264.418701171875,1267.9129494577824,1247.945816395455,1250.242085445506,1830686
2023-04-03,1280.8416748046875,1284.4358564072354,1263.420399201669,1270.9080744241205,1381342
2023-04-05,1277.19775390625,1321.824248909306,1273.4039497611934,1293.8702617722513,3366621
2023-04-06,1301.8072509765625,1309.294926691071,1269.2608449114432,1277.1978542906554,1819711
2023-04-10,1302.905517578125,1315.0854211077199,1293.5209398100549,1308.84569145737,1297282
2023-04-11,1321.0255126953125,1322.8226034705535,1305.0518057854795,1310.7923567062007,1281834
2023-04-12,1319.37841796875,1326.816127043642,1313.3882774403362,1318.829273005757,1105734
2023-04-13,1339.0958251953125,1343.788052708745,1315.8340664711188,1318.7293251339574,1330391
2023-04-17,1338.9461669921875,1350.7267034091064,1328.3636099160674,1342.789816069446,1073923
2023-04-18,1333.005859375,1346.4836752525157,1326.8160963865466,1337.7980204348928,1236391
2023-04-19,1329.162109375,1336.7495955854215,1319.877465597539,1332.8061355427478,590360
2023-04-20,1329.910888671875,1339.1456878203426,1322.8725473075715,1331.7578241276265,467602
2023-04-21,1315.734375,1335.8013211455066,1304.403050349279,1334.3037860321147,825513
2023-04-24,1317.5811767578125,1320.726024550422,1305.7007083577919,1312.9387940039326,1051329
2023-04-25,1343.5885009765625,1349.7782637934097,1319.9273739701894,1322.822632785701,2725305
2023-04-26,1332.5067138671875,1347.2824426081106,1326.4667286134893,1343.5885713577404,889092
2023-04-27,1357.76513671875,1371.7421307732077,1337.9477802369086,1350.2774613324334,3982526
2023-04-28,1352.4239501953125,1366.700378117476,1316.632886287636,1366.700378117476,3376186
2023-05-02,1346.833251953125,1368.6473230463864,1343.6884037475236,1357.7652098581377,1387425
2023-05-03,1344.7864990234375,1348.7299593112916,1327.8144348189844,1342.7897855876195,903123
2023-05-04,1372.1912841796875,1376.0350548769343,1337.7979454494136,1340.0942145514277,2213569
2023-05-05,1357.016357421875,1391.709253077869,1353.1727084641468,1369.2462271135564,2572062
2023-05-08,1402.491455078125,1408.48159491154,1360.8599101140662,1365.552259438732,2912772
2023-05-09,1406.3851318359375,1444.3226890604603,1400.195368615615,1408.6314345663368,3772745
2023-05-10,1412.1256103515625,1418.5151177176488,1392.70762094364,1416.6681821641757,1297980
2023-05-11,1418.0657958984375,1425.4036928288506,1410.7278989680244,1418.664785508525,915163
2023-05-12,1421.11083984375,1425.6534117172066,1404.6879203684243,1417.6665578700515,1300969
2023-05-15,1419.0142822265625,1427.6500921227866,1413.6730982138922,1421.6599518761177,1003664
2023-05-16,1426.0028076171875,1435.6369744133065,1418.6649100426346,1427.5503092929887,1678746
2023-05-17,1413.0740966796875,1428.0494471704224,1402.6911626321685,1428.0494471704224,804968
2023-05-18,1413.1239013671875,1427.6500396796444,1409.7295861812004,1420.0125867717518,739262
2023-05-19,1412.7745361328125,1420.3620226484545,1394.754270891877,1419.7630330047984,754504
2023-05-22,1410.6781005859375,1416.3686853648287,1402.691246513264,1408.6813870677693,591903
2023-05-23,1434.8880615234375,1445.4207726815282,1413.1738048957563,1413.2736161844714,1991556
2023-05-24,1424.1058349609375,1444.622113447135,1418.8146176879686,1434.8881358340668,1047736
2023-05-25,1425.0045166015625,1427.3007859290178,1413.6731915937353,1418.764786765785,688673
2023-05-26,1436.78515625,1443.9234314615317,1428.6485242779665,1428.6485242779665,1023550
2023-05-29,1447.16796875,1466.08677901632,1442.1262187872483,1446.5688572485042,1659680
2023-05-30,1463.441162109375,1464.7889192968144,1437.1344871185568,1451.061514504956,1506999
2023-05-31,1448.66552734375,1462.5925544556987,1444.8717231645119,1462.5925544556987,1704213
2023-06-01,1447.76708984375,1456.602522856564,1441.6271713535834,1453.1082741725352,939379
2023-06-02,1454.855224609375,1464.4893906319564,1446.0197926526987,1457.6007053900755,1129346
2023-06-05,1456.502685546875,1467.0852427127438,1453.8070492026377,1466.5860643382243,829929
2023-06-06,1472.6759033203125,1476.4697074239275,1460.6956232495845,1464.090060310233,1472972
2023-06-07,1478.4664306640625,1480.7625779044931,1469.5810318448625,1480.5629553165293,837622
2023-06-08,1464.9886474609375,1482.5597010250694,1460.595853602476,1480.5629876230155,722068
2023-06-09,1464.090087890625,1473.5744764586175,1459.1482710162406,1468.5826930017795,499104
2023-06-12,1463.5909423828125,1470.5794393791834,1459.5475489441687,1470.5794393791834,465964
2023-06-13,1483.7576904296875,1489.54820808299,1467.5843605107207,1467.5843605107207,1205104
2023-06-14,1477.96728515625,1489.448387222581,1466.585994386118,1487.5514851159398,763762
2023-06-15,1472.276611328125,1479.5646641572182,1467.1850164124585,1477.5179841262527,853566
2023-06-16,1506.120849609375,1512.5103566781952,1472.2765340859999,1476.5695165195054,2090874
2023-06-19,1539.4161376953125,1550.7475842725312,1514.1577851113739,1520.4473594973028,3446484
2023-06-20,1518.550537109375,1540.664040952944,1499.6815707348187,1540.664040952944,1943763
2023-06-21,1516.75341796875,1532.4775360092356,1510.7632777628507,1523.3925144042312,799052
2023-06-22,1505.172607421875,1524.6904091374288,1502.3771597202935,1520.4973594547794,966522
2023-06-23,1499.481689453125,1517.2025196093007,1481.5112701398202,1505.0226174892762,1237464
2023-06-26,1505.07275390625,1508.367258030296,1484.7560967275633,1501.977750512832,647496
2023-06-27,1520.4473876953125,1524.8401818386849,1500.5302189659094,1509.515429857921,763062
2023-06-28,1516.35400390625,1532.4774885012312,1513.3090891844747,1527.4857051510644,1158136
2023-06-30,1526.29296875,1534.8833367265956,1517.3030232534359,1519.3007889193389,934639
2023-07-03,1538.37939453125,1542.7745032912853,1524.8944765678752,1526.2929368916052,1068533
2023-07-04,1627.6796875,1633.1235505379427,1563.351604276144,1563.351604276144,7337423
2023-07-05,1611.897216796875,1640.1656504100404,1605.754184776415,1629.1779389882922,2006206
2023-07-06,1618.09033203125,1622.185727276132,1605.2047190472563,1613.2457746586233,937466
2023-07-07,1613.095947265625,1624.8328208143441,1603.6065601411287,1610.0493057836572,1456642
2023-07-10,1596.0150146484375,1620.1879300594735,1577.9851310181587,1610.1491089695621,1731894
2023-07-11,1590.62109375,1630.1768306962829,1586.1261208712417,1596.2148133901103,1500679
2023-07-12,1591.4200439453125,1603.3067737698068,1579.4834431406857,1593.8673799899084,1281286
2023-07-13,1613.295654296875,1623.1846188229538,1593.2181335523762,1593.2181335523762,1136620
2023-07-14,1612.396728515625,1633.1735416106112,1602.457892433531,1621.3368036315992,1088010
2023-07-17,1608.4510498046875,1620.1379299444584,1601.2091494096658,1618.1901572324757,823296
2023-07-18,1616.4920654296875,1623.1845313391739,1600.2102272032962,1616.541936408753,2077115
2023-07-19,1642.26318359375,1647.9568887019786,1612.1968357646049,1616.4920805690265,1920501
2023-07-20,1633.9725341796875,1656.3974042821171,1623.1845511584143,1649.0556400836647,1159938
2023-07-21,1631.0257568359375,1643.1622072519717,1618.4898508467475,1631.175613642839,1149031
2023-07-24,1655.6483154296875,1658.1455225419495,1620.1879744355674,1628.179037194806,1455663
2023-07-25,1647.0079345703125,1663.0400528112514,1633.2234246372427,1663.0400528112514,1378736
2023-07-26,1624.6329345703125,1663.0400526503308,1616.242416322273,1647.5573687425376,2225230
2023-07-27,1612.746337890625,1660.8424490833606,1600.210309476642,1639.6661816516278,3402069
2023-07-28,1583.0794677734375,1628.1790530467667,1566.6478935883522,1623.184638773617,3285744
2023-07-31,1596.5145263671875,1601.0094992441013,1564.0508333672549,1564.0508333672549,1323373
2023-08-01,1570.5933837890625,1598.1625253422078,1567.8964489380794,1596.514466229906,1641917
2023-08-02,1525.2940673828125,1570.5933789199348,1522.2974189203708,1570.2437943194375,2170178
2023-08-03,1491.9813232421875,1521.198645232962,1476.1490551997856,1521.198645232962,2785017
2023-08-04,1484.6396484375,1505.6660595487654,1469.1069711402235,1500.2720677003706,2703607
2023-08-07,1506.71484375,1510.560518153022,1483.3409617835925,1496.326438216715,1228780
2023-08-08,1514.056640625,1518.6016062482167,1491.2321924811718,1507.8136229743939,1409271
2023-08-09,1514.90576171875,1528.0410960668262,1503.3187446187767,1523.2964023545744,1065831
2023-08-10,1517.70263671875,1528.0410498978663,1503.418563095662,1510.8603135377657,900666
2023-08-11,1502.31982421875,1520.099987933214,1495.9769424328065,1517.253074229794,792201
2023-08-14,1480.394287109375,1496.2764259169655,1465.4110452652826,1494.328653250807,1549409
2023-08-16,1468.2078857421875,1480.3443363684328,1461.3655628252477,1480.3443363684328,834135
2023-08-17,1475.2000732421875,1478.346578522452,1463.7629136886803,1471.3543987591702,1048714
2023-08-18,1458.518798828125,1476.6485467064106,1454.373410667799,1468.3577703857586,1053734
2023-08-21,1476.6485595703125,1482.8415844400695,1449.379009109155,1453.3745404919507,1498685
2023-08-22,1466.1602783203125,1492.330959901093,1462.7140593690121,1483.34101435952,1557523
2023-08-23,1468.4576416015625,1472.3533090720557,1456.4211765161208,1472.3533090720557,961649
2023-08-24,1466.9593505859375,1490.3332340047034,1463.3633966601142,1478.3466396293304,847606
2023-08-25,1502.2198486328125,1507.8135678564904,1464.012582007764,1466.9592374575602,3624097
2023-08-28,1498.224365234375,1512.308588601405,1485.3387524770735,1511.809147191695,1066459
2023-08-29,1501.7703857421875,1512.3086486792827,1495.5773607893368,1508.163260427224,1377001
2023-08-30,1499.8226318359375,1517.153225272894,1497.3254246567235,1508.3131362452652,700372
2023-08-31,1487.2366943359375,1506.1156045189773,1478.5463404122188,1499.3731453060302,1542837
2023-09-01,1512.80810546875,1517.0033647459936,1485.6884111820095,1492.3310066492654,904596
2023-09-04,1508.4129638671875,1524.2452326158375,1504.3675614945223,1519.3008112934886,685689
2023-09-05,1508.762451171875,1518.1021027423196,1504.3174715600287,1510.3107682594712,1298151
2023-09-06,1516.5037841796875,1520.74903598449,1502.5194252932788,1509.261884042083,712220
2023-09-07,1517.8524169921875,1523.0965517249358,1508.4129013128786,1523.0965517249358,647590
2023-09-08,1539.2784423828125,1557.0586055460146,1523.3463100038862,1528.290731243156,2168354
2023-09-11,1547.96875,1550.2662293970402,1538.2796348398467,1547.769022197625,841557
2023-09-12,1540.726806640625,1557.1585027200888,1525.9434135880626,1557.1585027200888,1444688
2023-09-13,1551.0653076171875,1563.3016222879978,1519.3007848410186,1540.2773242766934,1193072
2023-09-14,1549.16748046875,1561.8532442506178,1539.4782433880819,1555.2106487225915,920905
2023-09-15,1536.3817138671875,1565.8487584536854,1529.5893835296492,1546.320671557576,3116428
2023-09-18,1558.207275390625,1563.6012672446316,1531.187567071686,1536.3817091924668,1403635
2023-09-20,1551.6146240234375,1566.4480097044977,1543.3738406524108,1553.1629411879335,1076887
2023-09-21,1524.494873046875,1550.5158186317599,1512.308551720718,1528.7901178392067,1772341
2023-09-22,1541.9754638671875,1549.267357715766,1523.1965387522125,1526.293051315081,1321743
2023-09-25,1575.6378173828125,1589.2225996301981,1544.972041011482,1547.9686895337263,2962182
2023-09-26,1565.9486083984375,1581.2315649061038,1549.267313436113,1581.2315649061038,2472382
2023-09-27,1564.0008544921875,1568.246106691831,1552.4637085642846,1565.9486273160933,964400
2023-09-28,1537.9798583984375,1573.1904784723567,1533.3351507443492,1563.2516429981174,831496
2023-09-29,1538.529296875,1551.2150601905732,1530.3385063469207,1546.270638897906,1109857
2023-10-03,1559.3060302734375,1562.4524135191693,1525.2940224530232,1528.5403915250417,1083086
2023-10-04,1530.837890625,1554.111786806675,1519.4506022682892,1553.2627608097398,1614123
2023-10-05,1540.8267822265625,1554.2617077260682,1530.588233059344,1538.2795821967513,1153064
2023-10-06,1632.8238525390625,1638.867020537553,1549.3172718216813,1557.6079262015637,7384628
2023-10-09,1619.738525390625,1626.1812709645433,1604.8051537038968,1615.3434164877165,1712235
2023-10-10,1631.2755126953125,1642.1133669303733,1615.1935236432282,1628.1790003330007,1453653
2023-10-11,1634.7216796875,1649.1054943246183,1631.6750384026755,1639.5662368349972,952433
2023-10-12,1632.9736328125,1641.1144299986026,1621.036910319337,1635.171126175509,1052767
2023-10-13,1644.710693359375,1647.1579076991145,1618.1903035006462,1629.1780154379962,1212989
2023-10-16,1640.51513671875,1647.5573092088243,1628.578536072157,1642.1633177200372,859548
2023-10-17,1655.798095703125,1674.8767327720989,1643.7116382252677,1648.0567540129603,1689224
2023-10-18,1626.3809814453125,1663.13991850783,1620.2379495637417,1663.13991850783,1230439
2023-10-19,1632.9237060546875,1641.114496485668,1595.6154567475512,1623.184598463904,1429935
2023-10-20,1633.223388671875,1637.918089109347,1613.195739540537,1625.9814882931328,1191783
2023-10-23,1611.347900390625,1649.8547612537218,1603.7064221703868,1625.1824035323696,1093182
2023-10-25,1609.6497802734375,1628.17910660997,1597.063880277843,1611.0982336206669,1490405
2023-10-26,1558.25732421875,1606.6032809723265,1550.2662610176283,1588.2238112229568,1780025
2023-10-27,1564.6500244140625,1591.4700029005726,1549.6167896724025,1573.8396972953988,2003579
2023-10-30,1559.35595703125,1569.3447853024563,1526.2929598403443,1567.1472918563666,850025
2023-10-31,1567.796630859375,1579.6832392641318,1550.6657655418921,1550.6657655418921,1592788
2023-11-01,1571.0927734375,1578.2348097799368,1563.2515679149374,1573.1405319326238,770557
2023-11-02,1573.8397216796875,1590.8207293485946,1564.3503350411804,1585.9261792219459,1020303
2023-11-03,1534.4339599609375,1591.8697255408051,1526.1931762038262,1582.4802020853072,2519096
2023-11-06,1562.65234375,1564.2505319117806,1538.2795779975365,1545.2717578975253,917415
2023-11-07,1568.04638671875,1606.0039359873933,1548.2684570104577,1600.21036653597,2532282
2023-11-08,1573.7398681640625,1578.1848478978377,1557.458029577048,1574.2393095693826,831310
2023-11-09,1580.482421875,1587.2248812509877,1567.2472238406542,1573.2405210637542,1108425
2023-11-10,1594.217041015625,1597.013961790984,1570.893150673269,1579.2337981489368,672720
2023-11-13,1583.428955078125,1596.1647106919966,1566.9473889895853,1592.8184777214133,853825
2023-11-15,1585.277099609375,1613.1958269114477,1578.1849337209994,1598.2125839370378,1684967
2023-11-16,1618.8394775390625,1626.181241928796,1537.3306632640629,1559.3060854522898,3213352
2023-11-17,1614.0948486328125,1618.8395422494773,1579.833117532582,1591.270399516277,1783393
2023-11-20,1592.01953125,1614.7441160324938,1584.3780530792085,1610.0992864044485,1256179
2023-11-21,1608.6009521484375,1614.6441201784344,1591.8196716396428,1592.0195213682837,1714833
2023-11-22,1622.0858154296875,1624.1834449385772,1600.7096989631427,1608.2013200191325,807316
2023-11-23,1622.1357421875,1635.0213552336668,1618.389931530704,1622.0858712057739,695592
2023-11-24,1615.4432373046875,1627.1301175009469,1610.199102510531,1622.6351448202413,625345
2023-11-28,1652.5517578125,1655.148828751454,1615.692957456534,1615.692957456534,1564478
2023-11-29,1651.65283203125,1663.1399850813616,1647.1578590985978,1658.145570711748,746796
2023-11-30,1671.63037109375,1678.0232454207824,1642.7127627157474,1651.1532736289028,1577522
2023-12-01,1684.0665283203125,1686.8134562167556,1668.0844023773711,1678.1232240088589,1101136
2023-12-04,1694.35498046875,1712.7843196920198,1684.0165676865756,1698.1007910372143,1419178
2023-12-05,1690.8089599609375,1711.4859082207324,1671.380737203891,1694.405035786253,1778602
2023-12-06,1698.450439453125,1708.0896833982722,1691.008810951078,1699.099737696176,737176
2023-12-07,1702.1463623046875,1722.0740263065259,1688.1120095464203,1698.4504226145466,941890
2023-12-08,1708.239501953125,1712.6346108069433,1690.609195556545,1703.095230974245,1376050
2023-12-11,1700.897705078125,1715.081792268565,1696.352739499179,1698.2506412332643,1003371
2023-12-12,1704.8433837890625,1717.828861444992,1698.6003656852502,1702.895610914252,1390539
2023-12-13,1682.6680908203125,1707.5901682223134,1666.3362592863625,1706.0918440033408,1168629
2023-12-14,1729.0162353515625,1731.9630129448517,1696.1030939336704,1698.1008596509068,2130836
2023-12-15,1731.2137451171875,1739.0549506918774,1716.829808444379,1737.0071921831404,1486079
2023-12-18,1722.6732177734375,1736.6077057129548,1716.6300501155965,1730.7142729249476,696124
2023-12-19,1707.8399658203125,1724.62124660195,1694.9044815876762,1723.0729293990578,1214352
2023-12-20,1679.022216796875,1739.0550520470943,1670.132134992959,1713.7832670203343,1540009
2023-12-21,1664.9879150390625,1679.921287353173,1658.395312374701,1661.1422403126805,988034
2023-12-22,1670.18212890625,1688.112027406009,1661.7414956088546,1667.1354874204906,1279614
2023-12-26,1643.4620361328125,1682.1187544599472,1635.221252448552,1673.1288086225723,1296291
2023-12-27,1667.5848388671875,1672.1797972865677,1651.9524206207643,1655.1487968017861,1181177
2023-12-28,1679.32177734375,1696.9022128278905,1665.3374176211455,1672.1798626040006,1360425
2023-12-29,1683.916748046875,1690.8089421268344,1672.7291870280094,1680.570392970617,738203
2024-01-01,1674.5272216796875,1689.8100560107223,1669.133229942994,1683.9167447866816,692280
2024-01-02,1684.3162841796875,1687.9622311232788,1661.5916983804425,1674.0278635496281,1099965
2024-01-03,1675.77587890625,1706.0919497626082,1674.1276977764235,1678.1232292746965,804258
2024-01-04,1700.048583984375,1722.0240062474702,1688.1119829377694,1692.4570988620937,2268009
2024-01-05,1707.5902099609375,1715.181695135836,1695.753472728517,1701.0474786045922,835592
2024-01-08,1694.454833984375,1721.7243835293311,1688.3116803029359,1714.0329127155026,684254
2024-01-09,1680.5704345703125,1713.084120737479,1672.429636733205,1708.5391549088836,1235008
2024-01-10,1669.9822998046875,1683.1176339161034,1656.7970947101983,1683.1176339161034,607010
2024-01-11,1667.3851318359375,1700.7478421016049,1658.2953226449463,1677.1242392407005,861924
2024-01-12,1650.0545654296875,1673.0787414194174,1640.1656010608642,1668.3840409085922,1314964
2024-01-15,1630.576416015625,1662.2909470338898,1628.2290656656287,1653.1511444166406,1089891
2024-01-16,1621.6864013671875,1644.4609804463855,1618.1903111886934,1632.1746719026698,1063676
2024-01-17,1584.3779296875,1620.1878525976467,1576.2870036389959,1613.145680297062,1488186
2024-01-18,1579.383544921875,1603.5564596223228,1557.258266776841,1584.2281020577743,1133236
2024-01-19,1598.7119140625,1604.5553540288936,1579.2336995518979,1589.172534592708,1139473
2024-01-23,1580.7320556640625,1613.4454678744878,1573.2404345471712,1595.6653049834908,3028946
2024-01-24,1619.0391845703125,1621.0369501981709,1576.5866649783227,1592.918374599277,1393463
2024-01-25,1628.328857421875,1633.173414724024,1611.8971618320256,1619.9382173264135,1744604
2024-01-29,1635.1212158203125,1639.766045412123,1616.6918761997672,1628.1790288573497,940220
2024-01-30,1588.773193359375,1627.1801908335256,1583.2293446722763,1627.1801908335256,4851835
2024-01-31,1625.4820556640625,1630.1767561268823,1583.2292637629341,1592.2192091092222,1486444
2024-02-01,1620.437744140625,1630.176852172908,1611.1980775458949,1630.176852172908,1352416
2024-02-02,1649.655029296875,1662.141064940963,1624.8826858054283,1633.1734622466793,1514648
2024-02-05,1613.095947265625,1658.0456757500808,1606.7530655218293,1648.1567110967121,2578535
2024-02-06,1595.265869140625,1624.982633271942,1576.8364078047052,1624.982633271942,2376798
2024-02-07,1594.416748046875,1621.9360191938404,1587.6244178628097,1607.202497233496,1477982
2024-02-08,1568.7955322265625,1606.1536538262937,1563.2516835528456,1606.1536538262937,1486674
2024-02-09,1569.1949462890625,1585.5267782448682,1560.954162871852,1584.4779024909199,1049368
2024-02-12,1555.5103759765625,1577.5357924112636,1549.7667993755895,1576.9863580497658,803753
2024-02-13,1566.248291015625,1584.6776306152876,1550.4658933912538,1558.2572283063616,1833289
2024-02-14,1577.9351806640625,1581.2315428244492,1553.2628231787862,1558.257237401226,763689
2024-02-15,1567.646728515625,1588.2236903051175,1562.80217120557,1588.1736973903376,803588
2024-02-16,1574.139404296875,1583.2292132479788,1565.299316041867,1581.3313115708634,850341
2024-02-19,1618.340087890625,1623.1846453684745,1570.2438538579952,1574.2393852927482,1162373
2024-02-20,1601.059326171875,1617.1913083285867,1595.71532739649,1616.1424325792573,1232581
2024-02-21,1585.177001953125,1616.7916667857357,1578.8341205948573,1602.2080023728695,674394
2024-02-22,1590.7708740234375,1597.21361939941,1564.1006297323909,1597.21361939941,1149519
2024-02-23,1614.7440185546875,1619.0891342925784,1594.2169285024638,1594.2169285024638,1199419
2024-02-26,1612.49658203125,1627.5796881977617,1608.201337139848,1614.1946340484437,742382
2024-02-27,1598.8118896484375,1621.6363387314132,1593.2181699901198,1612.4966580620103,931236
2024-02-28,1582.7298583984375,1607.9016571677082,1578.2348856229291,1601.209190919972,790763
2024-02-29,1592.01953125,1601.8085099959403,1566.5978896186696,1583.179320501745,1352363
2024-03-01,1611.59765625,1618.489972480012,1593.4179147495374,1596.1648426580682,740120
2024-03-04,1617.490966796875,1623.184549983242,1601.50884199704,1614.1946047833349,589948
2024-03-05,1548.7679443359375,1634.7717380770575,1539.4284135601724,1628.1791352902794,2343463
2024-03-06,1552.8631591796875,1556.2593850486087,1529.0898219651078,1556.2593850486087,1239370
2024-03-07,1581.0318603515625,1587.8741836456613,1555.4104902691863,1555.4104902691863,1380840
2024-03-11,1597.013916015625,1614.3445087145574,1581.2315185415086,1595.7153195641567,1285565
2024-03-12,1591.769775390625,1610.1991147480053,1563.4014787588972,1588.3235564821969,1587096
2024-03-13,1571.392578125,1597.1636824661102,1560.2550099730393,1590.521209068116,1279653
2024-03-14,1561.9530029296875,1578.2348415240483,1548.368221085635,1563.8509046575482,1289823
2024-03-15,1569.6943359375,1587.824083244206,1545.7711415192261,1545.7711415192261,1929597
2024-03-18,1575.2882080078125,1577.3858375536154,1559.2560898922952,1569.1949252278987,645594
2024-03-19,1579.733154296875,1588.2236581296436,1549.367092672892,1572.2915261817288,1385006
2024-03-20,1582.9295654296875,1591.7197830711805,1564.3503692547408,1580.7320719862837,723724
2024-03-21,1600.8096923828125,1607.652015780793,1590.221558153754,1594.217089706904,1166497
2024-03-22,1585.7764892578125,1608.2013600703103,1581.6311011168061,1591.2203519204995,1570412
2024-03-26,1592.119384765625,1617.1913196896523,1587.224834457602,1587.224834457602,1616192
2024-03-27,1580.8819580078125,1608.1015155165308,1576.436856190061,1588.2237225270455,1205575
2024-03-28,1642.013427734375,1667.1353539497027,1586.2258490546,1586.2258490546,5210310
2024-04-01,1644.1611328125,1672.1298519611937,1638.5174204546365,1657.1966024750202,767676
2024-04-02,1654.699462890625,1661.0423447123078,1623.8838288818415,1649.055750302598,1605925
2024-04-03,1638.5174560546875,1653.0012573570934,1633.1734572023122,1652.152231322706,1055536
2024-04-04,1653.9503173828125,1660.6427838886655,1628.1790903690376,1648.1567479195778,1328509
2024-04-05,1676.0753173828125,1679.6214000369278,1650.1043650182808,1656.6470960221498,2364243
2024-04-08,1687.262939453125,1700.0985593007763,1682.967694554407,1688.111965463168,1345380
2024-04-09,1708.4892578125,1713.0840945539612,1685.365095356368,1693.0564445583395,1284145
2024-04-10,1702.1961669921875,1720.0761936239626,1694.105240642416,1715.0817795890498,1031729
2024-04-12,1696.7523193359375,1704.2938114343783,1687.6625100995318,1698.100786750393,1312132
2024-04-15,1654.9990234375,1690.1097799551533,1652.3519595017276,1670.132122981688,828843
2024-04-16,1616.6917724609375,1646.8579835133269,1609.549736227938,1638.167752138361,1528544
2024-04-18,1592.119384765625,1628.2788948387229,1587.5245480834988,1623.1846167360625,1325537
2024-04-19,1617.1912841796875,1626.9303916662545,1566.947429603618,1585.227033967365,1242066
2024-04-22,1627.629638671875,1646.1589646261657,1615.693037186179,1625.1824244215848,703167
2024-04-23,1619.2889404296875,1650.154444436998,1614.1946623548358,1626.7805616968046,1297705
2024-04-24,1628.528564453125,1647.0078964330914,1616.2423790538337,1623.184565807868,578310
2024-04-25,1653.7005615234375,1670.1321357360193,1613.8451111702213,1628.1790557713587,1569437
2024-04-26,1595.5655517578125,1647.2078700658785,1576.6866408470098,1647.2078700658785,5325417
2024-04-29,1593.867431640625,1601.2091961444555,1585.576655276282,1601.2091961444555,1132800
2024-04-30,1613.1956787109375,1632.1244584894216,1589.522205759774,1594.2169060202204,1748360
2024-05-02,1613.645263671875,1633.1734723131722,1609.2002837287587,1613.1958151594943,1304846
2024-05-03,1625.4820556640625,1723.0728580385246,1616.1923966993234,1648.356374609134,5227529
2024-05-06,1609.5498046875,1636.0701922837532,1605.2546817296889,1636.0701922837532,725360
2024-05-07,1613.345703125,1623.1846750763661,1591.2204230133239,1619.1891435684859,1348125
2024-05-08,1601.2591552734375,1618.19017031894,1596.9639103687687,1599.211396716434,802342
2024-05-09,1562.85205078125,1611.2978680161023,1557.857636633327,1604.904993519973,1364729
2024-05-10,1570.9429931640625,1582.3802748385654,1554.2616985152704,1558.2572298739215,768117
2024-05-13,1578.7843017578125,1585.2270472215268,1554.561393191258,1572.2415704641985,466042
2024-05-14,1574.6888427734375,1588.1238904596732,1567.297207124203,1573.5900960094116,652248
2024-05-15,1567.2972412109375,1587.8742042778365,1564.8499049796214,1578.2349600401692,581805
2024-05-16,1594.217041015625,1599.2114553045212,1558.706706647997,1573.2904939187276,1212568
2024-05-17,1582.9796142578125,1596.214812168471,1578.2849135838355,1593.2181635849256,699522
2024-05-21,1580.7821044921875,1593.5178608413785,1570.243841641437,1585.7265258306495,903561
2024-05-22,1582.180419921875,1588.2237098555934,1573.2404673097858,1580.7820814980848,578669
2024-05-23,1606.653076171875,1611.447762639964,1579.483511343216,1585.3269516466144,1547483
2024-05-24,1599.9105224609375,1618.1901263656794,1595.2658150157395,1607.2024156310977,566278
2024-05-27,1594.017333984375,1611.048213771022,1588.5234781950157,1603.2070076220891,1365230
2024-05-28,1597.863037109375,1603.2070361765075,1587.6743584854555,1601.1592774813328,1306333
2024-05-29,1568.1461181640625,1600.5598159622912,1563.351431993119,1592.3690258486913,1665575
2024-05-30,1522.3973388671875,1573.4402285032834,1515.305294965082,1564.999717130219,2285079
2024-05-31,1526.892333984375,1550.3162104967,1517.2032188980806,1528.2907943921762,2794001
2024-06-03,1574.0396728515625,1581.2315807307082,1554.7111918002133,1578.2349321254069,1826290
2024-06-04,1475.649658203125,1567.4468930235191,1417.464733171465,1554.2616883993626,4388491
2024-06-05,1516.00439453125,1526.2929362652515,1471.2545177278141,1488.3353894209586,1456768
2024-06-06,1524.74462890625,1539.7778640921422,1509.1122103502266,1519.800207730259,2891789
2024-06-07,1565.9486083984375,1578.2349163307922,1528.8402077546493,1537.2307262183676,2787254
2024-06-10,1564.0509033203125,1587.2249379708512,1557.6080354148762,1584.2782821711053,1154334
2024-06-11,1566.498046875,1575.6378494405906,1556.2594975490197,1571.2427404650884,1184425
2024-06-12,1577.3359375,1591.9695961351847,1560.2550645729623,1566.2483618760596,1799090
2024-06-13,1588.3236083984375,1593.7675931358608,1579.233798775827,1585.1771030083955,1095701
2024-06-14,1589.9718017578125,1594.2170539377846,1573.5900983706606,1588.3236206423287,681385
2024-06-18,1596.164794921875,1603.1071038616342,1583.2293108403207,1597.2136706837055,1282756
2024-06-19,1593.1182861328125,1598.2125642947135,1580.7321143727402,1598.2125642947135,1269273
2024-06-20,1584.2281494140625,1593.2180947764375,1571.3425366745378,1590.7208877313333,1649421
2024-06-21,1578.131103515625,1610.0654951303525,1569.735169895292,1585.2276214288017,3345305
2024-06-24,1586.8768310546875,1589.0757108395371,1560.2397853334019,1569.2854267432997,822750
2024-06-25,1602.5692138671875,1609.9656347911398,1570.2349913126684,1586.8769078888436,3093861
2024-06-26,1599.470703125,1615.7127896275972,1592.973868523961,1606.217415979925,1310438
2024-06-27,1602.3193359375,1613.9136628421318,1594.273329142316,1599.470748165157,2620064
2024-06-28,1587.3765869140625,1621.210077382039,1582.3289974865486,1602.319257380285,2058302
2024-07-01,1579.430419921875,1590.1751848496099,1577.2315400898478,1587.4265240541429,2444681
2024-07-02,1578.980712890625,1584.2281563105812,1560.3397704347024,1579.4304449508454,2572175
2024-07-03,1593.373779296875,1596.7221236673363,1572.8337369768053,1582.229184203689,892102
2024-07-04,1584.927734375,1609.215949371727,1580.030218224735,1609.215949371727,1450706
2024-07-05,1578.830810546875,1589.9253811484575,1569.3354364445606,1586.2272316182207,1070592
2024-07-08,1569.3353271484375,1578.8307005894483,1561.2392963009065,1578.8307005894483,1000005
2024-07-09,1580.829833984375,1583.1287628306363,1566.2369676857124,1576.931708641566,1233946
2024-07-10,1581.7794189453125,1588.2262292843782,1569.9851162041768,1583.1287371545507,1355610
2024-07-11,1587.0767822265625,1595.2228380385197,1575.2325769102176,1583.2286813615385,1848978
2024-07-12,1596.47216796875,1604.0684425032255,1584.3780848533638,1604.0684425032255,1003699
2024-07-15,1601.419677734375,1604.2183629351182,1587.2266419569894,1596.2222589454104,1753186
2024-07-16,1608.7662353515625,1614.2135325238442,1597.6216407403235,1604.2184022914983,980434
2024-07-18,1650.4459228515625,1653.1945837374622,1592.2743121797798,1605.2179573653955,2999670
2024-07-19,1639.4512939453125,1659.191676847565,1634.2038503890176,1651.1955723808298,1865129
2024-07-22,1630.355712890625,1650.9956814838827,1622.2596817021072,1624.2086833177411,784867
2024-07-23,1618.0616455078125,1647.1474503019083,1598.671068308126,1634.2038053574001,2718846
2024-07-24,1578.48095703125,1611.1150819539685,1561.2393572156484,1599.820535879111,3675430
2024-07-25,1571.1844482421875,1581.879310798495,1557.2412903708773,1564.8375649461227,1694503
2024-07-26,1585.6773681640625,1591.9743489403593,1568.2859393740343,1577.2315320219036,2768936
2024-07-29,1616.362548828125,1624.208701847182,1581.7293973373326,1587.3766704566983,2217892
2024-07-30,1641.85009765625,1669.086827632918,1594.423131334394,1613.2140250400753,3703774
2024-07-31,1650.845703125,1655.4434386127095,1636.8525208514436,1650.0960683603453,1324150
2024-08-01,1634.00390625,1658.192072120345,1629.2061950308394,1654.1940201079994,747329
2024-08-02,1622.659423828125,1628.206770099664,1602.219430613727,1619.211152585301,1105569
2024-08-05,1566.9365234375,1604.2184081445203,1561.2393479886234,1589.2257127413004,2058076
2024-08-06,1563.3382568359375,1597.2217718934212,1556.3416658451654,1574.3829242757163,1897942
2024-08-07,1570.634765625,1584.0282643382243,1562.8885398107727,1583.328532025904,1443063
2024-08-08,1539.300048828125,1575.6822245228102,1531.8037013068247,1561.68904248305,1683534
2024-08-09,1559.440185546875,1561.7891387835182,1544.747392763629,1559.1404048434451,1014828
2024-08-12,1558.2408447265625,1570.0850499651901,1547.3461280809506,1556.2418186268492,1125254
2024-08-13,1542.598388671875,1568.2359219316304,1536.3015298782868,1553.2432266932783,1817066
2024-08-14,1528.4053955078125,1545.6968979610544,1526.0565642567817,1544.2476528517227,1173504
2024-08-16,1549.145263671875,1551.6939486821025,1522.5082171221193,1538.2505472843864,1841887
2024-08-19,1550.3446044921875,1563.1384198169694,1544.297623991782,1563.1384198169694,940893
2024-08-20,1601.31982421875,1624.1087704380889,1550.7444885683562,1554.1927597675926,3149863
2024-08-21,1620.16064453125,1628.00691965479,1599.1708702877215,1599.2208947450308,1966030
2024-08-22,1624.9083251953125,1629.2062801374468,1613.2640957097753,1624.0088610542402,1325535
2024-08-23,1639.1014404296875,1644.1489080189099,1622.4094996412048,1627.1072840833674,1114056
2024-08-26,1685.3787841796875,1687.1779563972534,1637.9519407855444,1648.196949110824,2446507
2024-08-27,1718.162841796875,1728.1579717666066,1651.1954709996728,1685.3787666918095,4205533
2024-08-28,1712.66552734375,1734.1550568668843,1699.2221262836235,1727.1584658593522,1444329
2024-08-29,1754.7950439453125,1771.1370572895753,1710.716544517649,1715.164328616767,5508206
2024-08-30,1782.1817626953125,1792.6266250881613,1749.1978325989037,1769.0880443513768,3865499
2024-09-02,1839.65380859375,1861.0933148938445,1786.9294947588144,1795.525282659587,5442576
2024-09-03,1864.6915283203125,1870.0388987546871,1811.067628594617,1849.0991490869426,4429269
2024-09-04,1870.988525390625,1878.784654068663,1832.1574673293126,1839.303888114796,2634954
2024-09-05,1864.041748046875,1873.7869999406519,1849.0990772807634,1867.0903115461979,1441842
2024-09-06,1856.24560546875,1897.07568740509,1835.1058809672,1863.0922451649567,2970645
2024-09-09,1859.5439453125,1872.8375172546648,1838.154464338538,1859.0942132588,1576721
2024-09-10,1823.611572265625,1873.8871278307086,1814.3660764895455,1873.8871278307086,2155688
2024-09-11,1832.25732421875,1852.8972925650698,1813.3665036643067,1828.1093207672686,1492450
2024-09-12,1853.94677734375,1859.0942940116017,1815.915378567939,1849.798773737195,2040386
2024-09-13,1893.5274658203125,1905.971476611399,1845.6008634455575,1873.8871318196377,3078216
2024-09-16,1856.6954345703125,1920.0645869326804,1837.1550274673434,1901.0738388058085,3180768
2024-09-17,1847.7996826171875,1875.935998705149,1837.6547230105796,1858.094715590757,1920113
2024-09-18,1887.2803955078125,1896.0761587014956,1842.302310562337,1847.7996320556729,2960854
2024-09-19,1889.4794921875,1901.0738191534542,1875.0864798800633,1889.0796625657354,1821882
2024-09-20,1915.8665771484375,1923.562778484038,1883.4323069235725,1891.1785327137784,4225587
2024-09-23,1919.0150146484375,1933.0582216816515,1913.667644280189,1928.9102181584958,1118846
2024-09-24,1903.7225341796875,1922.6632574648493,1897.4255532294872,1919.0650349265359,1461016
2024-09-25,1927.5609130859375,1937.8559462847813,1895.1267634823837,1904.072356457719,901659
2024-09-26,1981.83447265625,1987.2817698323313,1929.2100875440692,1939.0552664276236,2541200
2024-09-27,2009.7208251953125,2028.9115488125337,1965.3425437292656,1975.8873331182062,3718693
2024-09-30,1972.4390869140625,2017.966833357594,1967.3415947363185,2009.720850654785,1859917
2024-10-01,1974.2880859375,2006.1225511123978,1968.0911540392456,1972.0391816502658,1326900
2024-10-03,1912.46826171875,1969.090699439615,1895.5764670591027,1960.0450576867388,1702709
2024-10-04,1883.63232421875,1934.0577076367672,1864.3416739893955,1912.3683237508208,2423416
2024-10-07,1878.3848876953125,1900.6739550769194,1867.890000871306,1883.6323311073156,1423722
2024-10-08,1837.2548828125,1893.0276361431484,1832.2072932552376,1872.2877409702767,1423384
2024-10-09,1866.040771484375,1880.2838319247264,1834.6561604736264,1848.099561698945,1411255
2024-10-10,1874.7864990234375,1886.9306064645334,1859.0941936128793,1873.8870349255428,1209065
2024-10-11,1875.486328125,1882.8827491630454,1854.196651166049,1875.0364740419714,516757
2024-10-14,1866.2906494140625,1884.1819567522411,1861.6430115114465,1884.1819567522411,809881
2024-10-15,1853.047119140625,1894.826812282791,1841.1029873268633,1872.687574433663,2072690
2024-10-16,1861.143310546875,1870.0889034774943,1846.3504687059335,1854.096694789285,850008
2024-10-17,1814.915771484375,1868.539546836242,1808.2189611140955,1867.0903017767894,1115879
2024-10-18,1819.0137939453125,1832.4072929954768,1792.1268689438145,1814.1161556793215,990257
2024-10-21,1757.543701171875,1823.0118033263423,1753.0957950708919,1821.1127042051846,1663903
2024-10-22,1721.7611083984375,1770.0875386409346,1715.3142982067527,1757.6936747688853,3142294
2024-10-23,1738.852783203125,1778.6334509152714,1726.7087974015249,1726.7087974015249,2585058
2024-10-24,1741.2515869140625,1763.1409461924343,1717.8130556797394,1739.2026584540881,1502718
2024-10-25,1706.568603515625,1751.0469341766,1697.2730833596574,1741.2516574963518,875973
2024-10-28,1729.6072998046875,1737.0037207393857,1701.1211780240192,1709.9169416238014,653158
2024-10-29,1765.839599609375,1774.6353629696964,1702.1706691846764,1724.3099069294453,1561586
2024-10-30,1751.5965576171875,1776.5843833243623,1739.352523020672,1765.839618270277,826677
2024-10-31,1749.8974609375,1754.1453913724476,1724.2100245234594,1744.3501147416325,869480
2024-11-01,1753.845458984375,1771.2870345052017,1745.4496471695634,1761.141952882959,134827
2024-11-04,1711.666015625,1757.1438572080292,1693.2250495456778,1753.8454154976614,1294236
2024-11-05,1734.8048095703125,1743.4506216553161,1685.17896338172,1713.2652550359085,1646381
2024-11-06,1747.848388671875,1758.8430320139225,1731.2564967578678,1731.2564967578678,926170
2024-11-07,1728.857666015625,1756.144420962417,1704.2197670524804,1744.1502644162877,855044
2024-11-08,1738.90283203125,1742.6510059758496,1716.163910100679,1738.1531972423302,869560
2024-11-11,1716.6136474609375,1751.0968478575442,1712.215887627748,1726.7088269248727,696798
2024-11-12,1690.9261474609375,1732.1060349801558,1687.9276084082508,1724.1599552948824,903492
2024-11-13,1663.639404296875,1695.124064558636,1656.6428131275945,1689.1770108690948,668302
2024-11-14,1639.00146484375,1672.7350285657465,1632.7545085989357,1664.1891436184949,744472
2024-11-18,1615.2130126953125,1641.1503263163647,1609.2159346778794,1633.2042467476117,1618700
2024-11-19,1595.5726318359375,1625.158193692822,1579.7803988636379,1622.1596545449445,2569730
2024-11-21,1568.48583984375,1595.2228136948384,1564.4877876791013,1595.2228136948384,984265
2024-11-22,1600.0704345703125,1605.217951157081,1561.289401609403,1569.1854570605708,2082813
2024-11-25,1604.1185302734375,1638.002047322528,1599.2208918898505,1617.2121269236113,2191916
2024-11-26,1593.6236572265625,1614.113675084628,1581.229670802924,1614.113675084628,2483861
2024-11-27,1599.2708740234375,1607.8166372317933,1588.2262062267646,1595.1727729877264,1335825
2024-11-28,1574.2830810546875,1609.2660378679707,1566.8866600691333,1604.2184481519917,3458405
2024-11-29,1579.1805419921875,1587.1766461260984,1574.1829769084934,1581.129665581348,1998058
2024-12-02,1595.87255859375,1603.0191014060142,1566.236971833651,1587.2267461849635,1423549
2024-12-03,1606.3173828125,1609.1160681299464,1594.2733238822927,1596.3222524085757,1045367
2024-12-04,1627.30712890625,1631.4551323553064,1605.3178423926543,1618.2115847959815,2271608
2024-12-05,1643.29931640625,1653.2944465127425,1604.6681141424838,1635.9529201801513,1706032
2024-12-06,1634.4036865234375,1649.1465039745658,1624.2587266996622,1639.2013979559492,1049225
2024-12-09,1636.2528076171875,1646.74769413106,1618.411402934913,1641.2003481693816,859106
2024-12-10,1662.5899658203125,1672.1852663175107,1636.3027248437304,1643.94902377509,1673974
2024-12-11,1685.6787109375,1689.5268116685074,1648.1969726272976,1666.288133916182,2131913
2024-12-12,1678.4822998046875,1689.6767970678702,1673.78451530197,1684.1794753382794,1137744
2024-12-13,1678.8819580078125,1682.780083158076,1634.203775160969,1666.2881184546168,1389802
2024-12-16,1672.8349609375,1683.1298716561232,1659.5914136551573,1674.1842790886224,797240
2024-12-17,1642.349853515625,1672.835000816821,1632.2547963524844,1672.1852929475729,1045630
2024-12-18,1629.9559326171875,1646.5978495706888,1621.8098767259253,1641.2004546113274,952592
2024-12-19,1588.7760009765625,1623.3591277462037,1582.2791662188515,1616.012731306966,1681562
2024-12-20,1568.8856201171875,1602.8190379930088,1564.2378602197928,1588.7759534128902,1806341
2024-12-23,1562.638671875,1593.973380489504,1559.7900841847481,1582.2291025645932,1017438
2024-12-24,1563.7882080078125,1572.0840932055519,1550.8944651219051,1562.3388408631954,810638
2024-12-26,1558.540771484375,1574.1331509004578,1553.6930355091038,1553.6930355091038,760870
2024-12-27,1578.531005859375,1585.2276944781058,1560.3397951752352,1567.1864351533734,1174865
2024-12-30,1575.93212890625,1587.0767234748932,1559.690042340767,1579.230570674664,1307371
2024-12-31,1567.3363037109375,1575.1824563227867,1559.240272850234,1569.1853783502859,1041557
2025-01-01,1575.63232421875,1583.278623103032,1564.2378515687283,1564.2378515687283,464064
2025-01-02,1699.8218994140625,1717.0634995927912,1575.6324024745234,1580.5300408405103,8022190
2025-01-03,1700.2716064453125,1719.1624272868594,1691.176062191492,1699.172166504454,1563600
2025-01-06,1683.7796630859375,1732.1060947505152,1674.184362188405,1714.164884270516,1837772
2025-01-07,1681.9305419921875,1702.8203886065949,1673.3846568282902,1691.1760374688938,1242573
2025-01-08,1696.173583984375,1708.1677401469046,1667.7374875533912,1680.1813757676691,1437122
2025-01-09,1689.4769287109375,1699.6719128445582,1674.1843304996382,1696.173617228589,1036731
2025-01-10,1700.4215087890625,1717.3632055094627,1679.1818573199853,1681.1808833406044,1467079
2025-01-13,1673.334716796875,1699.1721034978907,1665.7883448269945,1688.7771438743189,1177882
2025-01-14,1712.66552734375,1729.1574918615042,1683.1798938120075,1688.1774588173878,2084348
2025-01-15,1670.8359375,1729.6072289273172,1649.196456561729,1720.261806742307,2098490
2025-01-16,1696.5234375,1705.1192252593478,1678.3822513848475,1679.1819106228252,1105433
2025-01-17,1679.83154296875,1697.5728986671743,1670.1361936904168,1685.2788399985686,905680
2025-01-20,1734.35498046875,1737.1536657887527,1673.5846607639044,1685.4788903576123,1674215
2025-01-21,1716.163818359375,1750.1472603070854,1710.1667403686024,1744.1501823163128,2008953
2025-01-22,1742.451171875,1745.999370042825,1709.6670945978024,1719.1624686981702,1369310
2025-01-23,1745.2996826171875,1765.1399916431665,1729.6072550115748,1741.701460150779,1888122
2025-01-24,1727.858154296875,1754.0454693158874,1724.1600048299936,1750.1473440332281,747930
2025-01-27,1710.7664794921875,1731.8062775995122,1701.171178796566,1714.0148968430035,1017680
2025-01-28,1768.0885009765625,1787.1792971922343,1714.1648225638141,1732.1060323979634,2439528
2025-01-29,1789.5281982421875,1804.0710399872803,1766.389446614591,1776.0846744446528,1880079
2025-01-30,1744.35009765625,1855.096190597564,1740.1521917189434,1824.1112865520226,5190089
2025-01-31,1735.2545166015625,1752.8459212194145,1697.372949025585,1712.7654738202802,1917476
2025-02-01,1753.1458740234375,1779.1332130910598,1616.2125873978896,1746.1492827360007,2887325
2025-02-03,1793.9759521484375,1804.1210338879869,1732.5059003012846,1734.1551212164306,2918355
2025-02-04,1812.366943359375,1818.0142161994247,1771.9366914005127,1799.123396137805,2285643
2025-02-05,1795.875,1825.6605364904462,1779.133157089189,1810.1180603868097,1286850
2025-02-06,1787.1292724609375,1812.067073403739,1778.5833873704944,1807.1195327792925,1119866
2025-02-07,1797.4742431640625,1821.1127508581103,1783.4810606657018,1800.1229771105689,1748940
2025-02-10,1791.5272216796875,1806.0700634030845,1773.9358163384538,1804.0211348497214,908769
2025-02-11,1744.000244140625,1794.4257485005294,1741.1516564756594,1791.527136380917,1944713
2025-02-12,1787.828857421875,1799.9729647952831,1726.4088322688208,1748.1482400568345,1888823
2025-02-13,1848.3494873046875,1852.5974177202856,1795.7751258573403,1803.071497835258,4070038
2025-02-14,1840.4034423828125,1866.6905626000196,1824.1113307340993,1852.5974528852892,1823774
2025-02-17,1893.92724609375,1897.8253713244505,1829.5585823692356,1840.4033963854986,3022597
2025-02-18,1892.77783203125,1912.8681421365388,1879.8842111719855,1891.0787086343944,2116513
2025-02-19,1874.436767578125,1898.2751293378567,1867.1403955443152,1890.1291956165933,768994
2025-02-20,1880.3338623046875,1886.580818657859,1860.143748175583,1866.940363481314,1012144
2025-02-21,1878.434814453125,1892.378094620581,1865.4911693403333,1871.2882717878201,852037
2025-02-24,1856.8953857421875,1888.9797301179792,1852.0976743168353,1867.0903700074734,1076484
2025-02-25,1874.1868896484375,1895.0767367286862,1856.895387145357,1856.895387145357,1761019
2025-02-27,1924.6123046875,1937.8558519287828,1880.0839517624645,1881.2334161138806,2878330
2025-02-28,1871.3883056640625,1919.0650286656269,1861.6430535653699,1910.1194357998922,1797567
2025-03-03,1837.65478515625,1883.782215263764,1817.8143533077523,1883.782215263764,1046987
2025-03-04,1789.42822265625,1832.6071366572442,1784.380633061001,1828.8589628026139,1443339
2025-03-05,1800.922607421875,1807.9191985586951,1732.156062872781,1786.1297659282513,2143253
2025-03-06,1844.55126953125,1852.097641700323,1783.2311696385964,1817.9143449320038,2176883
2025-03-07,1844.4014892578125,1864.6416286222425,1835.6057255691687,1844.2515378973833,1332323
2025-03-10,1839.4537353515625,1887.830189222087,1834.1063651740726,1843.851616978131,1703046
2025-03-11,1804.5208740234375,1835.955510452605,1787.3792009168187,1829.1088705034408,2298735
2025-03-12,1818.56396484375,1823.4616031769888,1799.1234848809127,1813.1166675410975,1196955
2025-03-13,1806.56982421875,1839.1040229951043,1802.2719912845776,1827.109866323397,1333932
2025-03-17,1870.6885986328125,1879.9841187954771,1796.2749009181637,1819.1137496920685,6994837
2025-03-18,1870.6885986328125,1870.6885986328125,1870.6885986328125,1870.6885986328125,0
2025-03-19,1841.3529052734375,1863.492143599784,1839.104000924481,1854.0966965841915,2411880
2025-03-20,1850.9481201171875,1854.0966104616537,1813.2165044595447,1841.3528197428473,2306910
2025-03-21,1846.3504638671875,1879.0845159400799,1824.1112987184285,1877.0854898592925,3537391
2025-03-24,1893.2276611328125,1897.7753722871514,1844.6013270260505,1854.4465061303554,1864839
2025-03-25,1944.1029052734375,1953.448327881873,1893.9773014507218,1904.0723588461044,3512725
2025-03-26,1942.45361328125,1977.0367391184593,1934.057679572406,1950.0498877755886,2779682
2025-03-27,2004.7733154296875,2010.520515511313,1931.6589108586577,1939.0553318876198,4506778
2025-03-28,2006.3724365234375,2021.0153266702794,1993.2288159067666,1994.7781098922896,1907116
2025-04-01,1936.1566162109375,2001.0250345916304,1931.5588807933696,1997.0269825744642,2125921
2025-04-02,1930.0096435546875,1962.5438416048912,1920.0145132180187,1945.3522662301687,1057344
2025-04-03,1919.5147705078125,1949.050429669459,1904.0223183745425,1914.0674732394943,1598430
2025-04-04,1911.3687744140625,1929.0100814003667,1896.0761765840257,1911.068871707252,2120708
2025-04-07,1851.747802734375,1893.0776413036408,1822.6119740851052,1834.106373702313,2594074
2025-04-08,1902.273193359375,1933.0582441911731,1872.7875583006162,1889.0796698662448,3182018
2025-04-09,1894.77685546875,1917.3659481908996,1877.0855231444211,1898.075297364886,1394829
2025-04-11,1945.352294921875,1965.042653171175,1905.621651247636,1908.5201414793246,1880510
2025-04-15,1967.0416259765625,1983.0338343178353,1959.8451810273364,1983.0338343178353,1250872
2025-04-16,1968.240966796875,1974.7378013496923,1948.6505362397834,1960.04500893459,1033717
2025-04-17,2034.3089599609375,2038.7067197733038,1954.0480132221942,1960.5448480487642,2104540
2025-04-21,2102.4755859375,2117.6681346640553,2034.708556041373,2036.1078986371813,2642028
2025-04-22,2075.988525390625,2108.9724547781507,2068.9919343084225,2102.9753767076913,1447675
2025-04-23,2099.777099609375,2116.7688217455543,2056.398086095729,2092.980361950554,1483177
2025-04-24,2103.974853515625,2133.960243351952,2084.3843012138673,2120.7667206283136,1465968
2025-04-25,2044.50390625,2123.9651922665607,2022.114789938758,2103.9749316334637,1960343
2025-04-28,2048.701904296875,2093.7800416601062,2039.006676258232,2039.006676258232,6311008
2025-04-29,2065.893310546875,2080.9860543712266,2027.8120118727145,2059.9962814885193,2119823
2025-04-30,1950.649658203125,2019.01637572387,1925.5619048673443,2017.2172034164012,4684518
2025-05-02,1965.7421875,1985.632520796492,1916.2662935166447,1954.0479340900986,1949238
2025-05-05,2025.2132568359375,2035.6082167719474,1958.1459567842255,1963.9431811747506,2072898
2025-05-06,2034.8087158203125,2044.004187075178,2007.1221311311583,2027.9120513737282,1698230
2025-05-07,2029.3114013671875,2044.503950976352,2008.7213348559667,2010.3206533502964,1078158
2025-05-08,2005.023193359375,2049.00176788969,1991.9295967082055,2031.0105328545612,1697652
2025-05-09,1969.0406494140625,1998.0265269942697,1962.0440582740127,1969.0406494140625,1207361
2025-05-12,2049.4013671875,2056.598056038581,2010.8203116198838,2023.9139075790208,1057561
2025-05-13,2017.2171630859375,2060.3960774931943,2009.6208884045882,2045.9032604631313,2217985
2025-05-14,2019.4161376953125,2041.0055946073005,2009.0211778455798,2027.9119983976445,1670853
2025-05-15,2040.9056396484375,2049.401378223102,1995.7275783871012,2014.118642174421,2640223
2025-05-16,2032.609619140625,2069.991429866805,2021.0152927043357,2052.9997088104383,1568556
2025-05-19,2037.3074951171875,2052.0002881225823,2034.0090532535096,2037.9071785439826,1379603
2025-05-20,2004.12353515625,2046.0031551623824,1994.028478040524,2046.0031551623824,2170575
2025-05-21,2036.3079833984375,2046.0032111687533,1997.2269255764056,2010.5204979315815,1291354
2025-05-22,2000.0255126953125,2040.8056918934456,1991.0298956966828,2036.3078833941308,1178160
2025-05-23,2035.50830078125,2047.7023110338782,2002.2244678295833,2004.9232262372386,1085026
2025-05-26,2051.6005859375,2068.9920154149,2039.2064776929844,2043.0046760908479,714431
2025-05-27,2028.9114990234375,2056.997790418524,2013.5189741487447,2049.0016862769553,1175928
2025-05-28,2021.4151611328125,2043.9042041393589,2017.017279431581,2043.9042041393589,415312
2025-05-29,2009.9207763671875,2031.9100630265093,1999.125986839173,2030.4107934815554,874950
2025-05-30,2016.4176025390625,2030.710565600688,2009.9207678717235,2009.9207678717235,2144136
2025-06-02,2028.011962890625,2034.7086514698983,1994.128446353413,2016.4176360017534,1339043
2025-06-03,1990.9300537109375,2043.8043180601135,1979.0358241032943,2038.1070205114763,1522876
2025-06-04,1955.1474609375,2006.8223590466662,1943.153304286983,1999.0261084194817,1169875
2025-06-05,1943.0533447265625,1964.9427046480325,1928.1605760669681,1960.0450663625459,1808602
2025-06-06,1989.0308837890625,2017.7168582835839,1920.0644863109492,1967.0415976366205,6970191
2025-06-09,2016.4176025390625,2056.697904270044,1990.0304342572351,2000.0255645146797,4221378
2025-06-10,1997.126953125,2027.3123197209006,1987.1318228636158,2021.1152657523219,3306765
2025-06-11,2011.9197998046875,2028.0119351640424,1981.9344089446968,2003.0241094473834,2245988
2025-06-12,2027.8121337890625,2058.6969895646457,2011.220119475542,2015.0183178870186,3783347
2025-06-13,2010.020751953125,2015.9179033749526,1979.0358472735888,1999.0261083571606,1418715
2025-06-16,2027.2122802734375,2039.0065828412785,1997.0270355474875,2004.0236267631192,1645983
2025-06-17,2002.324462890625,2032.909536612068,1995.2278229068452,2029.0114114686498,1220096
2025-06-18,1980.4351806640625,2017.0173338732668,1974.8379319890857,2001.0251250814074,1401356
2025-06-19,1966.641845703125,1995.2278944281168,1956.446861434148,1981.0348579735223,745887
2025-06-20,1985.2327880859375,1997.9266771360344,1964.0431600490444,1973.8384368271745,1931248
2025-06-23,1996.627197265625,2007.421986755801,1949.750011922212,1975.3376430084268,1125629
2025-06-24,2008.2215576171875,2031.4103334262275,1998.2264271850677,2018.016834245013,1717823
2025-06-25,2010.8203125,2027.0123743785596,2003.0240622557365,2027.0123743785596,998245
2025-06-26,2052.60009765625,2056.99785746877,2010.8204033503496,2017.017335457715,1828277
2025-06-27,2044.0,2065.0,2005.0,2060.0,6315182
2025-06-30,2056.0,2064.0,2028.0,2040.0,1363779
2025-07-01,2053.800048828125,2068.5,2042.5999755859375,2055.10009765625,1002015
2025-07-02,2007.9000244140625,2057.5,1996.5999755859375,2054.0,1204931
2025-07-03,1980.699951171875,2014.4000244140625,1977.5999755859375,2008.0,1133593
2025-07-04,1994.4000244140625,2032.9000244140625,1985.0,1993.0,1509178
2025-07-07,2006.4000244140625,2016.9000244140625,1993.0,1996.800048828125,861699
2025-07-08,2018.300048828125,2020.5999755859375,1998.699951171875,2000.0,986803
2025-07-09,2026.4000244140625,2037.5999755859375,2012.0,2013.0,1161769
2025-07-10,2039.4000244140625,2049.0,2021.800048828125,2034.0,1230564
2025-07-11,2017.199951171875,2040.699951171875,2000.199951171875,2037.0,1145529
2025-07-14,2003.5999755859375,2015.0,1989.0,2010.0,605261
2025-07-15,2036.5,2046.0,2004.0999755859375,2010.0,888117
2025-07-16,2036.0,2043.699951171875,2018.0999755859375,2040.0999755859375,633132
2025-07-17,2026.5,2047.5,2020.300048828125,2037.5999755859375,458912
2025-07-18,2029.5999755859375,2038.9000244140625,2007.300048828125,2029.9000244140625,995783
2025-07-21,2053.89990234375,2056.0,2017.5999755859375,2026.9000244140625,999643
2025-07-22,2039.5999755859375,2049.0,2015.199951171875,2047.9000244140625,1214275
2025-07-23,2060.5,2063.199951171875,2033.699951171875,2047.699951171875,878101
2025-07-24,2032.300048828125,2060.60009765625,2025.0,2060.5,658995
2025-07-25,1985.800048828125,2000.0,1932.9000244140625,1999.0,4102292
2025-07-28,1977.800048828125,2023.0,1971.0999755859375,1990.0,1469727
2025-07-29,1972.5999755859375,1984.5,1943.800048828125,1977.800048828125,847965
2025-07-30,1959.800048828125,1989.0999755859375,1945.0999755859375,1972.699951171875,932988
2025-07-31,1948.0,1968.300048828125,1941.0999755859375,1953.0999755859375,985553
2025-08-01,1916.300048828125,1977.9000244140625,1911.199951171875,1945.0,836974
2025-08-04,1933.5999755859375,1944.4000244140625,1923.0,1923.0,982532
2025-08-05,1939.4000244140625,1942.699951171875,1916.0,1930.0999755859375,1101680
2025-08-06,1924.0,1946.699951171875,1912.199951171875,1939.4000244140625,875588
2025-08-07,1914.0,1932.9000244140625,1890.5999755859375,1919.699951171875,905353
2025-08-08,1919.199951171875,1929.699951171875,1906.4000244140625,1915.0,507893
2025-08-11,1922.800048828125,1939.800048828125,1903.0999755859375,1918.0,1489228
2025-08-12,1908.0,1934.300048828125,1904.0,1925.0,899579
2025-08-13,1914.4000244140625,1920.0,1892.9000244140625,1914.0,710014
2025-08-14,1925.0999755859375,1939.0999755859375,1912.5,1914.4000244140625,765742
2025-08-18,1993.5,2017.0,1950.0,1950.0,1473915
2025-08-19,1972.199951171875,1997.5999755859375,1964.800048828125,1994.0,1389770
2025-08-20,1958.5,1976.5,1949.199951171875,1972.800048828125,1461680
2025-08-21,1980.0,1998.0,1974.5,1984.0,2346236
2025-08-22,1965.9000244140625,1977.300048828125,1963.5,1975.0,709444
2025-08-25,1963.800048828125,1967.800048828125,1953.0,1959.0999755859375,869509
2025-08-26,1924.199951171875,1963.4000244140625,1917.5999755859375,1960.0,1179819
2025-08-28,1917.5999755859375,1939.699951171875,1910.5999755859375,1920.0,985012
2025-08-29,1913.5,1931.0999755859375,1910.0,1923.0999755859375,735268
2025-09-01,1943.5,1946.0,1913.0,1918.9000244140625,590079
2025-09-02,1955.9000244140625,1958.699951171875,1938.5999755859375,1945.0,907972
2025-09-03,1966.0999755859375,1972.0,1950.0,1950.0,934230
2025-09-04,2002.199951171875,2033.800048828125,1971.0,1985.0,2459026
2025-09-05,2014.4000244140625,2023.800048828125,2002.0999755859375,2013.9000244140625,1077230
2025-09-08,2008.4000244140625,2026.4000244140625,2006.0999755859375,2014.4000244140625,338055
2025-09-09,2025.300048828125,2039.0,2012.0,2012.0,1240640
2025-09-10,2038.199951171875,2047.0,2026.5999755859375,2035.0999755859375,927634
2025-09-11,2037.800048828125,2048.800048828125,2028.4000244140625,2038.0,720797
2025-09-12,2081.5,2089.0,2034.300048828125,2036.0999755859375,1546838
2025-09-15,2080.0,2097.0,2068.0,2078.0,1014957
2025-09-16,2080.300048828125,2104.89990234375,2077.60009765625,2085.0,928203
2025-09-17,2057.0,2090.0,2054.89990234375,2088.0,1199866
2025-09-18,2069.199951171875,2075.0,2045.0,2066.0,904666
2025-09-19,2067.300048828125,2077.199951171875,2053.699951171875,2069.0,1973991
2025-09-22,2069.5,2082.0,2062.300048828125,2067.300048828125,633360
2025-09-23,2084.39990234375,2092.0,2068.0,2068.0,1177350
2025-09-24,2069.199951171875,2088.800048828125,2062.89990234375,2084.10009765625,602541
2025-09-25,2035.5999755859375,2074.0,2032.4000244140625,2069.199951171875,952122
2025-09-26,2003.199951171875,2047.5,1996.0999755859375,2040.0,754739
2025-09-29,2024.699951171875,2031.0,1994.9000244140625,2007.9000244140625,2005041
2025-09-30,2006.4000244140625,2036.4000244140625,2001.0,2025.0,924425
2025-10-01,2007.0,2014.0,1979.5,2008.9000244140625,683568
2025-10-03,2000.9000244140625,2017.0,1968.0,2016.5,789048
2025-10-06,2033.199951171875,2042.199951171875,1995.0999755859375,1996.0999755859375,821515
2025-10-07,2032.5999755859375,2056.39990234375,2029.0,2038.699951171875,641471
2025-10-08,2013.5999755859375,2038.199951171875,2005.0,2031.5,369526
2025-10-09,2014.5999755859375,2025.9000244140625,2005.0,2013.5999755859375,437357
2025-10-10,2004.300048828125,2026.0,2001.199951171875,2014.5999755859375,772401
2025-10-13,2020.4000244140625,2025.0,1996.5999755859375,2004.0999755859375,1013809
2025-10-14,2019.4000244140625,2036.800048828125,2006.5999755859375,2024.9000244140625,668246
2025-10-15,2084.10009765625,2088.800048828125,2020.0999755859375,2024.5,1497249
2025-10-16,2090.199951171875,2100.0,2078.0,2078.5,1424932
2025-10-17,2083.699951171875,2104.0,2077.0,2090.0,609393
2025-10-20,2139.800048828125,2149.5,2088.0,2088.0,1844869
2025-10-21,2169.10009765625,2184.0,2134.0,2150.0,367784
2025-10-23,2176.60009765625,2195.0,2159.10009765625,2170.0,1291839
2025-10-24,2159.5,2184.0,2144.60009765625,2176.60009765625,517200
2025-10-27,2170.199951171875,2178.5,2149.89990234375,2159.5,433573
2025-10-28,2140.199951171875,2188.699951171875,2123.10009765625,2172.0,1200996
2025-10-29,2137.0,2150.0,2124.199951171875,2150.0,343434
2025-10-30,2114.60009765625,2146.0,2101.300048828125,2140.0,488305
2025-10-31,2088.300048828125,2128.89990234375,2085.39990234375,2115.0,586237
2025-11-03,2081.60009765625,2100.0,2070.0,2086.0,546962
2025-11-04,2073.199951171875,2098.800048828125,2061.5,2087.0,610128
2025-11-06,2063.199951171875,2080.39990234375,2057.199951171875,2079.0,1175380
2025-11-07,2102.10009765625,2112.0,2042.800048828125,2060.0,839091
2025-11-10,2118.300048828125,2126.800048828125,2096.300048828125,2114.699951171875,985115
2025-11-11,1989.4000244140625,2099.0,1952.4000244140625,2085.0,4943745
2025-11-12,2035.5,2039.0,1995.0,2009.5,2396251
2025-11-13,2056.199951171875,2072.39990234375,2032.300048828125,2045.0,1839900
2025-11-14,2065.800048828125,2072.0,2044.199951171875,2050.0,1433249
2025-11-17,2079.60009765625,2081.10009765625,2055.0,2065.800048828125,817576
2025-11-18,2050.199951171875,2075.5,2047.0,2073.0,734236
2025-11-19,2050.199951171875,2059.39990234375,2035.0,2059.39990234375,704802
2025-11-20,2095.60009765625,2105.0,2042.9000244140625,2064.699951171875,1576354
2025-11-21,2052.39990234375,2100.0,2045.0999755859375,2100.0,1019782
2025-11-24,2030.800048828125,2064.0,2025.800048828125,2064.0,1422874
2025-11-25,2030.199951171875,2051.5,2026.4000244140625,2039.0,688300
2025-11-26,2085.10009765625,2088.5,2030.9000244140625,2035.0,928388
2025-11-27,2103.199951171875,2118.0,2075.60009765625,2085.10009765625,1125896
2025-11-28,2094.0,2113.0,2086.5,2110.0,590610
2025-12-01,2081.800048828125,2105.89990234375,2075.0,2102.5,533604
2025-12-02,2065.89990234375,2081.5,2059.5,2070.10009765625,682583
2025-12-03,2046.0,2072.39990234375,2035.0,2065.89990234375,785536
2025-12-04,2049.199951171875,2061.89990234375,2034.0,2046.0,758590
2025-12-05,2096.5,2110.0,2045.800048828125,2050.0,1742156
2025-12-08,2059.199951171875,2104.89990234375,2038.5,2100.0,904146
2025-12-09,2069.5,2081.800048828125,2039.0,2050.0,1176704
2025-12-10,2065.800048828125,2098.199951171875,2060.0,2070.0,937777
2025-12-11,2065.800048828125,2082.699951171875,2050.0,2080.0,624077
2025-12-12,2083.10009765625,2093.0,2069.199951171875,2075.800048828125,554885
2025-12-15,2070.5,2080.800048828125,2061.0,2079.89990234375,483403
2025-12-16,2035.199951171875,2067.800048828125,2029.0,2066.10009765625,506106
2025-12-17,2021.199951171875,2044.0,2011.5999755859375,2035.199951171875,398342
2025-12-18,2026.300048828125,2038.0,2012.5999755859375,2020.0,438810
2025-12-19,2043.800048828125,2055.0,2017.9000244140625,2019.0,1104767
2025-12-22,2049.800048828125,2053.89990234375,2037.199951171875,2044.0999755859375,1038998
2025-12-23,2047.5999755859375,2057.5,2042.0,2049.0,677615
2025-12-24,2035.699951171875,2064.5,2024.300048828125,2048.5,1344198
2025-12-26,2017.5999755859375,2035.699951171875,2005.4000244140625,2035.699951171875,1755050
2025-12-29,2012.0999755859375,2026.4000244140625,1997.199951171875,2020.0,1415166
2025-12-30,2026.4000244140625,2047.800048828125,1980.4000244140625,2012.0,5450560
2025-12-31,2039.9000244140625,2046.300048828125,2010.4000244140625,2030.199951171875,1377422
