Price,Close,High,Low,Open,Volume
Ticker,BAJAJ-AUTO.NS,BAJAJ-AUTO.NS,BAJAJ-AUTO.NS,BAJAJ-AUTO.NS,BAJAJ-AUTO.NS
Date,,,,,
2015-01-01,1845.359130859375,1849.987407850197,1827.5237932830958,1829.4428259999047,72928
2015-01-02,1845.058349609375,1863.608572159142,1830.1955363515856,1849.0092240196734,164726
2015-01-05,1851.7935791015625,1867.2208027065792,1843.74135767272,1845.2464526585752,118873
2015-01-06,1837.3446044921875,1858.716878643076,1828.6903087921423,1846.977248625545,580496
2015-01-07,1841.63427734375,1863.0067374168075,1830.2332557634334,1837.7210669360543,189191
2015-01-08,1844.042236328125,1855.0295028175208,1833.2809545513132,1841.9727307975982,4301348
2015-01-09,1787.93994140625,1857.9643349927608,1768.486516236684,1847.5039988770466,245974
2015-01-12,1756.4459228515625,1803.103869388322,1748.2432283223595,1794.8258466156713,203022
2015-01-13,1748.9957275390625,1772.3621805563507,1741.2444515023715,1760.961159361707,161658
2015-01-14,1778.608154296875,1783.4620483864983,1744.6307119421156,1744.6307119421156,217775
2015-01-15,1819.6221923828125,1834.2217241313244,1774.3188695908682,1791.1383797207307,726566
2015-01-16,1821.277587890625,1837.7208227150509,1801.4480733610774,1821.1647792671677,270014
2015-01-19,1809.048828125,1821.2402443802694,1805.7376926775278,1821.2402443802694,368777
2015-01-20,1809.3121337890625,1819.3587153328797,1787.48825861806,1811.3816391932094,197434
2015-01-21,1841.219970703125,1848.6326358746685,1805.6997711720774,1821.1646565506605,201858
2015-01-22,1839.45166015625,1874.7837241018221,1834.7859029872557,1847.6920175016553,748394
2015-01-23,1837.3446044921875,1861.802396687967,1821.164834270364,1859.4694260952538,356732
2015-01-27,1821.0521240234375,1836.178218392936,1796.5190022661084,1827.3357853521456,507659
2015-01-28,1805.2109375,1816.9505679888196,1793.5464515229721,1816.9505679888196,963742
2015-01-29,1809.6510009765625,1818.7568995419433,1788.278724706104,1803.6306207620758,391136
2015-01-30,1799.8677978515625,1818.3052113848767,1786.698216756338,1810.9678733461087,261718
2015-02-02,1767.959716796875,1822.10546772419,1749.6727774739254,1798.5883605000781,444651
2015-02-03,1701.3216552734375,1782.0323696505584,1698.1233285964886,1768.5241796075145,727453
2015-02-04,1689.69482421875,1717.162806111047,1678.444276600126,1717.162806111047,399841
2015-02-05,1689.69482421875,1708.2827094661386,1685.7439501109538,1695.4894028313702,272367
2015-02-06,1673.1392822265625,1699.1021770086868,1520.823614465354,1685.7444557802025,296601
2015-02-09,1707.6431884765625,1711.8575282201034,1651.879525620983,1663.130074674768,274052
2015-02-10,1706.7401123046875,1714.7548536341471,1684.2013508120922,1686.5343216165184,258202
2015-02-11,1716.260009765625,1726.3440734078993,1696.1668432719162,1706.7778371792135,212912
2015-02-12,1702.60107421875,1742.0721543024001,1699.101801794456,1719.5710572844812,638711
2015-02-13,1701.3594970703125,1718.5927620619323,1693.2319469793267,1710.0514578102914,543888
2015-02-16,1702.1494140625,1716.4478146951058,1695.7150970323487,1703.1652428183809,1062376
2015-02-18,1685.9322509765625,1703.767590509825,1678.218638872885,1703.1655157464925,318828
2015-02-19,1665.049072265625,1687.7006426552157,1655.604564029879,1687.7006426552157,924708
2015-02-20,1660.7218017578125,1685.7063411399404,1656.1311886771368,1678.1808664027085,506875
2015-02-23,1641.4190673828125,1672.61231130409,1633.8184471225973,1666.8928762512608,427575
2015-02-24,1649.169921875,1658.6144282550515,1635.5112603964321,1642.0583858677508,280197
2015-02-25,1640.515869140625,1657.862125584117,1635.285700814474,1655.6798113473508,407474
2015-02-26,1606.5760498046875,1645.2569165121097,1601.4210261121873,1641.3060422700567,735318
2015-02-27,1618.3533935546875,1626.894881143234,1586.5959259021201,1610.5269730707791,424147
2015-03-02,1560.9718017578125,1662.64105226095,1544.980165847313,1631.5231366570747,789363
2015-03-03,1593.519287109375,1598.26037297353,1548.8180403385702,1555.5156394120795,325920
2015-03-04,1596.9810791015625,1609.6990580090799,1587.9128452317186,1593.5569513257194,421933
2015-03-05,1594.384521484375,1610.1505369508156,1584.5639246131661,1598.4107236814054,237799
2015-03-09,1587.7623291015625,1617.63842646407,1574.1411466092243,1587.8751377293956,334555
2015-03-10,1602.36181640625,1622.4924626849242,1588.853625088101,1595.400751805213,401075
2015-03-11,1579.0704345703125,1617.2245555571458,1571.31915868,1610.4516281490423,338536
2015-03-12,1559.8428955078125,1590.1329336427489,1555.5157472028216,1584.1125533923268,475656
2015-03-13,1522.4788818359375,1568.9862638354489,1513.3730751419382,1564.5463069219738,828945
2015-03-16,1524.2847900390625,1549.495128457383,1512.6203050992424,1512.6203050992424,371543
2015-03-17,1540.6151123046875,1547.9901141052153,1525.9404369400536,1535.1968073770731,256565
2015-03-18,1528.6121826171875,1546.1842410751049,1524.6613080528846,1542.7977771628453,634025
2015-03-19,1524.172119140625,1540.4647915125106,1520.7856552608955,1535.2721951908495,500745
2015-03-20,1518.528076171875,1531.434285203706,1510.5510904054736,1531.434285203706,579513
2015-03-23,1528.98828125,1536.551419866559,1512.6580383335518,1513.974996370804,420806
2015-03-24,1526.1663818359375,1535.8742632884055,1520.1460016314563,1530.6816669892983,1002496
2015-03-25,1517.775390625,1531.4341459753596,1511.2282641911288,1529.1765034997202,722561
2015-03-26,1508.330810546875,1529.5526107625292,1497.5693458388355,1519.393220727944,1046160
2015-03-27,1517.81298828125,1521.6509619490337,1490.0439686741279,1511.8678449829915,439910
2015-03-30,1526.1663818359375,1537.9813412417468,1503.8157570722863,1527.6714768870577,235638
2015-03-31,1517.5872802734375,1531.4341727387557,1508.7825112100545,1531.4341727387557,263684
2015-04-01,1519.995361328125,1531.4340457103085,1507.3148634291938,1525.4513302870437,208545
2015-04-06,1532.4876708984375,1540.6151283746353,1500.316266878857,1527.6713487660402,281023
2015-04-07,1576.2486572265625,1578.844909775031,1525.3387922635982,1535.159483605118,374689
2015-04-08,1579.9732666015625,1601.4208675056561,1566.8036870990488,1573.840078781349,243842
2015-04-09,1579.2584228515625,1585.6174117964865,1564.0193376171633,1581.214935904479,219282
2015-04-10,1579.408935546875,1584.8649044725282,1563.4549666063072,1584.8649044725282,156593
2015-04-13,1576.8128662109375,1591.6380157110834,1565.2988523305216,1591.6380157110834,250008
2015-04-15,1561.5360107421875,1591.8637107324457,1550.2477986163403,1581.102245093656,190435
2015-04-16,1571.35693359375,1576.286156744904,1542.7224628428162,1555.8920448426938,252040
2015-04-17,1554.236328125,1565.2987391998245,1535.1968403690587,1552.994514561785,178998
2015-04-20,1521.688720703125,1567.5941185525433,1505.5465215870304,1554.010599328666,257106
2015-04-21,1496.403076171875,1546.7109512663667,1490.044086387071,1524.4354712314298,260092
2015-04-22,1492.8284912109375,1523.9087407933432,1462.199843635292,1501.4075513837017,326374
2015-04-23,1498.3597412109375,1518.3398222789244,1485.077259422503,1499.0746245926443,145385
2015-04-24,1504.2294921875,1511.0776557924453,1475.7455888178868,1497.9457391851113,269572
2015-04-27,1493.392822265625,1512.5827831640015,1482.5562119551544,1509.6102573389514,228380
2015-04-28,1497.6822509765625,1505.0948246150522,1462.7640326727537,1493.8066134304393,217394
2015-04-29,1489.028076171875,1507.126787783528,1483.2710696293398,1497.7199443688314,152835
2015-04-30,1466.4517822265625,1488.388561390796,1439.2471702822108,1488.388561390796,1262699
2015-05-04,1571.2437744140625,1579.3713237594648,1454.6365817745716,1474.0900071829376,610067
2015-05-05,1551.4893798828125,1571.243750484545,1527.1069159453507,1571.243750484545,291839
2015-05-06,1520.3717041015625,1547.9148315155796,1517.2486137001486,1547.9148315155796,649622
2015-05-07,1556.1553955078125,1572.7489206251494,1510.3251432829093,1512.6204498652523,433821
2015-05-08,1597.6959228515625,1616.5472734836492,1542.5718213667785,1563.9064316367317,338090
2015-05-11,1642.3594970703125,1650.524710471736,1603.6786312619488,1603.6786312619488,312569
2015-05-12,1602.0980224609375,1644.3160034078082,1599.1631612089668,1642.3593067549043,267754
2015-05-13,1599.8404541015625,1634.532962947906,1574.592635656727,1614.2141830217581,287030
2015-05-14,1629.9051513671875,1639.8010779565886,1585.7681282247415,1599.9160586212518,424064
2015-05-15,1645.4451904296875,1649.5842018851476,1619.482300390893,1629.2654183765258,175574
2015-05-18,1671.18212890625,1676.6004339415995,1638.107704364573,1649.584053275362,275731
2015-05-19,1657.561279296875,1688.5285369685816,1652.0299814062525,1670.6555329561008,212926
2015-05-20,1618.9931640625,1672.9131198273249,1607.4414862578344,1663.130002167516,399901
2015-05-21,1731.0850830078125,1741.3949472029858,1597.8841730445763,1613.5371980795255,2610990
2015-05-22,1736.465576171875,1761.6382516204114,1696.9944991781567,1723.3336599192812,920884
2015-05-25,1729.9937744140625,1748.882605123384,1716.3349279957229,1730.859130488345,414481
2015-05-26,1746.8885498046875,1753.4356763141109,1719.6463670297544,1738.384726302831,275643
2015-05-27,1740.1910400390625,1758.515648045893,1733.4557755970002,1733.4557755970002,504244
2015-05-28,1733.0791015625,1757.1982839180769,1712.045437222109,1740.0778295458558,418946
2015-05-29,1742.975341796875,1754.188226078784,1720.3612526302559,1740.8305079265326,549255
2015-06-01,1759.2679443359375,1769.2391988594968,1735.6003618538027,1744.8190688661502,284450
2015-06-02,1708.809326171875,1766.2663930387682,1702.3750092251623,1762.465991963906,516279
2015-06-03,1685.7064208984375,1723.9735352388184,1677.6165351731438,1693.9844435010639,231100
2015-06-04,1669.150390625,1701.509933815656,1648.4929980545887,1689.3187008009397,193842
2015-06-05,1654.475830078125,1682.6963639093415,1649.0951884519466,1658.3890406905668,187374
2015-06-08,1673.81591796875,1686.082477536746,1655.60430733356,1655.60430733356,372632
2015-06-09,1648.6055908203125,1680.062109618218,1638.5966734217884,1669.6769185109329,296262
2015-06-10,1695.6021728515625,1705.4606177013259,1639.8008542619698,1642.0584965578787,409711
2015-06-11,1665.8013916015625,1713.8514345161977,1660.8721692156828,1705.2724673505832,350425
2015-06-12,1720.54931640625,1728.6015375850868,1656.657926003947,1670.6553824287735,575268
2015-06-15,1755.2041015625,1760.3212771912006,1701.961369988739,1720.5492550789036,501630
2015-06-16,1799.416259765625,1808.4843094482546,1741.5452513130813,1752.6829901859783,457467
2015-06-17,1785.0426025390625,1812.5105852509832,1777.517127823468,1802.3511943849303,366641
2015-06-18,1803.1036376953125,1815.4453420249718,1782.8601853707448,1783.5374045650628,308116
2015-06-19,1811.9462890625,1824.9277337666128,1798.7390433571788,1813.6018568589893,327523
2015-06-22,1824.96484375,1833.5438093715882,1804.0063282165902,1809.9138979385361,244573
2015-06-23,1816.87548828125,1834.7108275045346,1807.8449181704812,1824.9653740054805,291949
2015-06-24,1800.5452880859375,1817.3646150918964,1797.5350979754385,1817.3646150918964,263531
2015-06-25,1884.604736328125,1903.9451702847437,1798.5885205456668,1806.1139955270296,927513
2015-06-26,1915.082763671875,1922.0061633802309,1859.5447258075765,1876.8533169421673,662174
2015-06-29,1925.6561279296875,1937.0948124955253,1866.656297245388,1881.3686367300986,579466
2015-06-30,1912.9378662109375,1944.5825217802792,1904.7728369886615,1920.8396140742086,629086
2015-07-01,1901.1229248046875,1922.7586631869278,1893.40931372928,1912.937882584466,251469
2015-07-02,1931.1873779296875,1946.238328086925,1902.4400998748472,1918.9961450478086,338991
2015-07-03,1947.5928955078125,1963.3963927279299,1937.809778181073,1941.5725156144342,346267
2015-07-06,1953.1240234375,1958.8432736031625,1933.6705991051829,1935.5519676585059,254273
2015-07-07,1959.40771484375,1966.3311144828845,1945.3351145900679,1958.1284209529426,184985
2015-07-08,1935.1383056640625,1962.6439545797505,1926.521673207117,1948.383215658331,184524
2015-07-09,1927.309814453125,1963.1890514170607,1918.7908190706348,1953.2119373950038,239855
2015-07-10,1893.19580078125,1936.634507964477,1883.103453768486,1933.9483618757895,332514
2015-07-13,1916.2586669921875,1924.7774765601412,1872.3209837535014,1903.3267149684104,295109
2015-07-14,1917.67822265625,1934.7928497973799,1907.5860619937266,1918.6759716356405,341879
2015-07-15,1943.4271240234375,1949.375020246631,1911.001496226028,1911.001496226028,350064
2015-07-16,1953.86474609375,1965.4918486177623,1947.6865714148532,1949.3749689531887,224838
2015-07-17,1941.2779541015625,1970.5570621074557,1907.1639325013825,1960.8868601774777,259098
2015-07-20,1934.754638671875,1957.203149859035,1928.384596313853,1944.0026952846608,131942
2015-07-21,1951.638916015625,1974.663029193113,1924.815861637994,1924.815861637994,226485
2015-07-22,2009.9281005859375,2016.9121559830162,1955.5145256638987,1955.5145256638987,493192
2015-07-23,1910.272216796875,2038.4013612748574,1903.3265722747162,2018.4471310816548,1651767
2015-07-24,1916.6424560546875,1933.1046601865387,1901.1394026410433,1913.2270625615292,399738
2015-07-27,1925.583251953125,1940.9326600994234,1888.5528048001804,1914.0711958434013,405369
2015-07-28,1904.8616943359375,1937.7861023397095,1896.6497978336936,1931.7231606138416,248738
2015-07-29,1917.0260009765625,1929.9961757029532,1897.1099943310235,1906.8570182434623,220012
2015-07-30,1939.589599609375,1944.7700248927317,1918.676030872861,1918.676030872861,332527
2015-07-31,1938.0928955078125,1961.3472843851184,1929.61231073978,1944.0023796773842,245751
2015-08-03,1922.4365234375,1968.254656057377,1908.9291568661135,1937.8627533730278,294753
2015-08-04,1927.8089599609375,1937.7860758707347,1901.1393616635946,1937.7860758707347,276076
2015-08-05,1977.5025634765625,1985.330911580852,1923.2808537801648,1923.2808537801648,577916
2015-08-06,1978.80712890625,2001.5625484214352,1965.4530332236689,1977.0034987475526,369433
2015-08-07,1947.379150390625,1981.6084022326158,1940.5487393668354,1978.8072104620103,191394
2015-08-10,1960.580078125,1975.2002402383387,1950.6795969399552,1953.173875891777,226672
2015-08-11,1949.29833984375,1970.0968663219726,1938.0165604363494,1964.7245725688547,184804
2015-08-12,1889.666015625,1954.5941013328581,1881.377295926226,1945.53791105773,243929
2015-08-13,1908.583984375,1926.350850538251,1858.8134502006549,1895.65203220298,195819
2015-08-14,1963.649658203125,1974.5476993978766,1900.064666514186,1914.8384703434895,255379
2015-08-17,1945.8060302734375,1972.3988029998477,1941.661577953669,1971.6313326484858,157272
2015-08-18,1939.244140625,1971.6313523011565,1934.0253047095814,1949.3747118898161,154551
2015-08-19,1951.7158203125,1960.8870549741448,1916.1050780071712,1933.2581179960355,176926
2015-08-20,1912.3824462890625,1954.1711647985437,1904.5542870500124,1922.5514273135418,209161
2015-08-21,1846.6873779296875,1925.2764652242615,1830.4170416998325,1899.5277938930828,604347
2015-08-24,1681.94970703125,1807.9298918341988,1664.6432129175125,1795.6503660588737,524739
2015-08-25,1687.0533447265625,1723.661644224024,1644.573971795142,1701.8655604722303,622800
2015-08-26,1722.7025146484375,1742.157966001188,1637.5132925223882,1684.1755345484582,436233
2015-08-27,1679.0333251953125,1742.2345859874195,1670.1690048250439,1742.1577640010785,777058
2015-08-28,1749.487060546875,1760.4619239427693,1690.0081088730194,1699.90840136465,568948
2015-08-31,1713.53125,1742.1579354890068,1704.6287051309444,1735.2507013835436,459532
2015-09-01,1726.7315673828125,1733.638800940295,1696.9154549487675,1698.2969391344045,570898
2015-09-02,1691.1209716796875,1751.7127203249543,1682.6787975528546,1722.970992249103,396461
2015-09-03,1725.580322265625,1738.2435834976252,1698.0282106545824,1702.3643433402913,324122
2015-09-04,1696.8770751953125,1715.3731870102645,1675.6948169474415,1715.3731870102645,288883
2015-09-07,1682.3721923828125,1707.621897400578,1670.9367692766575,1707.621897400578,201054
2015-09-08,1692.77099609375,1703.0168007808427,1669.670249704317,1685.4418037426963,264656
2015-09-09,1742.1575927734375,1749.832295825303,1703.937534101012,1703.937534101012,218609
2015-09-10,1767.2540283203125,1780.4544815447716,1699.6782230547963,1719.1336723757213,280684
2015-09-11,1784.9825439453125,1791.4292198158346,1744.460072753023,1785.9034708738602,311139
2015-09-14,1776.1949462890625,1799.7178358045053,1762.15020246302,1799.7178358045053,155057
2015-09-15,1762.4190673828125,1776.6940927088021,1750.676919388048,1776.6940927088021,188695
2015-09-16,1803.6705322265625,1818.1374245887325,1764.107581980643,1769.0961397095696,340725
2015-09-18,1763.263427734375,1825.4669476102044,1744.460400975075,1822.7423899321614,406288
2015-09-21,1767.1776123046875,1772.7799969441555,1734.7519843392104,1745.9953519872342,165733
2015-09-22,1733.83056640625,1790.5083267069958,1719.4022737215375,1790.4315047237128,241130
2015-09-23,1718.55810546875,1731.490056749352,1696.2246417210306,1720.668649083817,344990
2015-09-24,1752.096435546875,1760.500198585047,1716.8312096839652,1725.2733837145972,403540
2015-09-28,1745.53466796875,1772.8566901769032,1736.3634338205484,1765.1819858904232,177328
2015-09-29,1727.307373046875,1759.9632796753503,1692.272420336053,1732.9483560629515,265626
2015-09-30,1774.4683837890625,1782.4115899932149,1728.1130592849906,1739.0879234605816,306730
2015-10-01,1776.77099609375,1786.172509541995,1752.9794110410485,1773.624292154619,182986
2015-10-05,1833.2947998046875,1845.7661930006377,1774.1227608313177,1784.3685649590363,226860
2015-10-06,1824.08544921875,1841.008210645886,1797.5308958680343,1838.0917853703193,214337
2015-10-07,1881.68408203125,1891.8146544715185,1806.6638457332415,1819.7492543468325,297092
2015-10-08,1865.643798828125,1903.2498500087759,1846.6489056297353,1903.2498500087759,215467
2015-10-09,1879.9954833984375,1907.9313297710225,1871.7067659719546,1878.7674558646272,226253
2015-10-12,1859.0052490234375,1887.1713763296277,1846.3035759330965,1880.6862886704237,109815
2015-10-13,1889.5887451171875,1902.3670509651095,1861.1155213677823,1864.9528729582314,240921
2015-10-14,1871.8216552734375,1902.4054217512569,1865.7587148369305,1885.137339959166,110664
2015-10-15,1880.8009033203125,1887.9768251446374,1872.9343332155431,1880.3021226033989,132541
2015-10-16,1889.1285400390625,1909.274639643379,1869.5964542777829,1885.4830553487575,187013
2015-10-19,1892.121337890625,1903.5183476083744,1865.0297842610923,1889.1282784549999,202855
2015-10-20,1871.8988037109375,1899.4893284008397,1841.9290457220263,1895.651976222252,243441
2015-10-21,1933.296142578125,1947.9164896142913,1868.7902248578678,1875.6974577218189,1213789
2015-10-23,1930.6866455078125,1967.9473672099393,1923.3190428202602,1943.887284976377,497453
2015-10-26,1976.69677734375,1981.5316908208104,1941.7000532149953,1941.7000532149953,521901
2015-10-27,1981.72314453125,1991.5852117612599,1960.9248140870823,1969.3669864683438,380147
2015-10-28,1972.7061767578125,1983.911321452025,1963.419895760691,1980.1507908006615,317563
2015-10-29,1978.0018310546875,1995.4233745816962,1966.7582753870076,1973.9341997785086,395616
2015-10-30,1957.3946533203125,1982.3758498782815,1949.3362149061732,1976.312909257822,167715
2015-11-02,1866.98681640625,1976.236304128387,1835.7892192136317,1950.9097806191687,535525
2015-11-03,1860.770263671875,1880.417392094427,1850.4478249989509,1876.4265837719313,192324
2015-11-04,1879.57373046875,1898.722082631489,1868.7907320968777,1868.7907320968777,261171
2015-11-05,1852.90380859375,1894.308798851003,1845.996575051905,1880.2640531751113,201885
2015-11-06,1864.531005859375,1879.4200446810567,1850.4480358371454,1850.4480358371454,178321
2015-11-09,1848.9130859375,1864.9531429595263,1828.5367085680596,1837.9382213257772,157878
2015-11-10,1886.0201416015625,1899.4892849141863,1827.8458464318674,1842.6964739712976,273391
2015-11-13,1826.924560546875,1895.6515604662534,1816.640533912047,1872.627452444396,255389
2015-11-16,1820.900390625,1848.7211933069864,1799.0657073131922,1821.9747742630557,285955
2015-11-17,1815.297607421875,1855.5897997113334,1807.3926255557108,1829.6492651060782,254396
2015-11-18,1798.106201171875,1829.8411749709633,1793.1944658989853,1818.1372521783421,245945
2015-11-19,1863.610107421875,1874.2396480297066,1811.9977200136093,1811.9977200136093,289124
2015-11-20,1900.7554931640625,1926.3507059786334,1861.307589511825,1863.3797221198129,378408
2015-11-23,1936.1358642578125,1940.9325540414263,1904.0939765032736,1904.0939765032736,545369
2015-11-24,1900.8707275390625,1953.1353494486095,1896.4193617370888,1930.1880593965109,325768
2015-11-26,1878.882568359375,1936.174345640124,1845.7662958376372,1914.685174628293,393155
2015-11-27,1878.6527099609375,1890.1263562882668,1861.192756349998,1867.294109258577,170413
2015-11-30,1902.7510986328125,1930.1881670107991,1881.8375290300116,1886.4423516948486,565457
2015-12-01,1891.545654296875,1918.6758051296824,1887.9769922476073,1911.0011019091637,153290
2015-12-02,1919.136474609375,1930.1879729455568,1862.1517998613801,1895.6518064316203,401153
2015-12-03,1903.480224609375,1924.0100597076469,1898.5300775458047,1917.9087069376317,246228
2015-12-04,1897.609375,1910.5795525457625,1884.2936858048429,1884.2936858048429,187184
2015-12-07,1880.1103515625,1907.163679409251,1874.239278765306,1896.4575062887147,187375
2015-12-08,1890.0111083984375,1906.396678144791,1864.953272098165,1873.0117121627868,186909
2015-12-09,1833.71728515625,1896.8801441614867,1829.0740512026018,1890.2798229778698,206433
2015-12-10,1875.1219482421875,1881.7989028686147,1835.4821792830835,1835.4821792830835,194126
2015-12-11,1854.400390625,1883.9095906136754,1845.7279374595755,1883.9095906136754,189746
2015-12-14,1848.989501953125,1863.4179817903841,1822.8188758339184,1851.1384563749616,184395
2015-12-15,1870.5555419921875,1876.503437269755,1835.0216269243242,1848.912915359565,166399
2015-12-16,1882.3743896484375,1891.0468416153715,1864.9528511060685,1889.5119009971772,153649
2015-12-17,1942.544677734375,1950.6797526966839,1884.6006543807541,1887.9774496676403,275504
2015-12-18,1895.306640625,1920.9784890715302,1887.9772605337453,1911.1932410748614,452519
2015-12-21,1910.6177978515625,1924.0485315179221,1897.839489054431,1910.2340626039522,176689
2015-12-22,1900.44873046875,1918.292418700309,1895.6520400839222,1910.9630383181486,167772
2015-12-23,1898.260986328125,1920.939771421214,1894.2701781975725,1914.761597962896,252059
2015-12-24,1905.5521240234375,1916.2967093009775,1893.8482007746886,1916.2967093009775,100232
2015-12-28,1912.9583740234375,1917.9085206060836,1905.6289942636677,1905.6289942636677,151653
2015-12-29,1942.045166015625,1946.2662526283593,1915.605851888179,1915.605851888179,215967
2015-12-30,1929.4591064453125,1953.212279203527,1926.3508136742055,1949.3749269850525,207046
2015-12-31,1943.2353515625,1954.0567608145177,1921.7461770586492,1930.1883527565906,243382
2016-01-01,1932.4903564453125,1941.7768227013687,1927.1180639532088,1941.7768227013687,70853
2016-01-04,1905.897705078125,1955.2076785960917,1899.834576456606,1911.0013083227534,190056
2016-01-05,1920.4796142578125,1936.596492522444,1912.1140745456544,1918.6759838846804,192154
2016-01-06,1907.54736328125,1929.5353116514314,1898.3377200065065,1912.689376635514,222912
2016-01-07,1856.702880859375,1907.1640628027476,1847.1863222548425,1899.489358324668,221180
2016-01-08,1823.39453125,1875.6207393942864,1811.2300510857442,1866.8716522313869,206203
2016-01-11,1811.6138916015625,1821.0154040659215,1788.1292222525149,1811.1533344101285,159001
2016-01-12,1799.2193603515625,1824.6225189197523,1793.6934234117198,1812.381403152193,199864
2016-01-13,1818.67431640625,1832.6422382690023,1789.8941804099152,1807.3925405698221,246183
2016-01-14,1813.110107421875,1822.4732072703216,1782.9102646275928,1802.787669733,205015
2016-01-15,1782.1815185546875,1818.8666453509875,1775.15923853859,1818.8666453509875,334940
2016-01-18,1726.7315673828125,1792.120194956875,1716.6778176271202,1772.8566130871707,329495
2016-01-19,1739.318359375,1758.2748424634256,1714.8359390195333,1734.4448469541487,153092
2016-01-20,1748.56640625,1753.593187891611,1711.459134374797,1719.5175742451715,176561
2016-01-21,1744.421875,1765.1051655978254,1731.4516996916516,1749.8709899969285,190801
2016-01-22,1779.64892578125,1787.66895449992,1745.342846811114,1749.0651534374042,161259
2016-01-25,1786.1339111328125,1802.0205110430804,1776.6939876766317,1783.064029512637,214198
2016-01-27,1767.3692626953125,1790.5084200073065,1753.7082522781247,1790.5084200073065,256991
2016-01-28,1737.0924072265625,1773.3171595613367,1731.182922692774,1765.9493688629113,172772
2016-01-29,1797.3770751953125,1811.153129940231,1737.2074771645364,1742.1576232454363,234367
2016-02-01,1786.59423828125,1812.7266424229724,1772.9334152943159,1811.2301126430218,155264
2016-02-02,1814.3770751953125,1829.956576373142,1765.182141435705,1772.856846398469,281676
2016-02-03,1801.7520751953125,1838.0918789401885,1792.0436481525428,1799.7183532838171,179941
2016-02-04,1773.355224609375,1834.139024009294,1761.3443890181568,1818.904663169077,1147152
2016-02-05,1816.1038818359375,1825.7738976560627,1767.5995966274627,1779.3035216829433,261889
2016-02-08,1807.4312744140625,1833.3334014375748,1802.0205704061202,1816.0653167552332,80466
2016-02-09,1823.9703369140625,1834.2543659421892,1794.2690807572558,1798.950725426147,166296
2016-02-10,1817.4849853515625,1832.6425260229396,1797.4157089805278,1814.2616470879932,194080
2016-02-11,1788.1295166015625,1831.9137479028777,1756.7784578085816,1824.0471749540877,310125
2016-02-12,1768.55859375,1787.2849826505594,1727.5757521436467,1772.85650264408,326424
2016-02-15,1797.492431640625,1820.6699993806562,1769.0192059159979,1785.1360837139312,308865
2016-02-16,1788.0908203125,1817.9069301607929,1787.093071411029,1815.0673274186724,293481
2016-02-17,1809.27294921875,1818.1372692848004,1737.3994254888835,1787.8221902908158,248046
2016-02-18,1846.8406982421875,1855.474740254485,1814.3768501725115,1818.9432615848748,318053
2016-02-19,1884.75390625,1893.349537531575,1846.6488872453115,1849.6037233283728,310736
2016-02-22,1900.8326416015625,1907.164273495461,1881.262143020422,1887.2100396480234,199748
2016-02-23,1839.2047119140625,1903.3269120919524,1831.7602852562368,1903.3269120919524,220555
2016-02-24,1793.8853759765625,1848.068865332009,1788.4748591370108,1831.7601180777292,297923
2016-02-25,1782.06640625,1805.7429448644423,1759.1957490918555,1794.3459335971145,530719
2016-02-26,1717.675537109375,1805.0135166949358,1705.2041434003727,1789.1269172597622,524806
2016-02-29,1689.35546875,1740.622518679054,1666.9069640448138,1719.1333517817818,660576
2016-03-01,1733.1014404296875,1739.8552167248117,1692.3488788300037,1692.3488788300037,481942
2016-03-02,1711.689453125,1778.9965769083453,1697.951619077605,1749.7942876001357,809509
2016-03-03,1749.9095458984375,1754.5910034829296,1719.9013746762334,1726.808609112684,557055
2016-03-04,1769.9786376953125,1783.6780594979523,1736.4786291594105,1757.3537868919088,339975
2016-03-08,1785.328125,1795.1133731864588,1761.4214955554862,1771.3217893605588,203818
2016-03-09,1778.0755615234375,1792.0434861253034,1765.1820205945173,1782.335059960319,295112
2016-03-10,1784.0616455078125,1799.4876870767287,1768.7122385512648,1799.4876870767287,139845
2016-03-11,1785.05908203125,1801.2527801844171,1772.9332012814716,1790.4697850785853,122688
2016-03-14,1777.9219970703125,1790.5084366358885,1766.8703109284068,1790.5084366358885,214060
2016-03-15,1748.6429443359375,1786.6711411941735,1740.6997378960948,1771.3217327646703,379744
2016-03-16,1765.55322265625,1773.1254076257283,1736.5196807725695,1762.1006618729698,364016
2016-03-17,1781.1680908203125,1791.6830537513397,1765.6704603929186,1770.6925922863884,379252
2016-03-18,1807.4163818359375,1811.0651149046023,1779.9522228144206,1782.0315753675702,284447
2016-03-21,1815.9300537109375,1820.4812952640495,1796.469698101784,1810.9864670510876,179791
2016-03-22,1813.2618408203125,1822.6781216018878,1802.9823243372034,1806.3565299322124,394338
2016-03-23,1849.0439453125,1855.007667574199,1808.6323992549403,1816.4793014020393,258677
2016-03-28,1849.7894287109375,1864.0314785112555,1830.4859741095058,1864.0314785112555,210492
2016-03-29,1845.552001953125,1862.854458469104,1829.8974714195242,1849.4361799690187,143428
2016-03-30,1900.873046875,1914.6444004472728,1854.2232451872565,1855.0079355153086,379072
2016-03-31,1887.92529296875,1927.9837648180765,1882.1579351128623,1897.3808479162021,487678
2016-04-01,1898.8328857421875,1904.7571442057347,1865.9935202880313,1891.1036097115875,238387
2016-04-04,1921.1177978515625,1944.2268861154853,1904.6000306916094,1906.7972015845185,188472
2016-04-05,1879.21533203125,1938.1847217326078,1872.5061927564566,1922.412372670795,189320
2016-04-06,1879.4898681640625,1902.8736736855399,1872.663101958986,1881.608493320845,110752
2016-04-07,1866.346435546875,1879.4899968734471,1847.3962431596626,1873.0555753150927,140705
2016-04-08,1874.97802734375,1887.0623718021543,1844.4143812721672,1859.6765678947786,214592
2016-04-11,1909.8184814453125,1913.859559687232,1862.0700021065197,1881.6479859376072,134590
2016-04-12,1930.102783203125,1936.65502414563,1909.7401072771615,1909.818652940761,171855
2016-04-13,2026.4625244140625,2051.5726118414586,1940.5389439984422,1941.87287907807,474377
2016-04-18,1996.60546875,2047.9634175982378,1986.0514210856638,2044.118511231985,238512
2016-04-20,1987.46337890625,2018.5369959131556,1971.3772297898092,1998.3704960674954,215577
2016-04-21,1958.939453125,1999.3902638502586,1949.9547902935215,1986.8352229469601,177164
2016-04-22,1979.1065673828125,2004.0990301165668,1945.247257501554,1953.6041325829735,223129
2016-04-25,1996.0560302734375,2008.7287024942018,1971.7306300027833,1971.7306300027833,251692
2016-04-26,1999.46923828125,2008.4146302133424,1966.8653211284916,1993.8978610557153,280095
2016-04-27,1999.5869140625,2026.9725269453104,1990.9553213794086,2001.9409847942522,204441
2016-04-28,1951.916748046875,2015.5551958392255,1946.816262072079,1990.013493142799,285060
2016-04-29,1955.408935546875,1962.3142484339464,1932.5745629862224,1951.5247569150154,176707
2016-05-02,1944.4229736328125,1981.342684544926,1922.5694672847603,1949.170387488949,185691
2016-05-03,1932.5745849609375,1960.8625170596747,1922.5697836205309,1942.108495490707,334288
2016-05-04,1930.5732421875,1946.4632179540404,1923.275585372362,1926.022000936949,132511
2016-05-05,1925.0806884765625,1952.5448480802213,1919.627129384505,1932.692145823193,127867
2016-05-06,1910.8778076171875,1925.43385120565,1906.8760019747322,1919.784119279677,118418
2016-05-09,1983.02978515625,1990.7590603452388,1907.6211710119533,1910.7206590227263,180905
2016-05-10,1985.3055419921875,1993.1131714156547,1961.725562416983,1985.1093694359458,159486
2016-05-11,1975.26171875,2004.7268787410173,1958.940121690381,1961.7258106564702,191358
2016-05-12,2000.214599609375,2007.2375386089468,1971.3772346586795,1971.3772346586795,166196
2016-05-13,1975.6146240234375,1997.036706379317,1968.3955119656252,1993.5841458744237,168060
2016-05-16,1971.2203369140625,1982.2843538389614,1926.4144496626775,1977.4978585422912,163404
2016-05-17,1966.8653564453125,1989.189755424971,1958.7830086704473,1981.3428530367069,164096
2016-05-18,1931.671875,1963.255656334414,1926.4144888443789,1952.3092660875009,293238
2016-05-19,1911.0738525390625,1939.4405203404285,1900.9121520022397,1936.6155587787525,226925
2016-05-20,1924.8455810546875,1931.5547223937083,1904.4436303382497,1912.2905344599565,137638
2016-05-23,1900.36279296875,1933.4766815868193,1890.0049204894867,1931.1226109517704,270512
2016-05-24,1867.0916748046875,1899.734861823624,1855.282241253064,1899.734861823624,208394
2016-05-25,1942.34375,1965.6097385143048,1864.7770447189957,1887.062362027952,1132838
2016-05-26,1965.7666015625,1975.6537748314167,1942.1082683776215,1957.017382357086,581544
2016-05-27,2011.7100830078125,2026.0306781297613,1951.5243873033921,1965.648809889424,326701
2016-05-30,2045.80517578125,2051.9257982470235,2017.1248994625535,2026.854982251894,281067
2016-05-31,2054.59375,2073.1515973967535,2042.548678283024,2044.1180587503948,447826
2016-06-01,2043.1766357421875,2067.6589347187783,2040.1947742955688,2067.6589347187783,163603
2016-06-02,2036.232177734375,2041.8035558282697,2006.1394178702972,2028.4638199286037,219851
2016-06-03,2070.954345703125,2086.6088769399926,2036.271077041114,2036.7419677928758,293506
2016-06-06,2063.7353515625,2079.429156517348,2055.182304492015,2072.994734800814,200798
2016-06-07,2072.170166015625,2085.7060688325405,2059.9681979149996,2079.3109218126942,238210
2016-06-08,2065.57958984375,2083.941266251695,2059.0273492024653,2072.170911740248,235110
2016-06-09,2034.19189453125,2067.933576082645,2022.2253679345345,2067.109612985621,226078
2016-06-10,2024.461669921875,2058.7135159330555,2012.7305884329037,2032.3478456301054,134463
2016-06-13,2027.443603515625,2036.0359241589636,2004.099066619799,2013.515350409712,122703
2016-06-14,2009.3958740234375,2029.2485787887704,2000.9604525079628,2028.4638884152378,164026
2016-06-15,2042.98046875,2048.120228529629,2012.8482462870486,2017.0464160216939,220412
2016-06-16,2014.37841796875,2031.9946757712273,2000.9601380600868,2026.0702260671153,223474
2016-06-17,2025.599365234375,2031.5630878541217,2005.3545097392146,2019.0080436649885,137960
2016-06-20,2054.240478515625,2059.3802378421533,2000.9600884759168,2000.9600884759168,150107
2016-06-21,2068.639892578125,2082.4112462519242,2049.807324566034,2055.8886746532717,255537
2016-06-22,2065.42236328125,2071.2291860715386,2050.7879667601806,2068.639669933624,142146
2016-06-23,2080.99853515625,2091.9841986148426,2040.9793325570915,2063.735349721319,276005
2016-06-24,2102.0283203125,2106.697189074552,2004.7660002753578,2040.1946891121468,341530
2016-06-27,2078.213134765625,2121.0180319948718,2074.4075014843916,2110.8170573681855,274105
2016-06-28,2059.34130859375,2094.8878202933424,2051.965295823766,2088.8457428232755,277647
2016-06-29,2076.172607421875,2079.428995067268,2065.304571704547,2077.7027149712194,329314
2016-06-30,2110.777587890625,2118.6637635476745,2083.35270082188,2085.7067716702663,457899
2016-07-01,2096.103271484375,2134.3176381563435,2091.238231546364,2116.701385055349,307070
2016-07-04,2081.62646484375,2110.8169056704073,2075.505842192649,2102.97000267535,185737
2016-07-05,2049.728515625,2078.605154516099,2042.273958411049,2075.5056664105146,209086
2016-07-07,2048.473388671875,2059.8121256773125,2032.3479640016149,2046.864735173055,205355
2016-07-08,2043.8040771484375,2067.658581496717,2040.1944257652617,2055.888229040379,147732
2016-07-11,2078.683837890625,2085.7067776267454,2060.5966885055805,2060.5966885055805,180070
2016-07-12,2080.841064453125,2099.0458348742877,2067.7367792381983,2084.9214143031713,193652
2016-07-13,2085.000244140625,2093.5532900224393,2063.891964465044,2087.2757689129267,147655
2016-07-14,2095.220947265625,2102.2177808313295,2076.27418069392,2077.846520096187,134930
2016-07-15,2119.19873046875,2122.6577997383974,2097.0285954560745,2097.8934587414496,207722
2016-07-18,2166.17236328125,2172.1864836113405,2127.3748189114326,2134.0179132736193,362174
2016-07-19,2168.924072265625,2172.9727689210417,2158.0355465587045,2169.906784263147,343673
2016-07-20,2185.040771484375,2195.7719108154815,2159.018478366279,2171.204108376175,380227
2016-07-21,2178.16162109375,2202.7294216640166,2171.400485602436,2191.133419794851,239917
2016-07-22,2138.852783203125,2175.488166137433,2134.84324204488,2173.915827163362,214012
2016-07-25,2123.326416015625,2165.1899506675295,2106.9347017296527,2138.381488322633,300696
2016-07-26,2102.178466796875,2135.079746077648,2091.3686332374286,2126.589074785581,291824
2016-07-27,2099.19091796875,2143.924088427176,2060.707950085629,2103.0039177341655,1179297
2016-07-28,2091.6044921875,2131.895689415318,2085.7082194224536,2100.409554462777,473920
2016-07-29,2123.286865234375,2141.6831568501907,2091.211107602755,2091.211107602755,321171
2016-08-01,2151.077880859375,2185.5514946994226,2130.598316265349,2130.598316265349,458487
2016-08-02,2160.119140625,2185.5518076793965,2143.2558386256023,2161.8880224837335,285707
2016-08-03,2134.333251953125,2168.6494884544336,2126.589402308952,2156.5425497776087,180584
2016-08-04,2157.2490234375,2181.541583260885,2141.525634053845,2152.5320066224035,251834
2016-08-05,2250.09619140625,2264.954720748549,2161.966498458351,2165.3470662794934,419350
2016-08-08,2257.44677734375,2294.0823593900514,2248.5630220129397,2257.957902771987,242032
2016-08-09,2253.791259765625,2274.978494092313,2227.8476605241403,2257.800609941372,225096
2016-08-10,2245.30029296875,2281.4640932056413,2236.7702763558937,2250.1745059178406,203530
2016-08-11,2237.714111328125,2271.0869753481597,2220.929312141629,2248.4452505221448,152651
2016-08-12,2255.284912109375,2283.036740071122,2232.721880785808,2237.4388988438063,179931
2016-08-16,2266.56640625,2277.769323557034,2232.721765051034,2258.075735798532,196703
2016-08-17,2311.0634765625,2320.615552730664,2266.566390656298,2273.9169615368446,289452
2016-08-18,2316.134765625,2325.686651265171,2299.546507208865,2305.835865177299,139176
2016-08-19,2305.99267578125,2318.3748472145494,2296.008360060318,2316.134378973898,92809
2016-08-22,2299.467529296875,2319.2004642586758,2286.2206858744585,2305.835580227355,167024
2016-08-23,2263.22509765625,2298.6812316863757,2254.73442753358,2298.6812316863757,164538
2016-08-24,2256.070556640625,2280.4811577959063,2241.3692255024143,2268.098988275856,189493
2016-08-25,2250.33203125,2282.997420073334,2239.836781108988,2275.1750700889343,196374
2016-08-26,2247.0693359375,2262.1244075172563,2236.6919352502987,2262.1244075172563,172603
2016-08-29,2270.340087890625,2283.0366508930783,2208.3898814282375,2254.577348108667,129976
2016-08-30,2341.920654296875,2366.3706067758144,2277.5727846861505,2277.5727846861505,421580
2016-08-31,2341.606201171875,2388.1867509182016,2334.8450657001413,2344.357794827776,345001
2016-09-01,2357.72265625,2372.895768083545,2323.406429608133,2341.6061792732994,193060
2016-09-02,2356.975830078125,2370.3013665376416,2298.995821526831,2334.9630810688204,350046
2016-09-06,2362.282470703125,2386.3784923547623,2350.647122146117,2355.364139782531,214998
2016-09-07,2347.34521484375,2374.23217660219,2342.785392806135,2374.23217660219,159864
2016-09-08,2428.242431640625,2452.8495828299274,2342.7858194978153,2342.7858194978153,406556
2016-09-09,2387.16455078125,2442.786047820117,2372.07013343492,2430.7576150202854,233241
2016-09-12,2323.052490234375,2340.977195624778,2300.3322654125705,2334.9237280503535,161009
2016-09-14,2336.142578125,2354.1457872317205,2310.9851480728016,2330.2069585848676,257712
2016-09-15,2304.852783203125,2341.213128124467,2299.6639869372702,2335.709940785021,232030
2016-09-16,2344.043212890625,2382.8799119829514,2305.756602161558,2305.756602161558,349528
2016-09-19,2315.93798828125,2368.1789242205296,2311.33881895894,2346.5986052674402,192976
2016-09-20,2269.63232421875,2323.917374344257,2260.2376357373946,2298.6027512111864,315212
2016-09-21,2281.974853515625,2332.171853549432,2246.1256389883647,2271.24371646867,472910
2016-09-22,2300.921875,2337.242872104399,2292.981485271837,2308.193943794311,271251
2016-09-23,2303.201904296875,2322.502408144206,2289.79786492933,2300.3324617665926,334216
2016-09-26,2273.2880859375,2305.8354305144026,2262.596102632271,2298.7599041336903,287196
2016-09-27,2260.86669921875,2301.747520681731,2256.306876899151,2294.043019788057,176614
2016-09-28,2290.819580078125,2299.5461396388237,2257.525411816202,2263.382337100914,302892
2016-09-29,2237.753173828125,2322.305756517696,2228.9481122972606,2312.124898124636,480296
2016-09-30,2222.973388671875,2246.83352249039,2214.48271802818,2246.83352249039,229858
2016-10-03,2264.8759765625,2286.456486133364,2224.8600197658234,2224.8600197658234,281923
2016-10-04,2275.332275390625,2293.2569826860245,2261.063372310449,2282.250607040634,260010
2016-10-05,2246.83349609375,2287.7536644586276,2237.2816116917816,2279.891968017189,188728
2016-10-06,2219.396240234375,2255.5600436685936,2210.0800532274857,2255.5600436685936,176396
2016-10-07,2266.920166015625,2279.891965127558,2189.482456165603,2222.5409280471417,325112
2016-10-10,2261.33837890625,2285.198705343373,2245.379288034796,2273.6027026242486,121601
2016-10-13,2221.125732421875,2264.4829104543523,2213.1068406362638,2252.454668743907,185672
2016-10-14,2199.9384765625,2239.7972377377205,2195.2999606629032,2231.1493719549494,181609
2016-10-17,2164.993408203125,2228.712305986969,2156.974324073331,2205.2059097836213,194876
2016-10-18,2195.496337890625,2209.136456487078,2166.329562470092,2166.8798427731344,198776
2016-10-19,2191.8017578125,2216.9985348672435,2176.7860318336634,2202.297199991309,305702
2016-10-20,2198.5625,2220.614594330487,2193.4130510449495,2199.112780299457,151814
2016-10-21,2203.12255859375,2213.0675277254913,2187.1239297095262,2209.136679541254,142333
2016-10-24,2193.41357421875,2212.753426593777,2189.561419267808,2207.957714406222,148446
2016-10-25,2202.493408203125,2210.3157570764442,2190.268432941481,2198.916298254602,207170
2016-10-26,2220.103759765625,2236.6526693973897,2193.4526852245144,2197.344186631179,157120
2016-10-27,2171.00732421875,2227.925925797965,2162.988432782641,2220.8503994832927,214627
2016-10-28,2239.089599609375,2246.4795166957,2171.4003237492648,2172.9726628685617,777805
2016-11-01,2221.400634765625,2251.5894670466328,2216.683617725723,2225.174094848815,337967
2016-11-02,2216.054931640625,2224.7812991366154,2177.689816344551,2215.9762379053705,297340
2016-11-03,2224.742431640625,2242.9028367883952,2193.413491908337,2209.136886115565,354196
2016-11-04,2212.51708984375,2240.5833054938016,2205.5987591448634,2224.7812201438405,223620
2016-11-07,2220.221923828125,2240.504948514541,2186.3379330251946,2224.8602482780657,286013
2016-11-08,2252.3759765625,2260.434215222104,2216.4087162037795,2228.004718177356,278172
2016-11-09,2184.41162109375,2220.10364482319,2089.717529399779,2158.821761750632,605617
2016-11-10,2143.5703125,2238.067869042105,2130.991597700759,2193.4133931176093,294318
2016-11-11,2081.462646484375,2176.117386673699,2069.98449389879,2129.812075415167,277559
2016-11-15,2025.2515869140625,2090.424970094883,1973.5609356226978,2069.1983908573648,410208
2016-11-16,2048.483154296875,2093.530719842508,2020.61347474748,2044.8275416945337,493925
2016-11-17,2004.5753173828125,2095.142018402753,1982.7197637567515,2036.1792974345703,331352
2016-11-18,2024.2296142578125,2028.2783111030292,2000.8017207514122,2009.4495867350136,176488
2016-11-21,1984.6065673828125,2032.1698307212337,1973.2858013130055,2024.3868280402348,271829
2016-11-22,2043.6480712890625,2055.6765057103844,1977.0988850380095,1996.8709756007765,301790
2016-11-23,2044.3162841796875,2075.2519441104723,2021.2421286515469,2075.2519441104723,253894
2016-11-24,2068.33349609375,2089.638768742055,2004.7324530821072,2036.9654062493098,609817
2016-11-25,2054.30029296875,2080.2045401438263,2046.5170995957774,2059.7641327198885,238138
2016-11-28,2073.129638671875,2095.1423917559905,2053.475394846772,2059.7254059959596,245346
2016-11-29,2094.4736328125,2112.4376846873975,2071.5962129445097,2076.116688079215,254430
2016-11-30,2110.9833984375,2114.83574495618,2094.3559868031402,2114.7963980857535,480765
2016-12-01,2118.648193359375,2136.808786308774,2096.989376318411,2110.0790222416294,252658
2016-12-02,2123.719482421875,2134.450621479241,2085.7474495531205,2102.610750330103,220351
2016-12-05,2154.6943359375,2174.1520335802816,2114.049405915322,2116.3685678532333,238386
2016-12-06,2148.837646484375,2165.7009479038948,2142.312399687127,2158.2716827398776,204792
2016-12-07,2121.911376953125,2154.812463888205,2111.887713231921,2151.196198413113,182325
2016-12-08,2184.450927734375,2192.8235572015333,2134.4504643908444,2134.4504643908444,193573
2016-12-09,2138.499267578125,2190.543851248801,2135.3154340877018,2186.7701985929525,182787
2016-12-12,2087.398193359375,2135.472580866638,2080.3226667672034,2134.4505219716916,350356
2016-12-13,2090.542724609375,2095.8493691797603,2075.487654195172,2087.2801976849173,243253
2016-12-14,2082.170166015625,2098.522531929006,2068.8839766749666,2098.2866426640376,165794
2016-12-15,2099.584228515625,2121.91156524134,2066.722485536926,2097.5009553905475,247366
2016-12-16,2090.818115234375,2107.7207621520433,2082.56333418156,2107.7207621520433,181030
2016-12-19,2077.138916015625,2089.638936718228,2069.9846954022173,2082.563409844464,152159
2016-12-20,2032.9954833984375,2093.0196163565583,2024.7800484769193,2079.3009935727455,205165
2016-12-21,2032.445068359375,2069.19849914781,2027.5315080935413,2044.1197643253745,140989
2016-12-22,2015.8572998046875,2036.179866754999,2005.5192432787653,2033.0351874241032,137600
2016-12-23,2058.821044921875,2070.1811575750203,2007.720019480927,2016.6037745986189,197018
2016-12-26,2044.59130859375,2083.349509554923,2026.5094071900658,2057.9561922399516,121218
2016-12-27,2070.614013671875,2078.397017752262,2020.4563431094327,2040.1105876922095,169834
2016-12-28,2070.1025390625,2086.6907954674207,2062.437384967819,2070.770860040006,275831
2016-12-29,2084.48974609375,2096.5575285355226,2052.4926756429977,2063.8527901478997,190486
2016-12-30,2069.355712890625,2095.9282854291678,2065.267669100684,2085.000604076216,130704
2017-01-02,2042.861572265625,2086.729871469597,2006.3046882516355,2077.6102279304473,323342
2017-01-03,2059.135498046875,2069.355703443043,2013.734200998514,2039.3240613584164,420196
2017-01-04,2110.157958984375,2121.5180716340087,2056.5803840885924,2063.852453091403,343922
2017-01-05,2141.01513671875,2146.243087979193,2110.865454660855,2117.9409813245225,188686
2017-01-06,2128.436279296875,2154.025945458218,2120.0634581472227,2139.167417239636,159484
2017-01-09,2140.85791015625,2158.821964310273,2128.947516151573,2136.0230433470547,116789
2017-01-10,2154.6943359375,2159.8437852160096,2132.0919598878045,2144.867215915893,154097
2017-01-11,2137.2412109375,2160.786949938218,2125.4486680053287,2159.2146108805955,225842
2017-01-12,2151.8642578125,2156.8171651721254,2128.672252306659,2134.450676215548,243299
2017-01-13,2129.3798828125,2164.914713254766,2115.739762361325,2147.815523054751,247719
2017-01-16,2139.678466796875,2146.2430598899628,2112.162530131619,2125.0164801767655,116324
2017-01-17,2145.378173828125,2155.677072502495,2122.65794885366,2131.305814571212,139584
2017-01-18,2122.42236328125,2156.463550682128,2112.7132823615602,2156.463550682128,161391
2017-01-19,2118.963134765625,2132.0921297734253,2108.113955010118,2121.7932303957878,235309
2017-01-20,2123.483642578125,2138.3815195569646,2108.507071857272,2114.010259591426,204961
2017-01-23,2127.767822265625,2134.4502632370854,2110.86517745546,2119.119957479029,147551
2017-01-24,2200.449462890625,2209.1366757500696,2123.9551189694566,2132.0920514712416,270474
2017-01-25,2240.308349609375,2253.162300638973,2179.8519780518886,2213.0676469988516,451576
2017-01-27,2243.806640625,2268.2563990263006,2224.8598772633327,2232.721572942708,194917
2017-01-30,2220.968505859375,2242.155738564159,2208.114555899331,2240.6227462044326,280860
2017-01-31,2227.572265625,2294.82911482877,2192.862953766389,2217.863186004744,902056
2017-02-01,2243.845947265625,2257.8791517764957,2210.70897451097,2231.385273932881,369867
2017-02-02,2207.132080078125,2247.5804726496463,2202.14001765782,2242.155978508285,253057
2017-02-03,2207.642578125,2213.381461740143,2192.6266643876384,2195.1030214579587,236258
2017-02-06,2200.803466796875,2220.92948867215,2188.7752234689483,2213.34302754718,316141
2017-02-07,2177.5322265625,2208.9003114995235,2165.896880071848,2202.8468449950337,321618
2017-02-08,2187.045166015625,2191.8408774213754,2169.9068220293034,2179.419359169317,282631
2017-02-09,2188.93212890625,2209.1366499150818,2162.831335700136,2199.23083584927,213997
2017-02-10,2201.904052734375,2211.338088785563,2180.55943100699,2197.344230255777,165244
2017-02-13,2206.38525390625,2214.6400357220405,2189.4826054262985,2213.0676963285564,116262
2017-02-14,2184.057861328125,2209.8440708812645,2166.015115304118,2206.660237522618,287490
2017-02-15,2193.0986328125,2203.0829476163403,2173.798132154475,2185.236937386496,265709
2017-02-16,2188.421142578125,2200.488923883271,2173.759154890048,2200.488923883271,235740
2017-02-17,2184.6865234375,2194.985421494672,2162.752469388196,2180.0481997867932,437855
2017-02-20,2194.59228515625,2218.1380246449135,2173.2870137095774,2189.010404611646,155317
2017-02-21,2200.685302734375,2205.991947654785,2180.9917154203326,2194.985573005046,100217
2017-02-22,2201.078125,2207.957108335566,2183.2321151909164,2196.164565474596,422928
2017-02-23,2212.35986328125,2220.49660316761,2190.268421594173,2205.205643421269,605474
2017-02-27,2197.383544921875,2236.6526810222276,2188.3425938386567,2209.1367429428683,318398
2017-02-28,2166.605224609375,2204.6166103289056,2162.7530694534435,2191.8413513763,280728
2017-03-01,2176.90380859375,2197.3442199420483,2163.578271121185,2166.683602919601,283157
2017-03-02,2226.471923828125,2236.495587442599,2194.632051170383,2205.5990800319687,705809
2017-03-03,2227.061279296875,2231.9354924253753,2206.7780652476326,2228.7908140281575,186815
2017-03-06,2266.605712890625,2276.7472242352515,2234.8443450152804,2236.5738797956737,400007
2017-03-07,2263.736328125,2274.388966059412,2256.7001476230703,2268.413999502084,194245
2017-03-08,2256.267578125,2266.448436838398,2241.4483951903485,2264.483012687705,174051
2017-03-09,2256.85693359375,2268.0598499036146,2242.155601104131,2248.444957628967,156617
2017-03-10,2252.0224609375,2271.951747745394,2243.138704907111,2261.653039798487,114745
2017-03-14,2253.71240234375,2287.75358514216,2243.7674334645017,2281.4642282070613,309456
2017-03-15,2258.743896484375,2272.0300856085432,2245.339666761678,2256.0708047515113,221254
2017-03-16,2308.50830078125,2315.1907422773756,2250.4104450187215,2265.190471656162,431866
2017-03-17,2289.718994140625,2318.178295697777,2272.1480265442597,2315.976982397767,296053
2017-03-20,2298.406494140625,2305.4426746581858,2283.9408563145244,2292.588723124836,190575
2017-03-21,2285.277099609375,2303.594697108003,2272.1087592641607,2300.803948673135,214599
2017-03-22,2243.5712890625,2283.115666194165,2236.770805508476,2272.2271382943095,376780
2017-03-23,2253.122802734375,2260.237676241559,2239.207638732181,2239.207638732181,364883
2017-03-24,2235.080322265625,2264.168599410834,2228.830311914858,2264.168599410834,218228
2017-03-27,2207.879150390625,2242.942399623201,2197.423245784841,2237.2033217977814,242914
2017-03-28,2220.811279296875,2231.6996131343512,2209.17593078797,2216.998279948829,97374
2017-03-29,2225.724853515625,2240.583382329328,2198.562655177743,2223.130455422582,507170
2017-03-30,2219.239013671875,2238.2249334350654,2213.0675053107516,2232.761092901505,369748
2017-03-31,2205.5595703125,2226.982692926365,2201.2749841769164,2218.9638010140525,227360
2017-04-03,2188.382080078125,2230.7565506446185,2181.620943802226,2207.878935324415,247337
2017-04-05,2170.496337890625,2200.449283398255,2165.700626730897,2190.6615106218874,407700
2017-04-06,2206.227783203125,2213.0674203245785,2186.377000836093,2191.7229924944018,373610
2017-04-07,2225.21337890625,2237.3990059154,2197.6581000887004,2207.563912367276,413979
2017-04-10,2230.36328125,2246.4404120914187,2218.5707365835387,2244.514334849753,128113
2017-04-11,2218.92431640625,2228.5942407308175,2204.4588727539735,2213.9714096121124,266234
2017-04-12,2232.32861328125,2240.1903094012755,2206.778100891167,2216.9983058472003,324376
2017-04-13,2239.129150390625,2255.1277805322156,2232.721944121141,2236.2203608928708,372385
2017-04-17,2242.273681640625,2247.462478084566,2219.7893449007624,2236.573951700577,145680
2017-04-18,2220.45751953125,2250.567856013082,2201.2750565273213,2239.79737001655,272356
2017-04-19,2208.11474609375,2225.6463683788033,2191.8804189447765,2217.1556974312125,142477
2017-04-20,2226.03955078125,2239.3650890798217,2201.2358578550675,2205.206053307931,127818
2017-04-21,2220.379150390625,2235.2376811355766,2212.5959550998696,2222.6196189025973,169580
2017-04-24,2254.53759765625,2257.249844060947,2209.2541574000606,2222.6977327080926,172269
2017-04-25,2277.376220703125,2279.8919251298726,2241.8020449748055,2261.0238540253495,272704
2017-04-26,2268.453369140625,2291.6847226406935,2247.462676106032,2291.6847226406935,165523
2017-04-27,2253.20166015625,2291.6452809113957,2242.1559377140507,2256.42484069756,312224
2017-04-28,2251.590087890625,2281.464537380794,2243.8070844030995,2252.3762576140502,136681
2017-05-02,2278.319580078125,2295.6153118799602,2259.1371179450125,2259.1371179450125,154197
2017-05-03,2306.031982421875,2314.404611899198,2281.1104444542434,2287.439148130273,176248
2017-05-04,2313.343505859375,2317.313700917049,2294.829172503886,2317.313700917049,183545
2017-05-05,2270.182861328125,2311.22107328735,2265.741079289884,2311.22107328735,146931
2017-05-08,2246.047607421875,2286.4960022858318,2241.369935841249,2279.852906348979,140340
2017-05-09,2258.782958984375,2269.9073732448232,2228.7906675168515,2251.7861267848825,274565
2017-05-10,2283.666015625,2286.928543438027,2246.951925281473,2264.1689666912953,150174
2017-05-11,2357.29052734375,2362.793715310905,2277.572995565344,2284.0588956694914,416000
2017-05-12,2362.282470703125,2373.0136090515907,2334.9237300247382,2362.439666237151,414871
2017-05-15,2358.273193359375,2376.4731369421042,2346.7952309853645,2362.439931125924,106401
2017-05-16,2377.376708984375,2381.307556717484,2332.6437385559634,2352.3764790146165,159021
2017-05-17,2389.7197265625,2395.8518879113644,2359.4915434270656,2359.4915434270656,303412
2017-05-18,2337.36083984375,2384.4523206045615,2328.6736276541633,2372.6597769813934,513008
2017-05-19,2337.007080078125,2373.446119300189,2316.1344298947115,2337.5575523693487,246957
2017-05-22,2291.01611328125,2361.614183295841,2280.284974780415,2348.838927015827,209411
2017-05-23,2220.8896484375,2301.904459555985,2210.7087910763075,2301.904459555985,482580
2017-05-24,2173.208740234375,2253.437389128204,2161.9664761710965,2213.0675019715045,307723
2017-05-25,2219.19970703125,2227.8082262363987,2170.535690959568,2172.972893627669,389540
2017-05-26,2212.35986328125,2228.7907305166837,2198.95563372817,2216.9981869689764,237938
2017-05-29,2231.10986328125,2241.2907206908917,2191.6441897764867,2211.4949711564013,155372
2017-05-30,2241.68408203125,2251.550549608666,2218.570770901834,2230.3633157507097,98514
2017-05-31,2237.399169921875,2253.1619076279503,2228.790651823182,2240.5831949545213,430019
2017-06-01,2232.210693359375,2270.654309384764,2223.5234810368634,2239.0109835117487,246574
2017-06-02,2242.82421875,2256.306951809602,2179.930645180394,2204.4197536146776,381642
2017-06-05,2278.634033203125,2303.8308088332005,2240.5834989773284,2240.5834989773284,297406
2017-06-06,2259.097900390625,2295.6154432844487,2250.80377196006,2279.892049837295,136966
2017-06-07,2261.02392578125,2277.9659202187136,2242.1558540779297,2242.1558540779297,131500
2017-06-08,2254.8525390625,2275.9612721955896,2250.9610374506015,2258.036564721676,142325
2017-06-09,2253.005126953125,2263.382528432313,2226.8649848654645,2257.8793406243844,178737
2017-06-12,2220.614990234375,2253.4767298324696,2215.7799314638705,2244.632320791747,365323
2017-06-13,2228.712646484375,2246.0870755054148,2218.3352437106787,2220.9296423880983,146666
2017-06-14,2221.047119140625,2231.89629874284,2201.275029135449,2201.275029135449,157837
2017-06-15,2212.595703125,2239.168274684658,2207.996726006715,2216.2121601536187,131874
2017-06-16,2208.979248046875,2224.623945374657,2202.375308641195,2213.067291334624,209497
2017-06-19,2223.09130859375,2275.175049799421,2213.067645191904,2244.5144323349505,500836
2017-06-20,2213.30322265625,2223.248190914736,2206.384892072294,2209.1364855596457,274896
2017-06-21,2215.03271484375,2223.36618887716,2193.8061369197817,2210.7087823036823,143712
2017-06-22,2237.203125,2241.3698628867724,2207.053631518399,2215.033177370565,223966
2017-06-23,2220.379150390625,2240.937411533206,2214.6400731203016,2240.583673550891,154968
2017-06-27,2185.001220703125,2224.1916603353766,2170.614278550104,2223.641379999281,322785
2017-06-28,2183.232421875,2202.061146234082,2177.847083104298,2192.6271106200843,284660
2017-06-29,2202.297119140625,2210.7090961620165,2184.9620396544396,2191.683828671853,224331
2017-06-30,2194.3564453125,2201.0388865963373,2173.326409507482,2198.1300976011466,266443
2017-07-03,2192.902099609375,2196.164626450459,2162.3986828415646,2176.9034725760944,335713
2017-07-04,2177.4150390625,2193.4136707471807,2165.897728641033,2193.4136707471807,331944
2017-07-05,2178.673095703125,2189.0504988543235,2162.7531569794487,2170.85074444585,251283
2017-07-06,2188.57861328125,2198.5244316881385,2184.0065524786505,2192.9098125630685,488894
2017-07-07,2172.255859375,2192.1075468187482,2161.227144128473,2178.472044332133,290037
2017-07-10,2190.22265625,2196.839885686316,2175.424164129621,2182.6028162930297,20707
2017-07-11,2240.032470703125,2248.2538771393283,2194.273286447392,2194.273286447392,393672
2017-07-12,2234.498291015625,2260.2853575573126,2225.234129821415,2246.6498532711257,288437
2017-07-13,2237.626220703125,2251.261724153955,2230.1667590626084,2241.8371850041167,303857
2017-07-14,2253.707763671875,2259.4024731569043,2219.8195327086614,2245.847259100555,150816
2017-07-17,2262.891845703125,2268.7471300509847,2245.8474676007977,2261.769000298268,134022
2017-07-18,2271.313720703125,2284.2673694296636,2260.2850057178093,2268.1455108354508,195878
2017-07-19,2264.857177734375,2273.9208166264984,2247.77265412752,2273.118728155025,247730
2017-07-20,2260.7666015625,2290.644396563724,2245.927965118939,2264.61646949536,675692
2017-07-21,2258.5205078125,2278.4924302184577,2250.9408117583043,2260.7663944491696,319397
2017-07-24,2267.303466796875,2273.8805527505524,2247.6121566993993,2257.8789277556216,204810
2017-07-25,2284.107177734375,2295.897838463996,2261.287801117421,2277.9311360019424,220402
2017-07-26,2279.013916015625,2288.1977888794186,2269.2684246232197,2282.7435486850595,252553
2017-07-27,2278.171875,2301.27206163906,2265.9400260768257,2285.5510496121283,306789
2017-07-28,2268.426025390625,2299.5872352470656,2249.4165711908263,2253.8682005735104,136729
2017-07-31,2252.705078125,2281.941156768695,2233.815859965137,2281.941156768695,173664
2017-08-01,2264.6162109375,2270.3111166567483,2244.2833883824237,2255.472481907358,190726
2017-08-02,2248.173095703125,2260.0440410632004,2234.61788249788,2237.786091946432,298840
2017-08-03,2273.31884765625,2276.8881015576962,2245.887465954584,2249.8577640207395,325945
2017-08-04,2305.72314453125,2326.0561620700073,2254.7905354652344,2265.0974488571383,257208
2017-08-07,2317.433837890625,2328.9037408196846,2300.670269179016,2306.004078544794,169287
2017-08-08,2335.360595703125,2391.025450711786,2306.8061711664195,2318.035408439135,763401
2017-08-09,2270.83251953125,2349.357092221502,2251.542449963567,2341.697108755397,305248
2017-08-10,2242.799560546875,2270.83251115778,2214.5660878345725,2260.285126953215,497306
2017-08-11,2236.3828125,2244.6042185073024,2205.74307512994,2229.80572685863,321890
2017-08-14,2271.193603515625,2279.374866073466,2234.618293957511,2244.2433548072922,165120
2017-08-16,2285.31005859375,2294.77474016786,2253.9083784195186,2271.514178313659,129201
2017-08-17,2266.58154296875,2300.469777263221,2258.680894040977,2285.9518991536875,152160
2017-08-18,2254.951416015625,2265.3384221578685,2238.6288379189755,2260.1248472934926,128913
2017-08-21,2218.977294921875,2261.889019222732,2213.844008100802,2254.6702244805315,77884
2017-08-22,2198.163330078125,2229.725390066403,2190.9445347201777,2229.725390066403,80340
2017-08-23,2209.47265625,2221.704503926594,2181.7205160640606,2211.3576422536967,117188
2017-08-24,2188.537841796875,2217.2124955302165,2173.7393533702857,2217.2124955302165,213909
2017-08-28,2199.366455078125,2208.309662078567,2168.8469534219,2197.7221347544396,227147
2017-08-29,2186.974609375,2206.705869224679,2177.670304331405,2197.7225170784714,175171
2017-08-30,2206.18408203125,2219.33825223552,2193.7115694099894,2193.7115694099894,147597
2017-08-31,2257.477783203125,2268.6668771264776,2190.784211621485,2213.7639657632353,508660
2017-09-01,2339.17041015625,2354.1292793777,2268.2255397808385,2268.2255397808385,722050
2017-09-04,2338.2080078125,2353.0066960002696,2317.995418545928,2338.8898613067813,345756
2017-09-05,2366.72216796875,2381.9618473450105,2330.1069113752583,2347.712712332308,353285
2017-09-06,2342.538818359375,2357.3373070325256,2326.0960096509143,2356.5352188028446,171348
2017-09-07,2378.552734375,2387.816893499131,2326.8180384963657,2358.139626095883,292925
2017-09-08,2338.4482421875,2393.832477214476,2331.0289255802845,2367.7646080539903,177449
2017-09-11,2349.79833984375,2364.556688607877,2334.077328306961,2358.139981176105,153148
2017-09-12,2354.73095703125,2363.7143077054056,2338.087623178436,2357.3377442612086,139203
2017-09-13,2354.089111328125,2385.410699863703,2342.0979299267024,2349.3167249162025,168435
2017-09-14,2348.79541015625,2371.735018614407,2338.929684655969,2362.1501023550586,128663
2017-09-15,2426.798828125,2435.180613040169,2327.2595757976087,2340.4940348707296,578878
2017-09-18,2516.47216796875,2525.77647210794,2442.4395623606692,2442.4395623606692,719616
2017-09-19,2498.8662109375,2530.6289891987285,2493.1313573342254,2516.9533431189675,232404
2017-09-20,2478.894287109375,2502.275085105873,2473.8009475568792,2498.5053088765344,179312
2017-09-21,2469.510009765625,2514.5471962109177,2461.3285512253215,2478.894405113326,339952
2017-09-22,2440.31396484375,2474.162058259645,2412.72220050055,2457.5990101008074,277811
2017-09-25,2441.637451171875,2453.1071589834955,2410.115336926843,2453.1071589834955,412640
2017-09-26,2442.27880859375,2452.786244608885,2430.327770165115,2431.9319469110987,210821
2017-09-27,2431.330322265625,2459.20289255799,2411.8796796875,2450.5402991731585,271027
2017-09-28,2437.907470703125,2451.1820724655363,2421.544946192311,2433.536128226583,324106
2017-09-29,2494.013916015625,2517.4350569904013,2447.2922606574944,2457.5991762628787,368325
2017-10-03,2536.364013671875,2577.070001807175,2523.089410888894,2555.4537576170414,481726
2017-10-04,2545.427490234375,2573.901627906762,2509.8148442632064,2528.5434905627553,203556
2017-10-05,2511.17822265625,2558.661813382771,2503.5583834000945,2546.6304882414724,131961
2017-10-06,2519.80078125,2530.3883086674796,2511.3387097037416,2522.648234154314,125550
2017-10-09,2506.886962890625,2528.1021603174804,2500.9114439225664,2516.9532107213,113070
2017-10-10,2514.30615234375,2520.883237232738,2491.005448087467,2520.883237232738,213575
2017-10-11,2521.685546875,2580.2379978562294,2491.2864759958793,2514.306373039097,432980
2017-10-12,2531.310302734375,2545.4271346697956,2500.109147239878,2542.5796821358385,311670
2017-10-13,2535.28125,2550.641164849312,2515.349274518064,2537.8077501834036,255125
2017-10-16,2586.57470703125,2597.964323127168,2542.700510791259,2546.6306656155475,255885
2017-10-17,2614.767822265625,2658.922824166249,2581.641534944876,2594.755757519703,920067
2017-10-18,2588.1787109375,2618.818446553534,2573.259789390828,2606.7469777962215,288969
2017-10-19,2581.080322265625,2599.287689743413,2565.1589850520436,2592.26941625796,60297
2017-10-23,2580.83984375,2589.9436260603024,2532.995345648323,2560.2663531695525,300953
2017-10-24,2574.744140625,2589.94367801624,2562.8731920660857,2575.1451848612987,166189
2017-10-25,2592.550048828125,2618.0163537396547,2582.363566027983,2618.0163537396547,123563
2017-10-26,2633.576904296875,2642.881207818746,2576.1073502919144,2593.8735295511915,185904
2017-10-27,2647.01171875,2682.905171447387,2627.4006982842766,2646.8914838296732,277293
2017-10-30,2632.61474609375,2666.061796242926,2626.8397482544306,2655.4742675671096,139317
2017-10-31,2612.482177734375,2643.6833378282213,2607.1481724386044,2622.869183237644,195420
2017-11-01,2598.56591796875,2642.0390704869396,2590.6253210641466,2622.829092293483,282258
2017-11-02,2599.64892578125,2629.2459109403108,2579.9576153801722,2628.443822498901,199530
2017-11-03,2580.679443359375,2609.995815360801,2575.506012023212,2589.141515668305,183308
2017-11-06,2574.58349609375,2602.375780468842,2565.8807587362694,2575.505819412992,154249
2017-11-07,2535.9228515625,2597.9644710573293,2523.410389324991,2597.9644710573293,281480
2017-11-08,2557.900146484375,2575.6261832913774,2536.8453251999335,2546.5504777081014,250148
2017-11-09,2566.6826171875,2580.2378314305843,2560.3060542248936,2565.038296971396,267945
2017-11-10,2609.474365234375,2626.839500703977,2551.804091985044,2566.682870916863,416184
2017-11-13,2585.130859375,2633.0154966935215,2578.794439475876,2621.2248366234876,246148
2017-11-14,2620.061767578125,2636.544722515782,2569.1693003772116,2598.525616815605,230037
2017-11-15,2577.070068359375,2632.4543154712264,2572.4982033196497,2614.8083694199263,165929
2017-11-16,2573.781494140625,2606.787354157394,2556.6969717012125,2586.735143740799,159508
2017-11-17,2572.177490234375,2603.940076176235,2561.2690087054248,2590.745759999537,247099
2017-11-20,2600.370361328125,2610.7975095999527,2566.6826515268353,2566.6826515268353,209888
2017-11-21,2647.092529296875,2652.506626584279,2607.589671311004,2610.557359548511,218921
2017-11-22,2657.479248046875,2685.391963534828,2652.586626299683,2660.4870795472502,304485
2017-11-23,2618.537841796875,2670.63364053345,2606.787324953339,2666.1418671215074,149829
2017-11-24,2637.50732421875,2669.269907357315,2630.0077193516977,2654.9126033298844,336075
2017-11-27,2623.951904296875,2638.0687384166786,2611.399299209517,2638.0687384166786,208372
2017-11-28,2638.188720703125,2653.1477853719257,2615.690299973879,2626.8392492984526,231860
2017-11-29,2659.64501953125,2671.7164898977508,2642.0793607622363,2647.6939799259694,287207
2017-11-30,2651.30322265625,2706.0858998807507,2635.5422638273694,2650.4609906665496,489763
2017-12-01,2580.23779296875,2678.4135191061396,2568.447134036269,2677.370765143982,438600
2017-12-04,2565.639892578125,2604.3807979392263,2552.8867665069297,2604.300510777583,177911
2017-12-05,2537.727294921875,2564.837920772359,2523.0090909452183,2564.837920772359,272147
2017-12-06,2494.1337890625,2530.5886642531195,2488.5992621290466,2530.5886642531195,212605
2017-12-07,2563.5146484375,2573.8213667974514,2495.0161821598285,2495.0161821598285,292357
2017-12-08,2576.8291015625,2598.726153041115,2566.6827620975246,2595.3172774977043,268936
2017-12-11,2575.3857421875,2596.6410858168356,2545.668326363898,2579.596706491425,175534
2017-12-12,2539.17138671875,2575.3857980109024,2531.391167857807,2574.984753782788,219008
2017-12-13,2527.621337890625,2563.474651962294,2512.140991847905,2534.59946814795,240391
2017-12-14,2536.84521484375,2543.4223005182084,2513.1033200230554,2534.5993281733013,168975
2017-12-15,2565.719970703125,2618.818174463462,2537.5665943883837,2557.0573783122563,679114
2017-12-18,2588.138916015625,2599.5285328850605,2437.466521773283,2550.5609936592996,315433
2017-12-19,2662.77294921875,2671.595921087717,2590.865610993257,2594.7558178280606,423748
2017-12-20,2647.85400390625,2678.975070839757,2622.066941957496,2662.0109806811934,261149
2017-12-21,2638.4296875,2662.933527649319,2629.245814347731,2646.8917594104673,130594
2017-12-22,2670.1123046875,2693.453156895929,2611.239090825599,2628.443848902183,307746
2017-12-26,2702.23583984375,2715.0692543398914,2656.8777013194776,2686.996160129582,301225
2017-12-27,2678.213134765625,2715.069055153385,2662.9333125876624,2715.069055153385,206665
2017-12-28,2643.00146484375,2682.143417216066,2630.8499041337836,2668.5480582478954,251949
2017-12-29,2673.841796875,2679.77717232493,2635.261268983405,2642.8811082941165,165478
2018-01-01,2638.26904296875,2683.0256110068703,2627.9621295855745,2678.9750257705023,174560
2018-01-02,2642.6806640625,2685.3918698782154,2630.84986057364,2654.1104233652973,297721
2018-01-03,2599.6083984375,2655.0727276443085,2591.988559368959,2654.9123491441765,372267
2018-01-04,2618.37744140625,2626.2379469003013,2581.9225627462993,2601.9747727707345,256909
2018-01-05,2630.72998046875,2642.079454136162,2602.0151737092297,2617.214711246599,113508
2018-01-08,2627.44091796875,2644.244629771675,2619.0189902762604,2634.9405223857643,120330
2018-01-09,2601.57373046875,2634.4593549328224,2591.5877690337666,2627.641603519539,324363
2018-01-10,2572.6181640625,2598.766323298707,2566.843166952974,2589.3417849348925,296961
2018-01-11,2561.38916015625,2582.965456805199,2550.7614882673765,2574.703906662958,324132
2018-01-12,2546.9111328125,2577.911766926537,2528.382814963963,2573.821038314054,193239
2018-01-15,2539.41162109375,2557.8596524535596,2530.1876054138456,2552.405412713147,109156
2018-01-16,2534.639404296875,2554.651470054811,2518.5976368240035,2547.4326746920187,175692
2018-01-17,2561.990234375,2579.9972731518064,2530.0672770759115,2532.9948210068487,224799
2018-01-18,2567.645263671875,2600.290221329045,2559.464001421586,2574.703680527512,282478
2018-01-19,2575.0244140625,2585.7323720866284,2545.3872880781223,2572.9391018025435,143928
2018-01-22,2626.4384765625,2633.2562279904373,2566.682890517636,2566.682890517636,223845
2018-01-23,2643.643310546875,2666.1419300779817,2624.4734754796546,2630.850039306793,324780
2018-01-24,2680.218505859375,2686.9559700242544,2628.483804567513,2642.8812520416286,402759
2018-01-25,2656.27587890625,2683.7072605824424,2642.881042981858,2682.1833710868996,246647
2018-01-29,2698.144775390625,2709.4141552592637,2641.717980532541,2660.5269121519023,365342
2018-01-30,2693.653564453125,2731.070910700516,2679.857682873482,2706.206169824493,425678
2018-01-31,2676.68896484375,2715.710679193861,2611.719810776061,2685.3917014644708,275934
2018-02-01,2737.487548828125,2744.1047780875456,2638.8708198173563,2678.9752395714195,439064
2018-02-02,2599.80908203125,2781.9232862476765,2540.173733182101,2742.340146719377,1269438
2018-02-05,2555.092529296875,2593.151581547321,2519.0386978796705,2566.6826665485387,585934
2018-02-06,2514.62744140625,2532.9550440003295,2410.275661397499,2410.275661397499,270751
2018-02-07,2514.98828125,2565.319327538806,2506.686588114854,2565.319327538806,223029
2018-02-08,2532.954833984375,2558.621660862813,2512.060393564177,2530.5887125459885,202895
2018-02-09,2485.872314453125,2520.562635530837,2471.1139671675014,2509.734442824499,175504
2018-02-12,2529.86669921875,2536.9249193605515,2472.036056428907,2513.744646608759,239055
2018-02-14,2494.294189453125,2534.5589845391733,2486.4738282192097,2530.5886864618087,286070
2018-02-15,2521.364990234375,2540.2943555903735,2484.5090658864365,2506.526354217408,148715
2018-02-16,2489.601806640625,2532.9948621843077,2482.9044868005144,2532.9948621843077,132450
2018-02-19,2430.809326171875,2500.510733897683,2414.2862258322457,2494.4950705442807,219206
2018-02-20,2446.249267578125,2462.8123139136737,2414.8875343154514,2431.9319119968272,236222
2018-02-21,2416.371826171875,2471.6757875430717,2408.751985633965,2471.154312539154,275688
2018-02-22,2385.651611328125,2418.136192127852,2378.9942383207444,2418.136192127852,369716
2018-02-23,2395.356689453125,2412.641733421275,2374.261921455017,2396.640109206008,377558
2018-02-26,2413.2431640625,2441.5569218010755,2406.9868358080007,2409.473388006055,203189
2018-02-27,2434.09765625,2452.78635534895,2423.9111726175693,2438.3487639832597,325597
2018-02-28,2422.7880859375,2451.70321355238,2398.2441047307157,2414.285871317543,519406
2018-03-01,2423.02880859375,2470.432312132777,2412.722089979733,2460.0854499336347,503301
2018-03-05,2360.9873046875,2423.0287237700577,2351.522622580604,2423.0287237700577,287300
2018-03-06,2325.41455078125,2387.055120017107,2312.62128051221,2382.1221590744094,258501
2018-03-07,2329.184326171875,2358.1397944944392,2306.0040507386097,2324.452083144519,185188
2018-03-08,2345.2255859375,2362.1497251152987,2318.9172499013666,2341.8568546960255,143854
2018-03-09,2354.449951171875,2379.715732983306,2340.613927798948,2353.3271058647483,205178
2018-03-12,2372.376953125,2378.9941823915983,2350.9210885333023,2370.973298432085,246428
2018-03-13,2383.606201171875,2409.4735520552917,2368.5269000970698,2373.3795740784312,287288
2018-03-14,2366.601806640625,2381.400297448511,2354.9313820508014,2376.5877673762,225181
2018-03-15,2365.157958984375,2383.726225462724,2355.3323769589206,2374.181452681221,181457
2018-03-16,2334.438232421875,2372.577576440901,2318.3163724688934,2358.139984697853,338593
2018-03-19,2285.5107421875,2342.7799711896405,2280.056501926959,2336.924686730859,231927
2018-03-20,2304.39990234375,2316.6317500676423,2270.1507678813236,2281.059052292495,227109
2018-03-21,2287.3955078125,2318.396143020012,2274.201194126397,2317.99509886042,231405
2018-03-22,2273.88037109375,2305.0014388188724,2263.493365931921,2287.4757297154397,325295
2018-03-23,2237.786376953125,2259.683428307782,2201.7325443978566,2257.798442336096,451122
2018-03-26,2284.869140625,2297.7828427494865,2191.3457466550876,2236.2225554011934,299008
2018-03-27,2244.484130859375,2297.1010152653844,2238.628846056701,2294.775037107926,304403
2018-03-28,2201.491943359375,2239.671428679296,2194.1529129915234,2225.7952605033975,680019
2018-04-02,2253.026123046875,2258.6407417248433,2204.94096367646,2209.753493971861,396178
2018-04-03,2239.430419921875,2269.82948661982,2233.8158021068843,2237.8262434033063,324121
2018-04-04,2218.576171875,2258.680585683297,2202.7349284207226,2251.4617911978034,308672
2018-04-05,2252.384521484375,2258.64085033371,2231.7307446401205,2237.826694969702,341534
2018-04-06,2234.93896484375,2265.137709589336,2226.7978461843913,2257.8386270639853,282872
2018-04-09,2223.75,2249.0157852201773,2219.6594665530115,2236.222514090625,270316
2018-04-10,2218.9375,2245.0455175844,2215.7291462771213,2237.826721707923,298049
2018-04-11,2210.194580078125,2229.8056009653105,2206.545038940852,2225.7951592369554,275482
2018-04-12,2216.33056640625,2229.8056903179668,2211.357657628286,2227.39942518453,349414
2018-04-13,2234.778076171875,2250.659461500884,2213.1618386123714,2221.343098987221,400416
2018-04-16,2276.567626953125,2279.094127175258,2226.6777658391034,2232.7735204054334,479220
2018-04-17,2297.34130859375,2306.244567203434,2277.9308105695623,2281.9412521374666,562666
2018-04-18,2295.6171875,2309.2125469708712,2282.5029635847477,2309.2125469708712,352687
2018-04-19,2292.32861328125,2297.983375936248,2278.8534883521233,2297.983375936248,283973
2018-04-20,2288.11767578125,2302.033988678962,2246.6898857830197,2289.000051402744,466032
2018-04-23,2287.676025390625,2310.014262472987,2261.888965338133,2288.1975002696536,235602
2018-04-24,2315.46875,2323.890677900711,2285.9518587644648,2290.8446761595346,261691
2018-04-25,2326.3369140625,2335.6410209883925,2297.622113328131,2314.0247801442342,319384
2018-04-26,2313.98486328125,2345.306454098439,2307.6082997404956,2345.306454098439,387123
2018-04-27,2363.874755859375,2374.1816701550406,2318.0354820094826,2318.0354820094826,365533
2018-04-30,2368.246337890625,2388.218261140993,2349.196737990676,2384.5687196798976,122656
2018-05-02,2378.953857421875,2441.075559787307,2366.2007312275673,2422.0259618359173,523589
2018-05-03,2386.373291015625,2402.2145364011644,2367.0430786968113,2402.2145364011644,382125
2018-05-04,2316.95263671875,2395.0360227554133,2314.0250923139206,2394.2339343352005,266727
2018-05-07,2338.32861328125,2360.506281693396,2318.5570145159163,2321.244089285474,235635
2018-05-08,2319.84033203125,2349.958792655756,2314.827279191698,2338.087844367221,132638
2018-05-09,2303.597900390625,2329.8261520836636,2298.0635687221143,2318.035491688338,155763
2018-05-10,2267.90478515625,2322.0056046155782,2261.929266177691,2311.6185997596153,222907
2018-05-11,2258.23974609375,2281.941497472746,2246.6496078809005,2281.941497472746,286976
2018-05-14,2271.474365234375,2285.9521010387625,2239.832014789735,2269.9103319086657,142564
2018-05-15,2264.81689453125,2307.608390175407,2252.0637669499474,2261.087261697766,256661
2018-05-16,2255.392333984375,2267.343568851624,2234.056899656061,2256.274709569108,262982
2018-05-17,2258.23974609375,2269.9904586444527,2235.4203702834952,2262.691375877194,162490
2018-05-18,2235.821044921875,2338.087298994535,2210.234507525962,2281.9411202879764,1811320
2018-05-21,2182.121337890625,2225.754862565018,2168.4456933730926,2225.754862565018,393470
2018-05-22,2252.665283203125,2266.701830276671,2185.7310450368873,2189.7013434732175,512096
2018-05-23,2225.75537109375,2271.634792628303,2218.5767184180813,2263.3332944183235,243631
2018-05-24,2191.947509765625,2257.5583887629386,2178.5926186387355,2221.785163043464,275197
2018-05-25,2212.56103515625,2226.276826264311,2184.0868945914335,2209.7135819352925,298273
2018-05-28,2237.94677734375,2255.4724864797986,2206.5450961258625,2215.3680681569003,160044
2018-05-29,2242.67919921875,2273.8803581087823,2215.0872421280965,2250.579652075129,261407
2018-05-30,2216.089599609375,2241.0346230987843,2211.357357152236,2241.0346230987843,345195
2018-05-31,2205.983642578125,2233.7759257582134,2192.9898503877243,2225.795185788056,447005
2018-06-01,2323.288818359375,2335.1997116792004,2228.7224938034087,2229.80539129718,1799352
2018-06-04,2308.8115234375,2344.1435576019467,2302.836003856235,2318.0355402933387,759197
2018-06-05,2283.98681640625,2313.74417795119,2277.931009944215,2308.8114127198673,367916
2018-06-06,2314.2255859375,2357.65859502854,2272.837745634938,2285.951969472966,654288
2018-06-07,2316.912841796875,2349.317137782159,2296.018397907501,2318.8377758034217,513700
2018-06-08,2305.242431640625,2326.4977763286497,2299.5876687006553,2316.431526755316,269022
2018-06-11,2310.89697265625,2337.2454591608366,2305.0416881588876,2315.348406628159,413241
2018-06-12,2315.82958984375,2336.0823206926734,2302.0337093804387,2314.8269794056846,539628
2018-06-13,2332.43310546875,2353.3275490823034,2319.278933012102,2332.4732490563524,362419
2018-06-14,2318.596923828125,2334.0772692802643,2310.134851952,2330.0668272368275,333925
2018-06-15,2307.728515625,2329.264667063675,2288.3581594809452,2320.802595448266,370164
2018-06-18,2322.28662109375,2340.253323214227,2297.94315943266,2310.01462921159,427791
2018-06-19,2285.791015625,2320.4411870658755,2276.7675232798597,2320.4411870658755,523480
2018-06-20,2301.712646484375,2309.212250531432,2290.0823659589473,2290.0823659589473,502478
2018-06-21,2269.990234375,2308.3700430208837,2264.0546633093736,2304.4398885790265,300367
2018-06-22,2271.6748046875,2275.404633367954,2250.6601270562246,2265.8998071752794,553549
2018-06-25,2246.89013671875,2277.7705382308477,2241.9973194489316,2277.7705382308477,339572
2018-06-26,2255.43212890625,2263.8941995339887,2234.257076369747,2249.8576544527327,249490
2018-06-27,2218.13525390625,2264.2553353944586,2212.320113196867,2264.2553353944586,289628
2018-06-28,2178.471923828125,2233.816019094745,2169.969709124893,2213.76381066481,417993
2018-06-29,2254.109130859375,2268.3060567601965,2181.800742143559,2181.800742143559,425210
2018-07-02,2274.041015625,2335.681592012382,2257.8790115092224,2257.8790115092224,1007694
2018-07-03,2295.897705078125,2311.6187156858477,2273.9205617520397,2280.2971252210527,510764
2018-07-04,2389.46142578125,2397.442165991692,2290.604033021639,2301.953505261041,845034
2018-07-05,2428.671142578125,2443.4464618226166,2384.263447250193,2402.5177103683013,752721
2018-07-06,2472.178466796875,2519.778523673176,2414.7962786764783,2441.809253997266,1511538
2018-07-09,2470.582275390625,2523.6669487868885,2452.942142454311,2510.2423975354277,643119
2018-07-10,2532.630126953125,2549.8202022631253,2480.282294728584,2495.8352200090603,959927
2018-07-11,2588.0068359375,2598.9346924310566,2502.4247785275925,2519.57388504665,1155857
2018-07-12,2534.880859375,2615.305843506687,2513.024949458309,2615.264874792104,932430
2018-07-13,2569.22021484375,2584.2001765612827,2503.2022243466236,2556.40959667577,852168
2018-07-16,2539.096923828125,2590.7898547348177,2530.17433648947,2567.869754914099,374574
2018-07-17,2532.834716796875,2558.8244729623884,2525.3038667908386,2543.3944541709952,563857
2018-07-18,2543.96728515625,2587.392726489125,2538.4009354926875,2540.8566603577237,658396
2018-07-19,2549.861083984375,2573.9271086582976,2537.582459181882,2543.96738404866,755100
2018-07-20,2324.425537109375,2581.62174965537,2305.475406870783,2562.139625631566,4976986
2018-07-23,2197.177978515625,2326.062770513097,2173.3165975064485,2324.7120018717374,2974676
2018-07-24,2168.11865234375,2230.6169352199813,2140.5736827890833,2202.785384468613,2843387
2018-07-25,2159.89208984375,2208.7609777114976,2149.5779648336106,2185.5952650821555,1114670
2018-07-26,2143.438720703125,2183.0986410231453,2132.387957774161,2165.9495340769404,1256232
2018-07-27,2199.30615234375,2207.6965452204686,2152.8520259287475,2158.5820503323603,958294
2018-07-30,2188.173583984375,2209.333826732164,2173.725815815955,2199.469958451412,546935
2018-07-31,2210.193359375,2222.4310150500864,2178.3916422593556,2192.143741548483,721932
2018-08-01,2194.517578125,2265.81553863294,2180.7656783753846,2224.0682147636194,1408788
2018-08-02,2192.635009765625,2209.7841155364067,2153.711729703088,2193.7809347925986,617961
2018-08-03,2202.3349609375,2210.152391774182,2190.0153678212782,2200.3294922551854,343254
2018-08-06,2200.24755859375,2223.2495949458103,2189.851696554463,2206.878095719405,352383
2018-08-07,2199.18408203125,2216.988091576961,2195.050237546549,2210.152909122731,272481
2018-08-08,2177.90087890625,2210.152656247333,2172.293559820874,2206.878356015856,391732
2018-08-09,2176.263671875,2199.388416655032,2161.89764001562,2181.502472169384,448329
2018-08-10,2152.6064453125,2191.4887543404857,2144.666308491001,2183.835198682361,417567
2018-08-13,2153.548095703125,2175.7723267769506,2133.2064272312764,2151.9517145922346,418212
2018-08-14,2166.27685546875,2174.749186874415,2155.962930113394,2161.03805527372,227189
2018-08-16,2183.549072265625,2192.1441107881324,2152.852506113812,2161.0382570876286,654766
2018-08-17,2178.514892578125,2192.1031191441266,2161.8568095816026,2186.4140622462937,331427
2018-08-20,2239.089111328125,2248.2980796879797,2180.8473826371364,2188.869457266757,580539
2018-08-21,2233.482177734375,2267.4530446487884,2225.3783641202735,2251.0815425213605,463379
2018-08-23,2198.323974609375,2242.895340214598,2189.8516440239846,2242.895340214598,442939
2018-08-24,2195.623046875,2207.6970295169635,2180.6840514027404,2196.9736158417372,551229
2018-08-27,2208.18798828125,2216.701088297342,2189.688113439952,2203.521950927954,270591
2018-08-28,2197.3828125,2214.245538685522,2186.495924073129,2210.9712384434733,358078
2018-08-29,2201.22998046875,2211.78951739671,2193.7808684763813,2201.9666179856217,296377
2018-08-30,2211.5029296875,2228.570297302773,2196.604905594203,2210.152360961428,582960
2018-08-31,2246.86572265625,2255.1741791668455,2214.9003281689934,2226.5240534787004,512215
2018-09-03,2269.008056640625,2298.313082825178,2251.081343336297,2263.359968845404,876984
2018-09-04,2239.253173828125,2279.7316728980663,2231.885997865438,2275.5978286384043,549748
2018-09-05,2269.335693359375,2275.6796501150548,2231.149046657051,2231.4356278688592,461142
2018-09-06,2278.176025390625,2298.558461725513,2269.089763498263,2277.275513005832,636038
2018-09-07,2393.145263671875,2400.062183268766,2317.42706723519,2327.986606042521,1417855
2018-09-10,2348.16455078125,2413.9779071720964,2333.0209118247617,2393.5135302038693,1050199
2018-09-11,2319.595947265625,2377.960384980057,2312.8017347676277,2353.4031348769927,595570
2018-09-12,2347.63232421875,2362.980606730136,2301.423801640623,2321.478890788834,448143
2018-09-14,2355.449951171875,2381.9717056092545,2345.6270495510016,2361.5892646849206,393663
2018-09-17,2341.65673828125,2357.414308676349,2324.7942114292405,2344.3990447565134,133182
2018-09-18,2270.5634765625,2348.491780079805,2261.108894919986,2332.938854383912,409367
2018-09-19,2283.906005859375,2316.526097107501,2271.545444403124,2274.001169207884,327618
2018-09-21,2291.35498046875,2327.2086035674083,2188.0508608285904,2296.921330147783,466306
2018-09-24,2258.694091796875,2303.2244929289805,2251.0813041442852,2292.010055128727,485510
2018-09-25,2282.76025390625,2293.524635967132,2232.336149587381,2232.336149587381,348703
2018-09-26,2270.154296875,2299.1727433322617,2245.842657101907,2289.1451986572924,494874
2018-09-27,2278.54443359375,2313.292901647961,2257.9571528656143,2270.235777608969,565518
2018-09-28,2199.879150390625,2298.5174292194,2157.763510312465,2290.372648654885,892679
2018-10-01,2234.791259765625,2246.987944992573,2144.3387395755776,2199.5106040783403,610220
2018-10-03,2235.85595703125,2267.371098505715,2211.789928935179,2238.8029073418634,504580
2018-10-04,2174.95361328125,2226.114546977177,2149.782433902854,2199.510861455295,638156
2018-10-05,2081.67724609375,2156.9451792679824,2062.8090518995505,2156.9451792679824,947343
2018-10-08,2115.27978515625,2131.6512855255646,2047.460764937398,2067.761465364831,667297
2018-10-09,2086.4248046875,2120.150052067076,2071.240199661589,2120.1090833508138,309578
2018-10-10,2113.39697265625,2151.9517352056023,2092.277697709884,2095.5519977063,699121
2018-10-11,2067.55712890625,2092.1961207156523,2050.899044865655,2079.1808559265864,386992
2018-10-12,2147.163330078125,2168.3643439855605,2071.076818965626,2086.957095035161,510424
2018-10-15,2145.034912109375,2167.0954693497306,2108.7312291882763,2164.3123941676063,176677
2018-10-16,2136.89013671875,2167.5867006440335,2132.387974009708,2159.400950263958,257469
2018-10-17,2085.5654296875,2168.9371737176584,2077.5433546998697,2159.4008548850497,285116
2018-10-19,2054.828125,2081.513752942161,2030.0662284633006,2075.2925023030575,470172
2018-10-22,2093.014404296875,2107.585079730944,2043.7362276951212,2071.076753475322,321452
2018-10-23,2117.24462890625,2127.2312057829445,2067.7208322509905,2079.180884369563,342563
2018-10-24,2026.095947265625,2144.5846852968007,2010.9115400245428,2140.5737475062174,1669762
2018-10-25,2028.060546875,2045.3733283196802,1980.9515152918616,2009.601640513025,913688
2018-10-26,2057.69287109375,2073.9416645050997,2002.8073783120014,2032.5216902738066,498124
2018-10-29,2086.629638671875,2094.2014575170674,2025.3592192126243,2073.4505010672233,388894
2018-10-30,2092.482421875,2114.3793039425427,2073.3686149724012,2090.6406280562346,270336
2018-10-31,2123.13818359375,2139.7552979890897,2035.1003921710394,2087.3664919174366,552796
2018-11-01,2127.35400390625,2143.8482124286866,2102.1418505565393,2139.018699220152,356883
2018-11-02,2175.567626953125,2210.15241944255,2144.6664218294377,2144.6664218294377,769311
2018-11-05,2187.682373046875,2199.8790590291765,2146.753628344673,2185.5949670975856,222067
2018-11-06,2189.36083984375,2208.515415472633,2176.550020805519,2188.2147149013254,278587
2018-11-07,2204.0537109375,2206.0591793128556,2194.7218379143583,2205.240604478231,38824
2018-11-09,2204.46337890625,2246.9883089364957,2188.4601981572755,2193.780935500841,344335
2018-11-12,2171.1064453125,2231.435380976914,2161.815539410923,2210.1524316352416,272808
2018-11-13,2181.911865234375,2188.378528396266,2138.936673741295,2168.405376479407,305897
2018-11-14,2190.916015625,2222.349216089546,2170.860927867551,2189.688153109238,302299
2018-11-15,2184.65380859375,2209.3337630961955,2178.309852808646,2194.5994141759543,240745
2018-11-16,2206.346435546875,2214.98224281667,2189.8110589500316,2193.78122805171,317881
2018-11-19,2193.494384765625,2216.701065594397,2185.5952160771935,2213.4267656452175,209883
2018-11-20,2182.73046875,2193.4946512014494,2173.3168552526718,2193.4946512014494,146989
2018-11-21,2132.101318359375,2188.0510001925268,2121.0097868596004,2188.0510001925268,381149
2018-11-22,2120.395751953125,2147.9407197348482,2112.5783210257673,2128.2949204689808,373650
2018-11-26,2168.81494140625,2179.7837688893637,2108.649665620872,2133.206921043475,376778
2018-11-27,2128.00830078125,2164.2712112394133,2104.474270836563,2162.6750300474278,437591
2018-11-28,2131.487548828125,2148.759562776462,2115.1979848435726,2138.1180868465217,285713
2018-11-29,2229.79833984375,2240.4398150339,2129.9731567794793,2155.3080135126997,763933
2018-11-30,2247.561279296875,2267.2070787878583,2211.789592693191,2227.34251729022,690175
2018-12-03,2239.620849609375,2263.3185521823666,2221.6122024268434,2259.266646535773,386060
2018-12-04,2262.418701171875,2283.8243584998495,2231.640199770686,2242.977543998265,395469
2018-12-05,2262.623291015625,2271.1363912782417,2235.6103153759846,2258.4484784778047,178352
2018-12-06,2224.968994140625,2291.518987945251,2214.941449459057,2242.8957083670684,468440
2018-12-07,2280.713134765625,2286.279483538558,2223.494834504306,2228.1606710318492,417465
2018-12-10,2230.69873046875,2267.411697961232,2212.4444686700463,2220.7938933937526,274974
2018-12-11,2242.568359375,2259.26721099556,2197.874080261985,2218.3384571731767,370479
2018-12-12,2331.629150390625,2339.4875510047705,2241.790536421845,2244.532842846424,552031
2018-12-13,2321.560791015625,2362.121025070849,2309.7731903274002,2341.124654870855,466453
2018-12-14,2310.96044921875,2322.58437670171,2279.895560976302,2321.479220265069,465457
2018-12-17,2325.53076171875,2335.3946310975325,2313.37504206471,2319.0231300032633,225455
2018-12-18,2325.489501953125,2352.420737791112,2310.0594840113536,2324.752864435046,443162
2018-12-19,2343.580322265625,2359.133247911118,2328.886940375288,2336.1312095174994,393269
2018-12-20,2363.389404296875,2373.867202955258,2318.2041099204453,2337.0313325645734,288162
2018-12-21,2298.927001953125,2377.9604610319498,2292.8286579519763,2371.4118607950286,386367
2018-12-24,2230.330078125,2318.7771382911315,2223.126778699531,2312.8834388305695,348337
2018-12-26,2238.475341796875,2250.917642199014,2185.59531527851,2221.3670038774426,410582
2018-12-27,2240.439453125,2262.5409749497626,2207.3691078150496,2262.4590375225694,558049
2018-12-28,2224.4775390625,2259.2260074769015,2219.770732862092,2254.2735888095986,358369
2018-12-31,2226.64697265625,2261.72299554091,2218.338515351381,2241.2586180930184,406069
2019-01-01,2231.96728515625,2245.6784154316224,2214.2452176049514,2238.80246585935,304150
2019-01-02,2203.603515625,2248.8297764861745,2191.324892766763,2226.523611627043,599274
2019-01-03,2211.2578125,2229.6757513019406,2195.500242636117,2202.0488430990295,310511
2019-01-04,2238.1474609375,2244.5323851535854,2211.8713264464327,2221.612287858071,362393
2019-01-07,2176.22265625,2242.8955515633015,2165.130924775523,2242.813614122453,462215
2019-01-08,2205.936767578125,2210.152348600385,2157.3542647171535,2183.1393754508244,486654
2019-01-09,2207.61474609375,2218.3381580884156,2187.641596860255,2212.1988458427836,285560
2019-01-10,2230.862548828125,2233.8912364419452,2193.7810603387366,2210.1525607890258,277585
2019-01-11,2227.3017578125,2241.8314650510124,2210.8485191015693,2233.0727519246057,259834
2019-01-14,2209.456787109375,2248.789358602367,2190.8751732685873,2224.887006886391,170937
2019-01-15,2231.31298828125,2238.6391953648526,2214.2456177213926,2214.2456177213926,169721
2019-01-16,2224.436279296875,2239.620883369607,2215.063636841431,2239.620883369607,218357
2019-01-17,2234.423095703125,2242.731751589722,2210.8073276342548,2228.1610770969764,230784
2019-01-18,2227.1376953125,2248.2159993295163,2207.4099599634433,2243.713837306464,269686
2019-01-21,2197.546630859375,2230.4123387545174,2185.595355344366,2230.4123387545174,303893
2019-01-22,2200.616455078125,2206.0598995666523,2169.305957431214,2197.874148547852,273441
2019-01-23,2188.95166015625,2209.3340993255433,2181.58448457495,2209.3340993255433,205104
2019-01-24,2170.574462890625,2197.055445837359,2156.9452681749035,2197.055445837359,183566
2019-01-25,2149.864501953125,2187.2323702559975,2139.7959896205634,2146.5492332787267,304062
2019-01-28,2100.094970703125,2156.126385200999,2083.273215769378,2152.811116734912,332409
2019-01-29,2101.81396484375,2125.961926723714,2064.8144157632523,2098.0076711304473,424856
2019-01-30,2046.1917724609375,2171.9659340463527,2034.158760607108,2104.5562066482394,2450943
2019-01-31,2091.091064453125,2103.738009795443,2014.595261225965,2047.3790341465788,1102133
2019-02-01,2130.5458984375,2185.5950624639804,2081.636046384233,2095.551820190183,1028186
2019-02-04,2163.084228515625,2187.559538712001,2100.012990889712,2136.4805435859153,817279
2019-02-05,2218.870361328125,2226.524117922452,2165.130989670914,2166.768139757622,469089
2019-02-06,2267.57568359375,2279.731603501122,2221.7354789991136,2222.431347757826,495030
2019-02-07,2335.885986328125,2350.9476882357862,2269.2128845258007,2279.73165450441,983573
2019-02-08,2334.084716796875,2356.759404580251,2317.549541470691,2334.5759417446234,1004870
2019-02-11,2335.885986328125,2349.310538035065,2307.604176641177,2332.939036027852,712787
2019-02-12,2318.4912109375,2336.2132815046857,2307.9724412061883,2329.3373307622855,280913
2019-02-14,2310.919189453125,2353.403152510789,2301.218995650767,2308.3815269844954,372416
2019-02-15,2313.251953125,2332.9387216048667,2296.1438157721946,2312.5970531634885,867192
2019-02-18,2286.689697265625,2320.6605662244665,2265.652355735302,2316.5676904462925,296237
2019-02-19,2282.064453125,2312.4744352280586,2273.5921217153746,2292.8286347163867,185862
2019-02-20,2271.30029296875,2290.3731327931628,2240.6446954031753,2282.187381782465,428139
2019-02-21,2303.42919921875,2316.485431167762,2252.472902859729,2267.452866096203,281964
2019-02-22,2305.80322265625,2330.48318061526,2293.5245968363593,2312.474529412754,431535
2019-02-25,2330.933349609375,2336.7860810921297,2305.8439052148,2305.9258426561687,322524
2019-02-26,2340.551513671875,2349.310226113338,2301.832876596065,2319.8415264129617,369292
2019-02-27,2385.900390625,2407.428951994499,2349.3101299640302,2349.3101299640302,861033
2019-02-28,2374.358642578125,2401.5352916659494,2344.3987186783984,2398.424666804367,1246854
2019-03-01,2343.989501953125,2409.0662141603098,2338.0138645105303,2385.3275392671226,1008494
2019-03-05,2376.93701171875,2388.110479850375,2304.1248098656274,2320.700952607704,632301
2019-03-06,2396.460205078125,2408.2476049185043,2354.426299676019,2370.3065744397813,748391
2019-03-07,2390.15673828125,2395.9686999316887,2373.867177930269,2395.9686999316887,392086
2019-03-08,2419.462158203125,2426.7475958243804,2373.9085380614665,2382.0533195798935,754427
2019-03-11,2456.175048828125,2465.547691817247,2404.0726345690346,2431.167544720194,1147194
2019-03-12,2452.5322265625,2472.750985705738,2440.458247335272,2465.5474869430686,503545
2019-03-13,2463.910888671875,2494.361840416209,2447.539387750467,2457.3622883033117,565499
2019-03-14,2469.518310546875,2476.1896175112797,2431.167988101984,2465.5481414690826,985558
2019-03-15,2475.20703125,2482.082981050689,2439.353407638054,2457.4439943920493,538508
2019-03-18,2459.940673828125,2494.8530187996075,2449.258429554301,2477.7446807477245,341148
2019-03-19,2435.01513671875,2462.2737255784477,2410.703497948314,2462.2737255784477,545621
2019-03-20,2414.509521484375,2431.003926636379,2390.279822871251,2431.003926636379,834351
2019-03-22,2414.591552734375,2454.783664282545,2398.4656655612625,2422.981946298415,622630
2019-03-25,2421.3037109375,2427.5659291553893,2386.350600865996,2402.3537809596264,319510
2019-03-26,2417.088134765625,2429.530433945733,2405.7917605682305,2423.8413780540527,322020
2019-03-27,2439.435546875,2451.6322349831935,2414.7963583306914,2427.0749838815254,402423
2019-03-28,2413.813720703125,2472.4645327285502,2386.145848934679,2446.7203919265025,1800550
2019-04-01,2386.67822265625,2414.7963550686445,2375.0954658412447,2413.1182362761465,679984
2019-04-02,2335.47607421875,2405.259582862805,2326.389813095644,2388.6015040862385,938624
2019-04-03,2330.72900390625,2355.122582710886,2317.3861893390126,2341.1248680712033,484790
2019-04-04,2340.387939453125,2360.811346405707,2332.9388267690356,2342.7617270922733,662281
2019-04-05,2342.47509765625,2357.4960290301824,2334.7805725004646,2349.0236977368895,272382
2019-04-08,2335.680908203125,2354.2215508394484,2326.3900026028205,2354.2215508394484,213351
2019-04-09,2394.168212890625,2398.3020566324176,2323.1158625376784,2341.12451263487,492843
2019-04-10,2408.984375,2416.4334877093456,2382.3399176608154,2388.5609679781737,530788
2019-04-11,2450.568115234375,2455.725178077824,2405.792099456908,2407.3473121307197,400118
2019-04-12,2462.396484375,2476.9671603981355,2435.465444866493,2449.0129020656364,438822
2019-04-15,2484.416015625,2493.3793716237656,2449.176323013233,2466.3663974728847,271376
2019-04-16,2511.756103515625,2517.0358716334486,2482.0827634900957,2492.5605621444497,371767
2019-04-18,2512.6162109375,2529.3150626496513,2489.4504961774837,2512.2069233970315,365773
2019-04-22,2497.635986328125,2520.3924111727624,2489.6958488411683,2501.155898778297,186563
2019-04-23,2487.772216796875,2513.0253363535976,2464.4837972161113,2496.6538357910335,360759
2019-04-24,2517.77294921875,2523.5439427646043,2476.3529755259633,2484.37505025409,524013
2019-04-25,2527.800537109375,2545.7682181652067,2478.317718947639,2516.2585498147423,509586
2019-04-26,2492.274658203125,2533.4899954181283,2480.2826126387495,2521.211368622887,268298
2019-04-30,2442.7099609375,2496.6539784342044,2408.9845079738216,2492.5611030597224,654107
2019-05-02,2480.732421875,2488.467915392512,2421.917730185725,2446.7205918119143,670855
2019-05-03,2504.634765625,2509.750859189885,2472.0964105523326,2478.645010315385,446730
2019-05-06,2477.171875,2499.928302265816,2466.366723879143,2499.928302265816,259117
2019-05-07,2482.779052734375,2499.1095847319402,2473.1607960620527,2477.0080587614975,244684
2019-05-08,2421.140380859375,2482.7381540517235,2416.269899227605,2481.919578992689,427476
2019-05-09,2441.72705078125,2450.404024878789,2400.307279706266,2414.7960158317783,348293
2019-05-10,2428.05712890625,2462.2736039303495,2418.357135049214,2439.762791394417,241374
2019-05-13,2433.4189453125,2454.9065400696954,2412.5452818340814,2431.454445159382,233316
2019-05-14,2404.318603515625,2430.3493301468375,2374.686226593458,2422.9821546765374,309971
2019-05-15,2385.69580078125,2414.345924964638,2374.97258849534,2404.359350218767,320831
2019-05-16,2408.779541015625,2421.7130654331654,2380.415998415013,2396.787497716354,218733
2019-05-17,2488.509033203125,2578.4703480952885,2402.6403935696017,2414.7963125735573,1993105
2019-05-20,2460.882080078125,2527.718649367404,2415.6148422847364,2527.718649367404,1022048
2019-05-21,2438.780517578125,2491.6603422383755,2430.390123896559,2467.1850298769677,447168
2019-05-22,2494.361572265625,2499.927921949991,2433.746056650959,2439.3943437700927,493470
2019-05-23,2508.932373046875,2525.3038730341304,2479.2180606005245,2517.1181230405027,576440
2019-05-24,2519.491943359375,2536.682018569507,2459.8179050688827,2508.93240566926,529984
2019-05-27,2510.4873046875,2529.3964649958425,2481.1005454376696,2525.385527886747,341393
2019-05-28,2445.90234375,2544.417934756681,2424.946741722674,2510.569775194528,921394
2019-05-29,2394.741455078125,2447.539549028745,2390.239292028072,2447.539549028745,531761
2019-05-30,2410.703369140625,2439.353494070989,2390.770988000107,2408.2476441465938,938395
2019-05-31,2395.068603515625,2438.330373847489,2386.391828094565,2417.252066797024,376941
2019-06-03,2484.048095703125,2519.5332066268566,2377.6333319618284,2410.7036862932255,1302391
2019-06-04,2442.5458984375,2479.7093238918087,2431.4951357751847,2477.1716614155703,450220
2019-06-06,2448.889892578125,2478.563237221965,2422.982072986677,2457.362224022299,481570
2019-06-07,2424.1279296875,2461.1684485081923,2417.6202983945627,2455.6840359672074,212676
2019-06-10,2447.375244140625,2454.906093153145,2425.9286220091976,2436.0788706981525,155660
2019-06-11,2445.206298828125,2476.189443372597,2440.172142378087,2458.8356928629073,355284
2019-06-12,2410.294189453125,2453.3103474921495,2399.4890389655598,2448.3579285631845,273834
2019-06-13,2392.408203125,2418.8891849704964,2374.890777629663,2415.614884889318,224615
2019-06-14,2351.3974609375,2402.517425472539,2345.2171802312855,2395.9688260163957,353978
2019-06-17,2321.642333984375,2349.3102084646953,2314.7663840449054,2345.2583022558147,314402
2019-06-18,2337.523193359375,2359.174465320819,2322.297616183524,2322.297616183524,308511
2019-06-19,2310.755126953125,2360.770135915821,2294.4655655242877,2349.310086712346,294638
2019-06-20,2371.6572265625,2379.515426120907,2297.044000466247,2323.033754952951,301774
2019-06-21,2353.853271484375,2382.7897764769264,2328.1091289040323,2369.6925770875096,529699
2019-06-24,2305.84375,2355.122123006656,2292.992162957503,2337.0315362546544,434882
2019-06-25,2327.781982421875,2336.1723772347987,2280.5502389078792,2303.470341811476,424591
2019-06-26,2348.24609375,2358.6011875461163,2303.470080624194,2324.7120621871195,265442
2019-06-27,2345.913330078125,2381.971400278048,2333.757410941514,2347.0592551813593,621516
2019-06-28,2314.152587890625,2348.4917705685266,2306.171481315845,2345.2174704352838,303973
2019-07-01,2383.649658203125,2390.361933872649,2321.6425960500746,2323.44342125203,628760
2019-07-02,2360.402099609375,2396.7467514933364,2344.398917587226,2389.420544845361,334846
2019-07-03,2372.026123046875,2382.0536685588495,2350.947813093133,2373.867917120503,274468
2019-07-04,2369.61083984375,2381.2345643340645,2355.040165551428,2373.867389676448,249409
2019-07-05,2326.840576171875,2388.6020244634474,2314.0707253002,2372.230523267673,324849
2019-07-08,2273.837890625,2314.562000737359,2248.298388172263,2314.562000737359,363327
2019-07-09,2280.877197265625,2289.144884331979,2255.17402336299,2270.726947662045,253454
2019-07-10,2243.222900390625,2287.057632593596,2226.9743061845143,2283.8243012405346,378373
2019-07-11,2269.418212890625,2280.130557345948,2226.359814710794,2276.3645131146923,653802
2019-07-12,2278.498291015625,2303.0611419743045,2254.0608931167344,2276.364158752606,298498
2019-07-15,2271.343017578125,2304.818964778982,2264.396717669754,2283.0595990984248,299859
2019-07-16,2286.783447265625,2297.286565139833,2241.214361181957,2267.995115311092,315367
2019-07-17,2257.03173828125,2289.5453304131934,2252.3871145374974,2280.5486705203148,267305
2019-07-18,2201.712890625,2269.543563416023,2193.595015021697,2259.6262332196243,365949
2019-07-19,2140.995849609375,2221.9239035980054,2134.0914361395116,2209.4123103562006,456542
2019-07-22,2144.887451171875,2184.263573203087,2104.3397527684333,2142.460526834703,407638
2019-07-23,2112.20654296875,2150.829330343626,2104.967247727364,2149.992431771508,602971
2019-07-24,2111.16064453125,2128.2332954918284,2077.1824771571837,2112.2067678577796,481139
2019-07-25,2131.580810546875,2149.071910184975,2103.1262571277175,2114.382502836693,549808
2019-07-26,2191.544677734375,2242.8466084101387,2097.477346496687,2131.580968190349,2105536
2019-07-29,2081.91064453125,2167.5672948414895,2051.2383936897645,2167.5672948414895,1009207
2019-07-30,2061.992919921875,2104.8002062043633,2046.5938614270428,2083.8777389458705,784779
2019-07-31,2106.055419921875,2122.3749433426883,2043.8738103312003,2061.281342844259,651778
2019-08-01,2123.755859375,2136.2676581319515,2070.1526622313477,2079.7351112793303,625372
2019-08-02,2176.396728515625,2191.000568445697,2073.9602157100094,2106.5575801373425,1021098
2019-08-05,2192.46533203125,2211.630230206867,2130.325604613244,2146.6451289856495,906097
2019-08-06,2184.1376953125,2216.944074884508,2169.993988399244,2175.9360493392683,765470
2019-08-07,2180.204345703125,2205.645978160328,2163.3826042665332,2205.645978160328,459833
2019-08-08,2262.7646484375,2277.6614847680567,2177.652099474194,2185.9791998959777,592914
2019-08-09,2265.98681640625,2294.3575982860743,2247.0728256057305,2268.455626505015,673080
2019-08-13,2234.9794921875,2295.4872989915407,2211.5882182796418,2259.5842281442106,706218
2019-08-14,2271.259033203125,2307.3294446612467,2236.1930635237036,2236.1930635237036,522580
2019-08-16,2302.266357421875,2309.8403312563105,2227.2803591156985,2269.711080858279,600082
2019-08-19,2280.967041015625,2320.7197228898654,2271.1753686602633,2313.8153097222344,461203
2019-08-20,2295.571044921875,2317.1211845376138,2275.1508001794205,2284.733248581257,537366
2019-08-21,2313.857177734375,2319.4643572177824,2288.9175598017805,2298.081558162394,429633
2019-08-22,2296.658935546875,2322.3935669645907,2285.821139765229,2311.5138853896215,428855
2019-08-23,2300.759765625,2314.0246905160134,2271.4683138463165,2296.4079336535005,332505
2019-08-26,2290.423583984375,2338.879919658332,2247.9091043630683,2338.879919658332,577286
2019-08-27,2315.280029296875,2341.977013512673,2297.370480579945,2304.818796560128,514940
2019-08-28,2315.4892578125,2354.9908318281323,2301.9315410272598,2309.840192125237,479960
2019-08-29,2307.998779296875,2332.2269505864447,2291.7628254164824,2311.513712216654,438739
2019-08-30,2333.524169921875,2340.7213745573417,2281.5108046291307,2314.945063755583,391007
2019-09-03,2313.35498046875,2347.5842544875914,2307.831572513308,2322.64463630059,493182
2019-09-04,2289.50341796875,2333.6498183245776,2280.5486439740316,2321.8913523419174,340167
2019-09-05,2309.170654296875,2322.7702570064894,2293.144127293619,2293.144127293619,383992
2019-09-06,2376.247802734375,2397.5468283817527,2297.704797936849,2320.635734771027,1005180
2019-09-09,2358.212890625,2375.578536388552,2340.805359067708,2350.8481421598826,471251
2019-09-11,2434.03564453125,2444.1203128543243,2353.3587065885235,2375.871195701982,1253636
2019-09-12,2387.001953125,2436.5463053763597,2382.3990111970356,2436.211627691789,314580
2019-09-13,2408.761962890625,2417.800510335516,2389.3459525814806,2393.5304463688385,355911
2019-09-16,2405.622802734375,2416.711707630157,2385.1606756965307,2392.6927620408355,305963
2019-09-17,2320.84521484375,2406.794862445955,2311.9742124904365,2405.9160780729762,439334
2019-09-18,2324.109130859375,2359.216983740457,2301.5547560755285,2341.6421144043275,524048
2019-09-19,2292.1396484375,2323.2303474759615,2277.577491246208,2320.71965185549,228796
2019-09-20,2451.4853515625,2527.5176750556534,2280.548803621341,2284.7332968389946,1423536
2019-09-23,2506.636474609375,2533.4172267596205,2451.275720252159,2473.9557514577677,807027
2019-09-24,2475.67138671875,2514.8801658751618,2451.4432143376507,2511.5325716443795,479273
2019-09-25,2461.319091796875,2481.404660720073,2435.3752319377445,2460.482193091742,439376
2019-09-26,2485.840087890625,2504.837646281559,2456.2975248367443,2462.1558153559463,647497
2019-09-27,2475.127685546875,2501.9503273651744,2457.259818159516,2480.567526614011,326785
2019-09-30,2461.988525390625,2489.731634314919,2429.0983671010845,2477.303811773491,384245
2019-10-01,2435.375,2492.03299607739,2417.005116036012,2464.6664518900343,546876
2019-10-03,2425.248291015625,2460.2306922030466,2412.3601347301783,2439.5593383307787,292132
2019-10-04,2396.5009765625,2456.297339412458,2389.345452818592,2439.5593677639918,342652
2019-10-07,2420.561767578125,2427.0477314760724,2389.3035243544805,2393.4461313993042,276023
2019-10-09,2420.185302734375,2439.559423632788,2408.384950723587,2417.8000599914662,355878
2019-10-10,2415.4990234375,2453.787141349069,2397.7149249539843,2411.1053049886314,313632
2019-10-11,2426.001708984375,2447.9284114983934,2413.2390053004942,2425.332149238408,198610
2019-10-14,2475.587890625,2489.773280721561,2416.9631041088637,2417.883774277171,367105
2019-10-15,2520.69677734375,2535.7190668259573,2471.738207691145,2480.5675290653353,636441
2019-10-16,2530.5302734375,2552.5407476337446,2523.4585210828354,2539.9872685470214,572575
2019-10-17,2604.010009765625,2627.8616200109473,2506.511322271588,2518.2279027429745,707480
2019-10-18,2583.547607421875,2611.0814868991047,2573.4629394291946,2610.2864741722465,398223
2019-10-22,2613.04833984375,2639.9126602570664,2585.723480050511,2586.0583620574735,379635
2019-10-23,2646.8173828125,2709.333874222469,2590.2012719567547,2613.132212797553,2111842
2019-10-24,2651.169189453125,2678.9122950350948,2630.7487419624504,2648.7839468247657,656713
2019-10-25,2619.19970703125,2667.3213780978804,2602.754730734253,2667.3213780978804,369730
2019-10-27,2630.665283203125,2655.7303552866406,2623.802551259851,2643.7626645008427,72198
2019-10-29,2661.965576171875,2676.9459813769054,2625.6442538270558,2632.0464472406024,383452
2019-10-30,2697.240478515625,2702.680319541281,2655.56309072967,2677.573360961331,572787
2019-10-31,2717.702392578125,2724.1045842967214,2688.954847725151,2702.9310116406155,446046
2019-11-01,2705.400146484375,2752.559463781029,2669.706503332771,2719.9204187559576,748062
2019-11-04,2688.159912109375,2718.455597444681,2662.4252828100834,2708.2035906506544,330025
2019-11-05,2716.823974609375,2724.690739745797,2670.668894081296,2698.9979935089864,305513
2019-11-06,2718.497802734375,2737.9138096722318,2690.4198134323115,2714.8990978379093,348652
2019-11-07,2733.185302734375,2742.516640150851,2697.2822311450227,2714.8989870763994,326912
2019-11-08,2716.1962890625,2752.3921534721,2707.827303071841,2726.4482969010573,483871
2019-11-11,2709.33349609375,2723.267774675257,2695.650123610634,2709.8773984015006,278347
2019-11-13,2683.0966796875,2715.735722266356,2670.3758629312088,2703.1822443514116,305804
2019-11-14,2705.944091796875,2715.3592003772706,2670.6270142528224,2682.2598222371157,310906
2019-11-15,2690.922119140625,2721.9709360376846,2678.075643310736,2711.5515888521204,311463
2019-11-18,2642.0048828125,2698.9977543299797,2633.5104444768567,2698.9977543299797,441118
2019-11-19,2645.478271484375,2654.223820696263,2612.8811129740966,2641.2518928322265,285669
2019-11-20,2646.60791015625,2652.0477507669416,2619.910927964463,2632.506292088789,238889
2019-11-21,2668.325439453125,2685.6073119132902,2631.2089088985304,2638.2387746366835,347577
2019-11-22,2638.197509765625,2666.359067275732,2622.4218886718477,2661.337675435288,285777
2019-11-25,2674.43505859375,2683.3481517070104,2598.737617430142,2638.1975109194627,332892
2019-11-26,2659.789306640625,2701.508785191119,2651.922541225018,2677.991851894004,628851
2019-11-27,2688.159912109375,2692.51174351694,2661.337273877961,2668.157915037045,308282
2019-11-28,2675.0625,2692.0934675806384,2663.680802072133,2686.444402248807,194094
2019-11-29,2657.989990234375,2674.72796246507,2633.8037020894008,2666.3589763497225,203765
2019-12-02,2643.971923828125,2692.6374960905996,2629.5773086537474,2647.1940651930445,474666
2019-12-03,2728.080078125,2736.6582883560854,2650.457736765665,2650.457736765665,864612
2019-12-04,2720.8828125,2743.3536217278893,2701.5086915612037,2728.080222217049,458892
2019-12-05,2714.14599609375,2750.383542880897,2699.709494899583,2711.551528643519,692533
2019-12-06,2683.1806640625,2726.6156193645143,2672.300982340051,2714.145912041778,275871
2019-12-09,2699.458251953125,2711.42594249522,2680.0003599942906,2698.0772467054167,217098
2019-12-10,2705.27490234375,2711.5516422563805,2687.49080592463,2703.1826557062063,278890
2019-12-11,2735.5283203125,2740.7172546968923,2694.8551740206003,2711.676712016058,327568
2019-12-12,2729.502685546875,2747.7890002612144,2725.4438502455237,2741.930710517426,263581
2019-12-13,2705.609375,2740.759115846482,2695.022689544854,2740.759115846482,360095
2019-12-16,2695.14794921875,2745.0271834264568,2689.0804348651395,2706.94830024173,376835
2019-12-17,2677.322509765625,2704.605282723054,2673.388922717295,2698.998102722674,336920
2019-12-18,2689.4990234375,2694.81341111637,2671.5475898704935,2677.280426836804,315871
2019-12-19,2693.474365234375,2704.8562678920025,2663.0113380050593,2683.096904350792,409369
2019-12-20,2681.213623046875,2711.38385544,2676.066778897216,2704.856006145142,304173
2019-12-23,2694.394775390625,2698.9977172339695,2665.103327296613,2682.259746894534,242195
2019-12-24,2700.46240234375,2707.366815396926,2686.444351599423,2694.813337118424,172853
2019-12-26,2703.22412109375,2710.7143220270764,2681.4228736569166,2699.8346412038745,241386
2019-12-27,2713.183349609375,2726.615612875853,2695.2319156742433,2695.8595896182755,211224
2019-12-30,2721.552001953125,2728.289075657506,2702.3871082727333,2711.5511058681964,332557
2019-12-31,2665.52197265625,2720.7572788400216,2657.613321953216,2720.7572788400216,526252
2020-01-01,2636.314453125,2672.844996555014,2629.6192640925333,2663.8483362926368,320021
2020-01-02,2611.96044921875,2655.060725775868,2604.4702478463128,2640.373114939303,452413
2020-01-03,2570.994140625,2618.0277966103313,2565.0939651916137,2615.7263256790825,424311
2020-01-06,2542.204833984375,2570.6177036082113,2534.1707303853614,2569.2785841812397,355754
2020-01-07,2542.455810546875,2570.9522459338623,2535.886279776612,2548.774435218613,225535
2020-01-08,2560.282470703125,2572.1245061473887,2510.696220351189,2510.696220351189,393614
2020-01-09,2582.418212890625,2602.7548916542387,2565.9732355768874,2574.30033656863,333029
2020-01-10,2595.3896484375,2608.6126859129863,2582.4596071722804,2592.7116140386374,455081
2020-01-13,2589.406005859375,2611.081596629304,2577.8148791849967,2599.4069026922816,154993
2020-01-14,2595.724853515625,2609.4499092186697,2572.6263697685026,2586.937417965017,278534
2020-01-15,2614.094482421875,2626.187625492797,2587.6902925505824,2595.222379430581,553613
2020-01-16,2604.511962890625,2636.2303350345746,2595.6407568602326,2619.3250258137764,287553
2020-01-17,2609.533203125,2626.18740096297,2592.7114621361634,2604.428040725546,272072
2020-01-20,2597.48193359375,2631.7528876240613,2580.2836278923983,2619.492405855379,365554
2020-01-21,2591.916748046875,2610.286630730147,2582.250528732885,2591.0379636872503,215722
2020-01-22,2574.634765625,2602.7546402512703,2569.3624679134027,2598.570147260513,269339
2020-01-23,2565.261474609375,2585.9747143679456,2553.461327278875,2570.9524257910693,256329
2020-01-24,2572.751708984375,2588.485443281025,2564.2572700563974,2567.6048644037296,209961
2020-01-27,2579.82373046875,2613.5924667053096,2547.561248269667,2569.1113874233242,308445
2020-01-28,2561.662841796875,2602.4199670543057,2550.866931590373,2585.849333917974,239986
2020-01-29,2587.56494140625,2593.548684490428,2560.9096400583126,2576.810712986779,243945
2020-01-30,2632.464599609375,2665.522094978814,2545.092465728403,2601.4993507823056,2400831
2020-01-31,2661.379150390625,2711.509289464014,2636.2303092744723,2636.2303092744723,1141144
2020-02-03,2748.79345703125,2774.4443174426206,2607.0229156446667,2630.372304901574,921166
2020-02-04,2646.94287109375,2772.644997012311,2637.0674269803176,2736.6583580532015,1546450
2020-02-05,2645.85498046875,2695.566676643214,2636.2306463629807,2665.522097989236,646723
2020-02-06,2636.063232421875,2687.281385513915,2629.033161639237,2652.9685431576177,514236
2020-02-07,2623.5517578125,2668.8697369992988,2599.909371462475,2648.616830972495,454698
2020-02-10,2597.1474609375,2636.9420301503783,2587.4393554689573,2626.187801433973,386072
2020-02-11,2632.422607421875,2636.230536839276,2594.385607683097,2615.3080722611867,274244
2020-02-12,2633.134033203125,2665.2289710327063,2625.2253825160938,2648.5328852887637,345354
2020-02-13,2624.8486328125,2654.809642934616,2611.4582554905214,2635.3936366819353,268031
2020-02-14,2633.217529296875,2682.2598663030526,2625.1834257688406,2632.045953049329,381580
2020-02-17,2573.96533203125,2644.139154762491,2569.278618295559,2638.364636338998,269986
2020-02-18,2579.739990234375,2586.4770649741167,2538.731957948411,2564.8431539683447,337054
2020-02-19,2586.769775390625,2604.386531610327,2571.287151443975,2587.690445569885,220584
2020-02-20,2565.512939453125,2594.427830116081,2558.9432029947725,2586.853856091864,256115
2020-02-24,2494.37646484375,2581.5393788588563,2485.630914680391,2575.137185815876,499562
2020-02-25,2466.6748046875,2516.554042020948,2452.949749638643,2504.000563261283,527499
2020-02-26,2466.00537109375,2488.936309839349,2443.743787737357,2457.97106321391,445577
2020-02-27,2457.636474609375,2485.5469199193426,2438.3040355032304,2464.4990021649996,416726
2020-02-28,2418.636962890625,2439.5594279675333,2385.537582274766,2418.636962890625,925702
2020-03-02,2336.788330078125,2464.248033178014,2319.883018498711,2443.744016600374,1281846
2020-03-03,2354.32177734375,2387.333439371692,2319.998393645824,2361.099005972003,1459848
2020-03-04,2371.155517578125,2417.5030161699156,2320.4356134588065,2378.5886069749217,954038
2020-03-05,2364.290771484375,2403.9485752856876,2357.77592990359,2378.544856299747,384427
2020-03-06,2391.749267578125,2411.8185635421255,2291.1401872662686,2308.629807016393,658891
2020-03-09,2250.345947265625,2352.3540786999256,2237.447351480932,2339.2368626476955,706890
2020-03-11,2266.261474609375,2299.885229273436,2241.0326101748865,2256.1611754849678,641982
2020-03-12,2045.3238525390625,2216.809689457371,2027.9655300113518,2203.6487056037245,799317
2020-03-13,2061.2392578125,2127.1312732985043,1783.941246330019,1966.7077759785357,883265
2020-03-16,2045.8922119140625,2089.135257743642,2002.5616325797155,2024.4236591362626,963321
2020-03-17,1985.46533203125,2074.8810137534615,1967.6260051350844,2050.8327863954096,658935
2020-03-18,1896.74951171875,2019.9638136881956,1886.3868252534148,2002.5617251433553,593949
2020-03-19,1894.6507568359375,2078.9911941524906,1777.2515673588443,1853.6812336284595,1010352
2020-03-20,1960.8487548828125,2010.3442505238465,1883.5882744785185,1915.0258231822747,718313
2020-03-23,1692.6019287109375,2089.135339144878,1661.5140830369478,1794.4352096799034,797154
2020-03-24,1694.0010986328125,1799.5945856083706,1564.1406541775293,1748.9622148859676,1210613
2020-03-25,1702.3961181640625,1739.3429454364043,1632.306435136835,1676.3803048776206,606235
2020-03-26,1842.400390625,1866.0549310111528,1691.2462635251593,1747.3879013420835,989242
2020-03-27,1795.702880859375,1895.0002363590904,1755.214476544902,1879.2595791119913,938567
2020-03-30,1737.33154296875,1767.151433607783,1700.9094908814768,1762.953881666448,462909
2020-03-31,1768.5067138671875,1791.2868809614572,1688.0107980032635,1781.6239294966542,762791
2020-04-01,1793.6480712890625,1832.7373294377821,1740.2171965882449,1748.9620066213515,869738
2020-04-03,1778.4757080078125,1798.1952969716529,1711.840299471581,1793.6480385367388,692217
2020-04-07,1993.8604736328125,2014.4107774098957,1805.8032893479394,1805.8032893479394,1069857
2020-04-08,1960.32421875,2084.281913383731,1896.3560123499028,1906.3687781413273,840875
2020-04-09,2130.19189453125,2208.020701532016,2002.4739050627488,2002.5614385590354,1788927
2020-04-13,2096.612060546875,2125.1200143584456,2030.3263550030981,2125.1200143584456,654478
2020-04-15,2042.0443115234375,2171.8611924774937,2028.839775940745,2107.499302649493,986750
2020-04-16,2040.645263671875,2068.1476495469187,1980.2623054541218,2037.540813295696,944544
2020-04-17,2080.521728515625,2120.6605411262626,2052.4510118888015,2081.265122886634,690554
2020-04-20,2079.778076171875,2111.8714841846504,2056.51679761421,2107.4990794554897,427667
2020-04-21,2031.637939453125,2058.92170336569,2006.9338517356814,2049.7834198119554,702627
2020-04-22,2081.00244140625,2109.3357545631047,2007.8959562035466,2031.638030507268,712519
2020-04-23,2125.557373046875,2139.8114574932765,2070.771218233292,2081.0026042727573,1179211
2020-04-24,2138.412353515625,2161.717188453772,2082.139411694349,2107.4993625297693,669287
2020-04-27,2191.230712890625,2231.544371416668,2145.3204614981246,2159.9680178947797,1128257
2020-04-28,2154.458984375,2226.7785266653955,2126.169649662467,2195.6908952087606,646907
2020-04-29,2185.459228515625,2203.6922437883663,2142.4785703498005,2163.466115528737,525256
2020-04-30,2294.026123046875,2320.8726479024685,2195.078466648328,2208.152128811697,1118513
2020-05-04,2135.614013671875,2234.2555281788364,2112.221643362871,2229.9268892695286,574557
2020-05-05,2118.69287109375,2176.495944232878,2099.454286718367,2164.3407422306136,663761
2020-05-06,2161.586181640625,2181.830333606,2064.912253819051,2120.616656911643,778602
2020-05-07,2104.482421875,2173.741278608826,2098.754528275644,2159.968202017017,422145
2020-05-08,2115.413330078125,2142.478474640127,2099.6726718970954,2139.024317349669,455821
2020-05-11,2244.1806640625,2295.4688900238802,2123.239897389209,2124.9888594134177,1627625
2020-05-12,2298.8798828125,2322.5344273928627,2181.174633280614,2213.3118159098867,1335103
2020-05-13,2357.600830078125,2425.8103496426997,2336.0449583322165,2425.8103496426997,1257856
2020-05-14,2363.415771484375,2387.3329100291653,2274.9621118831037,2274.9621118831037,893108
2020-05-15,2329.267578125,2369.8434094040886,2317.3745516313043,2365.4710045896895,645362
2020-05-18,2166.48291015625,2320.304246111844,2152.0977404094647,2317.374649364113,1172714
2020-05-19,2194.335205078125,2234.298943879959,2174.7467026778136,2201.943147040993,641584
2020-05-20,2236.7041015625,2256.554780437058,2166.4832243972037,2182.7048919949175,947430
2020-05-21,2308.93603515625,2382.261140223436,2292.2333623581744,2303.8202358159697,3481384
2020-05-22,2233.205810546875,2303.820149930785,2223.630286481389,2293.7636186253367,1328364
2020-05-26,2242.912841796875,2271.858036909693,2215.5853085542108,2256.1611445143776,686475
2020-05-27,2256.642333984375,2278.02335502032,2221.4444683261913,2246.5420341831873,563888
2020-05-28,2273.65087890625,2290.703260498047,2142.478712815505,2263.1571056189905,1087116
2020-05-29,2370.281005859375,2396.9526792328156,2265.9991353746927,2276.2742882316743,2057601
2020-06-01,2412.0810546875,2439.8020604891294,2383.3542676090096,2387.333198973234,1008549
2020-06-02,2445.136474609375,2461.008219783484,2384.010122983856,2413.480090769336,1283507
2020-06-03,2434.030517578125,2515.4447903507876,2422.4000901789054,2470.4090153801408,750002
2020-06-04,2463.631591796875,2477.5795210167344,2410.0696306654318,2429.3082126228483,709462
2020-06-05,2427.82177734375,2486.062087068698,2415.3166556525066,2485.275139523687,723898
2020-06-08,2449.46533203125,2460.789819596289,2400.4506235933945,2448.547084175412,727119
2020-06-09,2440.807861328125,2461.3146141257325,2418.814746841256,2453.0070435924745,619517
2020-06-10,2376.139892578125,2452.001124502648,2364.0284579998024,2439.9770099324787,687626
2020-06-11,2377.320556640625,2411.8187921687127,2364.0720403262217,2376.13992179704,661173
2020-06-12,2432.937255859375,2447.7161130218446,2282.6140556830014,2282.6140556830014,895700
2020-06-15,2386.0654296875,2425.810552676456,2368.0510337679984,2425.810552676456,517425
2020-06-16,2377.232666015625,2437.134610339401,2363.5908914645,2417.0653154878532,611383
2020-06-17,2351.873046875,2394.1542915741106,2338.5372106943655,2377.2329976447313,600388
2020-06-18,2342.16650390625,2358.606577538735,2314.008042118087,2351.8731158705755,579578
2020-06-19,2338.668212890625,2369.843373344393,2321.7469211178463,2352.3537543529214,929078
2020-06-22,2497.29931640625,2513.214829185783,2325.726173119736,2352.354079010002,1872829
2020-06-23,2502.895751953125,2544.827287423962,2487.8547211927744,2527.250133622033,1089848
2020-06-24,2463.631591796875,2605.8658407335115,2453.4875268207934,2535.820040886357,1616696
2020-06-25,2466.429931640625,2527.2501288242274,2424.673463249152,2439.6271739774097,1341923
2020-06-26,2507.661865234375,2535.9949649616156,2470.408888281574,2495.506450925201,1227656
2020-06-29,2500.57861328125,2509.760664492809,2461.664205765595,2470.4090164432705,680236
2020-06-30,2471.3271484375,2547.756704779739,2461.664090392286,2538.093646734525,751691
2020-07-01,2485.31884765625,2511.5095117385163,2473.5571205320916,2481.8209235451936,525799
2020-07-02,2517.93701171875,2539.0118762145216,2480.9901886034536,2499.1792230323713,754915
2020-07-03,2564.327880859375,2588.4636407459425,2525.1513046613636,2535.1203022035434,1394992
2020-07-06,2533.459228515625,2576.2212680345597,2522.003440940825,2572.767110459311,1126381
2020-07-07,2489.778564453125,2600.7065678516565,2471.764383439383,2536.869453038889,2168021
2020-07-08,2494.41357421875,2535.1207121756197,2458.6911493354105,2520.2545334564115,1348810
2020-07-09,2520.254150390625,2531.6224029773975,2483.7008032200447,2516.756226517772,700469
2020-07-10,2531.3603515625,2549.112360269826,2497.8676833406435,2514.133116904202,688336
2020-07-13,2535.994873046875,2544.7396829539334,2515.7069567617673,2535.0328585585644,481601
2020-07-14,2535.557861328125,2544.6523790535052,2489.64760517371,2534.246139723713,612986
2020-07-15,2572.766845703125,2584.091331852416,2535.994877283251,2549.1120921657503,905297
2020-07-16,2572.9853515625,2579.7188122035627,2535.0327500919466,2574.471926483827,525135
2020-07-17,2619.070556640625,2623.442961576586,2557.8568875371716,2579.718912216976,687105
2020-07-20,2625.673095703125,2640.9327471887705,2600.706619251458,2624.317607388576,766788
2020-07-21,2627.203369140625,2673.2884761612445,2614.6982478646128,2636.5602733484307,834544
2020-07-22,2610.675537109375,2649.808562535525,2541.7228371657957,2633.062336494715,2050770
2020-07-23,2651.51416015625,2667.167286043009,2570.6682137543526,2592.8363944647613,1057181
2020-07-24,2610.76318359375,2649.677590450197,2604.2045756965963,2649.677590450197,543609
2020-07-27,2641.369873046875,2654.0498476071066,2565.7710329370375,2614.6982024201807,621957
2020-07-28,2727.8125,2737.1256376176366,2639.1837617667816,2641.8072048699296,1263659
2020-07-29,2710.279296875,2753.740964540176,2694.1451633927018,2734.546147229395,582910
2020-07-30,2666.248779296875,2737.0817396870707,2657.8538898669494,2719.6358865865304,570166
2020-07-31,2627.771728515625,2691.565076957682,2616.097534862415,2683.6511944329072,561196
2020-08-03,2551.254638671875,2684.569229016885,2544.7397976966286,2614.6982801075324,1246016
2020-08-04,2597.1650390625,2622.5687571183194,2555.2774807578194,2570.0998923543652,706322
2020-08-05,2631.313232421875,2654.4432113236585,2598.9574366094425,2611.3750236544074,678314
2020-08-06,2616.2724609375,2689.029241955531,2602.8053246035543,2645.130335729218,853222
2020-08-07,2624.9296875,2640.058252147648,2601.581086498593,2616.272410627502,515510
2020-08-10,2618.021484375,2645.3052512088584,2598.0832731707496,2624.929799467218,442147
2020-08-11,2629.9580078125,2675.9120299808865,2619.7266221618434,2641.632415302624,696792
2020-08-12,2643.556396484375,2654.0501698081634,2608.139911516589,2629.958172519693,489280
2020-08-13,2639.140380859375,2658.42273318587,2623.4434866965826,2658.42273318587,462333
2020-08-14,2612.555908203125,2648.1472443011994,2602.4556093586625,2642.681737729126,542458
2020-08-17,2724.533203125,2733.62772050742,2616.4472615989125,2635.685844404787,1577193
2020-08-18,2715.0888671875,2751.9919256198327,2704.7699478684913,2731.878861022039,825757
2020-08-19,2675.737060546875,2762.4855347998528,2666.074002602422,2719.635964934328,953142
2020-08-20,2655.75537109375,2680.284608991131,2645.611518289678,2675.037722317739,563069
2020-08-21,2669.921875,2689.0293723615036,2656.673571783495,2677.6611181043654,395723
2020-08-24,2657.85400390625,2707.393268856787,2646.8354575298063,2678.4478613654974,562548
2020-08-25,2631.663330078125,2671.0149794754966,2616.1850573477645,2671.0149794754966,652358
2020-08-26,2695.325439453125,2744.121524558502,2685.7936814425866,2693.4453906012504,2026040
2020-08-27,2661.045654296875,2701.053159615338,2645.4798499655067,2695.3252664278534,711504
2020-08-28,2635.81689453125,2678.0543707127968,2625.192035482382,2661.92023851045,679405
2020-08-31,2594.585205078125,2648.8030287096867,2576.3086370266683,2645.3051046044247,2787032
2020-09-01,2587.064453125,2626.940871323923,2562.229278621536,2577.095455323436,755670
2020-09-02,2518.986572265625,2596.946476838037,2489.6914554509635,2579.719241888091,1946352
2020-09-03,2532.8466796875,2556.7200536555315,2523.7959294471448,2543.908992420829,785527
2020-09-04,2521.3037109375,2558.819075935635,2483.5261724224565,2518.5054142875615,1499317
2020-09-07,2534.4208984375,2541.9852875044726,2474.8251011714638,2534.5521986908425,807657
2020-09-08,2537.525146484375,2551.7354622008806,2506.4810721498543,2535.9510380442034,798195
2020-09-09,2544.87109375,2554.9713931780207,2494.0201030639832,2514.1331684112733,677328
2020-09-10,2548.849853515625,2557.2887236789893,2511.0723151545853,2550.948736116785,686071
2020-09-11,2550.29296875,2572.679556174602,2539.40550856799,2548.2378528249856,683992
2020-09-14,2586.45263671875,2612.9494560303774,2531.6227159330465,2555.233704993562,1185683
2020-09-15,2568.656982421875,2588.463892688673,2554.402898691921,2586.1901565735825,632573
2020-09-16,2656.62939453125,2666.2924518559694,2568.700291145163,2573.16022944775,1865973
2020-09-17,2640.23291015625,2649.6335806130587,2610.544323831455,2636.560132770065,687069
2020-09-18,2667.998046875,2684.656954388966,2619.9453535339876,2643.643876542936,937014
2020-09-21,2611.8125,2663.625502027298,2588.551432250955,2663.625502027298,779499
2020-09-22,2611.0693359375,2631.7069606781506,2572.8107898916237,2609.6263141031022,690800
2020-09-23,2611.375244140625,2665.068508201186,2584.0914783376497,2617.3217579237175,949248
2020-09-24,2563.847412109375,2625.1046403047676,2547.188505016004,2592.74884069418,736921
2020-09-25,2586.190185546875,2622.1314422904675,2558.775332582219,2584.047749662316,559314
2020-09-28,2594.016845703125,2642.944015820632,2582.2113519939835,2603.242449619492,902239
2020-09-29,2533.808837890625,2633.0624368899644,2527.250230027232,2617.0593910040166,1189292
2020-09-30,2519.467529296875,2570.0998985169545,2509.7607038937253,2533.852700388214,1095715
2020-10-01,2610.675537109375,2723.09011430097,2570.97418442194,2570.97418442194,4741959
2020-10-05,2581.730712890625,2640.9330433824066,2562.273507521334,2637.7848258791632,904969
2020-10-06,2599.17626953125,2617.321751100019,2580.5935474427515,2610.3259027843487,678723
2020-10-07,2691.1279296875,2709.098558176729,2583.6980595227133,2601.581154507367,2126243
2020-10-08,2688.6357421875,2720.33568009921,2668.0416708586913,2684.6568107296566,1009344
2020-10-09,2675.737060546875,2708.8360389676436,2647.57881447737,2693.401534404415,698666
2020-10-12,2643.337890625,2688.723376816373,2633.1502706473916,2668.0419830607475,632718
2020-10-13,2653.56884765625,2668.129084513275,2620.1199491553357,2645.3050448435274,456767
2020-10-14,2670.796142578125,2689.029157385275,2640.9327009117173,2656.629592643364,822555
2020-10-15,2647.40380859375,2737.125648475875,2640.4517270420984,2675.8682090750926,1076100
2020-10-16,2662.576416015625,2703.8956493374867,2648.803338241671,2649.677819370176,548742
2020-10-19,2605.953369140625,2686.361854056284,2597.38341267707,2684.6566588126575,598192
2020-10-20,2627.11572265625,2639.6646101428105,2585.840263017197,2605.95332559731,899774
2020-10-21,2639.183837890625,2657.6790269027492,2616.4910970931223,2649.677610605896,982019
2020-10-22,2628.864990234375,2657.941486257608,2603.3301852982054,2632.013207533178,1701072
2020-10-23,2695.369140625,2706.956014211919,2620.950719962552,2649.6775070463946,1217651
2020-10-26,2531.754150390625,2722.915825324614,2522.878251645608,2709.098979722044,2140237
2020-10-27,2577.40185546875,2599.1763486152568,2494.9382482394367,2544.739902252636,1812330
2020-10-28,2574.51611328125,2594.585411734423,2527.4252208648763,2577.0957898150805,1197897
2020-10-29,2558.1630859375,2565.727261210222,2522.877692089806,2552.5662794239693,714820
2020-10-30,2524.539306640625,2591.262254744513,2518.5930061827753,2570.974336691659,722940
2020-11-02,2486.761962890625,2566.4710465074963,2468.1792387570013,2551.7359539724043,926407
2020-11-03,2548.98095703125,2562.185491664519,2496.818038740854,2496.818038740854,951287
2020-11-04,2558.81884765625,2577.7512752281837,2520.6038585308092,2540.367213819989,710858
2020-11-05,2579.106689453125,2597.208402284937,2559.6057217131347,2580.5932643578617,507235
2020-11-06,2603.6796875,2623.4430438287127,2584.091398171282,2588.46380324433,889565
2020-11-09,2625.1484375,2642.6818258672524,2605.9536204779656,2614.6984312849386,550477
2020-11-10,2621.2568359375,2643.11886125808,2594.585165046393,2636.560253661906,664054
2020-11-11,2643.643798828125,2658.422443460664,2611.6814731326413,2638.921472968902,782511
2020-11-12,2638.70263671875,2659.2091733604334,2620.163682316603,2645.305010932908,646257
2020-11-13,2659.078125,2665.418112307819,2619.595392888464,2632.187834004769,557563
2020-11-14,2660.08349609375,2680.284091283026,2649.6772582667436,2672.1076090644324,59697
2020-11-17,2662.92578125,2666.2050850609558,2620.338598457656,2653.175403317295,501135
2020-11-18,2656.5859375,2672.2392766350035,2626.8535813399717,2672.2392766350035,455293
2020-11-19,2653.394287109375,2672.851491653557,2632.1881203589746,2652.3011857304887,888406
2020-11-20,2674.643798828125,2697.773777658541,2642.6814768506033,2652.3007674678624,820220
2020-11-23,2691.43408203125,2697.7740697153463,2650.20238545667,2682.907891697466,493600
2020-11-24,2707.130859375,2730.129752972144,2669.7905624035734,2690.7781069491634,858928
2020-11-25,2668.26025390625,2763.3600663150346,2659.296823311399,2710.891204296395,1219151
2020-11-26,2736.426025390625,2754.615273706752,2669.7906128973696,2669.7906128973696,1264680
2020-11-27,2775.20947265625,2841.189027407863,2742.1102783973233,2750.15546162977,2548347
2020-12-01,2836.51025390625,2841.1450459768485,2764.2344835424383,2776.56475123074,1400851
2020-12-02,2919.148681640625,2927.762404938996,2817.140557798977,2836.510226662508,1707284
2020-12-03,2880.89013671875,2948.050320584424,2869.1721766533556,2945.8641180724967,965142
2020-12-04,2895.75634765625,2924.7455214011425,2875.468430807632,2884.300774457619,739106
2020-12-07,2902.883544921875,2916.3942341318525,2857.6291516336223,2895.756396431812,481597
2020-12-08,2908.69873046875,2959.899636967245,2886.2683776700173,2903.276990835735,823352
2020-12-09,2891.51513671875,2932.7030629157034,2885.7872435814656,2916.3940779830873,397850
2020-12-10,2877.785888671875,2903.2331577131863,2861.3456031473374,2891.2090439447043,469288
2020-12-11,2909.966552734375,2918.274122058752,2873.151031510463,2881.9396080739384,611154
2020-12-14,2876.16796875,2916.000620441837,2855.1804250437067,2909.9665735284766,425416
2020-12-15,2860.995849609375,2927.0629358156975,2852.557192852481,2871.7957760047666,746643
2020-12-16,2888.84814453125,2893.176783023271,2843.812370520849,2876.168169324438,616704
2020-12-17,2859.946533203125,2912.02192290204,2849.0592867311852,2891.9963920740174,678073
2020-12-18,2927.369140625,2940.8798304205247,2860.3400386937847,2864.712444031906,1362381
2020-12-21,2831.788330078125,2933.883995186323,2797.0277074824003,2931.6977925073465,797760
2020-12-22,2855.44287109375,2872.670104209682,2773.853750548892,2837.690863975774,825331
2020-12-23,2894.22607421875,2902.3587905495033,2851.6826572332357,2869.1722779461043,816586
2020-12-24,2951.155029296875,2993.8297487661853,2899.823032520711,2901.528227930078,1567636
2020-12-28,2986.09033203125,2992.4740862529175,2950.4989967905735,2962.7417312170905,536954
2020-12-29,3000.8251953125,3025.6166025490515,2990.7686642244926,3002.0931500112874,682613
2020-12-30,3015.341552734375,3036.9414040737297,2977.826403506834,3005.76602855356,639180
2020-12-31,3011.756591796875,3030.033160882483,2996.715559992443,3030.033160882483,410959
2021-01-01,3044.287353515625,3055.4369876290393,3013.461894496185,3013.461894496185,421643
2021-01-04,3080.3154296875,3085.1688417381397,3030.076540992816,3051.938565098103,647829
2021-01-05,3054.25634765625,3065.0562747074737,3038.821841543073,3060.9024894564436,561562
2021-01-06,3028.065673828125,3084.2948514720106,3004.6295375594027,3054.256340173816,591620
2021-01-07,3006.421875,3067.110983766028,2997.939452101547,3060.6834630949943,531361
2021-01-08,3086.1748046875,3099.68570811194,3006.5097067431116,3033.57485335236,675643
2021-01-11,3163.30419921875,3178.3452309960176,3079.047862319364,3087.7926730615377,788461
2021-01-12,3169.337890625,3185.5595565210947,3111.4910555669353,3158.5817311968385,863270
2021-01-13,3148.918701171875,3176.9896280402995,3128.0186896504683,3169.3379189168886,515154
2021-01-14,3127.18798828125,3199.4199946069166,3100.035309094705,3148.131766640603,743848
2021-01-15,3130.904541015625,3168.2448390917393,3096.537393106224,3137.6380023906045,684649
2021-01-18,3116.431884765625,3163.9162491324573,3065.0561223720842,3106.156732286917,602004
2021-01-19,3183.9853515625,3204.0984147555614,3114.1144043903564,3118.1806556808524,586410
2021-01-20,3186.565185546875,3229.283670319672,3173.79789029025,3183.1110280920343,549040
2021-01-21,3238.4658203125,3329.149465442595,3196.4031950432486,3211.094519859524,1533886
2021-01-22,3576.1904296875,3611.6069139526535,3270.6030544495434,3279.26033187137,8537143
2021-01-25,3645.66796875,3681.5652452972063,3550.3930869136952,3629.096381943802,2368224
2021-01-27,3625.904541015625,3704.870008030652,3592.455641277939,3614.5798407648726,2062088
2021-01-28,3616.6787109375,3664.0757566777697,3564.9096867523854,3567.8828370513843,1262871
2021-01-29,3502.99609375,3677.49882305049,3489.179251009142,3644.8368717308526,1406268
2021-02-01,3598.227294921875,3621.2259754054453,3476.105889966938,3553.8909355343467,745011
2021-02-02,3674.08837890625,3735.039448587474,3600.4569076955618,3634.167979546293,1167922
2021-02-03,3704.608154296875,3724.5461529076174,3637.928969325497,3677.1930859625554,681937
2021-02-04,3693.37060546875,3813.961453299558,3672.820301401385,3704.6077720275275,1163598
2021-02-05,3700.147705078125,3736.4822195740535,3638.7154152626476,3725.289033650295,729191
2021-02-08,3705.56982421875,3723.977479166998,3668.4479335694627,3700.3229380205576,616236
2021-02-09,3633.381103515625,3706.050561654485,3624.723826818745,3697.6554584664523,721336
2021-02-10,3630.451904296875,3685.9379018730533,3585.460107099544,3637.841440520024,989105
2021-02-11,3656.9921875,3674.919048877465,3608.5024698721827,3633.468732847134,546983
2021-02-12,3616.897216796875,3669.147460122932,3600.238523403808,3654.4563491145286,360063
2021-02-15,3604.872802734375,3668.141587556774,3595.559665619237,3631.0201258457682,287922
2021-02-16,3614.09912109375,3653.2321483866253,3606.3598783423167,3611.6067646832607,318280
2021-02-17,3642.825927734375,3677.1928626452495,3594.99164288576,3600.2385292533872,554383
2021-02-18,3598.8828125,3672.8200063546738,3587.208406366985,3672.8200063546738,440460
2021-02-19,3498.88623046875,3591.231515167336,3477.986005180872,3590.619207632471,762200
2021-02-22,3473.045166015625,3532.9033496237184,3433.955906801978,3506.6689188096807,762310
2021-02-23,3421.1884765625,3496.7873203860313,3401.9061267744187,3455.9490981851877,802871
2021-02-24,3438.328369140625,3454.200114648636,3371.4305694518603,3434.0870506899223,399843
2021-02-25,3449.652587890625,3480.434275466844,3419.2643740533204,3441.9571126224873,632973
2021-02-26,3321.89111328125,3448.166304670077,3299.460759805728,3419.658137115809,732210
2021-03-01,3335.314208984375,3374.4472326577034,3280.1781407520725,3321.8908406051587,724589
2021-03-02,3448.996826171875,3464.824804153066,3306.84989711126,3342.2663775642563,735847
2021-03-03,3411.437744140625,3484.8066109782485,3378.6447082782197,3484.8066109782485,615104
2021-03-04,3392.155517578125,3434.6116122244844,3358.8814733013737,3388.613826879152,611769
2021-03-05,3369.244384765625,3422.062954565645,3342.047938826105,3368.588523980875,719936
2021-03-08,3321.934814453125,3365.0030052031916,3296.7934848274513,3365.0030052031916,818275
2021-03-09,3321.934814453125,3348.9999596465373,3302.0403710102005,3324.951731308937,526071
2021-03-10,3382.09912109375,3392.111886101587,3324.776847372579,3340.517505776763,545219
2021-03-12,3276.156005859375,3391.2378074680287,3266.012152893083,3391.2378074680287,1119478
2021-03-15,3204.6669921875,3301.1660643955934,3166.539745342891,3301.1660643955934,1024257
2021-03-16,3195.747314453125,3226.835159296841,3178.7387002829314,3212.100067818583,858553
2021-03-17,3121.547607421875,3216.3412668091187,3109.479726364268,3191.8557976762595,773240
2021-03-18,3204.53564453125,3229.414586437498,3117.5247844873534,3146.382657667741,1285600
2021-03-19,3191.899658203125,3211.9689559720155,3122.072259672439,3195.3100489625713,1132705
2021-03-22,3204.75439453125,3222.462635608884,3178.126489536004,3192.0306526873105,502724
2021-03-23,3216.6474609375,3244.280934064976,3184.204128530792,3205.4540607798863,581531
2021-03-24,3151.23583984375,3233.830522079701,3140.2172945809143,3201.474727240072,507559
2021-03-25,3062.0830078125,3161.249076001387,3058.06030948184,3161.249076001387,808505
2021-03-26,3148.17529296875,3164.9652850759926,3075.637138418019,3075.637138418019,691000
2021-03-30,3206.459716796875,3213.499332153834,3131.822885101688,3151.848416331847,749230
2021-03-31,3209.8701171875,3221.23837044671,3158.669210770789,3191.855722778215,694645
2021-04-01,3273.226318359375,3291.809040566606,3227.009909730145,3239.0777908510518,861229
2021-04-05,3146.81982421875,3270.558883584306,3127.1877688066616,3235.623410936195,723573
2021-04-06,3161.68603515625,3183.1108195183933,3150.0991619808055,3183.0670527694074,501882
2021-04-07,3218.26513671875,3229.8520107004056,3144.852494832361,3152.50420406553,346982
2021-04-08,3191.68115234375,3234.661812887182,3187.483600376492,3234.661812887182,414020
2021-04-09,3192.99267578125,3230.332973627156,3169.9937816454903,3183.1109972936783,484807
2021-04-12,3096.537353515625,3147.2572536861717,3043.237776983949,3130.2048734564187,724230
2021-04-13,3150.274169921875,3168.8568919633185,3073.9756994222994,3121.0228219253186,412122
2021-04-15,3145.945556640625,3196.7092239578205,3083.507695480682,3150.2741951103258,614450
2021-04-16,3178.432373046875,3198.414349872504,3121.853493412104,3130.642070415192,526787
2021-04-19,3074.28173828125,3114.9013382438084,3014.336022719373,3082.7203945767214,601819
2021-04-20,3148.918701171875,3169.381685668292,3108.867640214413,3135.3206917553484,676558
2021-04-22,3219.314453125,3230.332999757146,3124.5207926725184,3143.584522268027,1005711
2021-04-23,3211.531494140625,3243.9748248577766,3183.110861449115,3218.0901016848197,631762
2021-04-26,3269.5537109375,3278.4296086084078,3214.592488995601,3220.0142290579643,480016
2021-04-27,3310.347900390625,3321.2789131379195,3259.3656142379755,3269.5534462162595,518487
2021-04-28,3401.512451171875,3457.6978551150055,3329.149148817103,3331.816358551803,1252958
2021-04-29,3354.90283203125,3457.9605107222865,3329.236940925543,3448.0788320093952,1335444
2021-04-30,3352.541748046875,3468.4980214574184,3323.028012410336,3327.4004176898234,1340273
2021-05-03,3368.369873046875,3416.4225634060776,3309.9107302332523,3336.145161384374,796444
2021-05-04,3349.568359375,3399.9821032596233,3336.188757473091,3390.3628123296194,408324
2021-05-05,3361.330078125,3369.0255535501497,3309.123605627088,3359.930823139942,371452
2021-05-06,3446.504638671875,3471.689735370812,3368.500972455508,3368.500972455508,938078
2021-05-07,3381.399658203125,3469.766012523635,3370.206257871476,3458.135371659471,486456
2021-05-10,3383.06103515625,3413.8429389722205,3361.942403156887,3410.476101524739,306598
2021-05-11,3392.374267578125,3405.8411899034386,3332.8657913978145,3375.4967411729913,453808
2021-05-12,3388.832763671875,3410.476170136201,3364.3035269797015,3380.7438137811673,499840
2021-05-14,3365.70263671875,3405.360223399259,3335.270654123441,3393.248789210855,481619
2021-05-17,3379.344482421875,3431.813345393934,3352.060716375674,3362.379635459449,427552
2021-05-18,3556.689208984375,3566.1336468248182,3381.967856173385,3409.3391551614272,1371585
2021-05-19,3581.83056640625,3595.866029771334,3539.724389807345,3563.510231351699,788882
2021-05-20,3560.1875,3610.73255153402,3552.229849890274,3581.8309077622835,465579
2021-05-21,3607.715087890625,3613.355661402138,3546.1081547479607,3569.8064628611874,378016
2021-05-24,3622.36279296875,3659.572218975409,3591.843488792557,3607.234441139963,500267
2021-05-25,3629.18408203125,3661.4523490762003,3621.2262186588355,3642.694558769275,297915
2021-05-26,3643.350341796875,3655.330903353756,3622.1006224141765,3629.1840045393137,261524
2021-05-27,3713.1337890625,3737.53172310115,3631.500903862494,3646.5857008263442,878610
2021-05-28,3672.383056640625,3721.7912344475535,3662.0203711179797,3707.974605079151,285520
2021-05-31,3666.52392578125,3697.918136643475,3643.962485795147,3664.075549671626,321021
2021-06-01,3706.881591796875,3801.3690977921688,3677.105256056784,3677.105256056784,1248169
2021-06-02,3755.939453125,3765.427657385843,3672.820204764251,3697.218139297364,351583
2021-06-03,3736.9638671875,3760.2687029362232,3709.5487995012695,3755.2839899050095,323999
2021-06-04,3716.587890625,3756.2896705524768,3707.799527165467,3729.136778668543,374317
2021-06-07,3716.325439453125,3747.0633596306347,3707.7992501397143,3724.020701062014,159646
2021-06-08,3733.946533203125,3738.4064719366065,3702.552749047858,3716.5444457849303,150816
2021-06-09,3694.245361328125,3736.220453609756,3673.6950557319096,3732.285288708353,262617
2021-06-10,3655.243408203125,3702.115679839868,3643.088206498852,3698.1805149504667,332571
2021-06-11,3648.772216796875,3687.5555371420764,3639.590165682108,3659.703230028741,188155
2021-06-14,3626.035400390625,3668.8849686093977,3609.114107950597,3649.209146468125,200657
2021-06-15,3618.6904296875,3648.160187411903,3612.569061810933,3633.469075305236,138010
2021-06-16,3594.5107421875,3636.1356978717904,3587.1212066424637,3618.6900574139404,216236
2021-06-17,3545.058349609375,3602.8616276258863,3534.695878122862,3602.8616276258863,357704
2021-06-18,3644.05029296875,3667.005421943029,3524.158848241685,3546.0208758362364,701993
2021-06-21,3657.64794921875,3669.322356222523,3591.012751757508,3631.7196724004143,374649
2021-06-22,3691.708984375,3699.5793131818004,3633.7306393026383,3658.2161067015727,591793
2021-06-23,3671.595947265625,3724.9828405773046,3665.1684266304114,3699.0545647829745,418053
2021-06-24,3696.34375,3704.476679707928,3634.998991647039,3664.0754856561243,314542
2021-06-25,3669.45361328125,3715.670022685183,3653.5818674461507,3690.3100719537474,175051
2021-06-28,3658.347900390625,3677.4114163843856,3643.0880353504194,3669.4535534722386,158954
2021-06-29,3606.927978515625,3663.069829625762,3600.2382842506872,3659.702992370446,332405
2021-06-30,3614.973388671875,3641.338905579589,3602.6866743534547,3611.6065514033867,331122
2021-07-01,3676.799560546875,3716.544899742397,3621.2264540784154,3621.2264540784154,755502
2021-07-02,3651.264404296875,3698.617466028122,3647.4603264696298,3698.617466028122,375525
2021-07-05,3674.1318359375,3716.4566299533126,3661.320774984377,3665.4745596376442,375703
2021-07-06,3668.797607421875,3715.669875767253,3648.3348368324264,3675.880989123946,515181
2021-07-07,3662.545166015625,3693.807862770847,3646.5858872524695,3672.8203180960127,392794
2021-07-08,3688.8271484375,3726.0111313746443,3646.5313479998995,3681.0464422511336,625491
2021-07-09,3615.182861328125,3691.2248802583304,3609.845083516392,3688.555991352464,656635
2021-07-12,3579.219970703125,3646.0338556403544,3570.851282572933,3635.1771791471324,512870
2021-07-13,3588.22216796875,3636.7151907994894,3577.7725725914947,3605.321345219058,614101
2021-07-14,3577.139404296875,3621.6970155644476,3564.608901405807,3590.845870477068,527932
2021-07-15,3564.60888671875,3591.705298420288,3555.8331171380387,3577.2750096664818,310788
2021-07-16,3557.32568359375,3583.2461310036197,3551.037902693572,3580.893762767174,323569
2021-07-19,3512.904052734375,3563.704164647802,3505.8018882991196,3548.323872492683,408067
2021-07-20,3533.305419921875,3557.7782233539147,3512.044427592169,3517.472766059328,467908
2021-07-22,3486.078857421875,3631.2416285063427,3421.300818727202,3546.514402123793,1707977
2021-07-23,3475.85546875,3551.038044099224,3460.6110175725516,3503.9924445340876,709478
2021-07-26,3470.83447265625,3502.454500093033,3465.0893927524344,3484.993300491482,408134
2021-07-27,3457.308349609375,3491.326022424343,3448.804041845451,3483.1835155049807,391373
2021-07-28,3454.68505859375,3475.4484089692724,3420.7579433135966,3468.7082662428797,235770
2021-07-29,3405.151611328125,3463.0991708027805,3392.7116685434653,3463.0991708027805,355185
2021-07-30,3464.727294921875,3490.4213398128095,3395.5610447529775,3416.2340536892607,511767
2021-08-02,3475.5390625,3510.3256214542002,3449.8900743109634,3504.8972828643223,351187
2021-08-03,3463.4609375,3472.3272680821874,3443.059387358655,3465.089483260755,408981
2021-08-04,3466.898681640625,3496.6189217909955,3452.4231130325225,3469.6128507546446,363955
2021-08-05,3454.911376953125,3490.421759027209,3450.252141287627,3475.9461892645254,333818
2021-08-06,3481.23876953125,3503.404484849907,3435.4596936233033,3467.803543527058,504011
2021-08-09,3487.843017578125,3527.4246514664137,3471.467662714419,3490.557186759036,396098
2021-08-10,3436.0927734375,3493.814146689309,3424.4672150777474,3489.516712314537,253258
2021-08-11,3372.038330078125,3443.602009618374,3343.1324736412967,3437.9474907191648,497724
2021-08-12,3410.2177734375,3417.1388161270447,3380.0451726371825,3389.816225342148,316454
2021-08-13,3461.244140625,3492.230904479514,3401.7586012546562,3419.853061899628,581862
2021-08-16,3391.30908203125,3464.1845680874208,3387.2831086234796,3461.47039892987,294567
2021-08-17,3444.68798828125,3455.589946019045,3385.0668232118173,3391.8069662587773,319770
2021-08-18,3467.848876953125,3488.6575079790377,3415.329657513965,3446.9949655968758,493285
2021-08-20,3394.068603515625,3460.5657492862233,3370.81726474864,3419.8532110593264,301943
2021-08-23,3318.75048828125,3427.000518084596,3299.660742653373,3427.000518084596,455643
2021-08-24,3360.81982421875,3367.37906608579,3305.586439907266,3338.4279295692004,276602
2021-08-25,3338.111083984375,3401.7131542102625,3329.3805955029134,3375.928549054873,398715
2021-08-26,3339.69482421875,3365.2532522623433,3320.333837875647,3338.1115587647223,283891
2021-08-27,3346.9775390625,3392.62077133966,3328.47599744129,3354.170042910398,274822
2021-08-30,3365.931640625,3398.6827926509927,3351.9989936187712,3363.6698329369983,561903
2021-08-31,3372.672119140625,3382.7596934209187,3352.5420300316077,3377.286074453545,693952
2021-09-01,3400.220947265625,3446.995088410112,3374.7077994486017,3396.3305936723254,585605
2021-09-02,3366.42919921875,3427.995647139156,3362.855587336037,3427.995647139156,474397
2021-09-03,3399.4970703125,3446.5426718178223,3370.0935693716733,3370.9982924775445,740269
2021-09-06,3420.848388671875,3464.1845341105336,3410.805874535574,3423.879078340291,779715
2021-09-07,3411.43896484375,3438.5353744615845,3403.703539033877,3435.052323446597,450262
2021-09-08,3370.41015625,3410.579771956731,3363.760353374925,3410.579771956731,396710
2021-09-09,3348.018310546875,3373.6670772784514,3342.9517729585928,3370.0029046368954,479537
2021-09-13,3347.068115234375,3365.569656941363,3329.3807358989825,3346.5704733941134,342427
2021-09-14,3393.66162109375,3408.0919103316187,3338.4282317822335,3363.217556316773,741880
2021-09-15,3419.038818359375,3439.3950861017393,3399.9943548067013,3404.110888681641,510406
2021-09-16,3450.1611328125,3468.707954163662,3419.8981928812877,3436.1379264250363,558125
2021-09-17,3458.0322265625,3509.782338287948,3447.4017312505916,3474.136340232213,1304667
2021-09-20,3416.279541015625,3450.0708146416086,3379.140615377513,3450.0708146416086,399648
2021-09-21,3373.53125,3432.383526781286,3343.8562906902403,3417.138855502445,354217
2021-09-22,3399.179931640625,3410.805710544336,3367.42428686334,3376.426236538849,245919
2021-09-23,3437.223876953125,3456.0421611689294,3399.18022731197,3399.18022731197,228970
2021-09-24,3446.814208984375,3482.3698720056473,3426.231757871615,3437.9478781752523,363519
2021-09-27,3540.543212890625,3550.857188530334,3458.5754343711033,3465.99411945111,962801
2021-09-28,3536.291015625,3568.9516067677678,3506.1636932513634,3554.6569381016343,478682
2021-09-29,3527.74169921875,3560.8997139062776,3483.1840846296564,3528.4202415728987,379896
2021-09-30,3467.48681640625,3525.1629126264447,3448.8043731981597,3521.408400204758,576711
2021-10-01,3485.536376953125,3511.0042444036058,3440.345280450909,3456.0423149189655,407091
2021-10-04,3461.42529296875,3514.4874351996373,3457.1731385836506,3489.019347460553,237249
2021-10-05,3495.849853515625,3504.806523328828,3456.042039448677,3460.0680128317904,287612
2021-10-06,3410.85107421875,3513.944218428487,3401.7585636691842,3506.7064342504677,383507
2021-10-07,3463.77734375,3500.056604128908,3424.3766122651814,3451.518302719067,343916
2021-10-08,3452.016357421875,3509.0139141920636,3443.4667680822804,3477.348604875292,215542
2021-10-11,3485.083740234375,3510.2348642555407,3465.4060139478183,3478.6601182441445,239321
2021-10-12,3599.666748046875,3613.9161357394264,3490.4214424039824,3492.2308884601794,1353877
2021-10-13,3589.62451171875,3664.128547196953,3579.62749818877,3614.323496472084,648769
2021-10-14,3588.041015625,3627.0799473248812,3577.455800233989,3591.750468440488,272066
2021-10-18,3542.850341796875,3591.4792079075346,3493.13585215363,3493.13585215363,463126
2021-10-19,3538.869384765625,3578.179555938758,3521.4081862459243,3555.7423807925934,275481
2021-10-20,3481.96240234375,3537.3766911346524,3463.279959046109,3531.812732530368,321450
2021-10-21,3441.56640625,3505.937361485073,3410.3534617138207,3501.2781262322555,373336
2021-10-22,3498.111572265625,3537.4670238092835,3449.754170809174,3473.6387702907086,408499
2021-10-25,3405.151611328125,3514.6231078331275,3379.140821869292,3486.802872151071,306195
2021-10-26,3430.4833984375,3448.62313856877,3403.794070223903,3419.7172832048864,170050
2021-10-27,3416.686767578125,3451.5186067285968,3401.7588365136367,3433.4241448322477,251226
2021-10-28,3348.108642578125,3492.231072735066,3337.387806657238,3487.662177026152,706705
2021-10-29,3354.034423828125,3397.0993280338416,3315.809876142714,3365.5696423604086,316325
2021-11-01,3371.1337890625,3392.711522698726,3330.828552876564,3367.1983762239634,228051
2021-11-02,3385.337890625,3428.900215298639,3371.94794587218,3379.140449641271,250053
2021-11-03,3346.027587890625,3405.3322270745834,3337.568560032066,3371.1789324666033,261709
2021-11-04,3401.17041015625,3406.1914459722652,3364.212388213295,3364.212388213295,65679
2021-11-08,3417.41064453125,3437.9478149340016,3386.9215199273735,3429.8053069512634,261609
2021-11-09,3432.92626953125,3478.660063040521,3412.615281609583,3419.853065875987,521920
2021-11-10,3412.343994140625,3439.3953467404467,3387.2832090190595,3428.900470668332,373526
2021-11-11,3392.666015625,3421.5268122436796,3370.9979436574513,3414.8770097517577,446382
2021-11-12,3288.713623046875,3421.6626333310164,3271.2071433795836,3421.6626333310164,745428
2021-11-15,3258.04345703125,3323.8620616232893,3238.9539324196367,3303.1439912788273,551238
2021-11-16,3264.8740234375,3303.867675209467,3241.7132459060163,3268.67381606817,473529
2021-11-17,3242.346435546875,3296.81071771743,3235.6513526044037,3266.0501347310437,348752
2021-11-18,3209.55029296875,3252.3887967618966,3189.1487440613073,3248.40810370273,384426
2021-11-22,3116.047119140625,3229.8613242669135,3099.5812036242146,3229.8613242669135,422572
2021-11-23,3107.588134765625,3119.9375163567142,3054.390373912363,3112.2473702383927,713102
2021-11-24,3082.48193359375,3129.4369706470907,3063.075447835283,3129.4369706470907,287005
2021-11-25,3068.549072265625,3088.633879457742,3055.2949681606424,3077.8677636979,264226
2021-11-26,3016.8896484375,3061.1305183679465,3003.680603216073,3048.9167568789658,341506
2021-11-29,2983.95751953125,3034.7578513198973,2936.911920928141,3004.5852492485433,403739
2021-11-30,2931.57421875,3006.3494924104652,2915.9677457347225,2981.9672497596302,682518
2021-12-01,2939.94287109375,2980.338667471122,2919.8127829588016,2967.4916441631754,551434
2021-12-02,3011.280029296875,3019.3774770776718,2928.13607161703,2949.351782386079,502905
2021-12-03,2974.593994140625,3024.6250059005124,2968.034751530114,3017.2516008350467,315536
2021-12-06,2940.12353515625,2985.5858653790674,2933.7451939042858,2983.5955189780752,251407
2021-12-07,2973.3271484375,3000.966482952351,2950.3019900233994,2971.9700638054746,286908
2021-12-08,3014.58251953125,3019.9202972392004,2982.8719320677924,2988.1646503264164,334037
2021-12-09,3022.6796875,3030.8221948892547,2991.0143809862316,3030.8221948892547,237723
2021-12-10,3026.072509765625,3043.669329425538,3003.680613624897,3003.861514064244,220039
2021-12-13,2990.516845703125,3051.133291760968,2981.062533740184,3046.2025951754777,214515
2021-12-14,2978.031494140625,2990.1096350273147,2956.6348826835897,2985.58601984573,181626
2021-12-15,2980.610107421875,3012.5921557972188,2962.9680078332494,2976.2221122492533,295667
2021-12-16,2943.19970703125,3010.692135034089,2919.8580290031314,3010.692135034089,324140
2021-12-17,2876.250244140625,2951.025738001008,2849.063492737339,2938.5857958555375,3170631
2021-12-20,2809.345947265625,2868.9673282914173,2738.6419298493674,2849.7870230875815,595625
2021-12-21,2832.50732421875,2858.9704767488547,2797.4040213020253,2815.498484570473,326850
2021-12-22,2837.075927734375,2871.1839433013274,2828.1643171419983,2833.592655562616,294578
2021-12-23,2871.681640625,2886.9260921228497,2839.021048811663,2849.8777258625682,224147
2021-12-24,2851.732421875,2890.590233894933,2836.30684922085,2878.1955719036155,123753
2021-12-27,2853.587158203125,2871.726679273888,2824.545458950458,2845.354089813962,94069
2021-12-28,2873.445556640625,2883.8498712431483,2849.877478082459,2860.0103316063796,214640
2021-12-29,2951.658935546875,2957.539635341834,2851.732319360766,2884.9356109502214,563709
2021-12-30,2895.837646484375,2966.72256648747,2883.3524239430803,2965.682223308885,594987
2021-12-31,2939.67138671875,2953.649313743806,2910.4940681924195,2922.2554679084597,248103
2022-01-03,2964.867919921875,2978.891126839374,2941.7069220804706,2948.2208836984764,266680
2022-01-04,2975.769775390625,3000.0616779928205,2959.0323987190727,2971.110539966352,244503
2022-01-05,3038.5576171875,3044.393036633051,2968.396301097486,2975.76970553866,312215
2022-01-06,3092.524169921875,3102.2952226731522,3015.4418131144985,3026.1175888820117,410181
2022-01-07,3069.27294921875,3109.9854864965223,3055.2497419341835,3109.9854864965223,263996
2022-01-10,3107.814208984375,3122.425397756388,3080.084315227688,3089.44828706141,318473
2022-01-11,3109.306884765625,3117.6302924962483,3087.819712724254,3087.819712724254,225782
2022-01-12,3112.337646484375,3123.1037617143284,3088.950468839266,3117.7659844247823,198452
2022-01-13,3122.199462890625,3143.2795555989696,3103.2002775180654,3117.5852866625655,291271
2022-01-14,3105.733154296875,3132.331922108372,3098.6762707306702,3122.199068698261,127752
2022-01-17,3157.257568359375,3190.9585052234443,3106.864533788231,3121.2948236520792,646271
2022-01-18,3076.917724609375,3163.997315678219,3069.3634198859945,3156.533350729461,656590
2022-01-19,3109.352294921875,3132.422733234847,3060.723429850415,3076.9178844711873,694189
2022-01-20,2993.502197265625,3119.484873795807,2981.062256136074,3075.062886574064,874508
2022-01-21,3093.971923828125,3142.9625885270766,2958.444367057336,2993.502385168489,1609260
2022-01-24,3060.044677734375,3125.0941737342473,3030.8220803656673,3095.057414009238,788137
2022-01-25,3138.574951171875,3157.4835753486027,3011.5969774904474,3038.9648508870937,571406
2022-01-27,3167.52587890625,3199.82444680161,3070.8108547700353,3116.77082872808,664333
2022-01-28,3163.997314453125,3222.8948716505597,3153.0502983936385,3171.054198214238,575466
2022-01-31,3225.020751953125,3244.019934943434,3154.7690993908145,3184.6249583755857,470500
2022-02-01,3197.698486328125,3250.082085849707,3176.9804158862466,3236.194498044395,487464
2022-02-02,3198.19580078125,3243.431950721579,3185.9367599714933,3202.719415775283,212256
2022-02-03,3276.0927734375,3303.0986243539114,3185.5299064335513,3211.7668752738164,760774
2022-02-04,3225.654541015625,3276.0928530287524,3211.766953302299,3276.0928530287524,296588
2022-02-07,3144.8173828125,3229.8613511624353,3137.57959827208,3229.8613511624353,286849
2022-02-08,3129.120361328125,3178.2468682619597,3117.5851421722637,3144.9079556216366,397493
2022-02-09,3224.02587890625,3229.861298420744,3123.103978192831,3123.103978192831,352729
2022-02-10,3229.273681640625,3240.3112599556534,3207.8315661634533,3223.8453427106424,239918
2022-02-11,3226.83056640625,3234.385092666862,3173.768644776322,3193.6725530388876,339577
2022-02-14,3155.628662109375,3200.91009413478,3131.563161933945,3134.8653126560243,282645
2022-02-15,3247.23193359375,3257.907709781739,3142.781701431357,3157.483451024235,357052
2022-02-16,3245.151123046875,3293.192006883773,3230.8566751053363,3256.09836065239,244587
2022-02-17,3254.560302734375,3311.286394330166,3248.0463408886726,3248.0463408886726,513917
2022-02-18,3286.08984375,3295.453815971542,3224.0712533748383,3254.288915868123,277299
2022-02-21,3238.456298828125,3291.337319232862,3227.46400164269,3278.852096421973,344326
2022-02-22,3257.63623046875,3270.5738142140467,3180.1015095331604,3184.6251247672044,432562
2022-02-23,3239.179931640625,3293.1012920863013,3229.86124018908,3270.6643374856244,209392
2022-02-24,3147.441162109375,3220.1810332146233,3107.7239056409685,3153.412423031032,628362
2022-02-25,3174.130126953125,3220.813922724243,3157.573872537216,3157.573872537216,327777
2022-02-28,3193.989013671875,3221.7186859842736,3119.530264678056,3164.449674433224,387040
2022-03-02,3050.997314453125,3164.992408618806,3015.441657573141,3164.992408618806,982580
2022-03-03,2982.962646484375,3080.4012809990704,2966.5870698845947,3075.153842798944,536758
2022-03-04,2933.202880859375,2972.874856672298,2850.782517254607,2941.2548281798563,509620
2022-03-07,2926.46240234375,2966.5869590190327,2827.2596056524785,2881.5429900810063,335205
2022-03-08,3001.056884765625,3034.848157786675,2873.128914363516,2921.3506965783513,557492
2022-03-09,3020.870361328125,3039.869545990566,2979.2530996865876,3003.6806228240116,508262
2022-03-10,3096.279052734375,3112.24732639147,3062.849358963744,3075.1536809315717,350154
2022-03-11,3096.86669921875,3117.2229658656743,3063.799030778598,3076.058071090783,156038
2022-03-14,3123.6015625,3134.820039795914,3047.107185620909,3077.8677688486737,245299
2022-03-15,3124.958740234375,3161.1023824288022,3099.8979555627734,3113.152060085148,229544
2022-03-16,3229.680419921875,3249.9461280899054,3149.3409681135167,3157.528755972707,262987
2022-03-17,3302.646240234375,3315.6743847868506,3234.972911374668,3238.9085450256525,429272
2022-03-21,3247.096435546875,3363.7604332949295,3239.1348282152153,3302.646344667929,432309
2022-03-22,3308.074462890625,3313.095719858803,3224.885224859832,3238.908431757104,213667
2022-03-23,3258.360107421875,3332.411778390002,3247.95579221006,3315.764741523306,281347
2022-03-24,3242.436767578125,3291.2918110280593,3229.5897447727752,3248.2271274777563,385957
2022-03-25,3306.1748046875,3310.5172986744365,3249.7652335100943,3249.7652335100943,492945
2022-03-28,3336.392578125,3380.9501903472647,3297.760946323456,3306.174915243897,688267
2022-03-29,3337.614013671875,3379.1407148275302,3312.0555865784672,3345.4850603176296,376929
2022-03-30,3324.04296875,3374.300156300418,3316.0360815925774,3374.300156300418,343930
2022-03-31,3304.953369140625,3361.181819494509,3289.663637635253,3329.380891989461,511249
2022-04-01,3383.57373046875,3389.0926295628265,3289.5730915884774,3289.5730915884774,391985
2022-04-04,3405.060791015625,3412.6153167733855,3362.3126272516956,3392.711409835683,419517
2022-04-05,3446.7236328125,3455.997044810592,3406.2825534455346,3406.2825534455346,339228
2022-04-06,3439.576416015625,3446.99510145437,3385.1121281423325,3438.852593340698,240470
2022-04-07,3439.983154296875,3455.6801872807414,3411.755839826197,3439.6213534353155,224527
2022-04-08,3447.3115234375,3470.5175810590936,3408.0916913059455,3449.075689189377,229962
2022-04-11,3426.322021484375,3460.56587938783,3409.132282475651,3456.0422638592186,135225
2022-04-12,3358.377197265625,3416.867453318407,3325.8071678987717,3409.448768582998,266145
2022-04-13,3345.03271484375,3390.4497696501903,3319.5195679578715,3358.3773803813992,198206
2022-04-18,3360.684326171875,3400.175398908919,3297.941694371779,3338.4280508145844,373718
2022-04-19,3308.70751953125,3414.967409001965,3273.6044450186077,3383.663905905638,211918
2022-04-20,3366.248291015625,3379.0953141601067,3304.3200423688663,3316.7147039879815,174080
2022-04-21,3349.601318359375,3383.2116897681517,3329.4712314233298,3351.998745979677,216475
2022-04-22,3295.453857421875,3342.7256389044537,3277.676137043927,3320.3337424127058,228316
2022-04-25,3332.049560546875,3369.8670264845464,3257.0028311549413,3258.8122771722497,444222
2022-04-26,3521.272705078125,3532.943544183361,3351.953652116552,3351.953652116552,1107122
2022-04-27,3533.53173828125,3545.6098801928447,3479.5650929374024,3501.2784476515203,541564
2022-04-28,3469.070068359375,3618.8922978418923,3442.4712983221,3618.8922978418923,1628318
2022-04-29,3374.2099609375,3474.136579577811,3357.7440452831406,3442.4712722118675,594650
2022-05-02,3278.21875,3365.569806216303,3262.4313766709647,3365.569806216303,376660
2022-05-04,3163.72607421875,3332.0951290421717,3153.3217587194326,3279.6211900021376,575428
2022-05-05,3188.1533203125,3252.479214548756,3175.9395597015377,3201.633825662753,323081
2022-05-06,3166.304443359375,3216.29039106867,3130.3417026997463,3155.9454087792606,436366
2022-05-09,3228.73046875,3243.1607575972735,3148.436295971979,3157.4835267075305,502719
2022-05-10,3250.715087890625,3299.253389512549,3202.719487552365,3225.292282702547,507087
2022-05-11,3268.628662109375,3282.2898472293564,3200.276793543455,3257.002882911569,437746
2022-05-12,3243.43212890625,3305.8580192533996,3201.995769108589,3243.43212890625,777332
2022-05-13,3295.091796875,3380.045200033624,3273.3331640853644,3273.3331640853644,633218
2022-05-16,3361.815185546875,3370.0933129839564,3302.239085205756,3302.239085205756,401803
2022-05-17,3386.2880859375,3426.1864639808264,3370.1841910650905,3370.1841910650905,402398
2022-05-18,3429.98583984375,3464.6367753886257,3380.2260741703267,3386.3782348295144,507061
2022-05-19,3346.163330078125,3418.0435289879815,3329.425954406797,3340.146789538755,261026
2022-05-20,3426.909912109375,3482.2789169638927,3379.1404922993347,3401.7585678836676,396832
2022-05-23,3425.4169921875,3505.349359784938,3410.8058036880157,3470.517523328177,339483
2022-05-24,3422.8388671875,3475.9460677214192,3411.756009475478,3453.6897916376597,369304
2022-05-25,3430.52880859375,3455.1372306850726,3385.6997385522945,3451.111257401837,225253
2022-05-26,3489.833740234375,3501.2783991043884,3396.375799772271,3438.943065828788,419826
2022-05-27,3467.848876953125,3519.3728126435294,3458.801646072293,3505.8019663222817,422591
2022-05-30,3489.2451171875,3531.269455967294,3476.895736705219,3492.230747235416,271827
2022-05-31,3495.9404296875,3580.8938358237265,3473.231792755757,3506.706545642436,1154256
2022-06-01,3365.660400390625,3532.0388855674114,3354.0799008521776,3507.792262976212,784215
2022-06-02,3337.251708984375,3392.620712791045,3317.031282322436,3365.6601439084593,346754
2022-06-03,3322.776123046875,3378.145126556311,3302.23895509114,3364.6648421873833,409815
2022-06-06,3453.327880859375,3501.0520217331846,3302.6914930775865,3311.286362050121,1136609
2022-06-07,3468.798828125,3486.485987526896,3406.2823753282028,3406.2823753282028,561644
2022-06-08,3432.655029296875,3483.1839023095154,3409.041889136288,3468.2559712996176,346603
2022-06-09,3509.10400390625,3523.8963142705175,3419.3102403141193,3432.654905432345,627869
2022-06-10,3511.22998046875,3592.6550508738487,3483.183567329216,3579.3556668836104,1412838
2022-06-13,3511.456298828125,3523.9415209554436,3432.926294784039,3460.565627830616,519745
2022-06-14,3330.964111328125,3542.6693064257774,3259.671890341532,3514.8490724546114,1733394
2022-06-15,3345.75634765625,3386.0615822048,3297.7154660946176,3347.4752330727256,753821
2022-06-16,3309.657958984375,3380.769282109734,3286.85898132453,3380.769282109734,438590
2022-06-17,3283.19482421875,3360.096287124976,3271.1169034548043,3320.3337513629244,727356
2022-06-20,3271.433349609375,3292.1063601664655,3234.2040835303783,3275.323702996793,268242
2022-06-21,3297.941650390625,3324.8571607394683,3271.523781888026,3285.049347114288,424763
2022-06-22,3289.25634765625,3366.926911722578,3269.804801612441,3297.7155967294902,585483
2022-06-23,3424.19580078125,3434.328654637972,3316.036117337151,3329.47134281266,1186420
2022-06-24,3450.02587890625,3475.358125391761,3421.617441391131,3438.6715599662766,558798
2022-06-27,3493.31689453125,3581.3012186505066,3453.3281764853728,3501.2785022264584,1819576
2022-06-28,3518.4677734375,3534.933687985296,3422.612415043178,3474.091065778129,799053
2022-06-29,3499.061767578125,3528.419987141357,3488.6574522314263,3510.3255256688376,524392
2022-06-30,3479.395751953125,3537.3606475508345,3465.6905999472806,3520.1353601848054,715926
2022-07-01,3402.42236328125,3453.2060487892945,3380.362846815196,3443.11499338461,756589
2022-07-04,3454.19140625,3468.6473367705166,3386.839484679666,3421.008172732963,536505
2022-07-05,3457.0078125,3473.200436155047,3438.4684317934966,3473.200436155047,294980
2022-07-06,3541.772705078125,3545.762192045375,3449.8735619037043,3456.3037678622927,333226
2022-07-07,3562.846435546875,3600.9578604493718,3552.990056262659,3554.210415723421,534547
2022-07-08,3590.5380859375,3595.231599775327,3560.217940710043,3595.231599775327,326804
2022-07-11,3612.644775390625,3621.51547118401,3562.3771936607873,3585.844764106511,372417
2022-07-12,3611.987548828125,3626.208804137659,3597.155999212191,3616.8217764282685,244636
2022-07-13,3624.0966796875,3641.1810240797727,3612.1282195007448,3621.5152470982,308508
2022-07-14,3626.396728515625,3647.7522179069274,3605.557571516135,3622.360260509862,377688
2022-07-15,3673.47265625,3678.776235345231,3624.33147350547,3626.2088790861512,281730
2022-07-18,3739.8388671875,3745.4241029093732,3684.502383983372,3689.1019359483303,513318
2022-07-19,3756.6884765625,3788.6043706662294,3722.895176923257,3733.2678883420654,512451
2022-07-20,3756.73583984375,3806.4401106195755,3753.8727502756306,3771.7081046780404,377717
2022-07-21,3808.3642578125,3821.0837266451686,3748.662667792084,3759.176093364572,371547
2022-07-22,3805.970703125,3840.2333571301947,3797.287701767519,3815.8270830443025,280291
2022-07-25,3774.664794921875,3824.2283502037894,3753.215572751799,3805.970625986984,372987
2022-07-26,3684.971923828125,3782.972407681996,3676.89898781399,3767.953162390951,882407
2022-07-27,3645.781005859375,3717.263133279902,3609.453023716474,3691.9181573711753,514997
2022-07-28,3621.750244140625,3673.801270951828,3611.189837156479,3645.921842348782,423758
2022-07-29,3674.505126953125,3709.9881386024226,3640.2894557531013,3660.002214538768,412805
2022-08-01,3729.748046875,3743.781608523742,3675.0216253671283,3679.6681585985843,459482
2022-08-02,3751.243896484375,3759.5045265475896,3699.756187976893,3729.747695106391,398168
2022-08-03,3758.0498046875,3764.1983540685214,3720.1263019675816,3753.8726229226977,312355
2022-08-04,3765.7939453125,3787.665766203992,3732.282301468915,3765.136899193113,310996
2022-08-05,3767.108154296875,3790.716437143905,3748.2871180414895,3778.2786255195238,287542
2022-08-08,3776.07275390625,3792.2653773227025,3754.8112270035385,3767.0143634912997,238574
2022-08-10,3787.525146484375,3816.765647514641,3767.9531011125846,3767.9531011125846,218912
2022-08-11,3786.2578125,3809.4907072215506,3775.791367760286,3801.840370932934,277432
2022-08-12,3790.48193359375,3811.1333953419085,3767.7183905304396,3786.257770963445,217139
2022-08-16,3840.373779296875,3848.6813905539957,3790.4818183065936,3790.4818183065936,302627
2022-08-17,3818.549072265625,3867.878179982236,3811.133411730729,3844.081972058992,313179
2022-08-18,3811.743408203125,3828.968696140586,3792.8286385771116,3828.968696140586,451908
2022-08-19,3824.79150390625,3837.839381034374,3801.746304546065,3803.6237101285565,223883
2022-08-22,3793.861572265625,3823.7121398859645,3763.0720726093814,3782.9725274147754,388178
2022-08-23,3815.310546875,3823.1957878946096,3769.8774230579415,3778.2787672767886,172256
2022-08-24,3816.531005859375,3833.6153514174116,3802.1688068201565,3802.1688068201565,245586
2022-08-25,3813.902587890625,3844.598124359722,3802.7790969462358,3823.3365970944446,374693
2022-08-26,3805.876708984375,3871.539156089027,3793.720553021804,3825.2140791898655,453561
2022-08-29,3783.019287109375,3801.7463622438486,3741.200031289595,3778.2318111311683,608621
2022-08-30,3834.460205078125,3875.8570900213385,3765.6532443470583,3801.980996690324,740581
2022-09-01,3826.43408203125,3878.4851039063515,3764.1980436048816,3764.1980436048816,510034
2022-09-02,3783.81689453125,3851.309531856539,3778.6540293090643,3829.9072920940444,556543
2022-09-05,3714.1181640625,3807.237660702942,3702.525322543031,3801.7461579157616,799837
2022-09-06,3688.538818359375,3745.4243016791365,3679.2457519878135,3719.1406223691074,508096
2022-09-07,3609.92236328125,3696.142307898878,3577.584097368509,3675.0214947108843,724097
2022-09-08,3610.814208984375,3642.1198092247378,3604.6186789597195,3627.992286535906,493973
2022-09-09,3612.691650390625,3642.166826335621,3599.92520077245,3628.8842735231738,485613
2022-09-12,3633.061767578125,3651.366473563188,3590.538481685416,3604.6190247508493,369281
2022-09-13,3629.494140625,3651.553654993211,3618.6990591256626,3628.086086516391,507487
2022-09-14,3614.240234375,3678.729066950804,3577.9594650469185,3581.1509627012856,576311
2022-09-15,3537.0322265625,3646.4850670695305,3521.4029162761512,3628.086400123159,351737
2022-09-16,3463.390869140625,3567.0705447984196,3450.765362652685,3567.0705447984196,579176
2022-09-19,3480.94482421875,3503.098303026161,3436.6850767567676,3473.200525749174,454942
2022-09-20,3537.595458984375,3574.4862956342854,3496.667925289317,3498.357636162138,268923
2022-09-21,3501.9248046875,3574.063978337349,3495.7292744535566,3542.523701336296,197924
2022-09-22,3500.32861328125,3529.52236064722,3473.2001953177432,3491.9742504275687,149651
2022-09-23,3472.16796875,3538.9098347574045,3457.242684724541,3501.361719799766,158122
2022-09-26,3355.39306640625,3460.76245281109,3347.4140928254824,3444.0065166212858,517637
2022-09-27,3324.79150390625,3374.5897355019106,3294.9409368755682,3369.943202269814,344198
2022-09-28,3328.54638671875,3354.8300668549327,3290.1535313328845,3308.927588573015,181128
2022-09-29,3263.587890625,3345.3959749368864,3252.652094971075,3344.5979859082818,350931
2022-09-30,3311.5087890625,3336.1027564861192,3249.0850531195742,3272.7872987219635,276996
2022-10-03,3299.868896484375,3341.687921830029,3261.9921477887783,3311.508719240824,442640
2022-10-04,3360.1806640625,3379.236147729473,3322.256933104125,3332.864320672387,317554
2022-10-06,3374.307861328125,3395.428673908616,3351.168929437914,3376.983255925181,353529
2022-10-07,3382.662353515625,3444.006440957106,3360.5558578336077,3360.6028388063824,591544
2022-10-10,3395.240966796875,3402.7036080463176,3312.7290842870684,3339.294418737569,240975
2022-10-11,3312.447509765625,3412.2316633692203,3303.8584708047597,3412.2316633692203,258827
2022-10-12,3402.328369140625,3429.0813994952964,3300.3383994762576,3329.015587270432,496229
2022-10-13,3383.8359375,3425.138861166571,3369.943090067964,3395.147352202875,336605
2022-10-14,3351.63818359375,3438.468188350065,3334.4128963854146,3435.6050991148963,499983
2022-10-17,3406.55224609375,3449.544877454084,3358.6784063167365,3360.555811798188,921084
2022-10-18,3389.937255859375,3440.2048334965357,3381.301236473573,3423.5896116333447,496519
2022-10-19,3431.756591796875,3489.1111931779583,3401.624141399146,3406.927720346106,456361
2022-10-20,3465.550048828125,3476.8612343092595,3366.18826506178,3406.881123405269,310251
2022-10-21,3443.725341796875,3492.3032139263128,3418.5210787899528,3472.2618165563354,207556
2022-10-24,3473.0126953125,3491.9744462013987,3454.4263338766527,3487.2809321608056,29986
2022-10-25,3430.114013671875,3498.5453565310904,3420.6330236649565,3472.2616779738405,351456
2022-10-27,3400.26318359375,3464.3766303920243,3385.1029959339144,3464.3766303920243,333703
2022-10-28,3445.696533203125,3491.0359270556464,3408.430075595335,3417.3007717636433,500485
2022-10-31,3446.77587890625,3479.1611246705497,3434.807418515096,3462.9685017884,314769
2022-11-01,3503.89599609375,3514.6910786029744,3438.4684548946807,3460.574952303017,514106
2022-11-02,3507.744384765625,3516.3804039910533,3467.1924729252214,3516.3804039910533,317571
2022-11-03,3542.195068359375,3580.2125323234814,3502.3471797432067,3523.8903634877684,637882
2022-11-04,3539.9423828125,3576.3638697795236,3532.2448361597076,3547.7804140460403,230932
2022-11-07,3538.768798828125,3584.577311565646,3528.1144305086627,3557.683568345838,272013
2022-11-09,3510.325927734375,3561.4382468280587,3489.95612381824,3557.683435814007,249436
2022-11-10,3496.292724609375,3538.909742302714,3489.1584912836042,3510.3262863730615,291055
2022-11-11,3499.1552734375,3552.0042849897536,3481.1792071417312,3513.799128254897,268871
2022-11-14,3497.606689453125,3537.0322076917273,3483.009814841592,3516.662402436881,200313
2022-11-15,3533.41796875,3556.7448244443267,3497.653530427544,3497.653530427544,296104
2022-11-16,3517.74169921875,3565.6625221382637,3510.419771674379,3526.7063566337915,329588
2022-11-17,3467.708740234375,3536.42196622203,3452.924171631991,3519.1966787516,185433
2022-11-18,3410.260498046875,3479.630776675197,3399.043044742326,3467.70906705249,327528
2022-11-21,3397.634765625,3422.3226949622212,3385.3376673434814,3393.410603048591,226673
2022-11-22,3397.25927734375,3419.6941818155815,3365.2494213035575,3413.1232624434406,322261
2022-11-23,3386.698974609375,3430.1607307287973,3374.6365520091886,3400.169222228236,340707
2022-11-24,3398.244873046875,3407.1625497080113,3377.875067982325,3395.4757456029884,397640
2022-11-25,3417.112548828125,3428.7993517624595,3380.268467366274,3409.602927128894,224797
2022-11-28,3451.328369140625,3482.587216677978,3407.6786910879223,3407.6786910879223,185431
2022-11-29,3435.746337890625,3470.384380830282,3428.1427532572875,3454.755070298473,134922
2022-11-30,3520.79248046875,3541.6316364050413,3445.9779145389984,3449.685744694757,1267676
2022-12-01,3480.334716796875,3514.5503892393317,3374.0266209139327,3514.5503892393317,514227
2022-12-02,3435.042236328125,3484.7934855026697,3417.629253281936,3479.771333774288,349992
2022-12-05,3435.55810546875,3446.9165004219212,3415.0006068994962,3446.9165004219212,163476
2022-12-06,3468.3193359375,3473.0128501873946,3418.849741578707,3428.142808123299,251515
2022-12-07,3411.855712890625,3481.2259806579777,3407.068466575383,3468.318818396767,167024
2022-12-08,3413.264404296875,3434.2914864303348,3396.2270386009627,3412.231968628477,141912
2022-12-09,3395.240966796875,3444.3821488916756,3380.2687033239968,3426.26513944254,166035
2022-12-12,3376.279541015625,3402.4225075637823,3354.5016803096646,3395.241293117138,171844
2022-12-13,3413.827392578125,3418.7555822560066,3371.1633963447066,3393.1759310708126,126272
2022-12-14,3428.189697265625,3443.1149805102687,3417.816985216124,3426.265310639619,132320
2022-12-15,3397.447021484375,3431.8973677157906,3388.7170397850123,3412.184609312609,161541
2022-12-16,3332.01953125,3405.519776723871,3322.0691899574404,3392.2372238510034,228381
2022-12-19,3407.256591796875,3413.452122135262,3332.3950412229233,3348.6816269678307,238078
2022-12-20,3392.0966796875,3411.246125983748,3361.8702648510425,3411.246125983748,152284
2022-12-21,3389.702880859375,3432.9769435713615,3372.383859579314,3393.4107111817225,149348
2022-12-22,3380.1279296875,3424.293711266154,3362.0109205593667,3406.69303449183,158182
2022-12-23,3324.69775390625,3379.3302131842966,3316.437123105589,3360.5561564443838,122024
2022-12-26,3334.4599609375,3355.6747353826104,3308.035569416812,3324.8852384405545,140091
2022-12-27,3370.834716796875,3379.3300228282483,3332.3948836223008,3337.0883975428956,115917
2022-12-28,3366.986328125,3383.976711795618,3332.395037265162,3360.5561220871214,229748
2022-12-29,3350.04248046875,3379.329960961991,3323.007794945958,3359.6172028563797,748244
2022-12-30,3394.396484375,3419.7884422861234,3348.963128959181,3360.5562008193588,287867
2023-01-02,3354.876708984375,3398.1040172488383,3304.6561109393992,3395.287908947251,471328
2023-01-03,3380.92578125,3398.1040880828637,3344.1286778439785,3344.1286778439785,218996
2023-01-04,3335.0703125,3381.7237955150486,3326.2933497080976,3368.065624030663,250071
2023-01-05,3399.183349609375,3409.8377174234756,3340.2330006292605,3349.291390438255,294998
2023-01-06,3418.990234375,3424.387775413549,3377.452635947903,3396.2266917341617,173591
2023-01-09,3398.808349609375,3444.100762194793,3384.962482549584,3436.121787956947,200031
2023-01-10,3355.111572265625,3413.1234523569556,3344.8798032013087,3408.05454880088,247609
2023-01-11,3321.17724609375,3369.8958262041815,3314.6063269711226,3365.249293516847,308958
2023-01-12,3351.450439453125,3360.5558101987363,3304.2806267541064,3321.1772760791278,182941
2023-01-13,3384.305419921875,3396.086186486121,3337.22933464234,3360.556192059095,180876
2023-01-16,3363.5126953125,3398.9957053963562,3341.7818181372204,3388.6699750594153,226147
2023-01-17,3385.85400390625,3391.2515449827865,3349.4322895894816,3369.9430373505143,106465
2023-01-18,3388.623046875,3415.7047135325965,3359.617222874109,3402.79755041035,306275
2023-01-19,3356.754150390625,3406.5053975836686,3353.046320255674,3379.283017044079,226186
2023-01-20,3353.75048828125,3366.751613962417,3333.568377722703,3363.419173128117,191361
2023-01-23,3401.4365234375,3404.6750022116203,3352.1076462359238,3363.8414310519274,173482
2023-01-24,3460.52783203125,3469.539470476841,3390.0781418739107,3403.7363132904684,212778
2023-01-25,3489.533935546875,3510.748711947024,3448.5126662183166,3462.874865875019,375571
2023-01-27,3695.438232421875,3750.1176702928537,3595.231708941584,3614.0057648629504,2375899
2023-01-30,3605.6982421875,3706.8904519292046,3584.7653526603867,3698.489107532725,654472
2023-01-31,3584.201904296875,3640.2893956297467,3568.0092812760877,3640.2893956297467,359118
2023-02-01,3577.677978515625,3648.174420325609,3529.6164416484307,3594.7153424322787,328212
2023-02-02,3558.340576171875,3622.5479837183916,3510.7483911430804,3566.13185506753,309024
2023-02-03,3616.3994140625,3621.515298340404,3538.1584462604587,3552.9899959093905,242350
2023-02-06,3613.1611328125,3632.4982734884748,3570.9195057174898,3610.7673947753506,205412
2023-02-07,3641.650634765625,3656.247509554143,3584.1550866372063,3635.5960473692417,246673
2023-02-08,3642.448486328125,3659.8614689390247,3600.394555449581,3659.8614689390247,309039
2023-02-09,3610.016357421875,3652.0233084703386,3597.3438693960816,3642.072966942852,249061
2023-02-10,3596.780517578125,3613.020121968935,3567.164627367492,3609.3122917176133,170034
2023-02-13,3645.4521484375,3672.768490273658,3589.5993345242696,3614.8035951620277,372862
2023-02-14,3638.505859375,3667.464702013077,3625.7863911430622,3656.2002688941025,251160
2023-02-15,3666.009765625,3672.1113337287584,3614.005722995467,3629.588280899875,214072
2023-02-16,3667.13623046875,3689.9935047741815,3653.431078739568,3670.3277281273668,166844
2023-02-17,3655.590576171875,3679.715193724201,3634.6574566581903,3651.5541080579446,167844
2023-02-20,3664.508056640625,3693.748557351338,3654.698658161742,3656.2004451447133,169828
2023-02-21,3601.896728515625,3686.286021446402,3590.256675892951,3686.286021446402,177954
2023-02-22,3605.27587890625,3651.7886495235325,3581.104281264651,3601.8966862558273,477992
2023-02-23,3597.01513671875,3635.3612374392037,3581.3388459286493,3611.658991943021,299446
2023-02-24,3613.958984375,3637.3795746010805,3598.5643493356465,3598.5643493356465,263732
2023-02-27,3416.737548828125,3567.0237327072223,3403.7834040854395,3567.0237327072223,822866
2023-02-28,3436.778564453125,3513.5644975168834,3403.360883066723,3423.4490308426593,723245
2023-03-01,3502.91015625,3518.586676101118,3413.968067364269,3445.0392212204015,432887
2023-03-02,3487.515625,3527.035105086185,3454.4263508512213,3502.347175276253,276614
2023-03-03,3503.23876953125,3518.2580139879756,3470.8065426974113,3492.0213171627297,281411
2023-03-06,3494.837646484375,3542.664510240358,3490.237865073359,3493.570305983009,186747
2023-03-08,3577.583984375,3583.779514384663,3483.5729927576353,3495.541453186156,478922
2023-03-09,3579.7431640625,3603.445410002602,3568.009378943638,3577.584101765531,295897
2023-03-10,3587.628173828125,3609.6876898382798,3565.193268364589,3595.231758250757,530973
2023-03-13,3546.841552734375,3602.7413503710877,3537.3138109740685,3588.613827380418,247745
2023-03-14,3522.857421875,3561.8605665637288,3506.899475292286,3546.841322721174,278919
2023-03-15,3501.361572265625,3555.3369852429105,3492.490876315762,3543.509237859428,317890
2023-03-16,3567.25830078125,3577.396336759881,3511.640160410475,3511.640160410475,377544
2023-03-17,3580.587646484375,3593.3071144702653,3559.60777771141,3583.77937331163,396793
2023-03-20,3571.76416015625,3599.8782632296097,3553.0840660742488,3557.683618131981,331370
2023-03-21,3666.29150390625,3681.5924054805964,3564.019879017964,3573.1722313773307,803886
2023-03-22,3683.4228515625,3703.6519429865884,3650.239844679358,3681.357751212179,311063
2023-03-23,3626.161865234375,3672.580671960762,3616.868799364453,3663.2876060908407,256313
2023-03-24,3593.260498046875,3644.8891540813693,3578.3352146089205,3609.406370183515,281359
2023-03-27,3574.158203125,3608.65553402818,3567.0709505329182,3599.8785704139023,198811
2023-03-28,3559.185546875,3598.7987582953215,3538.4871047725583,3586.7833168946004,144400
2023-03-29,3641.509521484375,3655.308405686155,3567.211063406402,3576.9267282658175,429300
2023-03-31,3646.625732421875,3668.3098589511856,3623.392837929967,3638.0834452011186,248433
2023-04-03,3748.9443359375,3750.117714446401,3649.864208810833,3665.4467670792296,497915
2023-04-05,3776.5419921875,3780.1091085814023,3717.3099843610426,3749.178897860539,584697
2023-04-06,3786.351806640625,3815.82698367582,3773.6323375266065,3781.094979150357,321813
2023-04-10,3812.635498046875,3822.397915788317,3783.066358963542,3787.7128921272524,218632
2023-04-11,3921.3369140625,3927.1098445077982,3821.0366592035116,3829.907354667829,685931
2023-04-12,4023.280029296875,4043.321424892752,3914.859860518576,3921.3368178922833,992142
2023-04-13,4025.486083984375,4042.007344277634,3998.920520790118,4008.260796619111,371608
2023-04-17,3993.570556640625,4046.7479813573173,3962.3114767635902,4046.7479813573173,718984
2023-04-18,3951.23486328125,4004.6002105142056,3919.1310433490107,3993.4764903757814,235015
2023-04-19,4004.318359375,4033.5121091347596,3923.8245914914037,3927.6266129734695,406755
2023-04-20,4049.892578125,4065.0525369041743,3991.41111778959,4003.567502573907,409146
2023-04-21,4044.21337890625,4071.154334531889,4020.5111315124454,4058.01249439275,237639
2023-04-24,4066.554443359375,4088.003893755383,4020.1826172591013,4044.2130419735468,279716
2023-04-25,4076.36376953125,4106.82485954415,4051.535354819571,4073.970260667797,367525
2023-04-26,4035.483154296875,4095.2314931386627,4018.586504662694,4078.663481139782,964051
2023-04-27,4137.9892578125,4151.459274330964,4030.7892304757843,4036.4214464475717,667011
2023-04-28,4160.28369140625,4167.558637465549,4120.95168086942,4127.804485716482,457064
2023-05-02,4222.28515625,4230.264129977907,4152.867901476821,4167.793642542742,522701
2023-05-03,4175.208984375,4214.728460552955,4163.146562754105,4209.6123473891275,351550
2023-05-04,4184.45556640625,4196.0014272616845,4165.258911211837,4174.223339421863,191019
2023-05-05,4189.5244140625,4228.198693079968,4156.012541916262,4189.5244140625,180033
2023-05-08,4270.3935546875,4278.607203883194,4191.49577061095,4200.694874369745,365732
2023-05-09,4251.244140625,4296.4425874264225,4242.60789178225,4292.547062592831,329083
2023-05-10,4276.68310546875,4295.973264219418,4251.713519899674,4275.791154489118,229527
2023-05-11,4269.12646484375,4312.400756530503,4257.1112520841025,4312.400756530503,293197
2023-05-12,4260.677734375,4345.114228374957,4240.120236234796,4266.403912704704,620213
2023-05-15,4284.755859375,4326.012032479415,4263.635045502637,4288.933270347932,534604
2023-05-16,4260.162109375,4313.339533388469,4252.323849020624,4302.544450769543,321308
2023-05-17,4251.7138671875,4318.0331322109305,4232.61117242154,4271.0979894695065,346510
2023-05-18,4241.66943359375,4292.1719206498,4236.60053000288,4261.664078800779,194233
2023-05-19,4208.392578125,4271.238455601662,4190.416052816425,4256.078497045284,398571
2023-05-22,4245.9873046875,4286.7269132380425,4219.422199635102,4219.422199635102,368479
2023-05-23,4222.37939453125,4274.2894789590655,4215.808474560589,4256.970686332712,239196
2023-05-24,4240.68359375,4273.162800253721,4216.6994637106245,4229.371950712147,395343
2023-05-25,4359.3359375,4366.2822467638025,4228.480854818885,4229.466309448853,1016606
2023-05-26,4333.00537109375,4378.625960472895,4323.007819597368,4329.625949345042,484972
2023-05-29,4335.39892578125,4377.311914556249,4325.636508232408,4374.308340576365,301343
2023-05-30,4310.42919921875,4351.216018306675,4305.548219778531,4332.207287031931,229574
2023-05-31,4287.1962890625,4345.208395593672,4273.585098818995,4308.457815255437,719613
2023-06-01,4358.9599609375,4383.553696732095,4287.289917932453,4305.829296306566,698733
2023-06-02,4382.89697265625,4418.473714163628,4362.386226502426,4387.68444821049,606833
2023-06-05,4421.33642578125,4427.813841028976,4382.802863661498,4400.638214787986,234925
2023-06-06,4436.5439453125,4454.097870367212,4421.336777171468,4428.330296114619,353149
2023-06-07,4487.70361328125,4494.415246933429,4446.588612129317,4446.588612129317,239491
2023-06-08,4506.3837890625,4533.840847692359,4483.995634201799,4506.57171297473,295499
2023-06-09,4452.642578125,4526.236782805938,4444.757566614713,4506.383311110996,208197
2023-06-12,4477.28369140625,4496.386384941488,4443.208963311697,4458.791521368119,137778
2023-06-13,4464.423828125,4501.079989642908,4455.5061513989085,4477.612419311089,247078
2023-06-14,4440.251953125,4476.157333488253,4423.167379650991,4459.870749025842,191238
2023-06-15,4432.13232421875,4472.590509327716,4414.250217999792,4451.235019171523,178304
2023-06-16,4357.41162109375,4425.749001205885,4336.806911410189,4407.209621011004,658995
2023-06-19,4315.544921875,4369.661040513211,4305.500619708961,4360.274013573334,193043
2023-06-20,4376.232421875,4383.74204422056,4288.979813907137,4303.952306798987,453523
2023-06-21,4365.10888671875,4415.329488278659,4352.765036136373,4391.251852285088,274821
2023-06-22,4329.3916015625,4382.803703234348,4319.535221420294,4378.156940684047,180102
2023-06-23,4339.24755859375,4369.66143696819,4323.101687451891,4330.329882191774,348409
2023-06-26,4324.509765625,4372.43081777746,4318.5489112740825,4341.265701996125,298624
2023-06-27,4334.9765625,4391.8620475284215,4327.420187811794,4349.855094512244,444793
2023-06-28,4427.2041015625,4449.451542615981,4336.901161720854,4346.194228335864,769406
2023-06-30,4538.69921875,4580.7338076874,4483.991805413115,4484.959225435858,587936
2023-07-03,4460.4345703125,4535.264595777588,4438.570785593749,4532.55600894433,457367
2023-07-04,4474.70458984375,4522.49504567945,4461.693073638569,4461.693073638569,286373
2023-07-05,4730.73193359375,4740.357951444369,4482.056814090156,4496.519931891228,891033
2023-07-06,4757.4814453125,4777.119882042804,4674.5733637162475,4730.68372280059,888595
2023-07-07,4676.50830078125,4753.079499646904,4663.496312774209,4716.6562309596575,405959
2023-07-10,4738.375,4789.6964422896135,4687.198103863403,4691.019601830406,659388
2023-07-11,4757.4326171875,4793.033954730489,4745.1948493086375,4777.603417596474,400593
2023-07-12,4719.51025390625,4786.310415475185,4708.433106036933,4768.413145604282,295827
2023-07-13,4707.90087890625,4827.425421587741,4691.841613690494,4760.673446820295,501038
2023-07-14,4701.2744140625,4746.452645480373,4691.987087414862,4735.472806174249,419873
2023-07-17,4675.68603515625,4746.549552530108,4664.028812714963,4724.8312562263945,250127
2023-07-18,4702.24169921875,4832.35968791111,4672.638553041642,4687.681744941244,270028
2023-07-19,4666.49560546875,4749.210019314107,4661.2234496474775,4721.977239522676,247325
2023-07-20,4710.07763671875,4729.716072492719,4626.2503212704305,4670.703456329484,450566
2023-07-21,4704.2734375,4720.429068126143,4677.717569468641,4684.344490963748,367833
2023-07-24,4723.669921875,4758.7388962578725,4693.099355938358,4703.595957228253,288534
2023-07-25,4690.97119140625,4749.935154386245,4621.703827981476,4725.362781942774,743269
2023-07-26,4711.77099609375,4743.744038606946,4683.232105681003,4730.683868418061,387130
2023-07-27,4692.9541015625,4748.09703782081,4667.12380036598,4739.390258411603,321326
2023-07-28,4733.1025390625,4740.358189352325,4672.300095159153,4696.8242876133745,255158
2023-07-31,4770.73486328125,4777.506803238319,4707.513872207431,4736.004579976033,325463
2023-08-01,4763.52783203125,4816.445421875145,4739.535532939429,4780.7477188437415,391794
2023-08-02,4674.67041015625,4777.071914559237,4664.173808381469,4753.321469456217,249850
2023-08-03,4669.05908203125,4753.563315767852,4649.420644454791,4679.410665257557,418377
2023-08-04,4558.48291015625,4705.724418911444,4546.873870486922,4672.638466904645,451353
2023-08-07,4517.9482421875,4589.004957853523,4513.014305706652,4589.004957853523,436583
2023-08-08,4498.64794921875,4544.939089980194,4486.023307362466,4517.948166870628,487053
2023-08-09,4514.51318359375,4537.005696459062,4465.707132649594,4498.986283016574,282034
2023-08-10,4485.5400390625,4555.00061188297,4477.993879011856,4517.85177527184,330123
2023-08-11,4449.21240234375,4498.502636307984,4432.331208132378,4485.539303830645,274197
2023-08-14,4466.2880859375,4482.734225874858,4393.054203267223,4426.913903138255,154258
2023-08-16,4450.71240234375,4464.643155418011,4411.193202148922,4427.881196608501,188763
2023-08-17,4506.09716796875,4516.351914048503,4426.961931591999,4426.961931591999,311184
2023-08-18,4465.17529296875,4498.067573712153,4445.585037525989,4498.067573712153,243546
2023-08-21,4460.62841796875,4479.1062336832,4443.1662042633,4453.034076806564,118491
2023-08-22,4477.60693359375,4485.491312647515,4451.728446859494,4467.497677340103,96290
2023-08-23,4508.90283203125,4514.3204785864,4468.513046430799,4488.828866732822,263771
2023-08-24,4479.29931640625,4573.09086802943,4425.414309464507,4536.232074040867,433867
2023-08-25,4434.70166015625,4495.5041043470055,4420.867742487485,4473.350279831967,293384
2023-08-28,4450.5673828125,4469.480254246517,4436.587975319161,4437.071685303387,283469
2023-08-29,4512.5791015625,4518.819149967371,4455.017607359318,4464.643626011436,320941
2023-08-30,4522.6884765625,4566.99612338367,4509.725143104288,4536.184174441782,370694
2023-08-31,4463.482421875,4549.8246610305905,4452.260727233345,4522.6887176737755,479472
2023-09-01,4516.35205078125,4545.906542588808,4468.51294322573,4471.802076724052,456071
2023-09-04,4486.07177734375,4536.619474809329,4471.802331647726,4530.428080981939,328037
2023-09-05,4548.421875,4580.73360787556,4484.330301288964,4487.861289743341,353620
2023-09-06,4531.20166015625,4556.54825340253,4514.659155860811,4548.325183306156,224928
2023-09-07,4563.513671875,4571.059358692518,4503.339960785962,4526.558040068209,319934
2023-09-08,4604.48388671875,4628.7180422724105,4549.486435053123,4563.514025707111,209769
2023-09-11,4649.80712890625,4653.2899351826545,4607.821197770267,4623.2999168893775,151600
2023-09-12,4663.544921875,4691.841956725737,4607.434562170975,4686.134273230454,305478
2023-09-13,4651.6455078125,4685.215171561056,4643.857965576287,4662.964511031239,207142
2023-09-14,4686.666015625,4699.726185139075,4631.571259725671,4658.078944637847,249498
2023-09-15,4963.3486328125,4981.245903976525,4733.586367868934,4735.424371513866,1689829
2023-09-18,5007.99462890625,5103.04364353389,4928.279315693149,4957.060060580398,804973
2023-09-20,5014.08935546875,5091.8698239917,4997.788235042545,5007.365597951969,622924
2023-09-21,4919.5244140625,5016.6046339753775,4907.818537490062,4999.626601782708,640829
2023-09-22,4838.11572265625,4918.508421134904,4833.424113437734,4886.438541810069,498375
2023-09-25,4842.37255859375,4895.290148412003,4830.182972293727,4837.099930720049,539731
2023-09-26,4904.0458984375,4936.6963250719255,4837.245260669744,4847.741862669796,450923
2023-09-27,4868.9765625,4902.448915807893,4854.513444893719,4900.175856760227,257406
2023-09-28,4843.4853515625,4961.75245352371,4817.896902107143,4883.342774484683,580065
2023-09-29,4898.724609375,4916.9119155585995,4841.840032663464,4865.154948026403,248079
2023-10-03,4853.01416015625,4907.721571217353,4834.294489020287,4899.982211357361,464531
2023-10-04,4758.35205078125,4855.6745961167635,4743.308386533498,4847.983418257565,256544
2023-10-05,4847.78955078125,4875.119164364708,4764.640089514863,4774.217452543841,657876
2023-10-06,4851.224609375,4953.190586744702,4834.681632276689,4953.190586744702,279352
2023-10-09,4844.16162109375,4903.56158262738,4795.548769665903,4795.548769665903,244083
2023-10-10,4873.3779296875,4899.014558002481,4839.228194881278,4844.161658658579,307502
2023-10-11,4899.40185546875,4929.005002559321,4885.4711016534975,4890.308201754145,575680
2023-10-12,4940.2265625,4983.179911643527,4886.534757977341,4919.330198157122,472168
2023-10-13,4887.79248046875,4956.527951615177,4875.796567515341,4924.119383160461,387366
2023-10-16,4911.30126953125,4933.261419957998,4868.057406876275,4870.959666856527,158560
2023-10-17,4973.748046875,4982.2129718271335,4904.81937226477,4917.395832193654,318565
2023-10-18,4969.97509765625,5029.374589582288,4958.656095011799,4982.212865852134,360985
2023-10-19,5303.97705078125,5315.972964452082,5074.117961519776,5127.326062164883,2838352
2023-10-20,5310.45849609375,5330.484279341041,5259.765781813829,5272.439078477073,763919
2023-10-23,5229.2919921875,5314.424952491319,5219.279100677158,5275.389460877402,451167
2023-10-25,5173.0849609375,5247.2380844718455,5158.573660421669,5209.5568851831795,620266
2023-10-26,5088.00048828125,5173.23028503739,5065.411136732024,5160.07327851932,746266
2023-10-27,5198.4794921875,5246.995982527244,5093.466241346003,5093.466241346003,843465
2023-10-30,5135.93603515625,5221.891398164399,5103.1405910457515,5212.459052996116,360967
2023-10-31,5140.91796875,5191.320644309868,5120.167093550429,5166.0227062436015,400987
2023-11-01,5170.23095703125,5271.955071337476,5132.162887135573,5132.162887135573,619765
2023-11-02,5145.12646484375,5217.151073231383,5112.814731121678,5208.492475229459,304362
2023-11-03,5194.02978515625,5201.8655092385125,5143.385253806378,5182.468927235505,448715
2023-11-06,5230.69482421875,5250.6719523727,5201.9140797538785,5204.719503227107,394137
2023-11-07,5242.44873046875,5267.601649271515,5229.19488815039,5230.694672502831,202689
2023-11-08,5221.74658203125,5258.169852618238,5205.929169661358,5256.960577549792,202145
2023-11-09,5242.35205078125,5277.276006638009,5206.799366410224,5245.157474257009,232773
2023-11-10,5216.376953125,5250.236653975808,5174.777892079722,5233.694149458574,149325
2023-11-13,5248.44677734375,5262.570730380709,5219.762398607419,5257.9273036799295,93497
2023-11-15,5356.314453125,5374.018050011103,5283.177407330709,5344.99545028107,640468
2023-11-16,5370.05126953125,5401.395581223896,5317.859247006816,5340.158087753754,324712
2023-11-17,5448.025390625,5490.059975955749,5300.8325412687245,5375.855768646068,531539
2023-11-20,5466.06787109375,5491.027589844361,5423.35637372038,5427.274235665489,679425
2023-11-21,5500.7021484375,5521.404842755094,5456.24900878725,5456.73271880576,746193
2023-11-22,5564.1640625,5577.079213395369,5476.854411415807,5494.945353553653,497403
2023-11-23,5732.205078125,5751.311622202122,5594.686426241988,5611.03572897768,1118718
2023-11-24,5737.0908203125,5765.823384179533,5707.778182325376,5746.47498356148,297211
2023-11-28,5802.72998046875,5842.877909098436,5719.386844787997,5775.30352993025,380535
2023-11-29,5872.19091796875,5897.778892237762,5778.689401846831,5814.193902982305,406974
2023-11-30,5892.11962890625,5929.22027998326,5834.509957472858,5896.424836809331,501833
2023-12-01,5849.0693359375,5891.587632679201,5807.712132112043,5852.890833778189,439023
2023-12-04,5999.64892578125,6015.127646098149,5889.121188518394,5892.119812681347,359158
2023-12-05,5940.0556640625,5992.247689881072,5912.000483932201,5992.247689881072,565826
2023-12-06,5872.19091796875,5897.392018732135,5792.765645551575,5890.668261126399,699201
2023-12-07,5895.0703125,5953.937911039007,5865.564003971416,5872.190925115556,427407
2023-12-08,5877.75390625,5920.6104234706745,5851.0043652455215,5915.773323451499,233266
2023-12-11,5938.41064453125,5944.79571080265,5822.223411754382,5886.75051264998,175955
2023-12-12,6050.43798828125,6094.697450613673,5949.584459359827,5963.176520591396,810900
2023-12-13,6110.32177734375,6122.80140132024,6021.560989135323,6055.952582429253,373989
2023-12-14,6128.4609375,6152.791457041833,6079.4612069275745,6118.931755627295,419212
2023-12-15,6070.75390625,6193.51940438208,6052.324272635819,6161.449527265577,553522
2023-12-18,6255.0478515625,6275.411854162221,6058.129221830464,6070.754336594619,851061
2023-12-19,6209.869140625,6259.449416907448,6187.521643572348,6259.207561901191,377109
2023-12-20,6157.09619140625,6255.337500001918,6143.1167839486825,6224.38006109068,385863
2023-12-21,6042.84423828125,6138.280130388645,6028.961666285585,6126.86476290941,397717
2023-12-22,6164.4970703125,6186.650893815746,6060.160728942186,6083.136953919219,237213
2023-12-26,6253.9345703125,6264.0442979356,6162.5133832615475,6171.994382379539,302139
2023-12-27,6491.0498046875,6520.652952512789,6254.564258321385,6259.207685584028,1017894
2023-12-28,6484.90625,6519.104641226485,6448.821673211028,6491.049461430038,406228
2023-12-29,6575.79541015625,6611.299912107447,6448.8215387254495,6510.688234935613,345626
2024-01-01,6482.7783203125,6574.10267473719,6464.34868570719,6549.433464494265,253274
2024-01-02,6447.90234375,6517.314727261177,6347.19430180852,6492.355480745746,361379
2024-01-03,6758.8798828125,6829.840234841578,6388.841729921098,6427.586712274624,1256275
2024-01-04,6696.62646484375,6799.947207450818,6662.621745270698,6796.125709383861,619987
2024-01-05,6751.14013671875,6853.20294168025,6695.029779488731,6723.568668079861,659306
2024-01-08,6756.31591796875,6820.165634722492,6734.693987593447,6790.272452716936,312733
2024-01-09,6862.7802734375,7157.940193995075,6845.366714376558,7101.829837020928,2125908
2024-01-10,6823.93896484375,6907.330759501926,6791.288539174641,6892.867641256313,721432
2024-01-11,7061.0537109375,7086.2548135217185,6844.496644878979,6859.007945186143,1031594
2024-01-12,7064.052734375,7121.130514992523,7015.729915902978,7120.211277033359,434753
2024-01-15,7064.052734375,7064.052734375,7064.052734375,7064.052734375,0
2024-01-16,7056.3134765625,7116.48671866181,7007.990657390108,7099.895559716455,272181
2024-01-17,6932.4833984375,6975.098059630689,6850.300882142151,6880.290901538621,619338
2024-01-18,6852.81640625,6955.0242347720405,6840.771838301176,6915.118159773348,557084
2024-01-19,6904.04052734375,6946.075112341877,6873.518617435799,6906.217222190932,327976
2024-01-23,6864.71533203125,6975.098046069876,6710.556863958691,6844.496348952063,953921
2024-01-24,6977.85546875,7001.218567366714,6799.221459526356,6844.593363229098,467134
2024-01-25,7349.97314453125,7376.722211944935,6975.097910111262,7120.21090408029,2065788
2024-01-29,7302.85986328125,7391.08875570167,7236.301556629384,7346.5874359683885,457853
2024-01-30,7319.88671875,7410.4373267737,7297.877913373486,7328.109788890676,266287
2024-01-31,7417.74072265625,7435.589809860982,7270.257833231601,7319.886288212376,336874
2024-02-01,7406.32568359375,7512.016318859089,7387.557830021242,7429.785618652647,394564
2024-02-02,7486.08935546875,7543.457170393127,7415.854571597473,7424.948224785797,197720
2024-02-05,7408.744140625,7582.6378838793125,7384.8004958653655,7545.875924248359,252401
2024-02-06,7468.869140625,7495.279989578876,7420.691814431481,7424.948367881132,131992
2024-02-07,7450.97216796875,7524.3992531146805,7415.855010142931,7492.668065363589,159783
2024-02-08,7504.51904296875,7529.865636755486,7418.321823645961,7477.1894270657085,282537
2024-02-09,7531.2197265625,7536.685555120613,7419.144024416915,7525.36655210363,173555
2024-02-12,7574.85009765625,7617.658430846153,7513.03158437173,7521.690181954831,219911
2024-02-13,7659.451171875,7676.622877230004,7557.4370141898125,7574.898756601594,258767
2024-02-14,7819.94580078125,7871.751424567311,7623.269506151704,7641.65048592542,513900
2024-02-15,7858.400390625,7891.09946817043,7783.1834899458345,7856.030495184967,394525
2024-02-16,8053.81982421875,8179.971772344052,7871.993515432936,7919.155241265446,938756
2024-02-19,8232.4541015625,8368.182937601196,8088.694923786809,8126.327939404629,1044959
2024-02-20,8024.9423828125,8227.906905054399,7970.283154107553,8227.906905054399,547082
2024-02-21,7964.04296875,8103.9315171209755,7937.680774829937,8029.585671065019,439817
2024-02-22,8221.5703125,8271.440622273385,7952.192036852307,7990.888835085165,548486
2024-02-23,8162.07470703125,8253.060372973378,8127.34394964742,8220.651801587303,340749
2024-02-26,8172.76416015625,8269.457978107317,8102.1425001549,8183.2121072072305,345968
2024-02-27,8187.75927734375,8213.395907679853,8110.365676329099,8184.373307299359,392445
2024-02-28,7921.86376953125,8210.155404852254,7808.869301325031,8194.047483789103,537728
2024-02-29,7651.6630859375,7878.184373049377,7632.943415406101,7736.84422369634,1042536
2024-03-01,7778.10498046875,7830.297478407353,7686.4419354873935,7695.826098434703,399007
2024-03-04,7939.90625,7957.029773537873,7784.490316131894,7805.8703933414845,410053
2024-03-05,8079.64990234375,8114.718876984988,7894.195301291765,7894.195301291765,615117
2024-03-06,8325.4228515625,8398.31851544966,8091.500884384952,8097.015367337159,959543
2024-03-07,8589.7705078125,8680.514316403132,8223.118321590697,8356.574101804557,1243547
2024-03-11,8377.2763671875,8730.964709256312,8348.833843865037,8729.465397341319,631957
2024-03-12,8249.8681640625,8416.506267972494,8199.126793400184,8355.558804713686,324864
2024-03-13,8111.72021484375,8336.451688540767,8026.635438164289,8249.867599832898,430048
2024-03-14,8110.41357421875,8126.327821819026,7934.826848068731,8059.092133293262,392634
2024-03-15,8078.63427734375,8157.3816974666925,7845.776097438498,8111.622921014078,676870
2024-03-18,8244.1591796875,8268.68384238283,8023.974775931608,8071.184680764166,367524
2024-03-19,8358.7021484375,8404.848269595177,8167.491214962486,8223.06968075397,673456
2024-03-20,8354.251953125,8497.817462099907,8283.050217497654,8358.508979114662,790885
2024-03-21,8465.5048828125,8484.273208286842,8305.300512330963,8327.744844773024,720691
2024-03-22,8653.8134765625,8755.150718301962,8399.140169756645,8416.601911245592,851210
2024-03-26,8668.615234375,8726.12854326849,8562.682742635765,8653.813897081205,534067
2024-03-27,8863.9853515625,8985.202883164535,8635.867914765633,8667.115390411835,1034030
2024-03-28,8850.103515625,8942.44299741672,8687.479649263041,8863.985614514375,847202
2024-04-01,8747.5576171875,8911.486189503645,8719.453308828266,8895.233721549366,419820
2024-04-02,8973.8837890625,9053.067678542024,8841.73460225087,8851.892511690514,803845
2024-04-03,8784.6083984375,8947.618654900425,8769.855244662665,8947.618654900425,453210
2024-04-04,8848.1689453125,8882.608719937243,8695.219274141358,8841.251514308979,617929
2024-04-05,8715.970703125,8832.544815975498,8707.2639229121,8832.544815975498,356305
2024-04-08,8736.2861328125,8793.84762164505,8659.666281417269,8754.183402449511,376197
2024-04-09,8686.3671875,8835.156183786929,8645.25184047441,8793.84716382613,237944
2024-04-10,8712.1494140625,8754.957751136113,8611.344056230326,8740.446450433194,319824
2024-04-12,8769.5166015625,8821.902771221168,8639.06039554831,8657.489557162948,480474
2024-04-15,8703.92578125,8878.690579321321,8653.571760013781,8763.954002329723,386707
2024-04-16,8628.564453125,8735.270689955983,8497.913626597245,8656.474142169074,487529
2024-04-18,8727.3857421875,8831.577063765431,8658.40888604454,8675.726081715062,819240
2024-04-19,8517.6494140625,8793.847824842765,8416.602205827821,8779.384706852688,1385007
2024-04-22,8509.1845703125,8594.559386369127,8460.088004704865,8594.559386369127,323734
2024-04-23,8509.232421875,8572.792103142268,8475.566395715106,8556.829673564675,295346
2024-04-24,8413.748046875,8580.04792164234,8397.205542885953,8532.547977863851,319824
2024-04-25,8450.3173828125,8484.273447102578,8359.863612310322,8413.651786710503,524667
2024-04-26,8681.9169921875,8701.89459279862,8449.978050523245,8462.312655345848,521344
2024-04-29,8474.6953125,8696.911868851928,8444.608929291659,8681.916859297107,299443
2024-04-30,8613.5693359375,8673.887594163998,8508.45877656395,8512.715802400628,360403
2024-05-02,8813.8251953125,8848.458641555442,8538.545084936643,8652.604278174604,638239
2024-05-03,8808.939453125,8956.954717813389,8769.033376860974,8871.241680996862,396042
2024-05-06,8757.6171875,8886.47771243664,8523.501562057367,8822.869851391792,458431
2024-05-07,8395.173828125,8779.2877241978,8360.974966590244,8760.13299844247,588285
2024-05-08,8464.3447265625,8499.1227189466,8312.846191282646,8369.1502229059,451581
2024-05-09,8558.619140625,8713.987357503436,8500.090231366827,8513.295892097889,645689
2024-05-10,8689.1728515625,8753.168063083362,8616.326313803207,8658.409084212508,482797
2024-05-13,8699.330078125,8730.964898896245,8581.498519186609,8728.933694934525,435605
2024-05-14,8769.904296875,8792.880522246698,8593.350144018797,8660.585835106502,408162
2024-05-15,8613.0859375,8827.707691251318,8588.125745162364,8773.532170077613,274392
2024-05-16,8582.8046875,8663.777929868049,8426.228139522238,8658.408937855802,680474
2024-05-17,8494.625,8666.486596497312,8479.920027021264,8601.331237264967,323961
2024-05-21,8533.322265625,8571.341684826299,8489.11098017503,8489.11098017503,417798
2024-05-22,8518.6650390625,8561.667047249033,8451.381166640402,8561.667047249033,302838
2024-05-23,8671.4208984375,8692.268610273079,8466.086005557092,8561.666911621229,731514
2024-05-24,8656.66796875,8729.998216951144,8581.111898717065,8687.431736283386,455920
2024-05-27,8705.5224609375,8773.967425292703,8592.334322003806,8708.714757958209,301747
2024-05-28,8696.8642578125,8728.305408943388,8625.710703202438,8705.522856073156,259094
2024-05-29,8774.693359375,8841.68719656183,8612.69868613791,8658.409282630006,339934
2024-05-30,8676.306640625,8831.481193152014,8636.738783036346,8772.564934736856,305109
2024-05-31,8788.7685546875,8828.190918385291,8632.288374856387,8697.105512715334,560005
2024-06-03,9031.30078125,9136.314028106697,8825.3366955388,8880.915160739038,438422
2024-06-04,8945.4912109375,9067.482499483931,8521.035670472058,8926.384665241334,738601
2024-06-05,9289.408203125,9363.657684193484,8877.045449959645,8939.927746630021,489543
2024-06-06,9385.376953125,9422.670805196349,9145.988685043765,9282.684942169932,570095
2024-06-07,9408.69140625,9422.767178322025,9301.743314037818,9329.411148181134,246783
2024-06-10,9415.9462890625,9600.675312239036,9366.075980999822,9460.399423456825,201452
2024-06-11,9493.001953125,9577.457525995937,9384.06989966857,9422.670333656608,457442
2024-06-12,9581.5693359375,9620.024280138578,9476.556086068429,9532.95648194746,277175
2024-06-13,9600.095703125,9616.15449672009,9505.143055221235,9581.327377818488,277783
2024-06-14,9715.5205078125,9747.94865114924,9570.495808630698,9583.125907573029,320933
2024-06-18,9673.046875,9790.665561013457,9663.098803228006,9676.752757935838,206100
2024-06-19,9446.390625,9702.109875533599,9430.9813526749,9693.819974654825,279789
2024-06-20,9393.9208984375,9495.253129630191,9328.576971922206,9452.437847555675,324597
2024-06-21,9364.90625,9488.474731445312,9334.52581959525,9435.858050847457,334018
2024-06-24,9504.3720703125,9517.733631451101,9275.473070161142,9343.206632317668,283754
2024-06-25,9421.1806640625,9582.150855118321,9406.599999757374,9513.881078033508,282048
2024-06-26,9240.4609375,9421.521566440117,9208.129940892855,9421.13202488552,431217
2024-06-27,9184.673828125,9328.235594138327,9134.154388091001,9328.235594138327,637626
2024-06-28,9266.79296875,9288.297756512138,9150.343862034659,9231.048485614649,237516
2024-07-01,9296.783203125,9454.339899145025,9270.060081887657,9270.060081887657,289355
2024-07-02,9168.8740234375,9296.782696195403,9149.22170133526,9284.688812990295,287884
2024-07-03,9189.501953125,9318.775454416036,9152.635513711944,9239.826147754198,318120
2024-07-04,9227.0009765625,9264.208384574174,9187.502035666063,9245.58086996064,234656
2024-07-05,9397.626953125,9421.228980185484,9258.649196429717,9286.639994754263,608628
2024-07-08,9293.857421875,9427.227303540561,9235.925260496248,9401.723285235885,316215
2024-07-09,9298.4404296875,9328.57703967195,9246.848557294867,9328.57703967195,262913
2024-07-10,9306.5849609375,9411.476406464575,9218.321892047858,9313.948153547844,239607
2024-07-11,9232.8037109375,9332.96540907817,9151.075232079049,9306.584209279772,294900
2024-07-12,9197.6455078125,9318.190044772482,9179.358960796464,9265.135247817883,171581
2024-07-15,9434.248046875,9497.788079059028,9171.507527966718,9197.644906976017,504086
2024-07-16,9478.1357421875,9665.000429587348,9395.530081263827,9474.868926975489,1041123
2024-07-18,9388.2646484375,9504.128019649335,9061.837403239795,9504.128019649335,1055384
2024-07-19,9154.0498046875,9435.85786388231,9109.138237587676,9396.846565220265,380782
2024-07-22,9177.1162109375,9201.790668456015,9034.237320325014,9118.89165342488,247040
2024-07-23,9150.587890625,9272.985842159605,8528.45481416584,9201.790220948242,431989
2024-07-24,9031.3115234375,9141.030808653497,9021.363451093046,9128.64452997091,283213
2024-07-25,9048.9150390625,9079.831685424098,8944.315988817092,9031.116133076684,262328
2024-07-26,9258.259765625,9270.060303084234,9039.357414695394,9088.65775533319,250956
2024-07-29,9321.4091796875,9383.241518816443,9273.961305028673,9313.167852066503,302363
2024-07-30,9327.9423828125,9415.3768360164,9276.8867271792,9314.5817750965,301885
2024-07-31,9425.3251953125,9440.734468112369,9343.254793114302,9362.711869202349,315292
2024-08-01,9489.986328125,9600.680891430296,9423.179477143389,9600.680891430296,308658
2024-08-02,9378.51171875,9489.498676194316,9344.913046312939,9474.674191785698,230615
2024-08-05,9250.6025390625,9284.68885090651,9137.713596363716,9163.949075031884,310757
2024-08-06,9194.37890625,9382.21794059827,9167.65578395257,9280.05709555901,246541
2024-08-07,9468.2373046875,9484.621859419947,9262.745101268993,9333.453079141274,270583
2024-08-08,9402.9912109375,9536.020128220182,9372.611731760519,9494.375373948196,365016
2024-08-09,9524.560546875,9533.386663224115,9376.366177006306,9519.732707900826,161640
2024-08-12,9470.8212890625,9509.93068713557,9377.340846306935,9500.226436180537,307698
2024-08-13,9432.5419921875,9547.869149599494,9411.476270830814,9460.240396586414,161706
2024-08-14,9508.6142578125,9543.139640650308,9432.542219798119,9464.141755019988,282934
2024-08-16,9643.740234375,9679.679014279442,9454.340178441964,9546.065308994173,240190
2024-08-19,9529.14453125,9698.209375055596,9518.074503197764,9681.580998581021,148301
2024-08-20,9537.970703125,9632.524534437343,9513.92960790671,9530.656084185277,132844
2024-08-21,9608.4833984375,9625.063201297167,9494.375343462147,9537.38492167543,134985
2024-08-22,9669.1455078125,9763.552658990848,9597.851788882936,9655.296306463828,388874
2024-08-23,10149.228515625,10186.191150020913,9684.554989323122,9723.56628837377,1229549
2024-08-26,10174.68359375,10257.193067452503,10084.08041793712,10118.653421774095,309223
2024-08-27,10242.0263671875,10307.224574060916,10094.173920490908,10143.913328215065,262396
2024-08-28,10393.341796875,10450.15200258199,10202.722641490029,10240.466264779365,338792
2024-08-29,10540.7060546875,10581.814590957563,10294.49676192763,10320.487467786343,693506
2024-08-30,10622.337890625,10651.401118553225,10440.399131278935,10567.18585589979,498560
2024-09-02,10851.08984375,10878.397752747056,10642.428922477988,10655.936203637175,787108
2024-09-03,10770.6787109375,10843.873470370836,10742.736486994347,10831.4386187858,217394
2024-09-04,10692.705078125,10757.21944490452,10639.259786898156,10739.811033017426,324246
2024-09-05,10587.4228515625,10743.565196662848,10557.969129988844,10692.997180713563,297298
2024-09-06,10562.40625,10644.18425619726,10529.393319508294,10587.422626213005,216847
2024-09-09,10579.4736328125,10632.919873563389,10513.544919481934,10562.406189761394,193055
2024-09-10,10716.16015625,10762.92514202891,10513.593793031583,10526.61438569942,466892
2024-09-11,11138.45703125,11217.015842045026,10715.037774977254,10794.182326696337,1283385
2024-09-12,11433.724609375,11488.096609799162,11160.498830758113,11196.974777931679,1409151
2024-09-13,11447.037109375,11599.961211330296,11399.492088606776,11433.72412259018,417878
2024-09-16,11399.4423828125,11461.324245506177,11352.336430386622,11443.964408168858,172602
2024-09-17,11654.91796875,11676.910398073076,11355.311001990325,11391.299306282115,444755
2024-09-18,11473.857421875,11756.055026802518,11449.816327746936,11547.832217094345,446416
2024-09-19,11574.65234375,11742.644749059315,11519.256489987722,11519.256489987722,500633
2024-09-20,11646.53125,11718.01926694477,11574.896559710134,11630.24384172421,772831
2024-09-23,12033.9619140625,12073.997069271792,11703.389727888652,11703.389727888652,735579
2024-09-24,12136.07421875,12169.08714974332,11928.240950712749,11928.240950712749,503848
2024-09-25,12090.8212890625,12123.444680024824,12005.727888713978,12083.750490752738,262012
2024-09-26,12309.6748046875,12363.168669093053,12084.774087680677,12152.02000685516,641805
2024-09-27,12353.318359375,12458.258373030149,12241.355168969629,12309.6744684878,480852
2024-09-30,12040.7890625,12338.445469293774,11978.078588801824,12243.30590033947,479000
2024-10-01,11856.9482421875,12191.031067064474,11812.71861002161,12107.400593944412,670828
2024-10-03,11514.6240234375,11721.773450680172,11410.805012984081,11442.014052335833,670365
2024-10-04,11483.3662109375,11652.96725976349,11351.31258450495,11372.96404566392,650553
2024-10-07,11329.9052734375,11524.913198029668,11240.130710611145,11483.366544876004,341323
2024-10-08,11595.23046875,11641.80020683565,11276.41119978155,11298.647449681044,359432
2024-10-09,11525.9853515625,11692.46625929829,11510.283684800872,11648.77379522637,193883
2024-10-10,11539.5419921875,11733.574626836122,11511.355948305838,11529.301526423642,251378
2024-10-11,11583.3818359375,11635.75469738257,11416.266605841727,11596.109082250226,200855
2024-10-14,11605.1787109375,11693.734170301717,11568.410370680498,11633.949544313577,177045
2024-10-15,11236.716796875,11654.625328529813,11183.563903117269,11654.625328529813,476945
2024-10-16,11329.80859375,11391.29996687054,11099.837163328355,11252.712700126896,504602
2024-10-17,9869.322265625,11008.354077507096,9822.06964002356,10944.814996787345,3668914
2024-10-18,9815.1943359375,9898.239067915994,9597.85206313165,9801.149887211628,1543331
2024-10-21,10240.9541015625,10562.163018564253,9637.1570743824,9814.267999049896,2110278
2024-10-22,10112.0703125,10352.575557601782,10064.915782801289,10240.9542807466,1191148
2024-10-23,10325.072265625,10469.755047156075,10086.81093538895,10111.729213403547,1323887
2024-10-24,10047.84765625,10331.606281637642,9957.63402769352,10244.367074132493,653421
2024-10-25,9953.830078125,10111.923938634087,9679.678555620174,10045.409483414387,644769
2024-10-28,9763.796875,10038.338897256212,9738.195709514297,9953.830288121299,340768
2024-10-29,9607.361328125,9824.947427457802,9401.72339195838,9824.947427457802,1100706
2024-10-30,9694.9423828125,9809.147582807376,9528.51004290503,9577.274167996664,604822
2024-10-31,9593.1708984375,9782.961441111369,9562.644747200038,9694.30788242411,361801
2024-11-01,9631.8408203125,9704.060294633438,9595.608696634692,9660.172584758211,53757
2024-11-04,9290.1015625,9651.882778255807,9133.520155445423,9651.882778255807,1125992
2024-11-05,9630.767578125,9759.94392988644,9265.378577497473,9294.44180419678,1019901
2024-11-06,9772.818359375,9805.490323352753,9605.362162472822,9639.107508662646,514045
2024-11-07,9613.0185546875,9830.652271298852,9547.96702199337,9821.679481888574,473407
2024-11-08,9665.4404296875,9744.09639479338,9535.58117899638,9613.018993356112,273163
2024-11-11,9674.16796875,9784.912057229054,9557.768384748324,9606.581082799856,359768
2024-11-12,9439.466796875,9751.849586958477,9423.179388858165,9655.296620750967,316606
2024-11-13,9218.5166015625,9469.992806076494,9183.356906496492,9439.466655178221,494123
2024-11-14,9248.5556640625,9281.715270102986,9167.655787664147,9177.408612970174,275791
2024-11-18,9281.275390625,9365.637322142791,9202.618480442465,9225.2452236581,292519
2024-11-19,9309.75390625,9458.87402192582,9265.622375232017,9323.700254849282,365397
2024-11-21,9270.060546875,9317.849391356522,9181.65080361444,9239.339146851164,282212
2024-11-22,9247.2880859375,9365.541094034967,9210.665464583088,9309.071853940743,619823
2024-11-25,9188.087890625,9398.163170396683,9159.853271667524,9323.700732233978,1090141
2024-11-26,8911.5947265625,9249.57866583789,8894.673004765022,9231.048299468117,750430
2024-11-27,8963.1875,9028.141888542383,8877.996951200721,8948.21729399831,461513
2024-11-28,8790.708984375,9043.210009495695,8769.984230847738,8938.561433275045,687966
2024-11-29,8810.361328125,8866.196252460637,8770.715712670659,8835.181506348708,423101
2024-12-02,8904.669921875,8948.2166651443,8833.084760008418,8854.394301015096,298320
2024-12-03,8935.3427734375,8997.029389874018,8879.946919438655,8879.946919438655,398985
2024-12-04,8776.7138671875,9011.610275709621,8729.753633969352,8935.342993930333,456462
2024-12-05,8672.1630859375,8820.601267266647,8530.308061232525,8820.601267266647,1803653
2024-12-06,8874.9736328125,8922.81104911484,8709.369901811526,8732.582387329687,746013
2024-12-09,8853.078125,8944.315610379386,8803.290144957122,8871.169424491429,304202
2024-12-10,8790.513671875,8870.097296281187,8758.036954721532,8850.785940610824,393944
2024-12-11,8845.6650390625,8883.262938985692,8790.85492798793,8821.478225085668,254311
2024-12-12,8741.701171875,8870.194645714793,8722.926983097648,8870.194645714793,599056
2024-12-13,8798.4140625,8827.282043976595,8683.671693631268,8742.579138511748,243931
2024-12-16,8775.9326171875,8854.345708604335,8748.28374018239,8839.96029219768,228470
2024-12-17,8675.1376953125,8767.789531293914,8632.615759979171,8767.594284312252,456493
2024-12-18,8735.361328125,8783.637810748964,8582.48579981578,8606.867861747076,303382
2024-12-19,8760.6220703125,8780.468688989647,8545.961812259351,8604.91783216213,516640
2024-12-20,8570.05078125,8842.642228330642,8542.88954575747,8728.778001330053,316335
2024-12-23,8551.7158203125,8655.583404044704,8504.366046570143,8631.201342135737,514460
2024-12-24,8561.078125,8635.151019338342,8515.19127511216,8528.84522973953,297827
2024-12-26,8659.0458984375,8678.698222286497,8580.145161193213,8592.239045473263,240675
2024-12-27,8707.6142578125,8952.264436062922,8676.356645236536,8676.356645236536,713799
2024-12-30,8562.8828125,8740.920434276772,8521.579029052667,8707.321763198035,1065253
2024-12-31,8581.1201171875,8621.25337253487,8524.11561770839,8553.227419002891,294554
2025-01-01,8524.5048828125,8550.30129426614,8339.640283708197,8537.67119597237,558535
2025-01-02,8855.0771484375,8882.189810502516,8463.062170815196,8524.456392523593,734590
2025-01-03,8744.0908203125,8884.775326079214,8723.90228133979,8875.071074364681,337802
2025-01-06,8605.74609375,8869.121894419492,8577.609574636921,8782.370325689722,238306
2025-01-07,8592.53125,8668.262317365612,8519.189815252801,8650.755805943129,270785
2025-01-08,8428.634765625,8612.670754689325,8399.132471470104,8559.078793499957,415288
2025-01-09,8617.44921875,8678.06340513997,8477.252363896227,8504.414552099859,612457
2025-01-10,8547.3759765625,8636.126685584315,8428.488656804204,8614.134255317073,350859
2025-01-13,8383.7724609375,8533.625002863824,8339.640926389595,8489.346794966465,341577
2025-01-14,8398.3525390625,8483.00686639822,8314.283000235091,8406.934834255306,355464
2025-01-15,8365.9736328125,8581.511074273396,8349.686223900493,8410.739482393352,347402
2025-01-16,8369.826171875,8426.343985466689,8338.37331000796,8407.910764519054,290855
2025-01-17,8369.2890625,8452.382363961253,8320.426841088021,8354.122658707545,183057
2025-01-20,8333.2041015625,8396.791758070533,8253.523331519982,8387.42942712161,294136
2025-01-21,8259.228515625,8396.011887752686,8204.17362741031,8370.313574565092,343149
2025-01-22,8251.71875,8323.987756376018,8187.496776859409,8271.175826809864,344305
2025-01-23,8192.32421875,8292.046851847828,8168.625045085447,8230.555482266007,347894
2025-01-24,8193.8359375,8280.099865254622,8153.361713682081,8206.41746274084,232317
2025-01-27,8177.35302734375,8210.85455168523,8085.43265442989,8170.965117642021,324406
2025-01-28,8190.81298828125,8279.17320245136,8154.678009455135,8218.169472119482,651069
2025-01-29,8412.6396484375,8589.312443294195,8212.024812604042,8212.024812604042,802600
2025-01-30,8531.576171875,8606.185284076986,8389.867813301715,8445.897984126503,322587
2025-01-31,8629.1044921875,8738.434234162183,8527.91893071151,8582.486178204394,315913
2025-02-01,8929.2958984375,8951.142606972722,8588.629918447794,8668.213540319563,418755
2025-02-03,8705.908203125,8923.835278078353,8666.896901362908,8923.835278078353,667412
2025-02-04,8691.1328125,8835.7184424767,8658.167502208358,8728.778335861476,440468
2025-02-05,8707.126953125,8746.33350029047,8675.137877462505,8709.272765119747,329075
2025-02-06,8627.689453125,8740.140280670124,8593.213599756786,8701.469950860293,580590
2025-02-07,8767.205078125,8802.900037435582,8632.274169845756,8670.7978294379,244178
2025-02-10,8661.044921875,8845.617137279913,8627.2024282221,8767.204994765923,192650
2025-02-11,8545.4248046875,8658.021353732176,8516.702546124805,8611.744011115114,282926
2025-02-12,8496.2705078125,8601.406721541593,8433.26764030716,8516.166651458556,411042
2025-02-13,8476.521484375,8560.103388156429,8437.608282661202,8499.635870952385,206920
2025-02-14,8296.240234375,8507.09649241665,8211.781154426955,8484.95739012079,369356
2025-02-17,8326.1328125,8340.663949312237,8175.45167644506,8284.048994502657,224417
2025-02-18,8237.8203125,8338.664898203535,8183.058774710799,8299.75074770888,206278
2025-02-19,8269.908203125,8316.917011498968,8197.298228369518,8231.433116878201,200819
2025-02-20,8416.8828125,8426.440390050157,8250.792401315231,8250.840974953004,188845
2025-02-21,8295.8017578125,8401.083697207698,8241.137362596359,8338.66561540815,222132
2025-02-24,8238.1630859375,8278.637311564653,8135.416498342628,8241.625148488203,275998
2025-02-25,8209.8310546875,8258.789474945572,8158.286802373545,8241.1372424138,237383
2025-02-27,8028.8662109375,8205.978077841162,7981.126420055571,8153.458545704139,350992
2025-02-28,7707.56005859375,8031.207655013034,7691.370273673645,8031.207655013034,580155
2025-03-03,7524.109375,7800.601968691989,7489.779716113691,7738.818202182401,497052
2025-03-04,7152.0390625,7490.169700260969,7136.190721662859,7462.959413389173,1078953
2025-03-05,7236.888671875,7259.32016977054,7120.537658058217,7150.966663079642,749464
2025-03-06,7277.8017578125,7314.618671793862,7194.610351936825,7296.088304491985,917093
2025-03-07,7387.52099609375,7435.553658433447,7266.927412182809,7277.80171663759,942308
2025-03-10,7200.90087890625,7385.814540351055,7170.277102952721,7385.814540351055,495241
2025-03-11,7314.5703125,7330.174832790434,7146.870293018873,7173.690562268056,412703
2025-03-12,7329.29638671875,7381.913066826451,7246.2026054234975,7314.570002288933,529286
2025-03-13,7319.20263671875,7358.750150898272,7231.719607555838,7358.750150898272,454776
2025-03-17,7301.01318359375,7422.87491936499,7249.274638764942,7314.618564608781,286383
2025-03-18,7301.01318359375,7301.01318359375,7301.01318359375,7301.01318359375,0
2025-03-19,7530.9853515625,7575.653100074049,7430.921270708013,7484.3179881764345,409356
2025-03-20,7724.2373046875,7755.397770662862,7531.131372070313,7543.761470774328,606109
2025-03-21,7868.43310546875,7949.527751055698,7741.792576110923,7772.026333966735,703280
2025-03-24,7924.70654296875,8010.921897107962,7870.529790472111,7917.148103578892,453508
2025-03-25,7808.11181640625,7966.059010221992,7755.446560587372,7958.305323741569,824076
2025-03-26,7779.92626953125,7848.537489914551,7714.484717331428,7816.255543326521,391366
2025-03-27,7777.19482421875,7840.393414117286,7658.161789023037,7705.706809522241,651971
2025-03-28,7684.1044921875,7826.544308451572,7617.687659802979,7773.391413088225,392400
2025-04-01,7795.4814453125,7849.073408135462,7442.380613504189,7442.380613504189,283618
2025-04-02,7873.40673828125,7883.988172019122,7748.619156843824,7765.198958689809,237191
2025-04-03,7716.63037109375,7743.791607693089,7646.214784253895,7743.791607693089,470005
2025-04-04,7495.1435546875,7694.832644396336,7463.1054296676075,7685.226016633114,461228
2025-04-07,7126.19384765625,7175.689433608468,6914.118957712413,7119.562117264753,469629
2025-04-08,7312.716796875,7343.731066264454,7164.181461833239,7201.9736589058375,259199
2025-04-09,7385.13134765625,7442.6730140918535,7276.094956658049,7339.439744346171,261256
2025-04-11,7576.8232421875,7587.64897274675,7447.598316108321,7528.6929574959595,290737
2025-04-15,7797.87109375,7841.27116424864,7634.9989190697115,7802.25986492402,387999
2025-04-16,7764.71142578125,7801.772159836351,7670.109025693229,7801.284518598784,294161
2025-04-17,7819.81494140625,7855.90039324362,7670.10908040527,7796.408161836064,274331
2025-04-21,8043.642578125,8070.46284740641,7753.496028626098,7812.012979785541,285132
2025-04-22,7939.77490234375,7984.150256484107,7875.406256777519,7983.662615229817,394636
2025-04-23,8057.29638671875,8089.480709270552,7851.999420138311,7910.516370232497,598686
2025-04-24,7998.779296875,8122.152531168079,7967.082616127766,8055.833322220021,322100
2025-04-25,7835.41943359375,8055.345632532683,7768.1249425658725,8021.698387018744,508224
2025-04-28,7895.88720703125,7933.435583695122,7773.976893187511,7835.419691364756,282481
2025-04-29,7878.81982421875,7967.570533385539,7821.7657968972435,7935.3862102811,228383
2025-04-30,7831.5185546875,7877.844473908877,7780.316222916505,7860.777029985212,447067
2025-05-02,7627.19677734375,7886.1342806216435,7610.129333624868,7802.259985774567,379515
2025-05-05,7724.72509765625,7767.637527969598,7655.96768090418,7674.98568979305,250175
2025-05-06,7749.10693359375,7845.172257734331,7714.484405603997,7733.990055175689,270568
2025-05-07,7654.9921875,7780.803627452541,7618.4190944905395,7719.848472436775,459640
2025-05-08,7533.56982421875,7674.985789590194,7480.416926889483,7656.455421713936,461725
2025-05-09,7492.60791015625,7552.100143481278,7423.8504929527335,7431.652753060934,248982
2025-05-12,7840.78369140625,7849.561233942808,7585.747316594044,7607.203531683407,296774
2025-05-13,7863.70263671875,7908.565630801481,7753.49571647204,7840.783498437354,407395
2025-05-14,7902.2265625,8005.118867633447,7833.469145325517,7890.035531086085,225717
2025-05-15,8120.2021484375,8159.213448694226,7877.356804339381,7933.923189711633,497959
2025-05-16,8272.833984375,8285.02501588749,8075.339273872679,8143.609050342618,483122
2025-05-19,8632.2255859375,8642.46605239918,8282.099161200005,8289.901421361286,858221
2025-05-20,8353.294921875,8631.250444669438,8315.746544234347,8631.250444669438,449936
2025-05-21,8472.7666015625,8548.350994267086,8324.52366361286,8395.231643884892,572628
2025-05-22,8517.6298828125,8558.591748625533,8302.092446034398,8445.946617639693,916615
2025-05-23,8524.9443359375,8619.546738475647,8498.61170842688,8548.351115946938,321989
2025-05-26,8737.068359375,8756.574009560578,8553.227606375927,8567.369202760472,440577
2025-05-27,8741.45703125,8781.93125492476,8680.501875113314,8723.901946282635,401273
2025-05-28,8630.2744140625,8784.369041412694,8558.10351264532,8767.789239735775,312080
2025-05-29,8655.14453125,8719.02553488929,8584.436550122542,8686.841212445066,330341
2025-05-30,8394.2568359375,8645.87973168188,8372.800620021313,8569.807693433579,1434828
2025-06-02,8303.0673828125,8408.397890517175,8207.00205865592,8408.397890517175,457251
2025-06-03,8351.34375,8387.429201214527,8280.148130036201,8302.579626737124,566074
2025-06-04,8351.83203125,8426.92878682964,8316.23421854017,8339.15335823006,431009
2025-06-05,8345.9794921875,8401.082950125987,8299.165935000821,8401.082950125987,381642
2025-06-06,8423.5146484375,8470.328206747678,8329.887531817145,8395.231456958434,435024
2025-06-09,8427.416015625,8489.834095129687,8386.94179219618,8465.452032823168,443544
2025-06-10,8412.787109375,8449.847845539647,8362.072417781272,8431.317477457324,350288
2025-06-11,8503.48828125,8553.227689707823,8397.18248670289,8422.052190931801,462124
2025-06-12,8355.2451171875,8539.573508356922,8328.912489877583,8516.654369772365,368162
2025-06-13,8254.3037109375,8275.759926645023,8143.609143537323,8250.89022207494,250910
2025-06-16,8318.671875,8382.55287714696,8242.1122006712,8276.734728552377,203598
2025-06-17,8284.537109375,8342.566417516482,8246.013451028975,8280.148338171022,286217
2025-06-18,8258.6923828125,8443.508420429762,8231.872113501287,8294.777836067586,561114
2025-06-19,8286.0,8343.541666666666,8242.599929378532,8270.395480225989,332303
2025-06-20,8371.0,8403.0,8250.0,8315.0,567646
2025-06-23,8286.5,8328.5,8255.0,8275.0,271619
2025-06-24,8377.0,8424.5,8331.5,8363.0,214129
2025-06-25,8389.5,8437.0,8371.0,8407.0,276176
2025-06-26,8433.0,8465.0,8361.0,8370.0,371685
2025-06-27,8436.0,8507.0,8414.0,8468.0,504248
2025-06-30,8376.0,8496.0,8360.0,8470.0,303799
2025-07-01,8399.0,8409.0,8300.0,8370.0,363782
2025-07-02,8356.5,8409.5,8314.5,8350.0,267604
2025-07-03,8382.5,8464.5,8350.0,8378.0,175619
2025-07-04,8433.0,8450.0,8364.5,8382.0,183720
2025-07-07,8463.5,8484.0,8404.0,8433.0,123117
2025-07-08,8339.5,8474.0,8291.0,8463.0,253579
2025-07-09,8361.0,8376.0,8310.5,8350.0,157280
2025-07-10,8285.0,8394.0,8268.0,8394.0,229552
2025-07-11,8067.0,8300.0,8045.5,8285.5,539579
2025-07-14,8087.5,8120.0,8035.5,8090.0,248351
2025-07-15,8311.0,8326.0,8090.0,8128.0,366546
2025-07-16,8302.5,8345.0,8184.5,8311.0,275493
2025-07-17,8330.0,8355.0,8262.5,8278.5,249880
2025-07-18,8347.5,8365.0,8305.0,8305.0,268313
2025-07-21,8438.5,8450.0,8306.0,8306.0,253964
2025-07-22,8295.0,8470.0,8277.0,8470.0,302466
2025-07-23,8397.0,8405.0,8290.5,8313.5,194644
2025-07-24,8288.5,8435.0,8276.0,8409.5,298692
2025-07-25,8075.5,8280.0,8044.5,8275.0,554118
2025-07-28,8089.5,8158.0,8075.0,8075.5,232171
2025-07-29,8127.5,8146.0,8056.0,8089.5,209998
2025-07-30,8043.5,8132.5,8025.0,8090.5,222804
2025-07-31,8008.0,8094.0,7930.5,7990.0,297025
2025-08-01,8044.5,8091.0,7951.5,8008.0,329818
2025-08-04,8187.5,8205.0,8044.5,8044.5,221221
2025-08-05,8230.5,8236.5,8130.0,8176.0,194083
2025-08-06,8178.5,8269.0,8120.0,8269.0,515934
2025-08-07,8229.0,8249.0,7858.5,8070.0,456168
2025-08-08,8224.0,8277.0,8185.0,8229.0,282679
2025-08-11,8275.0,8300.0,8132.5,8235.0,180274
2025-08-12,8196.5,8321.5,8180.0,8275.5,184529
2025-08-13,8248.5,8309.5,8189.0,8214.5,367519
2025-08-14,8213.5,8280.0,8198.0,8250.0,364270
2025-08-18,8588.5,8629.5,8400.0,8400.0,995976
2025-08-19,8795.5,8856.0,8586.0,8609.0,1052384
2025-08-20,8827.5,8872.5,8763.5,8794.5,490202
2025-08-21,8684.5,8869.0,8630.0,8835.0,510564
2025-08-22,8679.5,8715.0,8581.0,8684.5,369875
2025-08-25,8750.5,8764.0,8633.5,8750.0,360880
2025-08-26,8691.5,8825.0,8646.0,8730.0,778390
2025-08-28,8689.5,8798.0,8661.0,8798.0,394657
2025-08-29,8631.5,8730.0,8571.5,8714.0,344340
2025-09-01,8967.0,9037.5,8665.0,8665.0,658701
2025-09-02,9030.5,9109.5,8926.0,8970.0,548186
2025-09-03,9116.0,9129.5,8992.0,9052.0,322758
2025-09-04,9071.0,9353.5,9046.5,9350.0,652617
2025-09-05,9084.5,9172.0,9053.0,9117.0,231190
2025-09-08,9433.5,9490.0,9073.0,9102.0,713087
2025-09-09,9383.0,9428.5,9236.5,9390.5,505482
2025-09-10,9244.0,9440.0,9180.0,9425.0,454231
2025-09-11,9113.5,9243.5,9075.0,9243.5,472941
2025-09-12,8999.5,9205.0,8979.5,9115.0,481492
2025-09-15,9025.0,9091.5,8964.0,9026.5,325549
2025-09-16,9072.5,9099.0,9020.0,9032.0,219134
2025-09-17,9084.0,9136.0,9070.0,9076.5,172732
2025-09-18,9075.0,9115.0,9025.0,9099.5,183574
2025-09-19,8971.5,9063.5,8950.5,9050.0,467648
2025-09-22,9054.5,9195.0,8959.5,8971.5,525239
2025-09-23,8984.5,9225.0,8950.0,9079.0,451186
2025-09-24,8839.0,8999.0,8804.0,8990.0,240914
2025-09-25,8842.5,8910.0,8758.0,8821.0,441002
2025-09-26,8702.0,8880.0,8668.0,8830.0,335841
2025-09-29,8717.5,8829.0,8675.5,8745.0,394174
2025-09-30,8678.5,8769.0,8640.0,8721.0,285609
2025-10-01,8626.5,8846.5,8586.5,8720.0,551282
2025-10-03,8679.5,8698.5,8491.5,8626.5,915075
2025-10-06,8792.0,8803.5,8651.0,8698.0,300715
2025-10-07,8904.0,8915.0,8785.5,8800.0,490577
2025-10-08,8792.0,8903.0,8750.5,8903.0,408647
2025-10-09,8810.0,8817.5,8701.5,8775.0,217161
2025-10-10,8946.5,8955.0,8781.5,8816.0,228686
2025-10-13,9066.0,9084.0,8917.0,8947.0,374531
2025-10-14,9102.5,9120.0,9032.5,9100.0,297332
2025-10-15,8998.0,9180.0,8955.5,9106.5,300055
2025-10-16,9151.5,9177.0,9022.0,9030.0,334619
2025-10-17,9150.5,9194.5,9090.5,9150.0,466036
2025-10-20,9124.5,9236.5,9100.5,9194.5,303686
2025-10-21,9118.0,9165.0,9081.0,9159.5,27642
2025-10-23,9047.0,9157.0,9017.0,9136.0,249420
2025-10-24,9076.5,9099.0,9012.0,9070.0,332130
2025-10-27,9095.5,9115.0,9055.0,9099.5,310061
2025-10-28,9057.5,9130.0,9019.0,9100.0,459991
2025-10-29,9034.0,9090.0,8960.0,9090.0,226605
2025-10-30,8923.0,9065.0,8904.5,9034.0,250532
2025-10-31,8892.5,9051.0,8802.0,8939.5,261013
2025-11-03,8922.5,8957.5,8855.0,8900.0,206987
2025-11-04,8751.0,8920.0,8713.0,8920.0,517334
2025-11-06,8720.5,8820.5,8702.5,8755.0,326774
2025-11-07,8721.5,8749.5,8605.0,8720.0,290120
2025-11-10,8772.0,8838.0,8685.5,8795.0,992874
2025-11-11,8895.0,8945.0,8726.0,8819.0,380748
2025-11-12,8868.0,8935.0,8800.0,8935.0,439922
2025-11-13,8867.5,8895.5,8842.0,8888.0,276001
2025-11-14,8843.0,8867.5,8781.5,8867.5,550371
2025-11-17,8945.5,9025.0,8850.0,8850.0,457995
2025-11-18,8921.0,8999.0,8900.0,8975.5,276172
2025-11-19,8884.5,8975.0,8863.5,8950.0,326292
2025-11-20,8979.5,9005.0,8890.0,8924.0,189991
2025-11-21,8892.0,8957.5,8862.0,8950.0,320271
2025-11-24,9007.5,9049.0,8857.5,8905.0,466198
2025-11-25,9048.0,9145.0,9001.0,9025.0,482151
2025-11-26,9164.0,9180.0,9028.0,9054.0,354143
2025-11-27,9022.5,9254.5,8996.0,9194.0,602295
2025-11-28,9073.5,9106.0,8922.0,9031.0,432445
2025-12-01,9096.0,9189.5,9055.5,9129.0,449503
2025-12-02,9085.5,9142.0,8988.0,9100.0,319833
2025-12-03,9000.5,9105.0,8950.0,9085.5,412081
2025-12-04,9085.0,9095.0,8988.0,9005.0,275604
2025-12-05,9109.0,9130.0,9045.5,9054.0,279893
2025-12-08,9026.0,9124.5,8956.5,9115.0,299426
2025-12-09,8961.0,9034.5,8880.0,8990.0,373015
2025-12-10,8991.0,9001.5,8904.0,8961.0,307300
2025-12-11,9053.5,9084.0,8961.0,8991.0,136142
2025-12-12,9015.0,9089.5,8960.0,9065.0,356060
2025-12-15,8940.0,9042.5,8884.0,9040.0,507849
2025-12-16,9008.0,9028.0,8891.0,8940.0,278902
2025-12-17,8895.0,9009.0,8859.0,9008.0,256364
2025-12-18,8831.0,8891.0,8735.0,8891.0,338487
2025-12-19,9002.0,9011.0,8827.0,8830.5,215196
2025-12-22,9164.0,9185.0,8997.5,9010.0,377385
2025-12-23,9099.0,9184.0,9080.0,9184.0,215559
2025-12-24,9170.0,9194.5,9070.0,9100.0,167717
2025-12-26,9064.5,9185.5,9052.0,9182.5,105815
2025-12-29,9087.0,9127.0,9055.5,9069.5,263943
2025-12-30,9282.0,9299.0,9025.5,9087.0,464922
2025-12-31,9343.0,9398.0,9296.5,9320.0,319864
