Price,Close,High,Low,Open,Volume
Ticker,EICHERMOT.NS,EICHERMOT.NS,EICHERMOT.NS,EICHERMOT.NS,EICHERMOT.NS
Date,,,,,
2015-01-01,1410.3421630859375,1419.4256932226906,1387.115750127076,1387.115750127076,291150
2015-01-02,1393.671875,1427.6868035776608,1387.3005337513364,1427.6821787349436,399730
2015-01-05,1400.0111083984375,1408.83124772015,1387.947375023678,1387.947375023678,353760
2015-01-06,1363.54248046875,1387.4850614653353,1352.8325874027644,1386.0989625028324,481180
2015-01-07,1382.3936767578125,1386.0714418963064,1359.823316478055,1363.9216038971372,318150
2015-01-08,1374.4283447265625,1395.3399674259215,1368.6344315818644,1382.6803055571131,294870
2015-01-09,1361.95361328125,1384.2513379432055,1344.516486453514,1379.2105968102799,387420
2015-01-12,1372.9449462890625,1399.497969500107,1349.1594962606964,1353.941470172793,657230
2015-01-13,1367.53955078125,1381.2202885471106,1357.4533314900757,1376.854098043135,144320
2015-01-14,1370.71826171875,1381.1093820931842,1360.2347572803696,1364.3838056809432,157940
2015-01-15,1397.8580322265625,1410.9567158481,1371.7762860605621,1385.1752460793418,461690
2015-01-16,1418.41357421875,1421.6755543015158,1387.1154630179587,1397.1878050724029,329840
2015-01-19,1429.95556640625,1440.702461731047,1419.3658029570888,1421.2139355130225,382660
2015-01-20,1431.443115234375,1439.8614572074594,1423.2466529164035,1430.089389895785,367410
2015-01-21,1420.5068359375,1436.922884875434,1408.276833794316,1433.3190042759875,260600
2015-01-22,1415.2027587890625,1424.0922711105436,1408.3970202581675,1413.9136683934137,140850
2015-01-23,1399.5859375,1424.919246992026,1396.541211741225,1420.474434684721,1040970
2015-01-27,1486.7532958984375,1490.7960856320508,1394.804081685094,1403.656595510547,1340650
2015-01-28,1509.9473876953125,1523.9470140448152,1478.5060107502404,1493.9332472736976,850260
2015-01-29,1522.7547607421875,1538.5886432894172,1506.3202126356218,1520.4584698893418,615340
2015-01-30,1504.0008544921875,1537.6461359625362,1480.354032338932,1524.8015933963895,374570
2015-02-02,1530.4154052734375,1561.209866697977,1513.4171892389363,1515.1913241750353,508360
2015-02-03,1508.40869140625,1544.4750223293074,1502.0696107989857,1524.2471996388354,310210
2015-02-04,1471.067138671875,1515.4593149166965,1459.3222933925394,1513.1583991079385,272800
2015-02-05,1463.494384765625,1486.1478798894432,1456.3698708704796,1471.1133056335761,291850
2015-02-06,1440.4112548828125,1476.6577275434365,1432.487319859454,1469.0804301320297,215600
2015-02-09,1396.77685546875,1439.6950580646694,1392.3459176823128,1439.6950580646694,265960
2015-02-10,1398.4031982421875,1435.0748198204158,1363.4643136035568,1399.960303945866,528920
2015-02-11,1491.563232421875,1496.9874974220963,1406.613762642483,1416.593724412391,398680
2015-02-12,1517.1273193359375,1535.6917778552413,1485.325544717186,1502.624037044603,426470
2015-02-13,1503.21533203125,1559.0843343308532,1423.2466127926023,1532.7484495428248,741780
2015-02-16,1483.22802734375,1551.3225308249166,1476.2097709522652,1535.8905561206532,710030
2015-02-18,1566.0428466796875,1575.3158834905068,1506.2280537350537,1515.4687166414037,929620
2015-02-19,1537.6832275390625,1589.3939384158355,1524.709301387284,1584.681223135395,492290
2015-02-20,1511.966064453125,1541.804193084485,1506.3477835188207,1541.804193084485,305210
2015-02-23,1476.833251953125,1517.113377352857,1471.575369612168,1514.4520622822702,332010
2015-02-24,1463.9288330078125,1483.126331920452,1450.6870042477065,1478.5060006683632,392330
2015-02-25,1441.2105712890625,1480.3540006156582,1434.1506922318986,1471.8526369934648,438780
2015-02-26,1405.0748291015625,1447.355476519162,1390.821064894312,1441.5430648600302,557840
2015-02-27,1460.61572265625,1464.6400121121462,1413.2665889689524,1413.2665889689524,911790
2015-03-02,1517.875732421875,1543.1905438525826,1494.5846846124057,1529.329550943727,1004760
2015-03-03,1469.9998779296875,1510.8019337822548,1449.5086655673556,1510.8019337822548,1177760
2015-03-04,1482.936767578125,1502.531549545464,1413.821199756802,1423.0618611931209,2456430
2015-03-05,1478.607666015625,1495.8785232615364,1465.5691044797413,1487.7466949636719,439860
2015-03-09,1450.7655029296875,1472.0930240224563,1446.1636710852017,1466.9551615640626,516080
2015-03-10,1473.6822509765625,1482.8859137917314,1450.7653651929643,1450.7838645642469,814820
2015-03-11,1488.1475830078125,1501.602600860227,1473.8861037003603,1485.0097724075329,513190
2015-03-12,1511.3218994140625,1518.1351238957957,1488.7176684775227,1496.133447648021,485690
2015-03-13,1475.06787109375,1518.5566996547889,1463.726378568259,1516.9762526174688,431710
2015-03-16,1466.5029296875,1478.5118173528879,1449.1361139646326,1475.740178707906,165110
2015-03-17,1477.8489990234375,1488.7130887864714,1465.543417337778,1473.7934946269463,313240
2015-03-18,1487.253173828125,1503.1784970968615,1472.5328468467362,1478.5210526431918,256920
2015-03-19,1493.5009765625,1513.4632469659578,1485.9461284014308,1496.1335466586172,579030
2015-03-20,1484.7779541015625,1499.711465005823,1475.8001726224416,1493.3524482956873,338780
2015-03-23,1470.7298583984375,1495.1139190023264,1460.0975113284317,1491.4847855736082,188250
2015-03-24,1436.9093017578125,1474.3497339174128,1431.9129064967406,1473.4227614345975,333070
2015-03-25,1443.5556640625,1455.2540516929396,1422.9026910056864,1440.5151673112941,451180
2015-03-26,1440.3482666015625,1459.5459427755095,1417.9109394326072,1436.8072816701342,1414180
2015-03-27,1435.94970703125,1446.0769256349595,1400.7479532194711,1445.1453138585584,398000
2015-03-30,1484.907958984375,1491.962205975714,1443.6716018064226,1445.984393616884,383940
2015-03-31,1474.6417236328125,1499.3780394516373,1466.6281413105614,1497.0606081696408,386800
2015-04-01,1484.9632568359375,1501.4123760624652,1467.4018160921687,1476.5742252668942,458790
2015-04-06,1462.989501953125,1491.9018289826013,1438.6843135958877,1491.9018289826013,653130
2015-04-07,1481.60791015625,1487.7908574463443,1456.7419181905427,1464.60262685891,326890
2015-04-08,1531.8079833984375,1537.8472222047806,1480.9589301507192,1485.0097950404208,766960
2015-04-09,1511.1968994140625,1548.0440558328382,1508.36958806174,1548.0440558328382,538500
2015-04-10,1504.4996337890625,1523.294024723998,1493.009791017041,1514.209648542952,386810
2015-04-13,1489.709716796875,1504.5691138375798,1483.2487453212955,1501.695521581768,436620
2015-04-15,1471.35546875,1494.2794776187125,1465.5433338183527,1492.4162540811278,444450
2015-04-16,1468.0648193359375,1505.4032977452925,1458.4985131930132,1505.4032977452925,1081000
2015-04-17,1419.2965087890625,1471.5684890431228,1408.9932209875328,1469.2510583517164,575680
2015-04-20,1368.396728515625,1419.1948656374789,1356.1607370526658,1419.1948656374789,902330
2015-04-21,1326.5252685546875,1385.7031516672603,1310.3680907132243,1381.1888008511132,904210
2015-04-22,1331.7025146484375,1341.3244931872034,1303.3557379179356,1334.8403254381305,1109130
2015-04-23,1367.0107421875,1376.1877912415346,1339.5677433985736,1345.036902988821,475210
2015-04-24,1364.549560546875,1377.3881037162605,1343.2199197925688,1366.5424603811693,1226260
2015-04-27,1369.235595703125,1396.947454655383,1288.5009589167842,1349.20837441998,982640
2015-04-28,1406.685302734375,1414.0964427903177,1359.9242282642917,1367.2843350479966,487630
2015-04-29,1412.52978515625,1430.7678981739743,1400.891597561333,1409.924938548682,384040
2015-04-30,1408.2196044921875,1422.6246805001254,1399.7285045294243,1409.1835789665647,635740
2015-05-04,1421.47509765625,1436.802618376746,1418.3465657240195,1431.393770490439,260220
2015-05-05,1441.9520263671875,1457.3583038157951,1410.0177578700132,1421.3268895476813,323440
2015-05-06,1397.902099609375,1455.2353151638974,1390.4584846972368,1438.6610455000744,465440
2015-05-07,1372.563232421875,1401.0259899862467,1343.641741240184,1397.410775299585,750550
2015-05-08,1462.8690185546875,1472.9591220334164,1362.649408048535,1383.9697729363693,1368920
2015-05-11,1563.95068359375,1572.608573558837,1477.408559578899,1480.3748258022179,2452730
2015-05-12,1590.5504150390625,1603.6624594380705,1538.7743830446227,1571.2184212413465,1304850
2015-05-13,1676.8514404296875,1699.1498129401746,1614.4152279407556,1618.0304431977981,3417440
2015-05-14,1684.8787841796875,1712.8594979706054,1640.8336808210183,1668.550175817141,1784400
2015-05-15,1735.477783203125,1742.230809214481,1684.9577844576027,1684.9577844576027,1506160
2015-05-18,1723.960205078125,1775.6157220508692,1695.8960916168444,1735.6910685511325,1626570
2015-05-19,1691.86376953125,1748.2375440895532,1675.5953579658274,1725.5591950549333,1045160
2015-05-20,1717.5408935546875,1725.7445771643124,1678.1816792578966,1689.7781137422562,1050920
2015-05-21,1706.8619384765625,1717.6797464229896,1696.9155433709575,1714.8988294023372,431240
2015-05-22,1733.1373291015625,1736.2194673570998,1704.0350097805733,1705.6293753000873,699030
2015-05-25,1777.3211669921875,1811.7674918438447,1714.9081582394847,1724.1686031361223,1777900
2015-05-26,1752.8402099609375,1796.9362432740224,1744.2239595878877,1770.5175262591606,1986630
2015-05-27,1702.2039794921875,1749.1596770151086,1673.2823748132846,1749.1596770151086,1934440
2015-05-28,1667.27099609375,1724.1685632057727,1649.5472893681035,1703.7751715979625,1915360
2015-05-29,1751.648681640625,1789.051993272601,1650.8450781260933,1673.1850890944766,12860700
2015-06-01,1740.6595458984375,1754.3693908011987,1702.801911464697,1714.8062719843383,1096380
2015-06-02,1682.010009765625,1757.3543550469215,1666.6964073175989,1748.9698487912583,1097880
2015-06-03,1686.26953125,1709.800736670248,1664.0082735991216,1681.5280760747246,897950
2015-06-04,1604.75146484375,1645.3759843788364,1572.2146435857526,1622.2016747396979,3314370
2015-06-05,1612.1627197265625,1620.0697087419637,1581.6049913809113,1594.2999424755183,761860
2015-06-08,1602.0400390625,1627.7635229820628,1595.1063036640662,1620.8112300308296,690480
2015-06-09,1585.9339599609375,1603.6623077269946,1543.3859026912376,1603.6623077269946,1049390
2015-06-10,1630.790283203125,1639.5640462019303,1587.6257500475049,1594.2073452996106,861190
2015-06-11,1598.503662109375,1645.3759659455952,1586.9767063092163,1638.0528615505068,595110
2015-06-12,1613.31201171875,1620.078842116046,1585.1227503059981,1599.0134176707722,455360
2015-06-15,1671.08984375,1679.9887541801293,1634.0759074154512,1643.9851858532943,718280
2015-06-16,1710.4310302734375,1717.2396155829351,1671.1459343453096,1675.8734710853046,1012840
2015-06-17,1788.0279541015625,1807.5916901167393,1719.1816901543941,1719.1816901543941,1717320
2015-06-18,1807.19287109375,1825.0232845717749,1789.0567106192811,1792.4077067527692,1066240
2015-06-19,1802.51171875,1858.570351038052,1777.9376717990922,1812.2449287814468,3874280
2015-06-22,1798.7760009765625,1822.2423658227656,1784.47288039517,1796.0090019767304,1000180
2015-06-23,1786.90625,1804.8106680338794,1777.9331071575914,1798.3265004617974,577410
2015-06-24,1772.69580078125,1803.9764826152816,1765.168788764429,1784.4220252929103,984390
2015-06-25,1806.0850830078125,1815.4753172833837,1776.5424792308424,1776.5424792308424,1835900
2015-06-26,1813.3109130859375,1824.096245489169,1789.0566452067358,1807.1326061298091,408400
2015-06-29,1788.8944091796875,1798.2337237035674,1763.8059562933179,1779.9306587789647,425730
2015-06-30,1815.6329345703125,1826.126211558707,1784.426374866999,1787.1840949179427,577540
2015-07-01,1886.606689453125,1895.658588664246,1825.3013597349827,1830.0288964202934,1219040
2015-07-02,1970.530029296875,1978.1589936275388,1891.0235927835893,1891.0235927835893,1601620
2015-07-03,1879.4921875,1998.0935066229385,1872.0207357451986,1983.1646344336484,1986580
2015-07-06,1884.93359375,1904.4648530162249,1844.6983283618092,1863.2145799769346,951730
2015-07-07,1887.55224609375,1904.8262731879233,1872.4843047488578,1897.7906972981357,570230
2015-07-08,1898.676025390625,1910.7266683731946,1865.5368703443862,1872.4891643727917,719440
2015-07-09,1913.382568359375,1919.908264599715,1899.3711618869656,1904.9239443718966,535190
2015-07-10,1924.862548828125,1928.1024257162892,1908.6360069951152,1921.1501333158699,447180
2015-07-13,1961.4876708984375,1966.108728519728,1928.2882041797902,1928.2882041797902,530250
2015-07-14,1925.68310546875,1964.7134868005928,1918.832878970698,1964.7134868005928,595940
2015-07-15,1920.5338134765625,1929.951997837879,1910.026617601726,1925.7806220653927,405100
2015-07-16,1953.9417724609375,1961.1027241335398,1920.6866405925696,1923.4675575432343,414520
2015-07-17,1955.97216796875,1967.9626115346994,1940.3573434109792,1967.9626115346994,270490
2015-07-20,1969.6358642578125,1976.1108671575823,1946.6423733060974,1964.254851921724,354460
2015-07-21,1978.9329833984375,2004.1142235316236,1969.8162465331636,1969.9090342929385,620990
2015-07-22,1956.810791015625,1986.9652286644832,1922.0771642807586,1982.3303669227887,1130050
2015-07-23,1903.8345947265625,1952.482090135833,1887.4271146912793,1952.482090135833,677200
2015-07-24,1864.49853515625,1909.3731910658564,1858.5798068684453,1891.9508158695746,813960
2015-07-27,1793.50146484375,1850.2367654035143,1785.7380716021396,1844.7815242045572,1163350
2015-07-28,1807.540771484375,1820.1105733800396,1773.5302034730637,1802.4980952062576,849090
2015-07-29,1784.0743408203125,1828.3372750408334,1775.2588238215194,1816.8659910412744,842570
2015-07-30,1763.8385009765625,1812.3237293316838,1752.7101927102074,1797.7703078118402,877940
2015-07-31,1767.84765625,1784.4312066020977,1732.9749579581603,1776.5426621699996,1033940
2015-08-03,1768.95068359375,1807.5961070758829,1764.6031243721227,1807.5961070758829,632610
2015-08-04,1870.454345703125,1881.7540856266523,1757.085569075212,1771.259014136912,1375040
2015-08-05,1906.4671630859375,1920.5942148053377,1859.5994927520603,1898.4396627809401,1188320
2015-08-06,1907.0003662109375,1916.3302900870976,1888.7296613321691,1905.8554555989574,449180
2015-08-07,1912.48779296875,1925.2289110838594,1893.735159187436,1908.6361954412441,359450
2015-08-10,1887.7423095703125,1924.3855582634574,1872.4843790086484,1909.5632776028792,366400
2015-08-11,1869.07763671875,1902.1381445925808,1836.3323809428096,1890.0041071865867,462080
2015-08-12,1839.9615478515625,1865.995532773315,1829.1947719496502,1861.3699493227805,375670
2015-08-13,1844.9254150390625,1878.787744673008,1836.3555595489877,1841.9405910063538,439660
2015-08-14,1909.618896484375,1916.9651983237882,1849.7827803007908,1858.3943904666314,551230
2015-08-17,1915.56982421875,1923.4676468301816,1886.2034032237939,1912.3439785111639,402480
2015-08-18,1941.506591796875,1950.3499447715258,1916.1447534700962,1932.7791103731256,488900
2015-08-19,1968.472412109375,1980.0131739706123,1923.4816589372203,1945.2517067309598,521390
2015-08-20,1948.2686767578125,2001.8895918807004,1938.8971129668885,1969.6309086080103,686080
2015-08-21,1897.035400390625,1937.1872751287092,1881.754271522991,1937.1872751287092,745150
2015-08-24,1722.82470703125,1850.700512346536,1651.957594725592,1850.6865941809683,1289170
2015-08-25,1733.341064453125,1779.4115472169765,1659.28058685823,1747.4402783695864,1385870
2015-08-26,1721.1094970703125,1779.3187658512004,1714.89418827156,1732.5066627177928,754800
2015-08-27,1740.0709228515625,1807.5730040135393,1735.588934299653,1756.6127183639326,689780
2015-08-28,1753.76220703125,1774.7673189920472,1717.9671788191783,1761.2474634887556,757970
2015-08-31,1762.619384765625,1778.8274828994847,1740.1217474863329,1756.0564611937425,1500930
2015-09-01,1692.586669921875,1769.4048639084272,1671.7205133066886,1751.050766147576,1010600
2015-09-02,1703.5203857421875,1735.2923884013724,1689.8707393459945,1708.873674154877,940840
2015-09-03,1704.020751953125,1728.1545075141973,1696.6512542603098,1722.0363997976567,475860
2015-09-04,1685.022705078125,1704.0581157574427,1646.3030482758509,1704.0210006500981,615140
2015-09-07,1616.91357421875,1696.3597133932362,1602.7772432738063,1688.4804469649068,736180
2015-09-08,1597.5675048828125,1620.1485396911087,1549.072883383103,1620.1485396911087,1248080
2015-09-09,1665.523681640625,1671.0808764525477,1605.7339639907511,1622.2016416632464,1048270
2015-09-10,1714.611572265625,1732.919277678404,1617.5715226946597,1645.3760560852022,977380
2015-09-11,1750.3140869140625,1763.4725250563054,1723.2418955048026,1723.2418955048026,906040
2015-09-14,1746.0916748046875,1768.663431288766,1715.9372339052456,1758.9302205819884,495720
2015-09-15,1721.9716796875,1757.993812228734,1707.4830970898702,1745.4564883553685,860460
2015-09-16,1662.71044921875,1738.0733551608516,1634.1365685222327,1728.8036305999938,1147980
2015-09-18,1690.282958984375,1712.5813274916334,1678.7468384775902,1682.4268913581643,566930
2015-09-21,1712.8826904296875,1720.4607348879745,1673.3844109515005,1682.4548673608156,331240
2015-09-22,1699.5946044921875,1737.7904612254617,1689.7084077068937,1722.2220322983048,384670
2015-09-23,1692.13232421875,1724.0758678161692,1677.8199256867927,1677.8199256867927,376810
2015-09-24,1647.8001708984375,1699.4047694369065,1641.051784107463,1696.354993777254,990070
2015-09-28,1602.0447998046875,1662.0616274417082,1594.3926375904841,1660.657250580481,524080
2015-09-29,1616.7001953125,1648.9635220937635,1561.206997148527,1585.122932266098,835400
2015-09-30,1649.232421875,1654.0897487139675,1592.9049244331418,1629.6408490695862,921680
2015-10-01,1695.0941162109375,1699.4184784945578,1633.3113855805789,1668.6429281468602,1104200
2015-10-05,1740.18212890625,1742.708106056473,1705.629210182931,1709.3370997702852,702630
2015-10-06,1726.9681396484375,1755.2222403101587,1721.8512338928545,1754.267431580269,466230
2015-10-07,1752.4647216796875,1760.1354418073818,1718.8434107410244,1719.5340007326058,574360
2015-10-08,1730.3145751953125,1761.7343242446875,1724.8871696483852,1761.2476410811205,366520
2015-10-09,1698.0465087890625,1748.5711432872752,1691.9656287691312,1738.0732262629704,634010
2015-10-12,1666.92333984375,1716.5811973803395,1662.1540491387125,1700.1645537558059,478200
2015-10-13,1651.897216796875,1685.4210951602342,1636.314757152365,1668.0681997850622,672010
2015-10-14,1685.254150390625,1695.339613250246,1650.0106464552325,1650.0106464552325,307510
2015-10-15,1697.39306640625,1712.8596552991673,1689.5230797399072,1690.3341805943192,369030
2015-10-16,1695.1126708984375,1709.7032068161748,1686.1627255906442,1700.9016087698487,367070
2015-10-19,1690.9180908203125,1700.433475647664,1678.2000572342529,1699.1032160000163,411100
2015-10-20,1683.48876953125,1700.9946554602102,1673.1854785317055,1693.1061098856912,473380
2015-10-21,1688.06787109375,1708.4102317972088,1670.1262242054058,1686.1628929132517,609590
2015-10-23,1683.2569580078125,1701.9122801061446,1679.674218244872,1696.8232099874383,572690
2015-10-26,1662.515625,1690.7975603497623,1653.5193991115311,1686.0097119692873,365660
2015-10-27,1637.0101318359375,1659.7441535544635,1625.4461732799507,1659.581888115163,692190
2015-10-28,1612.2183837890625,1643.976471099659,1602.5824864227977,1626.818200851688,961090
2015-10-29,1614.66552734375,1624.9920142097956,1601.2337053429244,1617.0293523980645,612850
2015-10-30,1644.67626953125,1655.7581847011077,1615.8288907205315,1623.9352604642743,456200
2015-11-02,1666.2745361328125,1677.3007770694896,1652.3281965373103,1669.6532552622343,524390
2015-11-03,1669.55615234375,1677.356661783181,1666.2329922935992,1668.9212350514115,330980
2015-11-04,1647.058349609375,1685.8522336376916,1643.2624249293124,1674.1120924165073,350640
2015-11-05,1638.7017822265625,1665.4911928888546,1631.4713525608456,1653.7186891866752,185730
2015-11-06,1547.4273681640625,1668.0867615972047,1522.830238066928,1640.741076980857,1569340
2015-11-09,1478.7529296875,1524.4943620602253,1466.3546720886468,1520.2349504388026,1375940
2015-11-10,1468.4725341796875,1493.523984305518,1447.0964976992375,1487.6979314635582,751830
2015-11-13,1448.3248291015625,1476.2498713360103,1438.688933352581,1473.8860465650462,496620
2015-11-16,1414.7591552734375,1454.3965043037456,1392.3125502039431,1445.9842750034197,875000
2015-11-17,1436.2420654296875,1440.515395463011,1417.4383948805669,1432.357991461891,379790
2015-11-18,1472.3890380859375,1481.6355649781024,1434.4897631426256,1443.29136139574,698710
2015-11-19,1498.6085205078125,1500.7683254779363,1475.5547212943065,1482.6923635589617,657680
2015-11-20,1521.8013916015625,1525.7966972926206,1492.351571055254,1501.6954128882412,445250
2015-11-23,1553.2626953125,1556.8964676885596,1499.2851130614526,1529.5043892728954,474880
2015-11-24,1543.4228515625,1557.2208437823165,1538.9594209411132,1557.2162043944224,369720
2015-11-26,1528.1651611328125,1550.7924778171368,1506.344192821174,1543.5064877288871,697660
2015-11-27,1538.4404296875,1580.487882592315,1530.4313748738487,1531.8311121977,677220
2015-11-30,1550.7230224609375,1562.9729322333378,1538.5936236384766,1547.1170858959385,594670
2015-12-01,1505.166748046875,1564.706165332214,1502.1494484529903,1564.4512252990235,614350
2015-12-02,1516.587158203125,1529.5045738736326,1490.933263016645,1518.380904245461,432550
2015-12-03,1547.330322265625,1554.069430594489,1505.727791019988,1513.74148656452,828180
2015-12-04,1522.9183349609375,1546.1760407285276,1516.526842175811,1537.8472073164244,366790
2015-12-07,1504.5550537109375,1536.4568470189329,1501.7880545063165,1525.7966637666145,213830
2015-12-08,1511.6234130859375,1532.285668013297,1499.5727695988396,1504.383816108952,255070
2015-12-09,1457.95166015625,1517.4864458523264,1451.4998546628783,1510.96516268435,464660
2015-12-10,1486.840576171875,1492.4256076764855,1453.5113232905717,1472.4817823281235,438360
2015-12-11,1442.44775390625,1492.4255050893325,1432.1723014677134,1487.7906432722848,614540
2015-12-14,1424.43212890625,1443.7594803783882,1399.7282923732687,1422.9026018496472,659440
2015-12-15,1470.3587646484375,1476.2033747369674,1415.4866896221972,1427.444654817945,418850
2015-12-16,1489.0655517578125,1509.111333444382,1473.8817366407814,1473.8863760298323,382320
2015-12-17,1508.8421630859375,1518.380745001575,1482.2288225015375,1496.1334080784748,309700
2015-12-18,1498.0152587890625,1508.2073159645252,1478.076073092354,1503.178445351432,1118880
2015-12-21,1486.0294189453125,1513.9683804181616,1480.3656312090372,1492.4348298574923,378080
2015-12-22,1490.186767578125,1500.7635534807928,1484.0826910331698,1492.4254419509077,165960
2015-12-23,1500.75,1505.4034203031604,1484.096969832803,1499.4568551885877,172870
2015-12-24,1499.11376953125,1510.965144387267,1493.769759598323,1501.788094192033,123040
2015-12-28,1538.6397705078125,1543.4090616591307,1501.505314628075,1501.5933498495738,381400
2015-12-29,1548.326904296875,1551.3070893025574,1530.2463005404506,1538.8670771914706,277630
2015-12-30,1532.2669677734375,1548.3221946607723,1523.9195759782513,1547.9513830337635,288980
2015-12-31,1562.4630126953125,1568.4373000217915,1533.3884192803926,1537.8472108369695,340390
2016-01-01,1610.2298583984375,1639.7771044403062,1554.7830571212476,1564.6367785235605,599660
2016-01-04,1621.7662353515625,1666.2238005232084,1616.644689625468,1624.0511908949006,917430
2016-01-05,1590.6754150390625,1647.3366049630101,1586.1332274896608,1629.1540497560359,563490
2016-01-06,1624.52392578125,1632.8573994019193,1596.2466254881667,1602.457295899921,487940
2016-01-07,1579.15771484375,1617.4138846852873,1568.3909392482701,1612.0050368296493,496240
2016-01-08,1598.230224609375,1620.3477727340148,1581.414931512717,1581.414931512717,282520
2016-01-11,1598.0169677734375,1613.8588938705398,1566.8614400408255,1590.6845846535589,302910
2016-01-12,1582.04541015625,1612.9320827804747,1574.0872746294488,1612.918164614856,296900
2016-01-13,1581.6654052734375,1602.5501231145527,1545.6988265655582,1602.5501231145527,450700
2016-01-14,1574.74072265625,1584.6778394014125,1552.674095386318,1565.6563480800226,370670
2016-01-15,1505.477294921875,1593.2802066638028,1487.8880162599296,1576.7800526785636,339700
2016-01-18,1433.0528564453125,1508.8282065231042,1413.6328310127378,1506.0797651943012,485220
2016-01-19,1466.818115234375,1474.9430428062988,1371.9193051880086,1432.1725179158602,629330
2016-01-20,1440.40869140625,1458.633002682692,1393.239686062828,1446.1697938868776,438840
2016-01-21,1441.64599609375,1474.9891663337291,1425.68355844206,1463.5828342610423,458590
2016-01-22,1526.9508056640625,1537.203175791444,1455.8195847148359,1472.4958108765145,550390
2016-01-25,1521.7318115234375,1555.2279687814869,1516.114417531311,1555.2279687814869,228320
2016-01-27,1504.6707763671875,1527.3445973608157,1493.537829211181,1525.2403519873571,265500
2016-01-28,1479.3505859375,1509.852638876371,1472.8664187469283,1504.661503088809,370670
2016-01-29,1533.8240966796875,1543.4923548998986,1468.704289247361,1483.1557564657994,574020
2016-02-01,1582.698974609375,1585.9572965742507,1538.7975699322176,1557.3138232651727,439140
2016-02-02,1594.1236572265625,1612.6538263040115,1576.0384167926761,1594.2998408221952,491340
2016-02-03,1553.068115234375,1596.061099010724,1540.387083209045,1576.7800281252348,641660
2016-02-04,1566.0596923828125,1603.3841370034972,1552.6787912905427,1566.676052091313,468130
2016-02-05,1679.59521484375,1710.2640601681253,1566.4396317883,1581.4148979115566,2169440
2016-02-08,1704.215576171875,1750.9257294172444,1689.870700780776,1703.2191260950117,1032770
2016-02-09,1684.846435546875,1702.7277691562974,1666.4692531810836,1687.0897494663227,365830
2016-02-10,1660.2030029296875,1690.009828936184,1650.9379179054067,1681.2498714726744,488060
2016-02-11,1633.2606201171875,1668.5504115325414,1627.9628910883837,1645.3761002612562,1258780
2016-02-12,1667.9664306640625,1691.7247393378175,1612.728173461587,1642.5951989625273,817740
2016-02-15,1740.1357421875,1751.9778372370236,1694.0745379137666,1694.0745379137666,564820
2016-02-16,1732.5394287109375,1752.9883831004472,1727.5059182767811,1751.9780147649801,859740
2016-02-17,1742.93994140625,1784.421958360341,1716.6602951961063,1733.4384738357599,1820560
2016-02-18,1732.9378662109375,1761.243001427361,1717.082020686313,1761.243001427361,601230
2016-02-19,1726.620361328125,1751.8803568467729,1689.2726106431744,1719.5336398932864,283560
2016-02-22,1753.7066650390625,1761.2475947141588,1731.125630508688,1742.5227971274178,254910
2016-02-23,1761.599853515625,1779.3142828979076,1751.9778752617644,1770.6099982881476,476050
2016-02-24,1770.021240234375,1800.1803175574084,1740.6084254473901,1755.4214256094888,381300
2016-02-25,1750.9349365234375,1778.8460610236082,1729.081608148786,1765.808248945859,717030
2016-02-26,1750.6383056640625,1776.1577683069424,1741.7995926765977,1761.3401289604287,435180
2016-02-29,1752.033447265625,1798.3263929846805,1710.2918543989015,1744.5619956686437,531940
2016-03-01,1778.3363037109375,1794.6185191736733,1751.9777898957866,1756.6126517738178,795420
2016-03-02,1791.086669921875,1807.5961019679692,1781.9374572550694,1807.5961019679692,738640
2016-03-03,1791.6890869140625,1801.1998316491552,1784.607005049277,1801.1071570514391,450450
2016-03-04,1785.209716796875,1798.3263984684115,1770.6099019639485,1798.3263984684115,232010
2016-03-08,1835.595458984375,1853.4814333319423,1775.1522604804547,1779.7871227793594,1035450
2016-03-09,1847.8038330078125,1879.2050268840976,1833.3152481041232,1838.7426540625315,799690
2016-03-10,1835.4010009765625,1854.872063823946,1826.1544724649775,1849.310228550111,942390
2016-03-11,1854.3155517578125,1865.7868348376676,1827.52602763107,1837.2592375170077,473310
2016-03-14,1840.0262451171875,1877.1190582594659,1835.4053014092556,1872.4841963872202,728910
2016-03-15,1812.0733642578125,1842.3436742736012,1803.9809135416183,1842.3436742736012,1359590
2016-03-16,1732.8311767578125,1811.3920868797077,1729.2669950725085,1811.3920868797077,940110
2016-03-17,1671.906005859375,1742.708164427619,1668.086883982713,1740.8542195718449,938590
2016-03-18,1706.8760986328125,1714.3429116804255,1658.8172379980824,1673.277985924488,736590
2016-03-21,1701.582763671875,1724.168434134294,1685.2355985248103,1720.8313565703547,457150
2016-03-22,1699.75146484375,1724.2922975024942,1677.8761674432596,1724.2922975024942,356490
2016-03-23,1729.330078125,1742.9146599552423,1677.9694864081537,1705.558140790494,458270
2016-03-28,1715.931884765625,1738.6924709059833,1708.447496631352,1733.3331838870906,286470
2016-03-29,1736.7305908203125,1747.5936603190064,1694.5646600861858,1719.6321617539022,401700
2016-03-30,1746.36328125,1755.3295966063422,1727.409969442213,1752.2397920695346,541470
2016-03-31,1787.727783203125,1803.5166547570163,1728.8966810853622,1754.5840323411282,1633290
2016-04-01,1794.57373046875,1812.8372226369272,1762.5857112372234,1778.4073507689186,800180
2016-04-04,1817.86083984375,1824.1148583393078,1797.4675832369558,1806.685570511217,505960
2016-04-05,1746.2423095703125,1812.7347242013764,1737.5368807188568,1808.1769860833788,486520
2016-04-06,1787.65771484375,1791.9032522020063,1736.921637670906,1755.4228054415998,338800
2016-04-07,1760.092529296875,1789.3449269332718,1750.3758627743373,1784.875706333382,206780
2016-04-08,1787.7835693359375,1798.0034647448726,1752.7291858637602,1764.8365050961168,256300
2016-04-11,1807.1422119140625,1810.506898339756,1770.8947782988603,1785.8075764319035,285040
2016-04-12,1822.88916015625,1826.8177184435872,1799.8814548399844,1800.7203224658217,542410
2016-04-13,1854.4345703125,1861.1174094987891,1822.8893666570166,1832.20986627635,855590
2016-04-18,1889.1114501953125,1920.022923623896,1856.3871896501187,1856.3871896501187,545380
2016-04-20,1911.746337890625,1918.0888738711114,1887.4057495975578,1894.8668137455209,519920
2016-04-21,1894.745849609375,1929.3248826035613,1882.7410407982104,1913.4986914647159,362600
2016-04-22,1879.93994140625,1899.037634327589,1873.5134392855446,1885.4437232486657,241410
2016-04-25,1859.010986328125,1881.8088922199227,1855.706828220349,1881.8088922199227,293890
2016-04-26,1877.931396484375,1894.39142964414,1850.1190592096523,1858.97353329655,510010
2016-04-27,1874.7532958984375,1882.8107722087352,1869.6922145684134,1879.8235930544565,283840
2016-04-28,1891.4041748046875,1898.9024431643093,1870.6240820717776,1882.6475481047917,459210
2016-04-29,1867.362060546875,1891.120004488668,1859.44896563393,1891.036151850985,304180
2016-05-02,1850.524658203125,1876.2165606168555,1845.458912082153,1862.6971714598951,326220
2016-05-03,1862.37548828125,1890.192489610903,1845.4587602240722,1860.7444009931733,394060
2016-05-04,1841.8096923828125,1872.3576489875047,1827.5727219371831,1864.0903713647483,255450
2016-05-05,1834.8941650390625,1864.0999140339886,1790.8966740016724,1851.9832645927677,1524120
2016-05-06,1884.222900390625,1896.6285403235024,1828.6820735511099,1842.5416522996284,628300
2016-05-09,1909.14111328125,1910.7023424127399,1890.2485569109674,1901.3398599756924,368000
2016-05-10,1886.3944091796875,1910.6089327626244,1871.4816112966055,1910.6089327626244,413240
2016-05-11,1861.9423828125,1879.0128241697726,1855.5670788120374,1873.4205240978388,206790
2016-05-12,1841.0830078125,1886.841973578708,1836.2316149239582,1864.4727743988194,630110
2016-05-13,1770.2239990234375,1822.4886586720038,1713.1079461776928,1761.583877086437,14316680
2016-05-16,1776.780517578125,1790.467723947929,1756.913930058223,1784.8754249663114,504570
2016-05-17,1733.7667236328125,1786.1012370628087,1729.432668630228,1780.3085785075207,494760
2016-05-18,1744.79736328125,1753.912838350695,1707.6225449727515,1725.1311337045179,480240
2016-05-19,1696.39599609375,1748.7865978664834,1687.0103037468846,1747.593546699121,380270
2016-05-20,1703.84765625,1710.3114765789583,1689.3403549315321,1701.9230279199878,587130
2016-05-23,1702.67822265625,1718.700106673951,1696.3309078886068,1713.107806977615,282280
2016-05-24,1694.2152099609375,1705.4604522525706,1678.6220318337898,1702.6782966857554,335600
2016-05-25,1727.1490478515625,1729.8846690067157,1702.5103671306247,1705.651370841751,280010
2016-05-26,1714.4454345703125,1740.1373380312982,1706.718703715254,1727.0886381210476,1290760
2016-05-27,1746.8760986328125,1752.160863229197,1717.32549357511,1723.7333374914137,271290
2016-05-30,1746.8203125,1753.2793557406003,1733.6131221104968,1743.9588550840922,205130
2016-05-31,1722.9735107421875,1756.8442876535369,1702.8552490925545,1755.926118335387,643950
2016-06-01,1744.168212890625,1753.092658842497,1724.2922945194532,1724.2922945194532,611780
2016-06-02,1752.892333984375,1763.4384240699358,1738.468770652839,1743.0265083512109,238200
2016-06-03,1751.0421142578125,1761.3879592429812,1736.059457517425,1752.8130318357187,361990
2016-06-06,1770.424072265625,1776.9997341931785,1747.5003329025772,1750.8556896965122,478670
2016-06-07,1754.8681640625,1784.3115869026003,1744.4571263014884,1779.2831597687207,319570
2016-06-08,1754.5419921875,1763.4384496381606,1741.9779774628885,1763.4384496381606,150210
2016-06-09,1732.1214599609375,1760.4604628903328,1727.8572636417491,1756.9139631580715,142550
2016-06-10,1735.4908447265625,1742.9332492527842,1718.1407455746864,1728.4958059318787,279580
2016-06-13,1719.4130859375,1729.2042749073253,1703.5682372826116,1724.2923536202097,203860
2016-06-14,1747.933837890625,1753.1812836376673,1710.3116509221186,1721.9622752472012,230410
2016-06-15,1737.080078125,1755.0267041803695,1730.8167298658846,1750.3897785073405,350050
2016-06-16,1754.8310546875,1761.2947619897557,1724.8004323150512,1733.612923718058,293590
2016-06-17,1750.30126953125,1760.9731958318614,1740.603262601342,1755.0547014691724,224540
2016-06-20,1739.2611083984375,1748.2926174074512,1734.5448812449777,1744.8999420844507,205560
2016-06-21,1744.168212890625,1755.1291286864848,1737.0334574603423,1747.313881265762,174170
2016-06-22,1751.0980224609375,1752.2537551974224,1740.6776548554592,1742.467231564671,144490
2016-06-23,1739.1539306640625,1751.1168693926838,1733.6222732571784,1743.9586755640548,217010
2016-06-24,1739.41015625,1745.3566392285888,1677.689838497642,1713.8534205266185,367500
2016-06-27,1743.92578125,1747.4396273548932,1717.7958458743353,1739.4100270762135,228880
2016-06-28,1786.399658203125,1791.9313157815923,1741.9921178148722,1742.001447416909,422380
2016-06-29,1781.7205810546875,1803.456048687951,1777.218820944943,1797.8916242512419,325870
2016-06-30,1791.623779296875,1799.5042210718073,1783.305187553341,1798.8564963843885,446640
2016-07-01,1785.35107421875,1812.8372191489368,1775.5692141862442,1791.586434000331,481990
2016-07-04,1816.7705078125,1830.5462343773584,1794.1962836947123,1803.5167838697496,416680
2016-07-05,1811.1033935546875,1817.4972419939613,1801.2003637104897,1817.4972419939613,203110
2016-07-07,1826.1749267578125,1831.385054362534,1798.8564868452827,1817.4043044647728,238640
2016-07-08,1812.986083984375,1828.6817713059966,1808.1766749916583,1826.8176716410567,297610
2016-07-11,1821.7894287109375,1831.0027513381015,1815.6332571493951,1828.6772913220896,263370
2016-07-12,1834.00390625,1843.110052145564,1817.6837030970253,1817.6837030970253,245520
2016-07-13,1820.9039306640625,1836.138258605071,1809.201994391223,1828.8496786245714,285270
2016-07-14,1819.0911865234375,1826.817917080925,1812.8371677155098,1819.4546996600138,206180
2016-07-15,1843.692626953125,1851.5172043975565,1819.8275064617312,1820.75955640102,297590
2016-07-18,1859.8310546875,1864.0066200404974,1845.4588042527319,1845.4588042527319,237760
2016-07-19,1837.0657958984375,1862.235809475938,1820.479925995455,1855.4317992964297,269150
2016-07-20,1850.100341796875,1853.78667186715,1831.9440284445761,1831.9440284445761,153130
2016-07-21,1841.2646484375,1859.3464399497439,1836.1383737898634,1840.7986234695331,123310
2016-07-22,1846.6240234375,1850.920760193533,1827.7500113367507,1847.7890859128547,151190
2016-07-25,1861.49462890625,1867.8279487636012,1842.7744435824538,1850.119001145583,235760
2016-07-26,1874.5574951171875,1877.98748903469,1850.1191724477317,1862.2358219398327,291660
2016-07-27,1895.7662353515625,1905.5760836289155,1871.5562611527816,1876.4448584890806,356150
2016-07-28,1966.6065673828125,1980.5126786330693,1906.9833644782505,1910.6089383516362,1363220
2016-07-29,2093.463623046875,2098.9767355611393,2005.8695765937682,2013.1348339965843,1991410
2016-08-01,2080.8203125,2130.10245692016,2070.1809251971176,2120.395119629952,895520
2016-08-02,2036.1981201171875,2101.7724709570725,2031.8687302378796,2083.229320464862,487560
2016-08-03,1991.6414794921875,2065.501651384155,1979.678428547829,2048.6410152634626,633640
2016-08-04,1994.9593505859375,2017.095533887261,1957.7706536602047,2011.554661525139,475940
2016-08-05,2071.30859375,2078.3781564300584,2005.4406945733415,2013.227953941082,483330
2016-08-08,2090.741943359375,2095.3230054489986,2057.8871813512174,2090.6720851206746,289940
2016-08-09,2058.189697265625,2096.086761246592,2028.6856327374962,2096.086761246592,257300
2016-08-10,2026.24853515625,2058.651378019848,2015.1199137353935,2058.189904085331,314570
2016-08-11,2075.516845703125,2087.791870626074,2006.2513813063242,2025.8105494668623,444390
2016-08-12,2080.484130859375,2099.2557406393844,2057.896032131923,2084.058732867208,323420
2016-08-16,2093.5380859375,2110.9999149358264,2063.6658384797433,2081.714977293868,412380
2016-08-17,2082.94970703125,2097.1122689351405,2070.2785159835444,2097.1122689351405,225290
2016-08-18,2066.80224609375,2095.336948159998,2057.784616701304,2082.945416044753,202150
2016-08-19,2029.7529296875,2087.787141828471,2023.759912783522,2076.5137984918388,305600
2016-08-22,2031.40234375,2046.7766129471179,2008.3154542200552,2031.40234375,325200
2016-08-23,2051.427978515625,2056.1954047200315,2018.2607912083056,2027.1152653845195,230270
2016-08-24,2062.8359375,2071.946632955963,2040.2569408639692,2066.167969908254,288280
2016-08-25,2058.954345703125,2083.4579756365265,2047.839604385037,2071.947067573945,401510
2016-08-26,2081.36083984375,2083.131643732908,2059.830394921578,2061.8808593067233,233470
2016-08-29,2079.22119140625,2083.13120384548,2065.422258488404,2078.470955067302,465400
2016-08-30,2147.73193359375,2151.5438720056513,2066.90914557852,2087.791750640518,595460
2016-08-31,2120.502197265625,2183.7232194897256,2106.526226304821,2153.035428745087,1436180
2016-09-01,2122.673828125,2139.059110934029,2113.465056616694,2120.5068575778255,365860
2016-09-02,2126.658203125,2145.975028248564,2120.8795392775164,2133.4622128790306,301210
2016-09-06,2138.896484375,2147.923216150513,2127.5905989665866,2128.8956055644985,438450
2016-09-07,2141.175048828125,2155.272304920761,2126.0060262679604,2155.272304920761,448720
2016-09-08,2182.78173828125,2190.2240295096976,2130.479765799593,2141.174902166874,384880
2016-09-09,2136.728759765625,2197.1163039096277,2130.7498513234527,2185.563528206142,320360
2016-09-12,2119.61181640625,2127.4038535345126,2091.999838679652,2115.361841887529,652980
2016-09-14,2106.260498046875,2135.6992606358203,2083.1317321078345,2132.7167461716913,580700
2016-09-15,2091.52490234375,2113.885001910685,2075.3073221909426,2106.4331523969468,392840
2016-09-16,2156.32080078125,2166.0747855677105,2097.210264912609,2097.210264912609,552940
2016-09-19,2155.76123046875,2174.737636099188,2143.7144418450957,2147.722301311831,291340
2016-09-20,2183.587890625,2194.5160391647305,2158.2593890985268,2167.99471401212,559090
2016-09-21,2255.43505859375,2263.017294090953,2174.8175159433054,2182.8609978422614,956520
2016-09-22,2312.317626953125,2316.143673045951,2261.693398425983,2275.599508145549,714740
2016-09-23,2316.442626953125,2330.125057576859,2288.1828065404757,2315.5849861970696,537950
2016-09-26,2301.585205078125,2329.658656464233,2293.308711434385,2315.2118834395496,520090
2016-09-27,2296.873779296875,2316.1439561119987,2281.658110487796,2307.0098217607456,323640
2016-09-28,2403.435302734375,2427.524106502347,2294.711539010877,2295.17301296296,1021860
2016-09-29,2322.5146484375,2483.1021215964493,2279.0018419527746,2455.392294814641,1385000
2016-09-30,2314.07470703125,2381.387318529083,2288.1263578142366,2344.0866660832885,726900
2016-10-03,2404.339599609375,2420.440673131481,2343.500123884914,2359.950716174226,552100
2016-10-04,2408.6455078125,2430.5486814151636,2380.641912614156,2422.369806656182,398270
2016-10-05,2449.552978515625,2455.569433449976,2387.184822909474,2409.3489968871813,393970
2016-10-06,2445.7783203125,2470.3984567909274,2429.0480687846853,2449.4273323699517,382610
2016-10-07,2405.6630859375,2455.0198699200528,2400.0382457166434,2455.0198699200528,259690
2016-10-10,2405.116943359375,2430.971993052562,2401.1231922951965,2415.4300187243507,200100
2016-10-13,2404.987060546875,2421.2792745870834,2382.9905918967625,2395.368241869068,499960
2016-10-14,2367.420654296875,2422.3977184135065,2360.9709417298877,2422.1879161630563,457330
2016-10-17,2297.260986328125,2384.0162761064203,2289.5715735656026,2370.2125605228466,456480
2016-10-18,2336.56494140625,2350.6576439639334,2302.163064334973,2311.0175376593384,412220
2016-10-19,2328.0927734375,2357.9927772921224,2320.80408004206,2340.377126500246,223660
2016-10-20,2329.062255859375,2352.4938896455815,2311.4836950558806,2343.173390875195,274840
2016-10-21,2341.509765625,2348.1924904322846,2312.8817717105476,2341.682021913447,178800
2016-10-24,2322.146240234375,2360.2298974995488,2314.2843450812543,2348.7656387525335,183110
2016-10-25,2295.732177734375,2332.35222681178,2292.814743248655,2322.668328566028,334050
2016-10-26,2275.954345703125,2311.3815784327926,2251.7956803867355,2303.8414388999404,376440
2016-10-27,2282.7626953125,2304.4000881685697,2242.4094400445715,2279.794061760419,509740
2016-10-28,2238.78369140625,2311.3902821345296,2206.7490295281914,2307.7553788184327,953980
2016-11-01,2360.044189453125,2378.675862167616,2265.007617468436,2269.542032180165,884820
2016-11-02,2309.5966796875,2347.270067706623,2305.071595161357,2336.4395375292966,360140
2016-11-03,2288.12646484375,2339.4451855583757,2274.388058792361,2314.2798389408154,260960
2016-11-04,2230.372314453125,2306.3621464383855,2215.9441994678955,2296.571070963124,331120
2016-11-07,2238.92822265625,2291.439992840448,2232.729954656443,2262.262008606695,274500
2016-11-08,2261.885009765625,2282.124558619114,2226.304180973372,2256.5864781443593,248850
2016-11-09,2174.589111328125,2216.410303188807,2035.7835224352666,2143.714955715912,560530
2016-11-10,2149.889892578125,2236.8267677875933,2133.546477280367,2227.534256328666,361550
2016-11-11,2021.1688232421875,2134.0820241175734,2010.7112508985624,2134.0820241175734,624710
2016-11-15,1890.3045654296875,2026.2766879747937,1820.2936391972273,2026.2766879747937,1532410
2016-11-16,1968.1817626953125,2031.868805928735,1865.0318718639444,1929.3433157213217,1516430
2016-11-17,1960.66015625,1994.586679782822,1925.8992023457688,1971.1457170666151,577040
2016-11-18,2031.15087890625,2044.3720600061147,1946.2178404022002,1974.8271728889079,752340
2016-11-21,1897.802734375,2050.500426773418,1873.699937891783,2050.500426773418,857430
2016-11-22,1924.9671630859375,1956.2094924461828,1880.135587791817,1921.0758094290047,720490
2016-11-23,1953.6092529296875,2000.7385320222138,1924.6786133596675,1943.3334931572892,701470
2016-11-24,1897.3367919921875,1936.3337291986325,1884.7913225694003,1936.3337291986325,748210
2016-11-25,1884.8426513671875,1929.2500750786176,1858.1953755047757,1920.6379427560792,889860
2016-11-28,1884.0362548828125,1924.6783840543887,1864.0996949918012,1887.3962763789366,1097740
2016-11-29,1984.7117919921875,1998.3150333012575,1894.6058202485424,1908.372215804256,1123840
2016-11-30,2015.073486328125,2029.1427540898792,1968.8018448284781,2003.9075452799232,892390
2016-12-01,2069.360595703125,2091.8927201629112,2015.217734689308,2027.2085476403122,1297540
2016-12-02,2120.99169921875,2138.863575666473,2062.2632204752254,2069.3373342389996,1830060
2016-12-05,2120.260009765625,2161.330740038661,2106.433083873272,2106.433083873272,725890
2016-12-06,2093.15087890625,2142.596167264531,2085.9368224165214,2129.2678093560407,370370
2016-12-07,2179.319091796875,2191.88310659718,2098.1515603869284,2108.6696618849996,1117730
2016-12-08,2167.002197265625,2208.96287558587,2148.9344003485485,2204.2980749309654,703600
2016-12-09,2129.207763671875,2201.8562393815605,2123.680543160232,2190.266370204141,764510
2016-12-12,2067.21240234375,2152.5464096751602,2055.263684376303,2125.0741430552803,461830
2016-12-13,2081.64453125,2095.807090453254,2052.1359190467383,2067.2116412198775,500860
2016-12-14,2032.013671875,2104.946590721372,2023.5879027336155,2104.946590721372,436400
2016-12-15,2005.33349609375,2056.7407394140773,2000.6452574459013,2015.5673865440892,507650
2016-12-16,2028.056884765625,2043.7060410687814,2003.9075505746014,2010.4319007392628,715780
2016-12-19,2013.302490234375,2022.5483527448075,2003.9073541019982,2022.5483527448075,215560
2016-12-20,1971.86376953125,2027.2087904098744,1966.625539202223,2027.2087904098744,286490
2016-12-21,1985.7044677734375,2015.7025506021137,1976.9899371044714,1982.936306674971,309990
2016-12-22,1985.7650146484375,2008.124884481321,1971.2857001828074,1985.266449829494,804070
2016-12-23,1950.0255126953125,1998.110051100699,1937.545464099895,1989.926625307336,409580
2016-12-26,1889.5263671875,1945.7290281701337,1885.3508013565063,1938.6640162943465,340060
2016-12-27,1929.441162109375,1941.459963911477,1891.3156332075464,1892.2476831182098,344740
2016-12-28,1946.567626953125,1957.3048603913724,1932.1395121863404,1934.8423659730463,349770
2016-12-29,2003.091796875,2011.7972251008139,1924.683096863549,1948.9163949354388,614480
2016-12-30,2032.1529541015625,2041.1892414211968,2013.2277449633723,2013.2277449633723,341740
2017-01-02,2099.344482421875,2129.5475857262286,2078.5738330142904,2087.791706094099,676060
2017-01-03,2097.177978515625,2111.084092835095,2080.484816019285,2102.2389467146586,352730
2017-01-04,2068.82470703125,2107.896398059823,2058.7912888283854,2105.5009658274603,288600
2017-01-05,2080.74072265625,2096.6415474127284,2070.832914609056,2079.9110708765465,740730
2017-01-06,2117.407470703125,2129.8643079271583,2083.1359792921385,2090.0612735594646,497160
2017-01-09,2143.710693359375,2159.252446840132,2129.7344927914673,2134.301447291596,443740
2017-01-10,2144.1806640625,2164.005382429437,2114.8210940047,2148.663878420129,332290
2017-01-11,2158.753662109375,2173.540626437181,2137.656701000718,2148.8879491475795,398250
2017-01-12,2127.543701171875,2175.567710785541,2123.6757849474648,2169.462738177899,380260
2017-01-13,2124.47265625,2143.71484531564,2113.8146106567497,2143.71484531564,218480
2017-01-16,2082.507080078125,2115.874283723209,2079.4032811629954,2115.8465224719153,385490
2017-01-17,2083.1455078125,2099.90852619677,2066.825304172631,2080.801502323253,438100
2017-01-18,2092.447509765625,2115.846604695667,2082.6655366755476,2087.791811212006,356790
2017-01-19,2127.129150390625,2151.166755251546,2067.8133635462127,2092.4521588350426,469260
2017-01-20,2124.062744140625,2150.2393317603764,2106.4423117339397,2136.4497249437545,262290
2017-01-23,2119.197509765625,2135.792596468076,2101.7727711261236,2116.219546271336,215190
2017-01-24,2143.780517578125,2148.328812799828,2115.776917845339,2125.0742085281668,276870
2017-01-25,2142.87109375,2159.093448477147,2133.0752408562416,2147.442825508891,393410
2017-01-27,2188.7001953125,2204.358680122962,2155.4167277081706,2161.922418213324,755910
2017-01-30,2165.561767578125,2209.95064001805,2153.081720677659,2198.7055136122294,375140
2017-01-31,2146.366455078125,2180.624067964779,2088.2858193487923,2174.2207758364325,569100
2017-02-01,2239.68359375,2254.442568983603,2148.3752342508974,2162.1696196600287,1000720
2017-02-02,2216.335693359375,2278.8622306708257,2201.968106323037,2278.8622306708257,718540
2017-02-03,2179.6826171875,2220.6088456200187,2172.8879371341513,2220.6088456200187,305680
2017-02-06,2219.7138671875,2231.327171026167,2183.5409606505946,2183.5409606505946,250030
2017-02-07,2216.778076171875,2223.871076080245,2190.587610339733,2218.2787766433294,210570
2017-02-08,2233.130615234375,2239.328654892788,2200.2244358157996,2216.3209527904983,266500
2017-02-09,2226.970458984375,2246.2406394408727,2190.3176359693157,2233.13140998939,277970
2017-02-10,2238.13623046875,2243.4304382321766,2215.0773228908743,2229.9295940470192,192800
2017-02-13,2316.968994140625,2325.2782558354415,2246.4501769917356,2247.17242468095,565240
2017-02-14,2359.516845703125,2375.6880023791373,2297.409691935067,2325.6508492241114,597730
2017-02-15,2306.865234375,2381.3873525022827,2285.3862185266526,2356.2220067028456,578650
2017-02-16,2361.003662109375,2374.863354568848,2299.050327100695,2299.833331004173,466880
2017-02-17,2333.880859375,2376.717834920287,2304.045933984198,2364.6105162313056,428890
2017-02-20,2343.08447265625,2357.6197606962446,2311.4926292737396,2350.676035810285,208840
2017-02-21,2353.752197265625,2365.542536935531,2334.505231188896,2345.0467696832807,216010
2017-02-22,2336.677001953125,2349.9400533370354,2323.2553473572157,2349.7910072769787,491010
2017-02-23,2318.725830078125,2358.0862796967904,2300.9329153219637,2337.5345336065743,846550
2017-02-27,2268.362548828125,2334.454124891221,2262.5511176166633,2325.464485459763,446110
2017-02-28,2249.0458984375,2277.6504572929016,2239.161526748313,2277.6504572929016,792400
2017-03-01,2209.8623046875,2273.2696861337386,2199.6470742814204,2264.881237107415,713150
2017-03-02,2185.5595703125,2236.211804135023,2174.7524770411032,2213.6189195070324,431420
2017-03-03,2152.037841796875,2179.1280441969443,2143.481687707913,2167.0159469163596,379400
2017-03-06,2149.4423828125,2199.637915428484,2143.7149175786076,2157.751644651229,656300
2017-03-07,2163.39501953125,2171.5829960789015,2153.035293875109,2162.2624969712174,314880
2017-03-08,2185.50341796875,2195.443767593418,2154.3031808547694,2167.0116916639467,266790
2017-03-09,2180.712158203125,2199.474210055978,2173.1019357443997,2180.9918186325526,282200
2017-03-10,2176.947021484375,2195.9095492630117,2162.449049104162,2195.9095492630117,329800
2017-03-14,2237.036376953125,2256.954393526507,2196.426897085928,2255.560869632441,412850
2017-03-15,2249.353271484375,2266.3911700831154,2227.8881360891455,2235.987594689794,303300
2017-03-16,2284.90185546875,2291.197971379177,2255.3884565897747,2260.2211903244834,302620
2017-03-17,2301.361572265625,2310.360541287071,2264.2195205670005,2288.135838898632,492770
2017-03-20,2339.3798828125,2348.020003371766,2293.0383902590056,2301.454827949961,396670
2017-03-21,2326.578369140625,2345.7784605935813,2304.9594079465674,2344.1055038356717,361030
2017-03-22,2287.343994140625,2318.9403980941493,2276.974937899147,2318.5676691149633,429790
2017-03-23,2271.736572265625,2296.6643572338567,2243.444214429424,2296.6643572338567,285820
2017-03-24,2269.5556640625,2297.493954244594,2257.4251332563517,2274.0202200364747,140400
2017-03-27,2252.1728515625,2275.599935983388,2238.7839632324794,2275.599935983388,257770
2017-03-28,2320.594482421875,2344.1055325109983,2261.61911516419,2263.949239947998,391840
2017-03-29,2335.353515625,2366.101830953898,2279.8032537622985,2330.2179118695854,787230
2017-03-30,2391.5048828125,2404.6841958539367,2319.1265203750027,2330.0314587168787,841950
2017-03-31,2384.882568359375,2406.077372976717,2340.15350488475,2395.3681292363826,561690
2017-04-03,2380.796142578125,2400.029005477469,2360.6218999765224,2400.029005477469,363260
2017-04-05,2401.449951171875,2405.709483237135,2369.508580585813,2382.6924455784415,397580
2017-04-06,2385.703125,2400.028843281404,2364.163576091538,2383.2519426293397,292420
2017-04-07,2405.32763671875,2422.3980787638334,2372.188433370304,2382.315375607826,373480
2017-04-10,2384.020263671875,2404.6885137528443,2379.150439937354,2404.6885137528443,261280
2017-04-11,2412.1875,2421.097953464001,2371.475615822953,2383.252077800644,280880
2017-04-12,2462.709228515625,2469.9326163559113,2425.240862260784,2434.5147146874115,717640
2017-04-13,2431.31298828125,2462.9421600942355,2427.952966187475,2460.6027054588503,206380
2017-04-17,2435.0224609375,2456.883766203183,2430.3203415685884,2434.514566510893,166820
2017-04-18,2379.765869140625,2450.3593233910424,2372.067127436365,2425.7532956829327,362790
2017-04-19,2372.775634765625,2397.418982336772,2362.085048492194,2379.9896927172776,219190
2017-04-20,2376.8955078125,2387.404509430828,2360.0535260057977,2372.067551912362,189940
2017-04-21,2387.031005859375,2406.3152913337735,2379.122689843737,2383.2516072087524,236560
2017-04-24,2432.01171875,2441.970726496886,2373.64687261358,2394.15652134187,261130
2017-04-25,2431.000732421875,2447.5726085857314,2392.4838120128584,2447.5726085857314,353410
2017-04-26,2427.16552734375,2451.291652193723,2411.213499705385,2422.3981003998047,254520
2017-04-27,2420.897216796875,2449.5206630547254,2414.009467512129,2417.8448441084615,277790
2017-04-28,2429.667724609375,2446.579788247437,2420.5335900799564,2423.352950006702,154720
2017-05-02,2403.826416015625,2493.0376491277907,2361.5159949651697,2452.316445884435,637930
2017-05-03,2415.402587890625,2428.707508218007,2391.728385634074,2413.0770143358814,177170
2017-05-04,2401.362060546875,2432.557753791643,2381.8543133520457,2423.232700658583,276090
2017-05-05,2407.80224609375,2437.310868611325,2382.4457517933743,2422.2117033867808,422100
2017-05-08,2509.027099609375,2513.2631935341788,2439.17455703489,2474.6063334066807,1065060
2017-05-09,2528.51220703125,2530.609319758096,2496.96222009796,2515.137197063959,470110
2017-05-10,2597.557861328125,2608.7144717426054,2508.36072806942,2527.719423421182,692260
2017-05-11,2746.66259765625,2800.903306481835,2600.4192776071095,2600.4192776071095,1635450
2017-05-12,2719.568115234375,2775.644940715153,2685.6789041659745,2756.0718904280416,513380
2017-05-15,2696.4765625,2745.3532087074623,2687.1933811323656,2740.5159239365735,200260
2017-05-16,2736.73193359375,2744.8873714546085,2686.168218856428,2695.530588704284,361890
2017-05-17,2711.663818359375,2730.906005327977,2700.274196728625,2727.3641704592856,185450
2017-05-18,2643.042236328125,2702.8379338283785,2629.5928179927464,2693.6246100997405,301530
2017-05-19,2603.779296875,2674.7969041978604,2586.9978473008437,2674.7969041978604,442510
2017-05-22,2534.23486328125,2635.833101595175,2518.5390578584934,2603.779771594445,489520
2017-05-23,2572.29443359375,2600.4190833477305,2527.7703940235147,2535.0822977958123,680400
2017-05-24,2550.526611328125,2587.0956899765915,2535.1757764876747,2572.4577732007288,346800
2017-05-25,2610.620849609375,2620.924598639672,2546.45844572422,2556.613148673051,423650
2017-05-26,2642.4873046875,2668.7851745578246,2601.8172981627977,2601.8172981627977,302510
2017-05-29,2625.780517578125,2655.876448182436,2612.3497591321984,2642.4270305325963,217650
2017-05-30,2639.88232421875,2652.5535154400627,2592.2219429650427,2631.6429210952424,237300
2017-05-31,2650.28369140625,2660.9089684469623,2630.957538060109,2647.021517001495,428750
2017-06-01,2683.6884765625,2704.7574450570646,2656.3420522534893,2663.798450996657,474760
2017-06-02,2719.73095703125,2730.9062263092164,2693.6242300456092,2700.148579391741,299540
2017-06-05,2733.282958984375,2738.8286103369833,2717.0326144890664,2717.0326144890664,168290
2017-06-06,2720.765625,2739.173610604074,2702.9447216108506,2731.3722436829644,169780
2017-06-07,2769.41845703125,2775.2483196879075,2721.203535920067,2721.203535920067,465870
2017-06-08,2767.35400390625,2800.9032493270624,2743.5821803989556,2769.4929856132662,308510
2017-06-09,2774.23291015625,2782.607251874253,2737.528663282286,2771.916665812259,216230
2017-06-12,2735.887939453125,2769.8379019881886,2728.3523525491582,2759.0540211159246,179460
2017-06-13,2714.24560546875,2763.210761266169,2702.944501303816,2740.1331984219532,264820
2017-06-14,2707.55859375,2723.161101600467,2695.605098046631,2719.628595703014,182570
2017-06-15,2681.694091796875,2707.5584781135276,2656.808403445699,2702.944876334863,269500
2017-06-16,2679.3544921875,2692.2122753877143,2663.6448092111905,2688.9639813397,426980
2017-06-19,2651.234619140625,2690.2687600134846,2647.0217353577164,2690.2687600134846,236690
2017-06-20,2602.041015625,2677.5930362027457,2596.691058225179,2667.974217383987,809740
2017-06-21,2566.23193359375,2608.807913280123,2544.496464185329,2608.807913280123,700620
2017-06-22,2579.99365234375,2609.1714146088625,2564.1629101266794,2575.254214383463,1033640
2017-06-23,2532.072021484375,2592.7299040079156,2521.199622595631,2586.904591920183,272600
2017-06-27,2484.942626953125,2549.15621646747,2475.0582569760027,2542.627316808563,328010
2017-06-28,2537.4921875,2545.4284929495657,2460.6119448505506,2488.5688931985637,432310
2017-06-29,2548.22900390625,2575.5335607432044,2516.5347559544666,2558.421024280165,1515530
2017-06-30,2520.20654296875,2544.0204595590435,2511.13316609354,2525.8548190583438,255510
2017-07-03,2588.004638671875,2592.236182257296,2527.6264098370684,2544.403310539689,573820
2017-07-04,2595.84765625,2607.5961277926494,2559.4603894004554,2587.9300101658146,464820
2017-07-05,2615.993896484375,2621.2972061235128,2586.438628777786,2586.438628777786,659910
2017-07-06,2580.762451171875,2626.51686701574,2570.687163737367,2623.7207170508545,338710
2017-07-07,2595.968994140625,2623.692702443165,2567.7976925009393,2591.098941979169,247320
2017-07-10,2603.336181640625,2628.380469308589,2581.3119538121055,2591.098476836127,36700
2017-07-11,2621.9404296875,2633.0410624784713,2598.564544535892,2609.7352631128874,329090
2017-07-12,2633.83349609375,2640.3485162754414,2605.8346786149323,2628.380912754234,341120
2017-07-13,2614.95458984375,2647.0172438903783,2610.5321312630513,2643.1538787356003,326870
2017-07-14,2601.085693359375,2622.788393151852,2576.185898604022,2614.865969078721,323410
2017-07-17,2615.290283203125,2631.5451796749085,2601.346852396996,2601.3514034221303,525700
2017-07-18,2665.523193359375,2674.0513595504026,2610.853775152412,2623.720661252835,438050
2017-07-19,2722.984130859375,2729.974506002776,2674.98355487469,2682.1602945116597,391910
2017-07-20,2726.492919921875,2734.294287007822,2694.0249972380793,2729.880930496565,305320
2017-07-21,2693.917236328125,2739.5271440644397,2679.8898425085645,2726.4317999664286,218450
2017-07-24,2688.381591796875,2711.333321963028,2677.4859824237014,2688.964123019366,140000
2017-07-25,2647.716064453125,2701.080469472722,2626.7961418232117,2701.080469472722,431310
2017-07-26,2703.17333984375,2712.265377960039,2647.7721173975956,2649.5663590771164,438470
2017-07-27,2712.47509765625,2811.295600431265,2662.8527685015374,2702.012746174965,1117140
2017-07-28,2739.1455078125,2749.3607379270793,2674.9692325470887,2679.6433624986075,314600
2017-07-31,2813.291015625,2824.4014654345415,2716.8497540024314,2746.2065945976265,568380
2017-08-01,2946.4306640625,2955.334093902792,2825.6174184214965,2826.580735098323,1282190
2017-08-02,2913.603515625,2974.487221796828,2903.989529755617,2969.3621677232004,423810
2017-08-03,2873.599365234375,2936.624796530953,2864.3872359328793,2910.8168608013143,344120
2017-08-04,2958.8173828125,2985.7285962129604,2852.4580167422173,2867.8893469967247,475230
2017-08-07,2989.923583984375,3010.606236120551,2960.1363454033913,2964.6862411798347,359100
2017-08-08,3004.045166015625,3034.7676339040822,2943.3251721619963,2994.515205072595,478780
2017-08-09,2944.96240234375,3027.7633441678436,2930.4197220363926,3014.2538490076126,638950
2017-08-10,2816.14306640625,2974.029030106514,2789.7976484365827,2945.9814256034983,770240
2017-08-11,2770.845458984375,2815.049111427487,2724.836643877507,2760.398759344248,589910
2017-08-14,2841.75927734375,2892.112034082779,2783.7374337162055,2783.7374337162055,454920
2017-08-16,2863.400390625,2872.0935292161535,2815.048931389362,2871.1628635765255,391640
2017-08-17,2892.486328125,2907.9409496162953,2863.400514023264,2878.177229134988,347620
2017-08-18,2947.052490234375,2955.2264110870146,2853.538625308361,2891.457544379833,390890
2017-08-21,2958.537353515625,3000.0289263427976,2945.9818139287167,2950.657975538127,442130
2017-08-22,2897.0830078125,2982.829601831081,2890.400755220778,2963.7509555501038,318720
2017-08-23,2866.3232421875,2920.7164980127272,2825.4817213668853,2916.5686880300173,376370
2017-08-24,2875.92333984375,2898.237852828668,2852.4582811622086,2877.7095511921693,211260
2017-08-28,2926.1875,2983.391019832849,2889.8723569349427,2899.2201133171884,472790
2017-08-29,2886.04736328125,2929.9612681360286,2872.191951825832,2925.4065773263537,304980
2017-08-30,2897.7236328125,2933.5805209697496,2890.8966197655777,2908.4461532036885,273110
2017-08-31,2941.385009765625,2950.190258307,2863.6812714966027,2899.2200985106037,454320
2017-09-01,2971.457275390625,2989.9374736004947,2927.1787323528424,2948.6703509784675,446150
2017-09-04,2969.6943359375,2987.692989901453,2941.127740378332,2987.692989901453,313840
2017-09-05,2986.692138671875,2992.74306365432,2955.333775358641,2969.3622584695204,295470
2017-09-06,3000.46826171875,3004.07356381734,2958.6353409656754,2969.119258075166,249010
2017-09-07,3073.355712890625,3117.0168584465346,3020.893885431018,3039.5049165116116,806950
2017-09-08,3050.51708984375,3131.1575821673728,3036.5214853115626,3123.6711575817335,549310
2017-09-11,3039.3740234375,3062.8856620706406,3030.1525328576718,3039.5048554899486,341640
2017-09-12,3054.6416015625,3058.1112766778283,3020.8047343579105,3058.022457013452,281890
2017-09-13,3013.916748046875,3049.254644630268,3000.4355670018704,3048.763510703676,249440
2017-09-14,2998.841064453125,3024.5412295474016,2977.470915269293,3020.912637855312,280080
2017-09-15,2993.486328125,3002.0390444362333,2960.0097662506932,2989.488301999481,394870
2017-09-18,3064.391357421875,3067.48680255337,3005.541824071086,3007.7068318705133,319690
2017-09-19,3030.521728515625,3078.4898240405364,3019.8647394515856,3067.5615811090743,222790
2017-09-20,3034.220458984375,3053.0607285510027,3020.7997865580323,3034.9684620274984,179870
2017-09-21,2976.310791015625,3044.0870376138027,2964.531569470624,3037.634027101779,297920
2017-09-22,2953.42626953125,2972.074747501392,2925.4067452936233,2972.074747501392,360420
2017-09-25,2897.335693359375,2960.1225219990542,2859.7158833321705,2945.981700240367,388190
2017-09-26,2883.064208984375,2904.8455784048574,2852.4632058660573,2889.867932932082,545410
2017-09-27,2849.67138671875,2903.8961342705325,2837.3076437815603,2896.208552580155,248950
2017-09-28,2823.01708984375,2861.2679951027044,2797.284048259192,2859.0048062667815,779270
2017-09-29,2919.168701171875,2926.248245269954,2824.817781674716,2841.7033368796856,397520
2017-10-03,2912.99609375,2989.745877920457,2893.604179805141,2973.945109890172,465150
2017-10-04,2888.42724609375,2925.467099649832,2881.0109185712495,2913.1547310243795,207680
2017-10-05,2879.45849609375,2917.9244871879046,2872.313194165191,2890.802753172376,191930
2017-10-06,2949.829833984375,2957.6717649353623,2885.2051991093817,2898.0975208219024,291400
2017-10-09,2980.97314453125,2991.807772909388,2927.3797278671477,2964.966654748045,273150
2017-10-10,2950.203857421875,2999.5001377193157,2941.5203087769314,2983.390671991479,321830
2017-10-11,2921.96923828125,2969.226547787273,2895.483398983043,2958.80816175517,277740
2017-10-12,2930.63916015625,2947.0993395655905,2901.1606205138264,2927.32383479873,251190
2017-10-13,2936.55908203125,2954.365940080961,2918.9533811075303,2954.365940080961,221600
2017-10-16,2968.4228515625,2988.067297074523,2946.084818206954,2948.497562357374,249080
2017-10-17,2979.977294921875,2984.326033441905,2930.241480742307,2964.6815901304853,276080
2017-10-18,2947.97802734375,2976.8439587658568,2931.952815184091,2976.8439587658568,310130
2017-10-19,2944.96240234375,2964.588353574971,2936.6295643449903,2947.758737923167,35890
2017-10-23,2915.19384765625,2960.337527137334,2889.8676849766125,2936.8162987885885,266370
2017-10-24,2944.419677734375,2956.35781635343,2908.9274329318428,2917.924476331388,171660
2017-10-25,2966.2197265625,2978.382539940236,2940.023863752719,2944.1109380259636,211990
2017-10-26,2956.97509765625,2976.7273121376797,2927.7445236294247,2963.750964824037,419940
2017-10-27,2975.1376953125,2983.386508234906,2952.528408507905,2965.621660873794,140260
2017-10-30,3027.44482421875,3039.504661750627,2978.7145685156142,2978.7145685156142,220420
2017-10-31,3014.571533203125,3064.4379512237024,3011.447775362213,3038.475895430931,297420
2017-11-01,2892.654541015625,3043.1707600921623,2886.2202529229435,3039.411108291804,911230
2017-11-02,2912.350830078125,2935.9092769329695,2899.2201320443546,2899.2201320443546,280410
2017-11-03,2921.207275390625,2941.305407179689,2873.3140687111563,2941.305407179689,267400
2017-11-06,2907.482666015625,2940.6694823076327,2889.8676034185587,2921.2072447169144,256310
2017-11-07,2914.169921875,2927.277102109014,2895.016154288715,2927.277102109014,383640
2017-11-08,2917.4853515625,2927.2726401402588,2899.29512832386,2914.0903394579227,146090
2017-11-09,2885.5,2921.548451625605,2861.810495610212,2921.548451625605,205050
2017-11-10,2857.288818359375,2893.136342873799,2840.319011244974,2889.867596625719,349830
2017-11-13,2860.32373046875,2903.1948612093306,2850.4478509308146,2858.0699028286103,234260
2017-11-14,2814.07177734375,2892.018680421265,2769.4096433161467,2874.9038848878836,704760
2017-11-15,2850.9013671875,2869.8491830542607,2805.696949698782,2805.7202391754154,383980
2017-11-16,2843.021728515625,2873.683463332251,2838.902003139595,2866.486787384398,253040
2017-11-17,2871.859619140625,2884.2466505002326,2852.472046196796,2861.87117516987,269930
2017-11-20,2865.523681640625,2876.2133228932867,2850.1158665014477,2876.2133228932867,161620
2017-11-21,2845.02783203125,2880.033738975227,2824.5463374209166,2871.1629607639716,258810
2017-11-22,2822.362548828125,2861.1466014098714,2818.322281724823,2859.940115319233,152660
2017-11-23,2863.676513671875,2869.7600897134507,2822.0632461171053,2824.4013266855536,341910
2017-11-24,2881.670654296875,2899.5147316764924,2861.909076669864,2863.6813601802555,265280
2017-11-27,2876.3720703125,2908.4784354598874,2870.6296169223438,2881.6701970904396,335950
2017-11-28,2855.876708984375,2885.1915369253243,2843.171615199501,2880.515375601296,192880
2017-11-29,2826.294677734375,2880.5148497190303,2815.2216758706645,2870.2272966843198,377330
2017-11-30,2800.46435546875,2829.045109894256,2794.5116109001706,2826.272063874333,405630
2017-12-01,2738.448486328125,2837.868273614116,2727.043266612393,2832.631110702067,495010
2017-12-04,2749.928955078125,2783.054808242431,2731.6919262392807,2763.938715889095,380530
2017-12-05,2705.514892578125,2749.484970051756,2665.4122383924164,2740.375815956133,761130
2017-12-06,2633.408447265625,2700.015664630702,2629.0316240099655,2677.5700893099065,488200
2017-12-07,2694.451171875,2710.957931302154,2633.5206480841844,2655.7792233844325,750650
2017-12-08,2712.169189453125,2734.4136082159607,2674.76446283079,2674.76446283079,457670
2017-12-11,2735.35791015625,2774.815303136023,2721.530355507474,2742.4189591574623,478110
2017-12-12,2674.637939453125,2737.7987665488695,2670.6163951576855,2737.7987665488695,387470
2017-12-13,2686.103759765625,2719.290574567065,2646.5201029001787,2674.6704548858042,437940
2017-12-14,2687.736083984375,2701.7878575652767,2660.833999767921,2698.1451095930024,232630
2017-12-15,2756.943359375,2764.9581358175374,2703.728504323235,2712.1736794209537,475120
2017-12-18,2797.2236328125,2805.6032776647694,2697.9394543177546,2742.147903282515,376610
2017-12-19,2882.698974609375,2894.5437272341037,2804.424649853298,2804.761433917634,533600
2017-12-20,2822.025634765625,2899.126120269576,2799.519327332644,2885.1912522302655,584440
2017-12-21,2828.937255859375,2848.4741563593197,2822.0632077503196,2828.890448583006,182310
2017-12-22,2829.147705078125,2873.038091446606,2809.161910258411,2847.782253668011,240850
2017-12-26,2829.185302734375,2847.7824064991073,2801.020790628843,2846.847174181702,206110
2017-12-27,2823.52685546875,2835.624139238838,2815.04903004911,2831.883210295251,123940
2017-12-28,2790.02734375,2833.7540227108234,2776.3308477073074,2833.7540227108234,298510
2017-12-29,2837.573974609375,2849.3205459295737,2796.3397327274547,2796.344299290966,218040
2018-01-01,2795.70361328125,2844.9763769624137,2791.668141102171,2843.1013459827486,198470
2018-01-02,2681.32470703125,2801.4881194738136,2669.124675766928,2798.6824228093433,847930
2018-01-03,2694.811279296875,2716.3823586354524,2669.354282147437,2698.145327823474,470880
2018-01-04,2672.02880859375,2708.208325334198,2657.4626110193317,2695.8726659540657,494210
2018-01-05,2734.33837890625,2742.5684680565905,2682.8259438128694,2693.188161482724,527770
2018-01-08,2730.635009765625,2749.5828243481724,2715.919029797441,2749.5828243481724,329240
2018-01-09,2674.47900390625,2734.7733985554246,2666.4078310065393,2730.97173432786,827180
2018-01-10,2627.76904296875,2684.112224367571,2618.650527738233,2676.6349322810083,842020
2018-01-11,2660.240478515625,2667.7504220900805,2601.8633451488026,2628.003045073839,600910
2018-01-12,2679.417236328125,2691.5985456420817,2638.383919375364,2667.2825059663714,596570
2018-01-15,2616.920166015625,2688.7928595223093,2609.2981141103455,2688.7928595223093,575940
2018-01-16,2608.475341796875,2632.6790452333094,2590.687204368864,2619.5857924328593,465370
2018-01-17,2639.491943359375,2646.8009571298585,2588.7323028821584,2599.945728744587,475950
2018-01-18,2614.385498046875,2663.4477436961633,2600.978980727381,2640.0530102151247,493990
2018-01-19,2619.534423828125,2636.265630011485,2595.3633712771652,2607.427777193297,324590
2018-01-22,2585.898681640625,2627.7923409940354,2580.3060105473046,2619.5343947446636,344660
2018-01-23,2531.79052734375,2602.699898301804,2526.997462209101,2590.5932532639563,1173990
2018-01-24,2469.391845703125,2529.8031432721973,2459.861884224644,2525.6882128547077,940580
2018-01-25,2480.1796875,2499.8757329217833,2451.061223093951,2478.3653917855313,1754720
2018-01-29,2567.553955078125,2604.528281009711,2484.5427289070476,2499.8758803789947,1274230
2018-01-30,2496.078369140625,2567.4927945624913,2483.8829057164817,2567.2121792597827,1416630
2018-01-31,2517.98193359375,2561.3204487672606,2480.717404662367,2508.97552853696,1377660
2018-02-01,2623.078857421875,2646.707400945057,2498.426274565694,2523.630739308347,1255640
2018-02-02,2601.044921875,2667.4229020727676,2543.832036203925,2609.391916409437,1498590
2018-02-05,2575.437744140625,2599.851963033692,2553.183966479496,2553.183966479496,486830
2018-02-06,2579.300537109375,2623.3265511207446,2478.365547404625,2482.6254665174206,614080
2018-02-07,2619.627685546875,2657.083784839788,2536.359359887241,2611.135931523267,1388510
2018-02-08,2637.168212890625,2651.3836988732633,2600.881152228058,2640.160910729884,685330
2018-02-09,2595.07763671875,2613.974076948254,2577.500020060604,2581.708565086102,335150
2018-02-12,2609.428955078125,2618.650446041808,2591.2012866421974,2595.3632530493587,175940
2018-02-14,2621.2314453125,2638.986929333059,2595.5125594660726,2601.816015445852,379990
2018-02-15,2650.489990234375,2655.9657563401474,2628.002405703255,2637.3547274317366,302320
2018-02-16,2555.816650390625,2658.3930873209797,2539.249157316242,2656.059573274395,493090
2018-02-19,2533.497314453125,2577.387699259813,2496.6679786782843,2570.4857949708985,332660
2018-02-20,2517.30810546875,2562.5266702053964,2506.515718503323,2536.349532066202,210980
2018-02-21,2559.33349609375,2570.0185716652436,2529.2051312026315,2536.7242077170417,366820
2018-02-22,2512.828857421875,2557.8601988416895,2497.07010270834,2557.8601988416895,617210
2018-02-23,2499.351806640625,2538.823353456985,2478.365251535814,2534.4791817592663,868030
2018-02-26,2542.517578125,2551.795008567053,2498.005228566823,2524.1917304012936,450250
2018-02-27,2539.59033203125,2557.560672226968,2525.762778129889,2543.925142315552,506840
2018-02-28,2566.06640625,2581.1470241117045,2479.393952612774,2527.932408073603,627240
2018-03-01,2594.553955078125,2618.7437263527804,2551.5284797783665,2554.254718123698,914230
2018-03-05,2576.41064453125,2599.9364405092088,2566.2820056261958,2592.9315596938764,510190
2018-03-06,2570.80859375,2598.472838135559,2548.61554962828,2591.528692670901,427350
2018-03-07,2574.521484375,2586.3849610616976,2553.707998851066,2569.0831632748086,274720
2018-03-08,2591.701416015625,2604.5279790981153,2564.9256002558595,2579.370325054485,298230
2018-03-09,2615.26953125,2624.729396639233,2586.8945016461726,2595.2695797875904,286790
2018-03-12,2648.287841796875,2654.1892122861013,2624.7293954478305,2624.7293954478305,230320
2018-03-13,2698.08447265625,2704.6918341119776,2623.513624130667,2623.513624130667,412710
2018-03-14,2697.83203125,2717.7806101024657,2689.728206501445,2702.2602285106072,464660
2018-03-15,2683.7001953125,2705.926116604508,2677.5698121195396,2698.1449207002697,252620
2018-03-16,2626.052978515625,2697.0605402991223,2608.1947442058176,2679.4406806408365,534360
2018-03-19,2562.821533203125,2644.3365218073727,2553.282209969761,2629.8730729402996,195130
2018-03-20,2652.36083984375,2658.3042228992413,2557.8742922970573,2560.666061202916,470700
2018-03-21,2616.859375,2664.3831484612847,2602.7514326030046,2654.18920795089,341710
2018-03-22,2621.5029296875,2664.2898071759505,2611.6688342435777,2616.2422480290843,261320
2018-03-23,2608.933349609375,2620.0812450165818,2556.8594532891225,2578.435325329594,441270
2018-03-26,2606.77783203125,2618.744285628797,2582.0128968083473,2600.221843896648,262750
2018-03-27,2658.3134765625,2671.023365320419,2619.9502305492406,2633.5204599312474,356170
2018-03-28,2653.501708984375,2679.5761036277304,2618.556764047279,2641.8441847682298,785360
2018-04-02,2645.655029296875,2693.8149217528307,2636.3307915229666,2666.347042030981,311000
2018-04-03,2617.71484375,2640.6935620980844,2599.945432520543,2640.6935620980844,309720
2018-04-04,2706.024169921875,2735.5540798360103,2656.1200811839612,2665.2246667653467,860680
2018-04-05,2775.55859375,2782.222123037498,2721.5302124046234,2730.8779676482554,510750
2018-04-06,2786.912841796875,2796.340056601535,2765.2949559586077,2782.1291376365275,463320
2018-04-09,2787.52978515625,2804.4014112807095,2777.639749894233,2796.344394674665,246410
2018-04-10,2803.0830078125,2821.595858185588,2772.963778428992,2788.0211098387563,465160
2018-04-11,2869.76953125,2884.256269723232,2798.682518530082,2805.692193867422,694830
2018-04-12,2869.437744140625,2889.867866757199,2855.2642709416596,2856.7372161789776,584100
2018-04-13,2932.23388671875,2945.9817559140424,2861.8108486022124,2869.386321591557,452320
2018-04-16,2927.20654296875,2936.628961247247,2899.219675116709,2936.628961247247,350060
2018-04-17,2901.801025390625,2943.0074102878484,2889.867453568974,2927.276740993815,272920
2018-04-18,2887.4267578125,2930.760938342445,2880.515491561764,2903.9008656871188,222400
2018-04-19,2891.752197265625,2916.8959267637806,2859.940371071433,2916.054309025745,268080
2018-04-20,2913.126708984375,2919.794804690329,2869.067821444723,2885.191214756459,175600
2018-04-23,2905.31787109375,2936.62486375623,2899.220138214218,2936.62486375623,256980
2018-04-24,2912.009521484375,2945.981789630907,2894.6095425455255,2913.2486586350083,302840
2018-04-25,2875.5537109375,2917.924340026414,2862.4837501665324,2913.2481792250896,193600
2018-04-26,2918.410888671875,2928.773334817051,2875.8390994120477,2875.8390994120477,223920
2018-04-27,2955.268310546875,3014.8800036316056,2921.328696457321,2931.0178028046353,444460
2018-04-30,2916.858642578125,2981.974189923844,2903.377232760321,2964.686320803272,256470
2018-05-02,2854.5390625,2941.6604131800336,2832.818204316555,2931.859198438285,592920
2018-05-03,2794.324462890625,2873.501144531713,2768.4745151294073,2873.501144531713,317930
2018-05-04,2731.663818359375,2815.0490426881647,2726.2019798790698,2786.992075485293,247580
2018-05-07,2783.8916015625,2791.668002186918,2721.5301566349576,2754.254149162163,292550
2018-05-08,2845.635986328125,2852.4584326947456,2786.992173583719,2786.992173583719,385600
2018-05-09,2835.21728515625,2874.917848278843,2819.72521782128,2852.364731830624,382510
2018-05-10,2866.253173828125,2918.621615742653,2812.7204864379078,2880.515466315564,701120
2018-05-11,2887.34228515625,2913.248170250145,2864.1484819875022,2875.838883954798,339570
2018-05-14,2852.01416015625,2894.543939909953,2840.9176381594807,2888.993281465511,229720
2018-05-15,2877.97607421875,2899.2199568425995,2823.4800730862958,2852.014017988219,446290
2018-05-16,2858.602783203125,2896.4516033841714,2837.026912162749,2852.462810208292,309740
2018-05-17,2852.080078125,2892.2062524152116,2841.039723363367,2858.7061632734412,267980
2018-05-18,2813.758544921875,2874.903919467078,2786.211206096315,2861.8106680446517,309090
2018-05-21,2752.65966796875,2824.382571877707,2741.731424716477,2796.4192199261406,299030
2018-05-22,2799.10791015625,2802.881489814924,2757.9997065047937,2757.9997065047937,234060
2018-05-23,2748.83935546875,2791.967581184178,2740.230469614379,2791.967581184178,435040
2018-05-24,2760.375244140625,2777.662883243462,2739.201459575518,2754.258789108705,194780
2018-05-25,2824.724365234375,2836.873024501814,2761.0443114123036,2761.0443114123036,319310
2018-05-28,2869.550048828125,2875.839577935548,2807.375818267991,2815.984705419166,259690
2018-05-29,2853.459228515625,2875.8392731385948,2837.5086775166005,2869.3862617106347,202310
2018-05-30,2818.444091796875,2845.911974875217,2805.696984760319,2837.368618423494,269970
2018-05-31,2878.705322265625,2945.887687911572,2822.2267526171645,2828.983667972731,915480
2018-06-01,2793.421875,2866.486895794099,2742.1010043942247,2866.486895794099,688830
2018-06-04,2747.492431640625,2831.3032594071788,2741.633302141554,2801.043838652185,346680
2018-06-05,2734.278076171875,2768.9003964839667,2717.654412266404,2768.9003964839667,241330
2018-06-06,2800.950439453125,2811.4950915427908,2731.817917566834,2749.5827634198577,221440
2018-06-07,2778.799560546875,2830.667506450806,2766.7723729181594,2815.8254888441725,239620
2018-06-08,2760.151123046875,2772.0285275498873,2740.2306294605837,2772.0285275498873,176900
2018-06-11,2775.48876953125,2785.1217076039807,2758.9352039730497,2773.9502941766773,159110
2018-06-12,2731.663818359375,2803.7280746880606,2726.2019798790698,2768.6006969513005,407860
2018-06-13,2754.128173828125,2764.1725591680542,2735.5543606789074,2747.7123800597024,269270
2018-06-14,2762.367431640625,2765.9494443072344,2726.6696888851197,2764.546595899302,320230
2018-06-15,2765.832275390625,2772.776420010492,2739.3418694901097,2763.7980997282966,539840
2018-06-18,2818.3505859375,2830.4805213207133,2751.5470074976984,2767.35234184305,389680
2018-06-19,2800.98779296875,2819.72508793037,2776.194778170272,2818.350323993347,227870
2018-06-20,2787.48779296875,2823.4661500652305,2775.1379780979637,2802.891040657667,250430
2018-06-21,2751.911376953125,2811.149066482032,2745.4442097813335,2794.473803352168,235940
2018-06-22,2725.327392578125,2756.3444053250464,2703.471134582383,2754.165241212854,490230
2018-06-25,2753.323974609375,2779.6367453001235,2725.3277400619877,2725.3277400619877,266160
2018-06-26,2715.48876953125,2764.3080741924277,2702.8350501655555,2753.463855647267,507450
2018-06-27,2653.427001953125,2728.8020187633747,2642.3163239419846,2721.432269802902,345850
2018-06-28,2658.44921875,2670.088248796176,2595.4192188628617,2641.0960471454996,766890
2018-06-29,2673.87109375,2692.4213894416325,2656.0596680901003,2684.079190591385,815170
2018-07-02,2636.19970703125,2691.6919017351956,2606.038468406627,2679.907884615701,419650
2018-07-03,2626.03857421875,2653.721540474446,2619.1179468189202,2653.721540474446,504760
2018-07-04,2640.9091796875,2655.1246658715395,2626.6000789363225,2637.2616364922987,378770
2018-07-05,2608.175537109375,2650.265551576838,2604.551512428744,2650.2609850134804,366200
2018-07-06,2583.70068359375,2631.743676149276,2569.5833795107337,2608.9286660636662,599240
2018-07-09,2584.280517578125,2609.297980292398,2576.564851507368,2607.422949226671,288720
2018-07-10,2645.678466796875,2655.334922608946,2585.692769700976,2603.6866293714065,981850
2018-07-11,2633.66064453125,2675.6992856499446,2625.3837483492293,2644.7197194712817,426020
2018-07-12,2618.21533203125,2660.735748430591,2611.168439233114,2660.735748430591,269670
2018-07-13,2574.615234375,2634.9235653749406,2570.032458804259,2634.9235653749406,507800
2018-07-16,2564.808837890625,2594.8017991732036,2529.8031597633862,2581.2409319582057,193280
2018-07-17,2539.50146484375,2569.94308904852,2523.4152889978823,2563.190740239546,835930
2018-07-18,2545.9404296875,2590.593200791078,2540.5582779599144,2548.6013662322684,596180
2018-07-19,2523.3173828125,2561.3018320703236,2506.375659488356,2556.925009008011,450820
2018-07-20,2529.62548828125,2539.146088245476,2502.7843695246347,2523.3172374283918,295350
2018-07-23,2527.320068359375,2557.673102910749,2512.9689574439153,2534.4512139866583,324740
2018-07-24,2590.387939453125,2599.9459868687745,2506.8903661157374,2506.8903661157374,860040
2018-07-25,2552.090087890625,2609.2981759081454,2534.9472063795797,2591.5287618069788,578560
2018-07-26,2643.494873046875,2670.0882587166093,2557.6733801448636,2571.8888656639842,1331650
2018-07-27,2707.14208984375,2712.173529760051,2646.805453265321,2660.6421413633357,579170
2018-07-30,2674.263916015625,2723.8593086694655,2664.1960131760893,2723.8593086694655,222190
2018-07-31,2599.81005859375,2679.440427721559,2593.6796750548874,2679.440427721559,676180
2018-08-01,2553.062744140625,2604.247990369947,2537.7060742964613,2604.247990369947,550960
2018-08-02,2531.6669921875,2561.9596584330325,2497.8766287874378,2504.3557476824576,958940
2018-08-03,2534.939453125,2559.659003141248,2524.6384752541508,2554.020092926277,533280
2018-08-06,2538.864501953125,2563.513671875,2527.0000256606513,2527.0000256606513,206860
2018-08-07,2584.505615234375,2591.684411591423,2535.343446122044,2558.757867375501,426990
2018-08-08,2591.040771484375,2600.792461409732,2570.0866853344946,2600.792461409732,289800
2018-08-09,2576.54248046875,2610.4644328561344,2554.123473873628,2610.4644328561344,267970
2018-08-10,2722.9306640625,2740.04890878166,2596.473442513732,2600.130928468593,1509370
2018-08-13,2667.42529296875,2722.9306334479375,2650.842351789715,2722.9306334479375,432310
2018-08-14,2722.42822265625,2737.0439520463538,2668.350207314434,2672.0640890492223,495590
2018-08-16,2704.7275390625,2767.2800790842084,2686.4355262046374,2713.756168494524,459330
2018-08-17,2673.955810546875,2739.5789473029913,2666.8052134843174,2723.1461686987745,371630
2018-08-20,2665.190673828125,2704.366398451004,2636.3817237462918,2694.0090232411435,448570
2018-08-21,2686.632568359375,2704.3658934662967,2666.716077053428,2676.101422115058,394040
2018-08-23,2701.257568359375,2706.7087206678134,2663.0490667764752,2686.2569270523663,368200
2018-08-24,2710.920166015625,2723.1461716505696,2679.383352980457,2687.7453172694986,408080
2018-08-27,2721.4609375,2751.3168778358913,2685.679751188301,2725.7098931958767,423760
2018-08-28,2692.905517578125,2748.2182867014294,2676.19579997017,2741.926924881718,405620
2018-08-29,2646.96875,2706.366097555177,2641.921538956144,2706.244135515055,421530
2018-08-30,2591.885986328125,2675.2470353753038,2587.172107931031,2666.805291176481,613400
2018-08-31,2634.855712890625,2642.766739891324,2593.092881410467,2594.2478528382376,627530
2018-09-03,2712.42724609375,2723.052156135622,2637.695701290539,2638.6347172041346,1030520
2018-09-04,2705.042236328125,2726.902557064414,2687.9333917344643,2713.756332615756,396520
2018-09-05,2728.31103515625,2737.231687310435,2685.590391456927,2685.590391456927,802480
2018-09-06,2708.51171875,2746.5794619119038,2695.914783143923,2746.5794619119038,396840
2018-09-07,2693.304443359375,2718.3573260427784,2686.5905706617777,2708.5118716662496,276550
2018-09-10,2687.750244140625,2709.0612773745074,2680.8907961539753,2693.098004682872,187090
2018-09-11,2635.7802734375,2693.0978458609616,2624.615474243056,2693.0978458609616,355320
2018-09-12,2705.511962890625,2741.6406993428322,2633.4706746028482,2654.814492395235,387700
2018-09-14,2759.180908203125,2763.054348879124,2707.1735022233042,2707.1735022233042,356980
2018-09-17,2785.46923828125,2796.3898852468246,2739.297661752707,2751.786621462666,446770
2018-09-18,2713.789306640625,2798.267972439982,2682.9661490697645,2779.5816437879016,434830
2018-09-19,2667.791259765625,2757.9413742867173,2655.546455330628,2732.343790807378,386640
2018-09-21,2623.629638671875,2694.943276679396,2566.894362371284,2685.1163911992567,740660
2018-09-24,2427.61962890625,2638.60252142969,2404.914283252705,2627.6488616794213,1398350
2018-09-25,2403.85302734375,2440.5028533793416,2350.850199182824,2428.2956440319267,1391260
2018-09-26,2364.5126953125,2464.959210467672,2357.0241801782795,2431.7697170794418,786090
2018-09-27,2338.356689453125,2405.4775432160504,2310.0924418573804,2382.2462936308093,1258480
2018-09-28,2271.048095703125,2394.4865337791844,2208.913472070723,2346.131788379967,1129010
2018-10-01,2324.017333984375,2347.4457346185154,2181.3339151724877,2279.9305837446404,1144040
2018-10-03,2181.873779296875,2324.0643048920165,2164.43160516206,2324.0643048920165,2467470
2018-10-04,2057.18212890625,2150.346685864029,1878.1400177281455,2150.346685864029,4125330
2018-10-05,1989.8172607421875,2128.6978768645236,1969.5956319407155,2028.0166000312922,1791150
2018-10-08,2078.48828125,2095.319957615419,1939.1663841170964,2009.4939972827126,1614900
2018-10-09,1979.98095703125,2082.8453875316495,1953.2751687616376,2057.6563301270116,1727430
2018-10-10,2120.518798828125,2141.895396201252,2002.6674820282337,2002.6674820282337,1488910
2018-10-11,2099.400390625,2122.176113161379,1989.0660130601939,2000.1040358556359,1748840
2018-10-12,2244.6005859375,2272.3249442915358,2112.8801956250563,2154.4784250068396,1761030
2018-10-15,2200.537109375,2266.2260503000284,2159.7414930246996,2263.0286731499273,1162290
2018-10-16,2159.93896484375,2248.943521861969,2136.2615917477997,2211.382878490579,1051540
2018-10-17,2063.778564453125,2228.040549600361,2051.749715903726,2195.419146811401,1207330
2018-10-19,2030.650390625,2101.517903867619,2004.8978297998221,2063.7789041265,1219710
2018-10-22,2105.7529296875,2118.4202472619086,2051.7501065014494,2061.1402671719366,955160
2018-10-23,2090.07568359375,2110.4382990210092,2056.538876433104,2069.5911061367315,894490
2018-10-24,2124.49560546875,2130.6274077575918,2051.84405322177,2122.1762633460366,760590
2018-10-25,2074.49267578125,2105.959107710173,2056.4448177222475,2096.2590001180165,1298190
2018-10-26,2047.6556396484375,2094.005567795702,2038.1341187894939,2091.404475274922,495930
2018-10-29,2015.3067626953125,2073.7229133656524,1999.1651321257216,2064.8962543656467,961780
2018-10-30,1974.3892822265625,2020.1429323407087,1970.5252402345898,2018.8845682651265,631350
2018-10-31,2053.120849609375,2064.8961467170775,1943.871062572179,1990.7138840564821,1215870
2018-11-01,2065.093505859375,2093.9870488306256,2042.35996336131,2042.35996336131,1402560
2018-11-02,2129.13427734375,2167.300602640786,2084.6156094051335,2094.0057698078595,1318660
2018-11-05,2117.6923828125,2137.669855875061,2100.9636390741402,2131.6602453673613,358560
2018-11-06,2118.387451171875,2143.520115180642,2100.5789290393645,2126.8713787546535,507640
2018-11-07,2126.8994140625,2143.3885898574645,2122.190120494386,2131.566296019763,52410
2018-11-09,2112.339599609375,2135.275108262018,2103.865073017805,2135.275108262018,724590
2018-11-12,2059.59521484375,2112.339664940548,2048.970304884319,2100.578582414791,537710
2018-11-13,2182.44677734375,2197.297259140941,1990.4086218202906,2014.283147505574,2688470
2018-11-14,2182.28271484375,2270.916339554331,2164.995511772652,2187.90741185264,1993430
2018-11-15,2248.506591796875,2257.5776330650847,2187.109021555061,2197.2974368411956,1123080
2018-11-16,2322.65625,2331.5769026682838,2246.6053476327834,2264.9067616737416,1302650
2018-11-19,2337.87744140625,2379.466495885604,2321.8483744198215,2346.6009365501677,1244430
2018-11-20,2309.585205078125,2380.405723295786,2295.9458591912944,2337.8776490580485,1030740
2018-11-21,2273.958740234375,2375.7106208999926,2249.8918687679407,2323.5012365027474,1178150
2018-11-22,2263.87841796875,2298.7066042621927,2248.0043248314164,2293.0770932490886,679060
2018-11-26,2239.3935546875,2299.4623794646327,2218.5754145033675,2268.662609446264,765770
2018-11-27,2235.56689453125,2257.3710474759105,2214.199695802892,2255.323827564273,513890
2018-11-28,2170.19287109375,2258.333603587168,2163.492982397021,2232.980170199703,814340
2018-11-29,2208.6875,2215.7067360019237,2155.234199877438,2187.9071868456986,924630
2018-11-30,2197.79541015625,2229.21966690402,2188.8465590904,2206.6878652348523,864900
2018-12-03,2213.00732421875,2244.060649842908,2155.323631231605,2189.7854751487753,927780
2018-12-04,2197.428955078125,2229.102177885447,2187.907433042959,2207.157262389474,530750
2018-12-05,2140.341552734375,2186.0294070487157,2130.157950983682,2186.0294070487157,885510
2018-12-06,2085.681396484375,2138.139518270908,2075.225443732414,2138.139518270908,1152120
2018-12-07,2100.508544921875,2111.4855876378692,2062.3986148242175,2103.395973454684,962340
2018-12-10,2103.8515625,2122.1575619393816,2053.1586780773337,2075.0565974578085,505070
2018-12-11,2125.98876953125,2137.7686527192704,2047.0550239982574,2066.8683546927896,611520
2018-12-12,2227.533935546875,2239.5533874177936,2125.988835866231,2125.988835866231,668060
2018-12-13,2188.414794921875,2265.3719389664266,2178.5175277491094,2234.858498294345,1087130
2018-12-14,2226.984375,2234.8580331650733,2173.8877897533466,2192.6023140506077,767570
2018-12-17,2225.26171875,2249.0376718510006,2211.383032547172,2249.0376718510006,442650
2018-12-18,2241.0224609375,2244.248035624227,2192.034074039325,2213.260510446152,614160
2018-12-19,2249.478271484375,2274.2963962921876,2235.6135740317677,2241.0223145159002,490790
2018-12-20,2262.27734375,2270.3529732021375,2225.4773610407506,2234.85812188649,501230
2018-12-21,2215.852294921875,2271.4795908200826,2198.339739095246,2267.348012326726,579890
2018-12-24,2179.52197265625,2213.730261994637,2170.929838542085,2204.805024786262,346870
2018-12-26,2167.37548828125,2201.9923005004907,2131.566107520731,2169.126743776603,550490
2018-12-27,2159.22021484375,2195.7010767843535,2149.2103871876666,2187.907198424555,474780
2018-12-28,2171.389892578125,2188.8462824406906,2159.2672786239245,2160.769795915398,373040
2018-12-31,2174.606201171875,2196.3585446874545,2160.4645644143393,2192.602480481063,431030
2019-01-01,2178.05712890625,2187.2501327228206,2150.816264105652,2174.9725437104407,444340
2019-01-02,1987.173828125,2097.7617617192645,1967.2619203161842,2097.7617617192645,4814970
2019-01-03,1897.887451171875,1975.6896010320572,1892.2110583674378,1975.6896010320572,4683010
2019-01-04,1887.7601318359375,1938.8848058910012,1878.1258188129357,1908.5499591684165,3418330
2019-01-07,1862.1064453125,1922.8231412543173,1855.0262275359457,1920.287843741336,2156680
2019-01-08,1882.224853515625,1937.190192403105,1857.8433328499968,1864.416445475698,3664290
2019-01-09,1905.3621826171875,1915.3815253401872,1863.946897228251,1867.7029615047816,1637520
2019-01-10,1930.2508544921875,1934.3730340190639,1910.4328247680276,1911.836649156706,1021430
2019-01-11,1925.696533203125,1950.082752123061,1914.371944799987,1934.3730321968812,1122200
2019-01-14,1923.142333984375,1937.1147817957685,1898.8780784090368,1937.0022190886184,701210
2019-01-15,1937.955322265625,1940.9461433560468,1923.1048387001374,1928.7389349072666,633190
2019-01-16,1947.115478515625,1951.6461848819997,1936.814500467742,1936.814500467742,674680
2019-01-17,1912.77099609375,1957.6370958917817,1893.0986556770092,1953.153385949343,1037770
2019-01-18,1889.5584716796875,1917.940207765365,1873.3369471196588,1915.5926677313805,1081400
2019-01-21,1880.661376953125,1906.0101104513283,1873.3135076403485,1892.2112055075556,950380
2019-01-22,1880.248046875,1910.8975425908868,1868.641822975855,1878.125861564256,1378300
2019-01-23,1886.4033203125,1898.9720583493627,1877.1868188820035,1885.262333368415,535950
2019-01-24,1888.8870849609375,1909.0195330335523,1885.0746249704164,1892.1172449889857,457230
2019-01-25,1882.7225341796875,1909.7474443782346,1862.547787526246,1896.8124749960716,671890
2019-01-28,1876.8489990234375,1900.6624331643873,1865.9752340334114,1883.7601436482505,1019070
2019-01-29,1772.6041259765625,1878.0321804306877,1765.3502496048463,1877.9383017468635,1931980
2019-01-30,1776.5386962890625,1793.0418585334403,1765.350282684181,1774.7404437622884,1026320
2019-01-31,1784.670166015625,1800.933986211334,1768.7397927628795,1795.3984689306214,675110
2019-02-01,1846.4249267578125,1891.6197772339997,1791.2718286613513,1792.58177448994,1857170
2019-02-04,1890.0794677734375,1918.5926784440628,1824.9775320404026,1851.7394871024821,1621290
2019-02-05,1923.07177734375,1932.954943190989,1893.0561644505976,1893.1500431208624,1018700
2019-02-06,1981.7227783203125,1990.7138101738938,1927.766958617325,1927.766958617325,1297160
2019-02-07,2056.83935546875,2062.54864611523,1986.08463734736,1993.9910787148433,1352940
2019-02-08,1957.6043701171875,2056.8395250921326,1948.4583626836334,2052.2196393470267,1234030
2019-02-11,1948.754150390625,2015.086376342579,1909.113617664933,1918.7855293842374,2619820
2019-02-12,1984.844970703125,2000.1039799397545,1884.6050177178813,1922.1656558388158,2590360
2019-02-14,1879.572021484375,1933.255608083494,1868.6418613642925,1893.056277643424,1403410
2019-02-15,1900.0145263671875,1913.4517866390267,1871.651472790248,1891.8638164953177,1235950
2019-02-18,1892.60546875,1920.2876409502917,1882.5110471655425,1918.6913596663942,850970
2019-02-19,1916.5128173828125,1921.6539069504315,1889.394031283168,1896.8122804537015,654740
2019-02-20,1927.663818359375,1939.068186883406,1913.7147529628967,1917.0013092118515,698580
2019-02-21,1920.04833984375,1937.6313921917194,1901.5074727989545,1920.2877935179565,670210
2019-02-22,1933.9456787109375,1943.7631645767087,1906.2025237153232,1932.213221661441,740010
2019-02-25,1944.2139892578125,1951.3645875158945,1924.9829583361536,1943.7538805500453,462600
2019-02-26,1936.251220703125,1960.1915464918088,1915.6022655942218,1940.9463012576912,878770
2019-02-27,1916.3204345703125,1951.355062550882,1906.3949710823952,1951.355062550882,624010
2019-02-28,1865.7403564453125,1938.9740922080973,1859.251723637747,1938.9740922080973,1870270
2019-03-01,1873.2100830078125,1881.0320447691543,1851.7394920331951,1869.0174087988617,984330
2019-03-05,2019.391357421875,2054.2851068955842,1814.1787791311501,1831.0810658932417,4523630
2019-03-06,2019.2552490234375,2047.054798253137,2009.9636677343303,2019.8233353405953,1265860
2019-03-07,2020.9031982421875,2037.6647255889425,2010.5506385145734,2023.4854922492702,831150
2019-03-08,2053.726806640625,2074.610515713416,2009.4990562510209,2020.7626645079436,1957920
2019-03-11,2157.150390625,2173.3718038560146,2055.9759796359344,2061.004393070586,2485590
2019-03-12,2109.213134765625,2193.0718955068874,2091.4610095527323,2159.830820390738,1992480
2019-03-13,2138.820556640625,2150.159130296161,2109.2179362799548,2111.734435259247,1461680
2019-03-14,2124.045166015625,2158.5118277144925,2112.880364684035,2140.9568563182893,968750
2019-03-15,2123.336181640625,2144.525025015306,2105.8376073655727,2144.525025015306,981900
2019-03-18,2089.442138671875,2140.9472623432007,2075.413293461905,2122.176340080444,993140
2019-03-19,2043.21435546875,2088.371720388617,2026.3544779789834,2088.371720388617,2011750
2019-03-20,2003.6727294921875,2051.7503110681923,1989.7752444638443,2033.9090040154256,1371030
2019-03-22,2013.893798828125,2035.279798798241,1997.7567521341252,2003.6725994126969,2168820
2019-03-25,1986.1456298828125,2008.5552377056495,1976.7178724981686,2008.5552377056495,994230
2019-03-26,2007.803955078125,2013.6446070580112,1972.4030979096187,1997.756529779916,1098830
2019-03-27,1969.5062255859375,2017.4758199325063,1958.3787945943977,2009.5881774524923,1175880
2019-03-28,1962.449462890625,2000.10409650208,1951.3738424398693,1974.1871629874684,1255610
2019-04-01,1882.576904296875,1952.092404566965,1876.6705712920898,1952.092404566965,1953970
2019-04-02,1932.82373046875,1989.873539136167,1906.2964130856128,1907.1415504349307,3146450
2019-04-03,1897.0660400390625,1922.7293083179916,1888.5678986388773,1915.5928090135305,1232650
2019-04-04,1924.0015869140625,1934.3729451940537,1870.6137363568798,1900.5683694527984,1675580
2019-04-05,1970.083984375,1974.6898858758009,1934.3825737573252,1934.8426824782503,1276880
2019-04-08,1935.560791015625,1989.680989488815,1929.077087020595,1983.5773852471175,865240
2019-04-09,1966.966064453125,1974.1870420900275,1911.3669667195497,1943.6690237071311,802560
2019-04-10,1969.4683837890625,1979.4454272733028,1939.0677454076708,1956.909046697136,835500
2019-04-11,1971.7596435546875,1978.872643242459,1954.129711495868,1962.5432573927064,976450
2019-04-12,2005.8460693359375,2012.311203394195,1963.0174505057687,1974.4970123239023,1303510
2019-04-15,2003.1043701171875,2024.5185665529089,1995.5030628425222,2005.9260032545817,646040
2019-04-16,1997.338623046875,2022.8094321662045,1990.7139293263856,2021.7014574715604,617190
2019-04-18,1974.177734375,2016.0627536911074,1967.1963246924365,2007.4284374373922,694610
2019-04-22,1915.67236328125,1971.4452352994226,1910.4279957559595,1957.8483023598799,615220
2019-04-23,1907.6016845703125,1929.583967520343,1897.239610481021,1929.583967520343,731720
2019-04-24,1927.945556640625,1932.4950619657745,1891.178355101589,1915.5927727940623,804610
2019-04-25,1909.977294921875,1938.034982259659,1906.2024323560681,1925.9639502215207,910660
2019-04-26,1909.08056640625,1920.527231395843,1894.4648369473719,1910.9914961189659,637860
2019-04-30,1912.615966796875,1915.5926888581494,1892.1172882593976,1903.3854805467984,650900
2019-05-02,1931.095947265625,1937.1901523897827,1864.8859150005374,1877.09312391041,1095340
2019-05-03,1911.1181640625,1934.3729084377433,1909.958493088529,1931.6498538111098,523280
2019-05-06,1910.88818359375,1923.6446794264698,1896.7184640790374,1896.8123427549683,550680
2019-05-07,1911.197998046875,1932.485532069677,1903.3901350136075,1922.1657553815999,489780
2019-05-08,1909.6346435546875,1922.165784778143,1901.5074324258621,1904.3244804739004,430210
2019-05-09,1911.921142578125,1924.1236514698383,1899.4040999923734,1907.611091036748,437180
2019-05-10,1911.2733154296875,1917.2407441632581,1906.296484450929,1914.653750327531,547550
2019-05-13,1760.8192138671875,1889.3938992242624,1746.569601509859,1882.726909154445,3429730
2019-05-14,1805.812255859375,1818.5359685697597,1709.4786360604223,1719.3383041069121,3745110
2019-05-15,1877.8209228515625,1893.8968737148807,1805.821818356143,1809.9535120741427,2171650
2019-05-16,1906.6956787109375,1913.7242004249986,1833.428924993121,1882.7272699673279,1266530
2019-05-17,1966.0177001953125,1971.9335466857592,1883.1214570722814,1896.812268716778,1310990
2019-05-20,1999.8414306640625,2029.2138830994988,1978.8497431473547,2014.1896248257403,1117100
2019-05-21,1962.707763671875,2007.1466488898898,1954.284817876592,1994.4745182516363,603260
2019-05-22,1993.028564453125,2000.103967082976,1948.1293427164521,1967.23840893842,744680
2019-05-23,1908.1884765625,2032.8756327353158,1892.0468466538462,2005.832155522641,1470400
2019-05-24,1957.9093017578125,1976.3938863676121,1910.8975216810027,1929.6778413044033,1094940
2019-05-27,1961.355712890625,1985.9812702817096,1949.8667511000872,1963.4824832893244,662950
2019-05-28,1952.2235107421875,1976.628525504587,1943.7629680733944,1976.628525504587,917320
2019-05-29,1917.8228759765625,1965.1024250764146,1911.8976297706276,1960.6654826067997,689320
2019-05-30,1867.84375,1924.9734528946617,1861.1297624926535,1917.47072402119,1347270
2019-05-31,1873.125732421875,1902.7516195233254,1859.2517475922969,1887.4222286164224,1118550
2019-06-03,1873.163330078125,1884.6052961767825,1836.7201751621533,1864.8859582496711,1577560
2019-06-04,1882.1119384765625,1911.83651654237,1857.7022229007375,1877.4685549364,1279550
2019-06-06,1885.9010009765625,1911.8366188934074,1873.8956490519406,1895.8733465352602,1262960
2019-06-07,1877.8209228515625,1898.6811331794909,1863.9469372073531,1891.5446338262118,722710
2019-06-10,1890.37548828125,1908.1509979544724,1880.384343733182,1896.3429169513554,426260
2019-06-11,1890.4271240234375,1898.77969038467,1878.0697549569193,1894.6105140151972,429390
2019-06-12,1887.98095703125,1896.8124305361357,1875.4921122790524,1892.3051076230822,418760
2019-06-13,1893.2489013671875,1896.8125087070696,1868.6420259044892,1882.5395099374907,597650
2019-06-14,1856.1578369140625,1892.1128011913102,1840.471613736831,1878.0322589151338,480610
2019-06-17,1852.4769287109375,1877.0932039399656,1844.0398827174818,1854.5615169649554,486340
2019-06-18,1852.8524169921875,1872.2102234562471,1837.2599593866996,1854.5566760816346,550870
2019-06-19,1858.37841796875,1887.3283557510006,1849.8615929483233,1862.068801429708,847590
2019-06-20,1858.6082763671875,1868.547838016925,1842.3492704206124,1868.547838016925,716150
2019-06-21,1851.6644287109375,1868.5479176562048,1845.4715312199266,1858.312620570214,546620
2019-06-24,1793.3515625,1862.1579857340441,1775.876487756344,1856.5285891610959,1240360
2019-06-25,1795.1029052734375,1807.5025706216693,1768.2657539108227,1793.5723045672212,1296560
2019-06-26,1798.389404296875,1814.648411237899,1788.8348706926188,1788.8348706926188,816920
2019-06-27,1829.1375732421875,1846.9506800887532,1798.389497462785,1798.389497462785,1183940
2019-06-28,1797.1639404296875,1843.7391109428972,1791.6425217838053,1835.7292769804533,760460
2019-07-01,1842.84716796875,1854.547271092726,1802.9107884620098,1811.3619327829254,1021530
2019-07-02,1890.9388427734375,1905.1508596479525,1812.207070747599,1812.3009494259998,1431860
2019-07-03,1845.1759033203125,1892.1173056181503,1838.6497877443792,1887.4222254553263,922730
2019-07-04,1861.6368408203125,1886.9526758195693,1843.851817950299,1854.9932337608623,1051340
2019-07-05,1844.706298828125,1882.2575388364303,1838.7670685831592,1873.2712063101903,753860
2019-07-08,1787.2198486328125,1854.894683184649,1770.1390875160168,1847.9835389890757,991410
2019-07-09,1787.755126953125,1811.8691101427462,1758.781804361411,1801.0328279802143,1295640
2019-07-10,1760.7489013671875,1809.5730343313896,1751.2648625701531,1783.1914069816198,831210
2019-07-11,1787.3372802734375,1790.3890824509328,1767.2282147835638,1776.1441676370844,695000
2019-07-12,1779.9332275390625,1793.520763087398,1770.9843765355145,1782.6422981758992,833100
2019-07-15,1768.5286865234375,1802.7229913888655,1764.1763381239755,1793.5205885917728,500530
2019-07-16,1788.0037841796875,1793.5205030043737,1751.6451133253506,1771.9231356907085,602940
2019-07-17,1730.9539794921875,1788.8255421684833,1719.3430554187419,1788.8255421684833,940840
2019-07-18,1728.35302734375,1744.8046079140029,1723.0945600584155,1739.9968500208413,683830
2019-07-19,1658.6781005859375,1740.935889936034,1643.278213262168,1739.7151231272142,1841410
2019-07-22,1603.0880126953125,1670.8944336046482,1593.974904002728,1664.4058011786879,2334480
2019-07-23,1605.57177734375,1632.1365765372254,1600.233531014746,1615.1075122884547,1131400
2019-07-24,1549.5347900390625,1622.7356936985066,1530.0438938724033,1617.589882797946,2450250
2019-07-25,1554.8133544921875,1581.5831446196482,1531.2501702915777,1532.408913196725,2059680
2019-07-26,1625.7298583984375,1653.1948951554048,1544.4411830927045,1555.48024478182,2300560
2019-07-29,1550.201904296875,1608.0833916567822,1545.6519188042248,1608.0833916567822,1531070
2019-07-30,1528.9610595703125,1582.0704010141092,1514.3654014906092,1559.8410112240754,1821980
2019-07-31,1546.4134521484375,1556.2180219920654,1511.2768113893137,1537.3276839450946,1548640
2019-08-01,1566.727294921875,1585.3810345124934,1493.2472925870109,1508.7605907204218,2568280
2019-08-02,1599.0970458984375,1618.6636925068383,1526.0994775430386,1527.6792245643162,3003440
2019-08-05,1561.165283203125,1595.975491170197,1545.6567186545321,1595.975491170197,1434390
2019-08-06,1609.10009765625,1621.7566635228761,1552.2733189591888,1552.2733189591888,1321600
2019-08-07,1556.686279296875,1624.6135550485046,1545.6519522466992,1590.6782650932719,1540540
2019-08-08,1590.2667236328125,1598.6239902051277,1541.2248247677073,1575.9216376815045,1341470
2019-08-09,1663.63330078125,1682.6182100394406,1582.5575514721347,1582.5575514721347,1828890
2019-08-13,1574.5028076171875,1669.5547100259632,1565.3036478911033,1664.8392558763894,1474660
2019-08-14,1567.8480224609375,1607.6102778158092,1551.4361371583152,1607.6102778158092,2161060
2019-08-16,1570.2889404296875,1581.5975102449877,1530.8387922675627,1570.246331941794,1728990
2019-08-19,1545.434326171875,1589.164715308995,1541.1681664187618,1589.164715308995,1350470
2019-08-20,1503.6287841796875,1567.408251840491,1497.4093317220863,1554.8935985161654,2414640
2019-08-21,1513.537353515625,1539.9760859531218,1504.919818153124,1519.1655983051066,1797430
2019-08-22,1468.40234375,1518.4089966412007,1464.306502466365,1513.9631653676952,1596230
2019-08-23,1455.1688232421875,1473.264495685031,1443.9784962616027,1469.0314757308333,2083250
2019-08-26,1470.7530517578125,1522.85502870167,1437.8157702488443,1522.85502870167,2701320
2019-08-27,1513.05517578125,1533.8939571415888,1467.2341978947932,1473.7658820423692,2884330
2019-08-28,1541.626953125,1545.8741758410192,1496.960100470253,1513.4712913621656,1933180
2019-08-29,1564.3812255859375,1579.705266413393,1526.5108337687564,1541.7734444875523,1813980
2019-08-30,1537.9378662109375,1576.4893064628222,1510.3734103388674,1566.8219149100441,1774600
2019-09-03,1492.2822265625,1511.1441563229532,1483.3716278091888,1510.7468236162595,1926680
2019-09-04,1479.663818359375,1507.1384391955917,1469.0315579822282,1495.0446731428922,1844770
2019-09-05,1490.2392578125,1502.1342987404255,1470.086138933593,1489.7473550191617,1226400
2019-09-06,1552.0133056640625,1560.6922726288228,1488.1109732624768,1496.0519705368113,2475130
2019-09-09,1533.0472412109375,1557.94883625816,1515.996806596843,1532.2762471643152,1925930
2019-09-11,1609.37451171875,1616.5967069467285,1533.4777223090045,1533.4777223090045,2597820
2019-09-12,1577.8656005859375,1625.8857049213814,1562.8205344485702,1611.867052839113,1919550
2019-09-13,1578.7027587890625,1596.7322674239151,1556.0572155878792,1584.4351587292995,1655140
2019-09-16,1585.7877197265625,1592.4139733511613,1546.692303725827,1568.3541544048178,1119960
2019-09-17,1540.444580078125,1594.8356366181042,1520.296194684823,1589.164782385481,1498790
2019-09-18,1516.3658447265625,1565.9846326605673,1498.5444147604728,1560.7867444546587,1677750
2019-09-19,1490.078369140625,1530.5169346259522,1478.4907100249463,1522.9494837748969,1560270
2019-09-20,1689.4525146484375,1843.431264507204,1490.7879721218042,1501.7512853465662,4954160
2019-09-23,1819.91064453125,1844.5662918736243,1740.5138343833173,1740.5138343833173,3307200
2019-09-24,1743.7535400390625,1850.7146809441654,1698.4197340328387,1843.6201958396005,2860100
2019-09-25,1664.8486328125,1752.2432434792092,1646.3935030665136,1735.7840150112338,2085490
2019-09-26,1694.3096923828125,1714.5005693054698,1658.2697310958529,1675.2538868903998,1870460
2019-09-27,1683.0389404296875,1720.1100512809435,1660.109573000893,1674.3931137543373,1480120
2019-09-30,1680.4661865234375,1702.6766388708174,1642.7471693151188,1683.7580095500305,1499570
2019-10-01,1686.2977294921875,1729.162554345608,1664.2716850829022,1698.8927503308053,2008420
2019-10-03,1729.6025390625,1734.8383020385165,1676.483845548836,1686.1228317250032,1228820
2019-10-04,1702.58203125,1750.8198006774821,1689.1923439308268,1745.2435163329994,1431550
2019-10-07,1702.7332763671875,1717.177551384192,1670.0086928828114,1696.5231768820965,794600
2019-10-09,1725.3173828125,1731.0544011260852,1686.8889210388677,1697.9515375659796,1112850
2019-10-10,1707.6427001953125,1721.122222963784,1688.6531730797165,1721.122222963784,823540
2019-10-11,1721.703857421875,1735.6894849870896,1693.217143598333,1711.2844095784553,946990
2019-10-14,1733.6983642578125,1745.2434153085298,1710.2439538633182,1712.1358166441403,774670
2019-10-15,1816.10302734375,1825.6474420016452,1729.6354133160664,1732.0002416088146,2304110
2019-10-16,1818.13671875,1825.6473576350245,1788.0560580682738,1815.0529735611515,1084750
2019-10-17,1938.388427734375,1966.496630561338,1840.309478317767,1844.5661694781008,3986370
2019-10-18,1917.9609375,1956.1860561611707,1898.0207459629255,1948.6186052669302,2950660
2019-10-22,1889.8623046875,1940.412827032241,1878.146934190783,1917.9706259944774,1613920
2019-10-23,1941.1649169921875,1961.9470027965517,1870.9577984999428,1889.5926014829734,1854730
2019-10-24,1989.5162353515625,2004.2915645153005,1941.1601087641388,1952.4025132878096,2248480
2019-10-25,2016.8909912109375,2025.711753850653,1981.7305699219196,2000.6445759486953,1505220
2019-10-27,2017.071044921875,2051.5929229760845,1995.929385290405,2033.7525547656692,248880
2019-10-29,2085.7216796875,2095.237803874778,2017.0707626176677,2017.0707626176677,1910470
2019-10-30,2129.433349609375,2137.710249246171,2043.2117960547507,2104.6973362138056,2022690
2019-10-31,2131.949462890625,2145.391109613642,2109.5214688841556,2132.60210005713,1376540
2019-11-01,2078.79296875,2165.0477765767014,2071.5943293748933,2136.5751498224454,1870250
2019-11-04,2056.521240234375,2107.535258373647,2039.4281943687536,2103.7515325955974,1570140
2019-11-05,2013.6181640625,2076.063715160495,2008.259426474147,2057.400509701731,1494120
2019-11-06,2043.7366943359375,2057.400737691608,1989.686277259223,2021.4553454928582,1444450
2019-11-07,2026.55859375,2052.671009942737,2002.6454217370053,2049.8332159197744,1055860
2019-11-08,2051.692138671875,2086.317938360062,2005.3745255136687,2010.104182413465,1874110
2019-11-11,2022.1077880859375,2063.7996631786964,2015.784182036063,2046.9952955569327,944160
2019-11-13,2019.771728515625,2064.4007097861845,2005.3746795198324,2021.455514214095,1589070
2019-11-14,2039.252685546875,2055.0356035943846,2020.0361479750557,2033.752150852901,980830
2019-11-15,2017.1087646484375,2071.5896529453717,2009.2810441764564,2066.8599962034873,1195330
2019-11-18,2031.6148681640625,2041.3201343890853,2010.1043955406888,2027.0364766611222,694660
2019-11-19,2057.14990234375,2062.1255099654572,2026.5819584295223,2043.2115037358064,906060
2019-11-20,2032.7877197265625,2057.1170485580183,2023.8203081846834,2057.1170485580183,735750
2019-11-21,2076.754638671875,2080.860064331858,2029.0229743242335,2038.4822888898475,1303740
2019-11-22,2152.296630859375,2172.331392625801,2043.2117605363512,2058.9424883784077,2512270
2019-11-25,2200.359375,2214.9931375066544,2152.939943080417,2152.939943080417,1971380
2019-11-26,2157.262939453125,2218.209237770461,2149.818348132166,2208.730986219562,1997340
2019-11-27,2177.68994140625,2213.479214750721,2163.5718707395004,2174.7717803321157,1340190
2019-11-28,2184.306640625,2191.297202268324,2166.6556456808025,2191.297202268324,943210
2019-11-29,2164.423095703125,2183.2047737177863,2142.534347514853,2180.5607387528935,1115780
2019-12-02,2053.910400390625,2151.993973589803,2047.0380793198312,2148.6832136304342,2399780
2019-12-03,2021.71533203125,2080.287558214429,2007.4554631297904,2053.9007847526736,2054080
2019-12-04,2025.0499267578125,2059.193291907071,1999.2259541219084,2017.2695488493373,1597410
2019-12-05,2025.9058837890625,2051.725004913123,2017.1985122071162,2051.725004913123,911910
2019-12-06,1978.8883056640625,2046.4893700474336,1954.7670571963602,2033.7523217866799,1432060
2019-12-09,1986.1866455078125,2005.2800973480453,1974.0738263559297,1986.4561528471882,984820
2019-12-10,2010.9744873046875,2021.0298585722423,1982.0053370370758,1998.5639869361355,979760
2019-12-11,2037.70654296875,2045.5247957167928,1986.6641189605843,2010.9509550877165,1075180
2019-12-12,2076.655029296875,2090.602897426363,2041.4805178258773,2041.4805178258773,1254760
2019-12-13,2084.336181640625,2124.467134562784,2065.6066946522724,2081.8482620918458,1401330
2019-12-16,2048.0361328125,2097.3617433289933,2043.2117903757787,2097.3617433289933,890300
2019-12-17,2053.139404296875,2074.228870131102,2045.6758765173024,2049.4549831632867,1160650
2019-12-18,2056.06201171875,2078.4428936861946,2025.8065289451522,2057.400541435228,1014430
2019-12-19,2121.454833984375,2128.908663306731,2053.527437965607,2058.3563997678893,1809760
2019-12-20,2101.96826171875,2137.710195135689,2089.633279793239,2114.251282082566,1326790
2019-12-23,2097.71142578125,2122.669832311886,2081.048855207731,2092.40949933218,939940
2019-12-24,2068.624267578125,2121.7241361024558,2058.767736263596,2099.9298396353806,1162270
2019-12-26,2085.3720703125,2099.9677272852614,2071.6939390933308,2080.103167702833,964810
2019-12-27,2102.08203125,2111.337887146517,2071.7789701128117,2098.4022286637305,797560
2019-12-30,2155.25732421875,2163.969315349433,2098.1183110292004,2106.5938193129477,1158460
2019-12-31,2129.787841796875,2154.831464916464,2117.6327633618284,2154.831464916464,1142680
2020-01-01,2088.218994140625,2137.308115101753,2081.1434468273374,2129.787776871128,1086480
2020-01-02,2043.2923583984375,2113.3859732495316,2031.019036043418,2089.562633565665,2285820
2020-01-03,2004.357666015625,2049.450140334792,1996.8611137515488,2047.9414075187603,1572970
2020-01-06,1973.2554931640625,1995.9153548974537,1961.8144800155305,1995.9153548974537,1258710
2020-01-07,1967.8963623046875,2019.5443014368211,1959.3829809712754,1981.7259881665054,1371520
2020-01-08,1881.66552734375,1958.077889306927,1872.9535365837987,1958.077889306927,2892860
2020-01-09,1922.974365234375,1939.1592365178715,1878.6196310851185,1914.3758817318917,2592870
2020-01-10,1932.7979736328125,1961.8616923406978,1915.529991582146,1923.0785055586493,2169260
2020-01-13,1918.348876953125,1948.6281502692716,1897.8410334182824,1948.6186817176713,1320920
2020-01-14,1938.1851806640625,1946.6606897035786,1915.9841967268471,1917.4030939349884,1162260
2020-01-15,1950.964599609375,1953.3483652421814,1920.240765831297,1933.483805595651,1079560
2020-01-16,2037.181396484375,2043.2117088194325,1953.3482308852444,1957.983202107847,2921950
2020-01-17,2014.095947265625,2059.2925754633634,1996.2509613557318,2034.6085242801391,1834850
2020-01-20,2020.991943359375,2038.4727374909594,1986.9289437553598,2022.4013719347581,1005930
2020-01-21,1991.80517578125,2031.3876468257736,1983.646517595512,2020.3202958227414,1032360
2020-01-22,1995.9151611328125,2012.9419255405808,1981.1585396033047,2001.5907492687352,786810
2020-01-23,1978.486328125,2004.9961929194556,1965.692698921637,1993.0773654674615,1059580
2020-01-24,1979.9102783203125,2003.009850487376,1967.537421021838,1984.5641871652965,770750
2020-01-27,1995.461181640625,2001.6665469142026,1965.1724404016668,1972.266925746077,971080
2020-01-28,1994.6524658203125,2007.9285298361424,1974.631790856228,2007.9285298361424,972770
2020-01-29,1910.0482177734375,2008.7799184510377,1901.3220241149966,2008.7799184510377,2869250
2020-01-30,1924.052978515625,1946.726927701234,1910.7815325347387,1910.7815325347387,1385590
2020-01-31,1919.2286376953125,1952.5631353756903,1911.8219209652775,1934.4297044190193,1021230
2020-02-03,1880.8380126953125,1927.3921114391007,1845.668346581302,1849.0405367237074,1486370
2020-02-04,1845.762939453125,1905.1012006696303,1839.8366650791131,1891.8628946828926,1500920
2020-02-05,1843.3411865234375,1872.9441509225471,1830.9542426926698,1864.6199085081687,1283330
2020-02-06,1928.8675537109375,1952.5535964889498,1821.958372733054,1856.390297394033,3945750
2020-02-07,1866.9185791015625,1940.7627733135323,1860.334933559139,1939.1593549397057,2224150
2020-02-10,1802.68505859375,1878.14675763349,1777.405065521696,1878.14675763349,2437470
2020-02-11,1798.1446533203125,1832.1697773196968,1792.0669980204693,1820.917905088099,1295530
2020-02-12,1823.5523681640625,1831.3231621636082,1790.2507798396348,1797.2696322886652,1528370
2020-02-13,1830.878662109375,1843.620330575531,1813.4261581945957,1822.9044094622082,919630
2020-02-14,1769.2276611328125,1830.3774203515115,1750.4462100054118,1822.809968484425,2318720
2020-02-17,1753.3690185546875,1792.4218302311901,1745.2529684010647,1787.8104144795564,1292680
2020-02-18,1774.600341796875,1777.5894017063008,1734.8002112042375,1749.9729869169225,1806500
2020-02-19,1785.46435546875,1800.9539812837183,1769.894362439689,1788.2832124090157,1322670
2020-02-20,1782.953125,1800.1076015811084,1754.1825821630098,1784.9632293895743,1249820
2020-02-24,1697.9420166015625,1768.8916011922527,1683.767249365002,1768.8916011922527,1928210
2020-02-25,1658.435302734375,1724.4329554964818,1638.4477674794528,1715.4466071271913,2568310
2020-02-26,1622.9296875,1664.839228079627,1611.4319793383809,1648.7583946265852,2151130
2020-02-27,1613.1346435546875,1631.5425473718317,1599.2010923160672,1623.9561589641564,2554810
2020-02-28,1570.4681396484375,1593.705000622195,1543.4806936366965,1579.421346510606,3264550
2020-03-02,1609.3509521484375,1682.140445211628,1574.313730384159,1576.489303398323,3483700
2020-03-03,1692.124755859375,1706.5549450796384,1645.9207608348668,1655.3800755523087,2747400
2020-03-04,1632.12890625,1729.162502252445,1595.786182330347,1698.3251634354053,4186090
2020-03-05,1681.4261474609375,1692.08207818365,1623.3885468210601,1650.6502380547367,2313750
2020-03-06,1678.418212890625,1690.5214476034866,1591.24587066828,1641.1910984102662,1707910
2020-03-09,1691.8740234375,1702.5820320651992,1612.354351887138,1617.4482019594127,1932250
2020-03-11,1679.3687744140625,1727.9281264021222,1656.9880049189856,1691.8739599430135,2219090
2020-03-12,1596.519287109375,1634.711264881661,1579.7053344821625,1608.0643375205789,3635550
2020-03-13,1671.6640625,1752.683106891566,1438.0048128489366,1504.030868220508,2794020
2020-03-16,1560.1907958984375,1641.8294523781549,1547.5436982885644,1596.2496945673827,1924950
2020-03-17,1613.863037109375,1651.5962552158262,1570.2508875738731,1580.6513988921224,1675350
2020-03-18,1509.153076171875,1650.6501778166805,1497.2342489874643,1618.4979810118907,1589120
2020-03-19,1434.5303955078125,1532.1157586386948,1416.0916485228502,1444.4028465075437,1611810
2020-03-20,1494.785400390625,1525.346729598039,1379.1568653380714,1467.713552451422,2113350
2020-03-23,1306.7222900390625,1643.6638850475063,1270.5693862630994,1368.2262188533432,1443300
2020-03-24,1354.64013671875,1387.6755131596842,1323.3209290729244,1334.7617440216818,1126980
2020-03-25,1384.014404296875,1411.0337614390985,1306.6363311164087,1306.6363311164087,761180
2020-03-26,1407.02490234375,1445.928376909776,1382.4318741065235,1394.8260909088579,2048910
2020-03-27,1365.2515869140625,1467.8566310637216,1334.7618316940561,1453.2696608751196,1106270
2020-03-30,1271.1795654296875,1344.1052228333417,1248.9557248741037,1344.1052228333417,2263090
2020-03-31,1248.564697265625,1303.8858274912936,1234.6546057614162,1302.2507769517013,1672550
2020-04-01,1239.57421875,1269.835165528549,1213.203107227166,1248.5647274866176,1387180
2020-04-03,1208.917724609375,1248.946267685717,1201.285741887579,1245.1422054803002,1806810
2020-04-07,1248.5791015625,1259.6337617990314,1186.994171993054,1246.1717399829763,2405590
2020-04-08,1254.532958984375,1301.3926517353448,1220.3535488800303,1239.4215730812807,2799990
2020-04-09,1310.1927490234375,1339.161859026662,1254.9240994117995,1277.5578386759914,3618730
2020-04-13,1277.6099853515625,1309.0197339504857,1268.500186468406,1309.0197339504857,1266210
2020-04-15,1269.4442138671875,1322.5533883003363,1251.1198698775763,1296.6256926614058,2755930
2020-04-16,1274.826171875,1290.3189419705193,1243.4258462826663,1269.4537465959334,2501460
2020-04-17,1408.2071533203125,1427.9997740628453,1298.437282871977,1311.88021822712,5656840
2020-04-20,1355.207275390625,1411.0671337568906,1340.5106754893109,1408.2069302458183,2999770
2020-04-21,1286.614990234375,1333.331651606353,1282.324684598173,1330.485762833511,1656250
2020-04-22,1306.4742431640625,1329.5132207334543,1258.4896019800203,1286.6149377818465,2765770
2020-04-23,1341.2783203125,1358.5968926814471,1307.1132209587818,1315.6938329125594,2072670
2020-04-24,1295.5960693359375,1343.4376789161374,1287.5779322316014,1341.2449258689962,1799440
2020-04-27,1334.714111328125,1353.8298540597243,1317.1143604675872,1325.4184485977853,1836150
2020-04-28,1365.923828125,1371.4678009460356,1344.3435799027868,1345.249264605392,1846940
2020-04-29,1364.8653564453125,1377.6648148593447,1346.7317623178617,1373.8416665123939,1477410
2020-04-30,1402.2579345703125,1420.5679650001955,1373.0885327715512,1390.0782094463443,3472310
2020-05-04,1310.8123779296875,1371.9444643473414,1297.9939487186195,1371.9444643473414,1924440
2020-05-05,1316.7376708984375,1350.2926930523747,1302.9181244406202,1334.7617494539918,1524890
2020-05-06,1321.4091796875,1351.4842598932962,1296.6255222466023,1318.077047430829,1871230
2020-05-07,1335.7628173828125,1344.7724123020175,1307.389587944563,1321.4093108984496,1270450
2020-05-08,1321.3045654296875,1366.3002884207983,1293.8608765163463,1356.766275453495,1643300
2020-05-11,1362.3104248046875,1387.1989481362107,1334.761874495323,1340.4775108668998,1958240
2020-05-12,1350.688232421875,1360.4510515964494,1314.6449645019916,1357.6433362138275,1479050
2020-05-13,1360.6610107421875,1427.2417536370522,1352.3711212209928,1427.2417536370522,2529370
2020-05-14,1337.7982177734375,1360.517724758161,1332.8547770609764,1346.2023928541478,1481780
2020-05-15,1344.2574462890625,1353.7343142251352,1301.3925678886048,1342.3888172799675,2350250
2020-05-18,1238.296630859375,1339.5479192065834,1225.6403216502197,1339.5479192065834,2752580
2020-05-19,1236.1990966796875,1272.4378866983504,1227.5088537893946,1268.0236343535546,2506930
2020-05-20,1303.7857666015625,1315.6937390304895,1226.836788135719,1236.1991373024837,2665330
2020-05-21,1343.113525390625,1353.7344290531696,1273.372202175802,1284.8987904535836,3221910
2020-05-22,1327.36328125,1344.1002905729022,1306.1596478106974,1325.3229887102095,1836960
2020-05-26,1411.5201416015625,1418.1844072534916,1340.9589033963268,1344.7725085250756,3191320
2020-05-27,1426.9508056640625,1441.5426627273227,1382.9084869616281,1418.6610331602224,3017880
2020-05-28,1547.989990234375,1566.438281471965,1434.6782729429442,1441.5427155116317,8154230
2020-05-29,1577.7313232421875,1620.4913476440597,1506.4693487734462,1516.1941117201081,8504020
2020-06-01,1619.4234619140625,1657.0113522896534,1601.8380272803745,1611.2480928478217,4643120
2020-06-02,1658.5606689453125,1668.4522070298465,1620.782143971851,1639.8501691950491,3968190
2020-06-03,1672.5374755859375,1706.588167240886,1658.9228783647643,1706.588167240886,2850790
2020-06-04,1646.8052978515625,1687.5202574190632,1626.006788510556,1666.068728723058,3037820
2020-06-05,1668.0087890625,1679.8929023482872,1650.3470086828108,1663.6850820645636,1950650
2020-06-08,1610.7572021484375,1703.2943893838124,1600.7608033547922,1701.8213424587873,2735380
2020-06-09,1623.3421630859375,1653.9701801263916,1587.6801592041206,1616.015218165587,3252740
2020-06-10,1629.3675537109375,1646.4858317383441,1613.8318380079827,1623.342108849645,1626270
2020-06-11,1567.65869140625,1644.6172151298053,1552.7808829884698,1629.367566245374,2190020
2020-06-12,1607.1768798828125,1619.8046732857542,1486.457232584002,1487.3057735616785,3796470
2020-06-15,1571.3912353515625,1654.2466048893416,1551.7655064473017,1582.641417465629,5365180
2020-06-16,1593.0428466796875,1620.7820264297613,1561.8713295327655,1620.7820264297613,3577860
2020-06-17,1601.4136962890625,1616.9683804772972,1577.8789326001927,1601.713961793549,2521910
2020-06-18,1631.846435546875,1637.9434555639966,1583.6091240523258,1600.6177708875216,2089520
2020-06-19,1654.0892333984375,1673.2191733834823,1609.3412904110073,1639.8501300396522,3119310
2020-06-22,1676.9327392578125,1696.5536954248212,1641.4947722845718,1654.0892821547616,2342470
2020-06-23,1705.7445068359375,1716.122288988519,1678.9396393937677,1678.9396393937677,2064180
2020-06-24,1757.7716064453125,1762.8388781305064,1701.8259709383212,1725.6562300790786,3383890
2020-06-25,1724.76953125,1751.870008068827,1708.495023279845,1751.870008068827,2768290
2020-06-26,1761.2562255859375,1768.6641718901044,1725.3701887127686,1743.7708793174095,2248860
2020-06-29,1726.943359375,1760.932137774109,1718.0290808169705,1752.1084044046445,1948400
2020-06-30,1747.99462890625,1766.6526414832917,1735.2857148583764,1739.9574045909376,2009460
2020-07-01,1754.444091796875,1778.050315112364,1744.8195344951193,1767.6058467342718,2334860
2020-07-02,1749.83447265625,1768.4591983258508,1713.2620153320836,1754.4441303745768,2765680
2020-07-03,1809.8892822265625,1835.2021325621722,1749.8345453872382,1749.8345453872382,2507160
2020-07-06,1835.387939453125,1875.3402465051884,1818.3078353106496,1875.3402465051884,2833920
2020-07-07,1900.1905517578125,1912.0938684374933,1835.2973534083148,1835.3878985927806,2872780
2020-07-08,1848.80712890625,1916.3364970000343,1841.1465173375047,1900.190591098523,3568650
2020-07-09,1857.535400390625,1873.433412415187,1839.9356509696622,1865.8062025936492,2742010
2020-07-10,1854.1605224609375,1882.490808627264,1844.8314584420136,1859.1324774997036,2044230
2020-07-13,1873.9100341796875,1880.9652262441425,1854.3653098343893,1869.6197288355977,1331720
2020-07-14,1797.1756591796875,1874.3486716352097,1782.3406799658414,1873.9101443053876,2475010
2020-07-15,1769.755859375,1830.4351011489916,1760.4554254345248,1812.4157940704206,2823590
2020-07-16,1777.096923828125,1815.1806006213676,1747.10773043997,1773.326263911784,2654550
2020-07-17,1793.4239501953125,1823.1892251518518,1778.2315620599811,1783.8137076603232,1672170
2020-07-20,1829.3529052734375,1838.1575515714803,1789.2480224483456,1806.6953113215536,1604480
2020-07-21,1917.924072265625,1934.1651796911065,1839.3065215647343,1839.3065215647343,3687060
2020-07-22,1896.3675537109375,1935.404516255615,1882.2046805367788,1929.684108818406,3357870
2020-07-23,1990.9354248046875,2006.4661350196093,1883.9351090680843,1895.3616086230447,4460610
2020-07-24,1983.10791015625,1989.8438669727252,1925.8705491886392,1925.8705491886392,3947910
2020-07-27,1958.06689453125,1987.8415968061784,1944.9385407600018,1983.1078758273854,1922910
2020-07-28,2007.2196044921875,2018.1790644852122,1959.2397292092421,1960.1645005658024,2622890
2020-07-29,2040.3692626953125,2054.5797365542953,1992.632395939368,2002.047233479263,2264820
2020-07-30,2021.33935546875,2071.2642022930945,2005.1361896025844,2045.0456680868529,2464430
2020-07-31,1967.6964111328125,2048.5351101279894,1960.8603656769105,2044.221062442345,2190550
2020-08-03,1981.3729248046875,2030.17259241826,1969.0787966786238,1975.9241526947435,2018580
2020-08-04,2003.6346435546875,2028.3565055752872,1983.0746014467918,2006.4329320888335,1557610
2020-08-05,2093.5498046875,2123.062412537528,2017.3968858513122,2022.2448935828756,2380920
2020-08-06,2067.09765625,2107.012021409093,2055.413836133801,2093.626231162014,2035230
2020-08-07,2079.115478515625,2111.1019027216453,2055.5329973015882,2068.880614167183,1952900
2020-08-10,2035.807373046875,2097.387413660177,2025.0243485478886,2087.758200248733,1681940
2020-08-11,2044.344970703125,2066.020652041368,2025.9777967641471,2057.4400401962494,1619100
2020-08-12,2108.6044921875,2129.8940194050715,2049.8129590748626,2068.876331320983,2986670
2020-08-13,2066.301513671875,2126.079953225296,2055.070419960746,2108.6040352996247,2203610
2020-08-14,1920.5458984375,2073.6620060806613,1913.1570384338447,2068.690167318121,5919120
2020-08-17,2014.98486328125,2034.5677617259219,1920.5457699153687,1951.802945347305,6533930
2020-08-18,2040.7266845703125,2065.9822736162723,2008.945092095124,2013.1734823756592,3396910
2020-08-19,2027.0599365234375,2076.603520198595,2017.8739054415903,2054.5798564737192,2854830
2020-08-20,2037.5472412109375,2052.6729431138015,1992.6086628461892,2021.2107010688617,2243200
2020-08-21,2069.109375,2082.6094519622347,2047.9057419912451,2068.8805680265373,2613150
2020-08-24,2075.030029296875,2276.00705211336,2051.433349208989,2096.9582572573345,11491305
2020-08-25,2113.9287109375,2145.152598763953,2080.464237291201,2110.8301571837296,4757108
2020-08-26,2144.056640625,2181.382209006556,2130.8519393049182,2173.802715104109,2439339
2020-08-27,2132.138916015625,2149.9197557010903,2111.7837068194744,2144.9143992853783,1370404
2020-08-28,2110.448974609375,2150.8730920999956,2097.482625274818,2135.6186730070876,1470617
2020-08-31,1994.515380859375,2125.131349873588,1976.1624071110275,2121.317744938867,3087530
2020-09-01,2031.7933349609375,2072.694152218826,2007.8628723886143,2011.676477084509,2255675
2020-09-02,2068.738037109375,2085.7083951308455,2003.4775277112885,2031.7937343556612,1972531
2020-09-03,2127.18115234375,2154.6868721132664,2061.7302482057253,2073.647764091307,2577059
2020-09-04,2079.22509765625,2122.2710686795417,2064.113595548611,2066.0203979463463,1516060
2020-09-07,2090.713623046875,2111.7838849367154,2055.5332080919,2102.2498719121704,1354383
2020-09-08,2060.77685546875,2113.690626219856,2049.8127408086107,2101.2009764144523,1180325
2020-09-09,2075.5068359375,2088.7115365547443,2026.597304522051,2040.1832725394545,1357699
2020-09-10,2074.2197265625,2095.575820159174,2052.291499145002,2094.574702354713,948267
2020-09-11,2059.632568359375,2077.1750565625193,2040.3739115188905,2064.113507249574,1143868
2020-09-14,2058.774658203125,2095.5760412043005,2048.1920435133065,2064.113798547457,1180377
2020-09-15,2040.85107421875,2069.1670484727597,2021.2109128094328,2058.7748338381184,1264201
2020-09-16,2062.922119140625,2085.8991842029136,2045.0458442780546,2054.5798575380923,1031516
2020-09-17,2045.474609375,2061.205729570208,2025.977600897976,2045.9990266009677,768952
2020-09-18,2052.625244140625,2101.1057924503625,2035.7023713800834,2059.3467697335245,1310088
2020-09-21,2004.9549560546875,2060.204507638372,1990.7970882527231,2052.720448066871,1944477
2020-09-22,1968.1539306640625,2023.2603357822998,1938.8844429488313,2005.9561964894651,1519039
2020-09-23,1980.0238037109375,2027.7415838181278,1954.4726031270172,1987.793930954362,1353975
2020-09-24,1939.647216796875,1982.121291014264,1928.7308185290312,1956.8084400956998,1346209
2020-09-25,2018.8271484375,2035.5116703254132,1954.472564012692,1967.7247482923578,1532674
2020-09-28,2079.320556640625,2106.063510146621,2028.8380034368533,2035.5118126586851,1138014
2020-09-29,2096.052490234375,2115.1205137980264,2078.4145684379973,2087.9485802198233,1337331
2020-09-30,2100.152587890625,2117.504446300756,2083.801614709457,2102.1545911125595,925934
2020-10-01,2095.2421875,2126.0848113896527,2079.225232531208,2087.9487609611388,999891
2020-10-05,2107.159912109375,2121.3180153398284,2080.5123907840866,2107.6366127869796,930504
2020-10-06,2095.1943359375,2130.851443724677,2074.6962124296338,2120.173398031507,2754316
2020-10-07,2133.7119140625,2149.919734678703,2068.8806315976876,2105.109877680965,1517302
2020-10-08,2105.87255859375,2151.6358149220578,2073.6475523764416,2148.0128439099417,1515381
2020-10-09,2114.59619140625,2130.5656618568073,2094.2886988476725,2108.1607331649807,1207901
2020-10-12,2079.70166015625,2128.94473570227,2069.9767823623934,2128.94473570227,1098858
2020-10-13,2116.121826171875,2130.851829176473,2076.8417405716195,2082.4667149345464,1587481
2020-10-14,2148.870849609375,2161.2650650826854,2087.948606657688,2098.6266534357474,1358092
2020-10-15,2143.818115234375,2195.683049436357,2122.318870781107,2147.107302950167,1900928
2020-10-16,2164.12548828125,2178.5219408207145,2139.432488053253,2139.432488053253,815976
2020-10-19,2095.718994140625,2173.7549843829515,2083.372493742652,2173.7549843829515,1263185
2020-10-20,2092.191650390625,2130.85212361574,2087.949060724148,2107.0170886759665,976226
2020-10-21,2079.70166015625,2118.934023778905,2043.234066721135,2109.2093787489976,1308299
2020-10-22,2058.822265625,2077.365873230374,2040.278658019626,2077.365873230374,1021353
2020-10-23,2080.22607421875,2096.0526279217934,2059.346680150591,2061.2534826322117,1153577
2020-10-26,2009.8653564453125,2111.4500778802717,1993.7050183373399,2086.0420265581815,1551460
2020-10-27,2019.5421142578125,2035.416151307964,1984.0279191646443,2016.4435603235092,1019769
2020-10-28,2035.5115966796875,2046.3327935896377,2002.6192547192898,2026.4065685117691,1041016
2020-10-29,2037.2755126953125,2045.0456396190452,2002.190300856746,2030.744621160171,834115
2020-10-30,1988.41357421875,2047.333580342065,1974.0648400505224,2024.2613185697037,1013498
2020-11-02,1935.07080078125,1998.4243813956487,1921.2940833847717,1982.8838950264683,1131510
2020-11-03,1997.3756103515625,2016.4436352713865,1943.031739330064,1943.031739330064,1939408
2020-11-04,1999.6636962890625,2025.9299473797728,1973.5405950447855,1995.4688238786164,1114904
2020-11-05,2021.0198974609375,2042.3759910995461,2005.0027108499994,2023.1173335348067,828400
2020-11-06,2039.3731689453125,2053.57875570865,2013.5836163217257,2028.8380376574964,996379
2020-11-09,2090.666015625,2099.341827306162,2042.1854691550154,2052.672882862161,1129889
2020-11-10,2130.708740234375,2152.2554674463067,2090.046039867206,2108.923429961243,986762
2020-11-11,2218.278564453125,2224.2850386714267,2118.1714366946594,2130.708802353268,2127849
2020-11-12,2241.2080078125,2258.1308801462965,2194.7296964732,2217.6113266710095,1905794
2020-11-13,2397.4228515625,2454.4360595117128,2209.5073740252483,2209.9840746453183,9475210
2020-11-14,2422.163818359375,2467.4026653423143,2386.1252011922247,2421.6394010701233,1043101
2020-11-17,2423.259765625,2444.520658781076,2375.065288767456,2422.1634473586673,2112263
2020-11-18,2492.333740234375,2507.445242883578,2396.5646329287456,2408.2915146478776,1880217
2020-11-19,2432.365234375,2534.140830169035,2420.209366961661,2446.5233377620207,2433481
2020-11-20,2469.9287109375,2478.8431052098977,2423.8319028509172,2445.4740634089953,1394396
2020-11-23,2476.31689453125,2485.0881397077605,2440.7072638072195,2474.6007256835887,823238
2020-11-24,2567.795654296875,2588.4844150392364,2469.4046910404445,2475.0296653561168,2418981
2020-11-25,2474.171875,2599.9254168340462,2460.967173525076,2570.3699757185877,1758420
2020-11-26,2430.410400390625,2491.2374462039684,2404.954633773253,2488.377242476983,2083338
2020-11-27,2416.538330078125,2496.0044155583464,2397.8995222770163,2446.4275516893495,2597507
2020-12-01,2414.67919921875,2464.446695852783,2407.338056450881,2440.65938220421,1227343
2020-12-02,2414.48876953125,2431.077858889562,2390.1770366100072,2410.1984637216187,1293136
2020-12-03,2430.696533203125,2459.7752718823544,2416.872214814639,2435.940240178068,1073359
2020-12-04,2434.51025390625,2476.6505454081434,2414.488826323704,2445.283735301085,1140298
2020-12-07,2441.8037109375,2453.626027028412,2421.6393660150593,2434.510283905297,723083
2020-12-08,2429.45703125,2487.423874102305,2398.137939684063,2441.803530948498,1303426
2020-12-09,2428.55126953125,2441.3267528361903,2412.2005316338114,2432.2219573518037,954150
2020-12-10,2376.49560546875,2438.8004721694465,2371.20441458043,2438.8004721694465,1106304
2020-12-11,2355.66357421875,2391.0823333281573,2337.5966692379193,2376.495249389384,1488286
2020-12-14,2288.592041015625,2350.134139788856,2280.8219137401716,2350.134139788856,2480823
2020-12-15,2359.858642578125,2372.062224692035,2297.220229258625,2298.4596973918447,2907490
2020-12-16,2354.99658203125,2389.652578712461,2332.0195182025655,2383.5031870426874,1462297
2020-12-17,2351.65966796875,2378.736170957422,2326.299101056557,2356.521874792077,1059879
2020-12-18,2365.3408203125,2373.9691483079414,2312.1886998232762,2344.4137091121397,849960
2020-12-21,2284.73046875,2380.9765029912614,2231.530869720162,2345.366876216297,1194154
2020-12-22,2332.686767578125,2349.1806555844964,2271.430737902271,2288.1629762186653,1197777
2020-12-23,2332.686767578125,2359.620352610699,2304.3707973002142,2332.019433262856,954704
2020-12-24,2323.200439453125,2358.714635152162,2314.381478105042,2344.4136167498655,599386
2020-12-28,2337.120361328125,2347.27399203046,2312.52256132513,2327.3479980388024,711668
2020-12-29,2345.891357421875,2386.3631916056625,2322.3423944530296,2340.5999342356777,1955329
2020-12-30,2400.044921875,2407.3383489156213,2339.9806383178975,2363.4818879056734,2429452
2020-12-31,2412.963134765625,2428.646771566906,2369.297543649966,2412.105166744706,1763710
2021-01-01,2424.213134765625,2435.9400158369276,2398.5667361193446,2413.0583875081265,914818
2021-01-04,2531.94775390625,2545.5814388770027,2459.7753229598,2470.2627371274584,3287511
2021-01-05,2550.2529296875,2559.8823754904674,2494.0976887460197,2507.4453063463425,1494362
2021-01-06,2522.080078125,2547.488128214362,2488.3772509878313,2543.6745232320054,949386
2021-01-07,2526.32275390625,2589.1040884267504,2517.6944257844484,2536.0474003925524,1250528
2021-01-08,2632.19775390625,2642.1607497336545,2537.0005525075867,2537.0005525075867,2585123
2021-01-11,2647.73828125,2677.7704216789293,2599.639233052337,2638.0613513284948,1616318
2021-01-12,2747.36865234375,2811.5803204171602,2647.785937123887,2647.785937123887,4829997
2021-01-13,2734.974365234375,2774.778866876504,2704.465525652384,2735.784849391361,1878124
2021-01-14,2752.088134765625,2771.489710498281,2708.612944764137,2745.7955934251017,1159961
2021-01-15,2724.1533203125,2766.7703077908054,2707.659432848342,2745.7954811983186,882692
2021-01-18,2739.12158203125,2776.9715622124086,2683.824313754949,2720.196475558691,2069601
2021-01-19,2749.132568359375,2792.5123262440125,2719.243345370631,2753.422874084229,1447495
2021-01-20,2747.273681640625,2825.8815756798645,2732.114460655198,2752.6603061134974,1760329
2021-01-21,2790.22412109375,2817.300622806334,2760.1442658609085,2761.0499504728064,1451173
2021-01-22,2834.08056640625,2895.4795120144354,2764.863544564327,2764.863544564327,3091826
2021-01-25,2735.83251953125,2888.757982232581,2718.3852306388885,2888.757982232581,2024082
2021-01-27,2659.89404296875,2795.753720516545,2640.444750656972,2764.815896638281,2574644
2021-01-28,2668.0458984375,2698.1257568734645,2610.7466183121182,2650.455690497608,1430646
2021-01-29,2616.419189453125,2736.690668288236,2599.8775840750677,2681.3456772157565,2067268
2021-02-01,2710.376708984375,2734.402372799749,2572.800868537669,2647.595146523874,1847361
2021-02-02,2769.48779296875,2783.931729211635,2694.264292545018,2783.931729211635,2125895
2021-02-03,2780.97607421875,2810.626946851851,2737.6917496218075,2769.4877751146155,1349528
2021-02-04,2825.357177734375,2839.229213898398,2746.749283156912,2765.7218768735343,1259327
2021-02-05,2795.515380859375,2850.6697362533455,2769.821263735907,2834.6525487075546,915838
2021-02-08,2831.983154296875,2846.8563078184015,2793.5612677669155,2797.2794397653015,654484
2021-02-09,2810.293212890625,2877.365086593249,2799.2338976104875,2853.816121337281,1127584
2021-02-10,2766.103271484375,2859.1550998242296,2742.697222735296,2829.6950924057905,2160932
2021-02-11,2686.82763671875,2708.4223146666245,2575.422840433352,2621.853434706079,4481414
2021-02-12,2651.6474609375,2712.379079377678,2636.202405875131,2707.6597893258427,1907486
2021-02-15,2640.96923828125,2678.104171247893,2629.4807064085758,2665.7099547202242,930514
2021-02-16,2599.877685546875,2648.691786625497,2566.9853399749213,2640.9693755843914,1525475
2021-02-17,2569.893310546875,2617.086676850741,2559.8825964824186,2593.25164336394,1491311
2021-02-18,2526.703857421875,2586.434583294132,2502.678193318808,2575.232119000229,1924724
2021-02-19,2464.20849609375,2524.5111263403437,2450.241260612582,2522.6997570353665,1588781
2021-02-22,2366.675537109375,2469.309082107606,2335.832915507195,2465.59091057218,2189183
2021-02-23,2397.51806640625,2430.982543241455,2342.3639439917515,2360.8121184407178,1821712
2021-02-24,2417.634765625,2443.42431416963,2383.5029567318084,2412.1527088245166,807585
2021-02-25,2433.0322265625,2439.706035184067,2399.710900069044,2435.9401468718343,1351820
2021-02-26,2382.168701171875,2428.265516688374,2348.847137848725,2411.8193434356954,1695786
2021-03-01,2437.03662109375,2449.192487574998,2380.7859448275835,2405.4314613481006,1283153
2021-03-02,2481.0361328125,2489.330677179452,2412.1051755128356,2463.58884329058,1491743
2021-03-03,2477.9375,2504.442100603633,2451.289982318228,2484.3729582677397,1289447
2021-03-04,2472.3603515625,2510.305772110746,2426.7402363042675,2450.241486640569,1353079
2021-03-05,2467.163818359375,2511.449255088506,2440.7069365278717,2464.3513315282758,1153319
2021-03-08,2462.87353515625,2520.3159547800433,2455.0079756227015,2479.4626221577887,950809
2021-03-09,2471.88330078125,2496.2904651607037,2453.101343267827,2478.843176251982,677915
2021-03-10,2547.7744140625,2561.7893670241237,2477.7946169647385,2478.8434515306,1977416
2021-03-12,2514.595458984375,2573.2296279805983,2488.4723613501724,2573.2296279805983,1109504
2021-03-15,2545.05712890625,2558.4524641197095,2464.876216866318,2517.5516402472063,839684
2021-03-16,2537.04833984375,2558.595067560419,2503.631580835404,2528.8489963211086,654829
2021-03-17,2523.6533203125,2544.5327163322672,2507.493214323064,2542.7690635303034,634977
2021-03-18,2540.432861328125,2572.2286508224265,2512.2120934723403,2541.3862625021184,1066000
2021-03-19,2537.477294921875,2552.255013528408,2478.8431210959516,2520.7927739144984,906718
2021-03-22,2552.1123046875,2566.556240946819,2526.5611038786205,2543.67461026973,694227
2021-03-23,2576.80517578125,2589.437742085607,2541.7676805597307,2554.161896556459,1134037
2021-03-24,2536.666748046875,2580.380285110454,2506.5394105171886,2574.183177461011,1149589
2021-03-25,2460.2041015625,2527.466603365166,2429.266278903977,2512.736601248781,1119611
2021-03-26,2441.2314453125,2498.8167836513658,2432.174134075376,2497.9110990804456,676278
2021-03-30,2516.931396484375,2530.0406626984172,2441.9942034573887,2454.054635268724,980304
2021-03-31,2482.609130859375,2525.273836667549,2459.8706507741863,2512.2122861349367,829495
2021-04-01,2508.54150390625,2525.5598086328628,2468.2128188810443,2489.13992891545,744423
2021-04-05,2399.901611328125,2481.703486200555,2390.176965003762,2475.029677363289,1205767
2021-04-06,2370.7275390625,2434.0332862253676,2362.5759121739343,2416.6814307768677,916830
2021-04-07,2419.9228515625,2428.5034622641933,2373.96896080178,2383.5029726925504,684434
2021-04-08,2434.033203125,2474.0760525301116,2429.2661972434394,2439.276909594717,760845
2021-04-09,2404.096923828125,2455.008462527959,2397.804381847696,2431.173428911183,719036
2021-04-12,2314.095458984375,2393.0371287484745,2283.5389024808273,2373.9691038182077,1050225
2021-04-13,2377.639892578125,2388.2225072049328,2307.4217481355035,2314.0955571441878,720904
2021-04-15,2300.17578125,2373.8735062937285,2267.1880072981103,2359.6679218094296,1979939
2021-04-16,2321.38916015625,2354.805688239632,2302.464051965147,2302.464051965147,789681
2021-04-19,2259.89453125,2274.815166288768,2210.079320672218,2264.3277535355505,882318
2021-04-20,2230.958984375,2292.405650020053,2210.842124359017,2288.020143811723,1040931
2021-04-22,2228.909423828125,2238.681787598215,2196.350628291814,2218.3742924304956,834721
2021-04-23,2209.31689453125,2247.309796944206,2196.7320438358215,2202.35701843966,962271
2021-04-26,2259.418212890625,2265.424454999638,2220.948376496074,2220.948376496074,1330072
2021-04-27,2288.258544921875,2294.8369207623787,2256.414801959176,2259.418155701658,523800
2021-04-28,2403.71533203125,2421.6393231808197,2297.840070187416,2314.8583766468623,1681975
2021-04-29,2348.132080078125,2428.5515766544495,2338.598066625757,2408.2917980681673,1170842
2021-04-30,2308.80419921875,2355.1395961902913,2301.510772271374,2328.2060090665686,646257
2021-05-03,2284.587646484375,2303.6556706595184,2257.177361732606,2271.478379863964,461085
2021-05-04,2257.65380859375,2304.227545512588,2246.3084285902614,2286.6371089768772,623484
2021-05-05,2261.84912109375,2275.95950669989,2246.7378503470413,2266.2348601213293,382620
2021-05-06,2329.397705078125,2333.878644594648,2266.2348695265337,2273.6714461518204,628779
2021-05-07,2304.513916015625,2342.554768482055,2291.1188136315113,2335.833242598513,464237
2021-05-10,2333.2109375,2335.8327906323425,2304.894970223492,2314.0474814998443,350564
2021-05-11,2356.045166015625,2362.432907955953,2298.1737556232515,2298.1737556232515,500446
2021-05-12,2341.982421875,2369.20207374181,2324.5351326866016,2349.1806477665273,334233
2021-05-14,2302.654541015625,2343.0788917177692,2288.16288926971,2340.7905891701203,429170
2021-05-17,2368.582275390625,2373.921182251782,2297.7445223376308,2304.370613876043,577279
2021-05-18,2452.005126953125,2463.4934259404804,2376.4480769959277,2383.5031532238786,1022419
2021-05-19,2445.188232421875,2493.144363675583,2421.9730507588515,2431.173280066056,1086010
2021-05-20,2412.67724609375,2461.681976217273,2403.715134872066,2445.474155304921,509274
2021-05-21,2404.76416015625,2440.2306421789776,2396.4218987305553,2431.1733297739374,743110
2021-05-24,2432.317138671875,2458.821739061783,2408.863608388062,2422.5924928096124,850202
2021-05-25,2502.725830078125,2511.258724140769,2445.474042301091,2445.474042301091,1018896
2021-05-26,2510.782470703125,2532.376918308147,2485.5650513929686,2516.979579516328,1026040
2021-05-27,2482.704833984375,2552.2554159690962,2468.499014199736,2525.5601781479777,1507004
2021-05-28,2515.501708984375,2583.717621143377,2503.7273421405152,2507.4455142461557,2284342
2021-05-31,2551.444580078125,2560.8356751943847,2493.525456002154,2515.5014006611395,838679
2021-06-01,2541.5771484375,2577.9970303459518,2488.37731109576,2488.37731109576,1126551
2021-06-02,2552.97021484375,2568.4629852633975,2515.1679481254014,2522.270740934229,659428
2021-06-03,2638.776123046875,2645.2115810291953,2553.2560835235026,2555.3058029604354,1265747
2021-06-04,2616.705322265625,2645.688628914625,2597.160595457427,2638.4904024885636,621362
2021-06-07,2626.095947265625,2667.5211837752972,2617.181785505502,2622.091708689251,602326
2021-06-08,2635.010498046875,2649.5021509161456,2617.0865074720473,2636.1545330273993,441932
2021-06-09,2601.879638671875,2645.1639608324813,2591.4399418950475,2637.2984007896157,471760
2021-06-10,2578.998046875,2626.6203918181463,2565.602713024549,2601.879676422599,571287
2021-06-11,2618.4208984375,2624.2844553322543,2584.5276728188696,2594.585869021327,596669
2021-06-14,2617.038818359375,2642.685452659249,2584.670891191788,2612.319528537624,525550
2021-06-15,2634.724365234375,2657.177011317212,2612.939053476493,2617.086442036678,646742
2021-06-16,2613.320556640625,2648.2149029161737,2597.351085618947,2622.806852575334,312868
2021-06-17,2549.15673828125,2643.6863845307116,2540.5284099214596,2593.251548620851,701970
2021-06-18,2581.381591796875,2588.4843845312835,2520.983529718888,2549.299500190247,649498
2021-06-21,2572.705810546875,2614.2264856370543,2537.954378105703,2537.954378105703,528922
2021-06-22,2591.535400390625,2630.768004047888,2572.2767404360816,2574.1835430605706,477522
2021-06-23,2601.45068359375,2634.2475927284286,2582.382659035455,2594.2047411560093,432919
2021-06-24,2580.61865234375,2607.552235766198,2568.4627872592823,2601.450561299971,402741
2021-06-25,2594.014404296875,2598.0186433595286,2557.9757872049963,2575.1370112712243,455803
2021-06-28,2612.74853515625,2624.666051356641,2586.1964487201703,2596.5884297413163,243077
2021-06-29,2579.0458984375,2620.9001215694097,2574.18345879862,2612.319510040081,290136
2021-06-30,2546.677734375,2598.018486376511,2540.9573266985744,2581.3816806037044,391735
2021-07-01,2550.634521484375,2582.764098452377,2543.5792122694866,2555.115461001244,463026
2021-07-02,2537.000732421875,2565.6982032222795,2518.8861086278066,2549.394948702027,621222
2021-07-05,2575.1845703125,2593.2514779905564,2546.677732421787,2550.9680381758153,489159
2021-07-06,2584.81396484375,2603.8819917544656,2567.938807580567,2577.9972383287695,331769
2021-07-07,2584.52783203125,2611.2705504724368,2571.1324981213884,2589.9621725201123,517132
2021-07-08,2602.1181640625,2609.459307377004,2579.045899603779,2579.045899603779,509968
2021-07-09,2585.76708984375,2636.154438675931,2560.8834570430245,2612.3194075848282,971880
2021-07-12,2583.24072265625,2616.0853496208956,2578.950416971824,2593.2514359199117,273843
2021-07-13,2580.571044921875,2616.943441254347,2574.1833032776467,2598.018333863551,488409
2021-07-14,2574.183349609375,2587.53096697772,2562.361267331574,2583.1929447802127,830881
2021-07-15,2543.197998046875,2585.0047386555107,2528.4202777208293,2583.7175537795806,730937
2021-07-16,2495.28955078125,2546.8209375651018,2486.279955054983,2543.1979660746906,1037591
2021-07-19,2459.53662109375,2495.289164282437,2451.19436101639,2487.423604780926,561172
2021-07-20,2435.79736328125,2479.7967394277084,2419.3986749869564,2459.7753124657775,890122
2021-07-22,2440.802490234375,2464.4943702504825,2411.151619990902,2464.4943702504825,1321161
2021-07-23,2430.83935546875,2457.868373472691,2423.5459291573234,2446.3798420865583,379798
2021-07-26,2443.758056640625,2464.5422506066607,2421.6391940196977,2426.215566608436,309303
2021-07-27,2451.528564453125,2476.9366163925088,2424.165760501182,2446.5232075493295,492846
2021-07-28,2431.554443359375,2456.4383089719195,2405.4313423388908,2456.4383089719195,383896
2021-07-29,2410.34130859375,2440.6595152929135,2400.6643788853285,2431.173219284189,341346
2021-07-30,2412.34326171875,2444.2344836589905,2392.0834872650307,2410.341026196566,606230
2021-08-02,2481.32177734375,2493.1438577894514,2417.157837242499,2439.562762924355,691444
2021-08-03,2525.845947265625,2531.1848545418993,2466.5444367941727,2488.186598351513,678468
2021-08-04,2518.69580078125,2554.8296198133025,2512.689325561767,2534.140856514201,548192
2021-08-05,2604.835205078125,2628.5273199101484,2518.8861730876356,2526.5133833013756,2173169
2021-08-06,2619.3271484375,2630.767964010319,2607.2664823627606,2607.2664823627606,799082
2021-08-09,2618.03173828125,2656.165399547897,2606.5196895969793,2634.3404739173,516622
2021-08-10,2623.16455078125,2642.015438712031,2598.9412792389558,2618.0800152584343,733892
2021-08-11,2607.71923828125,2638.178204827899,2588.2926533184263,2624.3158243760927,361517
2021-08-12,2510.154541015625,2628.4886791585322,2495.2367962943213,2622.828681687303,2248827
2021-08-13,2443.24072265625,2522.0021886479703,2420.6482783283595,2470.2939925475184,4134045
2021-08-16,2394.3623046875,2452.5940370815206,2381.0753882274503,2450.1476799085044,1022752
2021-08-17,2413.35693359375,2436.7168919717606,2370.714434826889,2392.5873734557363,1298630
2021-08-18,2484.34814453125,2493.3180434131286,2423.286409258008,2423.286409258008,1901521
2021-08-20,2495.860107421875,2524.7842711902153,2418.7294724661087,2436.7170491081474,2187864
2021-08-23,2440.55419921875,2515.8141668921094,2431.920163136608,2513.4638372457252,1271399
2021-08-24,2444.295654296875,2470.293791378814,2415.6115598803317,2453.409359546622,1277071
2021-08-25,2474.61083984375,2478.2083551178007,2437.868170335464,2454.944423012272,721584
2021-08-26,2473.891357421875,2479.887216261967,2442.952725807001,2460.2207992664657,440543
2021-08-27,2471.34912109375,2481.422163595124,2444.0080057328787,2465.6888900174226,541875
2021-08-30,2450.099853515625,2502.143910601487,2442.2813469198218,2475.7621305118796,926194
2021-08-31,2570.304931640625,2588.1964818762344,2441.5138755343437,2450.147912815212,2381821
2021-09-01,2593.23291015625,2654.4866994541776,2553.804281856018,2571.0243420806637,1997385
2021-09-02,2622.061279296875,2636.067700862188,2577.3082773929773,2593.0893328534844,898434
2021-09-03,2688.639404296875,2740.827271254285,2602.6826695529835,2627.289583045724,2305890
2021-09-06,2729.218994140625,2770.566531562186,2688.6392077282967,2688.6392077282967,1197932
2021-09-07,2708.353271484375,2762.891696044717,2691.900728854679,2729.2188598138796,545226
2021-09-08,2686.144775390625,2708.353342973292,2649.9297877938407,2689.1188150772455,616049
2021-09-09,2703.604736328125,2717.7549636192216,2659.283393282728,2684.2261668127967,456149
2021-09-13,2690.941650390625,2700.535025258328,2664.1282144780466,2700.535025258328,287427
2021-09-14,2705.619384765625,2753.2984079136777,2695.4023006682464,2704.1803786290848,672701
2021-09-15,2726.388916015625,2735.982290152602,2687.2959164074423,2705.619354694363,412751
2021-09-16,2743.896728515625,2766.153308897758,2727.923854817616,2751.379606925222,570872
2021-09-17,2780.6875,2815.6072880814263,2747.830193667303,2748.7895310784766,1375879
2021-09-20,2698.616455078125,2742.3143261400483,2644.5576919140954,2739.963996048843,1190719
2021-09-21,2738.332763671875,2743.6091197240976,2675.4003665587675,2695.7382739537766,595121
2021-09-22,2727.25244140625,2762.4120636904845,2710.128175004556,2743.7049842523998,424342
2021-09-23,2740.875244140625,2759.7261322816485,2727.7801467714826,2735.646901621776,452680
2021-09-24,2811.81787109375,2828.174620325392,2745.14392293919,2745.14392293919,806905
2021-09-27,2762.268310546875,2872.2562527249443,2751.715598863517,2844.4354673779094,1331462
2021-09-28,2765.817626953125,2824.912667894401,2748.0218720544112,2764.8102758808914,838118
2021-09-29,2727.636474609375,2772.4855048346412,2719.72193986374,2753.2987539361316,386614
2021-09-30,2676.742919921875,2731.089519150687,2658.8513727462328,2727.395976815828,861344
2021-10-01,2659.715087890625,2680.484884378816,2640.2885043712295,2673.673494743507,411006
2021-10-04,2634.24462890625,2658.3240927569036,2597.8858329793197,2647.771380732246,874865
2021-10-05,2647.867431640625,2675.592190702295,2618.0799565006264,2618.9912802500053,452282
2021-10-06,2617.984130859375,2670.316040467431,2603.25844016004,2657.3649836877253,589264
2021-10-07,2706.242919921875,2742.6497291343544,2634.436652657296,2642.9746622365737,897524
2021-10-08,2703.364990234375,2756.1285513476796,2700.0553227890086,2724.518428396086,572893
2021-10-11,2735.79052734375,2780.783359311972,2713.2460976452917,2714.9249381547515,622401
2021-10-12,2791.288330078125,2814.120373951051,2736.0784131487267,2743.7050990113717,786357
2021-10-13,2787.5947265625,2839.398947584396,2739.1481865327637,2792.63124805074,687451
2021-10-14,2737.181396484375,2804.670875609894,2729.3148767227585,2786.8751201685814,497012
2021-10-18,2711.423583984375,2763.8512836526374,2698.472527986697,2763.8512836526374,360160
2021-10-19,2593.760498046875,2727.1083974956464,2577.9794445590737,2727.1083974956464,999095
2021-10-20,2543.395263671875,2600.7636869360545,2509.9144821546342,2595.007662545934,1159620
2021-10-21,2555.051513671875,2588.292462922178,2490.8236834574527,2568.1463762945405,816204
2021-10-22,2506.317138671875,2582.5364533518114,2495.0449234687235,2582.5364533518114,519029
2021-10-25,2457.582763671875,2517.445328112124,2429.0424739405435,2496.6757655727743,457696
2021-10-26,2484.924072265625,2506.749001382136,2467.3681483754044,2474.994835004235,677512
2021-10-27,2478.83203125,2505.309839493997,2467.559815812874,2486.602758555788,430370
2021-10-28,2424.725341796875,2484.63591714818,2416.3311393277463,2478.83187888402,1332301
2021-10-29,2383.76171875,2427.1237242134575,2371.0504976646926,2427.1237242134575,1628906
2021-11-01,2455.904052734375,2462.667429097253,2377.334403482592,2388.7504262924194,1071806
2021-11-02,2439.0673828125,2468.37518791036,2423.2863290561872,2454.9444639963513,657518
2021-11-03,2419.30517578125,2455.9038048121993,2403.3320671477904,2437.004904406878,930846
2021-11-04,2553.372802734375,2586.6137536720616,2447.2699807575073,2475.0907684650606,1389327
2021-11-08,2601.003662109375,2664.0800994662,2571.9356905228206,2613.954717688343,3081804
2021-11-09,2613.47509765625,2631.990357634539,2590.8826534382474,2591.3623221723315,726392
2021-11-10,2635.060302734375,2653.0958947454646,2599.8046492801154,2609.3980243697097,861635
2021-11-11,2594.38427734375,2631.366547968622,2577.211996786784,2618.9911887838407,533140
2021-11-12,2612.27587890625,2629.8798148162746,2587.8607876225074,2614.1945538081277,879209
2021-11-15,2575.197509765625,2657.3646665086567,2570.4008226419633,2604.6011081483766,686532
2021-11-16,2600.09228515625,2627.7690295028024,2542.292204959078,2575.245305174252,1233796
2021-11-17,2565.460205078125,2637.7463768362054,2554.6676585841797,2618.9432688147876,848875
2021-11-18,2497.443115234375,2588.9157963447983,2470.2938198089732,2566.227560384079,823299
2021-11-22,2444.439697265625,2497.155240301805,2414.5561968700717,2494.2772281155176,1013413
2021-11-23,2493.509521484375,2504.781735022326,2403.811481841956,2432.8794495526763,611137
2021-11-24,2433.791015625,2511.4973464789305,2422.326980323148,2493.509769892373,455215
2021-11-25,2417.9140625,2441.5138579160403,2395.5136731331204,2441.5138579160403,525539
2021-11-26,2334.931640625,2404.1960012226245,2323.0359483267252,2393.547260406847,554629
2021-11-29,2315.26513671875,2348.0746681184596,2269.121141346141,2334.931556385313,342547
2021-11-30,2274.0615234375,2347.4988556921808,2264.036493434224,2317.5675726216336,1101715
2021-12-01,2339.15234375,2381.5069947263437,2288.0676290675096,2312.0030494798534,1691658
2021-12-02,2351.86376953125,2363.3758189172563,2328.1201676726128,2340.7833751545704,363180
2021-12-03,2355.700927734375,2395.609221832123,2345.6278853408735,2350.3765584837365,659154
2021-12-06,2344.716552734375,2371.338164672762,2325.481791680391,2359.9699231867558,537938
2021-12-07,2371.290283203125,2387.55100564048,2341.934464445967,2355.269395120932,262328
2021-12-08,2403.66796875,2414.604321876678,2364.766788729669,2364.766788729669,404128
2021-12-09,2439.547119140625,2446.406522429059,2374.360186322422,2403.667992232606,831115
2021-12-10,2424.869140625,2448.2291005320644,2414.172622056795,2429.234172737013,325670
2021-12-13,2395.177734375,2453.601524871365,2380.1161834425384,2451.0111264184284,403776
2021-12-14,2386.3037109375,2391.004604611478,2351.335910397852,2376.2786821931777,395362
2021-12-15,2391.964111328125,2406.162118138497,2374.360175533318,2379.1568627566176,314822
2021-12-16,2370.666748046875,2407.505448242398,2332.3412621103744,2400.2624033401075,680394
2021-12-17,2359.0107421875,2389.709539971152,2316.8479089491634,2365.726104202674,670901
2021-12-20,2308.59765625,2339.200662712693,2264.42011798745,2321.5967260837397,475319
2021-12-21,2318.3828125,2338.7209543162703,2292.9603694429125,2318.7186743011484,333858
2021-12-22,2385.728515625,2393.5470224338214,2326.3933985579224,2326.3933985579224,625661
2021-12-23,2379.396484375,2402.1327329379346,2369.803110786148,2398.3433972129824,326496
2021-12-24,2338.7685546875,2402.900353587823,2333.3483920606777,2384.1452605678564,265892
2021-12-27,2339.776123046875,2348.6980085413934,2293.4400754638796,2346.5394991901353,345113
2021-12-28,2379.540283203125,2416.906660575236,2352.2951959887077,2356.756021007068,632949
2021-12-29,2458.0625,2467.128192497772,2369.563615962533,2370.522953458874,693263
2021-12-30,2453.02587890625,2486.410869270971,2436.908962777083,2458.0624005582868,797282
2021-12-31,2486.5068359375,2498.3067343308912,2444.919694780536,2453.985387543939,406763
2022-01-03,2608.24658203125,2622.444822459593,2513.560027055773,2513.560027055773,2457647
2022-01-04,2595.007568359375,2614.0982882084118,2576.3004897704627,2604.600941994715,736616
2022-01-05,2665.615234375,2676.551588038674,2581.577176850205,2581.577176850205,1040082
2022-01-06,2702.597412109375,2713.437972171228,2609.3978722331117,2636.2593209178644,1056323
2022-01-07,2709.552490234375,2718.3785817871117,2671.51485556943,2710.1281863663307,572036
2022-01-10,2701.014404296875,2735.0708814243976,2684.9455031169878,2705.379436236147,493242
2022-01-11,2680.724609375,2713.9655572445026,2668.3010024334253,2699.5754959653696,334700
2022-01-12,2701.39794921875,2713.8693347643134,2676.599219258004,2688.0632537437814,440995
2022-01-13,2717.514892578125,2722.5994274283,2680.8682522721574,2695.8817882694807,266122
2022-01-14,2705.043701171875,2729.3149849634065,2684.945628880961,2722.599622961739,324014
2022-01-17,2728.643310546875,2762.891607589981,2689.9819679452457,2689.9819679452457,680219
2022-01-18,2624.987060546875,2743.0335789474193,2614.1945143865637,2743.0335789474193,1221493
2022-01-19,2608.15087890625,2635.108357008204,2576.2529062424214,2624.987299290262,769880
2022-01-20,2622.63671875,2643.9339629002347,2601.8191433158213,2614.194502504768,521734
2022-01-21,2600.859619140625,2642.0150983379417,2559.7039057300844,2612.7553087593988,459191
2022-01-24,2548.384033203125,2618.1758361059756,2514.903248244998,2585.6063749272967,465912
2022-01-25,2582.536376953125,2598.7970996458985,2488.185446464953,2515.4787838817265,687092
2022-01-27,2536.34423828125,2580.617564900856,2465.7369130804555,2580.617564900856,985827
2022-01-28,2504.781982421875,2635.299884865525,2493.22191970277,2547.2326631300293,871638
2022-01-31,2537.92724609375,2571.983725865562,2525.839500433104,2537.351549933435,416447
2022-02-01,2515.57470703125,2575.341479206196,2491.063587439962,2550.59052524359,671852
2022-02-02,2561.191162109375,2611.8442264103533,2515.5746194306735,2515.5746194306735,1042951
2022-02-03,2562.246337890625,2599.660495751983,2532.650685999619,2566.323521760132,664625
2022-02-04,2524.400390625,2569.009580607682,2509.626688057966,2567.330740124463,380540
2022-02-07,2495.572509765625,2538.5028596299626,2457.534640251738,2524.496439508481,448637
2022-02-08,2483.868408203125,2537.447497246151,2476.7213912066486,2508.66737440404,386391
2022-02-09,2518.88427734375,2529.676823636697,2482.141840445912,2493.270014317804,677550
2022-02-10,2532.98681640625,2555.6750541892584,2509.1951999900657,2519.0284091888047,558179
2022-02-11,2492.502685546875,2518.6446329841197,2477.345340091486,2518.260991661171,731373
2022-02-14,2466.264404296875,2492.070484260073,2398.6791376251826,2460.7002010541883,675126
2022-02-15,2613.2353515625,2626.6660765705305,2387.263356459736,2436.7172514569565,2216629
2022-02-16,2596.39892578125,2627.049712013414,2571.1205232255925,2597.885945746467,804882
2022-02-17,2612.0361328125,2650.409632146813,2590.3072324997465,2618.943315850026,572432
2022-02-18,2589.49169921875,2628.29685353694,2578.6991525423728,2593.281035431361,311304
2022-02-21,2589.251708984375,2608.2946505478994,2559.9919175341997,2578.69899731382,273281
2022-02-22,2614.674072265625,2618.991090546746,2513.511990720669,2523.057350966279,575201
2022-02-23,2596.590576171875,2636.738941533791,2588.1963736110524,2622.732521289865,479284
2022-02-24,2510.72998046875,2581.8169810928257,2482.333731720213,2523.3454088002754,775965
2022-02-25,2521.5224609375,2566.227679811286,2506.26908916149,2528.0460024428467,515028
2022-02-28,2484.4921875,2508.6194308050226,2439.3553134050812,2494.277382697163,815191
2022-03-02,2406.114013671875,2474.130935626736,2394.74577280273,2470.1017657459847,630235
2022-03-03,2311.523681640625,2435.7578865679798,2303.7051747841665,2435.7578865679798,558686
2022-03-04,2244.130126953125,2303.273186982334,2206.47613209028,2302.4098769637703,862528
2022-03-07,2167.7666015625,2203.837780478387,2101.9561982920604,2139.32234213377,1513430
2022-03-08,2164.313232421875,2172.3715730615577,2071.7371714265973,2159.4685316100445,1533255
2022-03-09,2199.80859375,2214.486502291117,2128.7696149614794,2182.492507452621,1577642
2022-03-10,2209.35400390625,2296.1260237823712,2198.561458294463,2278.4262958216864,1021481
2022-03-11,2197.602294921875,2220.8662284160823,2163.4497875296156,2196.882791824116,621070
2022-03-14,2219.47509765625,2226.382280121748,2144.8866145023276,2196.882654951547,681806
2022-03-15,2211.512451171875,2259.1914711650365,2187.3852102309966,2225.662677244876,611025
2022-03-16,2262.021728515625,2277.323348544143,2227.965248305212,2243.6024959205306,758341
2022-03-17,2337.857421875,2362.848210037782,2278.7143599984533,2282.167834393822,1229513
2022-03-21,2282.024169921875,2349.369618288267,2275.54864153639,2349.369618288267,480116
2022-03-22,2283.606689453125,2307.014662911909,2234.2968399972183,2282.023876403342,661123
2022-03-23,2296.749755859375,2315.55262831277,2266.9142691271695,2295.6943910373748,439287
2022-03-24,2273.293701171875,2291.0894561969944,2254.4428155695305,2288.0196234609916,568611
2022-03-25,2241.827880859375,2292.672767232153,2230.507651767691,2288.0198867750037,446420
2022-03-28,2283.222900390625,2289.602400103487,2221.0577930667573,2254.442779797466,690955
2022-03-29,2379.63671875,2391.580424033305,2264.0845612897147,2281.784291693963,1317033
2022-03-30,2385.4404296875,2415.803364341489,2345.0522319553284,2386.9274494819906,1198770
2022-03-31,2357.23583984375,2393.5468547524433,2337.2818089462626,2382.850336241149,840572
2022-04-01,2380.30810546875,2393.3071751486646,2323.51537356852,2357.2359922618043,745769
2022-04-04,2406.9296875,2415.7077658382823,2355.701160521716,2393.5469766973874,660191
2022-04-05,2440.026611328125,2494.2771869877542,2407.9368228227936,2422.3268835169533,1240010
2022-04-06,2427.794921875,2451.5385206720766,2419.496747697873,2428.0827699151832,469837
2022-04-07,2435.181884765625,2473.0757108563953,2409.855471899109,2420.4081829623615,451071
2022-04-08,2451.299072265625,2469.1908567241367,2413.309448737264,2444.391889279855,800707
2022-04-11,2442.089599609375,2460.700653164381,2436.7172159990364,2446.2145634312114,332108
2022-04-12,2419.257080078125,2434.4146577024035,2394.554142253629,2430.960949408638,359805
2022-04-13,2390.141357421875,2451.107302131636,2378.725334905468,2427.1238647330874,383935
2022-04-18,2408.896484375,2428.179261985408,2356.2767283368617,2379.157021604938,322926
2022-04-19,2355.029541015625,2470.1978100281176,2322.6519033402483,2413.6929301110504,636517
2022-04-20,2433.647216796875,2473.6515404158686,2365.1503843993596,2379.156804433335,1193877
2022-04-21,2543.68310546875,2565.6998518640853,2438.3478125463494,2446.3103597757167,1090334
2022-04-22,2524.49658203125,2529.7729381783797,2477.0093767070825,2523.9688995738866,829575
2022-04-25,2488.6650390625,2542.244126893839,2475.0905084475867,2503.8706306388376,630796
2022-04-26,2541.57275390625,2557.1619874735256,2506.748757617933,2506.748757617933,616251
2022-04-27,2547.47265625,2564.261062096136,2499.074127381933,2518.260876920374,499338
2022-04-28,2570.976318359375,2594.0484305700743,2557.593607951116,2574.813668108739,739026
2022-04-29,2523.393310546875,2597.549906746302,2513.464074430147,2574.8616701414176,479794
2022-05-02,2448.708740234375,2519.9395429620545,2419.017294222858,2518.164675067384,497152
2022-05-04,2382.2265625,2457.8223957538094,2355.748991036211,2420.4082375046296,515077
2022-05-05,2334.595703125,2426.3562367222344,2321.548620092682,2392.6356189701983,477759
2022-05-06,2266.38671875,2319.8697817489165,2255.7382135508087,2312.0032614778233,407390
2022-05-09,2248.974853515625,2274.0614344003466,2216.069531806754,2249.598329179103,403218
2022-05-10,2317.32763671875,2342.4142174865824,2240.004944145408,2248.9748430367013,841473
2022-05-11,2292.0009765625,2334.643713614997,2257.3210214063865,2298.8123661474942,459255
2022-05-12,2287.68408203125,2303.3693438850332,2237.3188631416356,2272.670543799935,419477
2022-05-13,2333.73193359375,2382.0346633234763,2300.3471808581435,2302.4096624955064,650616
2022-05-16,2511.49755859375,2521.5225886153667,2393.211198127726,2417.434469976795,2801368
2022-05-17,2596.638671875,2604.313371601509,2494.421218049912,2503.8707857734753,1462487
2022-05-18,2586.373779296875,2657.2687235529856,2574.2860336756935,2589.2517916625616,1173271
2022-05-19,2542.723876953125,2626.66590269672,2515.38275999664,2515.38275999664,1592952
2022-05-20,2597.694091796875,2609.3979622850616,2544.3068201655537,2584.4071739286146,687007
2022-05-23,2629.83154296875,2654.966134873599,2604.6489373534178,2610.356947783582,892535
2022-05-24,2608.726318359375,2657.268651754406,2592.2257614179284,2634.2925671651324,481731
2022-05-25,2576.924072265625,2638.0340522282386,2564.3088790971483,2622.8284607001883,556605
2022-05-26,2614.29052734375,2627.529196523188,2555.6269029002747,2590.3070915647104,854405
2022-05-27,2630.599365234375,2652.568099570837,2618.703440100755,2624.93913364405,404877
2022-05-30,2646.2841796875,2682.3073455666363,2631.3186569139934,2643.2623605907693,589423
2022-05-31,2667.677490234375,2704.0362842160357,2606.7115512747114,2657.364613125674,1766731
2022-06-01,2658.995361328125,2703.4127287315478,2640.096461841455,2657.50834155094,358924
2022-06-02,2612.803466796875,2672.0905659621053,2604.649098758979,2664.463646132543,558032
2022-06-03,2576.060791015625,2654.150762832117,2553.276527432487,2629.5438518476226,808873
2022-06-06,2545.218505859375,2586.37399239429,2530.7804291259454,2573.902604448768,906875
2022-06-07,2540.229736328125,2548.767980820401,2504.446634050523,2522.481992132631,453936
2022-06-08,2541.4287109375,2566.0358570478315,2512.6485874493305,2552.892980830883,260633
2022-06-09,2605.560546875,2613.6669015865086,2514.423487982097,2532.6508997606775,531562
2022-06-10,2602.53857421875,2625.658465163562,2563.5893818698155,2563.5893818698155,666106
2022-06-13,2590.978759765625,2613.763025328392,2557.7855886709863,2575.821180464375,556912
2022-06-14,2612.0361328125,2640.240561137919,2567.378926119543,2580.0421340572157,739832
2022-06-15,2609.49365234375,2639.233110568967,2594.0002134178403,2632.421721612741,339705
2022-06-16,2544.642578125,2637.2186417589537,2524.2566573765903,2625.2269236716543,542478
2022-06-17,2498.882080078125,2558.2649708282124,2479.9351666274183,2522.5776667662362,836170
2022-06-20,2516.58203125,2553.6603309728052,2494.2294212402385,2494.277434956638,717655
2022-06-21,2592.8974609375,2600.76398165278,2525.120125535414,2534.7615143240673,1177839
2022-06-22,2554.4755859375,2602.6822888549195,2534.6653629015022,2589.2515656540463,273509
2022-06-23,2704.420166015625,2710.1281767487853,2556.7302189430593,2556.7302189430593,1338537
2022-06-24,2760.877197265625,2791.2403685655245,2716.7956875847,2722.455919157025,1078547
2022-06-27,2732.48095703125,2791.624018249973,2720.6810593318364,2790.7126944979946,532402
2022-06-28,2747.3505859375,2768.74385752413,2704.132387762279,2712.7184109401974,770778
2022-06-29,2769.223388671875,2804.095162081706,2714.9247990064546,2733.2482367415773,856258
2022-06-30,2680.724609375,2791.6718881518213,2670.843387120681,2762.8437518799774,928852
2022-07-01,2669.644287109375,2695.546398108082,2638.561613382981,2662.1614082004335,367512
2022-07-04,2682.691162109375,2691.4212266242153,2634.100813759914,2680.1970252574533,443843
2022-07-05,2691.517333984375,2728.259772185292,2676.5515755754263,2700.535012632554,616329
2022-07-06,2789.705322265625,2801.2653855108106,2692.8602524413855,2695.7382648237594,1058465
2022-07-07,2824.481201171875,2837.7201044857543,2798.7709113271253,2823.330043103981,650305
2022-07-08,2812.3935546875,2861.5595953739385,2777.281712921748,2831.96394353886,617742
2022-07-11,2922.957275390625,2928.905120477864,2789.6571551720285,2809.8992681670957,1346332
2022-07-12,2833.9306640625,2914.9466598136546,2821.8909329741205,2914.9466598136546,1069397
2022-07-13,2846.73779296875,2873.1675859788575,2822.3707159588203,2835.32177124959,768270
2022-07-14,2834.9384765625,2884.584194580129,2782.8944146792855,2856.8111852460293,901976
2022-07-15,2910.6298828125,2921.4704430618017,2825.9203374028284,2848.6565885900586,536541
2022-07-18,2913.028076171875,2952.8405791065475,2889.5243093791164,2931.5913489363484,568164
2022-07-19,2952.552734375,2963.3932940771724,2892.402324908603,2897.1990120145874,728004
2022-07-20,2921.182373046875,2984.4986412311423,2904.8736373024426,2962.4338811063217,432912
2022-07-21,2955.910400390625,2966.367318756696,2907.751708932899,2928.857132092425,469152
2022-07-22,3019.610595703125,3049.7336973931497,2952.4569754396707,2959.699785683208,1461794
2022-07-25,2961.18701171875,3025.654444817566,2943.3434747629053,3012.319747264976,623585
2022-07-26,2900.364990234375,2972.890761696773,2885.6390665351632,2964.352751986383,676813
2022-07-27,2933.078369140625,2938.4987665257013,2890.9635467148337,2900.365101026476,527215
2022-07-28,2929.816650390625,2954.7594247554434,2907.8479158853734,2940.4653900547514,486390
2022-07-29,2967.662353515625,3017.1162453334528,2941.712228950792,2957.6373241217916,570564
2022-08-01,2962.817626953125,3046.4240245571077,2947.468228063663,2983.4433817108397,891876
2022-08-02,2994.0439453125,3019.994068249859,2794.5977979593076,2930.775692027738,1843785
2022-08-03,3010.5927734375,3041.0997515416716,2945.6936878824854,3001.7669156384513,1218915
2022-08-04,3017.8837890625,3066.5221508060763,2974.9054245736406,3022.8722969466435,928111
2022-08-05,2963.968994140625,3050.5011828045385,2941.328537285099,3023.831555617297,518285
2022-08-08,2990.01513671875,3017.2124483798207,2947.2285907682176,2964.352858734559,595708
2022-08-10,3026.27783203125,3040.476072347067,2990.5905277116017,3004.6447268899547,814819
2022-08-11,3047.287353515625,3133.148054087668,3011.5520340037974,3123.6026934365527,2187872
2022-08-12,3100.1123046875,3110.9766769095795,3023.6755046516123,3069.064437490522,1327610
2022-08-16,3223.62841796875,3227.4429727719994,3100.9333888602305,3107.693442962386,1700743
2022-08-17,3281.13720703125,3315.613435755178,3220.779581193849,3224.5458027373124,1654567
2022-08-18,3294.4638671875,3320.152166155899,3259.021917687466,3283.454730927882,591901
2022-08-19,3306.728759765625,3341.3980848925717,3277.950197313601,3295.091762633498,1151041
2022-08-22,3247.96435546875,3297.9887997429764,3215.950767064745,3284.420359161293,928071
2022-08-23,3345.985107421875,3360.7123670764486,3223.724614931517,3245.791455673547,1604447
2022-08-24,3332.416748046875,3354.435256073146,3276.7429708967243,3337.583454884808,856684
2022-08-25,3362.11279296875,3393.25732731334,3291.9531843276336,3336.569493350605,1244869
2022-08-26,3240.093994140625,3335.410708904922,3226.5738860670517,3322.083698078005,1742915
2022-08-29,3178.7705078125,3224.3525373130396,3131.498229104697,3176.259536399841,1436918
2022-08-30,3243.61865234375,3281.137045020546,3203.2997602751675,3207.93527286499,1236651
2022-09-01,3294.6572265625,3317.1583602516166,3129.904961201278,3129.904961201278,1592544
2022-09-02,3304.79736328125,3350.089630947508,3297.940642745961,3332.7066348803255,1038097
2022-09-05,3283.9375,3328.843570798412,3263.2228112699636,3326.863793641079,561306
2022-09-06,3293.449951171875,3306.7286280032467,3283.454634666386,3295.0432980828555,355149
2022-09-07,3267.6650390625,3301.8034049019334,3245.5017670760626,3245.5017670760626,662832
2022-09-08,3308.322021484375,3344.7780256618644,3284.0342083742503,3284.0342083742503,640524
2022-09-09,3354.09716796875,3363.6096236881963,3309.5775265860993,3341.3980183638128,567370
2022-09-12,3417.641845703125,3431.2102870407234,3346.323417028973,3364.5754686321084,761569
2022-09-13,3401.27294921875,3459.3129368404448,3390.1671460057987,3433.141775829829,528699
2022-09-14,3420.39404296875,3441.784689810592,3333.6721648741213,3333.6721648741213,508971
2022-09-15,3498.08642578125,3546.1310940627372,3431.548275977585,3437.5357050713365,1625125
2022-09-16,3427.347412109375,3515.6143094790286,3409.1917911742935,3510.3995049359196,957393
2022-09-19,3467.183349609375,3509.1439226180696,3373.7014144967093,3428.2647065384695,517408
2022-09-20,3584.32568359375,3610.1104148992777,3495.913783705045,3500.4042968808453,854400
2022-09-21,3555.836669921875,3657.4305752437213,3545.503491871936,3592.4857719735014,883098
2022-09-22,3620.25048828125,3631.0181946911866,3544.586072330087,3553.8570981994,659825
2022-09-23,3562.017333984375,3645.0694276220643,3526.2372860244404,3634.9776796774613,436539
2022-09-26,3395.0439453125,3544.1513243366517,3353.17980327714,3544.0548936020773,979894
2022-09-27,3448.158447265625,3491.084739438493,3367.762097456979,3422.3253859157,651919
2022-09-28,3503.92919921875,3540.047107910596,3408.032956931651,3408.032956931651,670814
2022-09-29,3499.873291015625,3552.1670444488036,3481.427905998216,3521.698467354257,578779
2022-09-30,3545.744873046875,3567.1838535883053,3461.0027703302753,3499.7280797951375,517861
2022-10-03,3344.63330078125,3652.2638477005994,3326.8638749549264,3651.3947922307543,2180504
2022-10-04,3433.1416015625,3457.187984294194,3396.1060697234966,3403.204220508087,961129
2022-10-06,3410.302490234375,3473.5572814425886,3399.3414511895057,3437.970331316659,530684
2022-10-07,3378.626708984375,3428.3130581230603,3348.689327350061,3410.3024373518497,458833
2022-10-10,3410.5439453125,3420.5873599091465,3332.9964207440157,3342.36387708796,412736
2022-10-11,3291.1806640625,3428.9408167397755,3276.2119726619812,3427.4922337010153,661794
2022-10-12,3339.65966796875,3349.751415396231,3261.2430911950883,3307.6460789867106,660964
2022-10-13,3352.214111328125,3433.093327672015,3326.9122424441916,3348.9307508838474,753969
2022-10-14,3358.008544921875,3433.045098366906,3350.8622963164344,3423.1464477086806,387253
2022-10-17,3394.222900390625,3404.1698836589712,3346.516330230543,3351.0551762543632,492114
2022-10-18,3488.670654296875,3497.845013110943,3408.9502576581335,3411.2197986209267,522357
2022-10-19,3488.477294921875,3558.6852304690037,3476.7436322781896,3505.4738590370644,645494
2022-10-20,3525.995849609375,3534.5425837723697,3437.970382029955,3473.702096674648,515240
2022-10-21,3505.087890625,3558.3956962223633,3445.6959894613583,3525.995676969756,532326
2022-10-24,3516.38671875,3558.588720829383,3506.150207538622,3558.588720829383,63729
2022-10-25,3583.4560546875,3596.3485370116186,3524.885112806769,3550.959605422052,571186
2022-10-27,3583.4560546875,3612.8141433915875,3535.508054242625,3612.8141433915875,583285
2022-10-28,3617.35302734375,3643.7656172269462,3570.418845835097,3593.4514088623355,478514
2022-10-31,3718.46435546875,3731.6466026847224,3629.1834006564904,3635.4605938721015,678149
2022-11-01,3668.1982421875,3756.3203720856905,3623.340503766321,3756.3203720856905,746053
2022-11-02,3601.3701171875,3717.83627441048,3568.342474858759,3717.83627441048,1177767
2022-11-03,3549.269775390625,3618.5603287908775,3523.2919479368106,3571.239950858998,738117
2022-11-04,3541.205810546875,3601.1772394138816,3520.056593634647,3568.3426923127627,631943
2022-11-07,3626.4306640625,3635.943119520627,3553.8567542724854,3554.0498515069125,505944
2022-11-09,3604.991943359375,3661.9695421593356,3569.598325871241,3661.9695421593356,490411
2022-11-10,3573.992431640625,3611.220826890031,3511.461930852364,3611.220826890031,442138
2022-11-11,3399.003173828125,3610.8343782944053,3380.9925537332747,3602.1428807269676,2463500
2022-11-14,3396.05810546875,3442.7989563172546,3378.0955818226525,3416.000170612401,659139
2022-11-15,3387.704345703125,3435.9421110669355,3380.0269031774437,3399.341342624172,552511
2022-11-16,3382.972412109375,3460.9544616005655,3340.2392147101777,3394.5610758108523,1048177
2022-11-17,3323.8701171875,3380.026753076256,3303.7830539005417,3380.026753076256,889808
2022-11-18,3274.038818359375,3339.0319522995746,3260.325613918544,3331.6440379699593,868754
2022-11-21,3262.788330078125,3294.0776274815653,3249.654417025936,3274.231993917103,631291
2022-11-22,3259.360107421875,3291.1322671486696,3239.0316120167486,3264.5749119517527,461525
2022-11-23,3265.00927734375,3301.755045043376,3259.311612093616,3275.6805521466267,738556
2022-11-24,3261.5810546875,3286.255061382141,3231.595341605752,3281.378354253066,407602
2022-11-25,3297.071533203125,3304.942073095734,3235.1686594698544,3277.901857434493,512690
2022-11-28,3323.435791015625,3331.2582339822707,3285.48310281179,3296.6853372042856,435882
2022-11-29,3299.0029296875,3345.985209413775,3288.2833214673224,3332.1270047781,456872
2022-11-30,3365.058349609375,3384.372789842461,3299.920447077688,3302.5761826097373,1151772
2022-12-01,3319.62109375,3380.0270529507,3312.426511891686,3369.983638302151,518865
2022-12-02,3217.64111328125,3317.255248636759,3211.0258229162223,3317.255248636759,1453049
2022-12-05,3229.760498046875,3244.8258552550606,3212.087974417078,3214.0194183785393,518257
2022-12-06,3186.5927734375,3223.579972462873,3165.8297508467417,3220.682806519976,944559
2022-12-07,3148.10888671875,3210.9289128185,3142.4593188343083,3186.641099361865,943407
2022-12-08,3208.418212890625,3215.8542250554283,3163.7052376220972,3172.3000690199137,862490
2022-12-09,3243.08740234375,3247.722914853866,3212.1359667204115,3220.6827002788114,660249
2022-12-12,3206.631591796875,3238.017557032285,3174.328237808979,3226.4772262001215,541993
2022-12-13,3199.43701171875,3227.587713936251,3187.896680880377,3192.6769576644087,584450
2022-12-14,3253.9033203125,3268.968676468521,3211.025361671442,3214.888249324581,676995
2022-12-15,3190.262451171875,3266.4097209838833,3183.5507307961793,3252.5515167388753,338209
2022-12-16,3178.625732421875,3232.5614021728993,3167.56826231909,3177.2254826310386,771552
2022-12-19,3272.735107421875,3292.629074419632,3169.6442865700506,3179.1567423344854,890120
2022-12-20,3199.87158203125,3262.5951801153847,3178.191169822982,3254.4832094510634,711013
2022-12-21,3161.04931640625,3235.16847474557,3150.1849446627016,3215.854036090373,485199
2022-12-22,3096.15283203125,3183.1642362137795,3086.9784737223245,3161.7735898338565,613152
2022-12-23,3006.920166015625,3090.310353777117,2998.6150984030305,3080.749800428907,581956
2022-12-26,3052.888427734375,3117.9779910070242,2982.3423941360156,3008.223788815367,530294
2022-12-27,3092.048828125,3103.009631650262,3042.024380054158,3066.119097433842,422130
2022-12-28,3101.464599609375,3122.7588172987557,3066.746940154577,3078.8665628845715,318724
2022-12-29,3168.726806640625,3371.0938878718016,3054.8199500996852,3072.009847917722,881072
2022-12-30,3117.109130859375,3184.9511001701553,3106.969050037123,3177.2253243055825,663451
2023-01-02,3118.171630859375,3138.548223967698,3093.4973861551193,3116.3849508180115,381581
2023-01-03,3103.299072265625,3128.9390365248723,3096.1044910798587,3118.1713313715395,323237
2023-01-04,3105.03759765625,3131.6916186255808,3078.818340195698,3113.4876649852267,372617
2023-01-05,3146.032470703125,3154.917065831412,3092.7729974151907,3118.316296823504,383751
2023-01-06,3139.176025390625,3166.457671872217,3126.09044514506,3148.2537178757107,242107
2023-01-09,3150.716064453125,3162.8359215773544,3118.5091444476006,3154.916813298226,391801
2023-01-10,3058.972900390625,3153.8550909891824,3036.3748631512904,3150.1853000762662,607830
2023-01-11,3029.71142578125,3065.684571246339,2990.551350476267,3058.9728503206716,856148
2023-01-12,2996.876708984375,3044.8730438283783,2988.9095027170356,3042.024211165965,690116
2023-01-13,3053.6611328125,3086.4473457925437,2955.1091608652014,2998.566648524984,964656
2023-01-16,3031.44970703125,3070.899309473378,2993.73821558059,3047.384120114179,653373
2023-01-17,3070.94775390625,3082.584751642505,3017.8813749632923,3043.9558700429748,495809
2023-01-18,3068.678466796875,3082.5847699464866,3042.024444026138,3062.3046069863126,330814
2023-01-19,3058.15185546875,3071.0443386681895,3027.5868480255517,3054.6270644254155,320900
2023-01-20,3042.507080078125,3085.3850414289063,3033.4293878283543,3066.1672684488326,389881
2023-01-23,3093.545654296875,3114.0672467390827,3037.9199729447364,3057.7656071432425,424691
2023-01-24,3115.9501953125,3123.9657346271597,3069.402444620517,3109.0451419281294,367438
2023-01-25,3103.685791015625,3124.1107173161813,3074.231269569522,3115.9504134469844,353061
2023-01-27,3061.097412109375,3153.03410243674,3020.7785172578674,3119.2338313037394,627913
2023-01-30,3082.053466796875,3099.967657266627,2992.820847232944,3051.7782231961014,656403
2023-01-31,3151.489013671875,3164.671024791343,3068.0988238517234,3091.3244853320966,612164
2023-02-01,3189.87646484375,3239.949009588139,3128.9393117172563,3167.5681921088276,885327
2023-02-02,3107.017578125,3206.8731431275423,3075.8247089613565,3153.0824724517515,613267
2023-02-03,3203.010009765625,3211.025549268568,3089.87577532349,3122.565322534819,500037
2023-02-06,3148.929443359375,3186.930695533559,3110.2522329900066,3182.0537526429475,346025
2023-02-07,3162.44970703125,3185.916798197831,3128.9875348782134,3164.7192479831906,447240
2023-02-08,3117.3505859375,3165.5883522179192,3093.207536170326,3162.739519499787,378309
2023-02-09,3126.186767578125,3138.161861418363,3085.481681024568,3125.1246148788227,265006
2023-02-10,3102.237060546875,3131.160386355836,3088.5236199733886,3114.5016823953065,328745
2023-02-13,3141.15576171875,3159.8425778740802,3106.9209618726472,3114.453641089214,405135
2023-02-14,3066.84326171875,3186.882551652037,3037.195643922926,3150.13678295511,1519235
2023-02-15,3197.650146484375,3227.3944297550497,3093.2074117030306,3093.2074117030306,2093492
2023-02-16,3176.3564453125,3229.374490820102,3156.027949284969,3215.8060490496705,679170
2023-02-17,3172.396728515625,3183.985392364084,3129.1323363269844,3174.3765057441306,491317
2023-02-20,3177.708251953125,3220.6828811012524,3168.0026986652765,3186.8826109847478,515895
2023-02-21,3161.918701171875,3185.0479324881026,3153.1307721316125,3177.2254897092052,494115
2023-02-22,3138.306640625,3158.055607768877,3104.8928019062646,3157.910843782077,570379
2023-02-23,3130.822509765625,3162.5949062366544,3110.494013738431,3153.082449866244,527729
2023-02-24,3095.71875,3138.500048918945,3056.510339799932,3138.500048918945,684029
2023-02-27,3023.723876953125,3095.52516528044,2995.717939307874,3090.3103608552847,482530
2023-02-28,2999.43603515625,3071.961855767509,2985.1916348505065,3024.641475090801,974100
2023-03-01,3031.208251953125,3036.1332926756413,2980.894041590426,2999.5325232907026,522394
2023-03-02,3018.364013671875,3050.6673663758484,2991.1307013044166,3046.9494782589163,970565
2023-03-03,3020.102294921875,3042.8931914298923,3007.113381876583,3033.477402437556,337278
2023-03-06,3057.6689453125,3060.469680572081,3025.0274946000927,3030.435632101925,362693
2023-03-08,3094.5595703125,3101.4646242716435,3042.121052841912,3057.475938768883,657256
2023-03-09,3038.83740234375,3109.576539590942,3034.3952225600124,3100.933374754042,419727
2023-03-10,3009.286376953125,3039.3201892752004,2989.0543127149344,3027.4900949385637,362000
2023-03-13,2929.4208984375,3015.901347088705,2921.3089282842725,3010.155348582505,351244
2023-03-14,2913.486572265625,2945.4520643879346,2883.162996141042,2929.42098507297,727498
2023-03-15,2903.829345703125,2954.8678469774354,2899.09740228001,2940.4303504395953,288927
2023-03-16,2931.400634765625,2975.389316574337,2893.302951138174,2918.1219580038924,439612
2023-03-17,2872.636474609375,2953.177587224911,2841.395276655492,2947.383255791507,692626
2023-03-20,2850.811279296875,2887.4120479573808,2809.5266647338867,2872.6366903103058,561183
2023-03-21,2834.200927734375,2873.0229043633103,2826.6682490996336,2865.104031243493,490092
2023-03-22,2845.548095703125,2867.1318401014,2831.3520300090454,2848.3969283380516,222875
2023-03-23,2827.34423828125,2848.879885929279,2813.0034081152635,2841.347207212089,379191
2023-03-24,2809.86474609375,2830.531102000869,2787.7012382025778,2824.7367701646335,542971
2023-03-27,2786.63916015625,2828.5997338401467,2772.5878579225196,2813.7277093708067,375285
2023-03-28,2754.625244140625,2795.571997001313,2738.787498191884,2795.571997001313,1079359
2023-03-29,2833.138427734375,2846.755201490932,2752.307547954115,2760.5161845006446,765293
2023-03-31,2847.769287109375,2861.772255485389,2820.873836299074,2822.901946717488,546110
2023-04-03,2901.318359375,2945.451803173072,2878.913658387221,2945.451803173072,1170652
2023-04-05,2833.18701171875,2905.857594635439,2822.0328750934204,2879.7830997683213,1033837
2023-04-06,2860.178466796875,2868.1940056167923,2825.7022425706177,2847.624082260505,586845
2023-04-10,2868.62890625,2884.6116527189242,2849.990424245429,2877.851598628187,416883
2023-04-11,2949.508056640625,2954.143569350063,2868.6288399250093,2868.6288399250093,618391
2023-04-12,3021.1162109375,3037.195386321008,2930.9659769425307,2930.9659769425307,746284
2023-04-13,3102.912841796875,3120.682030699193,3024.6410335414207,3032.366808850594,1337741
2023-04-17,3118.316162109375,3142.459210747571,3096.104557362235,3124.110493782542,539975
2023-04-18,3151.68212890625,3165.6367648672704,3105.617235949551,3117.9782891227874,577513
2023-04-19,3176.839111328125,3186.8825255848174,3146.4188690384517,3152.0682011433537,646164
2023-04-20,3135.65087890625,3195.2842100891276,3109.6730524244376,3195.2842100891276,483671
2023-04-21,3090.986572265625,3148.2056047274727,3084.612948087499,3128.9394966478817,443737
2023-04-24,3073.699951171875,3107.162123318475,3049.8466655283446,3094.17320990072,379317
2023-04-25,3107.64501953125,3135.2164294022414,3047.963353606778,3066.167307362426,574542
2023-04-26,3137.003173828125,3167.5681810221868,3114.9846649276005,3119.2820807017265,881684
2023-04-27,3151.68212890625,3158.2971832451817,3125.317870744876,3136.9548681789083,464406
2023-04-28,3187.94482421875,3191.7110455158695,3153.4202644979655,3162.7393870089177,416242
2023-05-02,3241.10791015625,3267.8102658599996,3211.0257631054233,3212.90887391736,838718
2023-05-03,3233.5751953125,3252.4548708741904,3207.355702827999,3252.4548708741904,577763
2023-05-04,3224.835205078125,3266.506010977296,3207.1624470591814,3226.476885162519,325535
2023-05-05,3240.093994140625,3275.7773750804113,3210.7842369723394,3224.8355393031975,518154
2023-05-08,3276.59814453125,3290.601113809207,3244.9226509200735,3255.44892662023,322909
2023-05-09,3265.97509765625,3293.111979834052,3255.786919298093,3293.111979834052,347387
2023-05-10,3299.630615234375,3305.4732804387195,3239.804185001261,3280.1714114098577,386746
2023-05-11,3288.5732421875,3307.4531548347736,3270.9488153207467,3307.4531548347736,408412
2023-05-12,3502.046142578125,3522.471068998413,3394.4645680549183,3399.3415114117656,3665298
2023-05-15,3533.093994140625,3578.00006786689,3505.5709166954953,3505.5709166954953,1269701
2023-05-16,3508.6611328125,3558.6855797032936,3486.2564295058046,3543.2340276611626,1035562
2023-05-17,3504.363525390625,3511.6547732661193,3461.3405653719815,3499.7763461290047,755786
2023-05-18,3453.566650390625,3524.8369814421762,3448.0620821220687,3511.365206640401,1235091
2023-05-19,3448.49658203125,3456.319024509507,3391.132789763938,3443.9094025491545,762689
2023-05-22,3423.9189453125,3454.1944236808104,3406.101421943825,3447.579133811968,303121
2023-05-23,3478.144287109375,3484.0350495711436,3409.046834081237,3423.9188578780527,374270
2023-05-24,3487.125244140625,3499.77629581009,3456.222142190867,3476.5989693477713,374043
2023-05-25,3526.333984375,3556.029936728699,3483.262687627998,3487.125575739048,725887
2023-05-26,3563.852294921875,3570.7571129477915,3486.2564375230636,3523.919595712371,394991
2023-05-29,3584.228759765625,3590.747383065605,3544.19963124829,3573.1712903593116,516724
2023-05-30,3552.263671875,3595.189968331957,3544.5859932301914,3584.2289291415277,598100
2023-05-31,3546.082763671875,3599.245805620856,3530.920975798566,3552.263525783291,1188672
2023-06-01,3588.67138671875,3605.0403279271627,3560.6171146711627,3586.401845645793,622442
2023-06-02,3572.591796875,3619.5259793903965,3531.6452792504483,3592.4857639627203,987424
2023-06-05,3547.33837890625,3590.071577917099,3539.467838820952,3585.87059285809,340655
2023-06-06,3578.0966796875,3594.4172871932096,3553.856963157177,3553.9536296660517,385907
2023-06-07,3599.632080078125,3611.8002715584744,3570.4673229006835,3578.096668146036,342012
2023-06-08,3532.031494140625,3599.342505122427,3519.4771083338105,3599.342505122427,511175
2023-06-09,3458.540283203125,3541.4957095925693,3453.518575903145,3526.816782188022,447350
2023-06-12,3467.521484375,3492.533589699341,3434.107409089135,3471.770566837863,358856
2023-06-13,3469.500732421875,3515.952050692284,3460.181610280973,3476.5505495330194,612123
2023-06-14,3449.607421875,3517.449394432529,3441.012354351143,3491.0851358785526,456603
2023-06-15,3413.53759765625,3485.097694081337,3408.9987512890993,3465.879684303517,428887
2023-06-16,3417.593505859375,3441.7365559608766,3370.3697941696273,3428.3131144132312,610093
2023-06-19,3376.7919921875,3446.806842478774,3373.267200929908,3445.5032591434406,336012
2023-06-20,3439.99853515625,3447.6276448795443,3346.2751650507166,3384.6626157184933,378562
2023-06-21,3448.06201171875,3462.644507990591,3413.8755477830277,3453.421815886054,538051
2023-06-22,3436.618408203125,3505.5708647885235,3423.484494676395,3464.8657767417103,559681
2023-06-23,3417.88330078125,3442.5092121093353,3389.491167911777,3442.5092121093353,281640
2023-06-26,3429.906494140625,3449.8487951779466,3400.3072087425257,3428.264813872452,346202
2023-06-27,3414.551513671875,3459.409252789151,3398.3756703984523,3423.581108554185,336518
2023-06-28,3423.339599609375,3447.5307461985913,3416.6276433396215,3423.484363595241,657118
2023-06-30,3457.38134765625,3476.5991207091606,3385.145296549344,3418.752468537259,712382
2023-07-03,3506.391845703125,3540.3368799624423,3462.644591603204,3467.8593961356028,734331
2023-07-04,3285.193115234375,3436.8598010335927,3270.948715871044,3433.1900103144085,4118019
2023-07-05,3196.298583984375,3306.0528016537733,3167.568352736234,3293.884845176576,2931606
2023-07-06,3111.74951171875,3176.4045551752893,3098.036305898161,3138.5966315988226,3837528
2023-07-07,3075.63134765625,3136.6649284193772,3067.132947247519,3100.4986881447967,2099192
2023-07-10,3065.10498046875,3121.213523324934,3051.6815388944283,3099.9676391933904,1778576
2023-07-11,3141.5419921875,3150.185156913663,3074.907174337395,3088.3306157984102,1425815
2023-07-12,3178.818603515625,3193.6425299486045,3124.1105486494516,3159.8422612615163,1573745
2023-07-13,3145.501220703125,3191.7111112826756,3133.7677930748205,3191.7111112826756,1050165
2023-07-14,3232.3681640625,3249.6544933588007,3144.3907965456924,3162.739514338803,1577337
2023-07-17,3235.072265625,3258.346261803823,3211.0742136661947,3235.1689321407252,1556115
2023-07-18,3234.4443359375,3253.5173450096104,3203.782663125373,3239.9972373129244,743048
2023-07-19,3215.9990234375,3241.494225696294,3206.245372702363,3234.202977443155,658755
2023-07-20,3203.396728515625,3228.4088354747923,3183.985620867601,3228.4088354747923,684856
2023-07-21,3201.851318359375,3221.64861952854,3180.1709064285137,3201.1753601079936,536479
2023-07-24,3194.463623046875,3207.9837310935923,3169.499614951826,3204.2656070719554,517007
2023-07-25,3212.184326171875,3249.6543852573172,3199.195413004808,3211.556701208619,865631
2023-07-26,3238.693359375,3244.8257881345753,3212.377435944444,3232.705930372716,552958
2023-07-27,3213.825927734375,3251.827180121044,3206.5830132341425,3244.8256961041525,748689
2023-07-28,3240.1904296875,3243.377359463968,3215.516185262209,3234.9756251601707,338430
2023-07-31,3250.137451171875,3260.2291991043157,3204.7001830762715,3235.16875989475,485771
2023-08-01,3298.8095703125,3317.254954177264,3251.6341937228226,3259.3116362003684,1039321
2023-08-02,3218.4619140625,3312.4267191688305,3167.568407834917,3312.4267191688305,1174483
2023-08-03,3263.8505859375,3268.9689596757294,3188.1864089396513,3218.075457590859,601722
2023-08-04,3244.39111328125,3359.6017851291067,3235.1684218198807,3302.7689560071617,1235134
2023-08-07,3240.818359375,3261.388049937329,3225.221807172113,3244.7776782234387,438968
2023-08-08,3256.414794921875,3269.017514992563,3178.1913078552466,3229.374577170448,881723
2023-08-09,3295.622802734375,3297.940441092831,3217.7855196841324,3259.3115633055063,1096303
2023-08-10,3297.650634765625,3317.0617399118432,3264.236797374307,3295.043232703047,640761
2023-08-11,3273.025146484375,3302.769432976691,3260.712190264944,3302.769432976691,366412
2023-08-14,3259.843505859375,3292.357043914528,3208.730098691504,3292.357043914528,650028
2023-08-16,3248.615478515625,3267.8990072010847,3208.4863542504727,3267.8990072010847,502272
2023-08-17,3220.54443359375,3244.514639074595,3214.0027274071012,3240.6091143811555,484577
2023-08-18,3270.486328125,3289.4280266957007,3197.5504670206424,3220.1049664714815,680218
2023-08-21,3286.0595703125,3292.3571809463897,3237.1916469240077,3265.946023620106,407887
2023-08-22,3264.4326171875,3289.4280697906015,3250.3728240821943,3281.8122492026014,343014
2023-08-23,3278.68798828125,3300.1683741484885,3251.642277386907,3264.4327277650855,347738
2023-08-24,3262.723876953125,3295.2862826813393,3241.5853210376436,3285.5224714733945,840229
2023-08-25,3262.235595703125,3282.7395986698007,3245.100298208978,3262.0892338887934,463506
2023-08-28,3269.265869140625,3285.4736529590955,3255.254704501882,3270.8279359322423,329661
2023-08-29,3276.1005859375,3290.4044744306298,3269.363412980107,3280.640662933803,271577
2023-08-30,3325.31005859375,3331.412440702305,3277.223287578337,3288.451670658078,903102
2023-08-31,3257.79345703125,3329.459738456516,3243.538196818928,3329.459738456516,835737
2023-09-01,3320.08642578125,3325.993579517999,3243.6359710846978,3270.8769103013647,691510
2023-09-04,3353.039306640625,3379.255236459851,3329.70389197839,3348.9874201263474,661736
2023-09-05,3323.064453125,3362.6567573358575,3316.278651652509,3353.0393074391654,374902
2023-09-06,3311.201416015625,3336.3920971653156,3295.2863557190694,3334.341601416481,431090
2023-09-07,3322.088134765625,3331.363756077675,3295.2865187546167,3309.9322366157485,334700
2023-09-08,3291.283203125,3325.896106432632,3286.5967641906177,3322.625134150964,448502
2023-09-11,3324.089599609375,3329.361962429103,3283.5697821960134,3297.2391181908824,544361
2023-09-12,3262.33349609375,3334.2927387030973,3242.268815917662,3329.4596997170784,446513
2023-09-13,3241.87841796875,3290.306780551062,3229.8688820083075,3270.8280240554077,820181
2023-09-14,3301.53515625,3305.0502237727155,3246.565087688469,3256.2311658144777,436335
2023-09-15,3346.25341796875,3366.4644600286065,3291.91790250992,3300.21714225606,1169429
2023-09-18,3350.696044921875,3371.297782742014,3331.4125170171014,3350.989006944657,596376
2023-09-20,3359.9228515625,3368.5150535769203,3297.043999245455,3346.058286553074,547812
2023-09-21,3354.699462890625,3358.8002162820685,3323.6016261214013,3348.792308917866,477582
2023-09-22,3328.9228515625,3350.7450668429947,3311.8850472108807,3344.10562697443,393516
2023-09-25,3306.6611328125,3348.8896176331978,3301.1935413863102,3337.124415451962,309695
2023-09-26,3390.1416015625,3455.6080031615747,3324.5777048762593,3324.6265716069906,2178639
2023-09-27,3397.513427734375,3414.307135778984,3345.8629604352623,3407.570201217988,552573
2023-09-28,3358.9951171875,3417.3338885709613,3344.105305244441,3397.806266350556,608162
2023-09-29,3365.536865234375,3398.294499595466,3345.374690388247,3363.584102987804,515006
2023-10-03,3272.24365234375,3353.8203441433907,3224.889167124697,3345.9604283033063,1354075
2023-10-04,3320.574462890625,3328.434378598604,3245.246754668277,3270.8767591241003,566983
2023-10-05,3362.266357421875,3372.3228929680226,3307.0519535151097,3325.066138775324,394665
2023-10-06,3368.905517578125,3382.6237207890517,3357.1403150953975,3362.266316274354,249258
2023-10-09,3364.218994140625,3393.900885824582,3320.672299392809,3339.4187698444816,471285
2023-10-10,3377.058349609375,3391.9481623543097,3367.5874999972943,3368.9543382766146,206646
2023-10-11,3404.250732421875,3411.573591303892,3379.645735878847,3399.7592836245126,343468
2023-10-12,3411.671142578125,3451.458676492271,3394.340376271963,3407.5703892115303,644992
2023-10-13,3394.29150390625,3417.334195545943,3359.727704821026,3398.7829527701224,280442
2023-10-16,3404.250732421875,3420.263288494161,3380.3293934072854,3380.3293934072854,147663
2023-10-17,3418.1640625,3439.5955811815807,3404.641088150883,3422.21594894432,260333
2023-10-18,3413.526123046875,3463.0774648007236,3399.856787390641,3418.1639333588114,368551
2023-10-19,3418.505615234375,3450.5309644468293,3378.6205885086306,3397.8063826471325,353664
2023-10-20,3398.68505859375,3417.480395780515,3383.7466176590374,3417.3340339573533,216268
2023-10-23,3364.951171875,3410.401522360367,3344.9353588935073,3385.2110801367553,211293
2023-10-25,3304.46435546875,3364.8536265314874,3289.232952153433,3353.9670717728836,354128
2023-10-26,3248.224853515625,3295.286377213112,3231.821602540859,3290.404471469092,428619
2023-10-27,3314.667724609375,3329.4598040489004,3248.224938029666,3248.224938029666,293097
2023-10-30,3278.34619140625,3345.081940769875,3257.402862656853,3322.625173508431,257392
2023-10-31,3217.712890625,3287.4752749049844,3209.560012814497,3287.035951069982,409346
2023-11-01,3204.72705078125,3236.8012671205875,3197.648287396936,3231.626399316504,325630
2023-11-02,3259.453125,3265.99483079789,3206.6308113106206,3207.4119638777483,493381
2023-11-03,3347.03466796875,3376.4724650458807,3273.8060798422457,3280.640748067386,568463
2023-11-06,3428.025390625,3459.757778367561,3356.2613752687457,3373.2991788587365,722080
2023-11-07,3426.17041015625,3455.364111941988,3397.9042228119943,3397.9042228119943,335436
2023-11-08,3466.446044921875,3480.7988001536787,3423.0459504742025,3427.097836897451,393482
2023-11-09,3458.244140625,3511.456910850196,3442.817509864653,3461.5639794067442,538782
2023-11-10,3457.12158203125,3480.7988250911267,3419.3845456587364,3456.3892961634187,259237
2023-11-13,3559.2998046875,3588.20078253053,3501.3028588175457,3505.2083834788036,875885
2023-11-15,3757.407470703125,3768.831082007408,3585.3691669143295,3601.869912312261,1914550
2023-11-16,3746.13037109375,3781.524187722967,3723.087680641973,3757.1635257454427,755583
2023-11-17,3774.006103515625,3805.9337194182335,3726.749112871791,3734.560162065056,476357
2023-11-20,3755.60107421875,3806.812215781583,3733.681365966322,3759.60433212089,249897
2023-11-21,3753.404296875,3774.2989961072085,3735.683074693483,3773.71307207877,260475
2023-11-22,3743.25,3763.363308125168,3715.130175960446,3739.6374375168953,286194
2023-11-23,3792.069091796875,3822.5321354698203,3742.4688825685366,3745.9350832653427,764501
2023-11-24,3758.139892578125,3827.4140871178074,3751.3052245654144,3803.687977627395,266314
2023-11-28,3736.317626953125,3800.2217243129953,3688.5238182574726,3764.876775039693,505274
2023-11-29,3722.208984375,3761.0201345170176,3701.460885242475,3761.0201345170176,414180
2023-11-30,3804.859619140625,3827.4141191208805,3737.6359197923834,3766.8296209124865,1338711
2023-12-01,3799.29443359375,3856.705695161138,3790.360641067343,3829.3670218789835,683211
2023-12-04,4081.614990234375,4100.800784268195,3823.508540760536,3856.705499490326,2824695
2023-12-05,4038.800537109375,4096.162928395529,4003.162625927339,4082.249497317611,1045885
2023-12-06,3951.414306640625,4030.4525472838586,3929.9339224681285,3991.4947984191645,941566
2023-12-07,3994.375244140625,4037.336014304934,3952.390855116414,3954.34361739661,699553
2023-12-08,3959.2255859375,4015.2697689189276,3933.6444473357737,4003.1627379392726,334252
2023-12-11,3930.56884765625,3972.7973341826514,3915.2885773611624,3959.225730972447,534584
2023-12-12,3858.414306640625,3951.8539373729263,3843.182664967476,3951.8539373729263,981121
2023-12-13,3937.5009765625,3949.4127785966634,3864.4676208355977,3875.2566799272363,707209
2023-12-14,3989.6396484375,4003.1626224019187,3949.461660394088,3962.154615050484,922658
2023-12-15,3964.009521484375,4037.6285608693292,3949.461538484667,4002.869775205141,954933
2023-12-18,3989.005126953125,4066.6274271838856,3972.4066476584967,3979.729506170833,886620
2023-12-19,3944.238037109375,4012.486984488328,3927.3954621870625,3998.0856008276123,328368
2023-12-20,3819.993408203125,4034.846360251874,3799.7823666428494,3978.508978785899,557214
2023-12-21,3864.4677734375,3913.237964816836,3756.675388475242,3807.886532760194,445648
2023-12-22,3911.431884765625,3922.074344307699,3854.9481379947497,3888.9262508287484,309907
2023-12-26,3944.970458984375,3973.5296087503075,3917.2413285784605,3929.739055467133,475107
2023-12-27,4022.6904296875,4037.2875189121487,3946.630431718618,3971.918608730279,385941
2023-12-28,3995.25390625,4032.454123171839,3984.5137136701233,4022.690311735588,450475
2023-12-29,4045.63525390625,4079.320403238883,3997.304387472472,4003.1140459553676,673952
2024-01-01,3942.968994140625,4047.099950595735,3934.8161160194963,4047.099950595735,763454
2024-01-02,3800.5634765625,3916.020542998856,3790.653303630366,3915.3859906260905,1221148
2024-01-03,3795.779296875,3836.1525127307273,3786.8452666979497,3802.0769073568026,435449
2024-01-04,3769.8076171875,3822.5321992460663,3757.602852822091,3795.681717642167,425702
2024-01-05,3785.478515625,3826.1446944244717,3768.8311696489704,3772.785560908566,402103
2024-01-08,3792.508544921875,3866.859875380429,3785.917972049835,3798.1227366276876,401263
2024-01-09,3779.034423828125,3831.270816037147,3759.653400771418,3816.9180606190625,411462
2024-01-10,3751.793212890625,3781.523969468365,3701.1188911892095,3779.0341500088066,577499
2024-01-11,3796.950927734375,3832.0029144135956,3761.459378853963,3777.4233054341307,378237
2024-01-12,3779.425048828125,3806.910082698192,3759.0674066140136,3798.317880951071,220410
2024-01-15,3741.590087890625,3792.898723711384,3720.988351445266,3783.4767414984008,364325
2024-01-16,3702.730224609375,3737.6847169047173,3653.130015294277,3700.4845003248192,519197
2024-01-17,3662.50341796875,3682.90968860307,3632.137868929857,3642.878061553037,585284
2024-01-18,3603.96923828125,3672.706615253959,3574.531441535292,3662.5034797646463,583931
2024-01-19,3612.0732421875,3698.385479935309,3571.6022906963244,3612.6102995014767,894473
2024-01-23,3531.277587890625,3655.5709535093247,3520.8792241979104,3614.6118127494315,823427
2024-01-24,3549.1455078125,3562.765977285915,3478.3090071550264,3543.287220867005,1318897
2024-01-25,3531.033447265625,3593.0825150025526,3512.0917489221233,3593.0825150025526,699432
2024-01-29,3582.391357421875,3594.0590646567252,3505.2572454664605,3535.573928283292,936432
2024-01-30,3617.248046875,3641.803937321596,3587.12659320256,3588.200707811762,612064
2024-01-31,3748.9130859375,3761.166478432111,3613.6842992939937,3628.232282796175,759817
2024-02-01,3840.30224609375,3872.181233288865,3752.232715080029,3752.232715080029,1313981
2024-02-02,3735.19482421875,3807.886350595646,3721.232526591707,3807.886350595646,872011
2024-02-05,3798.07373046875,3825.8517259533614,3746.3743972896905,3759.0673519847037,592181
2024-02-06,3851.433349609375,3857.4379985971477,3798.122841116979,3807.886653047871,470713
2024-02-07,3834.88330078125,3895.760760394275,3815.648639939878,3881.1150432499358,416774
2024-02-08,3717.3759765625,3863.833148136357,3702.1932021011494,3859.6346615430457,404899
2024-02-09,3750.23095703125,3757.065624765259,3672.755259385307,3729.775820559324,396729
2024-02-12,3780.4013671875,3810.864410717449,3727.0419954980875,3778.49723328776,237343
2024-02-13,3763.16796875,3843.182351812005,3676.514146567003,3802.662536368688,633019
2024-02-14,3809.39990234375,3839.4724892719332,3638.582068772869,3742.468927207354,919714
2024-02-15,3824.045654296875,3835.7133614059776,3784.648579404648,3812.7684042994383,405632
2024-02-16,3835.85986328125,3908.4539000419472,3823.8016986202233,3832.3450340250115,634008
2024-02-19,3810.66943359375,3861.294655414839,3802.7606505825006,3842.0111268574205,267834
2024-02-20,3737.684814453125,3806.8124098910644,3694.8215384987225,3802.0282375561374,1324518
2024-02-21,3745.739990234375,3803.7369362797663,3730.7524439517388,3737.6848455961645,575380
2024-02-22,3858.072509765625,3876.2332951126027,3751.110141905985,3773.5180423728943,1130600
2024-02-23,3834.2978515625,3878.1861389698865,3821.2142004155035,3876.623833695096,571998
2024-02-26,3859.5859375,3897.176612927018,3803.00469579835,3834.2977602897304,474465
2024-02-27,3908.209716796875,3917.7782999097753,3846.941798558413,3856.705610229881,579400
2024-02-28,3772.49267578125,3924.0269828863957,3760.043816094104,3908.2096558999415,658953
2024-02-29,3702.82763671875,3798.122528674808,3671.2418507452217,3771.711371899524,1021336
2024-03-01,3752.77001953125,3777.4236449008627,3686.8642883451575,3700.6799870144414,665946
2024-03-04,3662.84521484375,3791.5811717571596,3655.5712225591938,3767.4646037276398,641251
2024-03-05,3702.339599609375,3712.1522778742674,3654.1553327217157,3662.8450296358023,591293
2024-03-06,3703.609130859375,3716.936877302449,3645.8562780623392,3710.24857071341,315398
2024-03-07,3695.8466796875,3720.012112703091,3670.2655417054516,3703.6088620115875,734239
2024-03-11,3694.528564453125,3724.8452470514458,3680.9569617211696,3705.8058144908186,373335
2024-03-12,3720.74462890625,3764.730649298354,3681.933476508684,3714.5445129848376,528035
2024-03-13,3647.320556640625,3761.4105479932196,3627.2558768609224,3721.525522089193,428324
2024-03-14,3683.544189453125,3713.9097380670937,3599.184954833999,3629.2086747013836,720948
2024-03-15,3657.181884765625,3690.671805204346,3619.493716166734,3683.544175279452,487749
2024-03-18,3612.317138671875,3656.547250552347,3594.7422787226246,3656.547250552347,533167
2024-03-19,3629.0625,3641.9018172230585,3585.2717085370164,3612.31741966566,559402
2024-03-20,3782.110107421875,3846.9417202510026,3730.7523637256554,3730.7523637256554,3045475
2024-03-21,3826.388916015625,3855.729217676605,3789.3352985066863,3789.6771272639016,838929
2024-03-22,3894.198486328125,3919.1450724048186,3771.9556139282527,3851.823639735008,1033237
2024-03-26,3818.724365234375,3947.0207514532267,3814.8188406812983,3906.940258052416,772158
2024-03-27,3821.360595703125,3892.8316482673335,3813.5495464966693,3841.8645998700713,510950
2024-03-28,3924.368896484375,3978.7532801479774,3799.8314301879486,3822.82525448796,1307106
2024-04-01,3853.4345703125,3973.8712805151818,3843.5243969896837,3964.888621610008,532524
2024-04-02,3829.56201171875,3895.760699857351,3821.8486961589774,3895.760699857351,485047
2024-04-03,3841.27880859375,3849.9687441608594,3794.3150166413357,3830.3433870016183,392460
2024-04-04,3919.48681640625,3934.8159524668067,3800.124223307226,3863.540130002768,932478
2024-04-05,3936.036376953125,3950.9750557144666,3873.840947490145,3918.21742157219,537212
2024-04-08,4106.4150390625,4201.8076685223095,3916.850733334178,3929.885278717485,2165986
2024-04-09,4148.3017578125,4167.097095313441,4039.777086241206,4147.4717384692285,970657
2024-04-10,4213.1826171875,4232.612507744142,4122.330060355022,4149.620105631511,1018246
2024-04-12,4200.6357421875,4279.283051989704,4166.999221354208,4208.202695991196,1133493
2024-04-15,4119.69384765625,4215.867389695235,4094.698395187768,4149.619834169422,860133
2024-04-16,4252.82373046875,4299.982751140803,4106.951999610167,4117.789926144648,1467677
2024-04-18,4248.43017578125,4339.038162737517,4235.590381277024,4253.116614960536,1316876
2024-04-19,4241.54638671875,4266.2491176642525,4160.653107192745,4242.376406106497,719002
2024-04-22,4361.4462890625,4379.069779415092,4267.176396056228,4290.219088238554,781218
2024-04-23,4413.38916015625,4427.790782119838,4340.014212077927,4366.425131487979,740619
2024-04-24,4423.6904296875,4463.672953201209,4408.165587432681,4437.652489946517,919636
2024-04-25,4506.19482421875,4520.156885048874,4380.046179140133,4460.1094396594135,1260511
2024-04-26,4492.32958984375,4523.427424258135,4464.014537006221,4482.565778520464,364193
2024-04-29,4463.8681640625,4494.819159831029,4425.545204714101,4480.6130050904885,465907
2024-04-30,4488.814453125,4579.178811576238,4469.872754799944,4469.872754799944,663752
2024-05-02,4493.69677734375,4524.648252343653,4439.019429683653,4489.400795377327,908139
2024-05-03,4490.62109375,4545.640268000156,4471.82575623743,4513.8101465252485,562484
2024-05-06,4490.376953125,4558.528167367525,4473.046187541619,4504.04628935978,716536
2024-05-07,4513.22412109375,4545.054241853661,4462.061844311756,4496.23518447607,505027
2024-05-08,4491.45068359375,4524.549906724388,4453.225459813499,4476.707233994674,613158
2024-05-09,4460.15771484375,4596.802447279989,4434.234986049717,4471.825660268129,980283
2024-05-10,4547.8369140625,4578.299719084081,4448.782858326958,4481.589359445165,471148
2024-05-13,4547.4462890625,4621.99260373338,4421.346290146844,4568.487110809735,1738770
2024-05-14,4618.81982421875,4630.927332312218,4541.2466251160395,4557.161447732836,870035
2024-05-15,4539.53759765625,4618.8194575387415,4489.498065895206,4618.8194575387415,1082300
2024-05-16,4571.17236328125,4586.9899283140385,4435.7972147224,4540.172262350149,845652
2024-05-17,4583.03515625,4588.991176317917,4512.833450413066,4549.935932264148,287570
2024-05-21,4562.580078125,4617.159684185978,4540.171942034243,4540.171942034243,500742
2024-05-22,4584.548828125,4596.460391499566,4555.306023471441,4562.628881723726,201187
2024-05-23,4738.2314453125,4752.877162828896,4571.953446393849,4585.720516208984,922926
2024-05-24,4765.66748046875,4792.078398301112,4693.854365121508,4708.5978149566245,545727
2024-05-27,4680.08740234375,4791.102125688548,4657.337913090355,4746.237222807455,655641
2024-05-28,4658.265625,4711.527023594333,4647.574061197601,4680.087361304443,333511
2024-05-29,4633.31884765625,4695.270420100898,4612.668482424231,4633.904771674954,548865
2024-05-30,4630.9267578125,4657.337674892074,4593.580182117611,4598.510715790973,431385
2024-05-31,4621.65185546875,4676.866022508935,4557.991609515101,4630.195191104857,1137018
2024-06-03,4560.5302734375,4686.629811452157,4530.408817737085,4686.629811452157,1070710
2024-06-04,4389.2236328125,4595.679613279235,4153.378961756014,4569.365951148116,920927
2024-06-05,4470.84912109375,4537.682599047798,4388.83310751614,4431.891609994103,468061
2024-06-06,4608.27490234375,4615.3536656346005,4431.11035314433,4470.849256386891,748915
2024-06-07,4649.52685546875,4656.361523252933,4559.797526623261,4588.991226523126,419417
2024-06-10,4669.78662109375,4686.629194762428,4644.644808226014,4656.94730521198,301649
2024-06-11,4646.255859375,4698.297258426122,4632.0005998633915,4696.393124568079,733966
2024-06-12,4736.0830078125,4758.344783507808,4632.928437323808,4652.456059820431,523152
2024-06-13,4688.09375,4774.113018394596,4655.3849838592105,4771.525703885412,840780
2024-06-14,4818.53857421875,4828.204651984227,4688.093960870024,4703.716058833977,549131
2024-06-18,4819.51513671875,4858.472649632763,4796.5210743635425,4823.322927891047,706641
2024-06-19,4765.47216796875,4846.4631728531,4735.448448424615,4823.322749529401,652617
2024-06-20,4761.712890625,4808.579183418944,4728.6622950445535,4769.963501618367,637364
2024-06-21,4731.0546875,4808.96970969139,4706.156969095036,4761.712959127374,414677
2024-06-24,4755.85498046875,4773.234851471334,4680.9668302299115,4723.732135089979,302473
2024-06-25,4662.2685546875,4780.362043835031,4649.575599914246,4755.854781961564,660144
2024-06-26,4627.75390625,4693.854623754389,4608.519006983275,4662.2685983462125,600784
2024-06-27,4602.46533203125,4653.872181623907,4571.465230129027,4610.471848261349,1087487
2024-06-28,4562.580078125,4622.139322955987,4545.346570967674,4602.464863141653,939279
2024-07-01,4526.0634765625,4617.746048501001,4516.739227223038,4530.408563405728,1364796
2024-07-02,4516.4951171875,4588.112770089122,4484.420900970976,4526.40529053787,865321
2024-07-03,4581.47314453125,4592.652899557016,4528.5535714986245,4533.972296258661,257361
2024-07-04,4578.7392578125,4613.400787538983,4551.888777038464,4581.47293424642,313153
2024-07-05,4625.41015625,4636.638539293066,4587.624492406406,4589.039959001806,258687
2024-07-08,4642.1552734375,4662.2197141781435,4604.613229751649,4646.548988351385,542470
2024-07-09,4714.65185546875,4723.732009475409,4629.999418960807,4645.231060269151,631367
2024-07-10,4734.61865234375,4837.968694476591,4681.747707369375,4727.6376223321195,832007
2024-07-11,4714.6025390625,4769.621709816135,4692.341240512435,4763.714794815593,308708
2024-07-12,4745.89599609375,4763.959047176885,4701.275187313267,4714.504961055798,290823
2024-07-15,4766.05810546875,4800.865997266182,4711.624857686039,4736.4734712973295,223485
2024-07-16,4799.9873046875,4819.075364825629,4746.188609790475,4766.106689227781,664540
2024-07-18,4824.39697265625,4847.732386680479,4671.935152159011,4704.204358313504,773064
2024-07-19,4736.13232421875,4808.6772543308325,4706.352698582793,4789.149630962991,662969
2024-07-22,4742.625,4754.878392541084,4647.1837440827685,4654.408869129851,377893
2024-07-23,4803.35546875,4857.495991657964,4672.911334674395,4742.331649759322,1128441
2024-07-24,4799.2548828125,4825.568067120931,4763.763334865457,4801.8421973495215,400075
2024-07-25,4784.90234375,4807.164120746595,4757.270947001555,4784.2677913314865,413861
2024-07-26,4894.1103515625,4939.414340065649,4748.873660331593,4781.142865566149,625674
2024-07-29,4845.04736328125,4928.723418564945,4814.681814155913,4915.10271081824,338482
2024-07-30,4834.89306640625,4861.059890383002,4788.319495107759,4833.135294296745,683440
2024-07-31,4845.4873046875,4874.875998213733,4823.274631778957,4834.893473027542,567283
2024-08-01,4851.44287109375,4904.362924526504,4787.685367393134,4853.10290988632,654655
2024-08-02,4615.06103515625,4768.645601440124,4580.7408558682055,4768.645601440124,2120560
2024-08-05,4565.314453125,4582.498857810128,4447.41642174718,4503.216512676892,946316
2024-08-06,4543.97998046875,4639.763063299461,4528.504244430206,4576.298290758538,594238
2024-08-07,4538.3037109375,4629.965273363262,4520.780921256861,4605.236120739029,1093582
2024-08-08,4518.31298828125,4582.530600613496,4489.783021075073,4564.810177979581,979435
2024-08-09,4768.765625,4790.878795649763,4656.570507079881,4744.134806605198,1697560
2024-08-12,4747.24462890625,4789.941006077131,4731.9926862799875,4737.570266891487,738630
2024-08-13,4740.7783203125,4773.010284327612,4728.783944004485,4748.626748357635,194849
2024-08-14,4672.66162109375,4758.301170162546,4655.63243122128,4749.367208288216,328795
2024-08-16,4756.32666015625,4763.237055884995,4674.487927146302,4674.487927146302,259101
2024-08-19,4751.68701171875,4785.9430261082825,4718.8134622107245,4785.9430261082825,280722
2024-08-20,4820.74169921875,4835.302891060961,4762.546099009861,4786.831301810524,523506
2024-08-21,4850.6533203125,4861.956946024774,4804.69938199037,4827.404967728151,221438
2024-08-22,4870.3974609375,4885.649884648616,4842.805526620832,4869.065127357526,536373
2024-08-23,4835.4013671875,4904.258523765969,4819.803327804921,4857.020937147884,208413
2024-08-26,4812.794921875,4853.023299215273,4802.774461894296,4839.251674160016,314431
2024-08-27,4806.52587890625,4824.690251398875,4774.787514709346,4803.761431376987,382109
2024-08-28,4883.52734375,4912.057309393042,4778.0449937119665,4807.66097507795,424484
2024-08-29,4852.9736328125,4930.468788886396,4817.533269307193,4883.527648306255,571335
2024-08-30,4897.0029296875,4915.759719459511,4833.32856440883,4838.3137288779435,465200
2024-09-02,4849.07421875,4946.856125158728,4825.183800787183,4886.390162742849,310778
2024-09-03,4803.5146484375,4876.765036741013,4793.889454286037,4860.920679180988,263404
2024-09-04,4771.677734375,4815.016176087658,4759.486206726776,4768.173369121062,476838
2024-09-05,4738.65625,4800.8498163166205,4725.87182411141,4787.917406914427,398344
2024-09-06,4691.6650390625,4768.17299077788,4679.522679538115,4733.325045583124,291111
2024-09-09,4686.5810546875,4718.813017912028,4655.731074183368,4691.665035068392,272444
2024-09-10,4676.5615234375,4706.473474574681,4629.323932378255,4688.210284374444,404100
2024-09-11,4666.14599609375,4718.319581332122,4641.811627037062,4669.45321052431,384214
2024-09-12,4812.59716796875,4832.34115635016,4657.310892161345,4684.162427141483,757317
2024-09-13,4796.11083984375,4818.915243282107,4766.1988896659,4795.716056474496,315869
2024-09-16,4836.48779296875,4875.531338845566,4797.789381278552,4822.4202006471,453831
2024-09-17,4788.11474609375,4835.7962845344055,4754.993916843302,4835.7962845344055,356442
2024-09-18,4788.2626953125,4816.249894645077,4750.6503018518015,4801.73787068568,295359
2024-09-19,4802.62646484375,4860.772415521281,4783.080108721374,4812.597275605559,357206
2024-09-20,4899.61865234375,4997.401043063124,4792.260716571799,4804.501892842133,1332877
2024-09-23,4817.0888671875,4927.507221703765,4792.507697371606,4926.125238884622,899953
2024-09-24,4814.47265625,4832.291894634119,4792.8530858015965,4824.937066293574,481696
2024-09-25,4832.587890625,4857.021075915428,4788.904316923931,4788.904316923931,665986
2024-09-26,4930.32080078125,4935.898381208296,4827.405259212156,4852.085245199949,790345
2024-09-27,4997.7958984375,5039.653057592901,4889.944361406741,4926.1251238763125,1040624
2024-09-30,4961.9111328125,5019.909099298993,4934.516348642284,4997.203512419174,516973
2024-10-01,4908.9970703125,4981.359076587472,4888.611498816721,4961.960222474869,449002
2024-10-03,4721.28125,4886.637153685311,4650.696491113435,4866.893165185572,1337657
2024-10-04,4646.55029296875,4741.321442504526,4630.804750571767,4720.787886250839,466001
2024-10-07,4608.19775390625,4688.012441882185,4590.47733139525,4688.012441882185,447523
2024-10-08,4633.37109375,4677.844232727082,4527.493960910498,4590.477088146235,661110
2024-10-09,4648.623046875,4677.251828789068,4600.349093777812,4638.751053111529,930717
2024-10-10,4637.76416015625,4707.954136858235,4629.965380974025,4677.153321468789,305739
2024-10-11,4667.52783203125,4746.602598711648,4600.349107088823,4643.785879773782,844931
2024-10-14,4718.61572265625,4748.429338759815,4670.094966255783,4688.210172509432,346430
2024-10-15,4661.654296875,4738.458215961241,4635.789480261286,4718.566244825564,370224
2024-10-16,4618.36572265625,4673.402090750748,4581.592543974276,4663.530096473708,380474
2024-10-17,4564.662109375,4595.36410757371,4463.1285531823,4585.541280586548,514244
2024-10-18,4704.64697265625,4738.45855389184,4553.013040402269,4554.839455794914,778795
2024-10-21,4748.87353515625,4790.7306932097,4682.286742973519,4704.005129721446,745473
2024-10-22,4698.13134765625,4764.422176319556,4688.851769236503,4748.873784988852,528037
2024-10-23,4617.8720703125,4664.961675289689,4593.5868682615655,4662.098411357203,655987
2024-10-24,4608.74072265625,4624.68389768004,4570.881526600514,4605.285524513528,288778
2024-10-25,4532.8251953125,4612.837519763444,4451.035622592079,4590.477548112706,446738
2024-10-28,4660.22265625,4704.005045154108,4475.616372211423,4532.8247690881635,989928
2024-10-29,4835.45068359375,4855.589455109528,4625.473658743548,4627.990824421409,1065819
2024-10-30,4806.9208984375,4884.4160548840455,4788.016125468519,4788.016125468519,842334
2024-10-31,4831.99560546875,4852.085210324611,4758.992496660171,4806.674036433475,510074
2024-11-01,4890.19140625,4926.1253706638745,4866.893402279138,4921.041389783716,79729
2024-11-04,4769.99951171875,4950.804985211147,4729.721487027272,4938.415825568017,719165
2024-11-05,4837.07958984375,4847.1492168744935,4746.45487469095,4769.999677578297,499976
2024-11-06,4854.20751953125,4896.9038943396845,4844.138374690961,4848.087172361105,370356
2024-11-07,4815.55859375,4857.959000092835,4755.9810145367555,4854.207353216158,221554
2024-11-08,4723.99609375,4815.509674136837,4694.478927065838,4812.597242992791,194765
2024-11-11,4732.09130859375,4770.740069937786,4689.4932674920265,4701.043693655059,209237
2024-11-12,4677.54833984375,4745.714264872008,4645.315894153864,4726.710676625342,326018
2024-11-13,4529.96240234375,4659.532332825365,4477.98596460576,4639.837510579763,656931
2024-11-14,4821.18603515625,4909.342751187834,4645.0692717289585,4664.961725810689,2874648
2024-11-18,4813.23876953125,4851.097963803103,4800.750793238602,4817.484016268015,494329
2024-11-19,4901.8896484375,4949.867155560281,4817.533263541177,4817.533263541177,452273
2024-11-21,4819.6064453125,4894.534785825252,4805.094420843872,4827.701191439573,593722
2024-11-22,4922.3740234375,4940.933180032625,4819.5076493345205,4850.11083186819,339941
2024-11-25,4938.3173828125,5002.139732369932,4924.150973961165,4935.01016816998,945466
2024-11-26,4868.62060546875,4950.163371720679,4812.597039927035,4944.881758562979,564637
2024-11-27,4854.55322265625,4908.256775525601,4827.50405453763,4869.85481390204,189349
2024-11-28,4754.056640625,4857.021351670165,4732.436586788507,4857.021351670165,954250
2024-11-29,4769.99951171875,4802.033842992719,4746.454709650089,4776.0706916154595,407774
2024-12-02,4758.99267578125,4783.475029814255,4633.469877600295,4776.120200953543,250521
2024-12-03,4782.33984375,4807.66141372203,4759.041839876894,4759.041839876894,351449
2024-12-04,4735.64501953125,4816.348576114795,4690.184676800255,4774.145798818812,349544
2024-12-05,4775.62646484375,4817.533273942795,4699.069340976988,4735.64488746779,525957
2024-12-06,4814.62060546875,4865.609839727671,4765.754235528947,4788.904254100689,327806
2024-12-09,4780.11865234375,4825.431011631886,4753.365450287956,4824.049028779434,377043
2024-12-10,4751.43994140625,4812.498321499797,4736.089183348169,4778.0451583960685,342297
2024-12-11,4740.482421875,4771.727186941715,4733.72000947862,4760.275577325863,240736
2024-12-12,4746.109375,4758.3013847051825,4713.877409121836,4740.482627311368,236847
2024-12-13,4764.12548828125,4796.259117971358,4693.343580516445,4726.710727425655,404369
2024-12-16,4776.564453125,4802.725238080629,4738.557274981916,4758.301263627674,404180
2024-12-17,4681.94140625,4768.173375186748,4666.442664000592,4746.553803494272,402231
2024-12-18,4689.04931640625,4737.91568826852,4655.978135448956,4663.530114694203,331577
2024-12-19,4710.86669921875,4718.81346213233,4613.775535029976,4649.709499297755,500287
2024-12-20,4673.8955078125,4760.719886898428,4659.581116670187,4687.222699565688,386086
2024-12-23,4689.740234375,4715.062286324187,4637.863095205057,4689.197467480635,371318
2024-12-24,4731.5478515625,4746.454658731345,4677.992284749652,4689.739861063699,227611
2024-12-26,4739.89013671875,4762.595723882191,4710.9157366931195,4731.548108622399,328172
2024-12-27,4814.47265625,4891.523858619308,4728.24069227537,4758.301106810236,408992
2024-12-30,4793.642578125,4842.163813494719,4770.443392590788,4827.404989885042,242799
2024-12-31,4760.1767578125,4810.030328217951,4748.429181192458,4765.211571229936,313948
2025-01-01,4822.76513671875,4843.644790089534,4681.744085108651,4767.1860021505045,290234
2025-01-02,5240.1533203125,5261.772891132537,4804.94636104406,4822.469150690889,2863478
2025-01-03,5242.76953125,5316.760323576058,5203.281552857117,5256.837123552465,836689
2025-01-06,5182.89599609375,5281.517126022058,5122.035245617843,5242.769547106849,419050
2025-01-07,5111.02734375,5224.259309579926,5100.365782869366,5182.895750454863,439721
2025-01-08,5097.1083984375,5170.8027410516615,5068.577948677572,5145.481171538606,343162
2025-01-09,5074.1064453125,5129.340448317538,5039.653280311671,5119.912404186706,239408
2025-01-10,4993.69921875,5096.614760754763,4975.485196201514,5084.077135007499,316803
2025-01-13,4875.876953125,4959.887723643236,4862.549760404524,4945.869298487822,213093
2025-01-14,4965.16845703125,4976.817698952975,4886.686106192195,4886.686106192195,448429
2025-01-15,5016.8486328125,5028.20142613508,4940.143527147219,4973.411858360893,497259
2025-01-16,4983.18505859375,5068.380658085391,4970.450282433056,5046.612621572244,435315
2025-01-17,4948.1396484375,5010.432030617268,4934.072056166923,4940.933285209529,197564
2025-01-20,4952.53271484375,4973.955135176367,4866.893164734079,4948.1891337804045,255315
2025-01-21,4906.33203125,5014.97313640239,4896.509204046428,4967.933179668905,416551
2025-01-22,4945.5732421875,4960.677200852331,4889.796473660504,4916.253225919325,494734
2025-01-23,5050.7099609375,5091.974704661529,4914.081173000746,4932.640811666334,442186
2025-01-24,5139.65625,5157.623472614589,5049.574301129088,5068.281923323438,730641
2025-01-27,5078.6474609375,5141.33462465983,5050.117493854318,5123.565034943264,418597
2025-01-28,5040.0478515625,5127.513817085713,5024.845076812914,5093.949036611913,603950
2025-01-29,5116.5556640625,5167.988849110266,5015.515709259664,5015.515709259664,357310
2025-01-30,5098.24365234375,5200.566780462018,5074.254416130998,5116.556009603027,480830
2025-01-31,5127.8095703125,5176.873572536601,5079.140833466974,5098.884821157808,394118
2025-02-01,5321.15283203125,5353.631596388782,5064.431816892065,5148.04731815031,609534
2025-02-03,5415.03564453125,5504.1303926136425,5337.688473197018,5503.636792901275,1330533
2025-02-04,5380.33544921875,5483.053352122072,5372.339037816912,5465.678546589536,591631
2025-02-05,5347.85693359375,5399.980870574106,5282.504138654852,5380.236882016248,442234
2025-02-06,5273.619140625,5375.349844937555,5262.661130991379,5358.617104498022,361000
2025-02-07,5303.7783203125,5329.889939109235,5251.950348131868,5299.92833878528,604384
2025-02-10,5267.0546875,5375.202194548783,5239.462270031105,5330.877035603389,631815
2025-02-11,4908.701171875,5073.711459847342,4891.523998235209,5073.069876625381,2272410
2025-02-12,4787.37451171875,4935.997194430667,4772.516870944928,4886.63722248636,813864
2025-02-13,4758.69580078125,4844.236530756956,4728.685035998638,4788.558582062869,571526
2025-02-14,4643.14453125,4787.917231120894,4626.0656919080375,4769.259258317154,476473
2025-02-17,4684.458984375,4694.133346092937,4586.528606929082,4639.837376790075,232211
2025-02-18,4658.98876953125,4711.409154275213,4624.486439589654,4707.953956362177,254026
2025-02-19,4749.021484375,4759.288261630073,4617.180716554334,4639.837135378831,275722
2025-02-20,4825.82568359375,4836.29009414527,4715.851761529282,4718.813359872298,277284
2025-02-21,4898.92822265625,4919.1161626813355,4792.853446360548,4825.431029003164,324027
2025-02-24,4946.65869140625,4985.258285372304,4852.627946071808,4872.8163671476,410180
2025-02-25,4925.927734375,5010.0373222325625,4914.3281405747575,4963.638947031591,402917
2025-02-27,4872.32275390625,4935.997116711833,4827.257196636865,4897.002739489809,561804
2025-02-28,4712.4951171875,4868.818237420723,4694.133112077913,4847.1981850968,1076243
2025-03-03,4843.79296875,4864.918940796124,4765.211795296852,4765.211795296852,503560
2025-03-04,4753.4638671875,4824.443406743008,4727.0066343837625,4824.443406743008,638281
2025-03-05,4924.44677734375,4939.946001375484,4719.701709744095,4746.454910993871,551830
2025-03-06,5029.1884765625,5041.726101629259,4931.653369632162,4931.653369632162,648307
2025-03-07,5035.408203125,5065.714935671397,5008.062586765719,5029.188557648466,590548
2025-03-10,4926.66796875,5064.333123366175,4907.022796315067,5057.422727291406,316750
2025-03-11,4921.73193359375,4945.869152509705,4849.172775368308,4886.637186611384,228128
2025-03-12,4953.22412109375,4975.386459741887,4897.002919060412,4921.189305819203,235018
2025-03-13,4951.0517578125,4982.888938250056,4901.494155450806,4966.106548562042,265867
2025-03-17,4985.60400390625,5011.962421936066,4871.829267714934,4871.829267714934,287729
2025-03-18,4985.60400390625,4985.60400390625,4985.60400390625,4985.60400390625,0
2025-03-19,5035.60546875,5073.81027944777,4989.898328019929,5065.320267955935,417978
2025-03-20,5162.41162109375,5191.6328216774755,5047.846833908872,5063.3460583289425,491655
2025-03-21,5238.03076171875,5259.749148155852,5163.398391919611,5181.957547517118,414691
2025-03-24,5354.76708984375,5386.1598374328305,5244.891509220071,5257.330317860802,316612
2025-03-25,5361.72705078125,5429.449029937015,5332.061899911071,5390.109035169736,324007
2025-03-26,5334.13427734375,5424.660654323828,5321.004718253946,5364.342675118877,384678
2025-03-27,5277.3212890625,5335.812854582203,5232.156915686527,5261.230131360605,603145
2025-03-28,5279.24658203125,5339.120131025157,5254.319796435989,5294.350540490445,286609
2025-04-01,5239.26513671875,5454.27698505476,5198.691142740472,5296.867839252867,562006
2025-04-02,5286.9462890625,5324.904298103887,5243.262716419234,5293.067118041846,365908
2025-04-03,5310.29345703125,5339.0702225981795,5197.604744029841,5197.604744029841,224286
2025-04-04,5180.7236328125,5286.551601263185,5163.0528599656545,5282.4548201609905,261887
2025-04-07,5000.412109375,5101.254438707444,4935.948176874294,4935.997344035339,519173
2025-04-08,5164.3857421875,5201.553703656171,5044.391364398149,5099.427731636491,355195
2025-04-09,5190.99072265625,5255.849919927555,5116.013212960774,5203.083916029486,472302
2025-04-11,5282.4052734375,5339.761656073658,5222.284925241201,5222.284925241201,500528
2025-04-15,5458.2255859375,5485.867169660823,5329.889661507788,5394.057623722644,542322
2025-04-16,5543.6181640625,5557.932555190433,5468.097410870303,5477.969404751636,734279
2025-04-17,5605.81201171875,5642.33839094453,5504.6240692689535,5543.61844709107,564357
2025-04-21,5736.1220703125,5782.520441761547,5571.259771759504,5622.594140171215,551547
2025-04-22,5709.96142578125,5830.893354318284,5692.685435990245,5736.615810030229,459537
2025-04-23,5666.52490234375,5742.045661059655,5533.746574928204,5714.897675900343,582611
2025-04-24,5578.17041015625,5700.583140155255,5548.060827374237,5662.575961889434,503663
2025-04-25,5504.13037109375,5595.446317524774,5446.872804682946,5590.016720709956,457510
2025-04-28,5550.03515625,5585.574335478922,5479.450397503669,5509.066380194437,403569
2025-04-29,5507.58544921875,5618.645381650567,5437.494291861781,5554.477420689962,309552
2025-04-30,5495.7392578125,5533.252836364121,5435.026492525008,5533.252836364121,509786
2025-05-02,5370.36474609375,5488.828674316406,5307.183984374999,5488.828674316406,634482
2025-05-05,5390.6025390625,5409.852928131581,5341.736166810217,5399.487334017461,320466
2025-05-06,5444.40478515625,5525.355137356216,5370.85842858433,5390.602416925785,514699
2025-05-07,5418.73779296875,5499.688148046804,5382.705012964495,5390.602608581866,349955
2025-05-08,5303.72900390625,5418.244139216277,5271.151422309432,5393.564153158082,609858
2025-05-09,5255.849609375,5272.138399486699,5193.162447429975,5227.220826754437,412056
2025-05-12,5449.3408203125,5470.072008215862,5344.6976813717165,5434.532828952955,327631
2025-05-13,5349.6337890625,5482.412114330798,5323.47300378659,5436.013740445222,416275
2025-05-14,5376.78173828125,5407.384920854778,5291.388986906729,5360.4929475566305,315866
2025-05-15,5396.0322265625,5476.982581955497,5291.38908422521,5429.597008066913,1930277
2025-05-16,5438.97509765625,5514.002252102548,5420.71190874498,5433.5455009529,638327
2025-05-19,5459.212890625,5555.958435522152,5438.975302151616,5439.468901870479,654074
2025-05-20,5318.537109375,5486.361018162703,5311.133113399072,5478.957022186775,402780
2025-05-21,5339.76171875,5407.384879728808,5316.068932421658,5340.748918180348,300888
2025-05-22,5318.04345703125,5340.7490444661335,5251.90109363398,5313.107459762797,461736
2025-05-23,5330.876953125,5367.8969319661455,5307.184166666667,5321.004958767361,282287
2025-05-26,5358.02490234375,5402.942476375374,5331.370517753556,5333.838516326722,337099
2025-05-27,5320.51123046875,5375.300797829547,5307.184038408016,5350.620812531891,452769
2025-05-28,5258.31787109375,5340.25542545417,5245.977877967181,5335.813027928605,380066
2025-05-29,5310.1455078125,5327.421497101721,5219.323164120597,5260.2919387207485,704795
2025-05-30,5265.22802734375,5333.838386001365,5251.407235671712,5309.158400872726,915804
2025-06-02,5292.3759765625,5316.06876213189,5248.4456033192555,5271.644789189284,475698
2025-06-03,5285.4658203125,5344.69778692041,5228.20825259152,5344.69778692041,479572
2025-06-04,5251.4072265625,5316.562387189086,5228.701640283538,5271.644814332879,321913
2025-06-05,5240.54833984375,5269.670723949503,5216.3619530440565,5263.253927451625,459910
2025-06-06,5324.95361328125,5335.8128067825655,5194.149691560863,5222.778474427967,538092
2025-06-09,5321.9921875,5374.313757883509,5308.664995043823,5352.595370177148,270949
2025-06-10,5308.6650390625,5356.544212357624,5301.7546429168115,5356.544212357624,330659
2025-06-11,5283.4912109375,5364.935161778745,5274.1128165982045,5301.260800211953,366787
2025-06-12,5247.45849609375,5306.19686134962,5234.131303976872,5282.504075364059,337217
2025-06-13,5250.91357421875,5265.227965425024,5152.687234561904,5212.41279787084,414671
2025-06-16,5296.32470703125,5312.613496903759,5237.092743858487,5237.092743858487,294926
2025-06-17,5272.63232421875,5321.992297297001,5243.0163403718,5312.120302681351,710729
2025-06-18,5323.96630859375,5393.070265871993,5239.560760775325,5265.721544602088,774670
2025-06-19,5423.18017578125,5436.013768624639,5335.813024501257,5340.749021748715,923400
2025-06-20,5454.27685546875,5471.059245793269,5424.660872543128,5459.21285262302,776879
2025-06-23,5481.4248046875,5488.828800371454,5409.359246697011,5424.660837777184,247519
2025-06-24,5556.94580078125,5567.311395186687,5488.8290375455235,5517.457822093872,579369
2025-06-25,5504.6240234375,5580.144779856612,5496.232828279821,5559.907191535151,449222
2025-06-26,5539.66943359375,5550.528626994717,5441.443093284995,5505.11745459067,788150
2025-06-27,5587.548828125,5612.228814114952,5523.380864551126,5543.124853343088,413724
2025-06-30,5584.09375,5610.748135441528,5541.150573455317,5587.548948112791,340049
2025-07-01,5642.33837890625,5675.4095600266,5560.400825682696,5584.0936121569775,534027
2025-07-02,5649.24853515625,5671.460521533011,5614.2029566506935,5614.2029566506935,299925
2025-07-03,5642.83203125,5700.5831988196505,5627.036840119839,5636.908834576189,335537
2025-07-04,5556.94580078125,5642.338554692705,5548.06100557659,5642.338554692705,185006
2025-07-07,5609.7607421875,5627.036732154642,5552.996775152607,5557.932772286076,227078
2025-07-08,5606.79931640625,5631.972902561432,5576.196133237205,5631.972902561432,180630
2025-07-09,5622.1005859375,5645.299771849622,5596.927001224347,5598.407800325121,177978
2025-07-10,5579.6513671875,5631.972938748176,5562.868976309547,5619.139345723858,189074
2025-07-11,5540.65673828125,5610.747897019418,5517.457551938335,5559.907126948775,522930
2025-07-14,5469.57861328125,5543.618572850981,5449.834624062655,5534.733777702613,503684
2025-07-15,5519.43212890625,5570.272900617691,5497.2201412653285,5518.4449294555425,715066
2025-07-16,5554.4775390625,5561.387935005526,5469.084789195103,5528.316754421043,226544
2025-07-17,5577.6767578125,5610.2543388758295,5555.958370436947,5595.446347483407,391603
2025-07-18,5555.46484375,5608.773613463461,5539.669652723789,5591.497623278543,254828
2025-07-21,5486.8544921875,5554.971253605445,5469.578501972804,5525.355270380252,190717
2025-07-22,5369.87109375,5468.0974332716705,5363.947897396934,5399.980675211416,517944
2025-07-23,5371.845703125,5392.083291458008,5352.59531422287,5362.467308531654,344237
2025-07-24,5398.99365234375,5431.571233350761,5364.441672487829,5370.364869034558,284450
2025-07-25,5363.45458984375,5409.852963803378,5303.729023363804,5409.852963803378,292877
2025-07-28,5317.05615234375,5386.160112734404,5288.427368753336,5363.4545257489035,322292
2025-07-29,5400.474609375,5413.80180199479,5284.478673610159,5321.005053382917,217256
2025-07-30,5410.83984375,5485.373397518131,5370.364668856048,5395.044653547482,266223
2025-07-31,5398.5,5439.468775715461,5317.549647983908,5380.236810825638,307018
2025-08-01,5528.0,5670.0,5475.0,5551.0,1408773
2025-08-04,5621.0,5670.0,5520.0,5527.5,505407
2025-08-05,5681.0,5690.0,5584.5,5625.0,458305
2025-08-06,5668.0,5712.5,5651.0,5684.5,202535
2025-08-07,5681.5,5694.5,5588.0,5660.0,266900
2025-08-08,5663.0,5711.5,5655.5,5681.5,373874
2025-08-11,5671.5,5708.5,5652.5,5677.0,475811
2025-08-12,5658.0,5694.0,5643.0,5679.5,429572
2025-08-13,5714.5,5757.5,5648.5,5658.0,427562
2025-08-14,5764.0,5785.5,5710.0,5710.0,415010
2025-08-18,5912.0,6024.5,5825.5,5880.0,1288582
2025-08-19,5938.5,5995.0,5891.5,5918.0,843617
2025-08-20,5937.5,5969.5,5905.0,5964.0,510626
2025-08-21,5975.0,5992.5,5898.0,5990.0,499089
2025-08-22,5924.5,5973.0,5913.5,5970.0,273421
2025-08-25,5990.5,6009.0,5880.0,5945.0,822944
2025-08-26,6151.0,6210.0,5960.0,5980.0,1474805
2025-08-28,6133.0,6269.5,6121.0,6269.5,719052
2025-08-29,6103.0,6174.5,6070.0,6149.0,496302
2025-09-01,6280.0,6292.0,6085.0,6085.0,698178
2025-09-02,6349.0,6388.0,6282.5,6310.5,701158
2025-09-03,6371.5,6379.0,6308.0,6349.0,536107
2025-09-04,6425.0,6713.0,6411.5,6690.0,1181698
2025-09-05,6580.5,6598.5,6440.5,6449.0,610721
2025-09-08,6815.0,6848.0,6569.0,6570.5,968116
2025-09-09,6874.5,6937.0,6779.0,6782.0,983283
2025-09-10,6836.5,6924.5,6802.5,6900.0,740607
2025-09-11,6758.0,6828.5,6750.0,6805.0,719575
2025-09-12,6875.0,6899.0,6762.5,6765.0,731798
2025-09-15,6801.0,6900.5,6787.5,6875.0,380686
2025-09-16,6927.5,6954.5,6800.5,6823.0,579275
2025-09-17,6890.5,6938.0,6879.5,6921.0,310534
2025-09-18,6924.5,6935.0,6868.5,6895.5,224356
2025-09-19,6973.5,7018.0,6925.0,6947.0,550551
2025-09-22,6946.0,7005.5,6925.0,7000.0,332786
2025-09-23,6990.5,7122.5,6978.5,7015.0,679055
2025-09-24,7011.5,7060.5,6927.5,6950.0,323002
2025-09-25,6986.0,7044.5,6932.0,7009.5,375861
2025-09-26,7047.0,7091.0,6965.5,6980.0,679362
2025-09-29,6985.0,7073.5,6969.0,7049.0,612976
2025-09-30,7005.5,7032.5,6951.5,6984.5,363934
2025-10-01,7021.5,7063.0,6950.0,7000.0,313734
2025-10-03,6941.0,7008.5,6850.0,7000.0,669742
2025-10-06,6880.0,6955.5,6865.0,6941.0,218200
2025-10-07,6957.0,6999.0,6880.0,6880.0,286586
2025-10-08,6902.5,7007.0,6889.5,6957.0,476286
2025-10-09,6896.5,6958.0,6818.0,6925.0,405889
2025-10-10,6965.0,6984.0,6876.5,6895.5,282882
2025-10-13,6912.0,7047.0,6896.5,6999.5,342990
2025-10-14,6887.0,6942.0,6815.0,6939.5,309415
2025-10-15,6895.0,6940.0,6865.0,6893.5,237366
2025-10-16,6988.0,7016.5,6892.0,6893.0,319047
2025-10-17,7042.5,7099.0,6988.0,6990.0,402013
2025-10-20,7013.5,7104.5,7007.5,7049.0,326177
2025-10-21,7018.5,7058.0,7005.0,7037.0,14379
2025-10-23,6884.5,7100.0,6869.0,7100.0,419750
2025-10-24,6840.0,6909.5,6792.0,6894.0,243740
2025-10-27,6906.5,6927.5,6838.5,6868.0,228141
2025-10-28,7002.5,7022.0,6905.0,6905.0,485231
2025-10-29,6952.0,7007.5,6889.0,7007.5,343504
2025-10-30,6889.0,6988.5,6869.0,6952.0,412184
2025-10-31,7007.0,7099.0,6902.5,6929.0,670785
2025-11-03,7023.5,7070.0,6996.5,7030.0,334962
2025-11-04,6930.0,7060.0,6906.5,7050.0,494329
2025-11-06,6806.5,6975.0,6793.5,6945.0,435650
2025-11-07,6886.0,6897.0,6720.5,6806.5,465149
2025-11-10,6866.5,6915.5,6800.5,6870.0,514365
2025-11-11,6873.0,6890.0,6754.0,6871.5,409676
2025-11-12,6879.0,6925.0,6838.5,6906.5,300606
2025-11-13,6855.0,6946.5,6758.5,6875.0,842032
2025-11-14,6695.0,6850.0,6670.0,6799.0,739163
2025-11-17,6799.0,6809.0,6675.0,6730.0,789635
2025-11-18,6814.5,6854.0,6754.0,6835.0,517129
2025-11-19,6896.5,6911.5,6760.0,6800.0,416170
2025-11-20,7125.5,7138.0,6886.5,6906.0,857232
2025-11-21,7134.5,7205.0,7088.5,7125.5,654156
2025-11-24,7258.5,7284.5,7135.0,7151.5,1229296
2025-11-25,7218.5,7274.5,7180.0,7258.5,521990
2025-11-26,7198.5,7273.0,7180.0,7258.0,313545
2025-11-27,6999.0,7210.5,6981.0,7210.0,480102
2025-11-28,7053.5,7065.0,6956.0,6999.0,449709
2025-12-01,7125.5,7250.0,7025.0,7061.5,974710
2025-12-02,7112.5,7196.0,7091.5,7125.0,448174
2025-12-03,7081.5,7105.0,7042.0,7090.0,333674
2025-12-04,7100.0,7167.5,7066.5,7098.0,364672
2025-12-05,7208.0,7218.0,7070.5,7120.0,501035
2025-12-08,7142.0,7234.0,7115.0,7230.0,273509
2025-12-09,7123.0,7196.0,7052.0,7142.0,436443
2025-12-10,7228.5,7294.0,7129.5,7129.5,626505
2025-12-11,7256.0,7328.5,7220.5,7250.0,502052
2025-12-12,7229.0,7274.5,7188.0,7235.0,324682
2025-12-15,7121.5,7210.5,7094.5,7200.0,391821
2025-12-16,7061.5,7121.5,7035.5,7120.0,505906
2025-12-17,7134.5,7176.5,7080.5,7104.0,594264
2025-12-18,7106.5,7144.0,7013.5,7135.0,327756
2025-12-19,7217.0,7242.0,7075.0,7075.0,423435
2025-12-22,7291.5,7310.0,7213.0,7238.0,233966
2025-12-23,7303.0,7338.0,7280.0,7338.0,249187
2025-12-24,7312.5,7349.5,7240.5,7300.0,205296
2025-12-26,7324.0,7360.0,7274.0,7300.0,157706
2025-12-29,7272.0,7374.5,7232.5,7324.0,282572
2025-12-30,7192.5,7312.0,7132.5,7272.0,1976062
2025-12-31,7312.5,7322.5,7140.0,7189.0,357381
