Price,Close,High,Low,Open,Volume
Ticker,HDFCLIFE.NS,HDFCLIFE.NS,HDFCLIFE.NS,HDFCLIFE.NS,HDFCLIFE.NS
Date,,,,,
2017-11-17,336.6984558105469,360.5389668994097,299.96060389734083,302.8918150103442,168836552
2017-11-20,347.20196533203125,350.6705532522589,336.1122105607222,336.7961717535267,14650240
2017-11-21,376.4652404785156,409.2948142615191,344.4173409628601,348.2279098354801,43078194
2017-11-22,386.13824462890625,398.64473416580216,378.0285421951336,379.10332562826284,15227642
2017-11-23,366.2548522949219,383.01160400664816,362.5908382259807,381.05746316987955,12300150
2017-11-24,362.2000427246094,374.21799782960505,357.70551250512744,367.42734599407885,9463228
2017-11-27,371.6286926269531,375.68352838720443,362.4930794061192,362.4930794061192,3832223
2017-11-28,373.436279296875,377.5399566520049,369.43028511715215,374.21792360704666,2409447
2017-11-29,369.1371765136719,375.8789859694154,367.4761747634189,373.63170621156036,1657909
2017-11-30,362.9816589355469,371.0913314476238,362.29769771836425,371.0913314476238,2536960
2017-12-01,364.2030029296875,370.84706992924333,359.56191838531186,365.1312317656919,1904781
2017-12-04,354.48114013671875,366.30369830527945,353.6994957197161,365.4731824760746,1323453
2017-12-05,354.0414733886719,357.510061459774,348.96069526695027,352.7224223553573,1806017
2017-12-06,359.9039001464844,363.1770920623031,350.3285920074054,352.6247134897155,3331373
2017-12-07,379.3964538574219,380.9597725823962,361.5649176725955,361.5649176725955,3350792
2017-12-08,380.3735046386719,386.7244624030636,376.7583619557888,381.0574658635048,2494845
2017-12-11,372.06842041015625,383.2558891394443,370.3585470997827,378.12626920832366,1029719
2017-12-12,374.9996032714844,378.1262404425828,368.40437814748583,372.16610510770124,2564559
2017-12-13,372.06842041015625,380.3246777502325,369.8211702722235,377.5888923807645,747787
2017-12-14,375.4881591796875,377.14919085930615,368.3555568755399,374.0714249285527,1261422
2017-12-15,373.9781188964844,383.1461780213423,372.7034282903414,380.44969180366166,1698848
2017-12-18,370.1050109863281,375.84114877539145,365.00618859191604,372.60537720598546,1399027
2017-12-19,367.6046142578125,373.5369020239077,365.006188010914,370.6442956833459,1641589
2017-12-20,367.8497619628906,370.350158187859,364.2707951287388,370.1050230632771,2251770
2017-12-21,368.7322692871094,374.37037756320416,367.7027136583554,371.8700110798167,1448962
2017-12-22,367.26141357421875,372.99758119140347,366.91824835569815,368.9283443086895,775946
2017-12-26,369.2225036621094,371.2326295888414,366.1338071525246,368.683218370683,1310649
2017-12-27,367.55560302734375,370.5952844844956,366.52601757439265,367.8007381460863,589597
2017-12-28,370.59527587890625,372.60537183643066,365.1532584149581,367.702669575425,912189
2017-12-29,378.4886474609375,383.1952300712736,368.34004691344506,371.6248636986925,1611972
2018-01-01,382.0675964355469,392.02007643711335,379.02791492789004,380.9399808553396,1445743
2018-01-02,387.8037414550781,390.255092538865,376.8707216061327,384.07769977720983,1219713
2018-01-03,378.1453857421875,390.5492153735355,376.62556014606633,390.2550652335499,2275082
2018-01-04,391.2356262207031,394.12823241914066,379.71427632573256,382.41076247136397,2974278
2018-01-05,399.0799560546875,403.98265821752153,390.25509216158633,393.19671345928674,3554479
2018-01-08,413.8861083984375,419.96544091794476,401.58030843688164,402.0215635859144,3806105
2018-01-09,427.0253601074219,438.93892042647866,414.42540951330864,415.7491450873637,6183645
2018-01-10,420.8970031738281,433.30083432396793,418.6907870826433,429.4767324173249,2374166
2018-01-11,438.0074157714844,441.0470671219345,415.7491363600776,415.7491363600776,2604294
2018-01-12,447.0774230957031,449.7739092906743,435.6541030943954,440.99806043209867,5364763
2018-01-15,465.609619140625,478.5037195326315,448.1069668574029,451.0485880840379,5635852
2018-01-16,473.2578430175781,484.6811332948813,462.07968785319446,470.561356775464,8288750
2018-01-17,469.09051513671875,478.6998288831534,460.85398187100185,475.9542978454358,5691140
2018-01-18,475.6111755371094,480.26874308819964,468.6983767202433,473.79719948250477,1772870
2018-01-19,472.1302795410156,481.7886100397354,467.7178470219407,479.7294688794224,3488403
2018-01-22,461.0501708984375,479.337245866532,459.8735102885514,472.130266959355,3825798
2018-01-23,449.6268005371094,465.0212972004223,445.65562377984594,465.0212972004223,3561221
2018-01-24,446.39105224609375,451.048619512802,439.2821337863811,448.59726831979765,2072037
2018-01-25,439.7724304199219,451.0486465845352,438.30161961584184,446.14594390426856,1194340
2018-01-29,436.6837158203125,443.7926344153678,435.7521903797478,438.30160165375327,1113037
2018-01-30,413.6409912109375,439.3801777990318,408.88536408515523,435.3599560043379,3583717
2018-01-31,418.6907958984375,424.47597889683317,387.6076499008916,410.2581415653874,14738305
2018-02-01,439.5272521972656,443.20427884699177,414.76860608910954,421.58337411608983,4965461
2018-02-02,433.7911071777344,446.14592334748585,421.63241107564596,432.4183564752555,5311751
2018-02-05,433.1047058105469,435.3599367566911,414.13124312255553,419.86741043618804,2268830
2018-02-06,430.26116943359375,432.1242203658846,408.93441306277094,409.8659385289164,1893871
2018-02-07,425.0152587890625,440.55680057183207,422.61292278056703,434.3794078695851,1048027
2018-02-08,432.90863037109375,436.09538699330454,426.3880420365452,426.4370570920138,927897
2018-02-09,430.99652099609375,437.32101854771736,421.92652229303013,421.92652229303013,1008995
2018-02-12,433.15374755859375,442.2237468000584,426.5841145169097,433.39888267322794,1944360
2018-02-14,423.49542236328125,434.28136751685446,422.61294192636933,433.20276701675306,2159701
2018-02-15,423.5934753417969,428.4961776026973,419.6713135330765,424.57401579397697,506167
2018-02-16,423.05419921875,426.82925610237106,418.29857193800655,425.70164054270293,522734
2018-02-19,427.4176025390625,430.84949432578725,418.4946779088338,423.59350053288495,693977
2018-02-20,426.0448303222656,433.3988837800723,424.181809431032,430.9475326274701,781850
2018-02-21,440.8509826660156,441.73346306697715,427.6627019323751,430.3591881109194,1312613
2018-02-22,442.02764892578125,445.6556607739578,435.2619254070265,438.49772703684596,772690
2018-02-23,459.7264404296875,462.520986967206,443.2533413222598,443.30238630373503,1849448
2018-02-26,459.1871032714844,463.59953551274936,452.37236476420793,463.59953551274936,920977
2018-02-27,459.8734436035156,468.50218707904105,451.0485800802072,458.7948431881454,1378658
2018-02-28,452.2252502441406,458.8929130800904,451.048589779576,458.40264287380825,1358563
2018-03-01,442.1746826171875,455.3139173169529,441.3412173352925,452.9115814909702,1102928
2018-03-05,444.0867614746094,447.2735179202771,439.3801793089573,441.2432001693729,1249630
2018-03-06,438.644775390625,448.49919492338165,436.4385593826598,448.10698472893176,1595634
2018-03-07,429.0354919433594,438.8408971293461,426.53512559042156,437.76232649786505,2900233
2018-03-08,422.17169189453125,433.39889236533884,419.37717546418384,432.4183518848743,1951335
2018-03-09,417.2690124511719,426.48611741365863,414.7686460579004,426.28999733728654,1494497
2018-03-12,422.0246276855469,424.9172341469671,417.2199851921675,421.58340241219696,884484
2018-03-13,433.3498840332031,436.83079082336207,421.4362930717708,423.54447907644976,1396863
2018-03-14,436.5856018066406,439.1840278146823,431.43776483980207,433.3498305398291,872703
2018-03-15,439.8704528808594,442.2237439816051,434.96775061942253,436.3405012678809,656358
2018-03-16,434.67352294921875,442.1746805271004,427.6136504197702,442.1746805271004,553113
2018-03-19,417.6121520996094,434.085248841859,416.72967172070923,431.4377777814401,697119
2018-03-20,414.6215515136719,420.30867437702676,411.4838099812355,416.68069252410066,1782357
2018-03-21,414.2783203125,429.4766965606509,411.09156400240386,418.3966019750347,1341420
2018-03-22,419.1810302734375,421.38724622224504,415.9452588513406,418.4946400087653,1267475
2018-03-23,420.7989196777344,422.6129254585299,408.0028790318304,411.82698072524954,939860
2018-03-26,429.0354919433594,430.4572876648162,418.93593657128184,420.6518824788295,675696
2018-03-27,439.9194641113281,440.65486944415335,431.4868103101878,431.4868103101878,1231929
2018-03-28,445.60662841796875,451.04861605523394,433.88915783574134,433.88915783574134,1217753
2018-04-02,473.2578430175781,477.52319996712083,447.7147762208577,447.7147762208577,2112175
2018-04-03,483.99481201171875,498.40873986096295,472.81665594478676,475.3660373860159,3149584
2018-04-04,486.20098876953125,494.1923874630086,479.38622066340065,485.36752340116914,1687239
2018-04-05,488.2601623535156,496.0064264521809,477.5722467804667,492.03521940455425,1710038
2018-04-06,486.6912536621094,494.58459223921733,484.38697764202385,488.11301934670547,1505952
2018-04-09,482.4259033203125,500.95811191433665,480.46482241250635,486.78932030966916,2704392
2018-04-10,493.75115966796875,496.05543584107176,482.52398883211345,485.3185352580588,1439138
2018-04-11,490.0250549316406,497.8203629225515,485.3674881263874,491.7410005967339,2556799
2018-04-12,489.87799072265625,491.74101150132736,487.72078986921497,490.2702008986315,870497
2018-04-13,490.0741271972656,491.79007306269546,487.9169560635294,490.5153823892932,990964
2018-04-16,485.1224060058594,490.56439373992333,483.1613250316063,486.05393143811796,839503
2018-04-17,481.739501953125,490.56436583528154,476.5426496364538,487.81886459698717,1325820
2018-04-18,483.55352783203125,490.51537116869486,478.50375038545343,486.34807416226414,1042991
2018-04-19,493.7021179199219,501.05617131495546,487.42666500757053,491.25076678824405,4279631
2018-04-20,486.0048828125,493.45699644348457,484.38699700562614,493.0157412581005,1683866
2018-04-23,483.99481201171875,487.1815687369774,479.4843195850698,486.7403135286065,1348271
2018-04-24,489.8290100097656,493.2118868092584,479.5823794209438,486.151983020631,2176962
2018-04-25,500.6639404296875,504.8802821561734,485.3675040153685,489.28966566397753,3740225
2018-04-26,522.6771240234375,526.3541510564991,502.9682830652055,502.9682830652055,4445968
2018-04-27,509.0476379394531,536.2085626278334,506.9394518698754,527.4327727993374,2924033
2018-04-30,507.96893310546875,515.5191060190291,504.2919066716668,509.88099882053285,1988145
2018-05-02,500.026611328125,515.0778832027685,498.2126055221957,510.6164361525842,1474785
2018-05-03,486.34808349609375,500.95813082605076,483.4064620233351,500.61493566948474,1926354
2018-05-04,490.6134033203125,495.0748502453525,480.5628640524209,480.5628640524209,1276630
2018-05-07,490.1721496582031,494.9767917283712,487.5247084801361,492.77057578478923,1484565
2018-05-08,500.026611328125,503.9487731036609,489.28968149810754,493.50599343732085,1444181
2018-05-09,504.73321533203125,507.91997191256377,501.0561885083399,501.9386689612817,1600419
2018-05-10,507.5767822265625,510.76353865355884,499.5853537091192,506.9394070021877,1447761
2018-05-11,513.1168212890625,514.7347370202741,506.05691786254846,507.5768034847224,1183632
2018-05-14,529.4918212890625,537.5812796698676,514.6366101417001,515.7642555519386,2848754
2018-05-15,496.6437683105469,515.3230530563907,485.36755244564796,511.8421462154106,7490877
2018-05-16,487.8678894042969,499.58535976272407,485.56364328352316,492.4764414932839,2261791
2018-05-17,484.6811828613281,493.45703277080474,482.6220716412032,488.50531495292665,1338372
2018-05-18,484.33795166015625,488.1130083321926,475.6601629721785,487.91691820273496,1158565
2018-05-21,480.1216125488281,491.7410225560836,477.7683215163544,484.3379543255743,1332552
2018-05-22,472.2283020019531,487.03446926132324,470.65943124638767,482.3769019729475,1469055
2018-05-23,467.0804443359375,475.95432334383673,465.85476878657465,473.601032273804,1261911
2018-05-24,465.80572509765625,474.77769408276254,460.8540078340337,469.4827517559065,1958399
2018-05-25,472.1302795410156,478.0135228997822,464.3349701211607,469.3847779430805,1596757
2018-05-28,481.69049072265625,483.74963162957334,473.65004715230174,476.1994582787838,1975352
2018-05-29,484.6321105957031,488.01498707010774,480.02355857603874,481.837564367767,957169
2018-05-30,491.4468994140625,495.17294125999604,475.1699214987918,482.4259150493427,1480953
2018-05-31,481.59246826171875,498.8990023776566,476.9349008125266,496.5947561049285,1419549
2018-06-01,479.33721923828125,483.2593811550536,475.6111474631152,482.0827206105336,1060120
2018-06-04,464.62908935546875,482.2297721430426,463.30535378847213,481.20021665966703,1150250
2018-06-05,455.31396484375,469.6788764799481,453.2058088568199,458.1575261696362,1227934
2018-06-06,458.1085205078125,462.37384762222166,452.0291576116599,456.44158973585184,1023144
2018-06-07,461.393310546875,466.4431179540468,458.8929442942472,461.8345657320308,1350574
2018-06-08,462.9621276855469,466.73721407827634,457.0298704424842,461.39325711566636,2205834
2018-06-11,476.39556884765625,478.50372476505356,465.4135041786429,466.44308957345476,2410561
2018-06-12,493.407958984375,497.72233091470565,476.7387715852234,478.50373239917525,2776666
2018-06-13,481.69049072265625,495.172921760695,480.70995028352615,494.1923813215649,1003539
2018-06-14,472.1302795410156,481.4454148590627,469.6789281415296,481.4454148590627,1006376
2018-06-15,460.6088562011719,477.5231782223964,456.39254442044097,473.5029565688399,13594222
2018-06-18,469.875,475.56212269365255,460.7559557755598,460.80500075274995,1504101
2018-06-19,465.5115966796875,473.79717577280593,462.12872002658685,467.0314224666046,911179
2018-06-20,464.1878967285156,469.2376746452777,462.03072544327097,467.717848741498,568306
2018-06-21,463.2073059082031,466.73725753819394,458.89293388208984,465.75671708118097,660819
2018-06-22,462.2267761230469,464.58006728946674,459.97154498933634,464.58006728946674,527118
2018-06-25,458.1085205078125,466.63920466035125,457.02992000382153,462.3248325681077,539959
2018-06-26,458.6968078613281,461.44233905952376,447.1264425883969,456.0003216395779,1248575
2018-06-27,459.579345703125,461.63845682034724,452.5194421123815,459.38322563304604,593999
2018-06-28,451.78399658203125,458.84389954531287,449.08751043856824,458.84389954531287,466930
2018-06-29,447.2735290527344,455.9513181901293,445.16537302864236,453.0587118364242,1002424
2018-07-02,449.4307556152344,455.46107385919623,441.83156654653953,448.8424253154942,803747
2018-07-03,450.3622131347656,455.4610354037137,444.4299554289198,449.08752252938837,415286
2018-07-04,451.0486145019531,455.41203154651447,447.22451266809367,451.0486145019531,481896
2018-07-05,452.7645568847656,460.657895609208,448.89141010272795,451.48986625771835,555727
2018-07-06,459.579345703125,462.76610233771925,451.1466913929929,453.00971236385755,663491
2018-07-09,465.364501953125,470.56135435075134,462.17774550159265,463.7956312537805,712689
2018-07-10,466.4430847167969,472.6204773264729,463.9917336933193,468.6493006379267,679839
2018-07-11,459.775390625,467.4236237499626,458.89291024389007,465.85475311481247,401838
2018-07-12,469.7769470214844,473.60104888487905,462.12871337097454,462.3738484894449,953274
2018-07-13,462.3738708496094,473.3069216010839,460.85404501108286,471.6399907453848,569549
2018-07-16,450.90155029296875,463.3053815062218,448.59727415681795,462.6189911937612,801423
2018-07-17,455.4610290527344,461.49134670345734,446.6851802478926,451.04859712434404,1332222
2018-07-18,464.6781005859375,468.6983223059414,456.9318372271312,458.89291807359956,1274708
2018-07-19,461.8345642089844,465.2174408207677,459.08906284559544,462.7660896306988,581747
2018-07-20,480.0726013183594,484.0928230728496,459.1870721700796,462.6189636808387,3641559
2018-07-23,473.5520324707031,488.3091545907549,469.2376304590374,487.32861411968906,1379264
2018-07-24,470.8064880371094,478.5037365045598,460.9030235714309,474.6305897826273,1128826
2018-07-25,484.7301940917969,486.1029447842042,469.139606386034,470.6594321662492,1598485
2018-07-26,479.8764953613281,486.2500083542776,476.5426637805293,484.38698746415946,559055
2018-07-27,498.50677490234375,500.8600660736362,480.4648360241406,480.4648360241406,2140712
2018-07-30,485.5636291503906,497.5262043496468,483.06323311899587,497.13399416542376,1042844
2018-07-31,492.9176940917969,495.07486511840665,478.50373756850365,483.40643979768913,896975
2018-08-01,486.1029357910156,492.8196439647026,484.3869899763221,490.5643829397305,444268
2018-08-02,483.5044860839844,494.43750575956614,481.0040900639387,486.0048521803112,551346
2018-08-03,476.9348449707031,494.9277673103655,473.7971336423325,485.7597085780202,1248163
2018-08-06,475.954345703125,481.4453784069711,472.1302437942089,479.9745676786402,1237540
2018-08-07,468.7964172363281,477.47420661278227,466.7372762094832,476.3956060821758,666377
2018-08-08,458.8929443359375,470.4142949683034,456.490608192041,468.7964091621196,1535027
2018-08-09,456.8828430175781,465.46257211226805,454.23537178458565,461.83456041131103,1444553
2018-08-10,455.8532409667969,458.89292229150584,450.1170734534092,457.8143218312905,2171685
2018-08-13,455.06884765625,459.57933989759607,451.6859709943102,455.9513281130148,1107202
2018-08-14,458.9909973144531,461.8345586761226,454.970775426159,455.06883545733103,959947
2018-08-16,452.2252502441406,459.67733344065437,450.9995747284353,458.8929130800904,512635
2018-08-17,452.32330322265625,456.6377051951148,450.55834236026516,454.382444177926,1013707
2018-08-20,453.45098876953125,458.89297684597193,452.17626810183657,454.82373955312937,726254
2018-08-21,453.3038635253906,455.90231980280913,452.56845814658647,454.4315090452008,762167
2018-08-23,458.1085205078125,465.46257404813235,453.3038482558272,455.6571693277059,1485668
2018-08-24,453.15679931640625,463.30539977235463,451.63697346653606,457.91242686495156,709420
2018-08-27,451.8330078125,456.9318299010549,451.048587455977,453.99020867851596,717597
2018-08-28,452.4704284667969,454.774674716938,451.2937678900989,452.96069871980075,670395
2018-08-29,457.177001953125,460.75596874506476,451.4408341208188,454.3334405262572,1210750
2018-08-30,457.5691833496094,466.24697209575686,455.95129763307455,460.8049847063981,1091878
2018-08-31,452.7645568847656,458.6968146914613,452.127211571242,455.951313376104,513771
2018-09-03,451.1956787109375,456.6867111746466,450.06806318660824,453.10774454363644,484678
2018-09-04,444.0867614746094,452.96067045446966,443.2042810590146,452.96067045446966,554039
2018-09-05,446.5381164550781,453.0587044848814,432.9086101387384,441.6354141885013,951095
2018-09-06,444.9692687988281,451.0486318938424,442.027647286477,451.0486318938424,442815
2018-09-07,442.56695556640625,446.145922365473,438.5467335779292,445.1653818767577,710881
2018-09-10,441.3412170410156,448.10693946393343,435.1147798405261,440.2626166724422,947697
2018-09-11,437.27203369140625,446.88131830869867,434.6245624582133,445.94979289457365,625164
2018-09-12,428.10394287109375,439.0859773518769,420.7498899012183,439.0859773518769,1384238
2018-09-14,417.2690124511719,429.9180092841141,413.8861655616706,428.545228596954,1870621
2018-09-17,404.9142150878906,417.0238664328757,401.2862032357574,416.7297162497175,2753776
2018-09-18,402.6589050292969,409.96394290175397,401.0410193711008,406.2378714668137,1284003
2018-09-19,392.3142395019531,406.9242862025539,391.08856394110205,403.98266485651135,1252296
2018-09-21,380.69482421875,392.2161743399871,365.251312354113,392.2161743399871,2926366
2018-09-24,361.9174499511719,383.2442026097192,360.83884957909964,382.4107373256763,3357152
2018-09-25,382.41082763671875,389.0784916362797,355.9362318772536,361.6724002765491,2579384
2018-09-26,395.74609375,398.1483996684777,383.39127927704493,387.3134407018741,2432342
2018-09-27,396.1873779296875,404.9632273935397,390.2551198610867,397.8543087528541,1375955
2018-09-28,383.9796447753906,405.94374478888597,382.5088341058657,405.8947297360563,937746
2018-10-01,380.7928771972656,386.5290446255352,371.6248183070575,385.9407143901734,1561320
2018-10-03,372.26214599609375,384.37182556693847,370.74232038999713,378.8807935026673,994487
2018-10-04,365.05517578125,372.6053487651897,358.3384980385361,368.4870671514557,1262589
2018-10-05,359.7602844238281,369.66374893440087,357.9953235867327,362.79996579768783,652992
2018-10-08,361.96649169921875,365.54545826370014,355.93617407362433,360.3486059836279,937703
2018-10-09,354.31829833984375,367.3594743828723,350.0529413886,364.27077794359917,1037612
2018-10-10,362.5548400878906,366.2318668636299,354.02412599868734,356.0342519236571,1199754
2018-10-11,358.6326599121094,366.7221184063675,348.0918503589852,351.0334716296245,1236817
2018-10-12,365.9867248535156,372.3112227581816,361.32915769195046,361.81942791948364,1014252
2018-10-15,361.67236328125,370.3991675986311,359.7602973691612,369.66376223609245,799151
2018-10-16,368.9283447265625,377.4590586206248,361.8194264560839,364.02564247106,1559187
2018-10-17,364.1727294921875,374.90965975320086,361.81943831714534,373.3407889952658,837452
2018-10-19,362.5058288574219,367.70268145246166,359.1229522185709,361.8194385492223,711888
2018-10-22,358.5836486816406,366.7221223143155,357.5050482195017,366.7221223143155,503122
2018-10-23,352.9455871582031,362.6038877521009,352.01406165508615,357.89730502536617,838685
2018-10-24,357.652099609375,361.8193961778187,353.4848030409313,361.8193961778187,2217572
2018-10-25,352.84747314453125,356.671574765521,351.0334673980935,355.7400494048933,527295
2018-10-26,352.7984313964844,356.4264429225425,348.1408643981843,352.9455363985637,1787348
2018-10-29,359.07391357421875,371.33066881741684,352.1120706113385,355.88715721098725,1755867
2018-10-30,362.6038513183594,364.7120372531951,359.2700197282557,359.85834999091406,451965
2018-10-31,365.05517578125,367.5065267599684,357.99530291677195,363.4372901200395,386859
2018-11-01,365.2513427734375,376.91976894709285,363.82954705355553,370.1540453610004,1073936
2018-11-02,379.0769348144531,380.3516253992299,364.5159034983043,367.40850972554574,2557300
2018-11-05,391.3827209472656,397.56014383616315,373.8800676476365,380.35164070679184,2065266
2018-11-06,389.91192626953125,400.06052649250455,384.71507355664176,392.2162024436319,1231518
2018-11-07,395.74609375,398.09938462015407,389.61771652370453,392.2161424829104,279874
2018-11-09,393.5399169921875,398.05040906297666,389.27456003477033,394.17726230221075,1078490
2018-11-12,390.00994873046875,394.618500634672,387.4115226243621,394.5694556598587,783559
2018-11-13,390.7944030761719,393.0986792286675,384.37187479086407,389.2255622200841,637189
2018-11-14,393.637939453125,399.37407661959236,389.32353793057183,393.14766927317277,1334156
2018-11-15,390.05902099609375,394.86369365687045,387.4605945088454,394.86369365687045,570933
2018-11-16,385.74462890625,391.82399201026874,384.077728001015,389.27458071104405,941682
2018-11-19,376.5275573730469,385.30340694276674,372.8505304455757,384.37188148498535,1640501
2018-11-20,379.5181579589844,381.13607359252603,372.65437501233845,374.56644080267733,1285180
2018-11-21,382.6069030761719,386.1368248265448,374.81159437603753,379.46916160504,1527245
2018-11-22,385.6465148925781,387.31344548821687,378.5866421948714,383.7344791285755,1025212
2018-11-26,388.4410705566406,389.2745358751219,381.13606258575896,388.2939954824894,1765005
2018-11-27,385.30340576171875,389.0784627900403,382.4107992848193,388.2450272946789,496422
2018-11-28,387.0683288574219,388.2940043762864,383.34228724956114,386.28390849483606,1584598
2018-11-29,385.0582580566406,388.93137499429577,384.3718677518811,387.41154922139776,566084
2018-11-30,388.98040771484375,392.2161792239535,384.91114091641947,385.64654625246436,606060
2018-12-03,390.8924865722656,392.363297405918,385.1563183362768,389.2255855816934,828428
2018-12-04,390.94146728515625,392.216157828612,384.91111991956683,389.3725966690982,770066
2018-12-05,388.8823547363281,390.89245072180915,384.86213284164586,386.3329435404038,1331974
2018-12-06,388.7352600097656,392.6574216749469,383.4893627978419,386.9702693062028,697313
2018-12-07,384.9111633300781,391.23566155783243,383.3913375165726,388.29404004236,643910
2018-12-10,377.80224609375,381.185122818801,375.9882700913388,380.449717437157,596400
2018-12-11,377.2629699707031,381.381252177689,372.5563873830527,372.60540244020063,429483
2018-12-12,385.6465148925781,388.931331111209,377.31192176181906,377.31192176181906,667544
2018-12-13,379.665283203125,388.980417698785,378.48862266576396,387.31348692481026,654908
2018-12-14,386.43096923828125,387.3134495943857,378.782736330035,381.43020732206594,564640
2018-12-17,385.5485534667969,388.8333403467811,382.95009708893815,388.8333403467811,288405
2018-12-18,384.86212158203125,386.72514242787554,382.9500557600977,384.42086641582523,726131
2018-12-19,380.0084533691406,386.7251616827962,379.46916807134414,386.7251616827962,641305
2018-12-20,379.665283203125,382.9500698494603,378.19447249328397,379.2730430748577,862497
2018-12-21,377.7041931152344,380.4496944043344,373.78203131725155,380.4496944043344,1139523
2018-12-24,377.6061096191406,380.15552061413985,375.7921039155613,377.5080495955411,1142259
2018-12-26,377.3119201660156,378.5375956212375,372.1640832540837,375.54695947998295,1277067
2018-12-27,382.9990539550781,386.823155208134,378.09635236815626,379.1749527020222,862693
2018-12-28,379.8123474121094,385.7446051357558,377.0178011586989,383.78352424546347,935219
2018-12-31,379.6162414550781,381.8224575386106,378.0964156781329,380.44970684915677,380439
2019-01-01,378.8808288574219,381.332180014527,377.6061382252153,380.25357952065673,244225
2019-01-02,383.5384216308594,384.8621573287089,377.6061634045809,378.43962883831745,401487
2019-01-03,383.68548583984375,387.8037679110424,381.9205249085993,385.0092215001377,391423
2019-01-04,385.8426818847656,387.2644775613262,380.2045740808586,384.3718711533116,484014
2019-01-07,385.4013977050781,387.7056736624341,382.5088214383706,386.82319327468804,346567
2019-01-08,387.01934814453125,388.2940388277601,381.6263753830346,385.2543572865359,391569
2019-01-09,388.29400634765625,390.6963423463149,383.88157445734197,385.05823493091333,815426
2019-01-10,398.7857971191406,401.3842232235205,387.36247739213167,388.93134803445946,1539299
2019-01-11,398.6877136230469,401.4332146427073,396.13830271980964,400.6487943295806,644793
2019-01-14,384.42083740234375,397.1678621232564,382.6558767181658,397.1678621232564,976187
2019-01-15,379.95941162109375,386.03877417651876,377.60612060482947,384.4699035244363,668054
2019-01-16,379.95941162109375,382.3127026373581,377.94931573555357,378.8808111775547,962874
2019-01-17,383.2442626953125,384.8621485452169,376.62561428084064,379.9594460159785,962821
2019-01-18,376.2334289550781,384.81315894888553,375.54703858608417,383.3913631518509,435544
2019-01-21,376.3804626464844,378.6847387189061,374.5664568054834,376.42947770013836,900424
2019-01-22,376.3804626464844,381.92051027679526,373.68397637367,377.41001816297995,1365759
2019-01-23,366.0848083496094,381.92053172924847,364.02566727723615,377.5080993986153,1355788
2019-01-24,354.1712341308594,367.1143505413282,353.09263361572346,363.9766389526028,1229942
2019-01-25,352.40625,361.574309667152,350.0529587828428,356.86772723283764,1351651
2019-01-28,360.15252685546875,362.30972800387116,337.69815456879604,353.9751334489783,1405014
2019-01-29,353.2886962890625,359.36805877534977,350.739315172605,359.3190437245404,793151
2019-01-30,363.192138671875,364.7610092123705,351.0334443495393,355.2497558736365,943004
2019-01-31,364.36883544921875,367.21239675577453,355.9361816351032,365.74158608786087,892055
2019-02-01,368.1439208984375,369.8108216955155,360.8388826364456,365.59450976463177,854153
2019-02-04,368.87933349609375,370.5952793033015,363.3883009282849,365.3003368735129,572950
2019-02-05,368.9283447265625,369.9579002307301,363.3882971625887,367.7026691626869,387625
2019-02-06,362.40777587890625,369.6637696160689,360.54475490802577,368.9283642388486,489165
2019-02-07,361.2311096191406,364.76106135897163,359.9564189548476,362.7999803839234,974999
2019-02-08,357.9462890625,365.5454777571936,356.47547834739805,361.13304561188767,308347
2019-02-11,349.6607360839844,359.2210056253966,344.4148386072859,358.6816904149822,693813
2019-02-12,346.4739685058594,353.2887065712167,344.5128876369129,348.38600439885056,495884
2019-02-14,352.5042724609375,354.6614733022302,346.67004513361275,351.0334618665247,922903
2019-02-15,351.5237731933594,354.90664992579667,347.11134089386115,349.07242191586033,645076
2019-02-18,343.7774353027344,355.740009013307,342.20856483736156,352.45522294596066,433200
2019-02-19,340.0514221191406,347.1113254537906,339.31601676860294,344.85609434829644,345475
2019-02-20,339.5611572265625,342.9440338617348,339.02187193050696,341.81641829125095,480124
2019-02-21,349.9058837890625,350.73934919971026,339.5121484930508,340.63976408452896,546373
2019-02-22,355.4458923339844,356.9167029229526,349.219454855942,351.3766556892493,487266
2019-02-25,347.69964599609375,357.7992005582385,347.11131574737124,355.8871646545398,480503
2019-02-26,346.81719970703125,348.8272958372368,339.6102207794795,344.1697282891641,619615
2019-02-27,343.2381591796875,350.5431972170548,341.27707835609556,348.38599634161625,429691
2019-02-28,345.3953552246094,349.31751681693993,341.3751336077269,345.00314505011994,1177853
2019-03-01,355.8871765136719,356.91673204045424,344.954126304775,344.954126304775,1162447
2019-03-05,368.97735595703125,371.62482711706275,353.09261876800065,353.09261876800065,1316987
2019-03-06,382.45977783203125,384.27378358893964,368.7322119886233,372.40923855382187,1444943
2019-03-07,383.4893798828125,386.33294123200966,376.82168680071834,382.99910965282265,912620
2019-03-08,384.0777282714844,386.2348994310232,377.5080949100546,381.5283169704644,408930
2019-03-11,382.90106201171875,384.37187274927976,377.8022394853521,383.3913322575724,1312055
2019-03-12,364.3197937011719,369.5166760614178,360.39763188531225,360.39763188531225,16596749
2019-03-13,359.0248718261719,363.6334238085267,358.19140647739886,360.3486073890797,21171413
2019-03-14,361.0735168457031,363.9297933803495,360.5317900524346,363.9297933803495,5356136
2019-03-15,364.5207824707031,366.6383654064746,360.7288148559337,361.4675086747513,7977181
2019-03-18,361.91070556640625,368.65741781313903,360.63028502377693,366.3921023217942,2776286
2019-03-19,358.66046142578125,363.2896213190527,357.03534105730193,362.45242899058513,3010431
2019-03-20,358.4635314941406,361.0735772111644,356.8383809001631,358.512765730157,1211115
2019-03-22,357.5770263671875,361.91072062094054,356.09963879637,358.80818267620214,1646283
2019-03-25,353.8343505859375,357.0353572370281,350.0423828492935,355.45947102806224,2130928
2019-03-26,363.9790344238281,364.6684939708891,355.6071716317888,356.73985946732137,4061590
2019-03-27,366.0966491699219,370.0855835565022,364.4714988088818,364.4714988088818,3879051
2019-03-28,365.94891357421875,367.5740640560795,362.55093997016684,366.3429076652935,1740501
2019-04-01,378.0635070800781,381.6584776972041,371.464496862044,372.4986862554827,2756796
2019-04-02,374.5177307128906,378.70366195688746,373.3850729760202,378.6544277299683,1180504
2019-04-03,378.8514404296875,385.9429132986022,373.4343522835116,374.86250572687874,3425894
2019-04-04,372.5971374511719,380.1318381915567,371.80920942771354,379.343880110571,1219612
2019-04-05,380.3780517578125,382.5941330353974,374.27150465879026,374.27150465879026,1680426
2019-04-08,379.59014892578125,384.12081065267785,375.8966795925824,382.05246181458045,1769899
2019-04-09,375.9951477050781,380.52580906548576,372.8926397276616,380.18107927743324,1529577
2019-04-10,371.3659973144531,378.9991668473144,370.0363724741067,375.9951573122321,1968507
2019-04-11,388.1589660644531,391.45847097516526,367.968002651397,372.9418621033098,5562186
2019-04-12,399.2394104003906,400.8645308653659,389.242426268694,390.0795885893423,4538289
2019-04-15,399.337890625,401.8494375869068,394.3640008752528,401.25847652012624,1802086
2019-04-16,402.3911437988281,406.42934278272304,397.66351526879896,400.9630204162812,2172703
2019-04-18,400.2243347167969,407.4635404723262,389.9318550305137,403.1791101225207,2288968
2019-04-22,391.26153564453125,400.76605781167746,390.1288776761982,398.89470594344914,836332
2019-04-23,391.80322265625,396.9248455901024,390.86756177436513,393.0836434184786,1102870
2019-04-24,393.97003173828125,394.8564582981868,391.31072200103665,391.6062175593572,1039080
2019-04-25,393.0836486816406,395.9399257163468,390.4243386500854,394.7580034673153,926294
2019-04-26,393.62530517578125,399.6825884519068,387.27255639644113,393.08360840071174,3066741
2019-04-30,398.451416015625,400.273533365337,389.0453938332991,393.97001907169533,2753067
2019-05-02,410.9107666015625,411.69869466403236,398.99316679715054,399.3378965960544,3487135
2019-05-03,408.0052185058594,413.4715407319911,395.0534595847107,395.9398861541472,10118251
2019-05-06,404.9027404785156,406.774092276514,401.8494664620284,405.39520305996416,5075321
2019-05-07,403.0805969238281,406.57706900363786,399.9288245827806,405.7891409471403,2589598
2019-05-08,404.0655212402344,407.16802928578346,399.97808809720755,401.55397426467766,3893612
2019-05-09,403.3760681152344,405.5921496200837,400.8645210994167,404.80422155248226,3527797
2019-05-10,403.8685607910156,405.73994269180633,402.78516713165004,404.21329061787344,2393114
2019-05-13,396.5801086425781,403.7700803266054,389.29166848882846,403.7700803266054,3435597
2019-05-14,385.15496826171875,390.7198194106933,381.0183006621853,390.7198194106933,6988271
2019-05-15,382.4464111328125,388.8484243970743,381.60924882889395,384.6624926473647,1668299
2019-05-16,374.1730651855469,383.6283528066653,371.710752266377,382.1017308197923,2766863
2019-05-17,376.7830810546875,378.211234457813,368.6082148329076,374.025302826444,2239697
2019-05-20,391.06451416015625,392.98513020295707,385.10572909613086,388.0605045111907,3901916
2019-05-21,397.121826171875,397.90975425630137,390.07958741562214,393.97005371911024,2174571
2019-05-22,392.09869384765625,399.8795962358128,390.32581060815244,397.90974600805015,1088291
2019-05-23,400.175048828125,405.5429025484995,393.97003283400073,398.8946582444257,3772524
2019-05-24,401.8002014160156,403.81928582211486,393.871536428162,401.84943564737284,1994086
2019-05-27,416.2293701171875,417.5590250675072,400.4705678793955,402.83438220355833,4152835
2019-05-28,418.5439453125,419.57810467424866,408.8424267868125,417.608254417562,1929443
2019-05-29,419.23333740234375,420.46449370274854,410.17204506588035,418.5931421376386,2095188
2019-05-30,429.0333557128906,430.4122447647046,417.0172581380963,418.5931442219667,2306375
2019-05-31,434.9921569824219,438.29166202263724,429.4765705050134,430.4122613570617,2807954
2019-06-03,437.3067321777344,445.18613275751335,434.35195696031724,435.3368820327896,3134716
2019-06-04,436.0263366699219,438.2916522879497,428.73786717012274,435.82933963464666,1252624
2019-06-06,435.5831298828125,444.98915265998374,433.36704838538725,434.49970625034325,1596991
2019-06-07,444.5951843261719,446.1710704983783,428.1961874153862,438.2424354628645,1902550
2019-06-10,443.36407470703125,447.15604275511737,435.58317160451685,446.17111755081095,1453151
2019-06-11,438.587158203125,443.36405120227255,437.7992301044643,443.216318440965,895285
2019-06-12,434.3027648925781,442.6253645284255,433.46557248819494,439.2766249684235,641601
2019-06-13,445.1861267089844,446.81124704497853,433.85948852944165,438.09465426052054,1796357
2019-06-14,441.3941650390625,452.96703463594787,438.43938982283646,447.84544229567274,1478647
2019-06-17,436.66656494140625,444.15200198452885,433.4655582502544,442.72384851469536,985932
2019-06-18,435.0414123535156,438.4393857863757,433.41626195353086,436.6665326959729,913332
2019-06-19,430.5600280761719,438.48869365593964,429.5258686802385,436.3218462789462,959725
2019-06-20,433.8102722167969,435.3368940984292,422.97609611932467,429.476577731785,881140
2019-06-21,431.544921875,437.20824113860243,429.5750716963557,431.49568764354524,978609
2019-06-24,433.4655456542969,435.58312862309555,429.0333826722642,431.93889370374603,479020
2019-06-25,430.90472412109375,435.5338840375202,429.4273364955357,433.4655353502333,1034858
2019-06-26,435.0906677246094,439.62132924609415,430.4122734480007,431.3971985588657,2378103
2019-06-27,448.2886657714844,449.9630505112513,432.4313652071802,437.20825808707565,2356422
2019-06-28,457.0544738769531,463.5549854523846,449.4705687535566,451.04645490177154,4027131
2019-07-01,462.42236328125,471.5329210242778,460.2062816680811,463.8997510233626,2471465
2019-07-02,462.7178039550781,469.8092767593631,461.53591185938325,461.92987589128154,1540850
2019-07-03,472.02532958984375,477.639414390449,463.11176992211267,464.7861244703877,2400197
2019-07-04,481.72686767578125,484.0906818809884,472.4685778384949,474.2414309780182,2192930
2019-07-05,466.6082763671875,487.4394366779318,462.126879086831,483.79523176245766,2788311
2019-07-08,455.7740783691406,461.1419320498759,440.9017037279775,456.70976921322296,2834536
2019-07-09,448.879638671875,458.58115744458337,446.26959302681394,458.38416039088696,2053510
2019-07-10,448.879638671875,453.0655705739166,447.2545181802355,451.0957202670735,790156
2019-07-11,460.7479553222656,463.8012291806512,445.92484441123185,452.81932019450875,1728011
2019-07-12,474.4876708984375,477.6886775002433,462.028374290607,463.8997259847723,2266998
2019-07-15,483.69671630859375,487.0454555933823,474.8323905242855,474.88162475563144,2167991
2019-07-16,483.6474609375,490.9359307627875,474.438435248912,485.9620409464749,2191685
2019-07-17,489.6554870605469,496.20523269126033,479.26453971131576,484.878594512987,2760727
2019-07-18,495.95904541015625,502.8042872001438,490.00026029788745,491.280650965101,3115748
2019-07-19,480.24951171875,501.77013237279766,477.6887003035548,498.37212856412106,2396384
2019-07-22,483.2534484863281,490.29565627215203,471.8283123980373,478.52582047756505,2024584
2019-07-23,500.8836669921875,503.83844240669066,474.1429555024396,483.59824284035574,10256139
2019-07-24,492.01934814453125,524.9651065344823,489.5078010274628,504.1831797952509,7088915
2019-07-25,493.64447021484375,503.0012586282963,490.6896949263851,491.3298902273787,2630537
2019-07-26,491.57611083984375,500.3419379939807,487.6364105406785,497.0916972701806,1706982
2019-07-29,478.0334167480469,495.1218737254104,471.1881750874149,492.26556680901285,2481978
2019-07-30,475.8172912597656,484.3861210448726,467.9378909658594,479.7569914067187,2274640
2019-07-31,486.060546875,488.03039711562815,470.05551366989613,473.9459799181485,1798489
2019-08-01,480.59417724609375,494.4323618034384,473.84743482352565,485.568036591823,2626100
2019-08-02,486.8977355957031,490.8374360474818,473.1580182471133,481.5791459973077,2215370
2019-08-05,479.8062744140625,487.04548018155316,476.0143066256122,484.0907047709472,2996132
2019-08-06,504.380126953125,510.19120917312796,477.7379146361114,477.7379146361114,5029677
2019-08-07,510.2897644042969,516.8887758147207,503.39531748991016,509.206370640451,4417521
2019-08-08,515.0173950195312,537.3259140328234,508.5168528337891,533.2385106496897,10168512
2019-08-09,518.809326171875,527.3289528213862,516.3962475155053,516.3962475155053,2861762
2019-08-13,511.5208435058594,528.9047961401005,508.22136835808544,521.714854696031,3543626
2019-08-14,509.20623779296875,532.401210102694,473.9951681583486,480.1509495630024,31957442
2019-08-16,532.0073852539062,534.8143981040063,505.85757239268037,507.23649175610166,11397991
2019-08-19,516.6424560546875,551.558063337168,512.1610588130847,537.4736462428199,13762429
2019-08-20,519.9419555664062,524.8665807939151,508.812254460193,518.0705739339313,10083216
2019-08-21,522.69970703125,530.8745724692694,517.1840909885127,522.0102475115265,6505412
2019-08-22,520.483642578125,530.2343642770858,517.4796332685722,525.9007302270097,5344682
2019-08-23,509.4032287597656,523.7831099039162,505.02030042879204,522.0102569034808,4611285
2019-08-26,518.4646606445312,528.7078468791103,509.3048079925135,521.7641360905361,4813908
2019-08-27,546.8303833007812,561.1610303233248,525.9499608471355,526.9348858674484,94765364
2019-08-28,539.4434814453125,548.9972667993377,529.9881645538318,548.504804256502,7523593
2019-08-29,533.5339965820312,541.4626324742854,531.8596117073472,536.0455438365254,2790568
2019-08-30,548.7510375976562,550.9671190487757,533.8293984474295,533.8293984474295,4299020
2019-09-03,528.6585693359375,548.5540692035437,526.9349503394999,543.0877466949963,4903625
2019-09-04,527.5751953125,534.6173742617682,520.6314247198834,530.8746706107162,2330167
2019-09-05,520.532958984375,539.1480689808345,519.055571210531,530.6776763417581,3656775
2019-09-06,521.911865234375,527.9198846517379,520.0404833882792,523.8817155502397,1641066
2019-09-09,522.896728515625,531.6132910858325,521.3208123803818,525.9499720978871,3086676
2019-09-11,529.7911987304688,532.3519797675104,524.9650420279057,525.6545015732795,2505388
2019-09-12,529.741943359375,537.6706385418988,528.1168530061377,531.8103221476646,1990091
2019-09-13,532.2535400390625,534.814321214324,524.8173075544424,530.5791553713655,1414823
2019-09-16,529.5450439453125,531.859594058617,525.5068146621267,528.904818536069,1320333
2019-09-17,522.69970703125,530.4805784251271,516.199165993208,530.4805784251271,1952479
2019-09-18,530.97314453125,531.8596012460184,524.9651249335701,525.8022872969137,1460223
2019-09-19,524.42333984375,532.5489712730318,521.1238049519192,532.5489712730318,1092159
2019-09-20,555.3499755859375,558.452513596384,527.9198364861761,527.9198364861761,8964556
2019-09-23,532.5982666015625,558.1570858706411,531.8595727505201,555.4977759838766,5216335
2019-09-24,542.742919921875,546.584151543588,532.0072732793572,532.942903955753,2548423
2019-09-25,549.4404296875,554.2173523758893,541.8072603472924,543.4816449997685,3790845
2019-09-26,560.7178344726562,568.3017695907257,548.0123370447741,548.5047995834143,4460160
2019-09-27,573.5218505859375,576.7720912618953,558.5509776464642,558.5509776464642,3937172
2019-09-30,592.0877685546875,599.819406813235,576.1812035890681,576.1812035890681,5522478
2019-10-01,589.1821899414062,598.834443621505,581.4504920591676,595.0917403718817,3176809
2019-10-03,583.9620971679688,588.8374281650687,566.8243769298031,587.3108063318831,3634620
2019-10-04,575.6394653320312,585.734947231967,573.2756211338292,584.3067938670139,2889488
2019-10-07,566.7752075195312,575.6887683859852,563.4264378575741,575.6887683859852,3237005
2019-10-09,571.7490234375,577.9048053435885,565.0515447466872,566.5289324041485,1579192
2019-10-10,574.9992065429688,580.1208285977418,566.3318785122267,568.7941910274973,1556208
2019-10-11,581.7460327148438,590.6595928216094,575.1962567723549,576.1811818695678,4147792
2019-10-14,573.5218505859375,580.8103200781319,571.2565349702733,577.1660853320348,1659110
2019-10-15,583.8143920898438,586.8676360581229,571.8475272780805,572.2415213904668,1429097
2019-10-16,601.395263671875,606.5661206330917,585.045530469099,585.833458554463,3769552
2019-10-17,605.876708984375,612.6234219810692,600.8043205923669,603.7098617067679,2893199
2019-10-18,599.2776489257812,607.2062834260137,597.8494956035529,606.4183554218698,1922910
2019-10-22,602.0846557617188,614.8394468585266,596.3721026397081,600.755031023985,2673829
2019-10-23,598.6867065429688,616.4646529440246,591.9399935575951,605.5319481087845,5606504
2019-10-24,606.0736694335938,609.5702018221444,598.4404994905254,600.7058754366459,2865137
2019-10-25,601.2968139648438,610.4566059874876,598.9329695199402,608.0928216576455,1982250
2019-10-27,610.308837890625,612.6233877371792,603.1188368556849,605.6304438524392,889965
2019-10-29,601.5430297851562,611.6385124790537,599.9178792567001,611.4907496618996,2288088
2019-10-30,622.9158325195312,633.9470046177429,572.339897355716,572.4384259254184,27156751
2019-10-31,616.7600708007812,636.6555685908169,612.6233736182901,627.2987807300873,4487728
2019-11-01,603.463623046875,626.4123659395743,598.932931500919,616.5631149027886,4002384
2019-11-04,584.3560791015625,606.4184264936013,579.529981938658,603.2666539925872,12053809
2019-11-05,574.8515625,592.9249141596746,571.4043246269787,587.0153635202095,6170402
2019-11-06,576.1318969726562,581.9922128087283,571.3549746022219,575.1962061895772,3840924
2019-11-07,571.404296875,579.8746283341563,567.4645966400333,579.0374660802479,3217588
2019-11-08,559.3389892578125,576.3781814928816,557.9600700695171,571.2565589414297,3630548
2019-11-11,562.3922119140625,575.1962377544878,556.482661526174,561.358052619193,3419720
2019-11-13,580.2686767578125,584.0606145431392,563.3771863721342,563.3771863721342,6532837
2019-11-14,577.5108032226562,585.9319608450969,572.7339405759988,583.5681165800158,2663642
2019-11-15,568.7942504882812,579.4806638756743,567.4153312895593,579.4806638756743,1959586
2019-11-18,561.8505249023438,566.2826877701797,558.9449838881957,566.2826877701797,3112232
2019-11-19,562.0968017578125,568.7942808337956,557.0736473645293,562.3922672832854,3791275
2019-11-20,566.0364379882812,570.7640662030176,559.9298906581803,563.3771283315376,3822519
2019-11-21,580.3671264648438,583.4203702882154,564.362093278499,567.7108627296652,3752775
2019-11-22,577.56005859375,584.946996279814,572.4876706699649,582.8786176586844,2275245
2019-11-25,588.7882080078125,590.807292423515,576.1811788525125,577.0183411347369,3802000
2019-11-26,588.5911865234375,598.5881998386694,583.0756302829985,590.9550306922282,5918113
2019-11-27,576.1318969726562,590.3640753988162,573.9650499263289,589.0836247929965,2154255
2019-11-28,567.513916015625,579.7762468597208,566.331993744797,579.136021429462,2761394
2019-11-29,562.8847045898438,574.2113434398581,561.6043139602451,568.794255294199,2142174
2019-12-02,560.81640625,570.1239008552251,557.4676366832635,561.4073372958661,2550584
2019-12-03,575.9349365234375,577.6093211708006,562.8846793042233,563.9680728386639,4622846
2019-12-04,574.8515625,579.1359626675892,568.400254959871,576.0827188832219,2198714
2019-12-05,567.2183837890625,576.8706376550628,566.3319271613959,576.6244063823839,1929160
2019-12-06,566.3319702148438,570.4686679333383,562.6385008438774,569.0405144202191,2127676
2019-12-09,563.86962890625,568.0555606492221,561.5057845818424,568.0063264164341,1591039
2019-12-10,561.8997802734375,577.6585821741825,560.4716268281708,568.449556359458,4061646
2019-12-11,563.86962890625,566.3319416962336,556.9751530942958,564.7560855566675,2289830
2019-12-12,574.1128540039062,576.8213979778026,562.4414557200828,568.05554070717,2941825
2019-12-13,580.0223999023438,586.128887266759,576.8706276437405,576.8706276437405,2095278
2019-12-16,583.1741943359375,585.932033023276,577.7571056666235,579.628487616594,1408707
2019-12-17,586.621337890625,590.9550321725791,577.3630784556207,586.1781697085391,1636039
2019-12-18,592.4324340820312,595.6826748145824,579.3329425750491,589.9701213884234,3092926
2019-12-19,596.1259765625,600.065677357626,589.4777314707248,592.9249696664601,2743666
2019-12-20,603.463623046875,606.7138638660028,593.9098375181813,596.8646128292171,3239394
2019-12-23,606.861572265625,611.6384345441437,599.8193343597158,605.8273529074457,2325450
2019-12-24,615.8736572265625,618.1389729490716,604.1530845252951,608.7821844349647,2938173
2019-12-26,626.0183715820312,629.3671409791168,613.7068077913599,618.4344963790237,3006668
2019-12-27,621.8817138671875,629.3671203606661,619.0746413458413,629.3671203606661,2494965
2019-12-30,626.56005859375,629.1208395305546,619.5178208449611,623.1620553435298,1799682
2019-12-31,616.6123657226562,636.2616340926469,611.3922745557439,628.2837645842582,2217822
2020-01-01,612.0816650390625,616.5630618521982,607.0585113734716,613.6082867953985,1749377
2020-01-02,624.6887817382812,629.1701791861547,609.0777420230888,613.3129081813531,1973981
2020-01-03,621.1922607421875,627.8405050403553,616.9570949159955,621.4877262435393,2401828
2020-01-06,610.2103881835938,617.9420869781933,602.2817524434505,617.9420869781933,4175516
2020-01-07,620.4535522460938,633.9962717921965,614.1992420594062,614.1992420594062,2827658
2020-01-08,619.3701782226562,622.2757195399244,609.1762266091745,612.6234647549014,2248332
2020-01-09,621.9801635742188,626.9047887806655,618.3359288984375,625.4274012187315,1338705
2020-01-10,613.706787109375,624.4424944190689,609.4223871006292,622.8666383529925,2181852
2020-01-13,615.9722290039062,623.5068705298927,614.1993155953804,618.4345419434565,1161466
2020-01-14,604.9901733398438,617.5479669256524,603.5127858591603,617.0555044320913,2109229
2020-01-15,607.2554931640625,611.1459589142464,603.5127902090321,604.7439464518087,1621297
2020-01-16,598.3419799804688,615.5781687041859,596.6675953385823,614.5932436342592,3196222
2020-01-17,598.4898071289062,602.3309792455404,592.6294903098054,598.3420443065095,2313300
2020-01-20,589.2314453125,603.2173938560924,588.0987573933312,601.7892404278102,1870028
2020-01-21,592.9249267578125,600.5088622626104,585.1932885529245,586.7199104775449,1597879
2020-01-22,603.5128173828125,607.2062862774442,593.5650985392928,595.7811798760717,2066862
2020-01-23,606.7138671875,612.5249493770399,602.2817041966822,605.0394824790684,1685313
2020-01-24,598.0957641601562,602.0354645416147,593.7128354627723,598.7359895181661,2188192
2020-01-27,590.6596069335938,596.5691576580618,589.0836906713671,595.6827010033682,1531808
2020-01-28,594.6484985351562,602.6756617332468,589.9701045508217,591.9399546494889,1651481
2020-01-29,595.928955078125,601.7892717937275,593.1711766575653,596.815411766726,1324538
2020-01-30,591.3982543945312,599.3761232008859,588.1480137739813,596.7661079046347,1060111
2020-01-31,590.1671752929688,595.3380324477873,588.2957934194859,594.0083473960826,1260667
2020-02-03,556.7781982421875,564.3621342330791,519.5480380592483,544.6636304204062,9688974
2020-02-04,564.4606323242188,569.7300184396391,547.1752063446185,559.437537634443,3116053
2020-02-05,574.6546020507812,577.5108489727127,556.4827206541939,565.7410412916335,2739852
2020-02-06,584.7008666992188,589.6747269164126,578.1510900992581,578.1510900992581,2299958
2020-02-07,586.7198486328125,590.9550142116522,580.1208389511052,584.5530015576926,1185529
2020-02-10,579.1851806640625,589.8716538398978,575.6887086567376,587.0153470648685,1366499
2020-02-11,574.7037963867188,585.5379724968368,567.1198610866246,580.8595782674677,1545054
2020-02-12,569.6314086914062,585.73497017802,555.1037634370151,576.7721156808527,3303107
2020-02-13,568.4987182617188,573.4725774558005,559.9298587954016,567.8092587432701,2107487
2020-02-14,565.2977905273438,572.7339632376844,563.3771745003534,570.1731819450702,2332181
2020-02-17,557.3692016601562,566.3319970456354,555.5470539484492,566.2335285704357,918309
2020-02-18,554.1188354492188,556.8273794655926,547.6183538559444,556.2856826853292,1231246
2020-02-19,570.3701171875,573.0786612876419,554.5128466836018,557.369153598866,1752251
2020-02-20,564.8546142578125,574.90086353528,563.4756949023516,573.3249471126012,3708209
2020-02-24,552.345947265625,569.6806639400065,547.6183191235403,563.6233509324568,1576359
2020-02-25,560.914794921875,573.7188200912944,557.467557376262,561.4072574283911,3582636
2020-02-26,548.6524658203125,562.8354100367737,546.6333815690588,556.7780971679607,2313470
2020-02-27,558.1570434570312,560.7178245666975,536.0454638397133,550.573108472944,2985262
2020-02-28,535.897705078125,556.482663030956,533.0906926823096,545.6484872905303,4380818
2020-03-02,546.1409912109375,555.744011344944,542.6445189800291,546.6334537819122,2299648
2020-03-03,555.0052490234375,564.3620367177101,551.2133117407269,551.5580114518633,2844292
2020-03-04,560.0283813476562,561.4073005177576,551.705812440798,558.8465193333484,1735962
2020-03-05,556.4334716796875,564.1651100078645,548.0123737282512,563.3771819163084,3821330
2020-03-06,539.8867797851562,548.1108812712326,526.9349891825866,532.844540463139,3494853
2020-03-09,509.84649658203125,532.1550137882615,498.56909228521073,529.889698105617,4577587
2020-03-11,505.8082580566406,518.070587210392,500.3911701675586,507.23641143222795,2971154
2020-03-12,465.7710876464844,490.4927144040583,446.4665491002002,487.537939016082,4797510
2020-03-13,499.5047607421875,517.0856798692477,422.63136835797087,428.44242046309097,7973623
2020-03-16,467.0514831542969,492.85650211606793,463.89971088746427,486.5529876399307,4058756
2020-03-17,457.9409484863281,478.6736103262109,453.0655570988827,467.8394339608028,3291793
2020-03-18,413.12689208984375,462.9148495205878,404.65652925732235,457.9902234618581,4743183
2020-03-19,410.6645202636719,426.02932732102965,379.5408820171144,379.5408820171144,8358736
2020-03-20,411.7971496582031,435.3368512122471,405.09964160503773,418.6916246774016,4857316
2020-03-23,337.1398620605469,388.45446766233454,334.8745462705521,371.80923887392186,4439246
2020-03-24,385.40118408203125,402.83437057746625,340.6363558017667,356.54289033995786,5260142
2020-03-25,427.7529296875,433.3670143970175,379.78709862852793,384.12076276099276,6171029
2020-03-26,470.25250244140625,479.6585251518656,427.4574946938597,441.2464461355971,6462048
2020-03-27,434.3519592285156,476.50674052745563,433.36703415089994,443.4132819655911,14440511
2020-03-30,406.2816162109375,437.20825928797325,400.8645279947917,425.48765625000004,7106515
2020-03-31,434.6966857910156,441.4434285341166,408.15294312326046,422.5328551612322,5414961
2020-04-01,423.4193115234375,440.65550146728845,417.6574934449871,431.49570969156815,7414297
2020-04-03,415.9338684082031,435.3369054004191,409.92584918965076,422.04041620832487,6997591
2020-04-07,463.4072265625,468.8243142268863,426.7187691991565,430.3137395467439,6387600
2020-04-08,469.415283203125,493.0042200337772,450.5047102861169,457.94091242217894,7175190
2020-04-09,465.1308898925781,486.9469753815923,457.1529903752387,481.5298871986189,3633315
2020-04-13,470.5971984863281,475.47258973081557,446.46653365276006,465.8695700521507,4143591
2020-04-15,464.5892028808594,481.3329303444663,461.4374303941096,474.4384543300399,3951803
2020-04-16,482.3178405761719,486.94697057963657,455.03540288249957,462.9148037982138,5065255
2020-04-17,488.0303649902344,511.1268695642463,484.0906647683152,497.38715301729235,6523417
2020-04-20,500.6374206542969,507.5318964141654,488.5228538421109,496.10678920097786,4164522
2020-04-21,488.8675842285156,495.2695974417937,481.5298801379776,488.5228544286025,2902453
2020-04-22,496.0575256347656,501.3268809847159,482.95803369491534,491.97009243981455,2103572
2020-04-23,481.1358947753906,504.1831353099324,478.96904760702466,497.38715836555224,2996470
2020-04-24,446.51580810546875,471.53290008268385,444.3489608235914,471.04043752385076,4401783
2020-04-27,477.44244384765625,483.99218977341076,452.0806224364605,452.0806224364605,5612310
2020-04-28,478.82135009765625,489.1138298185819,464.0474730193112,487.5379435853858,5790711
2020-04-29,485.4203796386719,497.5842115897043,477.4424796911201,480.6434865173112,4230028
2020-04-30,493.4967041015625,503.00125526184956,485.7158019055357,492.46254478053476,3751397
2020-05-04,471.72991943359375,481.628405311148,464.9831760470746,481.628405311148,2476309
2020-05-05,470.3509521484375,482.5147826966772,467.9871380070554,475.7188057686308,2499854
2020-05-06,483.5982666015625,491.4776680940523,462.3731408541806,470.79423917626656,5449822
2020-05-07,487.0946960449219,494.43240006086853,481.5298752429935,482.31783335728903,2443348
2020-05-08,512.2102661132812,519.4002070378617,491.4776055956347,492.16706516156546,9179719
2020-05-11,517.28271484375,530.8746702596678,514.6234048435556,521.7641123748776,5445590
2020-05-12,518.8585815429688,528.5108364465822,509.50179217532104,513.5892557872135,3693348
2020-05-13,508.9599914550781,529.8896476107054,507.23637271284997,524.9650226329107,3651773
2020-05-14,487.5379638671875,515.1158688940183,483.99222720937445,507.2364674577809,4151383
2020-05-15,479.9539794921875,493.44746511207586,477.6886638310515,491.57611347145985,3513975
2020-05-18,462.27459716796875,483.4997208420316,457.00524192308274,479.9539845052606,4108131
2020-05-19,464.638427734375,478.6243765328571,458.23641442165973,467.83943439073266,5129782
2020-05-20,472.02532958984375,475.47256726029644,465.3770855111136,467.0022058299644,3112785
2020-05-21,486.3559875488281,489.06453149136064,472.76403360567605,472.76403360567605,4216268
2020-05-22,487.2917175292969,497.09173478609677,482.9087885926812,485.5680985183292,4602359
2020-05-26,499.8002624511719,507.1379665929929,489.50778295949476,494.4324085425883,4215615
2020-05-27,495.7127685546875,502.31177845147266,487.78413387861144,499.1600062499427,1859456
2020-05-28,509.0093078613281,515.4113213660654,493.8907307846267,498.3721282149307,3346486
2020-05-29,515.3128051757812,532.64746224499,504.03540117723657,508.6153267679077,27246641
2020-06-01,508.31982421875,520.680682416828,505.6112801716116,513.1459812942197,3151262
2020-06-02,492.1670837402344,514.3771326882522,489.50777395129035,508.22135082266766,5909622
2020-06-03,493.7922058105469,511.91482167258727,486.99622861947284,494.5308996369142,13732855
2020-06-04,509.7971496582031,517.0363843878324,504.57705924567927,513.2936814570635,11739480
2020-06-05,508.4675598144531,513.3921850911064,503.98616283570954,509.7971845931276,3558200
2020-06-08,514.1801147460938,521.8132839491597,508.467561430036,512.1610303992614,8429754
2020-06-09,499.20928955078125,522.9952245424787,493.93993429011874,517.0856739826767,9173485
2020-06-10,494.1369323730469,500.2927142191456,491.4776225925208,499.80025167145766,3358845
2020-06-11,494.087646484375,501.81931415658545,489.5077510025966,492.46252615955393,2482917
2020-06-12,494.7278747558594,496.54999223569274,478.91983863473234,480.64345759125837,8115108
2020-06-15,492.3640441894531,500.2434448728051,487.8333827850201,500.2434448728051,3620015
2020-06-16,498.0766296386719,503.00125508474326,489.5077693394963,497.3871700532105,3578749
2020-06-17,492.8565368652344,501.03143360853926,491.03441933429997,498.3721236923074,1857859
2020-06-18,508.1721496582031,510.09276574825407,491.1329263109824,492.46258129197685,4083990
2020-06-19,513.244384765625,516.1006912632931,506.5961411281685,510.14190713717545,4569531
2020-06-22,512.5550537109375,517.8736132610235,506.79320572118814,517.0364509595926,2765644
2020-06-23,528.9540405273438,536.3902133972749,512.5550728258495,516.3470106126507,5813424
2020-06-24,519.3017578125,537.3751093110184,515.8052857383386,534.5188625964468,3765172
2020-06-25,530.2836303710938,531.6132550407849,511.17606181781827,512.1609867924191,2654149
2020-06-26,533.73095703125,539.1972795313383,526.9349495240745,533.2384944616014,2586654
2020-06-29,529.101806640625,536.3902167372071,524.6204091969392,535.3068231099638,1691365
2020-06-30,540.7238159179688,546.0916691008202,528.9047161164831,532.3519535585831,3355423
2020-07-01,541.3640747070312,551.558024870673,537.9168370515896,547.1750964000291,3419769
2020-07-02,539.689697265625,544.1710942541185,537.4736158863096,541.216319081698,1638017
2020-07-03,563.5248413085938,580.7117338112097,549.5881290439856,556.4333695559842,15663461
2020-07-06,575.8857421875,582.9279208793262,567.7108755370637,572.2415071413845,4862801
2020-07-07,573.8173828125,582.0907783271338,563.4756684767387,580.8103876228615,3849675
2020-07-08,573.1771850585938,587.9018276115169,569.2867188153044,572.7339567320062,4280620
2020-07-09,576.378173828125,581.0073337672061,574.1620923789427,575.294720161713,2440595
2020-07-10,583.568115234375,590.9550534018987,576.427408339102,577.1661021558544,3206846
2020-07-13,591.2505493164062,594.6485530712539,575.1962815629189,584.9962987255731,2854213
2020-07-14,589.4284057617188,599.8193529733029,583.5680897154056,583.5680897154056,3645874
2020-07-15,585.8334350585938,595.5842175546971,584.0605819088632,590.9550575806373,2310685
2020-07-16,590.807373046875,594.6486054761007,580.3671896924096,585.0455845181016,1767540
2020-07-17,605.2364501953125,606.7138377873271,591.0042710358942,591.7429648319015,2790602
2020-07-20,607.1571044921875,618.7299746949823,603.0696411830493,610.3581111440243,3020859
2020-07-21,617.9912109375,622.9650702261769,592.2846320496495,612.6233575979162,8306371
2020-07-22,600.4596557617188,617.5480834671371,596.7661863629918,617.5480834671371,5164659
2020-07-23,613.3129272460938,614.2978524351464,601.4445907410219,601.7400562747251,2957797
2020-07-24,613.0173950195312,615.479707724277,606.2213879084104,607.6987755312579,2789551
2020-07-27,623.9008178710938,627.8897525110939,604.2515500636174,615.1841946495523,3343985
2020-07-28,630.8446044921875,637.8375495201577,624.0978907696397,626.4124409945842,4307089
2020-07-29,628.1360473632812,633.0114391345468,619.5179518486929,630.8445916678661,2458334
2020-07-30,625.5260009765625,635.1783164992901,614.54412053009,630.3029244985382,27847314
2020-07-31,617.6465454101562,628.2837852581082,609.7179098743704,619.2224617393267,3774399
2020-08-03,593.9097900390625,614.5932155628109,591.4474774767115,614.5932155628109,3634400
2020-08-04,604.891845703125,606.6154648318394,591.8908208235238,596.0767529932587,2248809
2020-08-05,595.879638671875,608.8314267650617,594.2052541104476,607.1570422036342,2051992
2020-08-06,597.7510986328125,602.5279615726936,593.1711726312296,599.228486360412,2596325
2020-08-07,597.80029296875,604.5962399930938,596.3229053397549,598.7359838234582,1723752
2020-08-10,599.6715698242188,608.6344235071437,597.8494825970854,606.7138077097275,2028319
2020-08-11,599.5732421875,604.6456312393016,596.963166245298,600.6566359096973,1539043
2020-08-12,599.5732421875,608.3883351428798,594.0083905137784,599.81947349846,3419606
2020-08-13,590.708740234375,604.7439208068466,588.9851215675802,600.80422099703,2164005
2020-08-14,578.8897705078125,593.3189483402081,576.8214516902618,590.9551038786686,3151495
2020-08-17,580.2193603515625,585.2425144997482,577.1168823128867,582.4847362047947,1335395
2020-08-18,588.5911865234375,591.5952560214998,580.1208551295373,581.5982427062679,2224729
2020-08-19,594.35302734375,598.7851900232484,589.9208646642516,590.9550239331238,2344923
2020-08-20,586.07958984375,590.9549804555179,581.2041992319821,589.970055488092,1490688
2020-08-21,589.0836791992188,599.7209183881525,587.1631233432156,590.1671328799733,2008763
2020-08-24,589.723876953125,596.3228868476782,588.0494923358422,590.7580362383408,1893376
2020-08-25,590.758056640625,594.5007599575966,584.0605780552456,589.970128592061,1802567
2020-08-26,583.1248779296875,593.9098195109826,579.776168747747,593.9098195109826,2950978
2020-08-27,587.0645751953125,590.955041239819,582.2384784275539,585.2424878641785,2947058
2020-08-28,580.4656372070312,594.4023527041988,579.2837750700095,590.9551145360717,3638604
2020-08-31,566.135009765625,585.7842801127217,558.5018392387253,585.7842801127217,3754563
2020-09-01,570.567138671875,577.1661493305783,562.1460404956101,572.7339860678007,3407301
2020-09-02,572.0938110351562,581.1059011756873,568.1048757704382,572.6355680181363,2500786
2020-09-03,573.4234619140625,580.1209412329583,570.5179205588984,574.9008497100717,1896035
2020-09-04,565.9873046875,572.2415558212763,560.471687357533,561.4073783444535,2618737
2020-09-07,582.9279174804688,585.5379931359294,562.5400152648398,567.9078091620113,3374335
2020-09-08,573.07861328125,586.1781644693707,570.7640634719496,584.5530140993997,1896544
2020-09-09,576.8706665039062,584.0606080026811,573.8666568500073,580.0224389748248,3391865
2020-09-10,592.5308837890625,593.90980289986,578.5449962240941,580.7117832338414,3792160
2020-09-11,595.6826782226562,603.4636104249962,592.5309059337949,598.8344505115176,4564379
2020-09-14,590.4133911132812,600.804339386211,586.2274592405084,600.804339386211,2269701
2020-09-15,585.2424926757812,592.8756620212188,582.1399546377423,592.8756620212188,2371832
2020-09-16,589.576171875,595.8304826585343,583.8636180170533,585.5380027982775,2164876
2020-09-17,582.9279174804688,589.0836995781972,579.4314452719709,584.1590739000144,1532457
2020-09-18,576.2796020507812,585.8333867163126,574.7037460732935,585.0454587275688,2587272
2020-09-21,570.6163330078125,580.9088123324768,568.5480143424985,578.1510340737058,1565889
2020-09-22,570.6656494140625,578.6435189915821,557.7630940279378,567.3168798964277,2359295
2020-09-23,571.5028076171875,577.2645955910872,566.9228817091733,572.4877327487983,2210606
2020-09-24,568.9420166015625,572.0444946441003,564.0666252603653,566.1349439553904,3043353
2020-09-25,568.7942504882812,571.7490258154932,562.6384685565899,568.5972534434555,2059527
2020-09-28,572.4384765625,574.50679521354,568.3510133770435,570.4686263748212,1591462
2020-09-29,562.1951904296875,577.953990778747,555.2514810488937,577.953990778747,4157096
2020-09-30,550.9671630859375,563.3279619226872,547.5691592329507,563.1801991014464,4906751
2020-10-01,560.619384765625,563.3771630512559,553.7741432265186,559.437462610338,1477355
2020-10-05,566.085693359375,568.2525405722786,556.8273735019942,563.3771493720095,2490303
2020-10-06,573.275634765625,577.3630979219867,567.0706187416156,568.7942376435658,5665979
2020-10-07,570.2223510742188,578.2987482431311,566.3318852309262,576.1811354088554,2588117
2020-10-08,574.359130859375,577.6586060979681,568.4002855518229,577.6586060979681,9288093
2020-10-09,565.1499633789062,580.1208356774642,560.0283412616295,578.150985641208,4555998
2020-10-12,554.9069213867188,568.3018810180672,551.7551484984403,567.7601841423634,2349521
2020-10-13,558.1570434570312,563.3279000214015,551.262568037871,555.8917278423181,2122487
2020-10-14,563.7218017578125,566.1348800396145,549.5881520023393,556.38415857312,3958474
2020-10-15,553.035400390625,565.3469631775935,551.6072470843261,564.362038154636,1772762
2020-10-16,552.6907958984375,557.7138903348988,551.0656452845491,554.4636492221848,2117294
2020-10-19,561.8997802734375,565.6424837018527,555.7932325138871,557.3691487729967,3362350
2020-10-20,562.3922119140625,572.2414625605435,558.4525116554702,565.9379181007736,6496843
2020-10-21,554.2173461914062,568.7449909025913,547.6183362317892,565.8394499373433,3457773
2020-10-22,552.6414794921875,558.2555648892289,549.7359983818875,554.5128613295549,2967121
2020-10-23,555.990234375,571.8967992273234,551.213371553497,554.5128466840124,21418349
2020-10-26,569.927001953125,573.8667028286601,555.0053608410099,558.2063678023821,8486218
2020-10-27,578.446533203125,582.5832308892561,571.2565915735732,574.1128985774654,5959783
2020-10-28,577.3138427734375,585.833408396791,574.8515301455802,581.8444739626732,4062087
2020-10-29,577.2645874023438,579.1359691718817,571.6012679759181,573.2264184660462,1671983
2020-10-30,580.8596801757812,589.1823107617205,575.196359851897,581.105911494211,3789450
2020-11-02,578.6434936523438,585.5379693213929,576.7721119247218,581.8937344447412,2206055
2020-11-03,590.0194091796875,592.5309563321479,581.1058484426891,581.4998425554545,3646651
2020-11-04,585.291748046875,594.7962994276098,582.189209896775,582.189209896775,1919838
2020-11-05,583.1248779296875,593.4173569740748,581.1057935513761,591.1028070966297,2350192
2020-11-06,581.6967163085938,589.5761167874914,579.973097453835,584.060560498285,1990463
2020-11-09,583.912841796875,589.9701554185652,578.8897476581999,587.0153800158012,2978907
2020-11-10,600.4596557617188,605.8274498624857,581.4998461815874,586.0304779313343,4801645
2020-11-11,614.0516357421875,617.3511111579619,604.9903117643805,607.649621861083,6526986
2020-11-12,620.8968505859375,623.5561004501982,609.0777485578935,614.4455426369142,3555249
2020-11-13,618.0404663085938,620.8474786434159,608.634444143163,615.5781536938184,5036293
2020-11-14,626.5107421875,629.564045628521,624.1469583556325,628.3821236550627,1080124
2020-11-17,659.9490356445312,663.8395017206531,625.427423727915,629.0716585348526,9740753
2020-11-18,654.7781982421875,665.9078399135152,651.2324919077131,662.3621335790408,3642631
2020-11-19,636.3108520507812,660.6385141668547,633.3068425035968,651.0354943932776,4212122
2020-11-20,653.891845703125,658.471711683652,637.5912860153156,637.5912860153156,3045488
2020-11-23,651.3309326171875,664.1349584455901,646.0616075722901,657.1420145391769,3011294
2020-11-24,654.1380615234375,656.3541431079051,641.5802658781209,655.467686428094,2108847
2020-11-25,655.0736083984375,678.1208779702446,651.8726020754116,662.3128433826198,6798974
2020-11-26,650.8384399414062,665.2183812747846,648.2284247124569,657.9299120947796,3804983
2020-11-27,637.0496215820312,654.0888159000314,632.4697553686591,653.6948818802607,9917761
2020-12-01,632.2234497070312,646.1108696582355,629.859605406161,643.402325616223,4569057
2020-12-02,626.90478515625,637.1480295724599,620.6997694550118,634.2917229232129,6126982
2020-12-03,638.1821899414062,640.8907337939806,615.5781483123654,616.6615418073739,26754679
2020-12-04,633.5530395507812,645.0766746794963,630.4505015916853,642.171133753765,4452423
2020-12-07,639.758056640625,641.5802040590961,632.1741217037353,635.3751281284243,4644396
2020-12-08,641.6787109375,647.7852586593796,634.2917725920952,642.7128702828451,4409047
2020-12-09,642.7620849609375,646.6033168297108,635.2766783780098,645.6183917469542,4512763
2020-12-10,649.5088500976562,651.0354719347038,635.9168961407901,646.2093150407541,5582666
2020-12-11,654.482666015625,658.2746032399733,645.3721097166866,653.8917350584713,6275768
2020-12-14,645.8646850585938,657.9300184813429,643.4023721151756,657.3883216568033,2696137
2020-12-15,641.6294555664062,653.9410190698101,635.0304455055706,649.9520845177185,4819043
2020-12-16,638.9208374023438,645.8645463889289,637.4926841787789,645.5198466968836,2540833
2020-12-17,644.6826782226562,651.232453838663,640.4475125387595,641.1862063248481,4660373
2020-12-18,644.2394409179688,646.4062880165349,630.3520219797488,646.4062880165349,2540821
2020-12-21,619.71484375,643.3038103500313,608.0927403655432,636.2615723071124,3004002
2020-12-22,631.583251953125,633.5531022516143,611.2445235751991,620.5028440241229,3085304
2020-12-23,638.8223876953125,640.1028384010854,624.1962741922157,631.5832123483366,2940595
2020-12-24,647.3419799804688,653.5962299137185,639.2163484325968,641.8756580530928,3776278
2020-12-28,668.4686279296875,669.7490184419336,647.7852023601572,651.8726051536755,5624012
2020-12-29,663.0516357421875,676.0033656444921,660.0476259999837,672.7038903746236,4102480
2020-12-30,665.513916015625,668.7641568906089,656.9450554433522,668.7641568906089,2886107
2020-12-31,666.3018188476562,668.7641315558885,659.4565774957592,666.4988158873261,2959814
2021-01-01,668.1732788085938,670.5370632163101,664.8245090871663,666.3018968851379,1264311
2021-01-04,685.360107421875,687.0837263484667,670.0937683577773,670.0937683577773,5031655
2021-01-05,702.9903564453125,704.2215129364602,679.8446144117365,680.6817767796917,6955494
2021-01-06,708.2103881835938,709.6385416158253,694.7661965037653,702.251603292274,3582162
2021-01-07,693.6828002929688,712.8888415256276,691.9099469714282,709.1461378212502,3284785
2021-01-08,706.1913452148438,711.0667368177911,697.4254871766126,704.6154889926065,2841346
2021-01-11,714.169189453125,719.9802717802754,704.9109292776536,710.0325519891162,3216546
2021-01-12,707.5702514648438,716.0405837047352,703.4335538138263,716.0405837047352,1607350
2021-01-13,702.497802734375,713.7752067536127,697.8686429050526,707.6194250962837,2639680
2021-01-14,696.2435913085938,707.7179328864803,691.9591309679612,702.2516104940057,1995368
2021-01-15,694.224365234375,706.1912280826327,691.6143500420127,697.7208970916789,2417123
2021-01-18,683.48876953125,698.6073454243464,678.6133783747771,692.4023294593153,2381523
2021-01-19,688.0194091796875,690.9741844478975,683.242546542104,684.522937135317,2016585
2021-01-20,692.3530883789062,701.1188854126079,689.4475474061123,689.4475474061123,2495461
2021-01-21,689.9400634765625,701.1682341658882,688.4626757603386,699.2968523459805,2254977
2021-01-22,677.0375366210938,698.114897655793,673.7872357046404,692.1068786021535,2644349
2021-01-25,670.1431274414062,688.9551746400191,655.6154807996046,684.5230112577746,3532317
2021-01-27,672.5560302734375,684.5228933909699,662.9037770371222,674.6736431263515,3629780
2021-01-28,661.6726684570312,672.7530758035637,659.9982837683216,669.2566037305581,1964058
2021-01-29,667.72998046875,674.6244561367494,658.0777265565623,663.494814581419,4598451
2021-02-01,688.5118408203125,702.5470227143363,658.4223927126266,668.0746461325234,8383807
2021-02-02,670.7832641601562,701.2667097018074,664.3320164239734,699.789321970694,6702065
2021-02-03,678.8104248046875,684.5229786466401,668.7641762605305,674.6737271553216,2902411
2021-02-04,670.1431274414062,680.2386107009634,667.9270457502839,674.9199905962446,3379697
2021-02-05,671.2756958007812,674.624465216331,662.2636671253545,672.3098551418882,2759333
2021-02-08,673.738037109375,680.9772730338649,667.0405581096545,675.5108903570863,3887493
2021-02-09,694.273681640625,699.4937723062956,677.5791902641904,678.3178840408906,7331068
2021-02-10,708.2103881835938,712.9873110351917,699.2968279628535,699.3460621953323,8514545
2021-02-11,703.4334716796875,715.4988033526002,699.5922399990245,710.1309498914366,3044979
2021-02-12,700.2325439453125,709.1461044856268,697.5732340304794,703.1873193806692,1760221
2021-02-15,684.7692260742188,706.5360483370617,683.7350666662668,702.7441104695506,3871100
2021-02-16,684.86767578125,693.387302334653,676.5943406292475,685.9018952759279,3066134
2021-02-17,692.5008544921875,700.7742498647956,682.5531344431529,685.5079099169328,3533494
2021-02-18,702.69482421875,705.157136967351,691.4174198071462,692.8948074563068,2949918
2021-02-19,699.9370727539062,712.5441024862745,692.5008398764586,704.5169385725671,3787638
2021-02-22,680.1892700195312,702.8918423342994,677.6777229636738,700.2817666965096,3110151
2021-02-23,695.0617065429688,702.1038854602115,679.7461321272885,683.0456074104999,4693570
2021-02-24,707.9641723632812,710.6234822408326,686.492816523715,701.3159277269325,2362499
2021-02-25,722.442626953125,732.7843414493865,710.1310620766232,713.0858376469836,5635556
2021-02-26,690.0877685546875,719.8817516723456,683.4887586180134,715.0063605937178,13122512
2021-03-01,694.618408203125,702.7440400608716,689.5953143734495,700.5771928757947,2210665
2021-03-02,709.9340209960938,716.8284968994425,695.6033723914309,704.172233037176,2446910
2021-03-03,716.5330810546875,720.4727818439916,710.2295357457756,713.0858428640464,1714037
2021-03-04,709.6385498046875,717.5179507740664,702.2516113958948,710.1310123652737,2122634
2021-03-05,706.4375,713.8244379574764,700.5771838640577,712.100819100732,2140241
2021-03-08,712.0516357421875,725.8405875812753,704.2214689248366,711.0174763772678,3203722
2021-03-09,729.0415649414062,734.7541184505844,720.965167165989,720.965167165989,5412952
2021-03-10,720.324951171875,734.7541279996608,714.1691692683926,731.9471154976959,2422642
2021-03-12,700.0847778320312,728.6476069060271,699.2968497426572,728.6476069060271,3271450
2021-03-15,693.5350952148438,704.2215094592136,685.0154682921442,701.2667338950491,2394116
2021-03-16,692.4515991210938,699.8877718134479,689.4475895041234,697.0315250116805,1619213
2021-03-17,679.4012451171875,696.4404353970556,677.1359296664045,695.8495044499125,2100094
2021-03-18,670.586181640625,688.7088262119224,664.9228627264762,684.6213632974286,2124421
2021-03-19,678.0716552734375,679.5982770612164,663.6917136318057,669.6997924400747,3146999
2021-03-22,669.601318359375,684.2767266840488,668.0254622144024,679.0566355743862,2585880
2021-03-23,673.2455444335938,679.0566266071773,670.3892976941664,673.5410099424921,2207365
2021-03-24,666.3018188476562,676.4957694137154,664.8736654538703,668.9611285955584,1735370
2021-03-25,656.945068359375,667.3360165630368,652.0204426595296,666.3018571890813,2743208
2021-03-26,661.57421875,666.5973128434846,656.5018303081986,662.2636783607874,1761492
2021-03-30,677.3822631835938,682.8485856726413,664.8244676829164,665.3169302515704,3467882
2021-03-31,685.704833984375,687.2806900232974,670.7339611543938,677.6284365260249,2368424
2021-04-01,680.583251953125,693.7319781438227,672.014391461239,689.2505809101242,3443437
2021-04-05,671.86669921875,687.4777384307895,665.9078541102182,687.3792699641439,2074674
2021-04-06,686.6405029296875,690.4816744453168,670.2907115003047,676.1017931744025,1427470
2021-04-07,689.2998046875,694.3721929801152,684.7199390581548,693.8304962000924,2890361
2021-04-08,690.8756713867188,695.3570682312038,686.7882084835312,689.4475180762645,1817393
2021-04-09,684.3751831054688,692.5993437765252,680.090782957624,689.4475714269904,1586783
2021-04-12,676.93896484375,679.5982744624835,669.3550300477522,674.6736492852191,3457470
2021-04-13,695.45556640625,699.9862577876759,674.6736715193406,678.7611345971953,4171978
2021-04-15,683.9812622070312,702.9410707836637,677.6284831544466,702.3993739902002,2566125
2021-04-16,680.2385864257812,690.7280033203939,678.711904334328,684.0305242492451,2784995
2021-04-19,655.910888671875,674.1320031969955,651.5771941442015,671.7681588882539,4936620
2021-04-20,674.8706665039062,678.6133697275785,659.9982619546315,659.9982619546315,5373233
2021-04-22,668.8134155273438,672.5068848643791,661.8697051967296,661.8697051967296,2526780
2021-04-23,676.0032958984375,680.9772155803697,666.1540452253923,668.7641206997714,3140377
2021-04-26,693.8305053710938,697.4747402990495,676.8405472331785,682.5531008449442,3274660
2021-04-27,668.5178833007812,708.1611168961499,666.7942644488087,700.3309506598922,10860187
2021-04-28,662.4605712890625,672.2113534287766,661.0324780441515,672.2113534287766,4011121
2021-04-29,664.479736328125,671.078686342194,662.017423601963,667.7792113351595,3939217
2021-04-30,655.0736083984375,667.779165234315,650.7399743686033,659.899765054559,2742166
2021-05-03,661.771240234375,664.3320216089336,647.2435940983754,650.0506067633746,4908079
2021-05-04,657.7821655273438,670.5861910786708,655.4676157237024,666.7942537114147,4118750
2021-05-05,664.2335205078125,665.6123795975061,656.9450506227956,659.9490601955854,2249063
2021-05-06,661.6726684570312,669.6505978155689,658.9148902071279,661.8696654995366,2269126
2021-05-07,662.5098876953125,670.2415256275057,660.9339714778522,667.7792128955897,1913550
2021-05-10,669.7982788085938,675.6093607413984,660.1460251891524,660.1460251891524,4342679
2021-05-11,661.1309814453125,671.2264638435463,659.801356590105,667.7792259514665,2430724
2021-05-12,658.7178955078125,663.7902838238471,655.0736606112005,661.1309740282081,2428984
2021-05-14,660.49072265625,669.6505738266286,656.3540854871108,669.6505738266286,1580599
2021-05-17,656.2555541992188,665.1198797222565,652.85755072571,661.4756449842189,2453864
2021-05-18,656.6495971679688,662.6576164238562,655.9601375529343,659.5058439801696,1809231
2021-05-19,656.1078491210938,661.4756425762379,654.9751612623626,657.9299364259522,2252486
2021-05-20,657.4375,668.764138576779,655.664646854472,658.9148876404494,4316905
2021-05-21,660.58935546875,664.7260534056918,656.9451201406092,658.9149705758135,1629616
2021-05-24,660.1460571289062,663.1500667011846,657.2897502545744,660.5892854528623,1785392
2021-05-25,649.2134399414062,663.8395544466167,647.1942952816788,663.5440889231393,3425396
2021-05-26,648.5731811523438,656.3541135219864,647.2435563076217,653.497806673622,1938680
2021-05-27,654.0394287109375,656.9449694594429,647.4404192435821,651.0846537358575,3565457
2021-05-28,658.8656616210938,664.2335154713114,652.759113941444,654.9751954297401,3030073
2021-05-31,655.8616333007812,660.5892616508334,652.4636297596309,660.5892616508334,3123672
2021-06-01,655.2213745117188,660.8354591911994,653.6455185138184,658.5208493076581,1731330
2021-06-02,665.7108764648438,667.7299608280712,652.9068506008924,653.9902441279738,4979822
2021-06-03,668.2224731445312,672.9993360267104,666.4003255667993,669.5028638033057,2861563
2021-06-04,670.635498046875,678.3671357293105,667.385197253696,668.5178851198106,2532605
2021-06-07,669.8475952148438,674.1812900809656,664.8245008103021,672.0144426479047,1746210
2021-06-08,679.3029174804688,681.5682334008404,670.7340562803068,673.7380660952604,3425861
2021-06-09,674.5751953125,686.3942959917199,671.2264260740325,684.5229143381549,3041695
2021-06-10,678.859619140625,681.2726976371866,673.9349936844,678.6133878678138,2217208
2021-06-11,672.309814453125,679.7460466656908,671.2756551746063,678.8595900755008,1716481
2021-06-14,671.4234619140625,674.6737027656885,664.1349920279428,672.3098584472015,1151855
2021-06-15,682.1098022460938,683.5379555306595,670.0444708984704,671.0786301338278,2613877
2021-06-16,681.7159423828125,687.5761987249259,679.5983293395716,685.7048770754895,3092360
2021-06-17,689.7430419921875,693.239514107051,672.0143900254967,675.609390720321,3796926
2021-06-18,698.5088500976562,700.2817031459009,682.1590583714905,693.3872278687965,6580504
2021-06-21,707.9148559570312,709.1460122282608,693.978142920691,696.5882182617187,6100487
2021-06-22,705.945068359375,713.0857753640565,702.497830495046,709.1460749476805,2451368
2021-06-23,706.9300537109375,712.7411363663593,705.5511344016656,710.1310605720458,1893116
2021-06-24,708.7520751953125,711.5591477885795,701.315902741848,704.2214437987143,1652982
2021-06-25,715.0064697265625,720.4727926305484,707.4717678081873,711.116003115866,2833717
2021-06-28,685.704833984375,717.0254386496309,683.7349838781947,717.0254386496309,7428147
2021-06-29,676.1510620117188,691.90986316567,669.7982832735211,669.9952803109566,30820343
2021-06-30,677.9489135742188,687.185176552358,676.6647443660316,681.6039030840319,3432606
2021-07-01,677.4056396484375,684.1722631896233,674.4915238539429,681.1100088043713,2556547
2021-07-02,679.1343383789062,681.6532973209457,670.5895694954071,680.9618030270121,7942326
2021-07-05,669.651123046875,682.5916939969824,668.515092492703,681.6038623124716,6776797
2021-07-06,671.7749633789062,678.6404060370461,666.7864251455693,670.3425952960265,6442552
2021-07-07,676.8623046875,677.4549796008379,669.7499042651299,671.7255676995403,3025732
2021-07-08,673.0097045898438,680.9123579484034,670.1450289228421,676.9610312691236,3568036
2021-07-09,674.93603515625,675.6275294315147,668.7620867922155,671.7255820069521,2570371
2021-07-12,674.6397094726562,678.2946990264746,671.8243527940209,676.1708366351778,1383135
2021-07-13,684.9625854492188,686.0985558291638,675.2324061685717,678.1465219996785,3119430
2021-07-14,680.1221313476562,688.5680803974026,679.6282154933732,687.5308691619008,2303846
2021-07-15,685.20947265625,690.9882638985313,679.7269585686187,681.6038628877578,2774718
2021-07-16,689.5065307617188,693.4578575855681,683.727739398824,687.4814878229885,2000951
2021-07-19,670.4413452148438,688.0247363244426,668.7620193706356,688.0247363244426,2866929
2021-07-20,655.3770141601562,673.2073659390808,653.8952664728362,670.4414489812435,3629414
2021-07-22,654.0433349609375,661.2545545002514,653.0555032752738,655.920239280683,4062964
2021-07-23,657.2537841796875,659.822182723198,653.7469937741334,654.0433312196451,2796725
2021-07-26,655.0311889648438,657.303250153253,652.3146517367107,656.9080933485392,2503714
2021-07-27,660.6124877929688,666.5888578670325,654.8336961288876,657.8959504599883,3512513
2021-07-28,656.7599487304688,666.2431701948653,653.1050193010071,666.2431701948653,2686658
2021-07-29,654.586669921875,661.7978289406874,652.9567235750895,657.9452613714452,1981009
2021-07-30,655.9696044921875,663.8228782803353,653.3024469406049,656.414140799528,2640763
2021-08-02,662.1929931640625,663.2796442705617,657.3032742084456,660.8594444111608,2613866
2021-08-03,665.6010131835938,666.7864233280031,658.4886126096021,663.822928113212,2936646
2021-08-04,667.0827026367188,671.3798064990359,664.4649849340034,667.7741968517139,3077649
2021-08-05,661.3533935546875,669.7499638985483,660.069224266473,669.7499638985483,1985164
2021-08-06,665.2059326171875,667.2803552003056,660.859448747601,661.8966600391601,1749643
2021-08-09,658.8837890625,669.7005589774166,657.89595729479,665.9468103186123,1468932
2021-08-10,662.1436157226562,666.3419006966528,655.2287934125443,663.6747428899736,2024406
2021-08-11,658.5380249023438,663.7241413114386,653.3024686744307,661.452080174437,1361893
2021-08-12,666.737060546875,667.6755127802907,657.3032792679891,658.3898700903866,1822952
2021-08-13,662.3411865234375,669.9475030356673,660.4642820866983,666.7864293860109,1358720
2021-08-16,665.35400390625,667.2802877057134,657.8958869163657,661.8472135645121,1058059
2021-08-17,661.2545166015625,668.3174765737795,659.9702872498342,664.8106863491514,2151413
2021-08-18,662.884521484375,666.9346680652295,660.3655624370878,660.8100988083664,1968944
2021-08-20,659.723388671875,666.5888311696617,648.0176069319343,655.9202606750067,4035337
2021-08-23,660.661865234375,664.6131922516769,654.2409588312595,661.8472753980586,2173978
2021-08-24,662.933837890625,667.2309420138499,659.9703427542477,662.8350788363975,3051984
2021-08-25,679.1837158203125,683.5795792191601,664.8107757434896,666.8851983264457,7608915
2021-08-26,690.3461303710938,693.4578242121063,681.6038443110447,684.9624960666627,7671524
2021-08-27,695.5322875976562,698.3970236930146,690.3461710850844,691.827918660105,3396769
2021-08-30,703.6819458007812,704.5216389909735,697.507997163193,700.3727334480208,3023655
2021-08-31,709.0162963867188,710.2510861749226,695.5323677825434,703.6819803846895,3854510
2021-09-01,709.8064575195312,715.7828272590307,698.6933508703728,711.2388255461375,4991772
2021-09-02,749.7642211914062,766.2116422554741,711.2387869009387,713.6589864981906,16281725
2021-09-03,725.4636840820312,738.6512142413698,718.3512832003511,729.9583066270794,15600504
2021-09-06,727.093505859375,734.699821956951,719.8329670299615,730.995453106748,8084343
2021-09-07,725.3154907226562,734.3541757046244,721.7098805775621,728.0320281410932,2891731
2021-09-08,734.60107421875,737.9102863255811,724.9202752404817,730.0076326567663,3070612
2021-09-09,728.377685546875,737.0706528085008,726.0563051507928,733.5144224853459,2867987
2021-09-13,725.95751953125,733.6625945107648,714.6468348336324,727.9825623994136,2883674
2021-09-14,730.2052612304688,734.9468416990661,727.1429465479092,728.8222726264139,1974670
2021-09-15,737.2188720703125,742.8495254788454,730.9955436892894,731.8846164404938,3172198
2021-09-16,745.961181640625,746.9983929356374,734.4529174585516,737.9103286369038,3209102
2021-09-17,738.651123046875,750.3569040895106,730.995427689318,749.7642292110708,11661592
2021-09-20,721.265380859375,737.8115627746458,718.1536867105617,730.0570473135023,1447672
2021-09-21,726.8466186523438,728.7235231693724,715.4371735421635,720.8208688534078,1850978
2021-09-22,724.1300048828125,731.0448266802194,722.1049619863498,724.4757821481596,1150957
2021-09-23,715.8323364257812,726.8960043276771,713.412136462566,724.8215816691886,2336977
2021-09-24,716.96826171875,722.4013362651468,711.9797235119148,720.030576274925,2219394
2021-09-27,712.2266845703125,721.3641281657015,709.559526813706,720.5244953036515,1906863
2021-09-28,716.96826171875,724.4263792648565,712.7205973136962,713.2145131815505,2407512
2021-09-29,725.809326171875,729.0197791287428,712.2266405851267,715.881629856053,5200234
2021-09-30,713.6096801757812,730.995494855355,711.9303541426204,730.995494855355,3235673
2021-10-01,720.5738525390625,721.6110637755245,705.6081780234474,711.238830825979,1852758
2021-10-04,717.8079833984375,724.4264080567585,716.1780368527515,716.5731936797258,1615207
2021-10-05,724.2288818359375,726.9947987164242,713.2639130809307,715.3877754903481,2236948
2021-10-06,716.8201293945312,732.674816832634,715.1901828993906,727.0441638314247,1939154
2021-10-07,716.5237426757812,723.4385649926619,710.5473725889705,721.1171844746955,2453970
2021-10-08,713.313232421875,722.5494948106715,711.535147455343,720.1292951347854,1573419
2021-10-11,708.5717163085938,716.0792739333833,706.2009562369232,716.0792739333833,3007329
2021-10-12,694.8408813476562,709.2138213402098,690.494397503893,708.176610054813,3241303
2021-10-13,692.3712768554688,701.1629429904094,691.4822041902388,695.7298685289147,3092746
2021-10-14,685.357666015625,694.1493928349171,684.567412662675,693.9518144235631,4077281
2021-10-18,695.0383911132812,697.4585909451031,680.6654512934336,691.4822209510902,4597120
2021-10-19,694.2481689453125,700.4221176238467,690.0498838439094,699.3849063043464,2137420
2021-10-20,694.8408813476562,700.8666309427927,686.8394079478828,694.8408813476562,2606119
2021-10-21,686.0985107421875,702.348354634344,682.5917201861206,698.3476482170714,3427729
2021-10-22,682.3447875976562,693.4578948875204,669.7499326691436,691.4822313693223,3533890
2021-10-25,674.93603515625,685.110690001686,668.2681709230927,682.3447731930913,2786630
2021-10-26,681.6533203125,686.5430997722492,675.7757090545174,676.6647817899147,2616174
2021-10-27,685.4070434570312,691.4328533764057,679.9739687699129,681.5051562338916,2103049
2021-10-28,674.787841796875,687.2345579760351,671.9231659080147,685.407033069857,1471621
2021-10-29,672.1701049804688,680.6160541160137,667.2803259149017,674.1951479451079,2021722
2021-11-01,681.40625,685.0118595859793,672.0712289875322,672.1700483265413,1575508
2021-11-02,684.2216796875,689.1608383937046,682.838691132777,685.5552284211893,1898373
2021-11-03,683.8759155273438,690.0004844990714,677.4550090860496,686.5924528678913,1256308
2021-11-04,687.926025390625,691.3834363677325,686.5430368827969,691.3834363677325,409164
2021-11-08,694.6927490234375,696.3720752281669,683.5796407027639,693.9518751353926,2429656
2021-11-09,697.8536987304688,701.3111095923159,690.2967623011614,701.0641516736125,2647708
2021-11-10,697.9031372070312,699.3848848444135,692.0749057163415,696.9153054487764,2077910
2021-11-11,694.0505981445312,698.2983231159446,691.6304584699651,697.4092503794934,1102633
2021-11-12,711.8314819335938,713.2144703976094,696.2237535041604,700.2244597352947,5345270
2021-11-15,705.9044799804688,715.1407421751318,702.5458885126037,715.1407421751318,1917369
2021-11-16,704.916748046875,710.64622071828,702.5953674349033,709.263232081913,1900114
2021-11-17,702.397705078125,713.609630838723,699.7799872976041,705.5093989918612,2453920
2021-11-18,695.9274291992188,706.2996619977877,693.7541874115024,702.3977147436432,1708655
2021-11-22,680.4678344726562,701.1135408782719,675.9732123486954,698.2982446831704,2109072
2021-11-23,686.9381713867188,690.8894980894495,677.6525295183172,680.4184461517367,2081366
2021-11-24,678.8380126953125,695.8781109359777,674.5409082678383,689.9017407129625,2093430
2021-11-25,680.41845703125,686.0491097311644,677.1586245078664,681.6038671195154,1943112
2021-11-26,662.4893798828125,680.6160681766265,658.9825289753619,676.6647412205939,2236662
2021-11-29,675.3312377929688,677.6526184183766,650.7835812564138,661.4521526948857,4901166
2021-11-30,672.515869140625,681.3569757007814,664.4650762447588,673.7012793445929,11535239
2021-12-01,685.4070434570312,686.5430740995059,669.7993136870753,671.7255976800922,3209799
2021-12-02,696.7177124023438,698.1500804802159,685.5552258270532,687.5308893020591,2331496
2021-12-03,682.5423583984375,698.6440038337445,679.7764415622901,698.6440038337445,1878712
2021-12-06,675.87451171875,685.3082931004137,674.1951856447314,682.591755722358,1393577
2021-12-07,685.9503784179688,687.7284634760396,675.5287054174719,679.6282312198681,2459318
2021-12-08,678.0477294921875,690.3461864037888,676.3684034780741,689.6053125998386,3678237
2021-12-09,674.8372802734375,681.9002410701004,672.9109963134514,681.5051445478371,1650779
2021-12-10,676.4177856445312,677.6525753225972,671.9725428034939,676.5659845228851,1011025
2021-12-13,666.1937866210938,680.0234317501826,664.8107979911977,676.6647795304166,2026297
2021-12-14,661.3533935546875,669.7499638985483,657.5502652218086,669.7499638985483,2093071
2021-12-15,664.66259765625,667.082797607059,657.006901262191,661.847301163809,1981529
2021-12-16,661.3533935546875,669.206668464204,659.822266315183,665.9962150974337,1404782
2021-12-17,648.6102905273438,661.7978803130899,646.4371089528813,658.8837646478338,2377387
2021-12-20,625.8901977539062,646.0419903781001,619.3705320597381,646.0419903781001,2473370
2021-12-21,630.9774780273438,636.1142147601876,625.2974459355124,632.2122676125244,1640601
2021-12-22,632.1135864257812,635.4721783357045,628.261018328478,632.2617250187743,1212183
2021-12-23,632.706298828125,636.7563852891152,629.0513089309671,633.2495942861889,2150523
2021-12-24,629.5945434570312,635.1758169766897,626.4335300824104,633.3977318803492,1183083
2021-12-27,631.9653930664062,634.5337316254216,622.4327920942555,627.2731920237093,1185438
2021-12-28,634.4842529296875,635.8178618246615,631.2244205627378,633.9409575839389,1217603
2021-12-29,636.9044799804688,638.8801433538086,631.3232068337988,637.1514379021362,1505964
2021-12-30,633.1013793945312,637.4971823557311,632.3110657771585,636.9045074351656,1280995
2021-12-31,641.6460571289062,647.0297518555092,634.336138855939,637.497152005081,1592842
2022-01-03,642.5845947265625,646.684120869861,638.4356890510793,646.0420060740536,1892087
2022-01-04,645.2023315429688,647.0297961632376,641.1521851930327,644.4614577305681,2293391
2022-01-05,645.597412109375,650.2402332774828,642.7327362810481,647.0297801697702,3326875
2022-01-06,639.0283813476562,644.0169196122655,637.0527178533583,643.078467393981,2548339
2022-01-07,652.2652587890625,654.8830369083887,638.1392775519014,639.1271092508981,2168995
2022-01-10,654.883056640625,661.550920809762,651.9689409822871,657.8959313548534,1480419
2022-01-11,650.1414794921875,657.7971754264848,648.2645750816321,654.8830597542917,1484964
2022-01-12,665.0577392578125,666.0455710279689,650.2896422354806,650.2896422354806,2091488
2022-01-13,662.1929931640625,668.1694235186441,660.2667694748634,665.6998441299627,1807858
2022-01-14,663.2796630859375,666.6382549743387,658.0935462225908,659.8716313743877,1292789
2022-01-17,665.94677734375,667.3297055745874,659.8715881561652,662.8350833125552,1255654
2022-01-18,660.9581909179688,670.5401708225819,658.636810453678,669.749917491704,979679
2022-01-19,648.0669555664062,659.278881205403,644.3132072758783,656.9080610785114,1945857
2022-01-20,641.5473022460938,652.561589398959,639.6703979206922,646.6345992671157,1429228
2022-01-21,633.6447143554688,639.077789205626,625.6432406733929,637.151505154804,2963518
2022-01-24,619.9631958007812,632.0641350040838,611.5666257413469,632.0641350040838,2628472
2022-01-25,623.1243286132812,625.7914867082592,609.4922609297489,619.5681580149588,1827902
2022-01-27,613.9374389648438,618.2839228267139,609.6403949249562,618.1851034752144,1914985
2022-01-28,612.9002685546875,625.1987868479749,611.5172798811766,613.7892810226847,1317526
2022-01-31,614.8759155273438,619.864454055271,607.9610929323048,617.8887904566884,4374943
2022-02-01,616.3082275390625,630.7799259045905,610.0848395366053,618.6296079388941,4159628
2022-02-02,636.3118286132812,637.9417147810755,616.5057543292432,616.5057543292432,2989002
2022-02-03,626.680419921875,639.42341197131,623.3711477345043,638.1886224146326,2076930
2022-02-04,616.7527465820312,629.2488426928397,614.5301250811539,629.2488426928397,1909456
2022-02-07,595.9094848632812,616.1106555880882,592.6990317745027,612.5544252219632,3030728
2022-02-08,593.1435546875,600.4534730718607,586.7720281815813,599.0211653447809,1954492
2022-02-09,592.8966064453125,599.366892109635,588.8464602448664,599.366892109635,2644690
2022-02-10,598.8729858398438,604.0591024182506,583.2652565766548,592.8966159365533,6231536
2022-02-11,588.1056518554688,594.18084168545,585.7842711878169,593.3905882853431,2557745
2022-02-14,550.5186157226562,582.6231472189551,548.2466147829496,580.8450621484222,7168038
2022-02-15,566.6202392578125,567.5093119051971,544.88794184804,557.137079050533,4282324
2022-02-16,579.215087890625,585.6854337005299,569.2873914547429,569.9788856969229,6991082
2022-02-17,585.3890380859375,588.1550150647064,574.1771724695385,578.9681320712243,3542326
2022-02-18,583.7590942382812,590.2293791393935,580.3016836491802,582.8206421627484,2613689
2022-02-21,574.9180908203125,582.2280700439492,569.5343956089486,576.4492180071311,2415405
2022-02-22,565.7805786132812,569.978863133764,558.1248833112246,569.978863133764,2952243
2022-02-23,562.1256713867188,570.9667780183336,558.6188805698403,565.7806610899664,1929381
2022-02-24,526.4649047851562,553.1857396133444,522.6123371244362,552.1979079354634,5515851
2022-02-25,532.3425903320312,538.9116357400161,527.3539914218896,533.4291812138124,5087685
2022-02-28,516.8335571289062,526.0203798738444,513.9194415574976,525.5264640241975,10669560
2022-03-02,553.9760131835938,556.1492550130075,502.8557219812436,511.6968278805291,41081069
2022-03-03,525.279541015625,556.6431995529942,523.7977933681902,553.9266621993638,5811568
2022-03-04,515.1542358398438,522.464214597701,507.99245595520546,522.464214597701,4687979
2022-03-07,497.373291015625,513.6725150508937,491.9402163372021,498.8550386551949,9156126
2022-03-08,506.8070373535156,508.6839416846759,491.0017302867733,493.91584583569625,7443036
2022-03-09,508.43701171875,516.6360031519612,501.81852696213434,510.70901267603045,4515965
2022-03-10,514.9566040039062,523.3037931307407,509.57290969423514,517.6237613978444,5059007
2022-03-11,512.4871215820312,517.8214373753076,508.48641488330793,512.240163634055,2924919
2022-03-14,506.2143859863281,514.8085341618513,503.84356569912705,513.6725035466374,4517379
2022-03-15,498.5586853027344,513.4749202822181,496.6324013741678,506.21438119661764,4513513
2022-03-16,511.0054016113281,515.0061085270515,500.88012519509834,500.88012519509834,6339842
2022-03-17,523.698974609375,526.4155116533325,514.1663750472313,516.6359541781018,11303983
2022-03-21,515.993896484375,527.7984980923777,513.9194739022844,526.3167504501798,4064003
2022-03-22,522.8593139648438,524.04472407969,510.2150800888971,517.1299020842936,3457606
2022-03-23,519.4512939453125,527.5021467058424,517.7720282290968,525.4277241784794,2654149
2022-03-24,515.993896484375,519.5995065307095,512.6846842004529,517.623843007779,3192575
2022-03-25,513.2279663085938,521.5751565351202,511.5486402991355,517.7225886482728,2874297
2022-03-28,506.3625183105469,514.3639914615675,498.9538105164617,509.8199293493615,4968964
2022-03-29,516.635986328125,519.303144013933,508.1406577062539,510.70899604520196,3428962
2022-03-30,535.701171875,536.7383832041703,519.5995256297577,519.5995256297577,6695548
2022-03-31,531.651123046875,543.5544849895139,527.4034580759194,536.3433244166164,5976662
2022-04-01,543.6531982421875,544.6904698494277,529.8729930884798,531.4534998259941,3675121
2022-04-04,564.8421630859375,590.2788297700388,547.0611921999639,553.1857608969585,23976331
2022-04-05,562.7183227539062,568.645312645632,560.1005447680772,565.0397030111818,4898169
2022-04-06,549.0863037109375,561.0884846743938,547.0118809655733,560.1006528351784,5626902
2022-04-07,552.1979370117188,553.7290641345644,546.1227477558743,553.1857687416145,3159512
2022-04-08,557.9273681640625,559.9524112214621,547.0612187617111,552.1485764625256,3232920
2022-04-11,560.4957885742188,564.7434532643434,553.7784840866149,558.0755886008145,3034500
2022-04-12,555.4577026367188,565.8299345490426,553.630238273911,559.6066074601396,4518691
2022-04-13,557.9767456054688,561.8293135870521,555.1614492060189,558.1249444864781,2313264
2022-04-18,567.3117065429688,569.830665200886,548.4935256024047,553.6796417832469,5765896
2022-04-19,540.047607421875,572.8436322223912,535.4047863306262,569.8801370950998,2958108
2022-04-20,552.4942626953125,553.926630731622,534.4169544820463,541.3317764439213,3278202
2022-04-21,564.0026245117188,568.6948259464377,550.2717372489202,553.6797692968423,3111307
2022-04-22,547.3081665039062,561.9775040992059,545.2831234842422,561.9775040992059,2703271
2022-04-25,533.4291381835938,545.2831190321181,529.4778112340856,545.2831190321181,3225681
2022-04-26,543.1593017578125,549.234491563861,531.4041392829166,534.5157733384173,4153518
2022-04-27,540.9860229492188,551.6545926261203,530.7125497537085,545.2830664756576,4744055
2022-04-28,564.447021484375,568.3489082164588,539.8499896067195,544.196472926392,14954957
2022-04-29,575.3132934570312,586.7721187980518,566.2252283801159,568.3490306817641,8916828
2022-05-02,572.794189453125,578.6224206237681,567.7068923529517,570.4234295389788,3025011
2022-05-04,560.6932373046875,573.4856696158412,557.5322241634813,563.3603948984836,3587834
2022-05-05,562.817138671875,570.3740756644027,556.6431902441449,563.5580124832027,3860357
2022-05-06,559.0634155273438,566.7684914572891,548.2466453312339,548.2466453312339,3969111
2022-05-09,556.9888916015625,562.0762490801698,550.716184292082,551.3582990275245,2774773
2022-05-10,552.3955078125,565.9288143842793,551.2100976944495,554.1735928433443,3953646
2022-05-11,556.692626953125,568.6948080464088,552.6919200195209,552.6919200195209,4283207
2022-05-12,540.5908813476562,557.7791765207377,537.6767658629868,553.2844941887669,3079554
2022-05-13,544.0484008789062,558.9646379571448,541.3812427788811,548.2466863146491,3154166
2022-05-16,543.0111083984375,550.9631416838353,537.5780339398789,545.3818683503306,1260662
2022-05-17,548.098388671875,550.0740520504056,535.898691426433,543.1592302255484,2057634
2022-05-18,543.3074951171875,551.7534450282427,540.887295125899,548.2466541637074,2377852
2022-05-19,522.2666625976562,540.7391285337404,519.0068298542216,535.8987288017704,3998270
2022-05-20,538.0719604492188,540.6896783828558,525.5264853017553,527.5021487803334,2607708
2022-05-23,544.4434814453125,549.4320196172616,536.0469117505094,537.3804604674043,3094798
2022-05-24,546.172119140625,549.2343730026138,539.0103399962563,544.4434138299154,3835802
2022-05-25,562.1749877929688,564.5951874796096,549.827091730986,550.9137427599172,5339885
2022-05-26,571.0161743164062,573.9302902583116,556.2975163010984,561.1872356003043,3444955
2022-05-27,590.8221435546875,596.9467124424136,570.3740746329938,574.9180765506002,8795852
2022-05-30,601.4907836914062,605.9360266181345,592.0075626055728,598.2803304665468,5399271
2022-05-31,593.3182983398438,601.7878936395549,590.4950595990971,601.2925949616623,5609885
2022-06-01,601.4412231445312,603.2738041120896,591.0399506598401,593.318312540424,4893225
2022-06-02,602.1842041015625,603.8186535903269,585.6412148673202,598.320849925812,5252011
2022-06-03,597.0331420898438,611.6444556247109,594.6556838386435,607.236284533801,3679222
2022-06-06,600.4010620117188,608.7221043847231,595.3985572168399,596.2901190644001,3348790
2022-06-07,599.6085815429688,601.4412229712649,587.4737636476582,601.2926091798772,1652408
2022-06-08,594.3089599609375,603.1748193461739,590.4456056711072,596.6368398142513,2129427
2022-06-09,599.21240234375,601.1935971797865,586.4336714668073,589.9007624298711,2320898
2022-06-10,587.5232543945312,598.1226579566804,585.9878406196493,596.14146328941,1988641
2022-06-13,576.5277099609375,584.4524894793009,574.1007341411848,576.0819290207756,2280937
2022-06-14,567.0180053710938,579.1528241508556,564.7891611054232,574.546521817295,4065780
2022-06-15,574.2988891601562,576.7258650789607,565.7797750147344,571.5747460895388,2601467
2022-06-16,565.1853637695312,580.3414926827725,562.3126674374087,576.5277166796233,2366283
2022-06-17,545.62109375,566.6217729516516,542.2530985092193,558.6969929103698,5050203
2022-06-20,547.9490356445312,553.1991903438125,540.7176254683025,545.8192268181723,1278783
2022-06-21,559.1427001953125,560.4799824665405,549.7815429129205,550.1778060472739,982122
2022-06-22,546.6116333007812,558.5483198801227,545.1752549783358,555.7251414742524,1215189
2022-06-23,552.8524169921875,554.7345763464426,544.4819168431193,547.89942970338,1592871
2022-06-24,556.1709594726562,559.9847355328973,552.9019999265539,552.9019999265539,1021604
2022-06-27,552.75341796875,567.1170820557516,551.366557251702,558.9446524890093,2738127
2022-06-28,560.628662109375,563.6499723645932,544.1847074824317,554.6850771635269,2194297
2022-06-29,536.160888671875,556.270005521956,533.6843949597647,553.2486952854359,4268386
2022-06-30,544.82861328125,550.7721981534091,532.5451803609458,535.4179372336648,6228299
2022-07-01,560.1333618164062,561.9659429851374,535.4674601747721,544.779100748718,2052291
2022-07-04,568.9000244140625,570.0887532811844,557.8053224230277,560.1332623839044,1488372
2022-07-05,559.5389404296875,575.7352448686908,557.9540087084102,575.5371132882136,2528269
2022-07-06,552.2085571289062,566.5227022838199,549.7815812993847,557.9540102105918,3309296
2022-07-07,549.3853149414062,560.3314650005433,546.0173199288998,558.4988234634445,4548159
2022-07-08,540.2222900390625,553.5953554869734,538.3401911787108,552.7533718469831,3509988
2022-07-11,541.5101318359375,543.9370472714497,535.1207660542078,537.8944268814157,1848324
2022-07-12,534.6749877929688,541.5101345634367,532.3966256899034,541.411038539051,2088278
2022-07-13,534.4273681640625,540.6186027350085,533.4862884170236,537.3496429738041,1169625
2022-07-14,532.0994262695312,538.3401778990233,527.5921596570338,535.7150705617182,1770641
2022-07-15,534.8235473632812,536.606610547416,528.978998661726,532.0498263421099,1079168
2022-07-18,537.6467895507812,540.8167136219625,535.3684274081822,539.2812995994245,1543573
2022-07-19,530.8612060546875,539.6774872226805,529.9696441510464,535.9132289452638,4654412
2022-07-20,520.2617797851562,536.0122425684049,517.0918559323974,534.9226095852387,9053768
2022-07-21,524.1250610351562,527.3445025905596,514.1695692407009,520.3608030010919,5528757
2022-07-22,529.9696044921875,531.9012814980105,523.5802392242807,525.0166175343165,2944287
2022-07-25,521.7972412109375,530.9602682279307,521.0542930744245,528.9790731972295,3800562
2022-07-26,517.63671875,526.0072798339629,515.2097427489068,520.0636947510933,7812371
2022-07-27,516.348876953125,527.5426150950597,515.1601480218433,520.06361707509,8672870
2022-07-28,526.6015625,530.9602153177124,514.7639717401961,519.0730463180621,11504269
2022-07-29,550.27685546875,554.7345437668768,529.1771429498705,534.9225957752026,14236016
2022-08-01,540.9157104492188,554.9326881617214,539.2812609788991,554.7345565849731,4482787
2022-08-02,533.4367065429688,539.8755897231531,529.622930689982,539.8755897231531,5856552
2022-08-03,530.3162841796875,535.4674026574713,521.5495215349736,534.9225861897164,4152018
2022-08-04,529.87060546875,534.3282940381631,524.4223194394673,531.257405635805,4868831
2022-08-05,534.1796264648438,540.420377741582,531.505001500166,532.5451166360783,5466554
2022-08-08,531.7031860351562,538.2906833209851,530.7621063569992,535.9132252352483,2560379
2022-08-10,535.814208984375,538.8355192504854,531.9508545711369,533.3377152480103,3597072
2022-08-11,536.4580078125,540.3708796196897,534.1796458935246,538.5382986212516,2333537
2022-08-12,539.8261108398438,543.1941060076933,535.0712550102917,536.9038361706457,2904816
2022-08-16,565.23486328125,567.5132857147078,540.8661909504092,542.5502186555121,9780995
2022-08-17,583.80859375,586.1365340772354,564.6405569231694,566.6217518597418,8775717
2022-08-18,581.2330322265625,593.3183327605102,577.5182919268614,584.650605394541,7123366
2022-08-19,571.22802734375,588.811131576953,568.4047884154605,580.9853877618933,3992396
2022-08-22,561.3220825195312,571.2280572541121,560.281906803383,571.2280572541121,2575136
2022-08-23,560.5294799804688,565.9282475692295,554.7345097329425,554.7345097329425,2725513
2022-08-24,561.3220825195312,568.8505991333041,557.854991362428,562.5603293613539,3475352
2022-08-25,565.6806030273438,574.2988120402523,563.0059780976461,564.1451892314337,2146845
2022-08-26,561.5697021484375,576.0324003105052,559.0436303558771,569.4944815164238,4009744
2022-08-29,555.6756591796875,559.6875668141543,548.8900302787179,549.7815921802754,2582228
2022-08-30,569.7916870117188,571.0794516534617,556.8644018896148,558.2016843134877,3057037
2022-09-01,570.1878662109375,575.5371166083285,563.6994650264539,571.4261130194752,3491926
2022-09-02,569.4449462890625,580.5891681170658,565.8788194886106,569.593560097945,3282784
2022-09-05,568.2562255859375,573.4072837231337,564.6900386510316,568.6029104931947,1218242
2022-09-06,568.107666015625,575.339015670387,566.2750848258903,570.9804229489491,3339197
2022-09-07,571.5252075195312,573.0606214657768,563.5509101860298,564.6405431901344,3210212
2022-09-08,578.8555908203125,580.4901007834769,572.5653212505966,574.3979023330673,2397242
2022-09-09,570.5346069335938,583.362855857509,569.5935272745385,580.49009910066,1230807
2022-09-12,573.110107421875,578.5088752851973,567.4141724340499,572.5652909500755,2014300
2022-09-13,581.5302124023438,600.2030103377768,579.4994997518774,599.3114484613433,10170913
2022-09-14,570.9308471679688,580.6882688578012,569.6430825051992,574.5465522415847,3032306
2022-09-15,561.4210815429688,577.9145525870972,560.7771690426206,572.9615655421659,2651988
2022-09-16,541.6091918945312,563.5013728144919,539.776610674368,562.659389110368,7125860
2022-09-19,542.9464111328125,551.7627521834462,537.8943885738084,544.8285703786273,4657454
2022-09-20,554.4869384765625,559.2417942801321,542.0549522161937,545.6210789535529,8499419
2022-09-21,546.2155151367188,556.5176934154533,544.3333556007225,552.7534348047374,2075187
2022-09-22,540.6680908203125,546.2649907495189,535.0216731095136,539.9746604942018,3493307
2022-09-23,534.3777465820312,539.8755497208812,532.0498065587703,537.646705708272,2118150
2022-09-26,517.8348388671875,531.4060365978552,515.1106957645864,529.9696581424109,3974804
2022-09-27,515.95263671875,521.9457994171578,510.40531540828107,520.4599033024322,2994372
2022-09-28,509.6128234863281,515.3582760769125,505.20465314603626,513.4761169100979,3564554
2022-09-29,523.035400390625,524.7689457517682,512.1388295491537,513.1294268983784,5428542
2022-09-30,525.4624633789062,527.3941406234072,516.5966035365985,521.0542923494743,3216079
2022-10-03,513.8228759765625,525.5614308108127,513.1789634914492,525.5614308108127,2951085
2022-10-04,526.9483642578125,528.0875151320777,517.2900384121236,517.2900384121236,2257640
2022-10-06,524.6699829101562,534.1301768139934,523.8279387698664,529.9696552784317,3033739
2022-10-07,521.8961791992188,528.4836756291481,520.955160104597,524.9670671994073,2762228
2022-10-10,528.1865844726562,529.4743490947577,515.1106857423274,520.8561389910453,2979552
2022-10-11,517.63671875,529.9696698892093,516.3984718577356,528.9790723753977,2358152
2022-10-12,521.6486206054688,523.629815610368,515.209736839546,515.209736839546,1768526
2022-10-13,515.7545166015625,521.0541880560306,513.1294095304636,520.0635907403348,1463375
2022-10-14,518.0824584960938,529.3752934394073,516.8937294818603,529.3752934394073,2214367
2022-10-17,518.8253784179688,520.9551869721146,513.7237777201401,517.0918330008204,1486039
2022-10-18,526.2548828125,527.3940940374487,518.8254021139705,521.153281881669,2757284
2022-10-19,526.5520629882812,530.3658994514042,524.323218723525,528.1865729669439,2135162
2022-10-20,532.1489868164062,532.9414527207624,522.044880267364,526.007270250418,2285817
2022-10-21,536.854248046875,543.1445170597341,531.6536119388174,534.8235355636006,4221644
2022-10-24,536.4580078125,541.8567757139693,534.6254268140619,541.6586441424787,389166
2022-10-25,528.4342041015625,539.6774605981044,526.5025270464854,539.2316796682761,2362781
2022-10-27,527.9884033203125,532.8918724415254,524.6699262831996,527.9884033203125,4849578
2022-10-28,525.11572265625,531.455570986734,523.3326592074498,527.6913124923167,1207153
2022-10-31,535.368408203125,536.2103918578141,527.0968831530704,527.7903134658401,1625350
2022-11-01,539.4298095703125,545.7201394244441,534.8235678730931,537.9439134496738,2726938
2022-11-02,537.1514282226562,542.995976937386,535.0711979133542,540.7175545989643,1479779
2022-11-03,540.2719116210938,543.144608152481,533.0900796007138,535.3189240208317,1782757
2022-11-04,534.2291870117188,541.7577638284215,531.4555262734681,540.2718676692226,1514523
2022-11-07,530.960205078125,538.3896855596286,529.6724405535844,534.9225946682602,2976001
2022-11-09,526.7501831054688,533.1395486176195,525.9081994749511,531.7031702526758,2253327
2022-11-10,523.2831420898438,529.4743766152797,522.0448951847566,526.7502334240878,1377280
2022-11-11,537.5477294921875,547.8003888973496,527.443623427505,529.9696348283582,6425663
2022-11-14,533.7833862304688,540.0737160140216,531.3068927238576,539.8755844412392,2050388
2022-11-15,527.889404296875,535.8637016621262,525.1652613144975,534.7244904122604,2529334
2022-11-16,523.134521484375,527.146489773786,520.6580277063553,522.143923973167,2993826
2022-11-17,526.2053833007812,530.5144580710114,520.1131847319874,523.5802758449954,2836626
2022-11-18,526.5520629882812,529.7219869237442,523.0849719097715,527.9884413844893,1947066
2022-11-21,527.344482421875,529.8705540685168,523.5802245317775,526.502498847171,2063314
2022-11-22,534.8731079101562,535.5169599791327,527.2950131950305,528.7809093775046,2913409
2022-11-23,542.5006713867188,543.9369891976451,535.9131747218061,537.5476845593453,5516902
2022-11-24,567.16650390625,568.1571012619369,544.9275811788275,546.7107047880753,10593189
2022-11-25,581.0844116210938,584.4524669711974,568.6029085448598,569.593505946506,9556330
2022-11-28,580.4901123046875,587.4242945335831,576.6763362633033,579.2023476972896,5799007
2022-11-29,579.3508911132812,581.9759985251794,577.0725290836494,578.0136087479866,3215187
2022-11-30,585.0468139648438,587.4242719650614,579.5490103582677,580.6882215794695,3502958
2022-12-01,590.8418579101562,595.2500286307775,583.560930415754,585.0468265826194,3187533
2022-12-02,584.3038330078125,589.3559158585833,581.4311369189571,589.3559158585833,2788220
2022-12-05,583.3628540039062,588.2167451615394,579.3013682412226,586.3346463106785,2199625
2022-12-06,581.2825317382812,589.8017055013097,579.5985040964167,582.4712606890836,2751347
2022-12-07,576.32958984375,585.3440630019453,574.645562070349,585.3440630019453,2831232
2022-12-08,572.0700073242188,575.3389667023893,568.1076176630986,574.5465008624188,3171602
2022-12-09,574.1502685546875,576.428691101241,566.1759710255641,575.5371291950878,3243513
2022-12-12,571.0794677734375,572.5653640469156,566.1759979787048,569.7917030953446,1747003
2022-12-13,576.8744506835938,578.3108292024973,571.8719452209696,572.7635071875375,3212182
2022-12-14,574.8931884765625,580.0443071524942,573.6549417016399,577.5182958239058,2800824
2022-12-15,574.7446899414062,581.7283903256018,570.7327821003811,577.4193153225144,1991517
2022-12-16,569.7916870117188,580.1929606324669,568.2066947546508,573.75407696248,2787126
2022-12-19,578.9546508789062,581.2330127608327,568.8010277331056,569.5439757681642,1960076
2022-12-20,574.348388671875,579.4995074974396,573.110141860983,577.5183126000125,2166279
2022-12-21,569.9898071289062,584.3534704113076,565.9283212343611,579.4995186348152,2694392
2022-12-22,572.4166870117188,577.3201562648641,568.6029111821988,570.9803691416836,3424491
2022-12-23,560.1333618164062,573.5064279076186,558.8455971739513,569.5440379546668,3234932
2022-12-26,563.9470825195312,565.3834608285193,557.211032353994,557.211032353994,1962030
2022-12-27,564.4424438476562,568.8010970355625,562.1145639053512,566.6217704416094,1511387
2022-12-28,562.8574829101562,566.3740917637023,561.0248413517801,564.343379084438,1452719
2022-12-29,565.631103515625,567.810429842089,553.8925487567685,560.6781166196913,3393061
2022-12-30,560.92578125,567.6123137417219,559.8856660657634,566.6712341135964,1690896
2023-01-02,564.9376831054688,566.0273765183283,555.9727887598133,559.6875289965159,841928
2023-01-03,589.999755859375,594.3584083719414,564.1451892797011,564.6404879533444,10096217
2023-01-04,592.9716186523438,604.1654183812946,589.405491961121,593.3678818230445,7722662
2023-01-05,603.7196044921875,606.6418789481785,592.3772520389867,594.3584468618596,5704967
2023-01-06,605.8989868164062,614.7647860980954,599.9554017991719,602.2832817464126,5415866
2023-01-09,602.72900390625,612.2387148214461,596.0919891923287,609.2669226027889,3969535
2023-01-10,594.5565795898438,607.2857321669894,593.9126670866538,602.7785260284631,4073524
2023-01-11,594.2098999023438,599.8563178748939,588.7616135266203,594.3585137152824,3576811
2023-01-12,592.7735595703125,600.1039446870233,589.0092407559971,596.7854672947567,2358813
2023-01-13,598.816162109375,601.8869900382482,590.7427686590415,593.8136570491852,3272285
2023-01-16,598.5189819335938,606.8399641054705,594.2098468173588,599.3114477888292,2170216
2023-01-17,603.7196044921875,604.8587552385787,595.5471758478369,601.2926287419147,1807515
2023-01-18,595.3985595703125,604.3139362360859,592.8230304958183,604.264418457974,3291651
2023-01-19,599.5591430664062,605.2550787502258,595.1014542703734,595.4977174589748,3615736
2023-01-20,584.9973754882812,602.6795781663893,582.7190131982908,602.2833149588794,4255202
2023-01-23,583.6599731445312,590.84180396196,579.6975837280188,589.4054257062213,3884783
2023-01-24,584.0067138671875,589.1578326933726,582.6199137155835,585.4430922602493,2219052
2023-01-25,579.5490112304688,586.1860260682353,574.6455418859332,584.4524805750043,1443501
2023-01-27,582.174072265625,588.3157879023305,572.6147836933825,580.9358255832757,3632289
2023-01-30,582.4218139648438,586.7804067011581,577.815511391513,581.2826026519162,2843943
2023-01-31,573.4072875976562,583.9571742171292,567.5627991451869,582.4217603211953,3073978
2023-02-01,510.85107421875,579.1527747609196,497.62659332409,577.4192293687897,22671272
2023-02-02,488.0673522949219,500.4993376038121,478.50806317646783,494.30810383830226,17269387
2023-02-03,484.3030700683594,494.30811000435386,476.47735653726295,491.3363177598387,10593983
2023-02-06,477.5174865722656,485.1450989958479,469.24602208578773,482.4209560203735,7441590
2023-02-07,478.4090270996094,486.8786227893477,477.46794747602354,479.35007649256164,7117626
2023-02-08,503.7683410644531,505.5018866706359,478.9538860510631,480.24165069483007,10571918
2023-02-09,513.7733764648438,517.7852839266927,497.47803680098775,503.76830623834513,9516815
2023-02-10,517.63671875,523.4317504825624,513.4266793163007,514.9125755870181,7239045
2023-02-13,509.6623840332031,521.0542546189793,507.3345042284437,517.6366813509925,3063664
2023-02-14,507.2353820800781,512.584632177153,502.87675960485285,510.5539196174128,2233957
2023-02-15,514.2190551757812,515.110616966575,504.8579284481331,505.9475915686118,2497424
2023-02-16,509.7614440917969,517.0918897011886,507.8793451378473,514.1200972316416,1983991
2023-02-17,499.5087585449219,509.7119000729212,496.78461558805816,509.7119000729212,4312084
2023-02-20,503.1739807128906,517.8348107027027,495.5463683482105,501.53947075572006,6129396
2023-02-21,496.33880615234375,509.9595201546653,495.34820877035673,506.0961964110425,2669387
2023-02-22,489.8009033203125,497.0322523484246,487.86922627124886,495.8930713687404,2728046
2023-02-23,482.2723693847656,490.29621468947937,481.57893908497954,489.8009159698135,4158416
2023-02-24,478.3099670410156,485.3927324997319,477.4679531936138,483.9068363798347,2436219
2023-02-27,484.10498046875,486.28427669588643,473.5055757805712,478.30997940522485,2587409
2023-02-28,484.2040100097656,487.0767667312941,479.99397094689004,486.2842706516663,3271808
2023-03-01,485.1451110839844,486.2347743474517,479.8454085717024,484.3030971880943,1591916
2023-03-02,478.26043701171875,486.6309975607428,477.1212559897646,485.39275074761116,2618651
2023-03-03,485.3432312011719,487.91876037860527,477.0717364734254,480.73692888857636,2983486
2023-03-06,485.5413513183594,492.0793007667219,484.4021702565214,487.37396271208286,3007451
2023-03-08,490.5438232421875,491.68300415652635,483.4115101800648,485.39270489391754,5589817
2023-03-09,486.6309814453125,491.93068367613637,485.392734673187,490.34572176168894,2336282
2023-03-10,485.6404113769531,486.5319430569642,479.6473087546117,482.9657861062842,2383642
2023-03-13,474.4466552734375,490.8410307887598,472.8121453153647,485.39274487687646,2849642
2023-03-14,466.1256103515625,480.78647050921535,464.34254706309406,475.93254913004273,8530038
2023-03-15,462.3118591308594,473.95137959947647,460.7268971060268,468.6021289868371,6095528
2023-03-16,457.0616455078125,464.59019197832157,453.49548873434674,462.3118299947754,6790599
2023-03-17,466.8190612792969,472.8121639260128,459.6372295673077,459.6867473489291,7640040
2023-03-20,460.8754577636719,466.96762595773106,453.7926921321841,465.5807955914579,3937830
2023-03-21,478.2109069824219,479.44915376383676,462.1136988240286,462.60899753659453,4363583
2023-03-22,492.772705078125,493.8128202903946,478.45856008076345,478.45856008076345,5604187
2023-03-23,493.8623352050781,500.25170070234196,489.50371257181826,492.7727022197389,4489138
2023-03-24,487.62158203125,497.1808411280415,477.07172551032187,489.8504262355574,6424544
2023-03-27,488.3150329589844,494.75391648801116,482.07425078477706,482.07425078477706,2412510
2023-03-28,485.0955810546875,493.812826481056,482.2723722894612,490.79151636515104,2494157
2023-03-29,491.28680419921875,493.3175168248182,482.12377803329593,486.68050199616636,3137010
2023-03-31,494.5062255859375,496.4874203515372,490.3457044859249,492.3268992515246,3459342
2023-04-03,498.9639587402344,503.71881451359513,496.5369828415724,497.32944872692065,2394944
2023-04-05,502.975830078125,507.1363512522654,498.9639226985588,498.9639226985588,4270479
2023-04-06,509.81097412109375,512.0398182624662,500.4993344126311,501.34134824549847,2416882
2023-04-10,508.869873046875,515.4077914014008,506.8391303319783,509.81095262580664,2375216
2023-04-11,508.7212829589844,517.8843089140499,507.9288171307997,511.9407245107642,3671457
2023-04-12,512.1884155273438,513.5752761854382,504.75893441884944,509.1671053021438,1950603
2023-04-13,526.8492431640625,528.4837531831582,513.6247910505484,514.7640023318904,4153200
2023-04-17,528.3847045898438,537.3991172101511,524.3232187636593,537.3991172101511,3417617
2023-04-18,527.2949829101562,534.9225949676896,524.5213222877624,531.9508027734247,2514020
2023-04-19,519.8655395507812,527.9389331062706,518.4291611287206,527.4931521530419,1622301
2023-04-20,525.2643432617188,526.6016257502936,517.8843795291057,520.0637061997215,1561641
2023-04-21,508.4736633300781,536.1608743860069,506.59153420515037,530.9602377291449,4452849
2023-04-24,542.401611328125,550.3263907772401,526.9978333661611,545.8191845578098,23496385
2023-04-25,524.7689208984375,541.7081105834249,523.035375619396,541.0147408408171,6700461
2023-04-26,526.6015625,531.8517771771933,523.6297702500874,524.0260334012496,4165761
2023-04-27,512.9808349609375,525.1156530057993,511.1977717486397,525.1156530057993,7978904
2023-04-28,524.7689208984375,526.0071675263243,511.5939888699739,512.2378408397184,4031679
2023-05-02,539.3803100585938,540.7175924279501,524.570866129102,525.0166470726441,4239067
2023-05-03,533.6348266601562,542.6987565116613,530.0686397755544,538.8849807405591,2875460
2023-05-04,541.3615112304688,544.5809529715466,531.5050544232225,534.7244961643004,2312821
2023-05-05,534.6254272460938,543.5903215965719,532.4461008804691,537.8943865638972,2159574
2023-05-08,544.3828125,545.8191908840541,534.9226190152255,536.9038139004671,1970280
2023-05-09,546.8593139648438,552.2085644163718,544.4323381032935,547.3050949126829,1927306
2023-05-10,557.3597412109375,558.2017249522643,545.9678692731362,548.1967137827061,3191516
2023-05-11,562.0650634765625,564.0462585392768,555.7747328756794,556.7653304070367,1620276
2023-05-12,555.3784790039062,563.6499434446405,553.3972841236088,562.0650117249103,1433810
2023-05-15,554.0411376953125,557.7558781060105,551.0693453667542,554.6355324377861,1984609
2023-05-16,554.2392578125,558.2016475019549,548.7909719894996,556.9138829451357,3027008
2023-05-17,554.8336181640625,557.4587256412397,547.2060660223065,556.715777539541,1395385
2023-05-18,556.2699584960938,563.4517896540771,554.0411143436162,558.696934221045,1745334
2023-05-19,552.3571166992188,559.5885264894173,549.7320697203464,559.5885264894173,1484899
2023-05-22,561.6687622070312,563.8480887205473,549.2862939044071,551.762787564932,1975841
2023-05-23,557.4091796875,568.3552690737029,555.8737657805132,562.3621667818242,3425506
2023-05-24,560.6781005859375,566.5721669157987,553.6448835793475,557.3100454085128,1529396
2023-05-25,566.6712646484375,568.305774641218,557.7558875124071,560.6781621103601,1307797
2023-05-26,571.7728271484375,573.4072765696033,563.996601339122,566.6217086142366,1467444
2023-05-29,573.6054077148438,582.9170473836552,569.5935003697105,571.871862278936,2794717
2023-05-30,579.6481323242188,583.4619083897963,565.6311539738094,570.5841413115836,2653926
2023-05-31,586.7803344726562,598.0236510241838,578.7565198707644,597.3302207652048,10027475
2023-06-01,576.7258911132812,588.8607107938165,575.5371619910964,587.8701132688748,1659264
2023-06-02,570.9804077148438,580.4901192726863,567.562834340182,579.796688949219,3192761
2023-06-05,568.7515258789062,575.4875761597641,567.6123146754171,572.6148194926067,2230529
2023-06-06,574.2493286132812,577.2706386107105,562.5602913093848,568.7515250997185,3334157
2023-06-07,588.8606567382812,589.9007719517358,577.2211368886879,577.5183040266364,3440284
2023-06-08,588.3157958984375,591.7828866561388,584.2543104483716,588.8606123538233,1675907
2023-06-09,576.2305297851562,588.1176987937772,571.3270604768464,582.4217636438129,3023579
2023-06-12,578.9051513671875,585.4430700974744,575.9828769115032,580.4405652624993,3327440
2023-06-13,579.3013305664062,581.4806568752274,575.5370726482234,576.7753193621826,3288950
2023-06-14,579.5490112304688,583.9076640836711,576.3295696001827,579.3013618742929,5344073
2023-06-15,572.7139282226562,579.5490142115063,568.6029247044839,579.5490142115063,2074065
2023-06-16,605.8095092773438,611.2260777078537,573.0616934696533,574.2543418509626,11422524
2023-06-19,622.7052612304688,625.1402393186039,598.4052827210152,606.2071488131779,7087287
2023-06-20,639.75,640.8929067231688,620.3696601469262,623.1524660449874,10400684
2023-06-21,638.557373046875,655.9003052718676,636.1223950564397,641.0420320859679,7689046
2023-06-22,635.078857421875,651.7757542172742,633.339596075258,638.5573801151091,4577233
2023-06-23,623.0531616210938,639.0543425114861,619.9721478346946,638.5077296228002,4159293
2023-06-26,626.382568359375,628.4696577699447,612.9654090212528,616.1457848483398,3749962
2023-06-27,663.1058349609375,669.8640956034471,633.1905029003743,637.0665953736047,30050877
2023-06-28,647.9494018554688,667.8266743372034,637.6131959007181,663.1058221227914,21909643
2023-06-30,647.2039794921875,653.4653079533813,634.5818998148044,647.9990582290563,8681796
2023-07-03,646.7070922851562,652.9684211780263,640.0978747167458,647.0052392494599,2795761
2023-07-04,643.02978515625,653.2168876258814,640.6444881186235,650.3844004717456,3340982
2023-07-05,669.466552734375,671.8021687862531,641.0917567113476,643.0298030256984,5871642
2023-07-06,657.0929565429688,673.5413873197348,655.4530573059305,670.4106926528877,4788193
2023-07-07,654.0616455078125,674.8334201112749,652.670272790555,656.5463046392973,5425784
2023-07-10,664.1493530273438,670.6094664499816,655.0057957431785,655.9499782986112,3676990
2023-07-11,668.4229736328125,680.5978031259662,666.6340312271674,666.882497135191,5004622
2023-07-12,667.5782470703125,673.342644291532,665.6402007590458,671.7524866652042,2912240
2023-07-13,676.423583984375,686.6106865182398,671.8518354041585,671.8518354041585,3997060
2023-07-14,665.9382934570312,680.5977815660381,656.4965892512303,679.653599013334,6273380
2023-07-17,663.05615234375,670.7088538507944,658.0370924283052,668.8205493293068,2439405
2023-07-18,652.5211791992188,662.9070666636298,649.3408033289775,662.9070666636298,5855926
2023-07-19,655.0057983398438,656.3972316544839,645.0671622656162,653.962253684174,4866371
2023-07-20,656.9935913085938,658.7825338488734,647.5518860931231,655.9500465484829,2754328
2023-07-21,643.3279418945312,658.4346818208863,629.761739186219,658.4346818208863,5964750
2023-07-24,649.1420288085938,656.1487549939125,642.085560915223,649.5892188961051,7781836
2023-07-25,647.80029296875,655.9499867544906,646.0113505915438,649.1420452471204,4754351
2023-07-26,654.5585327148438,655.9499659978748,644.0236029797315,647.9990573191127,1841832
2023-07-27,658.3849487304688,664.1493454326272,653.167164871851,654.558537504444,3364659
2023-07-28,655.2542724609375,660.3726943676163,650.4837392175928,658.9315799866524,1664766
2023-07-31,642.8806762695312,650.9806892627753,640.4954399113544,647.999098319587,3738008
2023-08-01,638.8058471679688,642.8309827309517,634.0849949329662,637.2156896267429,3370855
2023-08-02,638.9052124023438,640.9426813791055,633.0911344117904,638.8058503032627,2536221
2023-08-03,628.8175048828125,637.0168794919372,625.2395595660955,633.190468277974,2670399
2023-08-04,638.2592163085938,640.2966245572884,631.2524900579023,632.0475688060977,2032172
2023-08-07,644.8187255859375,645.7629081879021,635.3273398370395,641.0420558387024,1676683
2023-08-08,641.4892578125,650.8315390385559,638.1597784336681,646.0113249550617,3542734
2023-08-09,641.8370971679688,647.9990635857238,639.2033950390305,642.035882018984,2176168
2023-08-10,636.0726928710938,647.5021240711212,634.1843277998851,641.0420107841492,1472754
2023-08-11,629.7119750976562,637.9610917996133,628.1218175453347,636.072726628187,1288176
2023-08-14,628.8672485351562,634.0850328967676,621.7610989022354,628.2212128737542,1927044
2023-08-16,621.3139038085938,625.9353335241618,615.8476535686611,623.2518894560699,1800138
2023-08-17,624.5439453125,627.0782855016246,618.3819785169457,621.3138884324765,1800092
2023-08-18,622.1089477539062,623.5997431903352,612.9653902783513,619.1770379301385,2392364
2023-08-21,621.3139038085938,625.4880827360423,619.17707263237,621.1647999923456,1207075
2023-08-22,631.9481811523438,650.0365118164839,620.3697059609168,621.1647847532763,8186967
2023-08-23,629.314453125,634.5819181521655,626.2334395222504,634.0849863446854,1544136
2023-08-24,626.6309814453125,633.5880264415332,624.6432543035352,631.1033675143116,1518585
2023-08-25,624.4445190429688,631.9481774669033,621.91017886808,626.1340993797689,1938963
2023-08-28,623.5003662109375,628.3703225917551,620.8169827568402,625.1402655756647,2531965
2023-08-29,631.0040893554688,632.0973151646161,622.208359186755,624.5439752853902,3656025
2023-08-30,633.1408081054688,636.0230368728004,630.2586399987587,632.5941952456291,1858995
2023-08-31,640.7935791015625,643.9242738181882,627.4261010696071,631.1034086537296,4473826
2023-09-01,637.4143676757812,644.023584590533,634.6315618497975,640.7935280320156,1271599
2023-09-04,636.1223754882812,641.8867721495303,630.1095129307661,641.0420123664734,1384829
2023-09-05,637.0169067382812,644.122995307091,632.0972696302609,640.0481786822139,3759460
2023-09-06,643.5763549804688,647.2039813448802,635.3769803705098,639.5512195767947,2898323
2023-09-07,652.719970703125,653.7138343813939,639.1040261787156,644.0236635182717,2349089
2023-09-08,653.4156494140625,656.7450682784086,648.9432631219205,655.1549107498955,1693851
2023-09-11,664.5469360351562,673.392285886837,652.3721066487902,653.9622641819445,4083029
2023-09-12,656.8941650390625,666.1867655265804,652.4714598432636,664.5469269667589,4061914
2023-09-13,646.2101440429688,654.9064508012275,638.756166821604,651.9745409620331,4423644
2023-09-14,641.4892578125,651.3782125343205,639.0542799170842,646.3094718959942,3735579
2023-09-15,640.9426879882812,642.8806735647014,636.3708788315873,637.2653803750295,6827895
2023-09-18,655.9002685546875,661.4658802264452,640.6444265123038,640.7438492646744,4012209
2023-09-20,644.222412109375,655.3039551016882,641.7874341026067,655.3039551016882,1596867
2023-09-21,640.296630859375,649.8874389618738,637.4641438346063,642.0855732255774,2420603
2023-09-22,645.4647216796875,651.9745160723716,638.3088916882327,639.4518590827903,1925717
2023-09-25,638.1597900390625,648.9929274880263,636.122381801584,648.1978487442078,2079256
2023-09-26,640.296630859375,644.8683792019611,634.2340871015166,636.1223915644889,1968753
2023-09-27,644.222412109375,645.5641037352364,635.8739334177754,643.9242651548082,1452570
2023-09-28,630.8052978515625,646.6574358813165,629.4635454701213,641.2408666242962,2418577
2023-09-29,633.4887084960938,635.4764357763945,626.7801289250788,631.650024365442,1830734
2023-10-03,629.6622924804688,633.5880659624784,624.6929743160572,630.5567940143117,3454441
2023-10-04,621.6616821289062,628.1217955323241,620.4193526282489,627.1279319317983,2357914
2023-10-05,620.5187377929688,623.8978984246311,616.096093134705,622.1586370590506,4050085
2023-10-06,627.028564453125,632.2960293585681,618.9285519141279,620.7174942475928,3713370
2023-10-09,611.375244140625,625.6868442007576,609.5862410550635,621.1647767580833,3308557
2023-10-10,617.4378051757812,620.916328021842,611.3752610511823,612.3193830094707,4054232
2023-10-11,617.686279296875,623.1525295561394,615.2016200881185,623.1028485040894,3102088
2023-10-12,620.81689453125,622.4567330023102,615.201541175498,618.2328128892312,2810053
2023-10-13,621.4132080078125,629.1156508099886,610.7291744435039,619.4254808330573,5462771
2023-10-16,626.1837768554688,631.1034140260642,615.8476313528329,629.1156867377931,3399593
2023-10-17,637.8616943359375,641.9365717988736,626.6807279947632,628.6187742926917,4443295
2023-10-18,641.0419921875,644.4708335801613,633.8364814226018,637.712573546587,2187089
2023-10-19,635.078857421875,640.2966414617262,625.2893249637365,635.078857421875,3371397
2023-10-20,636.0230712890625,638.0107986401272,626.1341155853905,633.0414802624654,1853937
2023-10-23,621.4132080078125,640.7438669144296,617.9843664992361,634.0849687468763,2502483
2023-10-25,612.667236328125,624.0966678769189,603.9709297149122,621.4132239898605,2821496
2023-10-26,602.1322631835938,611.1764587212983,599.0016291079681,608.0954450350208,2011512
2023-10-27,604.9151000976562,611.8224035399847,602.3310183596811,602.3310183596811,1348147
2023-10-30,603.8715209960938,614.2077270752004,597.0635793534411,606.058033127515,1882245
2023-10-31,614.5555419921875,617.1893048358481,600.7408741418318,603.3745763248714,2661284
2023-11-01,616.2451171875,620.1212095177857,613.1144832228421,617.9843784991835,1947740
2023-11-02,615.499755859375,622.9537333499874,614.2077452264604,618.1831998881203,1651263
2023-11-03,618.2825317382812,621.1647604912089,615.7978726963164,618.1831696408511,1450553
2023-11-06,617.984375,622.4567612047194,615.5991387538551,618.2825219481906,1789823
2023-11-07,618.6304321289062,620.1709086320055,610.9279889527876,619.5746147148775,2747838
2023-11-08,614.953125,621.0156689175693,613.7107954545455,620.1709090909092,1332249
2023-11-09,617.5371704101562,621.1647970894082,609.4372178524852,614.9531491185141,2235630
2023-11-10,622.904052734375,627.624905148397,616.2451540393139,617.040232840077,2449660
2023-11-13,617.239013671875,624.3451631023729,613.2138779825583,621.3138910726714,2047300
2023-11-15,632.246337890625,635.4763945113681,623.1524619095162,629.0659623165388,2033627
2023-11-16,631.0537109375,635.774563082276,628.1218011575676,632.9917571080058,1753550
2023-11-17,647.80029296875,655.9499867544906,628.1218054982395,628.9665653078415,4306473
2023-11-20,648.3966674804688,651.1794735595726,643.5267113465699,650.9310076478557,2178344
2023-11-21,663.801513671875,667.9260111593807,650.2352514522236,650.9806491420809,5077816
2023-11-22,664.3978271484375,671.205768652277,661.2174514458196,665.6401566681616,2664154
2023-11-23,660.9193115234375,672.8456750396499,655.4530615785069,663.9505834516839,2184014
2023-11-24,663.9009399414062,668.124860592231,658.9813025806735,661.9628936283145,1511079
2023-11-28,669.1683349609375,672.5474953905145,663.9505511762374,663.9505511762374,1900825
2023-11-29,671.5039672851562,676.2745004449738,667.180624217962,672.8456588842668,1829510
2023-11-30,686.5112915039062,688.7474846358408,670.4106888218533,672.7463047115798,4637116
2023-12-01,677.964111328125,690.7352349327767,675.876961272242,689.7910523356361,2106753
2023-12-04,670.8082885742188,685.5671396417199,668.1248445635939,685.5671396417199,4817286
2023-12-05,668.6217651367188,677.1192871434555,663.6027658768843,674.8334128990442,4028068
2023-12-06,673.1934814453125,677.6161865727971,670.9076073101714,672.8456534514984,1627777
2023-12-07,674.1376953125,681.4923105174688,671.4045703007461,676.7217771745319,3853936
2023-12-08,667.1309814453125,679.8027431040503,662.9070608924,676.2745392449186,2713075
2023-12-11,668.3732299804688,670.3609570584775,663.1554464006956,666.9321157167891,1897948
2023-12-12,703.0094604492188,706.2395174582225,671.2058222067207,672.7463594625924,10749420
2023-12-13,693.9155883789062,702.6615760619807,684.9708158406349,702.164644254299,4757264
2023-12-14,680.3493041992188,699.679963037419,674.9327355350581,697.6922358696991,6251731
2023-12-15,668.9695434570312,683.7781348867028,659.1800115750082,683.7781348867028,8720610
2023-12-18,668.1248168945312,670.6591569871464,662.7082480467875,669.6652933696015,2050286
2023-12-19,661.962890625,669.913800049303,660.2236291884337,668.8702553194881,3794818
2023-12-20,640.1475219726562,669.8640679454643,636.370852416067,667.7769786448971,3772684
2023-12-21,640.2470092773438,644.7193959385569,633.2402823069018,637.0666332972447,2755102
2023-12-22,635.9236450195312,645.0175218647713,633.1905199268839,642.0359308546106,2854029
2023-12-26,634.0850219726562,641.936569236254,630.1095672894421,637.0666129850669,2202221
2023-12-27,639.8494262695312,642.0359385018172,634.482598783693,639.0543474561432,2353373
2023-12-28,644.1229858398438,646.9555335443428,640.2966351790794,643.0297601255171,3566880
2023-12-29,642.7316284179688,645.862262489046,639.0543208161401,644.1230011182399,1653662
2024-01-01,644.7192993164062,648.3468648904731,640.3959564621175,643.0297191432572,1343888
2024-01-02,641.5390014648438,650.2849896625262,638.6567725464529,645.5144561602107,3005450
2024-01-03,633.2899169921875,644.4708828265813,632.196630603118,640.0481775421856,1893956
2024-01-04,643.9739379882812,645.0174826462628,634.084982940394,634.084982940394,4412550
2024-01-05,642.78125,650.5333735462685,638.5076488735227,644.5205112098956,1394951
2024-01-08,641.8867797851562,650.1358961678135,637.7622822544475,643.0297471858241,2064691
2024-01-09,636.9672241210938,646.8064376522955,634.6812892457858,643.0297679940376,3648496
2024-01-10,640.9923706054688,646.3591978973748,637.5138478445466,638.0604607177098,3288472
2024-01-11,640.0482177734375,649.0923531081597,635.9734008996892,642.0359451578271,2800658
2024-01-12,633.6874389648438,644.6199391146556,617.4874736022472,642.8806777271855,7076942
2024-01-15,610.6795043945312,633.0911165614018,608.0954226244389,633.0911165614018,12433539
2024-01-16,607.4991455078125,613.0647575868663,605.3126333836763,611.9715318551092,8761562
2024-01-17,602.877685546875,614.704687633005,601.3868900231085,607.2507100141731,10183042
2024-01-18,604.0702514648438,608.5426374243475,596.9144217975145,604.2690363062784,3658639
2024-01-19,612.1206665039062,614.605325710919,606.0580616424201,610.7292330837291,2563065
2024-01-23,582.5531616210938,609.9837721620138,579.2236822320663,596.5666138333992,5994679
2024-01-24,578.0807495117188,587.3733493015665,573.1611128803692,586.3794857663692,6144401
2024-01-25,575.447021484375,582.9506794942321,573.7574412408117,580.5654432626895,3725167
2024-01-29,574.999755859375,580.4163244439292,571.5212333669884,571.5212333669884,4399011
2024-01-30,571.4716186523438,580.0188220757635,568.0427768083047,579.422528129246,5895638
2024-01-31,573.061767578125,574.4532009796958,567.7943022618201,569.9808144668781,4068280
2024-02-01,583.497314453125,587.770976601934,563.7194645601511,573.6581008864562,8911872
2024-02-02,575.2482299804688,586.3298332004099,572.962355870611,586.3298332004099,3006965
2024-02-05,559.89306640625,578.3789668063009,558.1041239573738,575.2482720252998,3750294
2024-02-06,589.1126708984375,591.3985451316718,558.7998299665061,560.5390913314529,15915028
2024-02-07,601.4365844726562,610.2322531074321,592.3427082280612,593.3365718324707,7560296
2024-02-08,588.0691528320312,612.2697092269711,586.4789345442925,601.4366314884317,7782663
2024-02-09,580.4163208007812,590.504060229631,578.6770595655049,588.0690823681206,2453771
2024-02-12,573.6580810546875,582.9010003864925,568.8875479151062,580.4163413908127,2799522
2024-02-13,585.9323120117188,590.3550174564381,571.1734608395574,573.7078010550991,5011128
2024-02-14,581.758056640625,583.3482748588962,574.850752880255,578.8262074349991,1572158
2024-02-15,581.5095825195312,585.7335029243014,578.4286295473593,583.248843862672,1737411
2024-02-16,588.8145141601562,590.3549906399713,580.1182074798537,584.8887407266383,2973324
2024-02-19,581.6090087890625,590.6531435637374,580.8139300166662,590.6531435637374,2785107
2024-02-20,584.3421630859375,585.8826396585977,572.7139458918862,576.6397195620119,3523966
2024-02-21,573.9065551757812,587.6218608962893,570.9746453867539,584.3421231071319,3321288
2024-02-22,571.123779296875,575.8446317051321,563.5703790472891,574.4531983100278,4195869
2024-02-23,577.1365966796875,579.7702987869341,572.2169597955223,573.658074127739,2561028
2024-02-26,572.8132934570312,577.3851026676986,563.7691584582224,565.2599539411441,4199991
2024-02-27,578.0310668945312,588.3672729814269,569.334760072593,572.5151358424549,6321068
2024-02-28,577.0372314453125,587.2740759328353,574.6023139447249,578.4286648690414,3434747
2024-02-29,578.4286499023438,582.3047424391348,572.0182171656312,577.4347862427177,2750947
2024-03-01,586.3298950195312,593.1378370198437,579.4225302540178,581.3108955259569,3460443
2024-03-04,606.5549926757812,616.6924143590134,583.9942749740356,591.3488904812457,7272987
2024-03-05,603.970947265625,611.8224336396228,600.0451737483148,608.0457639328345,4342310
2024-03-06,610.1826171875,614.3071150544687,600.9893781667944,607.4991731250069,4896598
2024-03-07,618.1334838867188,620.3199959591276,607.7972780865789,607.7972780865789,3682063
2024-03-11,617.0402221679688,625.1402351709191,615.1022365810725,621.1647805752376,3777242
2024-03-12,617.7359008789062,625.9352754784413,611.2757875580604,614.4561631712161,4975736
2024-03-13,606.3065185546875,622.8543728917762,600.3433365464573,619.425531104919,2840155
2024-03-14,618.431640625,620.667833781137,594.5292325770821,599.2997658447167,3750622
2024-03-15,628.4696655273438,630.9046436434796,607.5488474703122,616.1954735048437,4896049
2024-03-18,630.2089233398438,632.6439014420521,624.3948451857303,631.0537438482879,2911589
2024-03-19,628.6187744140625,632.5942291139143,619.5248975239017,630.109569926507,3861068
2024-03-20,622.55615234375,628.6186957380041,615.5991074897325,626.1340368615693,1712459
2024-03-21,618.431640625,635.0788563429088,616.195447468863,625.140220093411,7197320
2024-03-22,620.0218505859375,624.7924449175662,612.2200447346572,620.0715922998882,3636733
2024-03-26,623.0531616210938,638.8555576445209,621.661728212962,634.9297839993005,13822598
2024-03-27,622.5064697265625,634.4825751762538,620.2205954753888,623.6494371824608,13848953
2024-03-28,629.4635009765625,634.830388801718,622.5064556198313,622.5064556198313,6878964
2024-04-01,630.8549194335938,634.0849761301816,624.1463401406804,634.0849761301816,3874744
2024-04-02,628.0224609375,637.7126314669575,627.2273214937642,627.2273214937642,5179918
2024-04-03,620.270263671875,626.1340833195928,616.5930167904,625.9849795116967,3822465
2024-04-04,618.5807495117188,622.6555661432196,614.3070873608494,621.164770693555,3858229
2024-04-05,625.5377807617188,626.581325420701,612.5181310667812,617.1893021686195,3860995
2024-04-08,630.705810546875,631.9978817435939,622.7052207719244,626.1340622927945,3403360
2024-04-09,630.059814453125,635.2279170846084,628.7678039604085,635.078813286726,2873703
2024-04-10,617.686279296875,633.1905284952658,616.1954837716211,632.097302707663,6753666
2024-04-12,614.7046508789062,620.1709008058812,612.468457726962,617.1893099366221,5081775
2024-04-15,609.188720703125,612.7169244375918,600.3929912308839,606.30649192814,2594888
2024-04-16,600.8899536132812,607.3500675004859,596.9144989134629,605.312659098954,4970256
2024-04-18,601.9335327148438,620.1709060896083,600.4427372675129,614.2077243002851,11984298
2024-04-19,597.858642578125,600.6911902635411,577.5341196175999,596.3181661144534,10243493
2024-04-22,602.231689453125,605.1138576350677,594.4298234223427,598.1568121012002,3076888
2024-04-23,597.461181640625,605.4120911623933,594.3304867521784,602.3310773263327,4527775
2024-04-24,590.5537719726562,597.4113945175487,589.3611235029208,596.367849854263,4095087
2024-04-25,591.0507202148438,592.740300538898,582.0065246734343,591.7961179465774,6150372
2024-04-26,584.24267578125,599.697302834381,583.3979160103886,593.3365517175503,3094364
2024-04-29,571.5709228515625,588.3175606370861,567.4961064217138,586.3795145163067,8879207
2024-04-30,580.0685424804688,584.8887569095266,572.5151423585004,573.0120741825526,9926485
2024-05-02,572.8132934570312,582.9507148730236,569.8814442024507,580.7145216486409,8292342
2024-05-03,562.427490234375,578.2298866157428,561.7814545672609,578.2298866157428,8574215
2024-05-06,551.6439819335938,566.4028928671714,546.8237677126266,566.4028928671714,8759027
2024-05-07,548.9605712890625,558.501698872749,546.2274462093637,556.0667207605289,7783593
2024-05-08,547.072265625,550.5507884467369,544.6372875176594,548.7121042731587,6715043
2024-05-09,536.2391357421875,548.5133885712337,534.6986591722364,547.6685680479138,13570152
2024-05-10,545.183837890625,550.4016215249691,536.2390659460351,539.4691224815815,7524779
2024-05-13,556.2158203125,564.9618083683939,543.7925245908827,550.401681518409,7867089
2024-05-14,558.1040649414062,564.5144969775886,556.5635885694535,562.5267698755548,5348599
2024-05-15,552.5385131835938,558.5513761865736,551.5943305757088,558.1041254080361,2415161
2024-05-16,563.5703735351562,564.7133410028575,547.3207270372858,553.5820559327669,4543902
2024-05-17,566.7010498046875,568.4899921934517,558.004743105924,563.5703551288841,3992575
2024-05-21,562.1292114257812,566.5022354019029,559.5948714521596,565.9059415236219,5583840
2024-05-22,556.961181640625,563.3218722378449,556.2157839460634,562.1292237944225,3820060
2024-05-23,562.178955078125,565.7071586348358,554.6255555169249,560.5390559162503,7106820
2024-05-24,561.63232421875,568.2912228043095,559.9924855930093,561.5329621180226,3433290
2024-05-27,560.7875366210938,565.8065356718434,558.6507056156222,561.7317191737584,2624929
2024-05-28,574.9004516601562,576.3912471641619,560.1912814860924,563.5207005141218,5797999
2024-05-29,558.4022827148438,574.9004561510922,557.4581607500978,574.9004561510922,6259646
2024-05-30,547.3704223632812,560.3900123213807,544.8857631605428,549.358149725472,6312875
2024-05-31,546.4758911132812,552.8863236403953,543.196153275876,548.5133600773955,9707990
2024-06-03,546.724365234375,565.7568782441224,543.6930932582087,565.4587312836281,9263670
2024-06-04,531.17041015625,551.5942948889325,508.26183610727145,551.5942948889325,9783762
2024-06-05,548.5630493164062,550.8986046107822,532.8102741948386,536.6863666627631,3234914
2024-06-06,551.8427734375,555.3212960976193,547.0225591584402,551.5943075332058,3970217
2024-06-07,559.4955444335938,560.1415193987907,550.1035209678715,551.6439974671838,3382962
2024-06-10,565.7072143554688,571.0243607375558,557.8556670807403,559.7937133736796,3863289
2024-06-11,568.1918334960938,573.3599363595325,562.7255836841263,567.9930486435345,6417670
2024-06-12,569.1857299804688,574.2047293292836,566.1047162393593,568.1918663208767,4304369
2024-06-13,589.8580322265625,594.7279880121413,561.5329203167781,561.5329203167781,24352341
2024-06-14,594.6782836914062,598.1071253755438,590.4046821789927,595.4734231305159,7308942
2024-06-18,597.5108642578125,601.2875341584179,588.1685212810182,593.1875207976534,5120280
2024-06-19,592.54150390625,601.4365954603442,588.7150925629962,598.4052628830192,4453729
2024-06-20,586.4788818359375,593.8334966867662,579.1243276457284,592.5414861482747,6133067
2024-06-21,579.3486328125,590.966483254131,578.4012392988863,586.3791874271468,7263396
2024-06-24,577.9026489257812,580.8445296312286,574.0632855273121,578.4012707108768,3226301
2024-06-25,589.321044921875,590.6174492686265,575.3596362435115,577.4039731980325,6593288
2024-06-26,587.42626953125,597.3488544963499,585.5813934092033,590.0191391427006,3672989
2024-06-27,591.61474609375,593.3599223359145,584.9830520267583,587.4263109391719,4772196
2024-06-28,593.4097290039062,598.1466356009857,588.3736615319727,592.3626355084607,3646272
2024-07-01,599.0940551757812,601.3877031387349,587.9747653854697,588.5232980246475,3342913
2024-07-02,588.1741943359375,602.0857531027499,584.8833030140999,602.0359031019623,6477279
2024-07-03,594.5067749023438,597.1992838310532,588.8723244201431,590.7671115381177,2134587
2024-07-04,602.2852172851562,605.6259586261543,592.6617932706563,594.3571193751422,5028421
2024-07-05,605.6758422851562,607.1218575977775,598.9943592318641,604.5290487293581,3493050
2024-07-08,619.1885375976562,620.3353311471457,606.9223933766866,607.3213151389791,6800857
2024-07-09,621.9309692382812,627.6152088248438,619.1885494540246,620.2854930209608,5000797
2024-07-10,631.005859375,638.983807814352,613.9031080613726,622.2799782694586,6186968
2024-07-11,632.501708984375,634.8452069334126,627.5653413368531,634.1970351589774,3573349
2024-07-12,633.798095703125,634.645789200214,625.3713759354438,632.2523804479677,2643647
2024-07-15,636.2911987304688,646.2137836622453,628.7620225293914,633.7980899972039,6951688
2024-07-16,644.9672241210938,653.194482874861,631.6041370712402,640.2303175658943,9167071
2024-07-18,647.111328125,649.6044368620097,639.3327801719997,644.9672302644067,3975243
2024-07-19,634.1471557617188,644.2192906023907,632.4019796648856,642.8730362458842,2496778
2024-07-22,635.64306640625,639.2331188580623,627.2163461917581,630.1582268528657,3854108
2024-07-23,642.1749877929688,647.9091381304369,621.5320344047003,640.2303507225313,9082995
2024-07-24,670.9454345703125,673.1393825089096,637.5377763272777,637.8369372127877,12377638
2024-07-25,681.2669677734375,683.7101658213155,663.7154444578406,664.1642162367893,9386864
2024-07-26,701.4111938476562,707.8434266186845,680.1699193962558,681.2669237702656,8933046
2024-07-29,694.9291381835938,708.0429151130883,691.8377075488802,701.6106820911426,4676765
2024-07-30,695.2781982421875,706.3974270328065,682.0148715246996,694.1811938438465,6134510
2024-07-31,713.5277709960938,717.0181234747608,691.1894907858574,695.2782259238747,6683204
2024-08-01,711.6329345703125,720.5084260336163,708.092732332042,713.029099811814,4074648
2024-08-02,705.4500732421875,710.7853015976991,697.1230535325053,705.5497732449977,2710858
2024-08-05,708.9404296875,711.9321601925249,688.1478661574291,691.0897466607529,9327217
2024-08-06,677.7266845703125,717.0181043428186,675.4330366046295,709.6883886799606,6106310
2024-08-07,694.330810546875,695.7768258445567,680.2197901940218,680.2197901940218,5154327
2024-08-08,708.3919067382812,711.2340872770012,687.798864667726,689.1949690689814,5953315
2024-08-09,700.4638671875,713.0291110921487,699.5164736777011,712.2313284559178,2848313
2024-08-12,700.5137329101562,711.6828726687793,690.2919866825928,696.674308782581,3723417
2024-08-13,683.11181640625,705.3503348983552,675.6324899492472,696.1756822710489,5741391
2024-08-14,684.4580688476562,688.6963538277339,674.5355444701823,684.1090579607685,2962358
2024-08-16,687.4996948242188,688.6963383334341,662.8179181425869,662.8179181425869,4584181
2024-08-19,683.8098754882812,687.499688586653,676.6297101635683,687.499688586653,2352893
2024-08-20,708.6412353515625,711.0346441949174,682.1644315314321,685.1063121485389,6828474
2024-08-21,722.5527954101562,725.594376036621,706.6966596294591,712.3808991192491,6186935
2024-08-22,723.998779296875,727.8880532844911,718.0651683124506,723.998779296875,3889249
2024-08-23,726.9905395507812,728.4864048584989,721.455850085609,723.0015653968675,3898989
2024-08-26,723.6497802734375,731.9767392684865,717.2673974371376,731.9767392684865,2131814
2024-08-27,737.5114135742188,740.4034440526423,717.3172328272931,722.0042894209497,5627130
2024-08-28,740.0543823242188,744.4921281045087,732.0265842648815,737.9103453039509,2995930
2024-08-29,734.8687744140625,746.4367749021193,729.8326459433025,737.9602049800511,3962913
2024-08-30,736.663818359375,740.6527925366377,731.4781397555504,734.8687921529898,6227807
2024-09-02,743.24560546875,751.9216365251153,737.8106159491309,741.1015683568982,3073926
2024-09-03,756.6585083007812,759.101767057804,739.6056687372422,751.9216016590301,6268050
2024-09-04,756.7083740234375,757.3566066609623,746.337077891442,749.6279693480665,3031650
2024-09-05,749.7775268554688,756.558831581687,748.3315724243838,755.910598937679,1759438
2024-09-06,736.3646240234375,752.0212982645278,734.0210652805919,747.9326242653092,2765612
2024-09-09,733.7717895507812,746.9354165417221,729.2343435862941,733.0737068946488,2635184
2024-09-10,700.9625244140625,730.1318986166069,699.2671981844629,727.9878006105079,7366304
2024-09-11,698.2200927734375,702.3586169673789,694.0815077125804,699.0677254404007,4604184
2024-09-12,712.580322265625,713.9764874957634,696.37511558361,701.2117830211587,3487862
2024-09-13,703.4556274414062,711.7825867717595,701.2118294445776,710.037410552004,1886832
2024-09-16,699.416748046875,707.245146530795,696.0760064600582,706.8960747638527,2754818
2024-09-17,696.9735107421875,700.9624847664853,689.6437344523926,699.4167086385394,2985585
2024-09-18,696.873779296875,703.2561623520123,691.4887006568364,696.9735401718427,1527865
2024-09-19,699.5663452148438,706.1481282499991,695.826681929661,698.4194907939549,2202499
2024-09-20,709.1398315429688,719.0125665820535,700.0649400008343,700.0649400008343,7891171
2024-09-23,725.4946899414062,727.9877988415485,712.0817518852574,716.8685088001473,2943802
2024-09-24,718.7134399414062,726.9406992435933,713.1787504024092,725.4946839201288,3212859
2024-09-25,714.5748291015625,721.1067619569299,708.1425962510136,720.0098184362716,1096265
2024-09-26,727.5390014648438,729.9822602743909,712.3310377091273,714.5748356402986,2797065
2024-09-27,728.187255859375,738.6084631800037,724.347831653398,727.4393231933047,4567661
2024-09-30,716.0208740234375,734.3202689501112,714.026386909166,732.9740144947444,2488795
2024-10-01,708.2423706054688,721.3560865682568,704.652257359953,714.0263709340657,1987048
2024-10-03,700.3142700195312,709.987544448791,694.5801197132125,694.6299697164063,2542774
2024-10-04,706.84619140625,711.5332481011117,699.6161759209899,700.3142585550185,2616851
2024-10-07,703.904296875,717.317234061392,700.9624772571265,709.688357841798,3474485
2024-10-08,708.142578125,710.5858368496511,697.8709823481512,698.5690649647532,3767320
2024-10-09,715.32275390625,723.4503128181191,701.8101165879568,707.893277621208,1743202
2024-10-10,721.6552734375,724.1982321549922,711.3337668308619,719.0125538511988,2249443
2024-10-11,721.8546752929688,723.5001513968733,715.023581738881,719.5111774401711,1984588
2024-10-14,738.5585327148438,739.5557762431473,724.2979624334858,725.9932886049849,3985624
2024-10-15,712.2811889648438,744.3924426988398,709.3393083876158,740.75247947952,6665822
2024-10-16,724.7965698242188,730.431019994163,712.8794977239355,721.4558284174178,5375005
2024-10-17,724.0985107421875,729.4836502101219,713.976525321622,727.9877848986863,4310887
2024-10-18,740.4034423828125,741.9491576211408,718.1150138292882,723.998774775468,3703858
2024-10-21,743.7940673828125,753.3676418537613,740.40347587872,746.7857979924374,4508689
2024-10-22,726.1927490234375,747.6833348713657,722.3533249217553,743.7442107636821,3346783
2024-10-23,721.7550048828125,729.9822640058289,716.2203154643479,723.0015592953907,1668266
2024-10-24,712.8795166015625,732.97399817727,709.0900033421923,723.0015628279194,1806714
2024-10-25,707.4944458007812,717.7161921460922,698.0704821187944,716.0208659447062,2852838
2024-10-28,716.2701416015625,719.8103438419433,703.7547478896689,708.2921936268845,1448334
2024-10-29,740.3536376953125,743.0461465934299,706.1980460234541,716.0208706684484,4585180
2024-10-30,725.0458984375,742.9464320268315,722.5527896051952,742.19849937714,1645358
2024-10-31,718.1649780273438,724.7467612127464,711.1842730689822,721.1067978519769,2028752
2024-11-01,721.7051391601562,723.9987870559592,718.1649368789265,719.9599630205586,198743
2024-11-04,708.8905639648438,725.594393681689,704.153657030216,718.2148278194717,2047984
2024-11-05,715.2728881835938,724.5970904029031,683.5107075967267,708.8406555448448,5036300
2024-11-06,706.7465209960938,716.0208739025062,702.4084750031363,715.0236303455389,2878220
2024-11-07,709.7382202148438,711.7327072403923,701.3613503607743,706.7464896765209,1935062
2024-11-08,706.5470581054688,717.8657480981477,705.0511927742646,707.5443016596049,1272302
2024-11-11,703.4057006835938,709.6384727562382,693.8820371299761,702.1591462690649,1888427
2024-11-12,698.0704956054688,717.8657560269429,694.1812213546144,705.599672348973,2502158
2024-11-13,683.1616821289062,696.923630953073,681.2669559030163,693.0842676302331,2080391
2024-11-14,692.0869750976562,694.7795446669517,679.6214315980587,679.6214315980587,1715862
2024-11-18,688.5966796875,692.0371821504153,680.6187311900344,685.1063272198587,1666040
2024-11-19,678.5245361328125,691.0897805228248,666.4578526511533,686.1534127742785,6438490
2024-11-21,672.5410766601562,679.0730097605759,667.0063262460728,678.5245379796704,2194259
2024-11-22,686.302978515625,689.3944089722037,672.2917197254669,678.1255697656568,1788502
2024-11-25,682.912353515625,693.8820322869145,679.5217620519205,688.0980320172539,4622983
2024-11-26,680.5189819335938,691.4886603237683,673.1393557607114,682.1145471708543,1767673
2024-11-27,678.674072265625,687.3999531543787,677.4275178529459,679.9704766814283,2422336
2024-11-28,655.8870849609375,688.2476498360935,636.8896077978404,680.1200906813322,13625371
2024-11-29,655.9369506835938,672.2418585202962,649.5047175570988,668.1531842767128,5934406
2024-12-02,638.435302734375,662.1696859301765,637.3382983610296,648.20827688948,4977558
2024-12-03,632.2523803710938,645.0170850253926,630.5570542440347,645.0170850253926,8256858
2024-12-04,648.4575805664062,649.2055131852833,633.2496173159061,633.2496173159061,7392523
2024-12-05,641.377197265625,651.6986433996339,637.5876231781859,648.4077519414653,6163444
2024-12-06,634.7454833984375,645.6653118219581,633.4490790307077,643.2220530903255,6455327
2024-12-09,640.0308837890625,644.5683296658964,632.9504790904351,636.1416705518825,4027169
2024-12-10,631.5543212890625,642.6736110994418,628.6124406746338,640.0308913734314,6158405
2024-12-11,632.900634765625,638.8341851140723,631.0556977030118,633.050184775946,2396993
2024-12-12,624.8229370117188,635.0446834471944,618.1913038932428,634.2469007768332,3807072
2024-12-13,630.806396484375,632.1527117993834,619.4378565146053,623.277219842066,2573194
2024-12-16,633.1997680664062,634.6457833046677,626.8173853643135,630.8063593363934,2175242
2024-12-17,625.0223999023438,634.5959137112413,623.8755454640133,633.1998092503568,3179067
2024-12-18,622.8284301757812,628.0639586720315,618.5901452026262,621.4323257635964,4331195
2024-12-19,621.8311767578125,623.2771920166738,613.6039178231923,616.3463374680657,3779968
2024-12-20,622.0805053710938,624.7730750907577,616.4959659181659,617.9918312216553,3996244
2024-12-23,620.8339233398438,624.7231973027062,611.9085819192628,623.3270320681114,2924609
2024-12-24,620.7841186523438,626.3188082597162,617.2937661779932,620.8339686571654,1445089
2024-12-26,624.67333984375,627.7149202825417,617.4931746186782,618.1912572276415,3523864
2024-12-27,620.185791015625,627.6651176758862,618.8893257009801,624.6733870117818,726298
2024-12-30,615.6981811523438,622.1802641119101,612.6565396854769,618.6400008789227,1564417
2024-12-31,615.34912109375,617.4433690714168,609.365659786558,615.4987319731962,2645522
2025-01-01,615.4987182617188,617.7923662049968,610.9612723782288,613.4044703307055,1386549
2025-01-02,618.4406127929688,619.3879454733357,612.3075406046412,615.2992712590612,2449967
2025-01-03,621.28271484375,622.3298083695421,613.9529992962918,617.2937407516554,2956679
2025-01-06,604.2797241210938,625.2716880785787,601.6868544446385,625.2716880785787,5743310
2025-01-07,618.141357421875,618.9890509146827,603.8309375831436,604.3295593317672,2813892
2025-01-08,616.2965087890625,621.5320373831444,613.4044781712797,618.3408458762257,1861556
2025-01-09,610.5125122070312,619.3879432633265,608.2188642202096,614.4017255237509,2141675
2025-01-10,606.9722900390625,613.2050620107652,601.3378398298778,608.3683944405757,1966939
2025-01-13,598.0968017578125,606.7728325644474,595.6535429578241,605.3268172855226,2105862
2025-01-14,598.7948608398438,606.3738869550078,593.2102608214334,603.3323065088003,3122102
2025-01-15,592.5621337890625,602.8337302535814,582.6893982272248,602.8337302535814,5633587
2025-01-16,639.6320190429688,661.7707765269487,627.2163250267924,628.3631185563798,24198675
2025-01-17,640.4298095703125,648.1584469571487,631.6540786463847,638.2358616226019,3671715
2025-01-20,632.30224609375,642.2746813633207,628.8118937494003,640.2303443064417,1956252
2025-01-21,622.2799682617188,635.2939842707323,621.1830247157158,634.2468907282903,1820019
2025-01-22,616.4959716796875,627.2661897920826,611.2105930646794,627.2661897920826,2296057
2025-01-23,619.2882080078125,623.4766428440497,610.911338335338,616.2964775343448,1673008
2025-01-24,619.387939453125,623.2772136128352,611.60945200062,618.8394676785288,1793560
2025-01-27,608.5180053710938,618.041668771356,604.7284921853299,616.2964926191173,1730503
2025-01-28,609.8642578125,612.3075165911732,598.4458074225555,609.2659360518473,2662789
2025-01-29,626.617919921875,627.9642351477796,603.4819197460922,610.313013276689,2005819
2025-01-30,632.4019775390625,634.3465536326104,622.2799318646911,622.9780144744601,2899445
2025-01-31,636.2911987304688,639.2330792091037,628.4130116534993,636.2413487291859,1012392
2025-02-01,623.7758178710938,665.7098954522745,593.6092015791663,637.2884553094669,10039413
2025-02-03,619.6871337890625,628.6124143995371,608.3185335690399,613.8033728061379,3293387
2025-02-04,624.1747436523438,626.2689306980398,613.7036866900357,626.2190806954115,3244955
2025-02-05,626.1193237304688,637.2386133970739,622.978043142322,624.274447553315,4467504
2025-02-06,630.2080688476562,636.6403018700765,621.4323378471591,624.7232293639811,4837012
2025-02-07,633.9476928710938,635.7427189630188,622.8284037142308,630.2080298183702,2538330
2025-02-10,633.9476928710938,639.0336102760333,625.022351545211,634.2468537419294,3394573
2025-02-11,616.8948364257812,633.1000441327873,611.2604468816488,630.5072352464326,2327875
2025-02-12,627.415771484375,635.144408598444,606.4736580139946,616.3961821314304,3378279
2025-02-13,627.864501953125,638.2358590087836,625.9199257637393,627.4157910582911,2808139
2025-02-14,624.473876953125,632.1526638930419,620.7840639179013,628.2633899892014,1693078
2025-02-17,621.5320434570312,625.2717067750639,612.2576906016934,624.4739241072668,1860572
2025-02-18,617.243896484375,624.2744512136376,609.6648091188209,622.2799641490573,1887686
2025-02-19,621.1331176757812,622.2799720993331,612.108075766634,615.2992672841162,2007325
2025-02-20,618.2909545898438,628.2633893412929,614.6011415584253,621.2826850152785,2881981
2025-02-21,621.1331176757812,622.1802720915963,611.7590648726393,616.0970499467579,1627631
2025-02-24,615.2992553710938,619.7868512368473,612.8061465567862,614.3020118453708,983443
2025-02-25,620.43505859375,621.5818520814531,611.4099563601815,615.3490802996582,1606709
2025-02-27,616.6954345703125,626.1193374075245,613.3047821595745,623.277217641844,1831493
2025-02-28,606.8226928710938,615.2494129405503,598.6951336896532,612.3075323300765,5013148
2025-03-03,616.2965087890625,618.4406067505479,605.326829830034,606.8226951426287,3624490
2025-03-04,614.8006591796875,619.0887943452703,607.6204933224537,611.4100067044359,3262295
2025-03-05,619.4876708984375,623.2771840037981,610.3130185765191,611.3102620709252,2661830
2025-03-06,616.5458374023438,626.2689622137839,610.9113868827936,619.4877181084194,2491123
2025-03-07,623.4766845703125,631.2551721485223,616.446129660525,616.5956796740596,3169440
2025-03-10,624.1747436523438,631.2551482991388,621.2827130969407,623.3270501400084,2316148
2025-03-11,635.1942749023438,635.7925966700884,612.9557564864248,621.2827155665949,2677293
2025-03-12,630.2579345703125,637.9865722173377,625.3714167434911,635.1943024021184,2704337
2025-03-13,620.6843872070312,630.5570614714535,617.7425066685493,629.2606570771653,2211232
2025-03-17,628.06396484375,629.609680146354,620.6843992204775,620.6843992204775,1075106
2025-03-18,628.06396484375,628.06396484375,628.06396484375,628.06396484375,0
2025-03-19,662.7182006835938,664.0645160200211,638.884115937802,640.2303704073122,2470532
2025-03-20,672.4911499023438,676.4801240211195,657.2831860745111,663.1669472464712,4425855
2025-03-21,677.7266845703125,679.222549878399,667.2057774101535,675.9316583739917,3725271
2025-03-24,678.02587890625,685.5550551457577,673.7376831696167,677.7266571632009,1401023
2025-03-25,671.2445678710938,684.1090332215882,669.4993917659366,681.1173027556046,2019661
2025-03-26,666.5576171875,678.5245398596854,663.0173538701121,671.2446132072396,2231203
2025-03-27,680.0203857421875,682.7128945728789,665.2112828388125,666.5575981210727,5951034
2025-03-28,683.8098754882812,686.3528342226616,676.0812384156686,682.0148493738311,3116601
2025-04-01,690.9900512695312,696.1258188172894,678.125585665292,681.1173161902859,4620146
2025-04-02,694.2310791015625,699.8156182922922,688.2974681695921,691.388898638226,3047499
2025-04-03,690.9900512695312,695.8765079402066,673.1393681236354,686.6021554861081,1353987
2025-04-04,687.150634765625,693.0842458785435,682.2641780414499,685.1062977245459,3867188
2025-04-07,664.1143188476562,678.1255778038984,649.9035990186775,661.9203709813787,3861746
2025-04-08,683.8597412109375,687.8487152756021,666.4578296804553,672.6407516540683,3279965
2025-04-09,682.912353515625,689.6935973099484,677.2779641214295,683.6104361562717,3054715
2025-04-11,683.6602783203125,688.4969458796181,680.2696868954843,681.5162412870197,3264303
2025-04-15,702.7575073242188,705.5497769536208,688.3971765631326,689.2448700591257,2306442
2025-04-16,714.0762329101562,719.3616115599597,698.2699469649401,698.2699469649401,3452538
2025-04-17,718.065185546875,721.7549987501377,707.5941285701891,714.0762114605185,3105731
2025-04-21,710.2368774414062,723.0015828690208,701.6605462830859,723.0015828690208,6168127
2025-04-22,710.5858764648438,719.8602292684244,706.5969022812035,716.0208659634368,2669384
2025-04-23,707.1453857421875,713.9266906599556,703.1564114926376,713.4280688787618,2091384
2025-04-24,706.4473266601562,714.0263529875606,703.0566743802098,711.034622458283,3814638
2025-04-25,702.60791015625,731.47812224652,690.7407487831011,709.4889147940872,3714671
2025-04-28,708.8905639648438,712.530527324535,696.1757085087377,700.7630654287377,1944250
2025-04-29,713.0789794921875,717.0181036396689,705.0511811867119,713.9266730194211,2545118
2025-04-30,741.6500244140625,747.7331855919278,710.1370923892674,710.1370923892674,8732964
2025-05-02,727.14013671875,747.2844071226804,725.3450496898014,741.6500177566576,2512684
2025-05-05,736.86328125,739.3064792467002,725.2952195842591,728.0874893425705,2761798
2025-05-06,720.608154296875,740.6029358741671,716.8186410359294,736.863272616606,1498360
2025-05-07,721.9046020507812,726.8409087373235,716.0208409883732,717.0180844994991,1657343
2025-05-08,720.9572143554688,724.1982557927628,713.5277379642887,716.5194685217909,3057761
2025-05-09,711.6329345703125,715.0235868042946,706.447317083393,707.0456388343722,3210705
2025-05-12,732.5750732421875,734.9684820624267,718.0153420419907,718.0153420419907,1488045
2025-05-13,733.0238647460938,740.3536414136596,730.131894949576,733.3729365113586,1445358
2025-05-14,739.655517578125,747.9326264710216,732.1263413116993,737.960191451408,2058831
2025-05-15,749.1293334960938,751.5226813891175,731.9767330283147,741.0017745795999,3338741
2025-05-16,748.4811401367188,751.9216425845273,744.9907876844032,747.9326683533096,1426234
2025-05-19,748.8800659179688,753.9161337384734,744.2927090073466,744.9409416701583,1187450
2025-05-20,744.9907836914062,755.5616018676254,743.6943792465922,746.4866490200953,2191829
2025-05-21,757.6058959960938,758.9023003673599,743.943647929107,745.9381349208741,1928533
2025-05-22,753.7664794921875,759.9494014013663,750.1265772162619,757.6059035095637,2391952
2025-05-23,778.2488403320312,779.1961729496063,749.9769510015531,753.7166140717027,4511523
2025-05-26,777.8499755859375,783.9830478171317,775.5563275749007,782.1381107138614,2343463
2025-05-27,773.6614990234375,779.0466382973268,767.5783379895627,777.8499339179166,3472288
2025-05-28,787.27392578125,788.5703302114393,773.9108379822761,777.6505012618119,4163057
2025-05-29,778.7474975585938,788.919332879354,776.5036996142646,785.8279022805997,2916417
2025-05-30,774.7086181640625,784.5813535372264,773.2127528570325,778.7475031865756,3184086
2025-06-02,764.5866088867188,780.3430441218019,760.3981739845034,769.6226764230039,3456222
2025-06-03,755.8109130859375,766.3816703998588,744.9409340126149,746.3370993334344,3357675
2025-06-04,756.7083740234375,764.2874613278452,751.9216172804462,751.9216172804462,2322495
2025-06-05,759.5006713867188,766.0326654020145,753.4175100139813,756.9078624759918,1638871
2025-06-06,753.0185546875,762.2929680810955,748.4811088624641,762.2929680810955,1215092
2025-06-09,758.3040161132812,763.7389447410632,742.9962911743838,753.0185766302136,3151657
2025-06-10,760.3483276367188,763.4896081782921,748.1320946189132,762.0436537799194,2167862
2025-06-11,762.093505859375,770.1213039767175,758.1543818042078,760.0990188306234,1530367
2025-06-12,752.4202270507812,766.8802579218698,750.5753509070973,762.9909838925358,1600355
2025-06-13,750.7747802734375,751.8717846956687,738.2095359236313,741.8494992182142,1490695
2025-06-16,768.4259643554688,771.1683839719173,748.0323226706788,748.7802552933465,2304692
2025-06-17,771.816650390625,775.705863678664,764.287473832772,771.76680038698,1899985
2025-06-18,764.0880126953125,772.3152719021853,762.891308273657,771.8665001357001,1059077
2025-06-19,759.7499389648438,765.8331608577039,751.6224409296466,763.8885238520608,3059158
2025-06-20,778.9500122070312,781.2000122070312,758.0,760.7999877929688,5256299
2025-06-23,774.1500244140625,784.0,769.0,769.9500122070312,1848140
2025-06-24,779.7000122070312,787.0499877929688,777.2999877929688,779.5,1965197
2025-06-25,785.0999755859375,787.6500244140625,778.5499877929688,780.0499877929688,2733266
2025-06-26,799.4500122070312,802.1500244140625,785.5999755859375,789.0,4290163
2025-06-27,806.9500122070312,811.2000122070312,794.0,801.0,17236651
2025-06-30,814.2999877929688,820.75,801.5499877929688,809.0,2971593
2025-07-01,809.9000244140625,818.9000244140625,806.0499877929688,814.2999877929688,2596888
2025-07-02,789.7000122070312,812.5999755859375,788.0,808.5,3248677
2025-07-03,785.8499755859375,789.0499877929688,777.2000122070312,788.9500122070312,3442861
2025-07-04,785.0999755859375,788.7999877929688,780.2000122070312,783.9000244140625,1536851
2025-07-07,789.4500122070312,792.75,781.0499877929688,781.0499877929688,2169992
2025-07-08,794.1500244140625,796.5,783.0999755859375,785.0,5033587
2025-07-09,786.2999877929688,797.9500122070312,784.0,792.0,2165913
2025-07-10,771.25,788.0,763.4000244140625,783.0,2602721
2025-07-11,759.0,777.4000244140625,756.8499755859375,765.0,3508424
2025-07-14,764.75,767.4500122070312,753.0,755.2000122070312,1794592
2025-07-15,756.8499755859375,770.2999877929688,752.1500244140625,769.0,2842400
2025-07-16,755.9500122070312,776.9000244140625,754.7999877929688,765.0,6273181
2025-07-17,751.7999877929688,760.7000122070312,746.2999877929688,759.6500244140625,4378210
2025-07-18,739.5,757.0,736.4000244140625,755.0,3450063
2025-07-21,752.2999877929688,753.5,732.8499755859375,738.0,2073697
2025-07-22,763.2999877929688,768.5499877929688,751.5499877929688,752.0,4334529
2025-07-23,762.5,768.2999877929688,758.0999755859375,765.0,1312711
2025-07-24,757.2999877929688,766.3499755859375,756.0,762.0,1258684
2025-07-25,762.3499755859375,766.5,751.0999755859375,752.8499755859375,1708286
2025-07-28,761.2000122070312,769.7999877929688,756.5499877929688,762.0,1509806
2025-07-29,756.3499755859375,765.0,755.0999755859375,762.0,1129341
2025-07-30,757.4500122070312,762.0,750.0,752.2999877929688,2011152
2025-07-31,755.5,761.25,746.0,746.0,1783473
2025-08-01,741.7000122070312,756.3499755859375,740.0999755859375,752.5499877929688,1697685
2025-08-04,739.7999877929688,747.5499877929688,732.1500244140625,741.5,2555375
2025-08-05,738.5,742.25,731.6500244140625,735.7999877929688,1988095
2025-08-06,752.5499877929688,755.0,734.0999755859375,734.0999755859375,1797969
2025-08-07,755.7000122070312,757.6500244140625,747.0499877929688,747.0499877929688,1423219
2025-08-08,761.5499877929688,764.5,756.0,756.0,2210684
2025-08-11,764.75,765.8499755859375,753.7000122070312,763.5,1719052
2025-08-12,766.2000122070312,772.9500122070312,758.3499755859375,764.75,1996036
2025-08-13,776.5999755859375,783.7000122070312,763.5999755859375,765.8499755859375,1720968
2025-08-14,788.75,790.75,777.9500122070312,778.75,2861621
2025-08-18,791.0,815.0,789.0999755859375,809.0,3954373
2025-08-19,793.75,796.0999755859375,785.2000122070312,791.7999877929688,1531303
2025-08-20,796.5499877929688,801.8499755859375,792.5999755859375,793.0499877929688,1097339
2025-08-21,795.4500122070312,807.0,791.4000244140625,792.5,2142925
2025-08-22,788.75,795.0,786.5999755859375,793.7999877929688,1331814
2025-08-25,787.0,791.9500122070312,785.3499755859375,788.75,2326398
2025-08-26,776.5999755859375,792.0,770.5,786.0499877929688,5054056
2025-08-28,775.3499755859375,788.9000244140625,771.0,775.5,2892634
2025-08-29,772.0499877929688,778.4500122070312,766.6500244140625,776.0,1865283
2025-09-01,781.7999877929688,785.0,771.5,772.0499877929688,2218344
2025-09-02,782.75,795.75,777.25,780.0,2957512
2025-09-03,776.4500122070312,787.5,770.7000122070312,783.0,1879623
2025-09-04,754.25,803.0,750.0499877929688,803.0,10041489
2025-09-05,759.5499877929688,773.0,753.4000244140625,764.0,3234619
2025-09-08,753.75,763.2000122070312,748.5,762.2999877929688,3455695
2025-09-09,761.0999755859375,762.9000244140625,752.3499755859375,755.0,2393107
2025-09-10,777.5999755859375,778.6500244140625,760.0,763.0,2301647
2025-09-11,774.25,779.2999877929688,771.2000122070312,777.9500122070312,1238513
2025-09-12,779.6500244140625,781.4500122070312,770.1500244140625,775.7000122070312,2259316
2025-09-15,777.2000122070312,780.0,771.5999755859375,775.0,1362719
2025-09-16,774.3499755859375,781.5999755859375,770.0999755859375,776.8499755859375,1758601
2025-09-17,768.0499877929688,776.9500122070312,762.7999877929688,775.0499877929688,2329049
2025-09-18,784.5999755859375,789.6500244140625,766.2000122070312,766.2000122070312,4824420
2025-09-19,782.2000122070312,793.6500244140625,780.5,786.7999877929688,3634175
2025-09-22,787.7999877929688,796.9000244140625,783.5,786.7999877929688,1976223
2025-09-23,775.0499877929688,791.5,774.0,787.4500122070312,2220802
2025-09-24,770.25,775.5999755859375,768.0499877929688,771.25,1102305
2025-09-25,765.0499877929688,769.9500122070312,758.75,768.0,2080916
2025-09-26,764.4000244140625,775.4500122070312,762.2000122070312,766.5999755859375,2956314
2025-09-29,756.5999755859375,768.9500122070312,754.4000244140625,762.0,3463773
2025-09-30,756.4500122070312,761.6500244140625,750.5999755859375,757.0,3435577
2025-10-01,764.0,766.75,748.9500122070312,753.2000122070312,1540724
2025-10-03,759.2000122070312,767.1500244140625,754.9500122070312,756.6500244140625,5421803
2025-10-06,763.0499877929688,764.7000122070312,752.6500244140625,755.2000122070312,1323764
2025-10-07,755.5999755859375,770.0,753.0999755859375,767.0,3289846
2025-10-08,747.2999877929688,757.0499877929688,742.7000122070312,755.5999755859375,2259319
2025-10-09,754.3499755859375,757.4500122070312,742.0,746.0999755859375,4476278
2025-10-10,747.2999877929688,759.7000122070312,743.5999755859375,754.9000244140625,2771300
2025-10-13,746.5499877929688,750.0,742.1500244140625,742.2000122070312,1676403
2025-10-14,743.5499877929688,748.1500244140625,739.6500244140625,746.9500122070312,3412592
2025-10-15,761.1500244140625,763.7000122070312,743.5499877929688,744.7000122070312,2764842
2025-10-16,742.8499755859375,759.9500122070312,726.0,759.9500122070312,10209104
2025-10-17,745.9500122070312,749.5,736.0499877929688,740.75,4205888
2025-10-20,742.25,753.9000244140625,737.5499877929688,751.9000244140625,2361964
2025-10-21,743.7000122070312,746.4000244140625,740.5999755859375,740.5999755859375,119115
2025-10-23,743.6500244140625,752.5499877929688,742.7000122070312,745.0,3312072
2025-10-24,734.9500122070312,745.5,733.7999877929688,743.5999755859375,2349228
2025-10-27,737.25,743.5499877929688,732.2999877929688,734.9500122070312,3739804
2025-10-28,747.0,748.9000244140625,735.5499877929688,736.0,3859058
2025-10-29,761.2999877929688,763.4000244140625,749.0,750.2000122070312,2270288
2025-10-30,746.5999755859375,761.2000122070312,744.0499877929688,758.0,1517376
2025-10-31,731.8499755859375,748.5999755859375,730.0499877929688,745.0,2584942
2025-11-03,736.0,737.9500122070312,728.4500122070312,730.0,2222765
2025-11-04,742.4500122070312,748.6500244140625,734.2000122070312,736.0,2311438
2025-11-06,736.0499877929688,746.7999877929688,734.5999755859375,738.8499755859375,1640119
2025-11-07,749.25,750.5,731.0499877929688,731.0499877929688,1709430
2025-11-10,750.7000122070312,759.7999877929688,749.2000122070312,750.0,2046515
2025-11-11,763.9000244140625,765.0,747.3499755859375,754.4000244140625,2303525
2025-11-12,783.0999755859375,786.0,764.4500122070312,765.0,3996339
2025-11-13,782.2000122070312,786.5,778.2999877929688,782.9000244140625,2068084
2025-11-14,773.7000122070312,780.2999877929688,769.5,779.0,1373199
2025-11-17,770.25,778.0,765.0999755859375,770.7000122070312,2639170
2025-11-18,761.7999877929688,769.0999755859375,760.5499877929688,766.4500122070312,1363326
2025-11-19,761.0999755859375,762.0,755.6500244140625,760.5999755859375,950947
2025-11-20,762.2000122070312,765.1500244140625,750.0999755859375,760.7000122070312,2612081
2025-11-21,764.0,766.2000122070312,758.5999755859375,760.0,2712721
2025-11-24,761.6500244140625,766.0,759.6500244140625,765.5,5837946
2025-11-25,766.5499877929688,770.4500122070312,757.6500244140625,763.8499755859375,1858955
2025-11-26,787.5499877929688,788.5,762.75,763.5999755859375,3006211
2025-11-27,777.7999877929688,787.7999877929688,775.8499755859375,787.5499877929688,1165637
2025-11-28,764.2999877929688,780.4000244140625,761.4500122070312,780.4000244140625,2441514
2025-12-01,766.75,768.25,758.0999755859375,765.0,908996
2025-12-02,759.0,766.4000244140625,753.9500122070312,762.0,2054726
2025-12-03,751.9500122070312,758.9000244140625,746.0,755.2999877929688,2877041
2025-12-04,760.7999877929688,766.0,745.2000122070312,755.0,2649259
2025-12-05,768.2999877929688,772.0,755.2000122070312,757.2000122070312,1693258
2025-12-08,764.0499877929688,779.9000244140625,762.0,768.0,3775906
2025-12-09,762.9000244140625,765.2999877929688,753.5,763.9000244140625,1965538
2025-12-10,771.0499877929688,775.9000244140625,759.0,759.0,1667376
2025-12-11,775.2000122070312,777.1500244140625,763.0499877929688,771.0499877929688,2133427
2025-12-12,777.5,779.8499755859375,770.0499877929688,779.0999755859375,1290971
2025-12-15,772.7000122070312,775.5,766.5,772.5,1510988
2025-12-16,764.3499755859375,782.2000122070312,762.1500244140625,772.9000244140625,2125078
2025-12-17,753.5,764.3499755859375,749.0,764.3499755859375,1809434
2025-12-18,757.0,758.2999877929688,749.0999755859375,755.0499877929688,731537
2025-12-19,766.4500122070312,773.8499755859375,753.0999755859375,753.0999755859375,3098157
2025-12-22,761.7999877929688,769.0499877929688,759.9500122070312,766.0,767829
2025-12-23,763.9500122070312,765.0,757.7999877929688,759.9500122070312,1246811
2025-12-24,755.3499755859375,767.9500122070312,754.6500244140625,763.9000244140625,1132272
2025-12-26,748.4500122070312,755.0,745.6500244140625,753.0,1655497
2025-12-29,746.4500122070312,751.4500122070312,742.2000122070312,748.0,2912215
2025-12-30,743.0,751.0,735.75,746.4500122070312,13786783
2025-12-31,749.8499755859375,752.0,744.2000122070312,747.8499755859375,2503615
