Price,Close,High,Low,Open,Volume
Ticker,HDFCBANK.NS,HDFCBANK.NS,HDFCBANK.NS,HDFCBANK.NS,HDFCBANK.NS
Date,,,,,
2015-01-01,217.23532104492188,217.7715438970791,215.63808637572177,216.99573862989809,3544940
2015-01-02,220.25868225097656,221.17138787632138,216.85886215263676,216.85886215263676,5900384
2015-01-05,218.39903259277344,221.456587797375,217.93125986184285,221.3310935709127,4796000
2015-01-06,214.99923706054688,218.2621571618612,213.92680507467585,217.68031006183256,8219680
2015-01-07,215.626708984375,217.07562362747217,213.63016538266783,214.4173767881261,5746112
2015-01-08,220.15597534179688,221.0915068587105,216.35684695931207,217.73731127715394,9525824
2015-01-09,222.62033081054688,223.61289267159003,220.55532305822425,221.99284565253987,8985184
2015-01-12,220.6580047607422,222.3351098082593,220.07615767355605,221.1942277052341,4126412
2015-01-13,219.81375122070312,221.77607681184483,218.06820994325034,221.09154754379662,5828348
2015-01-14,219.9392547607422,222.39215125290198,218.98091102030915,219.06076719585218,3685232
2015-01-15,226.6134033203125,227.76569138592055,221.5022462522516,225.8946420702849,11398476
2015-01-16,228.48443603515625,231.5762374434814,227.84554489082137,228.67839433416773,7821308
2015-01-19,229.214599609375,232.7399277712668,228.8495229404467,231.1997370727805,4239492
2015-01-20,232.95669555664062,234.33715997464017,228.6327500434172,230.45816122140855,8505804
2015-01-21,232.72853088378906,235.69481027067818,232.36344027372903,234.42844791428834,6740612
2015-01-22,233.02516174316406,235.59214638904962,232.40908264279494,233.88082329179258,6470680
2015-01-23,237.94236755371094,239.12887372465912,233.74391610844282,235.02169841259436,9987912
2015-01-27,245.07284545898438,245.91708690074967,237.50879309563948,237.98795790998088,9962400
2015-01-28,241.49050903320312,249.4424517158525,240.72612359534364,244.14876990238642,11364940
2015-01-29,249.85317993164062,251.13096231308904,242.09518165065816,245.2896515310627,20567616
2015-01-30,245.82586669921875,249.75051793407044,242.83676109275112,249.75051793407044,10570416
2015-02-02,246.79559326171875,249.39680984083572,240.1214334375244,243.80648793680965,5710352
2015-02-03,242.80252075195312,246.93250834582983,240.79458498628136,246.08826674090383,10200688
2015-02-04,243.62393188476562,246.61306501677254,241.23949963888816,242.5515139429067,6197512
2015-02-05,245.63189697265625,249.3511834700081,244.2286065283884,245.28963236935016,8059148
2015-02-06,240.38385009765625,246.1909286429744,239.59665261750035,245.74599578089774,6903120
2015-02-09,237.32626342773438,239.98452400645783,236.04848118343773,238.9006861276552,5231896
2015-02-10,240.60064697265625,242.39185439107683,235.0217439020409,235.0217439020409,9275752
2015-02-11,241.50189208984375,242.96222652839685,240.26973403689075,241.41061596489118,4161588
2015-02-12,245.51785278320312,246.86409936824876,240.2013305173806,243.03072398262216,5525740
2015-02-13,243.1904296875,246.8868763997483,242.68842487177508,246.70432412974546,7714500
2015-02-16,243.58975219726562,247.57141964833966,242.43745011646163,245.47220769228758,7388716
2015-02-18,245.2440643310547,247.10368015156166,241.19393226544634,243.58978503665128,5381692
2015-02-19,246.3848876953125,247.54858176381504,242.7340652977739,245.06145343477897,4507004
2015-02-20,244.84469604492188,248.68946279667665,243.8064822882304,247.1150400731432,6206024
2015-02-23,243.5782928466797,246.7841822218246,242.32332271960078,245.7687805886867,5581564
2015-02-24,243.6125030517578,244.37688830815344,241.2052312458603,244.21717599316702,5846288
2015-02-25,240.1442108154297,245.24397499645477,239.58518984721056,244.14871727287172,4648524
2015-02-26,236.88134765625,240.9542910391821,236.18539845831845,240.41808204176832,12426944
2015-02-27,240.49794006347656,241.53615388734022,238.54702058472304,238.54702058472304,10261784
2015-03-02,247.0123748779297,250.76586554562624,243.69239709074506,246.5103700818961,14385232
2015-03-03,247.19491577148438,249.1686473491299,245.7574210566101,247.90225709342886,6029348
2015-03-04,243.0763397216797,253.11610172067634,241.8669936121925,252.13493202025728,12277624
2015-03-05,247.59422302246094,248.71229302972986,242.43744160008072,243.00788263913972,9702452
2015-03-09,241.6387939453125,246.84122671275568,240.95426478399432,245.75738887400195,5755808
2015-03-10,240.1670684814453,242.3803683050082,238.4443256095397,242.3233242079724,5134836
2015-03-11,241.05694580078125,242.30052388859787,239.58521916732204,239.79058349732117,5465536
2015-03-12,240.63482666015625,242.75687832855635,239.83620925753152,241.88979686428084,7530836
2015-03-13,237.9081268310547,242.77968735530018,236.07129568661193,241.8669817637389,5426780
2015-03-16,239.93893432617188,241.3878490751988,237.87392650857913,238.4443675793431,5348772
2015-03-17,241.42208862304688,243.21326807027245,237.9537900927301,241.86702153066162,5369304
2015-03-18,242.67701721191406,244.58228454862316,240.3153692294441,241.9012118944666,5148332
2015-03-19,240.08721923828125,245.01585221891258,239.28860176410433,244.37694709814423,5373572
2015-03-20,240.93145751953125,241.7528869587776,238.66108571042307,239.81338762970765,6483236
2015-03-23,239.07186889648438,241.73013003641242,238.672560119993,240.94290459347323,5446740
2015-03-24,236.835693359375,241.18246510655325,236.2652523349981,238.05645943439407,8973564
2015-03-25,235.99147033691406,238.83225572020973,235.27270901898146,237.31490475893494,10608900
2015-03-26,229.76219177246094,235.52363101805733,228.65552805457014,234.31431300490243,35800620
2015-03-27,231.51918029785156,233.5499418181651,230.02461379796495,231.58763042967666,10840896
2015-03-30,236.59609985351562,237.07526469267276,231.09704060322792,232.7399133652803,6955144
2015-03-31,233.3560028076172,237.28063960136595,231.56480974422936,237.28063960136595,5962256
2015-04-01,235.76329040527344,236.58471996203056,231.14271781325138,234.13182340083367,3844196
2015-04-06,235.4666290283203,236.58469897892746,232.69429407506047,236.1625782021294,7151172
2015-04-07,235.64918518066406,236.89273546188096,233.57278544017495,235.76327338457625,6197072
2015-04-08,236.28807067871094,237.8624654793497,235.03310053969778,237.31486442881263,4106144
2015-04-09,240.9771270751953,241.63884430642713,235.0217277012464,236.90418328720298,7002784
2015-04-10,237.9081268310547,240.26974697850665,236.12833978608452,240.26974697850665,6119324
2015-04-13,237.0296173095703,238.74094003411892,236.1169118564777,237.3034178040741,4563236
2015-04-15,235.39822387695312,239.28861536732384,233.92646916444824,237.3034915315165,4893996
2015-04-16,234.9418487548828,235.83174233454884,232.2835879779388,234.56535210345882,5610120
2015-04-17,232.34063720703125,234.53112524514435,231.8386463029852,233.90364009678262,4049012
2015-04-20,229.340087890625,233.88080369900626,228.76964690599328,232.7399217297428,5188880
2015-04-21,228.86094665527344,231.46216338438168,227.17243559577744,229.31729949007956,6510744
2015-04-22,231.16552734375,232.96812664659674,226.6932750473985,229.65956853065583,6765936
2015-04-23,231.25677490234375,233.69825117231946,229.5682640190732,232.75132749499463,9627828
2015-04-24,229.64816284179688,232.51177415421782,228.2562783107113,232.4889620827179,7205244
2015-04-27,229.4199676513672,231.02860851045386,227.26369785324647,229.76223225656787,7370704
2015-04-28,229.214599609375,230.78902233854058,225.91744784725896,228.07371761049623,7942108
2015-04-29,226.6134033203125,230.34408198985113,225.4382892580217,229.08911175612732,7863564
2015-04-30,225.62081909179688,227.0355155418361,223.39609921588442,226.12280995171815,15143684
2015-05-04,228.39317321777344,230.34407867678198,226.35099162691205,226.81875046739748,3141448
2015-05-05,225.3584442138672,229.066310996585,224.94771552112414,227.95964701613465,5138004
2015-05-06,221.468017578125,225.32420447092278,220.304323459925,225.32420447092278,11007696
2015-05-07,217.064208984375,221.3311104978866,215.44416209680443,220.87475769273632,11736664
2015-05-08,224.06922912597656,225.39264948617065,217.99974233950934,219.3916128356685,11571932
2015-05-11,225.9630889892578,226.52212396167658,222.25522244241594,224.99333927700687,6731344
2015-05-12,221.77606201171875,225.8946433809338,220.64658600945754,225.8946433809338,11107568
2015-05-13,225.95169067382812,226.67045193817677,221.69619504397141,222.66594478935266,7791848
2015-05-14,226.13424682617188,227.0013144696772,222.24384150308148,225.6664879328004,4455188
2015-05-15,225.91744995117188,227.61736693068858,224.57121753602715,227.01270782172114,8153624
2015-05-18,230.42391967773438,230.9145044822779,226.35097672571115,227.2636822770245,5713304
2015-05-19,229.8991241455078,232.28357026015559,227.74285442600754,229.62530968597443,4786348
2015-05-20,233.6640625,234.2915476240038,230.35549064665182,230.37831664359436,4008840
2015-05-21,233.81236267089844,235.0217088188687,231.62187464485334,233.6526503208947,3934380
2015-05-22,233.7211151123047,234.79353313095143,232.36344871879533,233.81236339626622,4689536
2015-05-25,233.5499725341797,235.24988965311124,232.19232004616924,234.65663653022804,4369060
2015-05-26,234.42845153808594,235.06732878030556,232.29499372728094,233.7553144097465,4906344
2015-05-27,236.88134765625,237.30346844767934,233.05939275577057,233.6070077884262,3218592
2015-05-28,234.88478088378906,238.14768654097017,233.2419080943001,237.0866886128184,9561160
2015-05-29,239.71070861816406,240.49790599255923,234.37137572275913,235.01025287853375,5058680
2015-06-01,236.43638610839844,240.95429019090423,235.24987991176351,239.34563535076023,3841320
2015-06-02,230.1843719482422,237.37194317489528,229.29449225766183,236.9384024019675,4726008
2015-06-03,229.4427947998047,232.0554175765592,227.72006562576803,230.23000622885763,5824832
2015-06-04,231.58763122558594,232.24933440454492,227.03550943201978,230.19574688204423,5557588
2015-06-05,230.8574676513672,232.3976583176847,228.7468359975247,230.5152030588522,6753860
2015-06-08,228.96360778808594,230.97155729135778,227.16100868553642,229.14614611987756,3811996
2015-06-09,228.5985107421875,229.54544833136453,227.51467288972827,229.31727194137312,6040260
2015-06-10,231.73594665527344,232.51175198727853,227.49187117891725,227.72004757929733,7986248
2015-06-11,228.22206115722656,232.4090929501642,226.9670908302467,232.19232256287458,9094176
2015-06-12,230.2642364501953,230.6521252171026,225.9288845335227,228.40459308364615,6528344
2015-06-15,229.36294555664062,231.31385120810685,228.1764253594149,228.63277821013372,5999828
2015-06-16,230.09310913085938,230.5608680098207,227.50329838941872,228.17642161855014,6010524
2015-06-17,229.2488250732422,231.25677454839484,228.0623050430396,230.22998077881638,9686268
2015-06-18,232.64866638183594,233.60701010697355,228.68981116559672,229.5226606482625,8431716
2015-06-19,235.13577270507812,236.15114651128744,231.176917861979,233.8351784079602,3742324
2015-06-22,238.93492126464844,241.15964115006685,234.67942586182758,235.50085532573075,5449652
2015-06-23,240.0644073486328,242.14080721235155,237.873919274231,240.0415952772096,5655180
2015-06-24,238.6269073486328,241.36502434469944,237.9195381751291,240.4979428211851,6267396
2015-06-25,243.00787353515625,244.3426999458335,237.90813640773717,239.1859187166456,16573568
2015-06-26,242.5172882080078,244.365511530937,239.92749156355552,243.46422586620423,5647504
2015-06-29,241.1026153564453,242.26630950646003,235.1357965118032,238.42154247045434,6487836
2015-06-30,243.49844360351562,244.6050935399566,239.12886010249488,240.09860977371207,7290136
2015-07-01,244.6849822998047,245.74600824035815,241.8784290014006,242.17504163996816,4971188
2015-07-02,243.27113342285156,245.45510230789807,242.6849270335663,244.83440658679072,4483444
2015-07-03,246.9608612060547,247.39766052242368,242.31706568571352,242.31706568571352,4039288
2015-07-06,249.08738708496094,249.43222426135912,243.74241085078896,244.61600958949955,3267780
2015-07-07,249.85751342773438,250.92651426830537,247.93792545887982,247.93792545887982,4141472
2015-07-08,245.71946716308594,248.42069166148525,245.06428215265407,248.07585449147683,5400676
2015-07-09,246.91490173339844,247.57008669662446,243.70789944563109,244.30561155132992,2797964
2015-07-10,250.7540740966797,251.7311126618054,245.63898984396263,245.9378599243449,4900088
2015-07-13,251.99551391601562,254.23695551247457,249.43221868286565,249.43221868286565,7076084
2015-07-14,251.00698852539062,253.31740895611605,249.6621290780245,251.84609797879912,5674116
2015-07-15,252.12196350097656,253.2139479816451,250.76562628059025,251.27137628857258,3849404
2015-07-16,256.260009765625,257.24855430940966,252.44381698541596,252.60475785178187,7310424
2015-07-17,255.3059539794922,257.88072692329297,254.16797449563316,257.3404876432809,3510988
2015-07-20,256.38641357421875,257.24850642416567,254.4898093043355,256.5473263477082,4551268
2015-07-21,252.4322967529297,259.3175338785262,251.2943173329987,256.68528822168213,11028136
2015-07-22,256.1910400390625,256.80025800020223,250.27133514272205,252.05299389793132,7286400
2015-07-23,254.69679260253906,256.719820918237,252.9036277186252,255.84625007609242,5083172
2015-07-24,254.68519592285156,256.3289251360833,252.99549965225083,253.60471750843112,4761008
2015-07-27,251.926513671875,253.9150801201666,245.9838259199441,253.77715087709421,3328572
2015-07-28,254.83465576171875,256.07607512361545,251.14488700387122,251.50122995337873,6345672
2015-07-29,254.80015563964844,256.99562997661144,254.04153077384686,254.05300850736194,3943032
2015-07-30,255.3059539794922,256.78874256591774,253.13346299917245,254.48982812933835,9462188
2015-07-31,255.5587921142578,257.7082711900123,253.570225800699,256.46685196063504,5649500
2015-08-03,251.8231201171875,256.90371595663106,251.3748149160192,255.81173148164763,4345728
2015-08-04,249.76556396484375,253.34038737115736,248.73105240116843,252.4438050700543,5390928
2015-08-05,251.08743286132812,252.35183584839618,249.47819269596877,251.07595512647126,4122780
2015-08-06,251.94947814941406,253.19089736902566,249.53561835797004,251.01843478189247,3743712
2015-08-07,251.19090270996094,252.30587064876295,250.25983109652122,251.48974476227028,3227140
2015-08-10,251.6506805419922,254.24843708084606,250.1218967918475,251.731136936648,3954376
2015-08-11,251.66221618652344,252.61627153306213,249.25986121414974,251.74270066262054,2727688
2015-08-12,246.08729553222656,251.70815841623886,245.45509403418103,250.21386396631306,6005740
2015-08-13,247.71951293945312,248.9034313121235,245.20218503143064,247.59306143221758,3465052
2015-08-14,253.29443359375,253.71972720187856,248.25980477380287,248.995446254732,3601660
2015-08-17,250.92652893066406,253.2944221970477,247.31724422893296,252.66222068118944,2500212
2015-08-18,249.74258422851562,251.98402598388978,247.9264360654228,250.94951440448634,1857316
2015-08-19,248.70802307128906,249.8919694776257,247.1332724824725,249.39769732007736,3004576
2015-08-20,247.06434631347656,249.37476676286033,245.52408472250272,245.52408472250272,3044852
2015-08-21,243.9838104248047,246.66202340335258,241.61591723246727,244.6045061230687,7758972
2015-08-24,234.27085876464844,240.16756552097976,232.4777084182458,240.16756552097976,14686328
2015-08-25,234.13296508789062,237.31697029364966,231.20184891224096,235.56977271115937,12347920
2015-08-26,232.99496459960938,236.55828176911498,231.96045316330128,233.8915467903268,5573000
2015-08-27,234.97203063964844,237.81118425582406,231.98344197779636,235.63872141526087,13873432
2015-08-28,236.31689453125,239.7192990685392,234.35133955693195,237.02958044561134,5553136
2015-08-31,236.20196533203125,237.45489060546177,233.46626542346544,234.7421601984594,3441460
2015-09-01,229.9144287109375,234.78813015502442,228.28220506275068,234.78813015502442,10469144
2015-09-02,228.77645874023438,233.09841475301488,226.44305514820476,231.06386720920375,8681688
2015-09-03,232.2593231201172,233.33981571345677,229.6615526086141,230.42019156769584,6507368
2015-09-04,228.98338317871094,231.27080598455214,225.2936280962834,230.39722125332815,11404592
2015-09-07,226.316650390625,232.14439328356426,225.29363058829406,230.12135124375752,5381740
2015-09-08,230.82252502441406,232.1903820616637,224.60396363786677,226.83391367782062,7444488
2015-09-09,233.63868713378906,235.63874563473712,231.0409164516203,233.22488531360077,6553120
2015-09-10,232.42027282714844,233.78812986026722,229.0408654604614,230.58114109360028,4463740
2015-09-11,232.30531311035156,234.4892819124776,231.45471192849456,233.22487892177307,4301760
2015-09-14,234.42031860351562,235.0180307717225,230.69607423998602,231.92598790710665,5060344
2015-09-15,232.91452026367188,234.40881463788307,231.7535572554628,234.0179963798743,4332728
2015-09-16,235.25942993164062,236.35141441283972,232.54671339516477,234.2364241165288,4254052
2015-09-18,241.3285675048828,244.14473797588525,237.05259183088415,237.93766836632886,7841168
2015-09-21,242.06422424316406,242.53551300545368,238.2480312624879,238.6158520203377,4276688
2015-09-22,236.9376220703125,243.68493033056046,235.70770845905838,241.39752169083326,6025212
2015-09-23,241.2021026611328,242.17914134204855,234.17893556900924,234.3053730626003,5161152
2015-09-24,241.70787048339844,242.30558262681978,238.16753662370522,240.69634251449745,8252836
2015-09-28,240.55841064453125,243.68492864474774,239.7997576603748,242.53547143415932,5777108
2015-09-29,244.78843688964844,246.88044355500045,235.6617291250733,237.24798580554364,10418840
2015-09-30,245.70797729492188,246.6735100980971,243.9952692640381,245.5240529214983,9027796
2015-10-01,245.4435577392578,247.57005317987202,243.5354479025137,247.17922096384802,5034788
2015-10-05,252.50125122070312,253.9840678095128,247.63904177325426,247.63904177325426,8053372
2015-10-06,249.650634765625,254.6967694536469,248.9724661430366,254.48986151462742,4758964
2015-10-07,250.06446838378906,252.50131256653196,249.05294021465255,250.12194125632038,4386268
2015-10-08,248.99542236328125,250.74259176003744,247.22526943424953,250.14487960626835,3881908
2015-10-09,249.69659423828125,251.7311278784132,248.32872332666938,251.7311278784132,3443228
2015-10-12,248.40919494628906,251.84606058626508,247.77699351624594,250.05289621406627,2217340
2015-10-13,247.44371032714844,248.77709225185987,246.71954648981253,247.25981396496815,1823652
2015-10-14,249.37474060058594,249.77705062229697,245.30567332044825,245.70798334215925,2749148
2015-10-15,249.23681640625,252.07597014735472,248.512652739891,249.593131309244,3925952
2015-10-16,252.89212036132812,253.22545176444606,249.43224254600455,250.58169988492622,4843688
2015-10-19,252.37486267089844,253.3633791372224,251.5702425396723,252.88061267107133,2654220
2015-10-20,251.70811462402344,253.547245934729,250.85749955507208,252.4207723943385,3851356
2015-10-21,251.7311553955078,253.80017859053936,249.4322407343616,252.62773772593943,7273204
2015-10-23,254.83465576171875,256.0300799988523,251.9610128234946,252.75412704927675,4467048
2015-10-26,253.22544860839844,256.14505898770193,252.19093701626244,256.08758612147216,4887984
2015-10-27,255.38636779785156,256.09902554180303,251.85754033856156,251.85754033856156,8984032
2015-10-28,255.5243682861328,258.398011654173,254.04157953339347,254.04157953339347,7694760
2015-10-29,253.6967315673828,256.2140318258324,252.88060566031015,255.17952025722207,6702368
2015-10-30,252.78863525390625,255.63929487407918,250.6851228534642,253.34038035183028,8097460
2015-11-02,248.99542236328125,251.93804413049662,247.47814441512247,251.742642011773,3156552
2015-11-03,249.4092254638672,251.04144905300151,248.09882743600366,250.8000518191289,2548592
2015-11-04,248.67352294921875,252.44374762481374,247.88040882271488,250.59313864199947,2696444
2015-11-05,248.24827575683594,248.97243943425661,245.86890487067168,247.93792791306163,3596952
2015-11-06,248.48968505859375,250.35180027449726,247.1907926952738,248.44368992877887,5881004
2015-11-09,244.78843688964844,245.9034048537664,241.61592352870773,243.22516374250503,11429432
2015-11-10,242.44351196289062,244.83438860030398,241.949239744212,243.6964371742313,4402580
2015-11-13,241.85733032226562,242.53549892822258,239.31701837372484,241.24811231900816,3940028
2015-11-16,243.90333557128906,244.8344072182741,240.29405084028264,241.09867095790136,4734732
2015-11-17,243.86883544921875,244.55850972587046,241.66185531359866,244.44356401309517,2567404
2015-11-18,241.06417846679688,245.02980613737606,240.53544494847299,244.07575096926095,2446720
2015-11-19,245.7310028076172,246.2022634927833,241.29408612275614,242.5355056981562,3277680
2015-11-20,246.17921447753906,248.34019937652772,243.68489825421838,244.81137179269385,4648160
2015-11-23,245.0757598876953,247.24822258482172,243.46651994525575,246.90338545429896,3408280
2015-11-24,244.6849822998047,246.78849487851747,244.16772648846174,244.89189023692663,4002252
2015-11-26,244.59295654296875,245.29413657465145,241.63885751170548,243.45500527887148,8791484
2015-11-27,248.1448211669922,248.78850034883695,243.9033073429715,244.7998895542789,6925072
2015-11-30,247.7655487060547,248.51269603455822,245.91491102105266,248.0988801351399,5247776
2015-12-01,248.97242736816406,249.40922671297284,246.7884587070398,247.60458453715412,1895332
2015-12-02,247.7770233154297,251.2023835707378,246.4091523099858,250.58168786266876,2562284
2015-12-03,247.53562927246094,248.51266797634574,245.36316620310956,246.55859056857614,3807712
2015-12-04,243.4320831298828,246.81147651280128,242.76539225447803,246.81147651280128,5859828
2015-12-07,244.13323974609375,246.236752347131,243.93783760565293,245.57006145951755,5814808
2015-12-08,241.21360778808594,244.1217402898952,240.69635201727516,243.9148323689866,4902660
2015-12-09,240.7998046875,242.99527941161048,240.20209248885456,240.71934828703442,3890616
2015-12-10,243.8228759765625,244.42058815780396,239.61587911161794,240.23657482619134,6514340
2015-12-11,240.54693603515625,243.8228895100741,239.54691374487135,243.68496023950442,3033920
2015-12-14,242.54696655273438,243.65042858856464,239.11007280664015,239.3169807080205,5878016
2015-12-15,243.55845642089844,244.24813068862056,240.30551524181,242.075667970463,4557416
2015-12-16,245.3631591796875,246.7539856335347,243.53550528933604,244.37461470594357,6842768
2015-12-17,248.34030151367188,249.20239466866033,244.83445601671886,246.8804960504771,4878012
2015-12-18,246.67352294921875,249.43222031677757,245.63901143638418,249.43222031677757,3172128
2015-12-21,247.2252655029297,248.2597770051675,245.76546044013375,246.38615611630823,3097500
2015-12-22,245.16770935058594,247.47812949486502,244.60448656064688,247.0183466253901,2429536
2015-12-23,246.9263916015625,247.81146803839144,245.788440191771,246.58155443945356,3013968
2015-12-24,246.90342712402344,247.455172238561,245.59305703205365,247.4091771089782,2146352
2015-12-28,247.6505584716797,248.25977641190354,245.46658974995216,246.90341127740447,7755428
2015-12-29,247.81149291992188,248.2482923150341,246.28273713141346,248.0413843844101,4231612
2015-12-30,246.97242736816406,248.73107473397798,246.57011727950146,248.2827975746381,2112560
2015-12-31,248.7770233154297,249.40922476502803,247.13329393389017,247.13329393389017,9290008
2016-01-01,250.29432678222656,250.6391639718232,247.39770000219926,248.8345216255186,3195076
2016-01-04,246.0987548828125,249.20228892383818,245.54700988515802,249.20228892383818,5187536
2016-01-05,244.23670959472656,247.0873695083078,243.9953123198757,246.02984626888906,3160872
2016-01-06,245.31719970703125,247.53565816502385,242.91484489753748,242.91484489753748,4165536
2016-01-07,242.81134033203125,244.81141280181177,241.31704589430942,243.70792260724863,6055428
2016-01-08,244.22520446777344,244.719476754875,243.05276355010952,244.13324226458082,3488356
2016-01-11,243.3630828857422,243.91482797725706,240.30554344442083,241.8573107289133,3288912
2016-01-12,240.68482971191406,244.58150642251894,239.89171547623573,244.58150642251894,4258736
2016-01-13,243.71942138671875,244.31713353201113,238.3974288145806,241.84580049463722,4515148
2016-01-14,241.3285675048828,243.0872428401751,238.9721799679216,241.4205297042757,6279184
2016-01-15,239.58135986328125,242.63889905060728,238.65028834476314,240.9262191188706,5417260
2016-01-18,235.83412170410156,239.42042245808236,234.71915386297783,238.08706898005983,6495388
2016-01-19,238.12159729003906,238.52390736497006,235.93762831184225,236.14450818575347,6405212
2016-01-20,234.0984649658203,254.7197312103512,231.70760226142275,235.63874051499096,9563588
2016-01-21,235.17893981933594,237.53532704626477,232.97198763889384,234.71915694578885,6300804
2016-01-22,236.857177734375,240.0641523121796,234.96055919577933,235.7996545891503,4236284
2016-01-25,239.35150146484375,240.6273822422081,237.48938623374264,239.07561487247008,10143884
2016-01-27,238.08709716796875,241.08716389589648,237.47787918380914,241.02969103065354,4039468
2016-01-28,237.1790313720703,240.673398745328,236.78822707682232,238.857250420212,9951972
2016-01-29,241.3515167236328,242.52395742615562,237.98360159804656,237.98360159804656,5360184
2016-02-01,243.62747192382812,245.29418498959623,242.236617381708,243.2251618734703,4609484
2016-02-02,242.25962829589844,244.89187424994756,241.43199660143995,244.8344013857725,6528628
2016-02-03,239.97218322753906,241.70787489122156,239.5468896598251,240.12161828184963,4850244
2016-02-04,241.2021026611328,242.51250078858456,240.3630213031543,240.92624414110176,5675992
2016-02-05,242.5929412841797,244.55852431506167,240.37448328269042,242.02971848314886,7523904
2016-02-08,238.13304138183594,243.22514236626563,236.85716073364,242.5354680495371,3481924
2016-02-09,235.880126953125,237.14452989304388,234.63870754498421,236.02953394114277,5535460
2016-02-10,232.8685302734375,236.8226657342878,232.21333126935878,235.38584427550933,7682280
2016-02-11,224.213134765625,232.88004548380204,222.58091103671384,232.19037111415602,8803600
2016-02-12,223.3165740966797,226.7764378290796,222.07515457652445,225.06374361326857,12542144
2016-02-15,223.82229614257812,227.19021128752962,223.24756755343688,225.29360694336356,10912960
2016-02-16,223.78782653808594,225.7533955566507,221.15556672657635,225.63844983589885,7136096
2016-02-17,224.1211700439453,225.27062724176747,220.46589054228693,224.5809529230742,7503924
2016-02-18,227.46609497070312,227.87989676888418,224.60394365013855,226.67296667250423,6799856
2016-02-19,227.43162536621094,228.19026440058298,223.799342995989,227.30518786572586,3328660
2016-02-22,227.30517578125,228.97188882743365,225.9832999170354,225.9832999170354,4002396
2016-02-23,223.00619506835938,226.55802072621927,222.0751375155026,226.4200914707814,6078320
2016-02-24,218.3048858642578,221.3624529620469,217.5692445486435,220.6957622343804,6463468
2016-02-25,216.70716857910156,220.06357794483534,215.68414887873334,219.31643077500436,8463196
2016-02-26,220.92567443847656,223.22458884470421,217.24741138851232,218.39686859162614,6209388
2016-02-29,223.42001342773438,225.89134666299026,213.33927835511238,220.9486801924785,8812752
2016-03-01,226.24765014648438,226.8453622352554,223.4199744110627,224.13264624309164,4322560
2016-03-02,231.54666137695312,232.39726251198962,228.74198300020635,229.43165732081,6358976
2016-03-03,233.53521728515625,234.48927238833994,232.19035795316012,232.36277653579862,4610400
2016-03-04,234.61573791503906,235.6157742327333,228.3052142300043,233.4432970255624,5704624
2016-03-08,233.14442443847656,235.40884965509406,232.07542356134516,235.40884965509406,1913688
2016-03-09,235.59275817871094,236.76519890635245,231.44320647490187,232.88002797027622,6528172
2016-03-10,234.7766571044922,235.81116869026474,232.21336167382677,235.5927830251041,2671392
2016-03-11,236.48931884765625,236.97211333372027,232.8800343771471,234.4662909642646,4730856
2016-03-14,236.22499084472656,238.6158396785524,235.69622923940534,236.3284307808912,3008656
2016-03-15,236.029541015625,237.56983057180892,234.8686060282915,236.30542759399225,7690036
2016-03-16,236.8916473388672,237.765246125338,234.24790954007344,236.09853301495977,4803548
2016-03-17,234.12144470214844,238.8572026846598,232.4547317863989,237.9261311410388,5113484
2016-03-18,236.4203643798828,237.24796795784943,233.4202698389687,235.16745321567387,4135068
2016-03-21,240.37449645996094,240.77680650072887,237.30545119011552,237.47786977901606,5318796
2016-03-22,242.2710723876953,242.90327380582954,239.24799453930615,240.58137602817467,4120264
2016-03-23,241.236572265625,242.08718741485455,239.21354447067233,242.08718741485455,8464300
2016-03-28,240.811279296875,242.07568219533113,239.46642000837372,240.23655070666766,11270868
2016-03-29,242.25962829589844,243.5699983739211,240.0641536592422,240.81130089351802,6733952
2016-03-30,244.82290649414062,245.96088609325477,242.28262262219138,243.22517202406675,7814380
2016-03-31,246.24822998046875,248.02988870133055,244.84589776114882,245.25968552953194,20080392
2016-04-01,244.7079620361328,247.45518191815623,242.9493147552028,245.70801237287918,5158648
2016-04-04,245.7654571533203,246.6275500603224,244.60449414672277,244.8803526517954,6179960
2016-04-05,243.09869384765625,247.57009922734073,242.68490609026804,245.7539512249744,6663028
2016-04-06,244.02980041503906,245.28269772709217,242.93781591012015,243.9148546776792,4295376
2016-04-07,242.6504364013672,244.7769324096217,240.7078647865631,244.60451381435783,3911692
2016-04-08,243.53546142578125,244.45502707278504,242.36302083843472,242.53543939724793,2962796
2016-04-11,246.2022247314453,246.92638837499555,239.74228092493328,243.7539033627999,4049620
2016-04-12,244.3745880126953,246.2137194370618,243.51249515752355,245.89186582521398,4941480
2016-04-13,248.68507385253906,249.4207152609072,245.86890361478208,246.4436322347325,4974604
2016-04-18,250.075927734375,251.0414605883928,246.35166944833315,249.087383285278,4117068
2016-04-20,252.3863067626953,252.88057896143107,249.09887607394833,251.01846394711714,3821352
2016-04-21,250.84605407714844,254.06453428473117,250.35178186125702,251.73113052164962,8191728
2016-04-22,251.07595825195312,253.0760026857713,249.47819580156116,250.4667402834705,7809320
2016-04-25,251.32876586914062,252.88053277480418,249.31721617661375,252.88053277480418,5561960
2016-04-26,256.0645751953125,256.3289559642722,251.15639855692143,251.73112715773817,7053796
2016-04-27,258.4439392089844,258.62786358158786,254.94960063287195,255.14500273943864,5763636
2016-04-28,256.08758544921875,261.31761626239916,255.2599817902671,258.4439729584539,8089584
2016-04-29,260.3175964355469,261.15670590071744,254.30592897498357,256.05312657043254,5611940
2016-05-02,256.9382019042969,259.77735588926305,256.55887537382085,259.26010009213843,3862716
2016-05-03,257.0187072753906,260.92686293163536,255.9037390684006,257.9152897738207,4695296
2016-05-04,259.1681213378906,260.81185082300414,256.1565489462604,256.9036961610464,5292328
2016-05-05,260.30615234375,260.86937528420725,258.09917153013174,259.3176076850282,5214248
2016-05-06,257.3979797363281,260.2946065302628,256.84623461774,260.2371336650541,2733152
2016-05-09,262.3981018066406,263.21419960134745,257.248527808962,257.47841925472517,6953180
2016-05-10,263.2027587890625,263.80047101931,261.17970255738294,262.8809051072601,5453000
2016-05-11,261.8003845214844,263.2257002320708,259.7083499557668,260.8578071620204,6147372
2016-05-12,264.1683044433594,264.83499537416077,260.35211133787936,262.9958634618402,4221688
2016-05-13,262.28314208984375,263.91536565509193,259.77731985213757,263.91536565509193,5045316
2016-05-16,267.3177795410156,268.0304373974539,260.3635634320077,263.22570065500986,4518768
2016-05-17,265.1682434082031,268.8005390177882,264.6739993125558,267.83500629266666,4295424
2016-05-18,262.2257080078125,264.6050790837744,260.1221954676722,264.6050790837744,4162644
2016-05-19,261.9153137207031,262.6969221213163,260.23709508026553,262.09921002435163,3855796
2016-05-20,262.28314208984375,264.0303113718407,260.60492340014457,262.0647283902697,2016632
2016-05-23,261.3291015625,264.3636574282708,260.51297570302614,262.5245258580047,3463532
2016-05-24,262.06475830078125,262.9153735395575,261.0532583282811,261.708443375944,3259468
2016-05-25,269.73162841796875,270.340818262495,263.52455975334277,263.52455975334277,5767348
2016-05-26,272.01904296875,273.31793520104526,268.1108885377601,270.37531358077916,13705560
2016-05-27,272.8351745605469,273.5708159496973,270.51324854626796,272.0190487163692,5775184
2016-05-30,271.2144470214844,274.72029174882294,270.8351205039748,272.88116008857975,3814532
2016-05-31,271.7087097167969,272.62827551459435,270.6741981942747,272.62827551459435,5515640
2016-06-01,270.15692138671875,271.95005771497875,269.2028663332443,271.95005771497875,5675632
2016-06-02,270.1109619140625,271.409854286285,269.20290186479434,270.05348904859176,7910616
2016-06-03,269.37530517578125,272.42136687288314,268.7546094890874,271.2948931609933,4524420
2016-06-06,269.2258605957031,271.8236451008247,268.9844914207161,270.352334267736,5547308
2016-06-07,269.8235778808594,271.2719052101155,268.43275147579715,270.57072507741265,5628504
2016-06-08,267.2718200683594,270.812154354165,266.9039993252849,270.306404340303,4742812
2016-06-09,266.53619384765625,267.6396561400789,264.94993698544033,267.24885183997776,4648184
2016-06-10,266.9844055175781,269.59366762474065,265.8004590453738,266.30623702704054,6322312
2016-06-13,265.04180908203125,267.81198370217646,264.6165155911202,265.4671025729423,3323236
2016-06-14,264.8004455566406,265.9843920673636,263.05327625158236,265.5246091942999,3828768
2016-06-15,268.8695983886719,269.17994628185454,265.1108501462548,265.52466604578206,3045824
2016-06-16,267.1683349609375,268.7085963396798,265.60506198851795,268.17986288056665,4727768
2016-06-17,268.97296142578125,270.81209278595753,267.94995583185016,268.28328716571514,3761652
2016-06-20,269.44427490234375,271.09948205393067,266.39821330623215,266.44418036930733,2742764
2016-06-21,268.2028503417969,270.2258781477833,266.94992517354825,270.1224382263963,2670968
2016-06-22,269.31781005859375,270.12243006303686,268.0534071944689,268.0534071944689,3803840
2016-06-23,273.59381103515625,273.9961210756012,268.39826983970846,268.92703140374755,3926732
2016-06-24,267.11090087890625,269.40981554683225,263.68551241111186,266.63961214681217,11173964
2016-06-27,266.66259765625,268.74312667130414,265.07636897396935,267.13388639183523,4163788
2016-06-28,268.2718200683594,269.68565811802773,264.37517116205254,266.96145001037695,4034980
2016-06-29,270.78668212890625,271.0648048567745,268.7933655039036,270.02180218738124,5420668
2016-06-30,272.6756591796875,273.4984837319473,269.36124537821325,271.4124783475511,16278892
2016-07-01,272.2236328125,274.65730513649424,271.5978426750592,273.4984135536398,4304876
2016-07-04,271.82965087890625,273.38255445337006,271.50515554137894,273.0812312913972,7249852
2016-07-05,270.1608581542969,272.177346917462,269.32646169410265,271.82967936794296,2136328
2016-07-07,274.8079833984375,275.5264905648139,269.0714697147537,270.6939180293309,4832616
2016-07-08,272.30474853515625,274.7963654288733,271.470352257306,274.68047627102595,3118868
2016-07-11,278.0760498046875,278.57437886994785,273.74180637612693,274.8890977856715,5102532
2016-07-12,278.6322937011719,280.42857555645577,277.10256255403175,280.42857555645577,7046032
2016-07-13,277.61248779296875,278.5859454372461,276.58108556764506,278.0876446748496,6687072
2016-07-14,278.215087890625,278.6323001646368,276.32608901130874,278.36574945030986,3459668
2016-07-15,283.6271057128906,284.1602071414677,276.9982517269682,279.01473999340044,5774216
2016-07-18,284.4962463378906,287.0574077200314,283.3837275390665,283.9284008534828,4438484
2016-07-19,282.38714599609375,285.26120318387757,281.3441434250375,284.85559107291124,2586004
2016-07-20,285.59722900390625,287.0574437086631,283.17515692455316,283.46487981888976,4690332
2016-07-21,284.7628479003906,287.3819543220522,283.3490057593422,285.249576730161,9112904
2016-07-22,285.2727966308594,286.1651375951018,283.11724671799675,285.8638144311086,5620272
2016-07-25,289.0159606933594,289.59540648511256,284.3919945924695,285.78266449267716,9872884
2016-07-26,287.12701416015625,288.7146901042448,286.2810175744983,287.96141051170423,5665992
2016-07-27,286.69818115234375,289.1550539750517,285.0873331481974,287.6368946641569,10734736
2016-07-28,289.3636779785156,290.0126686942949,286.3737598129958,286.94160546936035,10646528
2016-07-29,288.8421630859375,289.72293211687486,286.2462569314723,289.25937542548786,3395676
2016-08-01,287.93817138671875,291.79725715198873,284.5426138927501,289.4910745606579,5560864
2016-08-02,288.16998291015625,291.2178450390449,287.49782015537545,289.0275513361952,5329396
2016-08-03,287.5093994140625,289.71129340571713,285.319105655454,287.66006097740495,4733876
2016-08-04,287.6369323730469,288.9580576508505,285.92176692425835,288.93488547449977,4662880
2016-08-05,289.549072265625,291.0324592030428,287.8107348295696,289.1202880233818,5784912
2016-08-08,289.6301574707031,290.8817659469735,288.4596940338781,290.3950371765487,4728776
2016-08-09,289.0739440917969,290.39509765036064,286.872049787446,290.39509765036064,4210856
2016-08-10,284.36883544921875,289.94308724534557,282.7116147502205,288.5640175150847,3619720
2016-08-11,284.6817626953125,286.2462665814866,283.233147985892,284.34569540002934,2856072
2016-08-12,284.7860107421875,286.2462254769008,282.63048934005354,285.33071242931595,4641496
2016-08-16,284.4615478515625,287.0458535249187,281.3325404831827,285.78267297868854,3468568
2016-08-17,286.2230224609375,286.82564036993364,284.16018997457667,285.87535501806485,5511036
2016-08-18,290.3023986816406,290.85867240962216,286.1419883970788,286.941612429438,6111656
2016-08-19,289.05072021484375,289.7228829619656,287.7411671252056,289.7228829619656,4110636
2016-08-22,289.79241943359375,290.7542767427538,287.63686992907367,288.57558336016297,5501292
2016-08-23,290.0589599609375,290.6500059793923,288.80737969897655,289.95467103685786,5314524
2016-08-24,292.45794677734375,293.0141922082828,289.0392159578513,290.1981077610691,5570936
2016-08-25,291.70465087890625,293.61682224784926,290.7195929009659,292.9678315568453,8729888
2016-08-26,291.36846923828125,292.48101629617764,290.6267900618483,292.04063190687503,2521136
2016-08-29,286.96478271484375,290.9977318495462,286.52439817087645,290.9977318495462,2944184
2016-08-30,294.0455322265625,294.47431640289545,288.3205915078733,288.58714219907966,9867608
2016-08-31,299.27215576171875,300.15292469588775,293.31546424914745,294.12668836994715,11161364
2016-09-01,297.5338439941406,298.9940588546862,295.61010074645463,298.53050217429137,5224676
2016-09-02,297.8583068847656,298.76224797172443,296.9427938580101,297.9510238693963,3955188
2016-09-06,301.404541015625,302.21576515723484,299.0056409983722,299.0056409983722,5508884
2016-09-07,298.24078369140625,302.47073846301544,297.3947870784334,301.5436250884162,4016444
2016-09-08,298.85498046875,300.2108780229419,297.5106548549555,298.9940418062884,2905380
2016-09-09,299.08673095703125,300.0370163505537,296.28221912024543,298.99401397621807,4013768
2016-09-12,296.653076171875,297.69607860746333,294.70613263345973,295.4478119370218,3985728
2016-09-14,294.2309875488281,295.9809252448282,293.2923022951467,295.5173685882192,3849508
2016-09-15,296.58349609375,297.580154064328,294.3236577520136,294.8219867373026,3501812
2016-09-16,300.8134765625,302.35480799590897,297.5570082549377,297.5570082549377,6525816
2016-09-19,299.02880859375,301.89126521952267,298.530479541455,300.6164844450832,5894832
2016-09-20,298.634765625,300.1529249410373,297.61496364976335,299.60825154670596,3778248
2016-09-21,299.68939208984375,300.84828378392666,298.50732822053004,299.45761375102717,4256400
2016-09-22,302.9111022949219,305.2404575136251,301.43931557187506,302.4707178134012,6555800
2016-09-23,304.2554016113281,305.5881270050507,301.65949563998714,302.71409835579925,4876808
2016-09-26,300.4195251464844,303.3746992185207,299.8516511919822,302.725708497163,5576772
2016-09-27,300.85986328125,302.7372620376128,300.11815567220697,301.0800413706482,4056812
2016-09-28,300.2109069824219,301.3118541417861,298.7622922990479,301.2886819655032,4989652
2016-09-29,296.0967712402344,302.70245263385215,293.88327721033664,300.83662604572373,16450012
2016-09-30,295.01904296875,296.9080420251406,293.75586238204113,296.0041008755469,4138428
2016-10-03,298.3450622558594,298.97088073790826,295.84187320742535,296.90804789249466,3900548
2016-10-04,298.8897705078125,300.1529511470756,297.2093775380702,298.66956410823843,2775512
2016-10-05,298.09002685546875,301.32335069213616,295.84178895778615,300.84819392218725,3647020
2016-10-06,297.1282653808594,300.29204573971754,296.4561307531505,298.32192962603574,2895712
2016-10-07,296.8153076171875,298.4725282453226,295.8070775951023,297.6033595550334,3337464
2016-10-10,297.6844787597656,298.5073031106518,296.38652583022497,297.8351403259739,4719312
2016-10-13,292.6781005859375,296.44449863346983,291.21788571790006,296.44449863346983,4519356
2016-10-14,292.45794677734375,293.89496129603106,290.65006424702125,293.37345998458306,4067116
2016-10-17,286.8719787597656,293.5240326713305,285.72468753938904,293.3154265512852,5135360
2016-10-18,291.5423583984375,292.04068745234395,287.17334266147157,288.1468003023451,2610968
2016-10-19,291.6582336425781,292.73600845349176,289.25933376877094,292.29562400144357,3044904
2016-10-20,290.9976501464844,293.76738946180166,289.95464781621024,292.09859705066265,3200356
2016-10-21,294.52069091796875,295.0421921220526,289.7228911576977,291.11356103525463,3956408
2016-10-24,292.863525390625,295.94616025842663,292.2840795553329,294.7640964130815,3255664
2016-10-25,289.79241943359375,293.8948840210036,288.3438050604619,293.8948840210036,5501796
2016-10-26,287.2429504394531,293.19964333859383,286.2578923491851,288.18163587892985,5366540
2016-10-27,290.2096252441406,291.3453446568231,283.7314325971149,287.1733349481335,11623860
2016-10-28,291.82049560546875,292.4810581372965,287.4282796086208,290.76589296652804,5320536
2016-11-01,291.9943542480469,292.93303951758577,289.039180512242,291.1135852683095,3402416
2016-11-02,288.83056640625,291.0440324420864,287.7527915324357,289.97785780186524,6474432
2016-11-03,290.8702087402344,292.0407006434481,285.4929627123549,288.56402563578797,6315812
2016-11-04,288.2627258300781,290.3719314734801,287.8107693597811,290.3719314734801,5734920
2016-11-07,289.59539794921875,290.8470064811645,287.40510423825174,290.1864439566864,5671392
2016-11-08,290.7195739746094,291.5771424881555,287.42830467486414,289.9778663341405,5348164
2016-11-09,290.0126647949219,291.4381073274902,277.0562491766014,278.13402417894605,13645468
2016-11-10,296.3402099609375,297.37161226372416,290.6732125330377,292.90987918806036,10700736
2016-11-11,295.7027893066406,297.13980356038076,293.3386334880095,295.2855770171023,7139320
2016-11-15,290.8238220214844,298.762228799118,289.873536649819,296.0967783482337,12512524
2016-11-16,288.4133605957031,293.8949237839198,287.4167307480977,293.8949237839198,8647744
2016-11-17,285.1336364746094,289.4679074041499,283.963173104802,287.01106322814314,4815624
2016-11-18,280.7762756347656,286.4780169147087,280.26634633097194,286.4780169147087,6879900
2016-11-21,277.8326721191406,282.6536726876957,275.4337720686337,282.6536726876957,5552520
2016-11-22,277.68206787109375,279.710128465264,275.66557921865086,279.710128465264,10017784
2016-11-23,274.599365234375,278.82931958383887,273.7533687058318,278.82931958383887,3532692
2016-11-24,270.13763427734375,274.95863469200094,269.0714596548481,274.425533234127,15285996
2016-11-25,275.6539611816406,276.55787397499796,268.3992886091868,270.9488500726592,5969960
2016-11-28,274.5298156738281,277.879029323359,273.0580290226353,273.55635806178367,4130180
2016-11-29,273.20867919921875,276.49991983918596,272.68717800880665,274.58774880767504,3932644
2016-11-30,278.0412902832031,278.5975639564092,273.7533910043399,274.65733218664303,6442840
2016-12-01,277.4966125488281,279.9650574838581,276.51155462163456,278.66710446197146,4476984
2016-12-02,275.6075744628906,278.58591999805265,272.7335178467879,275.5844022912386,4062672
2016-12-05,277.28802490234375,277.89064295703616,272.68723028796796,275.2599643285913,4551936
2016-12-06,276.8476257324219,278.794569438892,275.862567791561,276.975115136188,2702964
2016-12-07,273.8692626953125,279.50148730052933,270.4853048147214,278.56277376857565,5628192
2016-12-08,278.0180969238281,279.42036708763936,275.12086790211254,275.12086790211254,4309696
2016-12-09,277.7399597167969,278.66707295521627,275.3526318105666,277.92536538853034,4387952
2016-12-12,274.5298156738281,276.3145256869116,273.7533639721675,276.2797532807847,3425272
2016-12-13,274.94708251953125,275.8973681471433,273.1624004455588,273.5564123445115,2526868
2016-12-14,272.50177001953125,275.35265478281616,271.968696838917,275.1208764538744,4314144
2016-12-15,272.7103576660156,276.8591951311519,269.69723959426597,269.83630092354264,4941488
2016-12-16,274.0314636230469,274.6572536431632,271.5398471870435,272.71031049033456,3255828
2016-12-19,272.7451171875,273.3825075187221,271.2965027983588,272.75671741991306,3160436
2016-12-20,273.9388122558594,274.657319415934,271.57465632797295,272.57131445834466,4189992
2016-12-21,273.4984436035156,274.6573353137,272.33955189333125,274.4255569716631,2658876
2016-12-22,271.899169921875,273.3825569834033,270.80982302143894,272.66404977503555,2805716
2016-12-23,274.94708251953125,275.6424176070411,271.0184505924033,271.41246249135605,4752516
2016-12-26,272.3394775390625,274.91221077461194,271.20375831450554,273.1623017459474,4183864
2016-12-27,274.7037048339844,275.097745027503,272.0846263049526,273.33623512527885,4899296
2016-12-28,275.06292724609375,276.9634981941544,273.73020187709017,275.7930346286332,6507840
2016-12-29,279.3392333984375,279.9766238091314,273.83449803335384,274.6573224262782,8100816
2016-12-30,279.57098388671875,280.91530939087295,278.1223694612295,278.13396969393364,4066540
2017-01-02,277.4619140625,280.4750332308026,276.2914501307701,280.32437161373514,3708656
2017-01-03,275.79302978515625,278.5859415769371,274.83114409446534,278.31941914241906,3847500
2017-01-04,274.773193359375,276.27975241195696,274.37918153984646,275.7814233743757,6967120
2017-01-05,274.9354248046875,276.8591961285741,274.2169176897935,275.58441540131827,6776384
2017-01-06,276.6622314453125,277.763178601084,275.3990224695793,275.839406990539,5525260
2017-01-09,277.021484375,279.09591767160845,276.31457735341263,277.86748104710256,4573796
2017-01-10,281.4599914550781,282.0278653033711,277.044631525675,277.2532093747914,5546116
2017-01-11,286.0144958496094,286.96478146566096,281.7265961954621,282.19015291482935,9343404
2017-01-12,286.2462158203125,288.2626758209366,284.04432185246395,286.2462158203125,2916316
2017-01-13,285.66680908203125,287.33560184212536,284.7628678814574,287.1733683185693,3850412
2017-01-16,289.1782531738281,289.59543721220416,285.7363504642665,285.8985839858703,3765864
2017-01-17,287.0574645996094,290.279189077747,286.5359633518507,289.0275804244755,3559612
2017-01-18,288.0077819824219,291.1136176381683,287.6021698559356,287.61377009113784,4612888
2017-01-19,286.54754638671875,288.5408342665275,286.24622325546494,288.5408342665275,3512412
2017-01-20,286.5591735839844,288.56406208361835,285.0873866368278,286.47805681554405,13942068
2017-01-23,288.48291015625,289.7229185891608,286.4316775512895,286.47802190096223,4793848
2017-01-24,293.7906494140625,294.70616254982536,289.5490944281316,289.72292818504263,10261864
2017-01-25,299.1330871582031,300.2919787311802,294.38163170899696,294.96107749548554,15636984
2017-01-27,299.4344482421875,301.31184716974803,298.5305070420273,301.0800688257713,6852236
2017-01-30,297.82354736328125,299.6777739631059,296.80374536797973,299.6777739631059,5319628
2017-01-31,298.21759033203125,299.61983223555256,295.9809238160394,297.23253244149237,6101040
2017-02-01,302.6329650878906,303.62962326016844,296.7921622783555,298.1132874897431,10910664
2017-02-02,301.0104675292969,302.6329156327281,299.5966255549567,302.6329156327281,5971636
2017-02-03,303.87298583984375,305.0202772370742,300.5005998767984,301.0800456922184,8005104
2017-02-06,304.5798645019531,305.9473621581281,303.9656463359402,304.16268052950574,4310220
2017-02-07,302.96905517578125,305.48384444293157,301.99556919629316,305.02028777458116,3411920
2017-02-08,302.6213684082031,305.6460585006713,300.88303101255985,303.0617528737498,4940960
2017-02-09,300.76715087890625,305.9242186407455,299.5850870730453,303.4905462138101,4465376
2017-02-10,302.1462707519531,303.33993498955107,300.8483175674783,300.92943433652226,3296736
2017-02-13,303.6759948730469,304.78854231438686,301.12643292212806,303.06180485583997,2795792
2017-02-14,303.8845520019531,304.55671479370994,302.2389315761018,304.55671479370994,2446060
2017-02-15,306.457275390625,306.8744876730399,303.03854525982644,304.0931479056105,6126940
2017-02-16,307.7784118652344,308.96047554287,306.0053022021561,306.6426925305454,5043700
2017-02-17,319.1703796386719,337.0057118763094,315.3228364970895,334.91970678216444,402259960
2017-02-20,326.5988464355469,328.07063320525333,315.0215299108889,315.496658522044,10566716
2017-02-21,328.0937805175781,329.5423948777221,323.88699875707033,325.89188669015937,6260028
2017-02-22,324.2926025390625,328.84705163029633,323.2959445673045,327.96628280440564,5296776
2017-02-23,323.1685485839844,329.43813566244177,321.48815563039943,325.3704427990267,34494980
2017-02-27,323.00628662109375,324.1072337281035,319.5296115463261,322.38049642493723,4681376
2017-02-28,322.19500732421875,323.62044951969665,320.8970545103098,322.8439978777979,2928008
2017-03-01,322.55426025390625,323.67837929240534,321.33742424152877,323.66677906070254,3481736
2017-03-02,319.87725830078125,323.56253929959183,318.98491741480177,323.22647204813603,4601988
2017-03-03,319.1587219238281,320.89705918920845,317.3044955074225,320.89705918920845,2492824
2017-03-06,320.0279235839844,322.14870092526644,318.2548137316583,319.1124105137014,3679124
2017-03-07,321.2911376953125,321.5924608678423,318.9733541935623,320.3756245294234,3112876
2017-03-08,322.6817932128906,324.30424159078984,320.0974873598403,321.6851633281337,3782144
2017-03-09,323.14532470703125,324.1883271543914,320.236523746456,320.236523746456,3509316
2017-03-10,324.5128479003906,326.34390244349004,322.90199975605725,323.33078402604303,5860704
2017-03-14,326.9697265625,330.0871625322045,326.0310411648716,329.61200556901406,7155020
2017-03-15,328.337158203125,329.12521013957434,326.9349163612278,327.0276050534264,4271860
2017-03-16,328.510986328125,329.7857670498432,327.65341788717865,328.68482006290475,4980108
2017-03-17,330.4810791015625,330.8635189502424,327.46796124071966,328.7891145095003,3390464
2017-03-20,332.8568420410156,333.72601074714595,330.50428641777245,330.66654821886806,8142344
2017-03-21,333.98095703125,334.9196705393357,332.37010903349994,332.37010903349994,5557280
2017-03-22,331.6515808105469,333.0654228061191,330.46951711894553,330.90987326189014,5636544
2017-03-23,331.6515808105469,332.6018661981774,329.79735437878,332.4628048744449,4922472
2017-03-24,330.1334533691406,332.4744088058534,329.58877996104826,332.13834155005776,3810364
2017-03-27,326.7726745605469,330.05234360544546,325.428377215634,330.05234360544546,5864084
2017-03-28,329.1715393066406,330.21454168504346,327.5259189904773,328.73118315924853,8061400
2017-03-29,331.1184997558594,332.55554230479794,329.1252118777851,329.3106458496648,8575772
2017-03-30,339.8333435058594,343.0202952374229,330.2956887765442,330.9794234671067,34321092
2017-03-31,334.3518371582031,337.0056876868542,332.9611671952587,336.95934333872384,9651392
2017-04-03,332.18463134765625,336.101690077083,330.5158389898315,335.15140475406474,4149052
2017-04-05,331.9876708984375,335.2673397841503,330.8751519387067,332.6598336848957,5744080
2017-04-06,333.4130859375,334.45608829184044,330.2956791068267,331.7906378307482,6124416
2017-04-07,333.4942321777344,334.91967451337945,331.11850438274325,331.6863782462778,4648360
2017-04-10,332.4048767089844,334.456109141744,332.0572092358641,334.456109141744,3393876
2017-04-11,333.6448974609375,334.03890929451086,331.7906708685877,332.37011667869706,4356260
2017-04-12,334.61834716796875,336.06696165888303,332.71777627318994,333.5290003881019,3565092
2017-04-13,333.8303527832031,335.82364083878315,333.07707318189495,334.4561429808344,4804236
2017-04-17,333.01910400390625,334.6415522561378,331.03738803566546,333.830328130022,7137056
2017-04-18,335.45281982421875,337.23750181549326,333.2972698355184,333.7608265390449,3638860
2017-04-19,335.8468322753906,337.64311450460684,333.29727040166443,335.38327557107675,4338144
2017-04-20,338.8946838378906,339.7986249647893,336.76230627017424,336.77390650373485,5781372
2017-04-21,346.87945556640625,347.43572923717795,336.8434704903442,339.7870440705156,17258032
2017-04-24,355.32781982421875,356.70688972449955,346.9721987768524,347.2271493096871,20206952
2017-04-25,356.2548828125,358.213398325253,354.528117329578,355.7913261663334,9057780
2017-04-26,359.40704345703125,359.95171682899803,340.35484932503203,357.6223334871443,7795852
2017-04-27,363.5675048828125,364.8075133650495,358.35249214076043,358.35249214076043,16180420
2017-04-28,358.4451904296875,361.5510257370662,356.26646845028733,361.5510257370662,5437728
2017-05-02,357.07769775390625,359.46502592512786,354.7019698167527,358.5610847586821,4007040
2017-05-03,357.93524169921875,360.24142447782003,356.78792213284584,360.24142447782003,2507964
2017-05-04,355.7333984375,357.6107972847612,352.90568578597674,356.76480070677974,5131028
2017-05-05,355.1307067871094,357.61075162085683,353.76323742535385,357.4253176599832,2757896
2017-05-08,355.7333984375,356.93863445732717,354.284783849605,356.4750777892007,3747252
2017-05-09,355.95355224609375,358.2365630221652,355.2350451181819,355.73337416106085,3345836
2017-05-10,359.673583984375,360.415263240947,356.25485399543356,356.93858867592184,2342244
2017-05-11,358.4220275878906,361.5742073264447,357.170418903879,359.48820228417674,3875744
2017-05-12,359.6388854980469,360.85572184590677,356.0578929841056,358.3061599742003,6147604
2017-05-15,360.04443359375,360.92517419868875,357.4600997701221,359.2563816785147,2804780
2017-05-16,361.4930419921875,362.0377153547177,358.8507636350459,360.41526720652115,3590376
2017-05-17,360.91363525390625,362.82580649249013,359.60408201974053,361.2960751602737,3472472
2017-05-18,360.9020080566406,361.9218382996768,358.8160032249422,359.0246093667623,3107280
2017-05-19,361.8639221191406,363.86881035670604,358.1554687939805,361.4583100367012,2854136
2017-05-22,365.2825927734375,366.2097059530655,362.2926471104874,362.7562037003014,2860052
2017-05-23,363.68341064453125,367.03262484537885,362.73312504906033,366.2098003690194,3080172
2017-05-24,363.1387023925781,365.1551625677391,362.03775531336015,363.6718038745535,3467388
2017-05-25,374.8202819824219,377.6595661458985,363.21976679720336,363.21976679720336,20090804
2017-05-26,376.87152099609375,378.26219081526756,371.1002355878726,372.3866164879083,5443156
2017-05-29,378.23907470703125,381.9707002829407,374.93623339693903,375.4345624813231,5916340
2017-05-30,377.5785217285156,378.6099240396044,374.58857543924887,377.7986998374993,4434184
2017-05-31,379.2356872558594,380.8117911964935,376.2109970649734,376.63978131120024,5318912
2017-06-01,377.47418212890625,380.08168833829467,375.6083835505846,379.8846824166804,3359540
2017-06-02,378.78369140625,381.5302586361814,376.9178647511374,378.72574683054154,3213544
2017-06-05,379.0850830078125,379.8731067452227,376.63981015381955,378.65627043549495,2899900
2017-06-06,379.87310791015625,380.9972555200513,377.7987030359419,378.957594763046,5002632
2017-06-07,380.3019104003906,381.2521959327689,377.87980977901003,380.2091934060296,2554276
2017-06-08,381.2173767089844,384.6129346210388,380.49886960411555,381.0203708034438,4248768
2017-06-09,386.3280944824219,387.069773749552,380.13959669263147,380.13959669263147,5305272
2017-06-12,386.7800598144531,388.46045258368446,384.7519995757257,385.67911282771536,3971412
2017-06-13,388.6227111816406,392.14575874266063,384.983802749891,385.15763649586484,5051620
2017-06-14,387.3479309082031,389.3759912806739,386.3744732467183,388.2286998729773,3858360
2017-06-15,385.76025390625,388.3677600919112,383.268636884396,386.6062504606929,3526692
2017-06-16,386.89593505859375,388.15911550170665,384.31160130295206,385.9108772637763,3755104
2017-06-19,392.3775634765625,393.096070682957,386.6989940592674,387.3016120938804,3825532
2017-06-20,390.90576171875,392.63249899502165,389.3528299002555,391.7053856561904,3660264
2017-06-21,393.7218017578125,394.31284776242745,389.29484171932086,389.9901766455735,3410932
2017-06-22,393.5596008300781,397.7316107328705,391.9834968828332,392.8526656125816,6675460
2017-06-23,389.0746765136719,394.6605282806946,388.27502434607896,394.48669454338113,5217468
2017-06-27,386.525146484375,392.86427829556715,383.88286780355935,391.4736082839014,6000432
2017-06-28,386.2469177246094,388.2286334094614,384.2420581627948,385.91085052343476,4449036
2017-06-29,388.02020263671875,392.4182490765758,385.2320304802496,388.94179898626703,9187708
2017-06-30,385.45367431640625,387.3085442048875,383.3421314027892,385.8619815166222,4330432
2017-07-03,386.9819641113281,389.05850395160877,384.3338054778336,385.5820534524318,3504332
2017-07-04,385.75701904296875,388.87181437509594,385.44204485994527,387.3669218999541,3766080
2017-07-05,384.6837463378906,387.1919193617768,383.8088022597908,385.6986757722359,4014200
2017-07-06,386.8769836425781,388.00857239980814,385.29040683076227,385.57040605233556,4571676
2017-07-07,388.9884338378906,389.5484037067373,386.8419159021042,387.5068676608124,5517396
2017-07-10,391.12335205078125,407.8406235820754,387.5535970910179,389.1751488185937,1309252
2017-07-11,392.06829833984375,394.4948157258668,388.96515180561414,391.4033465057242,4410280
2017-07-12,392.2666015625,393.1415456552045,386.9702847138302,391.97495353159854,5738892
2017-07-13,392.8031921386719,395.078046471644,391.8932447092332,393.84144759558,4481004
2017-07-14,391.9632568359375,393.38652194136114,390.10838684362545,392.88488165676523,2443252
2017-07-17,392.5232849121094,393.75988407780056,391.2750369127831,392.5699656904172,2399340
2017-07-18,392.8031921386719,393.8064441403614,391.3566010125453,391.90489354014,2322188
2017-07-19,394.8447570800781,395.7546760951017,392.4065626040821,393.1415212926599,3987244
2017-07-20,399.1845397949219,400.1411397388627,393.8765450841002,395.2181261648573,3698476
2017-07-21,397.3529052734375,400.19937830907986,396.6412727739022,399.93105645771817,3873508
2017-07-24,404.8308410644531,405.9741071774685,395.47477681943053,398.9745536054432,19678176
2017-07-25,405.8923645019531,410.4070698929277,404.3524687420956,410.4070698929277,11160468
2017-07-26,407.7356262207031,409.4738370996505,404.2241725214499,406.440697565579,3895344
2017-07-27,417.558349609375,419.6932190202099,408.66892278916185,409.70717844910786,17961712
2017-07-28,414.95684814453125,416.8233956762469,410.89710156679877,413.4402782750123,9255396
2017-07-31,416.3334045410156,417.87330045448005,412.16867633826433,414.7351790211227,7369140
2017-08-01,419.31988525390625,422.1080576759133,413.48692430567553,415.7384529279435,8516860
2017-08-02,418.02490234375,421.6063339614505,415.78505147883214,421.6063339614505,7397916
2017-08-03,415.295166015625,418.10666474640556,414.00026569961176,417.173390941168,4256784
2017-08-04,417.69830322265625,419.21487295925573,412.0753349724378,414.6068341442034,3545068
2017-08-07,417.3016662597656,419.1448589696908,416.47337448663313,416.70669290371245,1918660
2017-08-08,414.81683349609375,419.3315393235098,412.0636646886433,418.1299437385314,4035372
2017-08-09,411.6787109375,414.61854607273096,410.25547414673633,413.206958115239,3270056
2017-08-10,410.74542236328125,412.04035105382854,408.9722079757217,410.64044046134666,7788444
2017-08-11,408.0856018066406,410.17379031363146,403.90919631140594,407.1406507948162,6359836
2017-08-14,409.9871520996094,414.12855441692386,407.8406338403202,409.00722604238064,3577084
2017-08-16,415.59844970703125,417.59333365812637,407.9689485070162,411.18872572336284,4426832
2017-08-17,411.9003601074219,415.5284445883388,409.18219471428085,414.43185936492733,5454868
2017-08-18,408.80889892578125,410.8737613658665,406.674029563149,410.64044293238226,3707464
2017-08-21,406.7206726074219,410.40711516513596,405.5540804665318,409.2405230242459,4009724
2017-08-22,407.6072998046875,409.240528825084,405.2274631960397,408.6105804525755,6609556
2017-08-23,413.5452575683594,414.8285089883062,408.3072699830784,408.3072699830784,3360524
2017-08-24,411.22369384765625,414.1284966329734,410.4420828775861,414.1168478013311,7878276
2017-08-28,411.1653747558594,413.2419143351156,410.2554272457076,411.2003782141829,1507784
2017-08-29,407.40899658203125,410.4071328168185,405.5074456143437,410.4071328168185,4918596
2017-08-30,412.63531494140625,412.973615267627,408.31892404736607,408.7622062731027,2694320
2017-08-31,414.4784851074219,415.27177341117584,409.8004679960415,413.44022955774875,7303436
2017-09-01,412.41363525390625,415.64508968843177,410.897065517441,415.5401077914852,2295172
2017-09-04,408.5172119140625,411.8069958161166,407.3972721476711,411.8069958161166,3642524
2017-09-05,409.55548095703125,411.7836832502294,408.5405515309746,409.94046204450166,3682436
2017-09-06,410.61712646484375,411.29375563414936,405.5074469548351,406.8490279789952,5751632
2017-09-07,412.1686706542969,414.54850717126357,410.6637497404406,410.6637497404406,6946420
2017-09-08,417.09173583984375,417.64002850503766,413.2069779231406,413.76694790342094,8311664
2017-09-11,425.421142578125,426.73939736958505,417.68663112856564,418.3399341080733,11477676
2017-09-12,428.18597412109375,429.28258783795957,424.2429154135185,426.4360858847424,6687680
2017-09-13,429.73748779296875,431.40572004319864,425.57276006424786,428.1392624549862,4995376
2017-09-14,429.1658935546875,432.2223590615173,427.32267240009116,429.34088236402414,8154016
2017-09-15,431.3940734863281,432.0590537563372,427.77763804155035,428.37261139432104,3767332
2017-09-18,434.0773010253906,435.0105748299387,432.2224307313537,432.4674264975501,4084928
2017-09-19,431.569091796875,435.83883049021756,431.06747995363725,435.1155490480745,4241468
2017-09-20,431.37078857421875,434.3105951979548,430.53084789333053,431.1724735980896,3446128
2017-09-21,429.0959167480469,431.2891156752129,427.1360362497016,431.1724564608025,7712496
2017-09-22,425.59613037109375,429.06090326187245,424.63953053153153,428.09265458989347,8243524
2017-09-25,419.9148864746094,425.2112039738826,418.24665383667536,425.2112039738826,10149228
2017-09-26,418.1766052246094,419.17985731706574,416.4733694081984,417.41832037834797,11438732
2017-09-27,414.4902038574219,421.2797646865022,412.97363401499393,419.0399133847057,7337220
2017-09-28,418.8765563964844,419.7398231282609,411.410367213547,413.9068628290911,27646464
2017-09-29,421.30303955078125,425.10614100828445,419.09819197921564,419.9964621572146,6213632
2017-10-03,422.03802490234375,424.87284944580273,419.29653342459073,421.8397099385015,4394424
2017-10-04,419.2732238769531,422.7496742230462,418.4216059007074,421.8164004915449,6625104
2017-10-05,419.6465148925781,421.13975851375284,418.36326355084645,418.8065742560589,3336196
2017-10-06,419.9964904785156,421.0114199294014,418.573253784529,419.5065274830452,3030660
2017-10-09,418.9232177734375,420.6731059011461,417.7566256882984,419.6931799421301,3062492
2017-10-10,420.60308837890625,423.46123891543465,418.25825543564804,419.73982165016963,3798180
2017-10-11,417.67498779296875,423.5312746144555,417.08001441161366,420.7314534904376,5267440
2017-10-12,424.35955810546875,424.9778291399021,417.1733393021696,418.8298944051615,5381560
2017-10-13,431.8257751464844,433.16735616095673,425.1061927597559,426.2027780225619,6433464
2017-10-16,433.3073425292969,437.0637636822569,429.7725624997823,433.97229438088766,3274544
2017-10-17,431.9307556152344,432.5023743922166,429.0959309152157,431.63910756957927,2613288
2017-10-18,435.9554443359375,437.47201398441683,429.07255131591603,429.5391881308327,3926720
2017-10-19,431.2657775878906,435.1388577028288,429.4575598145947,434.3922501437754,570008
2017-10-23,434.74224853515625,436.23546372456025,428.3843212222505,433.9489601650016,4162892
2017-10-24,435.62884521484375,438.5453256585204,432.3390609706274,434.6722453255687,11328872
2017-10-25,418.8299255371094,434.67225329382785,416.4734149916708,433.9722979745141,21367208
2017-10-26,418.88824462890625,422.306365381978,410.13880335718017,412.50699115764485,28571464
2017-10-27,417.8849792480469,421.72305597213847,415.07348081573133,420.99977454611326,7472088
2017-10-30,423.4729309082031,423.7062493274363,418.19994032978394,419.5648473860475,5422352
2017-10-31,421.9563903808594,422.65634568699295,419.7981948536142,422.65634568699295,4682460
2017-11-01,424.91949462890625,425.80611601640027,422.7729765598451,423.4962579647732,4190612
2017-11-02,425.1294860839844,426.92605500123466,423.92789052841323,425.3394783575919,4737944
2017-11-03,427.1360778808594,429.3059508728824,425.01288566790237,425.9694856230526,3810488
2017-11-06,426.64605712890625,429.30589281323876,425.24614660886306,425.8061165131308,6148244
2017-11-07,425.5028076171875,430.4608242339314,424.8145296440704,428.8392725447213,7446376
2017-11-08,426.02777099609375,427.81266266144144,424.4062193186311,425.85278217559403,3283144
2017-11-09,426.4710998535156,428.1393323761915,424.8962004019956,426.27278487809366,3113308
2017-11-10,425.1061706542969,428.0926578889359,422.8546421551846,425.0361637342456,7744360
2017-11-13,423.1346130371094,425.3744640725667,418.80654514740314,425.1061422053307,3335872
2017-11-14,420.521484375,424.4062420948237,419.9731917375936,423.68296062752665,4712468
2017-11-15,420.0315246582031,420.82481305621104,417.17337374746126,419.50655816439337,6148368
2017-11-16,421.7696838378906,423.70623805852216,418.8532036750429,420.90641710218836,4012972
2017-11-17,425.9344787597656,428.90928879451275,423.04132448070186,426.6694090421704,6358772
2017-11-20,428.8742370605469,429.2358635039426,426.7393679325945,426.7393679325945,2392424
2017-11-21,430.7641906738281,431.6391348661243,428.3960026970952,428.71097691007054,2275532
2017-11-22,432.8639831542969,433.9722456094824,430.36748754248487,431.5690545773164,5660796
2017-11-23,429.9708557128906,433.9722724155535,428.8392670428964,433.7389539895236,3232580
2017-11-24,431.96575927734375,433.45900296804155,429.53924184011663,430.0058787133813,5203684
2017-11-27,433.4006652832031,434.4389209143691,430.61249292864693,431.4057812946662,3870472
2017-11-28,435.2204895019531,436.53874421199157,433.0039646115128,433.038968069191,5090540
2017-11-29,437.075439453125,437.5887286220567,432.99236680535853,435.13888503339683,3274584
2017-11-30,432.50238037109375,437.22707877602056,429.3059291390279,436.0021569673358,5796312
2017-12-01,431.2191162109375,433.9722851111334,430.26251633248097,432.78236679982143,3858148
2017-12-04,427.9293212890625,432.78235596344297,426.99604758100884,432.78235596344297,3641932
2017-12-05,424.7445373535156,426.6344394787059,421.60641576755944,426.0394660717009,3893360
2017-12-06,420.7431335449219,424.9545140909789,419.739852909779,424.6278625947984,6395120
2017-12-07,422.2247314453125,423.84628325229966,420.6964842317087,421.5247761074034,4231304
2017-12-08,429.39923095703125,432.33903738764764,423.2396188997263,423.2396188997263,8956400
2017-12-11,430.79913330078125,432.04738114259635,429.30588972721876,431.1724370738588,3198232
2017-12-12,424.6162109375,431.615763746576,423.6945860622197,431.42909761249933,2410588
2017-12-13,424.9544982910156,430.47248461663384,423.49625816697557,424.6512014339668,2907460
2017-12-14,428.8509521484375,429.30591169496057,422.77299564742856,425.57281681065655,3683092
2017-12-15,437.11041259765625,440.5052072344703,432.92235806332604,433.03901728134366,12450124
2017-12-18,438.3936462402344,443.07169208577403,422.14304061356023,432.8056813160141,12297988
2017-12-19,439.6885986328125,441.8234680475513,437.7403953619189,438.59201336117314,4952112
2017-12-20,435.87384033203125,444.0283082482149,434.82390737383145,443.0483822130634,9343504
2017-12-21,435.9088439941406,439.80525047052896,435.18553405982226,438.6153321469392,6854544
2017-12-22,437.8570556640625,438.63866674099364,434.3806052154494,438.4053483012378,4470904
2017-12-26,435.9205017089844,439.29197025597887,433.2023361865386,438.87198567144685,6785696
2017-12-27,433.2139587402344,436.3754345953336,431.9073813375509,436.3287538244781,3489384
2017-12-28,438.1837463378906,438.8486982543728,433.5056998101916,433.7156921209905,8700520
2017-12-29,436.86541748046875,438.4519656556206,435.8738141905291,437.8920242298332,6345872
2018-01-01,432.6889953613281,438.8136036806783,431.75572171266526,436.93537907024364,6580516
2018-01-02,436.8537292480469,437.47202874492336,433.63395220523535,433.63395220523535,4776316
2018-01-03,432.2573547363281,438.2303002912187,431.91902595561834,437.47201546441374,4531288
2018-01-04,433.948974609375,435.25555218422113,432.33907166837935,432.33907166837935,2373776
2018-01-05,434.8122253417969,435.85050945572596,432.93402904792623,434.67223997847327,2870868
2018-01-08,434.1122741699219,436.4687846655706,433.4473223268743,435.1388809794755,4570308
2018-01-09,434.8355712890625,436.27048541128966,432.80571222530574,434.43894132804274,5305528
2018-01-10,434.9521484375,435.81544360337205,433.34227426786686,435.1854668367222,4615888
2018-01-11,436.900390625,437.7053277296572,433.0972892314372,434.9521591584736,4059096
2018-01-12,435.2088623046875,438.2069983198087,433.97226328025886,437.0054027547983,4336708
2018-01-15,442.78009033203125,444.331663727246,433.9373153439428,436.29382600250835,12576444
2018-01-16,443.34002685546875,445.63820772786687,439.86357650207384,444.109960596822,6445384
2018-01-17,441.0885009765625,443.89999950832237,440.2718864547862,442.60507080271833,2905496
2018-01-18,451.30780029296875,455.90416145970926,447.5163762276053,448.9046093390382,16649540
2018-01-19,455.4842224121094,457.28079139118796,447.7963916245769,451.5061603151383,11455988
2018-01-22,458.0857238769531,463.83702874756364,455.70588733523647,457.30411284971063,8849768
2018-01-23,455.2742919921875,458.86737325127433,453.40774443681545,458.47074328825994,5047796
2018-01-24,456.7558288574219,459.4039873339698,455.1109225382041,455.5659105641331,4790568
2018-01-25,460.7922058105469,461.97047523331474,455.087581789182,455.8808701196716,8723668
2018-01-29,466.55517578125,468.2583831275852,461.50382638368177,461.50382638368177,8235892
2018-01-30,465.5869140625,467.0801576690488,462.93875565220617,466.12355782901454,6397560
2018-01-31,467.96673583984375,469.7866308781601,463.60369285070976,464.16366274567264,6943348
2018-02-01,464.5720520019531,470.13669151293925,463.20714472284436,468.03682539700054,6521420
2018-02-02,454.5043029785156,464.2803509205568,452.9877331790493,463.3704033446263,7346124
2018-02-05,446.5364990234375,451.52951942878354,444.66995146863565,447.50477626374203,7926784
2018-02-06,442.55841064453125,446.10483939787053,428.4426455903622,433.9722810042046,10749804
2018-02-07,436.9587707519531,444.93824973220535,434.53225336340296,444.93824973220535,8364972
2018-02-08,438.8602600097656,442.97833571864254,435.48882031544167,439.5718925659213,5171444
2018-02-09,431.5224304199219,435.06885911521874,430.2625052187955,431.1491266332464,6408952
2018-02-12,437.8570556640625,440.0385773795287,432.8407092093118,433.9722979458767,4381108
2018-02-14,439.3736267089844,442.8150737046766,437.3904199657041,440.9252000338017,3577188
2018-02-15,439.0819396972656,442.08007569393885,437.472036905204,440.90180628203984,4915224
2018-02-16,438.31195068359375,442.103374771304,437.62367278017126,439.5485496247011,3583520
2018-02-19,438.2186584472656,440.4118573585593,433.75063335268595,439.2452652228981,3654552
2018-02-20,434.7188720703125,440.0035400199082,433.69229379947717,439.7468954521994,4084068
2018-02-21,433.3656921386719,435.9671985368898,432.15241911716254,435.8271846827209,2753072
2018-02-22,432.3857116699219,433.97228841793,429.6675746914474,431.639104071597,13253596
2018-02-23,438.76702880859375,439.7702810691734,431.732471744341,433.24904169100796,4076748
2018-02-26,445.9998779296875,446.7581628640318,439.46696157225966,440.52854339158864,4788884
2018-02-27,443.9000549316406,448.3797580464837,443.3050814561306,446.74652879901373,4787328
2018-02-28,439.61859130859375,442.24342374696937,438.17202837950197,440.86686774206953,4066364
2018-03-01,437.3204040527344,441.7418054959263,435.8388376829858,438.4753473976598,3909840
2018-03-05,436.2937316894531,438.1719562062665,433.56391779568406,437.2736860604536,3781464
2018-03-06,430.7641906738281,438.61536225561724,429.18929112769496,436.30550389170406,4576828
2018-03-07,427.5793762207031,432.4324112647783,426.62277629332687,429.30593840837923,5628164
2018-03-08,432.3040466308594,433.62230145448046,427.43936306946904,429.2592582130304,5518724
2018-03-09,431.8841247558594,435.19723532643724,430.2392183042221,432.7940439184612,4108108
2018-03-12,435.6638488769531,436.17713804277474,432.43239424012285,434.0189425134606,6557116
2018-03-13,434.0306091308594,439.74691066221595,432.8056873741401,435.7104904332872,5124200
2018-03-14,435.0221862792969,435.8154745893041,431.1724324184181,433.0389797449048,3680392
2018-03-15,438.82525634765625,440.38847822886936,435.18546653729453,435.18546653729453,5870924
2018-03-16,432.3390197753906,438.89526149181626,430.83412740234826,438.6386169334778,7896336
2018-03-19,430.99749755859375,433.972307732567,430.0408976302731,432.33907861744444,7838740
2018-03-20,429.189208984375,433.01563654925457,428.1976057562241,430.4957863652178,3657372
2018-03-21,433.71563720703125,434.7188893718679,430.075875378634,431.17246061214826,5921140
2018-03-22,435.7804870605469,438.6386377587087,432.8290032963986,433.71562470139077,6673224
2018-03-23,429.6675720214844,432.3623828360008,428.6642913662939,430.85749033446916,7190152
2018-03-26,441.7767639160156,443.3050110043477,427.7893356191955,429.2825792472503,10501768
2018-03-27,441.57843017578125,443.07167374035095,437.7053501510786,441.8584293648424,6136836
2018-03-28,440.0618591308594,443.2349838951618,437.7170261366285,439.32690042352505,8837508
2018-04-02,450.58453369140625,451.64614392407515,441.08848512900124,441.08848512900124,4596368
2018-04-03,447.0147705078125,449.30127395518144,445.8715045435017,448.8929667165885,4079884
2018-04-04,439.3969421386719,449.1263094729365,438.27700225963594,446.3264882566009,3714108
2018-04-05,445.3815612792969,446.57147958821844,441.01848950491245,443.60834688940844,4858892
2018-04-06,448.7646789550781,449.4762830857494,444.65828023760565,446.15149542122913,3720008
2018-04-09,452.4161071777344,453.1043851447475,447.13143911097467,447.69140903191504,4003536
2018-04-10,448.169677734375,453.33768639180846,446.45479305750155,453.33768639180846,6067236
2018-04-11,447.7030944824219,447.9714163916159,444.5649727757225,447.0148164591141,2870812
2018-04-12,450.0246276855469,450.98122761289676,444.6816296038174,447.03814019985157,4712516
2018-04-13,449.137939453125,452.6377156047078,447.7613551372522,449.83789468344156,3297172
2018-04-16,453.127685546875,454.9709067113405,447.93635084209177,447.9713543003968,2847744
2018-04-17,454.6209716796875,455.20426776857596,451.2611805114389,453.4543795019105,2667832
2018-04-18,450.9111633300781,455.78752390196246,450.31621846031885,455.2042278642072,2712720
2018-04-19,452.4044189453125,453.757677181487,451.0045084173745,452.6377373666355,3169032
2018-04-20,456.3475036621094,457.5374219086095,450.806191183614,452.87105350566594,9361380
2018-04-23,451.64617919921875,461.7372019296158,434.0423139441264,461.7372019296158,15304620
2018-04-24,451.47113037109375,454.51594706144596,449.3712646484375,451.47113037109375,5037416
2018-04-25,448.1463928222656,452.1711359050115,446.10485647594527,449.8146253615098,4020592
2018-04-26,450.3629150390625,452.4511036670759,445.92986471618093,447.22479343984025,7847480
2018-04-27,448.7646789550781,451.5878262932621,446.22150234351005,451.0045302117673,5777008
2018-04-30,453.64105224609375,456.09089585508553,450.024616442344,450.304587176584,4609552
2018-05-02,459.5206298828125,461.5038364601184,454.03764699261393,454.970920676052,7100048
2018-05-03,459.1473388671875,460.7805678585979,454.0376596120957,459.1823423275398,4152772
2018-05-04,463.95367431640625,464.30365194349935,458.7740168279294,459.63728358225814,6881436
2018-05-07,461.3638610839844,463.67371919671046,460.8038911655579,462.3554643940875,5264128
2018-05-08,458.9490051269531,461.94714109943897,456.0441737365857,461.7954784316182,7100564
2018-05-09,461.5971984863281,462.0871615046239,456.40586329648823,456.40586329648823,4327332
2018-05-10,464.93359375,466.40351115564755,462.4370981042989,463.97699394563097,7171672
2018-05-11,469.37835693359375,470.60327870513663,463.37040729221684,464.9336293986366,6057068
2018-05-14,471.7115478515625,473.02980271084607,469.53002617182125,470.6499375755565,4742916
2018-05-15,475.456298828125,481.8025486085794,472.86644152033546,472.94812575425465,9826684
2018-05-16,472.0848388671875,478.06946228308743,470.63827599607004,473.7647486491745,6841604
2018-05-17,473.1114501953125,477.00785661480046,469.5533441095137,472.2015026148247,6615476
2018-05-18,469.4716796875,472.39980886447876,467.45346959295676,472.39980886447876,5217460
2018-05-21,465.01531982421875,471.53655871177347,463.3820907737574,470.39329268019964,4848108
2018-05-22,464.2803649902344,469.89165632955354,463.2537581678497,466.33355015374906,3960372
2018-05-23,459.0539855957031,465.23692364819925,458.0973857819447,463.79036085483307,5726292
2018-05-24,463.37042236328125,464.3620257344011,456.4525249132179,458.9606981460504,4520744
2018-05-25,468.6667175292969,470.36995345564065,464.2803481473317,464.30367429401036,4759588
2018-05-28,476.4829406738281,478.76947294100034,468.0368239374497,468.45680855183053,5103940
2018-05-29,474.2430114746094,478.93270598751684,473.3564185735697,475.5029366300366,3351244
2018-05-30,477.9178771972656,479.0027852214566,470.440009367185,471.2332693243877,4866996
2018-05-31,502.3613586425781,507.186687902472,488.401995757936,493.09816879407,39639192
2018-06-01,495.587158203125,502.0208922641919,493.33297223903986,496.8551019789664,21151356
2018-06-04,480.4654541015625,506.482264308303,478.528282715126,504.83860373799325,88796324
2018-06-05,484.5511779785156,485.33775260065056,475.0179233679337,481.357757243828,17105460
2018-06-06,483.0836486816406,484.83296183874955,480.18373862542194,483.75281900715044,9782000
2018-06-07,484.222412109375,488.3550674979211,482.10913414789127,486.8053073956329,10563896
2018-06-08,481.20513916015625,483.99933921892875,477.83561203663794,483.47101974616095,6180888
2018-06-11,479.5497131347656,484.398488784009,478.7278828670071,481.8038417591053,7091188
2018-06-12,479.9136962890625,481.99174729390575,478.6340004979173,481.80388889191755,5234256
2018-06-13,477.0020446777344,482.48484986278504,475.2762067456696,481.8273741443,7897960
2018-06-14,478.3992004394531,480.18374063779606,475.48756713522596,476.6616105108685,16927576
2018-06-15,476.5676574707031,478.75138950543726,474.85357142590306,475.7223520151556,10880816
2018-06-18,474.1138610839844,478.72785649428045,471.7540228370133,476.68500417192075,7487404
2018-06-19,475.13531494140625,479.17401235530576,474.14913005245774,475.47577602699977,10981152
2018-06-20,482.80181884765625,483.2362378131534,475.4875517840795,475.7223604516272,9051712
2018-06-21,483.142333984375,486.2417969096168,480.6650910933606,483.70585185211553,13510704
2018-06-22,489.1886291503906,490.4683248413383,481.3225392910942,482.98964632816126,7848980
2018-06-25,491.9123229980469,492.58155051733576,486.770036983377,489.118123259724,6992336
2018-06-26,491.6188659667969,493.8025979078324,488.3668005142726,489.82260269951917,9161932
2018-06-27,496.0567932128906,497.6769500205704,490.75009461806656,491.45452059120254,19126804
2018-06-28,500.3420715332031,502.4905479079767,495.7280468260043,496.62033122680873,37533540
2018-06-29,495.0823059082031,502.49053056948236,494.29573129586834,498.1935206418693,19458120
2018-07-02,486.8170471191406,495.07054846510016,484.46896055399344,495.05885389334014,9864876
2018-07-03,486.10089111328125,489.5760708512574,485.02080564053733,486.8170690131268,6863100
2018-07-04,493.9317626953125,494.98840165351896,485.81911211759416,487.52147488359344,6097992
2018-07-05,498.6748962402344,499.90764171651983,491.3488774464333,494.27223382492923,9735968
2018-07-06,496.655517578125,501.4456486698457,495.7632905252457,496.22115595003027,8121344
2018-07-09,499.1210021972656,500.14244279265694,494.91795013907165,498.22877515569695,6182296
2018-07-10,503.9932556152344,504.7446891446481,498.96837351367554,500.1189129503046,10950736
2018-07-11,504.4277038574219,506.17701690919836,501.2695388456107,503.67632761066994,5857920
2018-07-12,508.58380126953125,511.8476760111438,505.30823195608616,505.5195368177281,8020668
2018-07-13,512.0941772460938,514.418817346762,507.9146290115367,509.15906903287544,7161188
2018-07-16,509.2647705078125,514.2427024912118,508.0672234457614,511.7419559384183,9017336
2018-07-17,511.1197204589844,512.1176572050281,507.94980373625725,507.94980373625725,6361924
2018-07-18,510.9906005859375,521.2752314831695,510.3918270304536,513.526545609771,17460272
2018-07-19,513.3152465820312,515.0528077762041,509.76961280243404,512.5873167884447,5304776
2018-07-20,514.0078735351562,517.2482442871284,509.7930698412642,513.3151995007275,10006964
2018-07-23,506.3531188964844,511.4132569398286,502.0326625213733,504.8386145181963,16880132
2018-07-24,507.1280517578125,509.3000320697744,504.13424105754063,504.13424105754063,5208792
2018-07-25,509.6170654296875,511.13157002133164,507.18677254736184,508.2786100299484,7038616
2018-07-26,514.8414916992188,517.3891312686384,508.3607497419521,508.3607497419521,21281092
2018-07-27,517.0838623046875,519.3849986139951,512.9864626956155,517.036912038443,10554596
2018-07-30,509.51129150390625,516.3442464820189,507.04580055890347,516.3442464820189,7169120
2018-07-31,511.765380859375,513.2681330779627,504.85027855253185,507.1866128269098,8860944
2018-08-01,506.8813781738281,510.7087703085319,505.2377177636397,507.84411648746874,6071560
2018-08-02,500.1894226074219,505.70742641021417,498.11140025195914,505.66047614098954,8905704
2018-08-03,498.1817321777344,504.1459060780445,496.38546899765464,500.97598941226005,13604008
2018-08-06,496.45587158203125,501.8799162519792,494.5304523832663,498.0290778544493,5744632
2018-08-07,500.353759765625,501.19909388753604,494.97666428434104,498.9684115769567,7428456
2018-08-08,501.63348388671875,505.261266075008,500.8586038740913,501.516079561361,9945380
2018-08-09,497.4421691894531,502.96017295435854,491.8419594592169,502.96017295435854,8944408
2018-08-10,496.49114990234375,498.6866337606767,492.62855898661405,498.61617969879643,5442940
2018-08-13,491.1375732421875,494.0257315928926,488.4020749357039,489.34130969519566,10054252
2018-08-14,490.538818359375,494.27225330415473,490.0926474879071,492.62859260433095,4935964
2018-08-16,487.3923034667969,489.9751986174702,485.20857155596144,489.10641807750983,10625160
2018-08-17,487.77984619140625,491.4663310917945,486.4413908217845,489.08298853602855,6065328
2018-08-20,492.20587158203125,494.8827245384335,487.22793975915545,487.22793975915545,7811136
2018-08-21,492.1706848144531,495.91587133583783,491.3723010045723,492.6285502190283,7776320
2018-08-23,488.3785400390625,494.7418780599746,487.6624194416207,494.27226071013126,12574552
2018-08-24,486.0187072753906,491.5954127145241,485.1264229398632,486.2887142924375,9714628
2018-08-27,488.5076904296875,490.39791170545453,486.11265343941454,487.69761197616907,12574788
2018-08-28,491.8889465332031,492.68727305024316,488.12025605806804,490.2804842744705,9973532
2018-08-29,488.0498046875,491.70109085225704,486.6996548790068,491.2549199979983,9873692
2018-08-30,485.1382141113281,490.2569972361471,484.14027726774924,489.24736582018244,21827460
2018-08-31,483.98760986328125,488.1085134080727,483.2949357653232,485.86607918728106,15771500
2018-09-03,487.2397155761719,488.15544640869643,484.52766412031195,485.913012267225,7661608
2018-09-04,481.78045654296875,487.92068053649166,481.12298077990545,487.67411995955075,7130536
2018-09-05,480.38330078125,483.752799385921,477.9647887335589,482.2500468628833,5641508
2018-09-06,481.8743591308594,483.4710696118435,477.2721147593688,481.122982824025,10402412
2018-09-07,482.9896545410156,483.70583240863465,479.18576577083553,481.59255450005327,5919300
2018-09-10,479.2796936035156,482.5317877542872,475.5110032119931,482.5317877542872,8598592
2018-09-11,469.71124267578125,480.8881290039828,468.24368857115485,480.4889657527908,18186536
2018-09-12,472.3998107910156,474.63049312666425,467.16359471681454,470.06347602052426,12246008
2018-09-14,476.5676574707031,478.3991765103619,474.0669394730345,474.2782730027131,10334672
2018-09-17,467.7858581542969,475.0062253316895,466.799673127043,474.61881392587765,9338220
2018-09-18,467.0813903808594,471.93019510209257,465.14421887209676,468.41981698481396,9325736
2018-09-19,460.54193115234375,469.14767374317864,459.4031149542187,468.4080207771668,16712264
2018-09-21,462.63177490234375,469.5821056940648,448.5315030219591,463.48883226720335,22610148
2018-09-24,452.17095947265625,463.0895605780275,449.6585186405562,461.9272693449787,13390792
2018-09-25,458.4404296875,460.69458707203876,449.65858014421724,452.17102131996546,16682552
2018-09-26,462.150390625,464.4515269457104,459.12138185806106,460.9176451667265,14726724
2018-09-27,464.0171203613281,466.3299798358366,459.08613870143256,462.4321619706474,18352208
2018-09-28,471.0379638671875,473.24514252812713,464.25198728416837,465.0738176639728,14460716
2018-10-01,477.9412841796875,479.4792923957831,469.1007609012587,471.91846487224274,12449588
2018-10-03,476.93157958984375,481.87428431287384,471.26094514507656,476.7671963423181,15332148
2018-10-04,459.6966552734375,473.79692680723684,456.23322752970967,471.4957904681714,17970584
2018-10-05,461.469482421875,467.26924500262055,455.5640387436054,458.8043811341655,15729180
2018-10-08,456.70281982421875,462.3382273696075,453.18069010835075,461.39899277870944,20128020
2018-10-09,455.669677734375,461.39901474423954,453.1807116826373,456.56196210347264,12459364
2018-10-10,461.9038391113281,465.4494439747444,454.47213964591634,456.7028218089937,15939932
2018-10-11,454.9535217285156,457.4777147740267,450.2690718554584,452.00666163802475,14359904
2018-10-12,465.35552978515625,468.9363617939593,455.9984105636386,456.70283653258343,9600320
2018-10-15,471.50750732421875,472.15323109285606,462.64348104565227,467.2691998502609,12585968
2018-10-16,467.9149475097656,473.89081631755084,466.68220207033454,470.3217362248453,9406004
2018-10-17,463.6531982421875,472.6698569843588,461.0468277142516,471.0496714140739,7940796
2018-10-19,462.04473876953125,465.1207264699463,459.7553543441709,459.9666878699143,9867348
2018-10-22,469.3590087890625,474.313465493015,466.9404682670748,472.904613615313,20331160
2018-10-23,466.0599670410156,469.35904020740315,463.27749012893133,463.27749012893133,19428564
2018-10-24,467.7975769042969,471.6836718920969,463.18358076575566,470.5565788009592,18072336
2018-10-25,462.29132080078125,470.4626453160439,460.8002628162647,463.41838521848933,29847056
2018-10-26,460.5067443847656,464.2636830415066,457.64209012426744,462.29131317725137,15155712
2018-10-29,452.31195068359375,461.38728281239014,445.00937814516374,461.18770117631914,17044280
2018-10-30,449.1302185058594,453.65028474882774,445.97205381694687,452.0066242968392,13828704
2018-10-31,448.89544677734375,450.33952574009624,442.61431524796285,446.6178142861617,23449404
2018-11-01,449.0010986328125,453.1807041571447,445.19720988701886,453.1807041571447,19629052
2018-11-02,457.7477111816406,460.2249539038894,448.95413870624316,452.24145980555664,30092868
2018-11-05,459.2857360839844,460.1427934202508,455.05918023045075,457.8534089995868,5705296
2018-11-06,457.06683349609375,463.9819374446653,456.22149934349414,459.05095531595174,8485588
2018-11-07,459.7436218261719,461.38728250853865,457.876904373608,460.459799731613,958760
2018-11-09,456.7967834472656,460.20150909590456,454.66003032454637,459.8023171667845,10101620
2018-11-12,451.0791931152344,460.6945963911593,450.16343359772566,458.22910543187936,7907764
2018-11-13,452.6523742675781,454.98870886583813,448.0618537026201,450.5977985835728,13350420
2018-11-14,459.6966552734375,460.2249747597689,454.7304463692893,455.18834045534317,26110636
2018-11-15,463.78228759765625,464.28713190255434,453.46243074810224,460.6710731406725,10392524
2018-11-16,470.62701416015625,472.66983806057607,464.92115219073054,465.1559608534531,15813216
2018-11-19,472.8811340332031,474.5482696734954,470.0634303043155,472.2001832327557,12286428
2018-11-20,472.5406494140625,474.21953696998906,469.3942364799602,472.6698056349664,5705168
2018-11-21,474.0199279785156,475.2409214051331,470.55650064096363,472.6110761801894,6545604
2018-11-22,470.9087829589844,477.83563865446683,469.6525623197253,472.7285501332213,12974552
2018-11-26,481.31085205078125,481.82741969044474,472.4468242275287,472.88121456040517,18184436
2018-11-27,484.6450500488281,485.560780846586,479.1857489763304,479.25620303608025,12895440
2018-11-28,490.5740966796875,492.7695810456474,483.72944572332216,484.87998547017094,13021108
2018-11-29,500.3890380859375,501.8800387756761,491.68936521605934,493.3330259402773,31908636
2018-11-30,499.7784729003906,501.91525460267167,495.4462646581016,500.142437782823,13040924
2018-12-03,496.2210998535156,502.9600962133308,494.71829019359,500.3772012281083,10799856
2018-12-04,489.7051696777344,495.68103808900366,488.07326109813096,494.36608677699525,8157420
2018-12-05,492.91033935546875,494.3426951461428,487.4510378803439,487.9324071100841,11798844
2018-12-06,492.405517578125,493.48560303074004,489.5760617273358,490.67965097675415,11730252
2018-12-07,494.8827209472656,497.32470791395076,488.4724335018058,494.67135877190134,9903920
2018-12-10,490.4565734863281,494.22526382865266,485.091172839859,485.091172839859,10915056
2018-12-11,483.60015869140625,486.35916028394206,477.131169024067,482.76657653222526,18905780
2018-12-12,489.6465148925781,490.7031538727838,483.729348068693,485.3377530094282,11370488
2018-12-13,493.4034118652344,498.9683652262567,491.0553254406402,491.9241059524743,7064236
2018-12-14,492.0884704589844,497.3247147566742,490.292207238483,494.2486985479022,6158284
2018-12-17,500.1894226074219,500.7529978171257,492.8634034919606,494.0374468542568,8437324
2018-12-18,501.42218017578125,502.25576244829114,493.70874949611556,498.7336322768445,7413968
2018-12-19,498.6044616699219,507.04582193895976,496.27987875429153,500.8703997440556,9009896
2018-12-20,501.89178466796875,502.5962106842029,493.7204314143853,496.0450716637596,7980476
2018-12-21,495.71630859375,504.6273436224986,495.2232447747395,501.08170971878985,10220308
2018-12-24,488.5545959472656,494.0374008693854,487.77977326133924,494.0374008693854,5601488
2018-12-26,498.3460998535156,499.4379370109509,485.8190369890256,487.69750595756705,7601916
2018-12-27,494.28399658203125,502.0678809727584,492.7342364472643,500.84688736802366,11639868
2018-12-28,498.47528076171875,501.9622122889027,496.7377196104192,497.1721385614106,9415612
2018-12-31,498.19354248046875,501.7861265881309,497.01949913328076,501.7861265881309,5866528
2019-01-01,504.39251708984375,505.07343928898837,494.4131488100753,499.5906340212171,6373440
2019-01-02,499.790283203125,504.25164819295793,497.7239553215136,503.1480588449512,8134232
2019-01-03,495.8690185546875,499.73161016102665,493.802690552632,498.78062347144146,12771664
2019-01-04,497.1955871582031,499.7902343243313,495.5284800629517,496.67901956990454,7287120
2019-01-07,497.9469299316406,501.39866287311526,497.32470995311866,499.6023423436343,5387012
2019-01-08,493.80255126953125,498.6161282077269,492.3114935313159,498.26391526102964,8343460
2019-01-09,497.0429992675781,498.1113901709123,493.70872765140484,497.32475820355967,8568628
2019-01-10,495.0940856933594,498.6866698458964,491.37234530575137,497.0899594085093,7691540
2019-01-11,495.8923645019531,498.7335720946062,494.9766336984133,496.33853533229933,6408040
2019-01-14,493.485595703125,495.422767141627,492.73421945891204,495.422767141627,4855160
2019-01-15,498.2405090332031,499.32065187845274,493.5678392892112,494.2840172196699,5087556
2019-01-16,497.84130859375,498.96840162504026,495.035356576937,497.806110225345,5252452
2019-01-17,500.68255615234375,501.52783299833345,496.23294316428854,499.02714350523325,8240228
2019-01-18,500.2010498046875,502.2556251764941,496.514566031396,501.3163907208111,5207976
2019-01-21,504.40423583984375,508.7129979871169,499.32065092065733,502.47881615648697,17561512
2019-01-22,501.5161437988281,504.08728738822623,499.91943330417905,503.8994289783255,8796976
2019-01-23,494.3661193847656,501.51608879171346,493.4386366626351,501.08166984936196,7624288
2019-01-24,493.6265563964844,498.1818219397706,492.6051156896022,495.44632369917093,10111572
2019-01-25,492.158935546875,495.446256681253,490.7500836321416,491.4545095895083,11262236
2019-01-28,489.37646484375,493.57957441703826,487.6389036226973,490.75011848871424,15360436
2019-01-29,483.142333984375,489.106451168911,482.0621911904821,487.9911100056597,14762788
2019-01-30,477.7651062011719,483.06005225304835,476.19189985134625,483.06005225304835,18514160
2019-01-31,488.3902587890625,490.6913951123749,474.7831084661907,476.8963863970491,16579404
2019-02-01,490.855712890625,497.08989378431465,487.6036476034212,488.39022215622003,15654188
2019-02-04,494.24871826171875,496.1506913103842,489.0242256532682,491.92413549231185,7938288
2019-02-05,496.3973388671875,497.5596304556025,492.3938391058983,494.97673478075035,8690288
2019-02-06,498.4165344238281,499.4379749335605,496.2915621028741,496.9137820654196,10875684
2019-02-07,497.14862060546875,500.142430931467,494.4718248915794,498.9801395642869,7217308
2019-02-08,498.4165344238281,503.6527785364931,494.65959620147885,495.91584535010804,12235644
2019-02-11,502.40838623046875,503.17151446628924,496.22121169892824,496.22121169892824,7036364
2019-02-12,500.0719909667969,504.36900090344756,498.9214514651015,502.0209143070628,9772388
2019-02-14,495.4931640625,502.4904727653386,494.4130787504823,502.4904727653386,7441388
2019-02-15,493.2508239746094,495.0001944777867,487.97938064587476,494.82408797019195,8416524
2019-02-18,490.7265625,497.324708331435,489.8108317183066,494.69486298210586,7138744
2019-02-19,489.3529357910156,495.0117893663585,487.9792823778647,490.6795816172045,5268636
2019-02-20,495.058837890625,495.681057879743,488.8481032655062,490.3978632789404,4892500
2019-02-21,496.83160400390625,497.78259051009337,491.5954169236043,493.49733260964746,5261544
2019-02-22,491.090576171875,499.69634823145043,490.5388101990573,497.6534669631564,8890708
2019-02-25,499.0622863769531,500.1306772095615,491.95932464901887,491.95932464901887,8140596
2019-02-26,495.598876953125,498.96840416590805,493.3565001037048,495.7397850801287,9607428
2019-02-27,491.2784729003906,498.83930111842665,490.31573435800567,496.8786829876592,7030092
2019-02-28,487.8267517089844,494.47184837022587,486.80531108931683,491.47803790207473,11645376
2019-03-01,489.1886291503906,493.30947514098693,487.69757127637956,489.86955131215547,9352928
2019-03-05,494.7653503417969,495.704584981655,486.05392612657954,490.49178686937597,11837276
2019-03-06,494.0960998535156,495.51670364579314,490.8792328262104,495.4462495857992,8458044
2019-03-07,499.32061767578125,500.1424479893788,491.9241448534031,495.3523742349434,10204852
2019-03-08,499.71978759765625,500.142454658409,495.3171251446773,496.6320765945006,7053460
2019-03-11,499.7784729003906,503.35930490799063,498.3109187989152,500.6120550952951,9224108
2019-03-12,509.7695617675781,510.7087963355516,501.786067939804,504.1341543597376,15097292
2019-03-13,522.813232421875,524.5625454703749,510.02791237377454,510.70883455598266,57166348
2019-03-14,522.3905029296875,527.7323992963131,519.0679837244925,527.1101793533685,15379864
2019-03-15,529.0239868164062,530.644143872125,523.1655213748528,523.858195555882,12763088
2019-03-18,531.008056640625,538.0992670271777,527.6150828158658,531.1137090771234,14358720
2019-03-19,532.4873046875,534.4009722136778,528.5542598838331,532.8982198162413,11957992
2019-03-20,539.8250732421875,540.059881886486,530.9140966563264,532.7808139132334,11711992
2019-03-22,534.4596557617188,541.7035251380709,533.2034639505413,540.059864680348,30403880
2019-03-25,535.6690063476562,537.2070145325475,529.0239098189734,530.6675704353661,9199260
2019-03-26,542.72509765625,543.5821264585747,533.6262607662846,534.4010835951958,11786848
2019-03-27,539.9307861328125,546.6463370423439,535.1407121832228,544.415654671698,13885300
2019-03-28,540.7174072265625,545.9301481435697,537.2070291370998,539.7781725630897,19554328
2019-04-01,542.8306884765625,547.5738120902938,541.1400775374341,545.988853586173,9647076
2019-04-02,538.8507080078125,544.7561232234284,536.6434720782605,544.7561232234284,10910496
2019-04-03,538.3575439453125,543.8168451760304,537.3009049974316,538.2049412500402,7659452
2019-04-04,536.291259765625,543.1124632137542,535.3637769681624,538.3575875630502,9211552
2019-04-05,541.3748168945312,543.2884843573064,535.833310125715,537.1952116868302,8351180
2019-04-08,537.5709838867188,545.4488267832432,535.3873089635672,544.5213439369325,6398132
2019-04-09,537.0661010742188,540.7643374243855,532.3112257668615,539.2615849491364,10777600
2019-04-10,525.34912109375,536.302920957737,523.8580633348123,528.3194273883136,108128700
2019-04-11,530.08056640625,531.3720140763428,525.255236828182,527.1219542678673,8793300
2019-04-12,531.9002075195312,533.5321159051712,528.812497206982,528.812497206982,9170444
2019-04-15,537.4301147460938,538.3927959320159,531.6890540227838,533.015700125601,10219780
2019-04-16,541.24560546875,542.384392847286,535.4340922904735,537.9347810912033,8273776
2019-04-18,538.56884765625,543.5937872601484,537.2422016883826,543.1124180529847,10614856
2019-04-22,532.7103881835938,545.9301270258738,530.9023729916132,545.9301270258738,20980420
2019-04-23,527.2158813476562,537.7118166974003,526.3471007946778,534.7884604256,15282400
2019-04-24,535.3049926757812,536.2794255933057,527.6267616756458,528.3194356927329,12354128
2019-04-25,531.4776611328125,539.7781703680324,530.1862134757891,536.9839128597633,18086636
2019-04-26,535.5868530273438,536.5378396569926,529.9396927464303,532.0529708894993,11707568
2019-04-30,544.1574096679688,544.7561833174872,534.9881184791882,536.5378788277836,12536836
2019-05-02,553.1622314453125,554.0662103557893,544.1690486474902,545.5779005533736,17169300
2019-05-03,556.0151977539062,558.3750364337064,553.3266498553529,555.1346652111702,12351520
2019-05-06,546.7401733398438,552.2464245530464,544.0633777401177,551.3306937758582,13748092
2019-05-07,545.3079223632812,553.6788282827391,544.2864817469844,552.246472505503,9924204
2019-05-08,541.76220703125,545.6483012904763,537.2421409415971,545.3547905054339,12064208
2019-05-09,537.9231567382812,540.0599385561462,533.3913952888565,540.0599385561462,9027724
2019-05-10,539.2380981445312,545.9066412872851,538.0288564526202,538.0288564526202,10594200
2019-05-13,537.0543212890625,543.1946017505849,535.3637105106106,539.1324007274973,11071632
2019-05-14,537.21875,542.6428533775367,534.3188972304139,539.28507782603,10494744
2019-05-15,536.9369506835938,541.7505282075591,535.8803117149184,539.1206826841227,8956348
2019-05-16,542.560546875,544.5212218981783,535.3636851780278,535.4928413919106,8050136
2019-05-17,554.6416015625,556.3322125798328,542.783763316484,543.1124725353436,14758780
2019-05-20,571.1368408203125,572.6278413469556,558.8445851039847,565.4192272816787,17699632
2019-05-21,564.4095458984375,575.1402898400529,563.4116091264627,572.4634941351707,10325176
2019-05-22,564.8909301757812,569.645805510317,562.1906306030819,566.3232859231374,11386660
2019-05-23,547.5972290039062,572.9095534591743,544.5447168136254,565.6539897220371,33081996
2019-05-24,557.2830810546875,560.2885856366674,549.487388731992,554.0779088817442,13692800
2019-05-27,565.5014038085938,568.6830149786518,557.0247890829756,558.5862435883819,12049024
2019-05-28,567.3446655273438,568.2369498891303,560.5000161069395,567.415119589704,7364840
2019-05-29,567.509033203125,570.7729080061649,565.9358266303697,565.9358266303697,7475216
2019-05-30,572.8275146484375,574.7881326891829,566.6050847599932,567.297758886081,9359200
2019-05-31,569.4932861328125,578.8034278737546,553.3971387727183,576.8780080576577,19785080
2019-06-03,576.9483642578125,577.5823361556912,569.3992316675275,569.880600871478,8480860
2019-06-04,575.8213500976562,578.9795154478701,573.1797523895397,576.4553220823365,6442988
2019-06-06,569.0235595703125,579.9773600595282,566.6754730923387,576.0325633112662,15634924
2019-06-07,574.7293701171875,576.2791301400797,565.6540387113995,569.5635798093208,7970932
2019-06-10,572.9801025390625,579.9656604407216,571.0781867162606,579.9656604407216,7077140
2019-06-11,574.905517578125,577.6058172496859,573.0153536691001,575.6334473766449,7103292
2019-06-12,569.8923950195312,574.9055257372972,569.0940111442859,574.1071991883874,7308620
2019-06-13,574.0366821289062,575.7507967001718,567.2859335950034,571.9821064881531,11107948
2019-06-14,571.7825927734375,577.3827449370204,569.4110023691194,573.6258063646881,11956920
2019-06-17,568.7066650390625,572.9097177915146,567.6030756266746,571.7591781049204,12810020
2019-06-18,567.5911865234375,571.0546139724894,564.4799720353061,567.7672930038977,12419652
2019-06-19,570.1976318359375,574.0836692937438,567.462076554043,569.8806172147409,10744276
2019-06-20,573.2691040039062,575.7853360926836,570.492953942729,573.7416401845322,11171492
2019-06-21,570.3984375,574.0605930629467,568.37833370133,573.1864126263846,13250260
2019-06-24,571.284423828125,574.2732498136112,569.4061040256472,569.8668152703848,6915000
2019-06-25,573.8243408203125,576.8485841311103,567.7522619975663,571.7334026797203,8899800
2019-06-26,583.0859985351562,583.5821845991668,572.2413162344866,572.879228543472,10533636
2019-06-27,581.7630004882812,589.3708223775111,580.3099169479973,583.2869183180919,19879236
2019-06-28,577.3801879882812,584.7635663513028,575.7972032037782,582.1646171675192,12756844
2019-07-01,587.2561645507812,588.0712779274111,578.8686473284337,580.2744309319894,8524160
2019-07-02,589.4888916015625,590.0795618336282,582.9206270844641,587.8350149517786,7246828
2019-07-03,588.224853515625,591.4499476980156,586.6536937198789,590.4339833290284,7463256
2019-07-04,586.8426513671875,590.1739965875495,584.0546765687225,589.4416001706891,7993964
2019-07-05,584.1492919921875,589.4771497731441,581.2195903011273,587.149943340267,7583060
2019-07-08,569.3115844726562,584.6690095602119,566.3464085538394,584.6571846197711,14607140
2019-07-09,562.1171264648438,569.5950451014382,560.6641009828837,567.9529936367715,16482688
2019-07-10,564.3853759765625,566.5708557160846,559.0693441777252,562.0226951770793,11569148
2019-07-11,568.7327880859375,570.3512477983579,566.0157046767904,567.7522984504781,9097596
2019-07-12,565.6021728515625,571.2962570473821,563.5112348081819,571.2962570473821,8976272
2019-07-15,565.8030395507812,567.7522514001575,561.6919976324263,566.0983746794747,8233184
2019-07-16,564.9642944335938,571.2962913331199,562.7906393529743,571.2962913331199,12770568
2019-07-17,566.44091796875,569.7841460349224,564.9878922956555,565.377711569128,7759736
2019-07-18,569.8550415039062,573.8952493293447,567.4923603621634,567.7522783608131,10802584
2019-07-19,561.2903442382812,571.9342347331489,559.24664804409,570.5875179664035,8939228
2019-07-22,542.7669067382812,555.1946321921998,538.9866170406809,554.0487088045575,22171296
2019-07-23,534.7927856445312,542.1170959405243,529.7248469923792,542.1170959405243,27802864
2019-07-24,538.9039306640625,541.7627979829097,531.83953696447,533.1980786515182,17363740
2019-07-25,540.1206665039062,547.0669251202459,538.7503000762736,539.8725734784717,19462008
2019-07-26,538.0532836914062,541.9162320000765,537.0019023235773,538.2659018799078,12829828
2019-07-29,530.2564697265625,537.1673111479672,525.2357729674223,537.1673111479672,9976492
2019-07-30,532.1348266601562,536.6120956054616,529.2168925606803,532.7845639332455,10394136
2019-07-31,531.9931030273438,535.6198418358152,527.8820607065153,529.2406024315069,13891840
2019-08-01,526.108642578125,530.4182795371635,520.2361429210483,527.8372494263176,18241676
2019-08-02,524.3445434570312,526.6295812404396,516.6842384292443,523.5512608464982,27825536
2019-08-05,516.0331420898438,520.9466158530028,512.066843991872,520.24808536213,19822440
2019-08-06,518.3656005859375,523.3737689389926,513.1324317569491,513.1324317569491,24890940
2019-08-07,517.1578369140625,521.4201267787388,512.6587531680152,518.5786002022879,18750136
2019-08-08,528.7962646484375,531.1287076436796,516.9210739126851,520.4729823454337,19711600
2019-08-09,540.3637084960938,542.0212658841185,530.3710169476325,532.0759215559696,30436112
2019-08-13,525.765380859375,538.3036068237185,521.5622889595413,538.3036068237185,15440068
2019-08-14,527.920166015625,529.3290782043871,521.6688299760862,529.3290782043871,14254052
2019-08-16,527.5057373046875,528.7607564841602,521.917436186086,524.2616725731888,15247560
2019-08-19,522.568603515625,530.8918853737774,521.3490803322883,530.0631067837647,8498200
2019-08-20,525.8245239257812,527.5294283348353,522.5686080084531,523.136890207802,10270592
2019-08-21,527.0677490234375,530.7025008644707,524.3090652783917,526.8427485595611,10472712
2019-08-22,514.813720703125,525.8838372395332,513.144311887837,525.8838372395332,13992044
2019-08-23,512.1141967773438,515.5003613793839,506.6442919380624,511.7116586774683,20099616
2019-08-26,534.2424926757812,536.6104314910203,513.1323412623266,519.7388674324413,25280244
2019-08-27,535.1423950195312,538.2088646472811,530.442070507641,534.20707062032,20660832
2019-08-28,532.1942749023438,534.526717874484,527.1861071861758,532.7862596352718,13662588
2019-08-29,527.3281860351562,533.6624231243272,525.7535296588891,531.8391215804882,14783716
2019-08-30,527.56494140625,535.1541972255666,526.1560293076145,528.879159072258,19233320
2019-09-03,523.5394897460938,525.9192801310417,520.0349282757688,525.6824862183307,11428676
2019-09-04,532.2535400390625,538.4693805133259,520.7098363011448,522.6041876837775,15060704
2019-09-05,529.2699584960938,538.090532871578,526.8665230993971,532.5495777305816,17296252
2019-09-06,531.8154296875,534.3491708225876,525.9903340748198,527.576841740472,12870004
2019-09-09,532.6915893554688,535.3673142208179,524.7589935745563,531.8391081769959,10643404
2019-09-11,533.0941772460938,538.4693878048979,530.6906842102223,538.4693878048979,15209116
2019-09-12,537.7234497070312,541.9738886400878,532.3481819405418,532.9520179463601,18132300
2019-09-13,534.55029296875,536.9182315921124,529.9446639085104,533.0229841188816,15371340
2019-09-16,531.4010620117188,535.781749610595,530.6551842746951,533.2362149247615,11030184
2019-09-17,523.6342163085938,532.431086609831,520.4966971190984,532.2889871447702,10656556
2019-09-18,518.0459594726562,526.6652360510491,516.2108063765927,525.0432321946903,12959884
2019-09-19,521.4439086914062,524.2854357005357,513.369212982724,520.8992711191202,10623310
2019-09-20,568.115966796875,572.9939447204633,523.504014961774,524.7353317954808,46150034
2019-09-23,595.4182739257812,607.4710605618943,582.0394182977014,596.5075490128261,41920410
2019-09-24,593.7844848632812,597.644179692128,581.3528034781756,591.9848278621729,23379048
2019-09-25,587.1068115234375,591.9374420908302,582.560379903726,591.9374420908302,15608976
2019-09-26,588.432861328125,603.8244653467681,585.5202846977793,587.1541973494428,30671560
2019-09-27,589.2379760742188,593.6423661754355,586.1123078464277,591.1560299788491,14873170
2019-09-30,581.3053588867188,587.2489092784182,576.119595271932,581.9447487061157,18218458
2019-10-01,591.41650390625,594.3527253212801,578.2980863579686,583.2234113411605,18768352
2019-10-03,579.4583740234375,589.0485269437967,576.0485071873702,587.2251676706236,16298876
2019-10-04,563.4274291992188,587.0594739386505,561.3436889554499,585.6624129373488,18403632
2019-10-07,562.1013793945312,577.7060745025601,559.3782495057151,568.8736503444584,22513220
2019-10-09,581.6368408203125,582.4656194313956,563.5694555364996,566.9319171964065,17427270
2019-10-10,568.56591796875,580.5950031422398,566.979352418176,578.6296598082755,11556858
2019-10-11,567.737060546875,579.6714496205414,563.0721746095365,574.6514306549836,17186318
2019-10-14,570.3892211914062,577.7298329061626,567.0741062234517,572.5677137510015,12267802
2019-10-15,579.2216186523438,580.145091796512,571.54946111912,571.6205108558286,8400374
2019-10-16,578.2981567382812,584.8810399239208,573.0886899859224,583.2945320660884,10586816
2019-10-17,577.777099609375,582.4419277448391,574.5093323198743,581.329008008613,12243614
2019-10-18,582.0394287109375,584.3363180675698,577.9428825202974,580.3581688315088,11233806
2019-10-22,586.9174194335938,595.2999008800527,583.744346293607,595.2999008800527,20006228
2019-10-23,588.0066528320312,591.8664053050052,583.933808954648,590.4929890015461,10190214
2019-10-24,585.40185546875,593.9501381999078,580.7843745177332,591.0375617301415,13107494
2019-10-25,582.0394287109375,590.4929597056838,577.7771383460893,587.2488947124186,12993542
2019-10-27,586.15966796875,588.1487716564039,584.8810038782007,587.2252406478804,1750082
2019-10-29,588.432861328125,595.4656288329024,586.1596166871203,586.3017161563129,14232568
2019-10-30,591.2033081054688,597.9992813530005,588.6696249825086,590.516628932025,12011366
2019-10-31,582.6787109375,598.5676040093693,581.1395506594295,595.6313250999839,13217706
2019-11-01,587.2726440429688,589.0248959860176,581.3764405482972,586.7753536696891,11512260
2019-11-04,585.757080078125,591.9847714358326,582.0631297909731,590.3035115605496,9935176
2019-11-05,587.0120849609375,589.5221234546789,582.0631155174988,587.7224666692404,12367810
2019-11-06,595.1341552734375,596.2470751063895,581.5895549626913,588.4091734331271,12130336
2019-11-07,598.472900390625,601.3144272886943,591.9847704311052,597.194236410899,16963034
2019-11-08,594.6367797851562,600.035691810371,592.6713790193141,596.2469897310632,13251496
2019-11-11,598.97021484375,600.7461692265641,592.2215881890567,593.1924663760677,14286610
2019-11-13,595.5604248046875,601.4565704218174,593.6897181077103,597.6441650990677,9293496
2019-11-14,603.303466796875,604.7715773095834,595.3945164164026,598.5202419214672,11055218
2019-11-15,605.1979370117188,608.5603992508233,601.9775164438053,608.0157616503795,9279012
2019-11-18,597.6915283203125,605.9319100976571,596.1049628825585,604.7716430689543,9130292
2019-11-19,602.3563842773438,603.82449501675,597.2416124892662,599.2307161006366,10570578
2019-11-20,603.0430908203125,607.5895227205286,600.0358194672698,602.8773466312821,11054258
2019-11-21,607.7789916992188,609.5075990162085,600.6751735288667,601.5750020593154,12019526
2019-11-22,598.97021484375,607.9210364953358,597.6678482963531,607.9210364953358,7688010
2019-11-25,601.9774780273438,605.9556273541223,598.6860657393921,598.6860657393921,7893556
2019-11-26,603.8480834960938,606.0739227957121,600.0119764739786,605.4582355965813,8716002
2019-11-27,605.4346923828125,608.9155513650649,602.0248253261254,604.2980700305835,9580666
2019-11-28,599.2306518554688,607.6368351005303,597.6677890291662,606.2870636546285,12366040
2019-11-29,603.80078125,606.1450756971117,592.9319636666191,600.3672694795663,15567626
2019-12-02,599.4437255859375,603.3271222125159,596.05756143599,603.3271222125159,8946204
2019-12-03,594.5421142578125,600.9828965435161,593.7843853673195,600.6040031927653,6991906
2019-12-04,592.7661743164062,595.2525102365593,584.5020326190057,593.1687123793719,11395614
2019-12-05,589.9009399414062,596.12863094506,587.6040507210195,594.636817843651,12772494
2019-12-06,590.1141967773438,596.7207245316793,586.3964856971199,591.4875553707037,13774650
2019-12-09,588.64599609375,591.9137638268414,586.0886679479555,591.7480196412462,8265350
2019-12-10,591.7479858398438,593.7133868708223,589.6641878529149,592.4583675755458,9788900
2019-12-11,591.392822265625,593.8791584553303,588.4328982302615,592.0321542950602,11054642
2019-12-12,598.4255981445312,601.1960755161554,593.4055784762097,593.4055784762097,12913148
2019-12-13,598.5439453125,602.5694417190632,596.365452937033,599.0885828591198,11775186
2019-12-16,595.4656372070312,601.4565347253566,591.1322970678702,601.1013438583927,11327576
2019-12-17,601.9774780273438,603.7297876816821,594.5184697187642,596.7206646863573,12427354
2019-12-18,612.041259765625,615.1906305991793,603.1851899014221,607.6132248335235,17447172
2019-12-19,610.3599853515625,618.2688785595552,609.0812635932508,618.0320846573876,13018376
2019-12-20,614.1013793945312,615.4747958054319,606.2161874603134,610.3363788819952,15026044
2019-12-23,616.80078125,617.5585101910995,610.3599985341358,615.1905711182808,10195782
2019-12-24,610.5257568359375,616.1851082265389,609.4838289331773,615.0011386627299,7179208
2019-12-26,601.6696166992188,611.8044075067481,598.9228420576536,610.7861821418609,14949758
2019-12-27,603.8245239257812,605.7188753733915,601.4565846162684,602.4037603400735,7092992
2019-12-30,607.2105712890625,610.3362390110301,603.374521911602,607.1395215613118,9334190
2019-12-31,602.4510498046875,607.1158782349886,600.8171949621751,607.1158782349886,8357056
2020-01-01,605.529296875,606.19233129956,601.7405948043777,604.3453274779305,3673698
2020-01-02,609.3892211914062,609.9812060575335,605.7189150214173,605.7189150214173,6137166
2020-01-03,600.6987915039062,608.5603376104458,598.4255468849254,607.2342686142049,10855550
2020-01-06,587.69873046875,597.5730818969894,585.3544940901224,596.720600771484,10890186
2020-01-07,597.0047607421875,602.1431767378965,593.050314229868,596.1996846178865,14724494
2020-01-08,595.4420166015625,597.73890607202,587.2726263307592,590.5403361902679,11332110
2020-01-09,602.1195678710938,604.2033658480826,598.1887658278872,599.0885942510204,9546316
2020-01-10,607.4710693359375,609.4601728526172,603.871813491343,608.1341038414974,9214580
2020-01-13,609.0338745117188,614.0065461154303,604.2979967938983,607.4710117404351,7451568
2020-01-14,610.6915283203125,612.1359943771557,605.0084741599063,610.4547343969623,7886290
2020-01-15,608.2051391601562,609.9573909159484,603.3982113725496,609.2233645040944,11787448
2020-01-16,609.8154296875,611.4019374828233,605.8846272593686,607.16334918936,7150400
2020-01-17,605.3162231445312,608.512940609759,602.3562995656167,607.0211275637845,16918814
2020-01-20,594.3052978515625,617.9609835885461,593.1686756533786,617.9609835885461,22178450
2020-01-21,589.3090209960938,591.9848038717975,586.4911964540704,591.9848038717975,14984804
2020-01-22,587.6514282226562,594.3527073618872,584.5968099426914,591.0612951746068,18368310
2020-01-23,589.5457763671875,590.4929519914465,582.9865967313965,587.248887040562,11508920
2020-01-24,589.4037475585938,593.8791293563715,586.8226592396154,590.0904267767455,11831756
2020-01-27,574.5567626953125,584.8810010611223,573.8700834298097,584.8810010611223,18888552
2020-01-28,579.2926025390625,581.4711527758164,574.5804268199824,577.2088623646235,13412158
2020-01-29,585.2835083007812,588.1960850182678,578.8427253732511,580.2871913795456,13788350
2020-01-30,580.642333984375,586.7515702363573,576.4510357873509,586.7515702363573,12111984
2020-01-31,580.7607421875,586.2070018867788,577.8955128734751,583.1996731083684,11178268
2020-02-03,564.8955688476562,567.3344998460584,557.744346592457,566.8846145462204,13077010
2020-02-04,582.4183349609375,584.4073807174176,567.3582188812532,567.3582188812532,20897704
2020-02-05,589.4510498046875,591.0375573266558,581.234313274247,584.8335688880729,18020682
2020-02-06,587.1541748046875,591.3690599560683,585.9228002816666,589.4510640616896,11827550
2020-02-07,588.290771484375,590.5640161625739,583.270752115284,590.0904283388669,6815448
2020-02-10,587.3910522460938,588.6460138398753,580.6424251679804,588.6460138398753,9219834
2020-02-11,587.5330200195312,594.3526959818439,586.3254058019519,588.8117417811588,11613520
2020-02-12,591.5111694335938,593.3581734383829,589.1669329193304,589.7115126471815,6297930
2020-02-13,587.9119262695312,596.6733008644125,584.2179181807978,596.6733008644125,9112140
2020-02-14,577.4692993164062,591.2270486728398,575.4092038524705,588.7643573113077,14688858
2020-02-17,576.427490234375,583.9338464468528,575.1487682927701,580.1451434690955,10152690
2020-02-18,574.5804443359375,577.0667804849288,569.9629629163823,576.3090515064869,10529116
2020-02-19,581.1869506835938,582.513019706518,574.8882673522369,578.9611110497709,10012268
2020-02-20,576.4036865234375,582.512980564733,574.9829231562064,582.512980564733,11123414
2020-02-24,573.017578125,575.2908228585611,568.3054022887617,572.5439902897593,16568084
2020-02-25,568.4474487304688,572.5676393882633,567.3581736866331,570.1997004329769,13886680
2020-02-26,567.9501342773438,570.5311645044618,561.5093521550158,567.1213556782315,13814786
2020-02-27,568.0448608398438,569.489326747266,559.3071890964833,565.9374182644348,20655098
2020-02-28,557.7207641601562,561.2016234268023,554.1451526333246,556.7025386820304,24313056
2020-03-02,558.6441650390625,568.8500053945262,552.2744321654279,568.4000622917009,14664898
2020-03-03,559.68603515625,561.3672370094275,553.1505009757981,556.4656152795914,22369550
2020-03-04,544.0813598632812,558.833632138287,536.6223516377066,558.0522006667385,34288870
2020-03-05,545.2653198242188,551.7298050681208,541.1924761730429,546.0467512820113,19549708
2020-03-06,537.474853515625,540.3163805679825,521.4202141076019,532.7863223170319,23053566
2020-03-09,524.40380859375,529.6606217571953,504.3710209743091,525.6824725647729,34420590
2020-03-11,527.4820556640625,530.4182765706771,517.1578196564101,523.3144603666055,35538240
2020-03-12,483.6752014160156,511.4748103132144,475.2216709744296,509.10687137657914,59000770
2020-03-13,506.644287109375,512.1615391176439,435.32194208226394,464.1397501718514,66342364
2020-03-16,473.3510437011719,491.1105876119212,471.219898431882,490.1634119366812,31986322
2020-03-17,461.7954406738281,478.32366604285744,452.1342671386415,477.3764904665349,42676838
2020-03-18,415.2892150878906,470.2727552754099,409.65350786830777,466.484052312466,61181406
2020-03-19,424.1215515136719,435.67710547774163,376.502303667405,401.12886944187676,67220048
2020-03-20,418.1070251464844,433.143439503964,390.49685905227716,414.3893720565236,88637464
2020-03-23,365.39666748046875,397.2217739590976,362.294673119177,376.31286067374276,50276954
2020-03-24,363.5733642578125,383.6061226600706,349.86299150015697,376.62070252521124,61057272
2020-03-25,405.7463684082031,410.81376390855485,357.67720424895873,364.87574495834104,47228042
2020-03-26,426.7499694824219,444.0833008932357,398.2873532998881,412.0687471848041,57043156
2020-03-27,428.3365478515625,468.21265163955553,413.0159631623789,447.5168562753047,55235936
2020-03-30,393.8593444824219,420.072420249184,392.13073727883244,416.75730532049823,39268444
2020-03-31,408.18536376953125,413.7263182768991,396.8666030278932,404.3492849888451,35211092
2020-04-01,392.9121398925781,409.10881994288405,388.3420059433593,409.10881994288405,29103504
2020-04-03,385.4294128417969,399.70809632853104,383.60611140534377,399.2345085366726,34996280
2020-04-07,424.3820495605469,429.686239120886,400.3474668108766,413.91576991550437,60412638
2020-04-08,420.9721984863281,447.54046196793706,410.17437373984075,416.7335819807689,56219352
2020-04-09,438.0924072265625,440.86291331760424,421.4931599122434,432.3856797751441,44457146
2020-04-13,424.0268249511719,448.3455758120512,419.6935139266889,442.33100497402285,34158056
2020-04-15,408.8483581542969,440.6734653560616,399.23453121457277,440.6734653560616,57978752
2020-04-16,416.638916015625,421.82470881618804,405.50960140764863,409.6534951446611,53854396
2020-04-17,431.10699462890625,435.70080234780517,420.1908009598806,433.3328632046106,55883462
2020-04-20,447.46942138671875,455.09420231204837,442.8045931176812,450.381997919695,66232986
2020-04-21,436.482177734375,442.3309751042263,430.01769314201016,438.0686851942284,33178006
2020-04-22,439.7736511230469,441.8574491550055,429.68623603919485,435.29826921581855,38289354
2020-04-23,452.252685546875,453.93391649352765,432.1725508137539,442.8046029436081,40901222
2020-04-24,444.2490539550781,453.8865835478693,438.54232643857176,441.8574412172651,33284568
2020-04-27,440.2945861816406,453.4129741043949,438.684376089416,447.61152351828474,27421072
2020-04-28,441.0997314453125,446.972203393988,436.6479941295112,446.972203393988,29441436
2020-04-29,462.7426452636719,470.1306325655098,442.3783690959177,442.80460969418954,55877778
2020-04-30,474.44024658203125,482.58596242566557,469.84643919589695,474.25082880760095,43793134
2020-05-04,437.1215515136719,454.64430059926866,434.51681854148853,453.4603310664581,26722324
2020-05-05,431.651611328125,447.06688862405014,430.04140122638694,444.22536178957523,29672858
2020-05-06,448.2035217285156,449.9084263081122,428.9048181789834,435.22720397595276,33785846
2020-05-07,438.0686950683594,446.73534563293526,436.3400881148069,445.40930563436973,21831730
2020-05-08,439.9867858886719,447.0432564098975,438.16348422991985,446.11975432207817,20807484
2020-05-11,433.71173095703125,451.8027919285637,432.85927864015434,443.7517987809897,28550784
2020-05-12,426.96307373046875,430.6807552900282,412.54231949267944,426.7026062225327,49568418
2020-05-13,439.3237609863281,454.64431568712365,436.69532541185623,450.3820252275569,44346966
2020-05-14,423.2454528808594,431.43851662513083,421.4931721145625,425.2818747852552,39554890
2020-05-15,420.6170349121094,422.6297831519755,414.38934350185036,421.7299547295974,24349628
2020-05-18,396.2272644042969,420.5459875978959,393.6935522032802,420.5459875978959,46649964
2020-05-19,393.3857116699219,410.7426869335507,391.2308640881771,407.68803988874686,47460692
2020-05-20,405.912109375,409.1798768985452,394.11978998824173,396.13253822530055,40014306
2020-05-21,407.0723876953125,418.6516151860271,403.6388761454271,407.9722160774846,48478908
2020-05-22,397.26910400390625,412.16344570269695,394.5223006173569,402.54961939702196,42047432
2020-05-26,403.686279296875,412.8501922779216,401.9576721489945,405.8647717604575,38005152
2020-05-27,427.9576721191406,430.8702200526852,405.9358370990581,407.2382036862673,56025754
2020-05-28,447.6588439941406,449.9083859237594,432.83555242849013,435.70075268406174,75488806
2020-05-29,450.6898498535156,452.276357450958,437.33466786286783,447.0668915536171,53025166
2020-06-01,467.739013671875,471.21987252480557,457.53317320786255,461.7481162931512,39190230
2020-06-02,474.0614013671875,475.95575262140204,461.842841558605,467.2891014144718,41623594
2020-06-03,484.1251525878906,495.49126035224316,480.9047611690921,483.0595799849826,50546088
2020-06-04,474.3929138183594,492.03403078925146,469.3728657021748,486.87196992255116,54275882
2020-06-05,489.3819274902344,493.6679200813478,474.91382639752493,475.0558969523371,35195984
2020-06-08,481.1178894042969,505.152471843992,476.6188050067185,502.0031012034842,49812664
2020-06-09,467.5732421875,486.25628719919104,463.9029366352295,483.05956946011673,61844146
2020-06-10,469.7280578613281,473.5167603419333,463.2636015970991,468.8519319748906,36497730
2020-06-11,458.7171325683594,468.0941941542392,457.0122280466569,466.4839840683493,30897714
2020-06-12,465.41845703125,467.26546119830897,439.4895223861613,439.4895223861613,42644876
2020-06-15,449.83734130859375,461.27449775875635,446.59327657752283,458.4329710785176,32009936
2020-06-16,469.0413818359375,470.72261279198466,450.85559824373564,461.748117949204,45399970
2020-06-17,463.7608642578125,473.0668763129085,460.9193373897534,468.37834541840857,36957838
2020-06-18,483.0359191894531,485.3801847591436,460.3273766683835,464.11607935701215,40870126
2020-06-19,489.3819274902344,493.9520611909721,479.34188954345046,482.08869292333486,47877752
2020-06-22,487.2034606933594,495.34914792027973,484.85919524719657,492.2708271479766,29694474
2020-06-23,493.62054443359375,494.89920825875953,481.4256307312841,492.05768170416377,28830512
2020-06-24,488.97943115234375,500.81912682189204,487.81916410113365,496.5568363808547,39429246
2020-06-25,487.2034606933594,496.79361386861143,476.90292580142204,483.95939574936546,70646790
2020-06-26,500.3218078613281,503.42383107372194,486.8482580844649,493.00489948047465,39969138
2020-06-29,509.6042175292969,512.7061831896528,491.1105892829066,491.1105892829066,46005956
2020-06-30,504.77362060546875,510.78822125213986,500.25089112526393,508.63337331526986,35746130
2020-07-01,513.6533203125,519.0522328366897,502.61875917329024,504.7735489934417,34846718
2020-07-02,515.9266357421875,526.2745191114437,513.9375320069659,516.3528763862364,36954496
2020-07-03,508.609619140625,518.9575593169845,506.7389703650845,517.63149028882,27597254
2020-07-06,522.3673706054688,530.3710164045095,520.9466071314738,524.7116072131548,35558216
2020-07-07,523.3855590820312,526.4875244282308,517.6551583698904,525.3983071949202,24349850
2020-07-08,525.8482055664062,532.7389312253459,523.314522382233,524.2616979883546,30056350
2020-07-09,532.7626342773438,535.0121765882539,524.3801523695173,529.471221809998,20114484
2020-07-10,523.3618774414062,530.4183473749359,520.7334997816465,529.4238245358104,17562978
2020-07-13,511.5932312011719,527.1032319619572,507.35464343064444,525.6351213147418,29922114
2020-07-14,501.45843505859375,506.2180156165715,497.26719455242556,503.23438932485243,26612674
2020-07-15,498.759033203125,511.0012670090253,497.3145672016317,506.8336709933505,20974394
2020-07-16,503.21075439453125,504.6078153200504,489.7371464128929,498.9958112918797,23662456
2020-07-17,520.2125854492188,522.8410213166592,501.1980782506949,501.5532691619154,28405738
2020-07-20,536.5987548828125,545.9994624639867,532.3838113117391,537.522228097427,65124096
2020-07-21,539.2034301757812,548.3909875427954,537.0485824919947,545.5968656816383,47512422
2020-07-22,533.4255981445312,542.0212281345551,529.2580602600719,539.1797013815561,24718012
2020-07-23,535.3436889648438,541.7371246026141,528.6424096786076,532.7863031475329,20149122
2020-07-24,529.9920654296875,531.7917220922633,521.5385352402088,531.7917220922633,19598440
2020-07-27,511.2380065917969,522.3673193800389,509.27260574996956,520.8755063164347,37970094
2020-07-28,514.624267578125,518.2945735498025,501.766345418367,511.001308830975,35596450
2020-07-29,504.18157958984375,515.5003400046988,499.89564452262283,511.9484313689292,33592086
2020-07-30,497.5750427246094,513.2034404101939,495.7043361938187,508.6333064944797,26956266
2020-07-31,489.12152099609375,500.9138114020133,483.08324741798464,500.9138114020133,37726696
2020-08-03,474.5349426269531,486.35093429151493,470.2726527231182,485.8773465244222,31783542
2020-08-04,493.3127746582031,502.50039012196834,475.0085934673722,477.3765326172594,60306168
2020-08-05,486.63519287109375,500.0140489319608,483.0595816667043,496.2963382556168,33221360
2020-08-06,492.8628234863281,499.63515246884197,486.0195025792882,491.11057166842573,33646888
2020-08-07,494.3546447753906,495.94115244366236,483.34372772806677,490.0923543054588,24836784
2020-08-10,497.5750427246094,503.89742840793895,494.3309777975313,494.4256722348574,22172854
2020-08-11,505.1524963378906,507.21259194183745,496.5568652203703,496.5568652203703,20136148
2020-08-12,503.75537109375,504.8446462692065,496.3200650001205,504.371058420924,20666432
2020-08-13,501.55316162109375,507.3782566295072,500.3454896574793,505.768046615024,19892740
2020-08-14,489.90289306640625,504.7972645640739,486.51678643130293,504.7972645640739,20924512
2020-08-17,489.0978088378906,495.84643510362764,483.15428762706193,495.84643510362764,19561012
2020-08-18,500.3455505371094,502.78453946350186,484.00677013622885,486.84829716246895,24040824
2020-08-19,505.1287841796875,506.644299971092,500.22716154357033,504.3710551894934,17715624
2020-08-20,501.5295104980469,506.24168626831124,498.2143956977765,499.6114566677705,19216734
2020-08-21,514.150634765625,515.6424479794565,504.1815879057319,504.56048129086855,28924302
2020-08-24,529.0213012695312,531.8154231788657,514.1506320521144,514.3163762281067,36779740
2020-08-25,530.2763061523438,533.7335206706247,523.8828700129884,529.9448177732289,27601738
2020-08-26,529.684326171875,535.9830679208438,525.4457378910326,530.8919983558789,25190062
2020-08-27,526.6770629882812,535.1069502678898,523.9065854882423,533.1652515471543,20645996
2020-08-28,527.8136596679688,532.7863321009106,518.5786965782196,526.6059875241332,38696610
2020-08-31,528.4530029296875,544.0577576301962,521.2781352761166,534.917488792034,38501166
2020-09-01,533.87548828125,541.5949338413047,524.7352216746101,534.2069765784839,28877884
2020-09-02,537.11962890625,539.4165182338052,530.7498381439231,532.3600482680174,19761682
2020-09-03,535.5804443359375,542.7079059029746,534.2070281800104,538.5877152462028,19833362
2020-09-04,530.0868530273438,532.9757270743686,523.0303831737506,525.6824633183799,23661370
2020-09-07,525.919189453125,530.181479147027,520.4729303998058,528.6660214913745,17615466
2020-09-08,526.8427734375,529.8501024928822,522.3673914403189,527.5768577194156,14624918
2020-09-09,519.2890014648438,525.6824365033987,516.8026656165168,521.4201464776954,15728872
2020-09-10,516.4712524414062,523.2435240032332,513.3692289025056,522.3673980437857,15188088
2020-09-11,510.83551025390625,523.2434879320994,507.2125518924717,519.265338707995,20794730
2020-09-14,501.0321960449219,518.1050595692076,498.3801158945213,515.2635327342759,21650590
2020-09-15,506.9757080078125,509.65149047168995,501.1032080950302,505.79173858229217,16505110
2020-09-16,517.9393920898438,519.0523120361113,505.9575957040182,506.83372171231315,18710112
2020-09-17,513.1797485351562,518.1050734094782,510.52766831390994,513.3691952247481,18318686
2020-09-18,500.72442626953125,517.2525949736809,495.94114302860316,517.1579005338858,23481778
2020-09-21,496.9356689453125,507.3782445611491,493.241661224128,499.63509610317334,19842878
2020-09-22,490.35284423828125,501.1269672278319,487.5586645161511,499.185268712797,18620678
2020-09-23,495.96484375,499.63514934948677,489.8555493189743,495.37285897588924,16079828
2020-09-24,487.9848937988281,495.84643992793775,485.42750804788557,491.5841496133709,19809510
2020-09-25,494.4256286621094,498.19062828470265,485.7353047013704,497.2671552636158,20321544
2020-09-28,499.2562561035156,501.52950076111574,493.78635147587335,496.7699200515837,16152422
2020-09-29,503.21075439453125,506.69161326180074,497.74079202381324,501.0559067185484,12644446
2020-09-30,510.81182861328125,514.7426307785333,498.21440373132714,502.0031064212992,18813842
2020-10-01,524.2379760742188,525.6824419445059,516.2580334501458,516.2580334501458,21203080
2020-10-05,527.7426147460938,536.1014519504577,526.1561069937795,526.6296948488595,16940126
2020-10-06,541.831787109375,543.6787910802993,533.3545539789349,537.5458522321513,19371990
2020-10-07,550.427490234375,551.6588071080581,538.753537924245,542.2107524263344,21248778
2020-10-08,564.421875,569.72603440707,550.9482695080114,558.8335167085141,35060674
2020-10-09,584.1942749023438,585.8281297469175,564.350933803847,568.7789683314858,44972388
2020-10-12,574.769775390625,588.5511671386101,570.957370938148,583.2470075456893,19220546
2020-10-13,567.5712890625,578.9373965283816,565.9374342386844,574.6514615247294,18353952
2020-10-14,573.751708984375,575.0777781551355,556.7025455312693,566.1980055233097,22582918
2020-10-15,553.7425537109375,576.3563719189317,551.2562176775979,575.0303029100788,28246896
2020-10-16,567.99755859375,569.9629596720636,555.5185306982389,558.8336455446905,25822848
2020-10-19,569.986572265625,584.8808842087241,564.8007516016243,584.8808842087241,42359556
2020-10-20,579.6477661132812,581.281678713912,571.0995409888332,571.8572699084973,27411978
2020-10-21,590.4219360351562,592.4583868682222,578.5822400545762,582.7971833858658,35640752
2020-10-22,584.0758666992188,591.9847599679864,579.1978891526778,587.2251793734391,21913060
2020-10-23,585.2598876953125,591.2507277442996,583.081337338208,588.9064910130453,15866230
2020-10-26,573.467529296875,588.1960996171958,570.4839027686133,582.4183510706442,19571976
2020-10-27,583.9811401367188,585.3545564024548,567.2871691713575,580.6186781144091,24317780
2020-10-28,572.8518676757812,583.4602473720216,569.0158175466592,581.5658959195151,16571186
2020-10-29,562.2434692382812,570.4128596049055,558.1232780908251,568.5895579548477,23060024
2020-10-30,560.514892578125,567.973900810896,557.1050255565358,560.0413047538221,11522716
2020-11-02,575.5276489257812,580.145130577315,557.649707146766,565.629651054136,21926080
2020-11-03,591.013916015625,592.3399850790447,580.3818922361537,580.8317775553417,28164230
2020-11-04,595.4893188476562,598.9938801743824,582.5130014005952,592.9319331329635,23404822
2020-11-05,601.07763671875,604.2980570121856,593.0976935312227,599.562178822435,21433928
2020-11-06,619.2871704101562,620.400090307665,599.3254307514122,599.6806216428098,35705724
2020-11-09,634.8681640625,637.4254919967238,622.8626667877825,622.8626667877825,26288440
2020-11-10,660.0156860351562,660.6550180387974,640.0776500995573,642.6586806298552,41517356
2020-11-11,658.2633666992188,670.0320702645637,649.0521067328153,662.9756001906362,36116194
2020-11-12,649.620361328125,657.6003619970146,644.0794071994167,652.3198464713761,27053948
2020-11-13,643.5111694335938,648.2470477549742,637.9228098899588,648.2470477549742,22472480
2020-11-14,648.6732177734375,651.1595538431708,646.542072570809,647.7734471589163,1835066
2020-11-17,667.0247192382812,668.9901201865498,653.8353104626648,656.2980017294028,31059900
2020-11-18,667.1431274414062,672.0211050279592,662.5730513057764,664.4437000382147,18862776
2020-11-19,650.8754272460938,662.7624703017743,647.8681560663222,658.1449889263016,20266882
2020-11-20,664.7515869140625,667.0011291667048,646.4711077495306,650.070363791555,20405362
2020-11-23,660.4655151367188,674.2232634515739,651.3489502514798,670.1267175383426,25246636
2020-11-24,681.114013671875,684.3344341333797,663.9938593712611,666.8116839168157,40154400
2020-11-25,664.3489990234375,693.5219963829492,661.6021666174429,687.3180076712156,24152602
2020-11-26,675.64404296875,678.1777261235598,656.8662752328055,670.1267335648304,27943126
2020-11-27,682.368896484375,684.8078849535682,670.387161123035,678.0829620431563,17994580
2020-12-01,678.7933959960938,686.2287011031041,675.0993881452553,682.3689490895632,17147574
2020-12-02,666.3143310546875,678.0830341152878,660.5602855423987,677.7041407514697,17892150
2020-12-03,652.22509765625,678.1777323249325,650.7333423290647,676.7569689192239,37933222
2020-12-04,656.2031860351562,663.7095404385426,650.3780912973605,654.0246939101837,26912322
2020-12-07,649.8807983398438,653.527400937589,643.1795200285017,651.1831646691821,24316318
2020-12-08,651.7989501953125,657.7187980398132,646.5184343558151,651.1832628950788,19457896
2020-12-09,666.4327392578125,667.7825107573249,651.206937503077,652.1304106028376,22069074
2020-12-10,656.3216552734375,663.9701099711853,651.5384299521099,662.0757587301833,19727966
2020-12-11,654.877197265625,660.6549449862631,650.2360139542217,658.3107086284568,21356384
2020-12-14,649.83349609375,657.3398509855255,647.8680952076361,654.9719120410531,17222050
2020-12-15,658.9027099609375,660.6312591314887,646.9209158475564,653.9300382066189,21561436
2020-12-16,668.0903930664062,670.9793253567364,660.4182926051539,664.9173774239054,16832092
2020-12-17,682.8189086914062,684.3343665170745,665.1540607427205,671.831637116775,21924478
2020-12-18,668.398193359375,681.824397200528,666.0066094291611,679.5985574538313,22995918
2020-12-21,650.0702514648438,674.3179216949129,647.2523696013045,671.3106509758467,23761824
2020-12-22,650.2835083007812,655.8245211990293,636.9757003974331,655.8245211990293,22851558
2020-12-23,651.4910888671875,654.0010695985399,644.5767183346328,647.6313366151035,15467394
2020-12-24,661.6494750976562,664.9172423380148,652.130372293053,658.0028723203482,14952188
2020-12-28,669.1084594726562,672.9682113037708,664.9172193318045,665.3908070948613,11699194
2020-12-29,675.904541015625,679.48015232617,672.4947316976208,672.9920220532118,14495346
2020-12-30,678.4146118164062,681.9191735548343,669.1796485141934,681.9191735548343,16216726
2020-12-31,680.2141723632812,683.8607752565193,674.8863096751678,679.5984851060285,22145750
2021-01-01,674.8862915039062,683.3871690618734,672.7787911885241,681.9664057166303,8810938
2021-01-04,670.600341796875,681.0192736609507,662.5493489928165,681.0192736609507,15740192
2021-01-05,675.667724609375,677.5857784188031,667.2852432584963,672.1158159334071,14386824
2021-01-06,672.7551879882812,681.9664477871121,669.2269241099976,679.5985087322957,22134050
2021-01-07,670.71875,678.4618992939315,668.9664981906012,678.4145520741395,19894842
2021-01-08,678.011962890625,682.9135848954606,673.9627642108427,678.1777070529124,13768764
2021-01-11,687.3889770507812,693.7587675349387,680.2141682562502,686.7022978773078,17331392
2021-01-12,701.3834838867188,704.5564988055578,686.2760225365455,687.862529995965,20388156
2021-01-13,696.48193359375,708.9136137714456,692.4327346400382,707.019262506273,16934650
2021-01-14,695.5822143554688,704.69878125,689.54396875,696.7188368551731,12297166
2021-01-15,694.5875854492188,696.9555245413233,684.3343976182036,695.7478524799448,14165236
2021-01-18,702.3780517578125,711.731410769727,694.7532997710615,696.1267159476713,42825632
2021-01-19,712.2050170898438,715.8990251352752,694.7533178392471,706.4983186612751,17360254
2021-01-20,706.593017578125,710.8553078986365,703.751490697784,710.8553078986365,13346052
2021-01-21,698.4473876953125,707.7059955211522,695.2980169153192,706.5930756304524,26333054
2021-01-22,683.6476440429688,695.1794946049523,682.0374340732837,695.1794946049523,15392364
2021-01-25,692.7879638671875,701.3835947711163,689.1413606041951,693.853536512856,20344718
2021-01-27,667.5693969726562,697.073942054867,665.9355420753217,695.2269379463488,23556276
2021-01-28,649.5020141601562,663.6386573049136,635.5548755229009,658.2397444156159,42704446
2021-01-29,658.5238037109375,667.1667806384634,646.2105215128186,658.926341759059,28704502
2021-02-01,699.3707885742188,702.0939184433921,663.4965124716306,667.8771996524747,26370544
2021-02-02,739.0574951171875,747.5583733559366,709.1504127425507,710.8553173311757,42420206
2021-02-03,745.80615234375,749.0738621856243,730.272448092601,747.7951981441097,20237254
2021-02-04,747.842529296875,752.0574725376579,730.9591116288991,741.6385402984712,24484684
2021-02-05,756.6038818359375,766.3834817798823,733.1139377693545,733.1139377693545,27054716
2021-02-08,760.2268676757812,772.7295980086683,755.7040807536468,767.2122882010688,17447580
2021-02-09,763.3525390625,771.0009941477288,751.4417934690837,762.4764131313533,18421366
2021-02-10,749.0975341796875,764.7732794572811,742.1121138356696,761.6949586277138,19788006
2021-02-11,744.6456909179688,756.6985339030551,740.7859391737387,749.2158242907931,13648618
2021-02-12,749.1921997070312,754.1885741389179,744.9536120066047,745.3798525902982,9910106
2021-02-15,765.60205078125,769.5801999926454,756.1776416929837,757.7878518274786,10355244
2021-02-16,770.3616333007812,777.1576069056083,761.7423003535508,767.7805450141519,13897358
2021-02-17,751.3471069335938,768.0647807827121,749.6895494962994,767.2122995476974,12794426
2021-02-18,736.0975341796875,760.5582975853896,733.1139079415677,760.5582975853896,14720560
2021-02-19,728.8990478515625,740.7860913158588,726.0101735308317,731.6932277267678,17139508
2021-02-22,733.1139526367188,745.3798888586701,729.064753611122,731.7168916782571,29451838
2021-02-23,724.1868286132812,737.7077262268455,721.1085077743629,735.8370774568311,18239906
2021-02-24,760.7952270507812,764.3471361524115,718.077623379583,722.931899151811,14314332
2021-02-25,760.7714233398438,774.9080070475392,758.6876255402033,762.3579308447829,20109570
2021-02-26,726.6731567382812,752.4836927211386,720.3270684390092,751.6075668233725,27912846
2021-03-01,738.276123046875,744.7406088677005,729.6567893487684,740.6914095593214,13536018
2021-03-02,742.6803588867188,751.8206264779094,734.53467191637,746.2322673582679,16110038
2021-03-03,751.5127563476562,755.8460960923422,741.1648749276413,750.1630427382644,11222410
2021-03-04,735.031982421875,744.0064482821596,728.8989856058892,733.3744250896104,16291438
2021-03-05,724.58935546875,731.9773138054445,720.3744123616639,725.0629432827818,17445822
2021-03-08,719.61669921875,736.4290669859535,716.3015844477521,730.272425268386,15117050
2021-03-09,739.98095703125,741.4964149068451,728.496452578125,731.6931703125,15066696
2021-03-10,736.7842407226562,745.9008061309231,735.0793361565595,744.4800426906737,11055016
2021-03-12,734.9845581054688,757.7404748656829,726.9809705885083,757.7404748656829,15631204
2021-03-15,723.9500122070312,733.303371388489,717.6276265503748,733.303371388489,12230386
2021-03-16,716.1358032226562,729.5146585706096,715.1175778906098,725.0155744712979,13722366
2021-03-17,708.1795043945312,728.8516234041614,705.7405156649922,721.8662033617888,21064428
2021-03-18,706.1194458007812,720.8243708649012,701.4546172951518,715.9463931517981,18065540
2021-03-19,709.1978149414062,715.6859454495183,698.0922028335087,703.2779667365531,21235020
2021-03-22,695.7716064453125,707.9664936714229,691.6277127277023,707.9664936714229,14015632
2021-03-23,710.4526977539062,713.9098537543666,695.7477745153468,696.1740150663642,19761428
2021-03-24,700.3416748046875,713.4363314696999,696.6476667715011,706.0720757291848,16368900
2021-03-25,693.0247192382812,708.2742816057414,686.8207304085842,705.7405405403921,23964356
2021-03-26,706.261474609375,709.9080773660381,698.0683829469915,707.5401384822288,12021258
2021-03-30,735.8132934570312,740.0045914608381,711.1157375563087,713.5310236156336,25607644
2021-03-31,707.3744506835938,733.1139368392285,704.698667969491,733.1139368392285,30774506
2021-04-01,704.1067504882812,710.0976484763646,693.806214538646,710.0976484763646,35763762
2021-04-05,686.5128784179688,703.2778984689253,677.704156706419,700.9099594168414,16006586
2021-04-06,682.0848388671875,692.6932173036304,678.4855830970582,691.4381980531808,15075734
2021-04-07,685.3763427734375,689.8754275412855,673.2288601490635,681.6350448468846,25088180
2021-04-08,678.5565795898438,691.8643843569828,677.4673045950678,688.1230294139348,17613592
2021-04-09,673.323486328125,678.5566548887363,670.1741157477531,675.3362345728195,28157816
2021-04-12,647.4182739257812,662.54938215217,640.7643417097112,659.7078551379362,22549128
2021-04-13,663.188720703125,666.0775949671928,644.5530507466788,647.8681656292848,18600682
2021-04-15,677.2780151367188,680.4036835802575,658.7607406042946,665.3909709195067,34444984
2021-04-16,676.5912475585938,684.3343968185246,674.1522587343736,679.5748161245511,15606526
2021-04-19,668.8954467773438,671.4054275301584,649.9045868073125,658.2870680749406,24069242
2021-04-20,658.9500732421875,675.5256461606865,655.4218094629292,674.8626116817444,23186270
2021-04-22,673.6787109375,675.7151617997141,649.3126393851161,653.5512274824252,38485312
2021-04-23,669.7241821289062,679.4090292715103,663.1175977980581,667.285193457898,22713528
2021-04-26,665.296142578125,676.7569438349715,664.3252644958056,669.1795392853847,30170952
2021-04-27,681.3507690429688,682.9136319631285,665.2961882990259,666.4564553260143,20592906
2021-04-28,699.3945922851562,700.4364624788374,677.7042446296256,680.1905809568831,24103940
2021-04-29,697.3580932617188,712.110366015842,691.9118331106085,703.8462235347221,24078552
2021-04-30,668.8482055664062,688.5021031599366,666.5749605516613,684.3345065699116,35232902
2021-05-03,669.8662719726562,673.394535934582,652.2725306270976,659.7078363110799,22473700
2021-05-04,657.5056762695312,673.9155067414977,655.1140923271569,667.7351622095179,21486328
2021-05-05,664.2542724609375,667.5693872393219,654.3562753461298,663.4965435023666,14421612
2021-05-06,663.44921875,668.1377499432683,660.6550389228186,666.6222341637894,11477044
2021-05-07,670.00830078125,674.838872933729,667.877155806155,669.1558196668091,12048334
2021-05-10,672.4236450195312,677.2305728857831,669.0848856230303,675.8098094461626,11060050
2021-05-11,664.7041625976562,674.4837041655442,660.6786664019221,661.1285516758652,14519034
2021-05-12,662.7861328125,667.0957702739445,657.7424111292165,662.9045297636991,13774926
2021-05-14,656.7952270507812,662.5019831493979,654.664081956677,660.3471355409549,10604142
2021-05-17,682.0848388671875,683.1977586511666,654.1668607756777,660.726040338843,15120692
2021-05-18,699.3470458984375,702.2122750684749,689.0702142806481,690.9408628719897,22165280
2021-05-19,690.5857543945312,700.3653547002302,687.9100293890692,696.2688083859091,10130916
2021-05-20,678.5565795898438,694.2323232056198,676.5201290556131,690.656712419775,10684184
2021-05-21,709.1029663085938,711.2814584120891,683.3871281739055,683.3871281739055,19341646
2021-05-24,715.0938110351562,720.0664824869762,709.6712543382882,711.9207961855401,22146102
2021-05-25,700.4126586914062,716.8935373735985,696.41086487721,715.3543770125982,19236974
2021-05-26,699.5128784179688,704.2250538719275,696.1740613259808,700.9099392941847,12283990
2021-05-27,702.1649780273438,705.1722490585071,692.5984695791637,697.6421913176409,20439496
2021-05-28,712.0155639648438,716.5383506375555,700.3179682784436,706.0720716848272,17750020
2021-05-31,717.8881225585938,719.6167297533075,704.4619187285587,710.3817667851011,15661054
2021-06-01,715.9226684570312,723.168585066384,713.8152258292779,719.9955698673149,11030162
2021-06-02,712.2760620117188,715.2122832918838,707.0665961326437,715.1175888548506,10624016
2021-06-03,720.1138916015625,722.1976314967843,704.5801899489626,714.1703420890846,10287260
2021-06-04,710.8316040039062,720.1613185961918,710.002825332082,717.9591237059993,9424476
2021-06-07,710.3106079101562,717.011886442744,708.4873065510865,715.1175353557089,8091668
2021-06-08,702.3544921875,710.9974705499297,701.6204078871059,708.7479282364206,9872540
2021-06-09,701.0521240234375,711.3289573399608,697.1450242244664,702.7570287371487,10223442
2021-06-10,701.4072875976562,705.1722877692647,697.9027260492259,701.9045201388227,11483540
2021-06-11,703.917236328125,708.7478667213167,701.4072555985663,706.1194312271526,7205974
2021-06-14,700.6494140625,703.7514371284857,692.6458268742463,700.0811318540942,8881964
2021-06-15,705.7642822265625,708.4874123207096,698.4473731849562,703.7515338961059,7569602
2021-06-16,703.0885009765625,707.5402382681639,700.0101799934681,704.6987112068459,7702098
2021-06-17,694.3270263671875,700.3179232917837,691.4381524977205,694.2796791518207,9283802
2021-06-18,700.8152465820312,705.6458189970701,689.0702460676088,695.9372691383855,11938060
2021-06-21,705.0302124023438,706.4983809928871,690.9646763172761,692.0775962076742,7260472
2021-06-22,702.7096557617188,714.17045829429,700.909998856465,708.960992086573,14366824
2021-06-23,703.5146484375,709.3398012662327,700.2468811875038,705.645793451279,7844868
2021-06-24,713.3416748046875,716.7514840843272,704.6986968360997,705.6458725038901,14785024
2021-06-25,717.5328979492188,720.8006654850395,713.6968481510871,715.6385466601647,10383176
2021-06-28,714.336181640625,721.2742548134761,712.749673994932,719.8534913437187,9356786
2021-06-29,714.4313354492188,717.3564596471477,709.722512551715,716.7857178673613,10971692
2021-06-30,712.45751953125,717.7370848853583,710.6500735615214,712.5050716754585,9679022
2021-07-01,707.154052734375,714.4075246053683,705.3704121103602,714.4075246053683,16911442
2021-07-02,704.1338500976562,708.3432308594965,702.5166707936722,706.3217712448228,14827036
2021-07-05,711.2921142578125,715.5966570879147,706.107711679034,708.6761078676606,7373882
2021-07-06,729.9608764648438,732.4817785375456,711.5537277221872,712.029365240718,17669032
2021-07-07,732.2439575195312,735.0264253821098,726.6314115936917,729.627951175681,9629190
2021-07-08,723.1830444335938,731.3877916578379,719.8535817918715,725.3472183752016,8420922
2021-07-09,714.407470703125,721.0663951970289,712.2671021157987,719.425469171231,10695842
2021-07-12,707.27294921875,714.4075115847763,705.8460367455447,714.4075115847763,14458978
2021-07-13,714.336181640625,716.3576410548972,705.8936158516059,711.601265962492,18178142
2021-07-14,713.0518798828125,716.9520836668454,709.2229752658203,712.2670664944662,9788494
2021-07-15,723.3018798828125,726.1795098106581,713.289745941736,715.834394802712,10438802
2021-07-16,724.086669921875,727.7015029771919,722.3981917888874,726.7502280646762,5170628
2021-07-19,699.6627807617188,708.1528987460736,697.2845931996463,707.2729809603507,25111600
2021-07-20,686.416259765625,691.5769149534121,683.0867973139923,685.8692650363275,24174250
2021-07-22,689.0560302734375,698.4736760969855,687.2961947294137,692.5757594227039,13207114
2021-07-23,686.2260131835938,693.217861311592,682.6825369811414,690.3878413695973,13126684
2021-07-26,682.3258666992188,686.8206182966845,679.2579696824195,680.1616926345283,13167166
2021-07-27,684.799072265625,689.6268043734378,683.0629838249257,683.0629838249257,22401430
2021-07-28,674.12109375,684.2996904317964,667.7950913834882,682.5636598981887,20670342
2021-07-29,674.5728759765625,680.1378114327916,672.2184936053619,679.3292509173456,13702230
2021-07-30,678.4730224609375,680.993924189494,669.6737295693673,674.9295466561146,11655488
2021-08-02,676.6656494140625,682.5397604791139,673.6215580338293,682.5397604791139,13258786
2021-08-03,682.3971557617188,684.8705058077147,670.6489317422132,670.6489317422132,12033120
2021-08-04,696.9515991210938,701.3274405647641,684.9179480591796,685.3935855231096,22053948
2021-08-05,706.2504272460938,716.809616032828,693.1941993026809,697.8078604617482,18822408
2021-08-06,709.9602661132812,713.4561898312115,701.0896158741372,705.631976840548,13339270
2021-08-09,715.311279296875,716.9522055194989,702.0409808514629,709.6511811858961,10998048
2021-08-10,717.0949096679688,722.8501119757157,708.224258418714,708.224258418714,14838346
2021-08-11,711.0543212890625,722.4220701727036,709.19938132137,720.5433251033847,12585786
2021-08-12,714.1221313476562,717.0710605291638,708.3669293933626,712.0293148021268,8597674
2021-08-13,725.91796875,728.2010520986385,713.9319263227017,714.027030603386,16658428
2021-08-16,728.0106811523438,730.1034975784921,723.6585868020925,725.8941176900379,6252778
2021-08-17,720.4244384765625,724.8716380293928,715.9772389237322,721.6372794121205,8282666
2021-08-18,719.6395263671875,744.5391374947473,717.4278004141593,740.4248615711514,22985932
2021-08-20,720.471923828125,722.8739164966347,706.8211504103504,706.8211504103504,13150406
2021-08-23,725.1569213867188,729.2236452390042,717.570526480986,727.6540182634369,10843054
2021-08-24,741.4475708007812,744.1349345255663,726.5125403684006,727.7254393250985,18381314
2021-08-25,740.7578735351562,744.2776027396884,736.2868693056814,738.2369714945701,7727974
2021-08-26,739.521240234375,747.2265448434088,734.122707926727,737.2381569110653,11119002
2021-08-27,736.5008544921875,741.35239176859,734.9788377356009,738.189390820678,6382138
2021-08-30,745.9185180664062,746.750883701105,737.9991419868863,739.9016920090548,9049166
2021-08-31,752.1731567382812,753.100626642032,743.040881869667,743.6592338463132,12062576
2021-09-01,751.0792236328125,760.0687847011596,748.8913025732014,749.1291213418814,12422558
2021-09-02,755.7880249023438,757.2149374729586,747.3454588595391,748.701014189379,9618524
2021-09-03,749.6285400390625,760.0687604261853,745.9423492422521,754.4086623001291,10735334
2021-09-06,744.7056274414062,751.959099481168,742.9219867758911,751.4834619703639,7876896
2021-09-07,746.3941650390625,752.4585433116437,739.7114347769459,743.1836118359313,7245496
2021-09-08,749.7949829101562,751.7450850903009,744.6580745740106,747.6783611524173,6724080
2021-09-09,746.0849609375,751.2456161314306,742.4701275979534,748.6534150154891,8250948
2021-09-13,739.8779907226562,753.4098553676172,738.9742677939986,742.9458295986225,8959164
2021-09-14,736.5484619140625,744.1348566916412,735.6209339673617,741.9944879763249,9758506
2021-09-15,735.7161254882812,739.521225577569,730.1035796320939,730.1035796320939,14822998
2021-09-16,741.970703125,744.0397727219095,730.7219225742858,731.411573732443,10260550
2021-09-17,752.5299682617188,755.7880738969212,741.6140515521491,746.2753228094836,20498102
2021-09-20,741.9231567382812,752.3158246968031,741.04323895895,743.8970640127071,8781610
2021-09-21,738.1655883789062,746.1087693954601,727.2259259755568,742.9457684361612,14774996
2021-09-22,729.4852294921875,737.3095014073501,727.7253939209189,736.7625066558845,10582202
2021-09-23,746.7508544921875,747.7021294660628,733.4330048579319,733.4330048579319,13664304
2021-09-24,761.7572631835938,764.8012967419484,749.1290643037012,751.031614308282,20806702
2021-09-27,772.95849609375,777.9051377473095,764.8251063880609,768.487491944163,16415462
2021-09-28,768.1784057617188,776.2404385627441,752.4585623812875,776.2404385627441,12773790
2021-09-29,758.0948486328125,764.1592270047574,753.9568254387971,759.5931184310665,16263036
2021-09-30,758.6179809570312,764.0402598802681,752.9816883907416,754.3610487049043,15975348
2021-10-01,752.7914428710938,755.7879823250635,744.4915917774107,752.9341573446038,11128596
2021-10-04,754.2422485351562,761.6621827385496,753.2196161854996,755.7880705800809,7051028
2021-10-05,758.8558349609375,759.8309150717456,749.7236180793985,757.2149087913734,10257178
2021-10-06,768.1070556640625,773.7909008998,754.8367570191563,759.1174947716279,18600830
2021-10-07,766.0142211914062,774.19516325999,764.3494898817696,773.6719736034911,11265724
2021-10-08,762.2804565429688,771.4840306228035,761.0913627843023,766.7276555881376,7245562
2021-10-11,777.0966186523438,782.4237357564093,760.5444094069899,760.972494795636,13080848
2021-10-12,775.0989379882812,780.7828415337334,772.9110168758314,772.9110168758314,8176946
2021-10-13,779.7601928710938,783.8506640933167,775.2891883932683,778.6186511655094,6225644
2021-10-14,802.5908203125,803.8274663407793,779.0943135302938,779.0943135302938,14757288
2021-10-18,794.457275390625,820.4746213174824,792.9114536403167,810.9618720848159,28856456
2021-10-19,803.208984375,804.9926249141711,794.7902242545991,796.9067878032625,8987540
2021-10-20,796.1458129882812,807.9891982795003,791.6748089028501,803.3992848197823,10908568
2021-10-21,797.3112182617188,799.9985238690318,789.9625835542432,795.1708493673277,9738190
2021-10-22,799.427734375,812.3888563513312,794.6713593378141,799.1185583853392,12175554
2021-10-25,788.1312866210938,803.8273231078144,767.5837711720544,803.8273231078144,16426766
2021-10-26,786.10986328125,796.1458027295024,783.0657717264866,784.8018601809484,12090656
2021-10-27,781.3773803710938,791.9603157232438,778.7613738795511,786.109950708577,13249642
2021-10-28,757.9758911132812,784.8018571141539,754.9080525326855,784.8018571141539,17797750
2021-10-29,752.86279296875,761.9712625572553,741.9944878834696,756.2636126504593,12406874
2021-11-01,763.5408935546875,766.252004050304,753.1957780437663,753.885429186674,8122320
2021-11-02,764.2305908203125,771.4840630530865,761.043842637615,763.873862677717,13237722
2021-11-03,752.1968994140625,765.728821094555,749.3906846195152,763.4457378753382,10207338
2021-11-04,758.1423950195312,759.9973929432354,756.3112021961033,758.6418376355663,1096808
2021-11-08,761.138916015625,763.2554796846038,746.9648951674751,757.2624587445608,18943580
2021-11-09,747.8211059570312,758.4515931319643,746.2990890867115,758.4515931319643,12695476
2021-11-10,739.7352294921875,746.2752451845312,737.2381325914745,745.7996076796335,13714126
2021-11-11,736.4296264648438,739.5688226168478,730.3889948696312,737.2619921599097,7999404
2021-11-12,738.6650390625,741.5426691680743,734.8837441539887,737.2381265594817,14914092
2021-11-15,740.6865234375,747.6308195742927,739.3309681261308,742.9933537829838,9533594
2021-11-16,736.286865234375,740.6627071004274,733.2427735591466,739.6163278032643,8245406
2021-11-17,728.10595703125,734.3843492276189,727.0119674834298,731.0073343634929,7598878
2021-11-18,732.1964111328125,734.1465133558511,725.4661286012387,725.8466618423676,9152874
2021-11-22,720.7572631835938,738.5223119294355,713.0044068868091,735.3355639518028,15261272
2021-11-23,720.8524169921875,726.6789762107248,711.7201424006887,714.4075058157676,11235214
2021-11-24,722.0415649414062,730.7456967746908,720.1390148495992,724.8715849784808,30802286
2021-11-25,725.7990112304688,729.294993262682,716.7857039376246,720.4956996177941,10251652
2021-11-26,708.65234375,716.6430191487968,706.3217083190601,713.4562710293536,18624936
2021-11-29,714.05078125,717.0948727956322,695.3820097835137,710.9829426666183,12990996
2021-11-30,710.3884887695312,727.2498167576367,707.0590259066774,711.078139995204,25221542
2021-12-01,715.6680297851562,716.8095714832115,708.2718428796858,711.0781159528814,8677634
2021-12-02,725.7040405273438,727.154758376517,713.4563727943737,715.5967419127568,11203110
2021-12-03,719.901123046875,730.5553560310378,716.809479461367,725.7276821118706,8124694
2021-12-06,715.263671875,722.3982341371078,712.1957752655638,719.6395135046063,7029532
2021-12-07,725.6801147460938,728.6766542380091,718.165077039117,720.0913740885894,12427534
2021-12-08,739.0455932617188,739.6401401548495,729.6279472500399,730.5792222790491,15295534
2021-12-09,726.2271118164062,739.4736046987022,723.9202815328325,734.9550484079257,11747744
2021-12-10,724.1819458007812,726.7741471193556,717.4754101669981,725.2996823860045,7779384
2021-12-13,718.7595825195312,731.3639756168698,716.8807796550856,725.8227874165515,10322142
2021-12-14,714.62158203125,721.0664937719724,712.0531858243114,714.6453871321823,9191100
2021-12-15,713.456298828125,724.5624236009718,711.387287173768,714.8832114257813,10115148
2021-12-16,713.5038452148438,721.5421310623909,710.6024679019197,719.5444766662719,13210432
2021-12-17,700.6378784179688,716.3101116196879,698.0931712139019,712.0293739008451,14994768
2021-12-20,678.0926513671875,693.4795137394923,672.599014710812,690.6256885800706,21156668
2021-12-21,685.774169921875,690.0311023174055,680.1616242039565,684.6801804486681,9118750
2021-12-22,687.391357421875,692.5282661369407,682.8728007403497,690.7684304433625,8577484
2021-12-23,686.8680419921875,693.3843100083218,683.419670419144,691.2201363483402,9779166
2021-12-24,684.3948364257812,690.6256763008242,679.2103758660999,687.5340324330864,5561024
2021-12-27,690.054931640625,691.5769484677854,676.4279051909655,679.6384584249116,4705098
2021-12-28,694.811279296875,697.7126564182305,691.2915502045277,694.7636690981695,5450678
2021-12-29,691.5055541992188,694.906373869757,688.4377156088801,692.5519915154243,7668702
2021-12-30,695.1442260742188,697.6888751595437,687.2962071004079,693.7173135335258,7215918
2021-12-31,703.6581420898438,706.2265962494574,695.1442190705774,695.1442190705774,6325736
2022-01-03,722.8025512695312,724.3959253104654,704.1813312029835,706.3216999908345,9069184
2022-01-04,727.0357055664062,729.1047170271323,717.1662276895983,722.9689818191866,8857352
2022-01-05,744.30126953125,747.7020889910027,726.82159283251,730.9596735815929,14332638
2022-01-06,732.3628540039062,739.4974166342414,727.7491933941105,733.9086759071455,9628930
2022-01-07,737.499755859375,745.2050602081262,730.5316548059,734.3843069802756,11179384
2022-01-10,741.5902709960938,747.7022016813078,735.0978070600898,741.0432762210418,8856496
2022-01-11,744.80078125,746.1325314282669,736.191754015291,742.731769713943,8389198
2022-01-12,740.4010620117188,749.9138111897546,738.1893362155828,745.7995355580115,21085530
2022-01-13,726.7741088867188,739.6163215437484,723.1592754547615,739.6163215437484,41963896
2022-01-14,734.9312744140625,736.6197526556398,722.4933425207672,727.7253548760855,11208968
2022-01-17,723.6824951171875,740.0919897485006,722.5647585444003,727.7254140843227,22989372
2022-01-18,727.36865234375,737.6662159084163,724.3959179463994,729.1522929821604,12341152
2022-01-19,722.231689453125,732.3627907374962,719.8059499806066,729.6278752987947,14317626
2022-01-20,717.737060546875,727.0119927408207,713.5038747538036,726.9881876389107,15197846
2022-01-21,723.72998046875,727.6302426550222,706.6070311292943,713.4562224773198,11537694
2022-01-24,707.1065063476562,723.5635523601698,698.0218416410312,718.1888253449379,11868508
2022-01-25,707.7723999023438,711.0780572785832,686.8205449567051,693.7886458927823,13594248
2022-01-27,701.5415649414062,706.3217454329671,682.5398684823622,689.6744315675436,28617838
2022-01-28,695.9765625,707.1302385002696,694.4307406458227,702.7543967837006,24925208
2022-01-31,706.6546630859375,709.4371891168743,697.6651601162798,700.4951802272873,12842546
2022-02-01,712.0293579101562,721.542108182837,700.8280712395866,717.4991893169476,14739484
2022-02-02,728.296142578125,730.1035883666477,716.1198337589774,719.1401203787386,13969290
2022-02-03,720.7572631835938,732.457933895551,717.7369767162163,727.1308172000766,10564762
2022-02-04,724.8715209960938,729.0809010904223,720.1626983222618,726.9643375245986,11579958
2022-02-07,698.3071899414062,722.4933446051142,694.4307328001756,719.2114343241577,12268042
2022-02-08,695.3106689453125,703.2062398464973,687.0821750180488,702.23121780657,13981130
2022-02-09,712.314697265625,713.3135243877856,697.7602016051236,701.0896640531371,11308342
2022-02-10,725.394775390625,730.3414172466761,714.2410986903759,720.1152104926523,14314530
2022-02-11,722.4219970703125,725.3471792743838,713.2184231619269,713.5751512828815,10711104
2022-02-14,700.9469604492188,713.1946260728857,698.8542018984211,708.6998749228623,14656620
2022-02-15,721.9226684570312,725.2996833180713,700.6378889247106,702.0409964179948,13135066
2022-02-16,720.947509765625,729.9846218788012,716.7856818187674,729.7943552747017,10032264
2022-02-17,716.5479125976562,723.9202940415751,714.4075437913573,719.6871085679842,7351208
2022-02-18,719.3302612304688,721.5419869093743,708.9137898203919,712.6475901238351,7796128
2022-02-21,723.9677734375,728.058244021846,711.3396335859223,715.3587469383176,7468066
2022-02-22,718.5455322265625,723.9678112195843,707.7247793394828,708.6047551441089,9536196
2022-02-23,713.8843383789062,725.6801135920207,711.3872414933543,725.3947427030585,9029562
2022-02-24,675.1199340820312,701.5415645216091,669.2933742326196,689.6268790132194,23630766
2022-02-25,692.5758056640625,697.2370767488001,681.5172329343914,684.8942478331431,18318654
2022-02-28,678.3779296875,684.2282936903597,672.5751758797768,678.2590203220859,24880832
2022-03-02,653.6448974609375,665.1315558068055,644.2035037869538,659.4714573982826,38505560
2022-03-03,652.0989990234375,662.0873863170132,648.2463469653018,656.8553739251402,17527922
2022-03-04,649.9586791992188,659.2336109550803,635.8798200435912,646.8670352805982,21219364
2022-03-07,630.12451171875,633.7155395995137,616.925572591549,627.1279725843061,27054458
2022-03-08,631.551513671875,634.5004430311901,614.5236674634915,619.3751468768733,39212492
2022-03-09,652.1703491210938,653.8588273559873,627.2944854329724,632.5978550025679,23134694
2022-03-10,662.4202880859375,678.734676699917,656.4986247477649,678.734676699917,22273206
2022-03-11,664.3704833984375,670.149432575976,652.9075731964616,660.1848501728542,15150780
2022-03-14,686.130859375,689.6743353216494,673.0270237794027,673.0270237794027,25018126
2022-03-15,677.3078002929688,689.436556548215,671.4812409154484,686.5827315469807,18867928
2022-03-16,688.79443359375,692.0525387446689,683.1105308271242,688.2474388752825,13364108
2022-03-17,703.9673461914062,708.6048120871039,699.4487896776494,700.1384408684183,14823954
2022-03-21,707.03515625,710.4359760473683,700.5189456092843,707.2729750042046,12257876
2022-03-22,710.6737670898438,712.5049598135698,693.0989270027054,704.561836957358,10461814
2022-03-23,703.5867309570312,722.398216212513,700.8993676260746,716.7856708144304,31188256
2022-03-24,686.178466796875,699.0206795927611,682.3258145703531,697.2845910655177,20160044
2022-03-25,680.5896606445312,690.6255995491529,674.929563195763,690.1499620838986,16366462
2022-03-28,681.4934692382812,683.966761144496,666.6535436173285,680.58974632828,15754886
2022-03-29,690.5305786132812,694.5496924552175,680.16165739494,685.3936701441318,12377448
2022-03-30,702.4928588867188,705.2515799115708,691.6008053997855,700.138476229865,20109742
2022-03-31,699.3536376953125,706.1790247075883,697.2370738898979,699.6628137051833,14295714
2022-04-01,716.3101196289062,718.2126697474425,699.3298830454588,702.2312603639822,14568556
2022-04-04,788.0361938476562,819.0952862089551,743.2073617126769,751.5072124484601,97450970
2022-04-05,764.9440307617188,792.7450201895066,761.9712963036054,792.7450201895066,30922582
2022-04-06,737.6424560546875,756.1685727920734,735.9777246900588,755.1696875243184,27027860
2022-04-07,721.4232177734375,733.1238893042467,719.9725000942207,733.1001422646726,40781732
2022-04-08,720.4244384765625,725.7040037554764,712.1721384616357,719.211539479779,41256322
2022-04-11,711.6251220703125,718.2126904332335,710.2457615824013,716.3101402599004,20799066
2022-04-12,710.3645629882812,716.7143116143333,704.0148143622292,705.8460070134646,27435402
2022-04-13,696.78515625,714.5502639320367,695.691224799288,708.6998992573039,28892520
2022-04-18,663.7283325195312,680.9464450214841,661.15993644386,674.8582617385757,45620376
2022-04-19,638.400634765625,660.9221170332797,631.1709679279387,656.8078410106541,74096022
2022-04-20,644.1558837890625,646.8194421533099,635.142518406885,644.2271829644586,49325736
2022-04-21,653.6924438476562,656.2847032867525,643.68030843123,649.2452444448392,52446270
2022-04-22,644.7741088867188,654.1679484262986,641.7062705906824,646.866925257146,20659148
2022-04-25,649.6018676757812,651.9325028659932,628.9116379529942,642.1105776037376,20935488
2022-04-26,652.5984497070312,657.3072144691479,645.5114394033479,652.5746446077407,17016842
2022-04-27,652.8362426757812,655.904081179801,645.0119713376686,646.8669691113338,18054334
2022-04-28,652.2655029296875,655.9041415782432,647.8658558596376,652.5746789306378,20773722
2022-04-29,658.5676879882812,668.1517954743881,652.3606532888389,656.5462285607915,28401476
2022-05-02,667.6522827148438,668.9602857363819,647.8420288557909,647.8420288557909,19494316
2022-05-04,644.9644165039062,667.6047487158417,642.1105916521191,665.8924654170124,29055916
2022-05-05,643.5137939453125,654.001625047842,640.4459550013958,654.001625047842,17862912
2022-05-06,626.699951171875,634.9760551888268,624.5120303093106,632.5978677162095,26731268
2022-05-09,627.7701416015625,630.9331425829555,616.1883801102291,618.32874885627,32762434
2022-05-10,637.8536987304688,643.537543685614,625.4871236116026,625.4871236116026,20113812
2022-05-11,641.4447021484375,644.4887936717504,631.9557575251372,643.5375186995411,17102924
2022-05-12,626.9856567382812,638.4133907389254,622.1498973824371,635.6706993369925,22382290
2022-05-13,621.3560180664062,634.1791515037851,619.2629499130284,630.353891041967,16768238
2022-05-16,627.9719848632812,631.292053906236,618.4448991695826,625.0368734940553,9804356
2022-05-17,632.2544555664062,633.6979588896172,624.6519812363082,631.580808934981,16641444
2022-05-18,632.2063598632812,641.5410265716883,630.3297937681616,637.0902245927911,15732384
2022-05-19,619.2869873046875,623.7858941010936,615.0767694162303,618.8779477207698,20537506
2022-05-20,635.5984497070312,637.1622447317521,621.837065236746,626.9615129880896,13919350
2022-05-23,627.4427490234375,639.9290287015857,625.0850152898169,632.2544265466233,19486320
2022-05-24,634.63623046875,637.5473190805823,624.0265159854545,625.5181243809486,12870796
2022-05-25,639.375732421875,642.8160348600121,636.6811460213428,639.9531102298189,12887112
2022-05-26,657.6119384765625,659.6809832899339,644.7647830842534,645.7993054909392,26992428
2022-05-27,669.8095092773438,671.0845566723668,659.5606139411736,660.0658635123912,24031718
2022-05-30,674.3807373046875,683.4988434000511,672.889070171654,678.566873569111,12624674
2022-05-31,668.3179321289062,675.944488061126,664.0115042012508,671.662083279525,13485388
2022-06-01,671.1568603515625,673.8513881488794,663.6025497657505,664.0115306279351,12091896
2022-06-02,666.4654541015625,667.860852355906,663.3378636546508,667.4999765351084,11475020
2022-06-03,664.1558837890625,673.995741003826,662.231212745682,672.8169034842749,6957244
2022-06-06,663.2656860351562,667.3796939444019,654.7009350100217,662.2312223234171,6173266
2022-06-07,655.63916015625,661.2688580365657,651.5492343077399,655.3504712553794,10253966
2022-06-08,657.9487915039062,664.4926611407994,652.9446351687653,660.7876929692908,5986588
2022-06-09,662.9048461914062,664.9979730840081,653.0168832680971,655.4708272698372,7311816
2022-06-10,650.105712890625,658.213377451669,646.4969548898966,654.436222491499,9155430
2022-06-13,638.3170776367188,639.9530596115558,629.5117437124109,636.8735744947378,10892572
2022-06-14,631.2921142578125,638.0284630380025,627.9239398677174,630.9312384303023,11870356
2022-06-15,629.102783203125,633.1205811087782,624.7482500861813,626.3120453531265,11810470
2022-06-16,616.520263671875,635.4060979237764,614.9323865969412,630.3297546494468,12169192
2022-06-17,620.5861206054688,625.0369224008559,611.8529139840168,613.4888961209325,14723922
2022-06-20,636.1759643554688,637.547280721459,622.703267102487,627.7795517185277,15936840
2022-06-21,643.1047973632812,651.5011513361289,637.0902003236198,643.2731943331319,13220684
2022-06-22,640.0734252929688,643.2972258536737,636.6811690239211,641.0357608318419,8159698
2022-06-23,642.4312133789062,648.6142079912054,634.4197575937717,640.1937713147616,15372244
2022-06-24,651.4049072265625,655.1820622227635,644.067099221751,644.067099221751,8013432
2022-06-27,652.5838012695312,662.0868649193548,650.5388382056451,659.1998582409274,9804164
2022-06-28,647.6036987304688,650.0576425546589,643.9949405371601,646.6894682409041,9770574
2022-06-29,646.6653442382812,649.9373082816165,640.5545375901551,640.5545375901551,9994046
2022-06-30,648.6141357421875,651.5011422810993,642.8401226643639,642.8401226643639,12475822
2022-07-01,651.380859375,654.3881578947369,639.9772068826776,646.6653918015329,11472452
2022-07-04,652.2950439453125,654.4843218717582,645.8473846257052,651.35673163144,8487480
2022-07-05,650.8274536132812,663.6986902674247,648.7584676358872,656.3127774299695,14325718
2022-07-06,659.8013305664062,660.8358530598603,648.1811167165542,648.6141794738492,15049078
2022-07-07,671.6139526367188,672.6724981664967,661.3409744346241,664.0114788767993,17743142
2022-07-08,672.2394409179688,678.4465165399553,671.1087084709948,678.4465165399553,12474030
2022-07-11,676.5940551757812,678.3984342696596,670.3869793455802,670.7478551643559,7462880
2022-07-12,669.6892700195312,676.1609524926532,668.5344557204256,676.1609524926532,9876974
2022-07-13,653.3535766601562,670.8440115296884,651.6213846159309,668.8231306008078,15945610
2022-07-14,650.0817260742188,660.4749379498609,649.215600611124,655.350489555198,10372410
2022-07-15,655.3746337890625,656.7459502891783,648.036824746082,651.020041649362,13595646
2022-07-18,648.3975830078125,657.3232089503867,645.7511605542314,648.6140849867697,20332220
2022-07-19,648.6383056640625,653.6905677929005,643.3213777387151,643.3213777387151,15792538
2022-07-20,656.8180541992188,659.7290838164299,652.1025868008825,654.3400285637287,20347862
2022-07-21,654.7490844726562,658.9593027266601,653.4739780541829,654.6528744070862,12640278
2022-07-22,670.0260620117188,672.1913167902127,655.5429251294964,657.2751172050325,12729592
2022-07-25,671.9988403320312,675.8481821741008,665.5993447613678,671.2289837108764,10143126
2022-07-26,670.6275634765625,674.5971974845852,667.0428871698978,671.710190933296,8527964
2022-07-27,675.7520141601562,676.5218708292028,666.0564720450384,668.2939138771885,9212778
2022-07-28,681.7425537109375,685.182915066855,678.9277339602053,680.8764869533358,17420406
2022-07-29,690.0907592773438,692.2079091114783,680.9967358477592,691.9192202105274,20019736
2022-08-01,695.8407592773438,696.9474098698968,688.0939701842794,692.4003980885738,13193036
2022-08-02,688.190185546875,695.094931123578,684.7258011854689,693.8439067006424,15036510
2022-08-03,689.8020629882812,690.8365853805471,681.8146902206062,685.6399502739025,10975498
2022-08-04,688.9840698242188,696.1053168364679,679.8659062909707,692.8815166078793,12012206
2022-08-05,686.6505126953125,691.4140267889854,683.8116110098687,689.5134375282818,9268982
2022-08-08,703.4913940429688,704.6702316392747,686.674544464695,687.1076072249125,15357736
2022-08-10,705.5363159179688,708.0383647964982,697.2361719881424,703.154500244152,17353102
2022-08-11,714.8709106445312,717.421123242461,709.5059371613006,715.2558683433389,18301766
2022-08-12,714.6063232421875,716.6031812290219,710.1795445295438,714.5341363296417,8850370
2022-08-16,722.7861328125,725.8415362160341,716.0016794217771,719.2495616686834,12563756
2022-08-17,726.5151977539062,727.8865140946783,714.8949848396419,721.7516252798,12384350
2022-08-18,727.3812255859375,728.4398298215469,721.5831897478574,721.7515867041628,8342138
2022-08-19,718.4075317382812,727.5256370949188,716.939946608088,726.563301596116,8063702
2022-08-22,707.4849853515625,716.1460048012029,706.2098790742172,714.4378945404134,8234066
2022-08-23,705.2957153320312,710.1795210324121,697.8857201939286,699.2811184238794,14966884
2022-08-24,708.6878662109375,709.9629724189963,702.1199150712563,703.4191031598855,13455520
2022-08-25,704.8385009765625,715.4001673439055,701.0613462392785,712.0800984318901,11823040
2022-08-26,704.9588623046875,712.9943990116683,703.0822963230394,708.303013425697,7706176
2022-08-29,692.5928955078125,695.7685910224809,687.3962601301372,691.4380811198513,8653178
2022-08-30,715.0633544921875,716.9158385123882,694.3731420244557,695.9850421787525,10135400
2022-09-01,708.3511352539062,716.6753023262013,702.023767412422,704.7904820543832,22403136
2022-09-02,714.774658203125,717.1804968372654,705.0069298539969,708.351080797229,12038086
2022-09-05,719.369873046875,721.2704621778411,714.101050906599,715.0633864131738,12131932
2022-09-06,716.627197265625,724.951423073854,715.2317990033503,721.2223729044177,12238696
2022-09-07,713.2349853515625,716.9399535633776,707.9421400567993,707.9421400567993,9776206
2022-09-08,720.5968627929688,721.7516772237872,713.1628440120845,716.9881044068499,11164690
2022-09-09,721.0780029296875,726.0821594471598,718.8887248344994,719.9231885431478,15128888
2022-09-12,718.6481323242188,723.6763119278681,716.9399632796035,721.7516408855068,11080492
2022-09-13,728.054931640625,729.4022248737516,721.0539759192867,721.2223728893526,13001966
2022-09-14,735.537109375,740.4690789237419,718.0706961615213,718.8887165967504,20219760
2022-09-15,731.7117919921875,741.4554391702014,727.5256559583752,736.1866756721654,13539372
2022-09-16,718.26318359375,728.8247925761237,713.5717978693896,723.2432582308112,20560046
2022-09-19,723.002685546875,728.4880099183553,712.1283056005058,716.4588155669953,12076038
2022-09-20,731.7117919921875,733.299669100902,726.5152154056927,728.4879914821296,10781668
2022-09-21,730.5810546875,732.0967448746909,724.1574768560039,725.6009801321287,9072304
2022-09-22,715.0152587890625,726.6354714109892,713.4514636402978,722.7139425983661,12048144
2022-09-23,695.8407592773438,709.7224372346395,691.438062580459,708.4473309391279,15806252
2022-09-26,686.4580078125,691.1734166960763,682.2958948729614,685.8324662197185,8923486
2022-09-27,680.2990112304688,692.881559633574,677.0030238919713,689.2246964827675,12639700
2022-09-28,668.6066284179688,678.7351736760943,666.8503544937673,676.5218139126857,11816132
2022-09-29,665.1422729492188,674.6934416925905,663.4341625616928,671.8545987625018,14410388
2022-09-30,683.9078369140625,688.7676199193113,656.7940432846984,663.4341823816585,15781756
2022-10-03,679.9862670898438,682.22370896109,674.1641488370536,678.4224718418965,11541112
2022-10-04,699.13671875,701.5425574242946,686.2173768162974,687.8292769808156,11538526
2022-10-06,691.4381103515625,703.7559939592081,690.0908170525987,702.4808875755999,12549198
2022-10-07,688.454833984375,690.4516331398249,683.4265958004532,688.1901682297433,13297994
2022-10-10,680.8523559570312,686.1452011270152,672.7687143847188,677.4841817579505,13109302
2022-10-11,673.9476318359375,681.8147129301799,673.3701952846903,674.1641338324686,14521620
2022-10-12,678.3502807617188,680.7801425260418,672.3356842119671,675.1745267944143,9225050
2022-10-13,670.5553588867188,676.6421426191388,665.9361602736982,674.6212615810351,14714234
2022-10-14,692.4003295898438,696.2496712414899,680.9725965615194,681.814640047817,12849920
2022-10-17,696.033203125,701.3500712981873,686.6263505116987,690.475692350587,18410500
2022-10-18,694.7340698242188,703.90033929577,692.8815856653596,701.5666873690876,10561108
2022-10-19,701.8554077148438,710.8773037655702,699.3292768206403,704.4296436407238,12967040
2022-10-20,697.1159057617188,699.0886819198254,694.0845252418784,694.8062769145736,7898078
2022-10-21,692.2078857421875,701.3741545079234,689.9945259278926,698.6555450817992,10492606
2022-10-24,703.0101928710938,703.9484465267632,699.7623104281301,699.7623104281301,2167794
2022-10-25,698.1263427734375,706.2580899913314,695.2874411281454,703.0342306280569,13773394
2022-10-27,699.8103637695312,706.0414624275766,698.2946736608377,704.6701461335379,15937276
2022-10-28,701.8793334960938,705.8730490883848,696.442173472227,697.6931978037887,10474278
2022-10-31,720.1636962890625,720.7892378137252,705.9933305622085,708.2788772108167,12830528
2022-11-01,728.1271362304688,735.7055286941263,721.2223903997298,723.4357504196331,19073756
2022-11-02,728.584228515625,735.3446593148229,727.3332040356852,729.931521793284,12720406
2022-11-03,725.384521484375,731.4953288906344,720.3081778321194,720.6449717888227,10332352
2022-11-04,720.38037109375,729.4984772519798,716.7475307718796,723.2914009917648,10818060
2022-11-07,725.9859008789062,727.5256141338776,717.9503644757295,726.5632786654467,9835834
2022-11-09,725.7693481445312,730.38854669658,723.6762802249166,728.9932072410344,9269790
2022-11-10,733.6605224609375,734.7431498920162,719.3698638652188,720.3562225050898,12774182
2022-11-11,775.2334594726562,787.6716345011165,740.0360255728266,743.4041999414936,56722338
2022-11-14,777.1100463867188,783.3411456416203,768.906112245276,775.6424611635699,19195390
2022-11-15,779.0106201171875,781.0074781111963,772.3945632755499,781.0074781111963,11030202
2022-11-16,785.6988525390625,790.0774674383857,775.6424345375626,778.8422119111716,13578150
2022-11-17,778.6016235351562,785.0492832742325,776.5566605526772,778.5775416526076,12100930
2022-11-18,776.556640625,780.9352553866862,772.3945278555009,779.9729198902146,10459232
2022-11-21,768.5933227539062,775.6424423049926,765.1529614641645,773.5493742606727,8344816
2022-11-22,767.4625854492188,771.9614923063164,765.5379143885311,769.8684242750784,8546314
2022-11-23,769.45947265625,772.2742924421901,766.9814468242063,772.2742924421901,10185738
2022-11-24,781.9697875976562,785.2657749671398,769.4594259866601,772.731331473911,17197960
2022-11-25,778.3610229492188,785.1213945985398,776.6528539412901,784.1590590980275,8410496
2022-11-28,769.9886474609375,773.4530315663065,767.0054310777749,771.2637536720435,16105980
2022-11-29,768.8338623046875,775.8107945409757,766.4280236025191,768.5451734076865,12638236
2022-11-30,773.9342651367188,776.0754969244954,768.4730227722782,768.4730227722782,15184806
2022-12-01,779.251220703125,787.6716568638566,777.0859656903655,780.454140154658,20446366
2022-12-02,773.2847290039062,778.8181584847341,772.3464753255907,774.680127315897,7811078
2022-12-05,776.0995483398438,776.8934869252123,768.0399880135933,774.6560449978288,11592622
2022-12-06,775.2334594726562,776.4604020366052,769.8684271238768,770.3495948908293,12353092
2022-12-07,774.8965454101562,778.8180741474324,772.0095390371375,776.6769012486282,11674720
2022-12-08,779.251220703125,782.378811277111,772.2742878842332,774.6801267872993,14803634
2022-12-09,784.8087158203125,786.637118107019,779.4917884600618,782.3787950839879,11963384
2022-12-12,790.9195556640625,795.659046653405,780.1654672932444,781.8976595918489,14434808
2022-12-13,793.1088256835938,797.2949616133573,791.5209486143468,793.9267873639345,17031702
2022-12-14,799.8211059570312,801.3849011709643,793.9268009198986,795.3703041942985,14227640
2022-12-15,785.1695556640625,803.2614512642567,782.8840088582007,797.3190413162754,18182648
2022-12-16,788.9467163085938,791.5690570624564,774.1989129626363,779.5158401167187,14647958
2022-12-19,791.4006958007812,792.3149263180803,782.4750101040391,791.0398199705028,9604542
2022-12-20,785.939453125,787.3829564457624,779.5880032718654,779.5880032718654,7174698
2022-12-21,778.3369750976562,791.4247737186288,773.0201064666394,789.5963126931921,9269198
2022-12-22,775.66650390625,783.1005222357195,774.1989187571569,780.5503096365309,9747096
2022-12-23,768.7376708984375,771.8652612871225,762.867389080973,763.6132225912555,10693152
2022-12-26,784.038818359375,788.6339941689127,765.0567728667305,769.6278667926638,9907322
2022-12-27,784.832763671875,787.1664156857469,776.3642223890472,785.7469942121562,7926772
2022-12-28,784.2072143554688,785.7469276450677,780.9833552219441,780.9833552219441,8691870
2022-12-29,789.7406616210938,790.7992071900476,775.1612551160126,779.5398699494827,11012896
2022-12-30,783.4132690429688,791.5209337293505,779.4917402076278,791.5209337293505,7122640
2023-01-02,783.6779174804688,788.9948447926183,778.7941116415499,782.8599557722763,4381378
2023-01-03,788.8023071289062,790.5585810922254,780.5502688048173,780.5502688048173,8378030
2023-01-04,774.7042236328125,791.8818902379387,773.2366383790779,786.7093364964484,10351600
2023-01-05,769.7240600585938,778.5535356487463,764.7680672572426,777.085950452134,10941436
2023-01-06,767.1738891601562,774.2470317456477,759.3789361975485,770.8307523930382,9092462
2023-01-09,768.66552734375,775.4259581366615,765.0567689994132,767.9437756748827,10729340
2023-01-10,754.6154174804688,769.8684118966518,753.0275403864125,769.8684118966518,16371766
2023-01-11,765.48974609375,768.9060251968651,750.6216516314828,754.4469115539331,15195798
2023-01-12,769.5797119140625,771.7449667913606,762.2419037187744,763.998177755398,9250070
2023-01-13,770.1812133789062,774.6320153125537,763.1320937043018,769.2669828560861,9244546
2023-01-16,762.7952880859375,780.1173277789237,760.3894492396894,777.0859473381312,14748094
2023-01-17,774.1508178710938,775.1612584159965,759.0421385172157,764.9605254372576,10786354
2023-01-18,787.8160400390625,789.8850262784646,769.7240842843244,772.2742970463503,19090642
2023-01-19,791.0879516601562,793.9268533679445,785.7470009393052,787.671672098985,11172162
2023-01-20,799.195556640625,803.068980550622,790.7510978089086,791.0878917418223,18843404
2023-01-23,805.0418090820312,809.6129030380878,799.4121694938297,801.7458215030824,15444400
2023-01-24,815.8199462890625,819.1400156177996,805.9560070977172,805.9800889805086,24983940
2023-01-25,793.2772216796875,814.5929177332151,791.6653214666925,813.8471429635326,14704142
2023-01-27,777.4708862304688,787.6716191971464,765.032652707376,785.2657804091282,35179948
2023-01-30,776.6768798828125,782.0419116590099,761.2073260790175,767.462506381816,18512822
2023-01-31,771.552490234375,780.7908875770869,767.4625643428925,779.3473843212695,18596244
2023-02-01,783.1245727539062,801.1442809848427,772.7553845415359,781.4164037954262,17302790
2023-02-02,771.4802856445312,781.6569951120864,764.4552483744704,773.7658324138648,17497106
2023-02-03,798.1610107421875,798.9789723443195,773.2365001850776,775.1611710007219,14411100
2023-02-06,794.7688598632812,803.2614827057959,792.0983552594887,798.7384939446326,11167672
2023-02-07,795.9476928710938,801.0962231951561,785.5544809008483,798.4498004893098,10264588
2023-02-08,795.8513793945312,802.6839372708745,793.9267085858384,795.9716713200746,8444826
2023-02-09,794.1914672851562,799.5324176572361,786.9739509076702,798.738479108453,11777336
2023-02-10,797.3431396484375,798.0167863072628,790.1737277709518,793.3494822002282,8172116
2023-02-13,797.9445190429688,799.5805011250109,791.3044393965116,796.3326188427218,5736944
2023-02-14,805.3303833007812,807.1588441172931,797.7519917688305,801.1442476633639,10908592
2023-02-15,803.6945190429688,807.3994872360046,797.1746725138561,807.3994872360046,11438712
2023-02-16,800.783447265625,809.2760700053668,799.2196520403804,805.0898752375481,8062500
2023-02-17,796.7656860351562,802.6599909509282,790.5345284538475,799.2196298038508,8956270
2023-02-20,789.2835083007812,803.2854781022144,786.6130625255412,798.7384663515395,8086706
2023-02-21,792.2427368164062,799.8692342574486,786.2281396647481,789.115146297544,12389296
2023-02-22,776.7009887695312,790.0533943514464,774.2230217496752,788.6339729282492,10359102
2023-02-23,771.4321899414062,778.9383950431011,766.0671578181314,776.1235754720026,27882010
2023-02-24,764.551513671875,778.4813560195853,762.7471345130758,778.4813560195853,17061740
2023-02-27,766.4521484375,769.3872600713753,758.9459430133319,763.0839740657053,14312972
2023-02-28,769.6759033203125,772.4185946735463,764.431163219567,766.0190402522969,18993992
2023-03-01,768.93017578125,776.1236104242643,767.8234664194171,775.6424426558673,14137256
2023-03-02,762.38623046875,772.7313372630384,761.2073929564784,766.981406050965,17391814
2023-03-03,777.5189819335938,779.4917579688479,764.094389910204,767.943731924865,14986234
2023-03-06,783.0042724609375,788.8504134058667,778.5534709474247,779.4917245287281,27004710
2023-03-08,784.5681762695312,788.8746045657163,779.4918325077525,779.4918325077525,20099774
2023-03-09,784.6402587890625,791.9780672791738,782.859961535162,784.27938296168,20700166
2023-03-10,764.4072265625,776.4845264268987,762.6509523697192,774.8966492145099,27387000
2023-03-13,754.7357177734375,771.6968814107662,753.0034668384583,764.0463022356049,26443550
2023-03-14,752.7147216796875,761.9772004206781,750.2848599011005,755.5536230150942,33185612
2023-03-15,741.91259765625,761.6404762620406,739.3623849761033,759.2827424375032,37264754
2023-03-16,746.7241821289062,750.188566152108,737.1730148168983,740.5171069124015,21753342
2023-03-17,756.70849609375,759.8601097073861,740.9983568458301,749.4187927190782,22950876
2023-03-20,751.4636840820312,754.5190873460873,743.5966036348024,754.446900441081,26503114
2023-03-21,759.9804077148438,761.4479929018443,748.793257108229,756.3716494546454,33050494
2023-03-22,758.2241821289062,763.156151684689,753.1719206327385,762.1697342790129,14177324
2023-03-23,752.137451171875,765.2251917130186,749.9240910601629,754.3508112835871,28364178
2023-03-24,750.9344482421875,757.3099208232004,748.1917568712191,750.6216774626521,31477748
2023-03-27,754.2063598632812,759.9803728144399,750.092410877359,751.6802291971494,31872006
2023-03-28,760.3412475585938,761.6404357125624,752.5944586072359,753.3643152523856,39276302
2023-03-29,763.9981689453125,770.8307274292553,761.1592675027767,762.1697080199377,39763612
2023-03-31,774.4635009765625,776.0994241800914,766.2114631109374,767.7511762682442,34711228
2023-04-03,774.9447631835938,777.422730170773,771.1916311425683,773.5012598964762,40025398
2023-04-05,795.7310791015625,796.813706420068,777.5669985355254,778.8180228007624,43365392
2023-04-06,801.7938842773438,803.1652006446278,792.5314049071793,793.2291334002176,44637344
2023-04-10,797.9926147460938,804.0312933763835,795.8514417980481,800.3022433921424,31813286
2023-04-11,800.3263549804688,803.2614665555587,794.4560730939902,798.2573101275717,42361542
2023-04-12,810.7196044921875,812.3074229248433,802.4916471991853,802.5878572606912,26955504
2023-04-13,814.3523559570312,816.5657746530499,807.4716921966794,812.3555567321653,35330086
2023-04-17,801.938232421875,827.6085198214015,795.5146547856368,827.6085198214015,32405148
2023-04-18,798.5460205078125,807.0386434079419,797.00630713609,803.550177070361,29637226
2023-04-19,801.4810791015625,803.6944976892919,797.3671301762054,801.1442851788886,24741168
2023-04-20,804.4644165039062,807.1348624191324,801.8179937357015,804.3681477069183,32922716
2023-04-21,805.7634887695312,806.8942212156402,800.3022466466929,803.0689611623811,20128618
2023-04-24,812.2833251953125,813.8711434821779,805.5228950106629,811.729970551708,35675852
2023-04-25,800.7352905273438,812.066755339811,799.6526631336261,812.066755339811,50353068
2023-04-26,804.416259765625,805.955973055451,796.3326181532963,798.738456878835,27392750
2023-04-27,808.843017578125,810.8879805910382,801.5533141495392,803.7907560168101,47790392
2023-04-28,812.0186767578125,813.6546588421882,803.5501361717647,810.6232785465422,27916272
2023-05-02,811.8502807617188,817.5040017864336,809.3241500911014,812.547950500037,32221184
2023-05-03,814.6891479492188,816.0604642226169,808.193383640843,810.7435373497618,29407270
2023-05-04,831.3616943359375,834.5614130090665,811.7781309061464,811.7781309061464,56854638
2023-05-05,782.2103881835938,799.1955750303342,780.5022191249311,788.6339660930405,62770416
2023-05-08,791.25634765625,794.095249360511,784.3034965950662,786.7093355416769,37244524
2023-05-09,791.2803955078125,796.813824847028,789.0910586660377,793.8787132056606,43688938
2023-05-10,794.937255859375,796.1642571593527,785.7950682892969,791.2803925786036,46340550
2023-05-11,795.466552734375,812.2112150220032,793.5659634923215,801.216542964019,35734618
2023-05-12,802.4916381835938,804.8974770572269,791.1601135942614,792.4833249747595,22478760
2023-05-15,806.3410034179688,808.7227604763904,801.1924728395238,804.5125423272495,18512260
2023-05-16,801.7174072265625,813.641207320555,800.1113205928083,813.641207320555,32722086
2023-05-17,797.4102172851562,803.0314612780545,791.0346460503185,803.0314612780545,30466868
2023-05-18,800.5980224609375,804.953835962047,798.1645938212387,802.0580796447568,49646942
2023-05-19,801.522705078125,803.0314188922503,794.0520913358603,802.0580474754112,30460332
2023-05-22,798.6756591796875,804.4428733296279,794.6117857136817,800.5980440930408,28334032
2023-05-23,796.8018798828125,802.8367950174272,794.9768083346355,802.5447954516952,22470074
2023-05-24,786.3867797851562,795.6094500592069,785.3160355965606,792.1053367744181,33588112
2023-05-25,783.3693237304688,788.455225154943,777.407423655138,786.3380947431477,29776930
2023-05-26,786.3867797851562,787.9441502650901,779.7921647697594,787.9441502650901,26635066
2023-05-29,795.9744873046875,798.6512587386072,790.7912725552128,792.5676872978805,21816292
2023-05-30,796.5828857421875,799.4543434930372,792.5920864341458,795.0498137776772,37125928
2023-05-31,783.977783203125,795.7068987144811,780.9603551065537,793.2491711514361,43334270
2023-06-01,780.6439208984375,788.3822359863269,778.6971779535536,788.3822359863269,50366938
2023-06-02,781.860595703125,785.9001108734474,779.1838242892643,784.7563519232599,17859710
2023-06-05,780.8386840820312,786.7275701890972,779.8896111568738,785.7541986206603,18697242
2023-06-06,778.4051513671875,783.4909933701617,774.9253365920524,782.4203085516023,32182852
2023-06-07,782.444580078125,784.805053262948,776.7503811233141,780.3761658426776,24949026
2023-06-08,782.9312744140625,791.350960923385,780.278861070367,780.278861070367,37395522
2023-06-09,783.8560791015625,787.7009085166137,782.1040222342899,786.4355374130215,18212578
2023-06-12,779.0865478515625,786.3868338718737,778.4294745818307,784.8051052341397,13408292
2023-06-13,780.4005737304688,783.0773452649356,773.8789730190645,773.8789730190645,27926108
2023-06-14,779.5488891601562,784.5374180278894,778.7945024942541,783.7830313619872,20113968
2023-06-15,769.961181640625,781.5929230405386,768.4767664026215,780.6439096325554,35377476
2023-06-16,780.0355834960938,783.1746828103192,770.9102257106925,772.4432977006162,15779272
2023-06-19,780.7169799804688,785.6324943134937,777.8941787861185,784.0507655809437,24829146
2023-06-20,782.3472900390625,784.0506900484788,774.146647589991,780.7169047691681,20005626
2023-06-21,796.0231323242188,796.8261756245972,784.050675786365,786.4841043269806,24308946
2023-06-22,799.9166870117188,806.7059888717916,797.7023024946114,798.1646301932708,56596140
2023-06-23,799.8680419921875,807.8497002925832,795.2688853504051,796.9722855006775,21339218
2023-06-26,795.9988403320312,803.3964393933287,792.6649956756461,800.5979965482512,16130314
2023-06-27,807.2169189453125,814.1765484676322,797.4589059580019,799.6002755865209,33831864
2023-06-28,815.7583618164062,817.5834334461853,808.1417176661517,812.7652324615918,59562950
2023-06-30,828.047119140625,831.6486054517263,819.2137611926184,829.3124901661796,40699016
2023-07-03,837.002197265625,855.3502267293802,832.2326530339916,833.449367439012,44104116
2023-07-04,841.0902709960938,850.2399866599931,834.0820438772298,838.778513734139,38795188
2023-07-05,814.3712768554688,837.0994772709068,812.0595195781218,835.2744057361592,37165754
2023-07-06,815.1986083984375,821.4525082286525,808.0930085295972,814.2252369257229,52156544
2023-07-07,808.093017578125,815.1986175265295,806.0976179186929,810.3317601084606,19926336
2023-07-10,806.1705932617188,816.0503378295722,802.8854644229833,808.3850372058562,38398442
2023-07-11,802.2527465820312,815.6852604691176,800.8413461228718,809.3583461576029,50670426
2023-07-12,794.7334594726562,810.9644765133695,791.9107178120092,805.6352319869237,70958358
2023-07-13,798.699951171875,806.6572510904781,797.2155953198356,806.2922367876993,41913546
2023-07-14,800.3546752929688,804.7835035114284,795.7311609024043,804.7835035114284,24727214
2023-07-17,817.0966796875,818.6053935606003,794.7577929158504,803.0314502823962,49252928
2023-07-18,816.415283203125,829.3124545920268,812.7651403572094,826.3923403152943,81076818
2023-07-19,820.1141357421875,821.8905505906512,815.1986216073076,818.1673927652148,32935134
2023-07-20,821.8905639648438,823.4722926593728,817.6320636334198,818.1917641303833,56210948
2023-07-21,815.5635986328125,822.4015567907909,814.3468843278255,817.6320129512904,42154248
2023-07-24,816.8533325195312,819.8951183000274,812.813817239081,816.9019892100436,32179444
2023-07-25,825.7109985351562,826.879056170404,816.8533420034627,819.8951278192749,55992596
2023-07-26,822.8395385742188,827.1710534459679,821.5255108693627,827.1710534459679,24794358
2023-07-27,814.2982177734375,828.8257745170246,811.5240735457453,827.3170606790924,59741302
2023-07-28,799.8680419921875,812.2298721075693,798.6999842928814,808.6283856221597,41015684
2023-07-31,803.615478515625,806.3409662159895,797.5319067020986,803.0558374366854,34565006
2023-08-01,808.993408203125,811.5241504025686,803.0315076162769,805.1972354940766,35394188
2023-08-02,798.407958984375,803.7615021412346,794.830830666086,799.1379875966741,28116322
2023-08-03,792.6407470703125,803.6884896703888,789.8909607409018,798.1646183703506,57673946
2023-08-04,804.1021728515625,806.1949453417267,792.9327586465489,795.8042164551875,37388304
2023-08-07,803.6398315429688,809.4070457041624,801.8391180613743,809.4070457041624,28300918
2023-08-08,802.9828491210938,805.7569341954113,799.1623777784342,803.8588478451442,43773828
2023-08-09,803.2747802734375,805.221523152016,793.8330654303563,804.4914945725491,33361236
2023-08-10,796.1448364257812,805.099865704745,793.7844225264857,801.5957522263969,50781118
2023-08-11,787.846923828125,797.3859527425766,786.5814933374278,797.3859527425766,28225822
2023-08-14,784.0020751953125,785.9974748594191,778.8188601509507,784.0507318876311,31304410
2023-08-16,781.714599609375,783.3937010320665,769.5961724006356,770.4721710730195,34137542
2023-08-17,777.3831176757812,783.5153458133944,775.7770310495571,777.529087744607,52884040
2023-08-18,774.1953125,776.8964420218484,771.6402124587459,772.6379419530916,25633366
2023-08-21,773.5869750976562,778.9405181779168,772.3702607612333,778.9405181779168,21837270
2023-08-22,770.2774658203125,777.7237811054864,768.963438139342,776.9207377849476,32273570
2023-08-23,772.1755981445312,774.0980425006611,765.6783552717781,768.9634840803492,36498588
2023-08-24,768.622802734375,776.8477441031978,767.0897307917666,775.4364030038525,43145792
2023-08-25,759.9597778320312,767.746749618975,758.4510639302869,766.3110504597091,30069756
2023-08-28,767.868408203125,770.2531801549441,759.9597651143588,759.9597651143588,28867238
2023-08-29,773.976318359375,775.1200179106506,769.669102242421,773.6842594017068,35538932
2023-08-30,768.3307495117188,780.6195643753474,765.8973208258516,780.6195643753474,28084204
2023-08-31,764.80224609375,770.4965046276685,760.7384322394234,768.4767470204652,100075772
2023-09-01,766.384033203125,768.4768057096691,758.9134187598048,764.5833196769412,43226776
2023-09-04,771.1778564453125,774.5359402767891,766.4813275172515,773.830269769566,25073638
2023-09-05,766.4813842773438,773.0516417713671,764.38861183011,773.0516417713671,38712082
2023-09-06,776.507080078125,778.6971658570981,766.4813659496907,767.4060807161218,56320910
2023-09-07,783.977783203125,785.5108553045627,772.4433538873283,776.5071683013815,34208342
2023-09-08,790.085693359375,794.7092081887672,782.3960344054848,782.7367500914759,34502210
2023-09-11,794.173828125,796.4612273788786,790.3776555229446,792.762427572447,31573022
2023-09-12,796.6559448242188,799.576059429664,790.888730360441,798.164658821722,39033340
2023-09-13,800.062744140625,803.8102007820438,792.61642814262,793.9305153592652,46420094
2023-09-14,799.5760498046875,803.0315068308923,795.7798770993519,800.2330637010272,23538848
2023-09-15,808.75,812.7651572137806,803.0314427561306,803.0314427561306,173411202
2023-09-18,792.8353881835938,805.464858730247,791.399629677695,804.8565015861909,37056288
2023-09-20,761.0304565429688,778.2104866731253,759.4244292708094,778.2104866731253,115474648
2023-09-21,755.9932861328125,763.5855718328563,748.0603441770149,755.8229580049356,72841442
2023-09-22,744.4588623046875,761.3711919566923,741.5874045249608,758.7430770496563,61704250
2023-09-25,745.1158447265625,749.8366724935371,742.195730377536,742.195730377536,40208754
2023-09-26,748.3523559570312,749.4960555884529,742.1957693327212,742.1957693327212,27575308
2023-09-27,743.0960693359375,745.8458554975613,737.3288555163493,741.2223412220462,39338538
2023-09-28,741.5630493164062,748.3279930851168,738.9592924506106,746.5759362770035,55354188
2023-09-29,742.8284301757812,747.2815569377753,740.8816873168103,741.5629997895483,32053782
2023-10-03,733.9464111328125,743.1690816035621,732.9486816600946,743.1690816035621,38971694
2023-10-04,744.4102172851562,747.0626308751249,724.7967576747751,727.5952007546005,54649430
2023-10-05,747.4276123046875,755.1172706279191,745.8945403681716,747.0869560565192,48512674
2023-10-06,746.600341796875,751.9295273041055,744.5562258825445,751.4428415259151,17759356
2023-10-09,737.937255859375,744.6291848078113,735.8688414571311,743.6558133244023,16454972
2023-10-10,742.1227416992188,744.1424994102023,737.426212407623,740.0300286548502,33266292
2023-10-11,749.3013305664062,750.5424029295025,743.8991308991633,744.6778161774354,31333360
2023-10-12,754.2898559570312,755.3362421435227,745.4078415117224,747.5979272653602,22025336
2023-10-13,747.4276123046875,753.7788848660191,744.6048112974557,749.4960266639874,39745300
2023-10-16,744.4345092773438,746.794923276397,740.0056808464606,745.3592240817852,17856084
2023-10-17,750.0800170898438,757.1613181665532,747.0625893528261,757.1613181665532,32902558
2023-10-18,739.640625,750.0800099587005,738.8375816778204,750.0800099587005,31216200
2023-10-19,737.3045654296875,742.8041382598725,731.5860077723223,732.6567520860139,30252364
2023-10-20,741.1250610351562,743.1691173582408,732.46203118805,732.46203118805,21094010
2023-10-23,732.9730224609375,744.0207640901824,730.0772068991747,741.4656641644435,22376136
2023-10-25,728.3252563476562,741.1251158897211,725.8674694399969,740.2490577379119,28311996
2023-10-26,712.2158813476562,726.1350808000519,710.6828094760561,725.7700665168079,55561798
2023-10-27,715.0143432617188,719.3215000369331,713.9193003827721,715.1846713831347,31940532
2023-10-30,722.7769775390625,725.1373914861161,711.4858921827074,712.1429060469561,23310982
2023-10-31,718.591552734375,731.9754116576363,717.3748382868058,731.9754116576363,32634824
2023-11-01,717.6181030273438,719.053802155173,711.6562028835086,711.6562028835086,33877466
2023-11-02,718.7131958007812,725.4051249981815,714.041024388573,722.7283533192214,45225154
2023-11-03,722.1199340820312,725.8430917067044,721.0979059562075,724.18834838353,18095340
2023-11-06,727.351806640625,729.0552066561768,721.7549208752405,729.0552066561768,25593730
2023-11-07,723.8233032226562,727.1084316790375,718.9320882014275,727.1084316790375,41952848
2023-11-08,725.9161376953125,726.8407930714139,720.7815793854345,722.2172785513859,31399546
2023-11-09,723.044677734375,726.4271198457463,721.9982915168673,723.2150058605088,22116740
2023-11-10,725.8917846679688,728.0818705084018,720.3192566823748,720.3435553235623,14015186
2023-11-13,724.5776977539062,728.0574529993991,723.1662973344708,726.1837249264701,20605914
2023-11-15,732.1700439453125,735.3577999173147,730.2963157159859,732.0240144584016,41245460
2023-11-16,734.0924072265625,739.2756221207742,731.8536647558356,734.7494210785321,29713838
2023-11-17,732.5106811523438,733.6787387876133,724.6750527726409,725.16173850318,23701874
2023-11-20,732.559326171875,736.3554985735485,730.7829708116128,736.3554985735485,19331452
2023-11-21,738.7645874023438,740.7356883923068,735.9174877356371,739.2756311878541,24959972
2023-11-22,736.1365356445312,739.7623206231069,731.7563640092628,739.7623206231069,29123650
2023-11-23,740.3950805664062,741.6360936254299,734.1654789893513,734.1654789893513,13046220
2023-11-24,745.6511840820312,746.1622278549652,739.6892839772345,740.3462978210936,16469192
2023-11-28,743.97216796875,748.1576534487249,742.5851254924052,747.1599239182611,28489338
2023-11-29,758.8160400390625,760.6897681490088,746.0891967833849,746.5272258063289,34042488
2023-11-30,758.6456909179688,765.2889031775027,750.5423621524202,763.6828760176745,69491440
2023-12-01,756.990966796875,762.0281520239192,755.3848801865702,758.207681074416,22153536
2023-12-04,783.2720336914062,784.5374047202694,765.873018667368,772.8569470817542,50662456
2023-12-05,790.2316284179688,797.6779441560443,786.7275147823341,796.4612297811876,52230820
2023-12-06,792.22705078125,797.4102062498663,786.8004930390686,797.4102062498663,38613060
2023-12-07,793.5167236328125,795.2444817359088,786.5814519897668,790.86431017188,20450386
2023-12-08,804.5888671875,805.4649253113081,793.5167662504412,793.5167662504412,33728038
2023-12-11,803.5181884765625,809.6990738547369,801.5714454396721,803.0558607692541,23187620
2023-12-12,795.5364990234375,806.0732571804058,794.1981132379304,805.0755276490755,36581476
2023-12-13,793.7357788085938,796.2178641804811,786.0461204150259,794.4901060535459,29346914
2023-12-14,803.1044921875,807.3872910879392,800.5980487244109,801.0847344683164,35172366
2023-12-15,806.2192993164062,811.7918273650013,801.3767404796611,803.0314839042278,138837130
2023-12-18,805.8056030273438,810.1857749432232,803.4938456272962,808.2390318694991,18014754
2023-12-19,804.4428100585938,807.2412528497581,800.1356534706899,803.0314096384661,24008446
2023-12-20,806.4382934570312,812.2541644467366,800.3303634873538,806.9249792104754,34232520
2023-12-21,820.8927612304688,822.3771764061897,803.1530909094922,806.438219443738,36589240
2023-12-22,813.1788330078125,820.5034769444852,811.3537615362043,819.3840760112807,48578850
2023-12-26,818.8244018554688,820.5278019503709,812.059517577905,814.3469167985355,18045856
2023-12-27,828.9718627929688,830.5292334309963,816.9506891067552,818.3620896655261,27009078
2023-12-28,829.9208374023438,837.7808237889657,828.3391087868577,831.8919383640549,44076470
2023-12-29,831.8675537109375,834.6173398672829,825.4189680232558,825.9056537355337,25011426
2024-01-01,826.4410400390625,831.8189412093673,823.4722689184366,830.285869252277,14239686
2024-01-02,826.9276733398438,828.7284461026671,821.8661301022644,826.7817032735886,29242092
2024-01-03,814.176513671875,829.653083176837,812.2540695245034,828.3390555600513,28389762
2024-01-04,822.9125366210938,824.907936188308,813.1058074949292,816.6586370098769,26734056
2024-01-05,818.7026977539062,829.7504992888211,811.8404409559379,821.1118277236433,31889470
2024-01-08,809.577392578125,818.7757651976441,807.8983504931613,816.9020369293803,17998470
2024-01-09,803.2747802734375,816.5613241836867,801.4497088247701,811.3781093874959,25326888
2024-01-10,805.92724609375,807.8739890989318,798.8460040583302,799.6246893784266,16115824
2024-01-11,802.5447998046875,809.309743595266,799.6246853117656,807.8983430417109,18314010
2024-01-12,798.7485961914062,805.95156875827,795.0497965259408,804.0048258385641,19773552
2024-01-15,814.1278686523438,818.0700109690749,799.9166104629336,801.9120099654888,28320356
2024-01-16,817.2183227539062,819.4084084513863,806.9735647828543,814.2251937520415,25322500
2024-01-17,748.279296875,777.1397839265529,743.8504686909188,764.0965828252033,170145236
2024-01-18,723.2880249023438,737.32889662945,720.3192537681881,727.1084960821111,161070930
2024-01-19,715.744384765625,735.0171279009493,714.6493418669147,732.924355486129,109600538
2024-01-23,694.6708984375,717.7154569857805,693.5271987986505,712.9946289403671,115469402
2024-01-24,708.5657958984375,709.8068089160445,671.7480069982282,671.7480069982282,86004404
2024-01-25,698.3453979492188,709.27146932584,690.8017687875753,706.9110553088505,98941852
2024-01-29,707.9573974609375,711.9238979776146,703.6502407027771,704.7452835773879,65645498
2024-01-30,702.9202270507812,712.1185398649957,701.2654836786888,707.90875580775,41728768
2024-01-31,711.80224609375,717.8371016849802,699.2700884068386,700.5841161285045,65761040
2024-02-01,713.651611328125,717.1800828855794,708.6387839338071,713.0189555223712,32690740
2024-02-02,703.8206176757812,720.7085896391353,701.8252179588541,717.8614898495053,44867754
2024-02-05,703.1879272460938,706.6190857097415,697.931756543557,703.7476277670278,38605046
2024-02-06,702.8228759765625,705.5483042801744,697.2259898811583,703.5286059562596,41075740
2024-02-07,695.9362182617188,707.5437201567751,694.330191039234,707.1543478186637,54837086
2024-02-08,682.8444213867188,700.3163911601653,681.6033490400813,695.8875630019661,69106124
2024-02-09,683.112060546875,688.2709172654594,675.033089526087,677.5395328507874,56642124
2024-02-12,676.4931640625,688.0032934481292,673.2566920790741,681.18969323455,34447812
2024-02-13,678.658935546875,683.4771364619307,673.7434212435891,677.4422211445823,57580994
2024-02-14,673.597412109375,677.2231970540489,663.6203545889955,669.6795681971766,91320810
2024-02-15,688.197998046875,688.903668609651,673.7433958465795,674.0597534612269,41584944
2024-02-16,691.0451049804688,694.8412181662663,685.4725175238648,692.9918479710976,32175742
2024-02-19,689.682373046875,695.4739454261017,688.7576582283627,695.4739454261017,34451756
2024-02-20,707.7870483398438,709.22274741334,687.1029057664576,688.660276266856,56133508
2024-02-21,700.413818359375,712.5079475266035,698.3940605878935,712.5079475266035,45893136
2024-02-22,690.874755859375,695.3765988884213,687.2975681948778,689.9986977762575,50560882
2024-02-23,691.3858032226562,697.8587478235042,690.1204320838871,692.3348761341468,29833452
2024-02-26,692.213134765625,698.3210050066913,687.9546346452112,687.9546346452112,23506870
2024-02-27,691.1668090820312,694.3545652339111,687.7113519923358,687.9546948776648,32087150
2024-02-28,685.9348754882812,693.1377886016653,683.3067606806109,691.1667470533215,25321986
2024-02-29,683.0147705078125,686.4215706434694,680.0459994144303,682.3820552900959,53295700
2024-03-01,696.3256225585938,697.2989940386686,681.360036052442,681.360036052442,34738898
2024-03-04,697.274658203125,699.3674307159147,693.186545384466,696.422958130924,35616474
2024-03-05,701.2410888671875,702.2874750189414,691.8967470591605,692.067075174591,37991672
2024-03-06,702.0927734375,707.0813018234176,697.688303532932,697.688303532932,42409530
2024-03-07,703.7962036132812,706.2053335588424,701.5088045068723,703.504204064998,49348046
2024-03-11,694.8899536132812,703.7232526512562,692.5538381955413,695.9606385239804,50531094
2024-03-12,710.3422241210938,712.5079519871562,695.5956218426523,697.9073792005341,65418454
2024-03-13,710.755859375,716.2067158438075,705.7429725398497,713.2379447418698,63067454
2024-03-14,708.3467407226562,713.4812990740788,702.9202422173576,711.5832127948388,52432158
2024-03-15,706.9840698242188,710.2205419583659,701.9225261192986,705.6943406988961,143613804
2024-03-18,703.77197265625,708.6144722431341,698.7834435762417,704.2343003680048,21437856
2024-03-19,705.3779907226562,706.8624060469253,698.6374048635253,698.6374048635253,36183594
2024-03-20,696.4716186523438,706.4973325344582,693.3568181834665,705.2319615530049,43606094
2024-03-21,703.6259155273438,706.3026871236781,700.0001304926251,702.0928435492851,28922860
2024-03-22,702.2144775390625,706.0593065998343,699.7323922549797,701.3141208411934,45980326
2024-03-26,693.7218627929688,699.8297331586394,692.1401341445468,694.5978614753975,56844290
2024-03-27,701.1681518554688,704.6966236214441,691.7021375713913,692.8215385852401,62168668
2024-03-28,704.6723022460938,710.8045307526719,701.1681292352769,701.1681292352769,55592142
2024-04-01,715.67138671875,717.2774734382766,708.4197572494843,709.5878149173326,25199570
2024-04-02,720.3678588867188,727.5221149937069,712.1428585816917,713.0675733041284,41225446
2024-04-03,721.414306640625,727.9115494819865,716.109420115624,716.450076374618,45584386
2024-04-04,743.461181640625,744.6292393883092,731.9754091764817,731.9754091764817,88935066
2024-04-05,754.1439208984375,756.5529915753328,744.7022055513205,749.0093625181328,59055902
2024-04-08,752.7081909179688,757.8914061879058,750.2504634550537,756.7720051664586,20482940
2024-04-09,753.6572265625,756.7233110790663,749.6420692068525,756.7233110790663,21884494
2024-04-10,747.7196655273438,754.3142814277871,746.0649220391629,754.3142814277871,27807400
2024-04-12,739.2512817382812,744.5561681914903,736.5745101656407,740.2490112702176,41084208
2024-04-15,727.4490966796875,734.8954117012732,726.1594270943376,728.8361984614614,23415248
2024-04-16,734.5304565429688,736.3068713842836,721.3899415012858,723.7016987771374,20744886
2024-04-18,727.4490966796875,739.2025682918519,725.6727413912242,734.7980983246009,34234884
2024-04-19,745.2619018554688,747.0382572891224,720.4165709168466,723.4827148610226,34576434
2024-04-22,735.9661254882812,757.9643557818745,734.0680986992392,757.9643557818745,42298438
2024-04-23,733.7273559570312,742.9257276507318,731.6102850251966,742.8284142738174,26827060
2024-04-24,735.7228393554688,740.6140550056098,734.4331696198528,737.3289261268269,22441580
2024-04-25,735.260498046875,739.616311752735,733.0704121681982,733.0704121681982,35445204
2024-04-26,734.7981567382812,743.6558134751455,732.729742335618,739.6650141563123,24854694
2024-04-29,744.3858642578125,746.7949349875348,733.216449914726,737.3289207914913,36093350
2024-04-30,739.8109741210938,749.2526892649995,737.2802320622603,744.2398024289921,52307382
2024-05-02,745.7241821289062,748.0359392606487,739.9326102747762,740.7356535814621,33475006
2024-05-03,739.567626953125,749.7880273318675,733.5327119903678,746.2108990812835,31865242
2024-05-06,741.0520629882812,746.819277196089,738.3752913854279,740.7357053714223,28793396
2024-05-07,733.021728515625,741.7334150168236,732.0483570497901,740.7113274497933,28480602
2024-05-08,721.5845947265625,728.5441648774708,720.465193806477,728.0574791574124,41687862
2024-05-09,704.4776000976562,723.5800151607533,703.4069152466064,717.83709973452,46281278
2024-05-10,709.361572265625,716.2928456267198,703.8856031439476,709.9042250216206,27276608
2024-05-13,717.9208984375,720.1655815796556,705.6122976051453,706.4509373389452,27047202
2024-05-14,720.7328491210938,722.9775322143812,715.4789152317669,716.4408878596623,25665142
2024-05-15,709.6575927734375,720.116199874965,708.3256213801538,720.116199874965,38931996
2024-05-16,720.3875122070312,721.5221990437014,708.1775543730138,713.3822271543565,34945236
2024-05-17,722.286865234375,724.210870736283,713.4562165510583,713.4562165510583,20920190
2024-05-21,719.6721801757812,725.0494465734148,715.3801590157026,715.3801590157026,43769978
2024-05-22,719.8695068359375,723.0268413842214,714.4182283327197,719.203521164468,39996278
2024-05-23,736.3468017578125,737.8514873644924,718.808897899437,719.5982164877166,40861920
2024-05-24,748.4827880859375,749.814819731989,733.0908640200075,733.8308615274302,31060206
2024-05-27,753.6627807617188,762.1974428837648,749.3955099218479,751.5168000055969,29385440
2024-05-28,755.0440673828125,757.7820820455768,752.2321011517142,754.846722684579,27908904
2024-05-29,744.0921630859375,751.763434227272,740.6141508121484,748.8774560751649,35147706
2024-05-30,747.3234252929688,751.6400771573121,738.8381451452329,739.6027730570852,33755350
2024-05-31,755.5620727539062,757.7573743920395,746.9040786650703,749.370736784836,74079588
2024-06-03,775.615966796875,788.8372786068238,764.6640286682782,788.8372786068238,72637256
2024-06-04,731.6848754882812,769.1040704644005,717.3042453208712,768.1174071283333,89531240
2024-06-05,765.5520629882812,769.4000136473305,731.2901444599279,737.062160780223,81631650
2024-06-06,769.4493408203125,772.2859977724349,762.9867083301413,772.0147015010076,46422870
2024-06-07,776.1832885742188,781.6099363682906,765.675361251112,770.115345809898,36712216
2024-06-10,770.23876953125,779.784725413951,768.4134061980604,776.5040577255814,22454058
2024-06-11,771.9653930664062,775.0240252200629,765.7493660748642,767.6240504407497,29545326
2024-06-12,776.5780029296875,783.5586575880445,772.7546827700062,776.9973227739393,39280436
2024-06-13,779.8340454101562,782.2760131134276,776.5040566032491,780.3273770852536,24120192
2024-06-14,787.8013305664062,788.8373149959045,778.329326673916,781.4373401835603,25540554
2024-06-18,793.1785888671875,794.5105601294592,784.1259056214269,787.8012622589033,32415714
2024-06-19,817.869873046875,823.8145435842582,791.3039754417663,795.941305047812,90131196
2024-06-20,823.5431518554688,829.5124525875813,814.983860042712,823.7651872236406,41408742
2024-06-21,821.7672119140625,825.2698546527171,810.6179284522095,825.2698546527171,51630776
2024-06-24,825.0478515625,826.3798229097616,811.9005512360641,812.5172157896385,28544994
2024-06-25,844.2631225585938,847.025767804676,824.4065232844747,824.4065232844747,74521548
2024-06-26,839.40380859375,844.041138181783,834.2731473521208,842.5857736709851,47596666
2024-06-27,836.7644653320312,845.0770913433391,832.0531241260426,836.7397746618053,55074650
2024-06-28,830.671875,841.9198007397313,828.3038589383985,837.4798157900913,26476046
2024-07-01,841.2290649414062,842.2651095333842,828.7971320491276,828.7971320491276,21187024
2024-07-02,853.7597045898438,855.8810546817267,840.0204307746837,846.0637432263002,45921690
2024-07-03,872.531005859375,885.0369507276009,870.5576793248654,883.5569558267186,123217802
2024-07-04,852.0578002929688,868.1404005851939,850.9231133709549,868.1404005851939,45848658
2024-07-05,813.0598754882812,831.2638253093144,810.1492067263514,831.2638253093144,82242548
2024-07-08,806.7698974609375,816.4391857049037,802.7246020410699,811.678583484828,39087800
2024-07-09,807.3372192382812,812.3691778178521,799.369901303005,801.6639054458949,48550878
2024-07-10,802.20654296875,809.063864597064,799.5672308205436,804.1058576798249,45507182
2024-07-11,800.1346435546875,802.0832795528332,789.8239996598078,801.1459373403621,44177074
2024-07-12,800.5292358398438,808.2745787950348,794.8312914757237,800.1839277769812,56049960
2024-07-15,800.2332763671875,804.031966294815,796.8292758573642,800.9239527377698,33375694
2024-07-16,799.0739135742188,802.6505679180453,797.6186093434653,799.5672452078501,28950324
2024-07-18,796.6320190429688,801.1459557272271,788.9113662252444,793.2773395385489,33717064
2024-07-19,792.9319458007812,800.677228233124,791.0572615353138,797.2239068544229,26002152
2024-07-22,810.3218994140625,814.4905276323838,795.5712715150735,797.7172520784763,53744822
2024-07-23,798.407958984375,812.9119216218081,791.7973027922226,812.7885887086006,52002152
2024-07-24,791.3286743164062,799.6906218755655,783.4353677463822,793.3513220807449,61728206
2024-07-25,797.5198974609375,801.6638951787058,785.8772830890329,785.8772830890329,25535732
2024-07-26,798.2846069335938,800.0605887969758,787.5792741911353,791.7972838101718,43810540
2024-07-29,791.822021484375,805.0432741154053,788.4920327099303,796.7306475152811,51001148
2024-07-30,797.0020141601562,806.4739582617092,788.8373508245744,790.317345854264,54595834
2024-07-31,797.1006469726562,803.0946388161857,793.8693004409521,796.2373165488889,37820484
2024-08-01,808.471923828125,814.0219048337823,798.1859108540549,800.627938629233,26215174
2024-08-02,818.51123046875,824.1105327295066,804.6239322848401,804.6239322848401,44119238
2024-08-05,797.1006469726562,812.0239300120638,789.824004829474,809.1132611105608,41333634
2024-08-06,789.922607421875,805.5858871810888,786.0253355957136,804.1305829139676,45116050
2024-08-07,800.9239501953125,804.1306059860544,790.4159617464212,797.7172944045706,42346264
2024-08-08,810.3958740234375,815.6252376687839,798.8272709671206,801.1705962949537,33976950
2024-08-09,814.0958862304688,820.1885804457108,811.9252750900921,814.9839073123685,26644618
2024-08-12,818.9797973632812,826.7990913723679,812.6898193077751,814.9838233487179,39316196
2024-08-13,790.9093017578125,805.3146225179424,789.8980079765901,803.1439511462899,54055042
2024-08-14,793.1785888671875,796.0891971974215,790.9092152779186,792.5372336839343,32334428
2024-08-16,805.1665649414062,806.177918901087,794.7572792867222,803.3905830654421,27849246
2024-08-19,804.895263671875,807.9045746403995,801.0225621096914,807.9045746403995,19502164
2024-08-20,807.92919921875,812.0238759013653,802.8725499307859,802.8725499307859,31134494
2024-08-21,802.05859375,806.3752455426795,798.1119406824072,803.1932203742449,47630904
2024-08-22,804.77197265625,808.2252943260683,803.1439540663039,805.1172807347715,21300638
2024-08-23,801.6885986328125,806.1038926835937,800.6772446912317,806.1038926835937,20333422
2024-08-26,809.0392456054688,812.9858989531632,805.2159251748899,805.2159251748899,22364266
2024-08-27,807.9539184570312,812.714580974844,805.2159036816922,810.7412543536698,35773244
2024-08-28,807.6332397460938,808.9405806750858,804.2292392849356,807.9539173658313,26921188
2024-08-29,808.3485717773438,811.2345497877237,804.6979056469421,810.0505418236547,49052604
2024-08-30,807.5346069335938,819.9172195651064,799.7646332824804,816.9572296027775,445342100
2024-09-02,802.6258544921875,812.4185353190471,800.7758609185206,812.4185353190471,34049680
2024-09-03,807.7565307617188,809.0391809529892,801.4665524914798,806.1038818486695,37282860
2024-09-04,809.9519653320312,811.4319603519671,805.1172908451134,808.5706125582972,24682744
2024-09-05,811.7525024414062,813.947864316631,810.0505324148638,812.0238589250097,22876318
2024-09-06,807.5592041015625,812.8872099026286,806.1532209716318,808.2252499925564,26029602
2024-09-09,812.2705688476562,813.2572321563082,804.1799176724811,808.0772497858858,23792914
2024-09-10,814.169921875,815.9705945420105,808.0772877024264,815.9705945420105,26606646
2024-09-11,810.9879150390625,815.2305552034559,808.6692201411954,814.1945707781381,22226684
2024-09-12,822.1865234375,823.8638631072175,812.541925723635,815.970556634334,32424046
2024-09-13,821.8658447265625,825.8371886289187,817.4752411837702,825.8371886289187,23860532
2024-09-16,824.3324584960938,827.7118283198007,820.9285184448568,822.383822656841,15172820
2024-09-17,823.2718505859375,827.8104775064535,820.9778464556504,827.8104775064535,20127122
2024-09-18,836.0985107421875,838.1211584780381,824.4065144173259,824.7765131575844,40917342
2024-09-19,842.8571166992188,848.0370989791965,838.2444778560398,838.2691083056365,30651776
2024-09-20,858.989013671875,860.8390072921377,842.3884524296358,846.8037464482039,60623386
2024-09-23,868.1650390625,871.3963251528371,858.5203814686755,862.8370332933276,26965350
2024-09-24,872.2350463867188,878.9443447710721,865.4270455398441,870.7303607683197,33039036
2024-09-25,877.6863403320312,882.0770041306025,868.3377295053485,868.3377295053485,31965312
2024-09-26,879.832275390625,882.0769584056752,872.2350164313859,874.7016745924757,31899644
2024-09-27,864.6377563476562,877.2423442796407,863.3304153886946,876.6503703689774,35613502
2024-09-30,854.47509765625,864.0456833682003,850.701098537286,862.738402689165,26383534
2024-10-01,851.5890502929688,859.3837142697525,848.5797393423385,850.5037447767241,24572284
2024-10-03,829.7838134765625,851.5644172954591,825.5164827720641,846.3844351066934,48473398
2024-10-04,817.771240234375,834.0511850540141,815.4772359655595,826.083866681385,48683232
2024-10-07,798.1119384765625,818.4371776300311,795.7439225540929,815.0824984433904,94458296
2024-10-08,814.5151977539062,817.351854577489,800.1838900610866,804.1305430330278,29734406
2024-10-09,805.6846313476562,817.3272467507278,803.4892692768091,813.750592132383,41125642
2024-10-10,820.114501953125,821.6191272702827,805.363874384187,808.5705299330368,21754766
2024-10-11,814.4906005859375,821.1258875682706,810.6672800804614,821.1258875682706,23672594
2024-10-14,832.7931518554688,834.741848018609,815.9705545228965,816.9819085005773,18527508
2024-10-15,830.81982421875,837.6771462351046,826.5771840500105,835.7038196244212,19651130
2024-10-16,838.565185546875,842.585790426718,828.8465156450762,828.8465156450762,20470682
2024-10-17,825.4178466796875,837.5044718768119,821.4958240034423,836.1724403142362,14695732
2024-10-18,829.7098388671875,834.2238355924767,816.0198853262701,820.4598702584595,24809724
2024-10-21,852.8223876953125,862.4177242903107,844.1151323678729,846.063768270474,46548354
2024-10-22,845.841796875,858.3970631644344,843.9424218629189,853.4884373802005,38875280
2024-10-23,856.3251342773438,861.603759041874,841.1551854708522,841.1551854708522,38036090
2024-10-24,863.15771484375,872.5310159915173,857.4597103207274,857.4597103207274,30832258
2024-10-25,860.0744018554688,867.2030200365818,852.8223905419693,865.7970368926951,26130478
2024-10-28,855.5357055664062,863.8237012026692,852.9210840084185,859.383716444917,22012142
2024-10-29,864.2430419921875,870.2370336046123,851.0464203091243,851.5644426318723,35794926
2024-10-30,855.7330932617188,865.6737383463702,850.6024319063034,859.3837596235229,32715724
2024-10-31,856.2756958007812,857.8543931673494,848.234426273393,852.4770662952162,22895912
2024-11-01,857.0651245117188,860.419743696405,851.5397737386437,854.9437742666823,1759692
2024-11-04,845.6197509765625,860.8637106769045,844.0411138190809,860.8637106769045,28089248
2024-11-05,867.2030029296875,869.5956493162819,837.6277954866241,840.1437747820238,44232406
2024-11-06,865.92041015625,873.9370497603172,861.0364145993881,873.9370497603172,27787910
2024-11-07,861.62841796875,868.7323455565536,857.4104082699865,860.5184217555121,18895456
2024-11-08,865.5256958007812,869.1517316326272,861.2830556229201,864.3170573375987,19902986
2024-11-11,871.3717041015625,879.5116762015548,863.9223481240455,865.5750573030832,24565362
2024-11-12,847.6423950195312,875.6636561032956,842.9311140165652,874.1836611915717,31395406
2024-11-13,829.463134765625,853.1677439816382,825.3438276461692,846.9270867373347,35728500
2024-11-14,835.087158203125,841.05645917869,824.8998474928816,825.39317914741,27146470
2024-11-18,841.1797485351562,847.987749103584,836.1971111266544,838.6637692715708,27081968
2024-11-19,859.507080078125,865.1803941380466,839.9957889401087,845.5704607570133,50981272
2024-11-21,858.989013671875,867.7703408111802,855.5356922473849,863.0343691875372,35716512
2024-11-22,861.1597290039062,865.4517505554312,853.2417920363309,860.1484352390544,24773612
2024-11-25,880.8929443359375,889.7482832055338,870.6810037082952,880.6216480727867,427737274
2024-11-26,880.8683471679688,892.9302818593218,873.0983737208503,892.9302818593218,30935566
2024-11-27,894.06494140625,896.5562300169572,880.6709755435701,883.0143007972586,32714976
2024-11-28,884.6176147460938,905.8061839354122,882.07694483503,897.3702251985009,35722392
2024-11-29,886.04833984375,890.2662893460416,879.561016559754,888.6383310231244,27669536
2024-12-02,890.3156127929688,892.0176431336934,875.6636867426915,889.7236388960249,15110876
2024-12-03,900.9715576171875,906.4475265301775,895.9395389832724,899.1955156163089,43410242
2024-12-04,917.6461791992188,920.0635162996781,903.3642521901575,906.7435619082082,44669084
2024-12-05,920.4335327148438,927.4388181075851,905.3622266087298,917.596875706611,39682714
2024-12-06,915.5494995117188,919.6688066050771,909.7035317020062,916.1168429341786,17783156
2024-12-09,922.5301513671875,927.4634676846591,912.1701871004972,914.4641912323508,26947912
2024-12-10,921.5928344726562,926.3288062229569,916.881553393078,926.3288062229569,13325480
2024-12-11,919.1261596679688,923.4675021564423,915.9935158212785,918.4354833328279,14045426
2024-12-12,917.2268676757812,921.864197216933,912.0221946944998,913.1568815747593,17293790
2024-12-13,923.3934936523438,924.9968214762359,902.4268990322158,918.8301759997277,19009002
2024-12-16,920.1621704101562,922.5054957499956,915.2535445762154,920.1128492893367,13107082
2024-12-17,904.4002685546875,918.7562078618506,901.0702798391582,915.7962178924912,21079532
2024-12-18,893.2755737304688,905.7568882727958,891.5242825465077,902.7228866518356,23422312
2024-12-19,884.790283203125,888.5395915672278,877.6369745293333,887.7995941182149,25380770
2024-12-20,873.93701171875,886.7883251977108,871.7417099804251,879.2156362475025,25692348
2024-12-23,888.4902954101562,890.956953642833,878.7716860618692,879.1169941259847,11044592
2024-12-24,887.0596313476562,892.2889348142179,882.8416818560752,889.0083275055933,14485834
2024-12-26,883.4336547851562,893.916952377888,878.5003382709294,887.2816657547127,10481678
2024-12-27,887.1336669921875,890.9322967259654,882.6196702111419,885.4316968356189,7259330
2024-12-30,877.0943603515625,895.3969526845203,873.6903598921683,884.1489668763874,22222218
2024-12-31,874.60302734375,879.0183818635131,871.0263727843891,873.3450677348718,14117236
2025-01-01,879.4869384765625,885.0369191568942,868.8062969452952,874.8989303590305,7313806
2025-01-02,884.9136352539062,889.6989281059142,874.6770036544534,876.699651347947,18558576
2025-01-03,862.9356689453125,885.6536147489581,861.5050553855514,883.5569553072743,24426194
2025-01-06,843.8438110351562,866.8823756490298,841.5251763034672,858.4464162412277,18816348
2025-01-07,845.2744140625,849.0237223493897,838.6637582765616,846.063732614296,13527906
2025-01-08,835.8518676757812,844.4111600559388,830.4498497882179,842.7338203435289,19738190
2025-01-09,822.778564453125,833.237171528912,817.9932112311335,830.844525028491,40420222
2025-01-10,817.3272094726562,826.2811909461473,815.9705474379197,824.3571854708366,17453280
2025-01-13,804.5499267578125,812.3939122066796,801.3186405131205,809.0639234971638,21669066
2025-01-14,812.3198852539062,817.0558570637163,807.5839134440961,809.0145872775671,26661432
2025-01-15,810.5685424804688,820.2624606383587,807.2385540448483,817.2038286822469,14022892
2025-01-16,815.008544921875,819.201863784551,810.469857784879,815.4031740939097,21212454
2025-01-17,807.4605712890625,814.2438814190301,803.3905852110819,810.7905598983193,23112076
2025-01-20,814.6138305664062,819.3991231510713,802.1572072678132,802.1572072678132,17557618
2025-01-21,810.2478637695312,819.4485105158285,805.6352251722408,818.0671578930118,31158144
2025-01-22,821.9152221679688,824.8012002853578,801.8859089377631,810.2479165643738,30619306
2025-01-23,821.347900390625,832.2505181334424,814.6139111249832,832.2505181334424,34909158
2025-01-24,813.8986206054688,824.0119199318104,811.2839386423929,818.9305795964561,24236200
2025-01-27,804.0319213867188,810.839861804967,802.157237088582,809.6065327196525,22804166
2025-01-28,824.0611572265625,830.918478848159,812.5171851743912,812.5171851743912,30179312
2025-01-29,827.4651489257812,829.3644636153648,823.2964606110903,826.3304621132276,12619890
2025-01-30,834.470458984375,837.627793486482,825.1218486077116,829.2904768269195,25744846
2025-01-31,838.047119140625,840.9824182950722,830.7457868177106,832.3738053097981,15821686
2025-02-01,834.1990966796875,845.0770832229423,826.8485035606199,837.4304429485957,5587528
2025-02-03,827.8104858398438,832.1518283284162,820.6324864421063,823.8638327488314,20276540
2025-02-04,848.9744873046875,851.391824544325,828.8219005259823,833.0891713164636,28616502
2025-02-05,857.311767578125,860.4690419690123,847.9877873258422,854.9437515638108,23675506
2025-02-06,860.29638671875,862.8370567631686,850.5037655001158,856.1770794811201,26760716
2025-02-07,854.8203735351562,871.7169816976605,850.9970534399911,863.3303440695562,23509600
2025-02-10,846.4337768554688,850.2324064646851,842.857122399865,847.1984649999539,17195950
2025-02-11,839.3544921875,844.090464044396,833.0891440189461,840.1438107934578,22724704
2025-02-12,842.0184936523438,844.5837941723514,829.389155095277,835.2104927183359,22809570
2025-02-13,837.5291137695312,845.6937766231139,835.4818356095761,838.1704689996619,12602434
2025-02-14,836.1231079101562,839.601120018604,828.7971451888767,839.601120018604,19959892
2025-02-17,847.2230834960938,848.5304243918573,829.413823260936,831.3624591587258,12938946
2025-02-18,850.0350952148438,854.2284140997132,841.697778564227,845.1017788797033,16350910
2025-02-19,852.0823974609375,857.3610822217985,844.8057556604201,847.0504387449713,11884112
2025-02-20,832.2998046875,845.9157460199498,831.4118438608401,844.0904430253034,26390510
2025-02-21,834.9638061523438,836.1724445897772,827.4404985932164,829.2411711352042,15680940
2025-02-24,827.3665161132812,830.8691588600108,819.4732095421047,829.3398427560753,20693646
2025-02-25,829.9564819335938,832.7438177754724,824.406500920576,824.406500920576,24138708
2025-02-27,839.0090942382812,843.9671012979777,830.0551731686357,830.0551731686357,35786800
2025-02-28,854.6477661132812,857.0404125816553,831.2638337603047,831.2638337603047,54516728
2025-03-03,839.4285278320312,859.9017921530082,835.7531707549724,858.2984642242569,21205364
2025-03-04,843.5971069335938,845.7184570804238,835.3338019387764,837.6771272358142,19920958
2025-03-05,833.73046875,843.991790915382,832.8671383829512,839.6257577393887,21583872
2025-03-06,834.3224487304688,838.6144701478811,824.973838204501,832.2504799228543,32966088
2025-03-07,833.3604736328125,839.2311321984157,827.6131479773222,829.7838192395386,13372914
2025-03-10,832.4971313476562,838.6144556459366,830.3018296675241,833.2371287977431,15604050
2025-03-11,831.510498046875,835.7038170818192,823.8885481247595,829.9811819724781,19898430
2025-03-12,844.1644897460938,847.7904654359072,834.4952011662076,834.4952011662076,18784106
2025-03-13,841.9197387695312,848.9250839737969,838.688452760047,846.5817587561914,15736264
2025-03-17,843.7944946289062,850.5037932506908,841.1304915849349,841.1304915849349,18950652
2025-03-18,843.7944946289062,843.7944946289062,843.7944946289062,843.7944946289062,0
2025-03-19,860.4197387695312,863.823739278078,854.5490799535085,855.930432694155,15221406
2025-03-20,872.580322265625,875.1703133281802,862.9850461318551,865.3036807089222,17833978
2025-03-21,873.3696899414062,875.2196836615442,866.0684175252852,866.0684175252852,33508264
2025-03-24,887.9969482421875,890.1676194932312,874.997671627427,877.6369838460287,17393736
2025-03-25,898.5789184570312,909.5555477752322,888.7369760332164,890.4143157035983,39101416
2025-03-26,891.2283325195312,901.5636066855513,888.9836493829623,900.3302775382388,24478442
2025-03-27,900.5029296875,908.2235821777275,887.0596420099644,887.9969842041877,41658100
2025-03-28,901.9088745117188,905.7568853680813,890.8829244709937,902.3035639097062,28773648
2025-04-01,872.1363525390625,892.8809726796349,870.9030234039785,888.9836405685396,28511006
2025-04-02,886.4676513671875,887.602278026219,873.5423260418547,873.5423260418547,11573564
2025-04-03,885.456298828125,889.9702954640933,876.6503409310941,878.6729886492828,11250038
2025-04-04,896.5316772460938,908.6922548603657,893.4729847277881,894.4103269547068,33540454
2025-04-07,867.1289672851562,878.0562747489253,857.5090006629878,869.6450067324856,37995450
2025-04-08,872.7777099609375,879.1170096868965,863.4784203033727,870.730371547347,35563872
2025-04-09,870.7303466796875,875.6636630914704,865.0570328061372,870.7303466796875,22454608
2025-04-11,891.3269653320312,897.567622795633,875.540352413462,875.540352413462,32775766
2025-04-15,920.0142211914062,925.8848799667485,915.1302257322174,920.0635423129839,49298344
2025-04-16,926.4768676757812,929.33821542373,917.8435635307726,929.33821542373,19136820
2025-04-17,940.6354370117188,947.048748489299,925.835487448072,928.4501692927759,35703084
2025-04-21,950.6994018554688,962.3420166432835,942.2634427629204,949.170085798879,34247298
2025-04-22,967.7686767578125,972.1593405008402,954.5967457498784,954.5967457498784,45961750
2025-04-23,949.1207275390625,976.2539669757358,947.4433879660209,976.2539669757358,30570642
2025-04-24,945.6181030273438,949.1207455952106,939.8460867592294,942.2634238174406,25931754
2025-04-25,942.8554077148438,953.6100615716746,933.2848220611925,949.5647662059754,18500878
2025-04-28,947.29541015625,951.982060830828,941.4741328194633,942.8554253066497,13920492
2025-04-29,941.6714477539062,951.5380804410966,937.4287475214969,946.6047640975014,18918308
2025-04-30,949.6633911132812,955.5340495753018,942.4114402150566,943.7434115323153,31936870
2025-05-02,948.1341552734375,958.0007887427045,947.1968130496268,952.0314875380283,17840404
2025-05-05,955.4847412109375,962.9833580251333,953.2647488384409,956.5700467268101,15068024
2025-05-06,952.9686889648438,957.112686715781,949.3180830668039,952.1300492793257,17490156
2025-05-07,959.8260498046875,961.355365881208,948.3807795701131,954.1034146874002,21420778
2025-05-08,951.3900756835938,964.364722012384,946.752746184645,964.364722012384,34803430
2025-05-09,932.248779296875,946.7034204881495,930.8181657127636,942.3127568324845,17188796
2025-05-12,965.5487060546875,966.880737676539,943.3981625785179,946.0127842578852,18618972
2025-05-13,948.4793701171875,967.7686246091653,947.1967199365026,961.9966686855105,24242102
2025-05-14,942.5594482421875,952.2287366384547,938.8101397074491,948.2327622761527,15445308
2025-05-15,954.0047607421875,959.4314088460198,935.85013208818,943.9901042439285,32241458
2025-05-16,954.44873046875,958.9380967138302,951.340777169636,954.0047801554118,15868010
2025-05-19,956.4220581054688,959.5300716290252,952.6234284399217,955.5834183781088,10202964
2025-05-20,944.6807861328125,954.3993955236706,943.7434439560598,951.1927398071444,23879090
2025-05-21,950.5514526367188,960.4674068130723,947.739426083267,950.6500948788123,15132040
2025-05-22,947.1474609375,949.2687509312965,939.895449442171,944.828766015395,21306670
2025-05-23,953.9060668945312,955.583406549638,944.4834444188342,947.246089616049,9566072
2025-05-26,957.1619873046875,961.9473401627192,950.6007128758197,954.5966869630639,10802860
2025-05-27,950.3047485351562,961.0100208805311,945.3714322062008,952.9193700568147,26162148
2025-05-28,948.9234008789062,954.3500488693757,946.0620533045636,947.2953823933067,18157594
2025-05-29,950.896728515625,957.4580633637506,940.9314535555673,951.1433943336576,28917794
2025-05-30,959.480712890625,961.4047183192448,949.8607459686729,953.0674016093235,28748078
2025-06-02,953.166015625,955.09002099665,941.2767355690125,952.1793523801688,14668822
2025-06-03,949.466064453125,962.9833634640112,947.1967509482078,956.0767204883472,24377584
2025-06-04,957.6553344726562,958.6913790708478,947.6407385330224,947.690059651711,12961542
2025-06-05,961.79931640625,966.3873245707182,957.1619871239031,961.0099978567567,22255418
2025-06-06,976.1552734375,984.8379583134906,958.3953347348495,959.0366899431259,30127008
2025-06-09,976.2540283203125,984.1966559557253,974.7740333489505,984.1966559557253,13202588
2025-06-10,969.5447387695312,978.1780428487654,967.472709657825,978.1780428487654,15533126
2025-06-11,962.1940307617188,970.6793107759778,960.516691162301,970.6793107759778,11096394
2025-06-12,958.74072265625,967.4233474890254,954.7447484104943,961.9966994408974,16349130
2025-06-13,946.0127563476562,953.6100757725884,943.7434428106371,947.19676434732,12117762
2025-06-16,954.7940673828125,956.520728121515,947.2460692080249,949.1700746468088,16513746
2025-06-17,951.9327392578125,957.852719054467,946.7527569357399,955.5834055099792,16978736
2025-06-18,954.0540771484375,955.2380851367438,945.7167603313338,945.7167603313338,18433816
2025-06-19,954.7447509765625,960.4180648603083,949.9593979158449,954.0540746334422,16876220
2025-06-20,969.2486572265625,971.8140179089729,952.9193918485255,952.9193918485255,32900408
2025-06-23,961.2073974609375,965.8940481289003,957.9514206200562,961.2073974609375,11739518
2025-06-24,967.3740234375,976.3033140635843,964.7593416610487,969.3966711141703,22625322
2025-06-25,976.8953247070312,977.7833457795492,968.854054817417,969.8900392545883,18405932
2025-06-26,997.4179077148438,1000.0325292056699,976.7966216145232,977.4872979366618,50084830
2025-06-27,1004.9491577148438,1007.393088107433,994.2258430942326,1004.0015037809444,28213384
2025-06-30,998.2658081054688,1004.400566128524,995.2732550959096,1003.2533964547342,13649020
2025-07-01,1003.5526123046875,1005.4977838847651,999.5126780283082,1000.0114368496795,14389386
2025-07-02,990.5350341796875,1007.4429706558585,986.4950998423908,1007.4429706558585,18878250
2025-07-03,991.0836181640625,1001.507689459166,989.6871300276722,994.9739612315547,16860506
2025-07-04,992.1809692382812,999.2633203019867,987.5424877454124,991.0836632772651,7863944
2025-07-07,991.2332763671875,996.7196233059492,989.4377568185034,992.0312782906421,11349426
2025-07-08,998.2159423828125,1000.0114620081927,986.0462146584523,986.0462146584523,15224316
2025-07-09,1003.1036987304688,1004.4005203490875,996.5699704674603,1001.0089360727129,13861428
2025-07-10,1000.6099243164062,1005.9965439473215,997.5176439735463,1005.4977851253348,17030310
2025-07-11,989.3878784179688,999.9117385623401,987.9913902076418,996.5201541247731,12516922
2025-07-14,989.0387573242188,991.8816582943851,982.8541356715338,989.0387573242188,13088850
2025-07-15,995.2732543945312,999.3131887778599,984.0511806165923,984.0511806165923,14498168
2025-07-16,995.6722412109375,1008.8394251469304,993.826797075495,1006.4952830829005,17994612
2025-07-17,990.98388671875,999.9116815490105,988.8890631972324,999.5126501495852,22529158
2025-07-18,976.2705078125,996.0213445308241,974.0759568696542,990.9838927216935,16129446
2025-07-21,997.7670288085938,998.5151670456409,985.7968170158388,986.6446826643673,22309078
2025-07-22,1001.058837890625,1006.4953213272488,999.0139388595042,1004.051390877723,14836814
2025-07-23,1009.6375122070312,1012.3806857402005,999.0139248978445,1003.0039954915454,13634916
2025-07-24,1004.5999755859375,1016.3208076773761,1001.7072110041944,1016.3208076773761,19107176
2025-07-25,1002.2999877929688,1007.5,999.5,1007.5,9306598
2025-07-28,1004.25,1010.7000122070312,1000.25,1001.5,12059580
2025-07-29,1010.7999877929688,1013.25,998.1500244140625,999.9500122070312,19895696
2025-07-30,1012.9000244140625,1016.2999877929688,1008.5,1014.0,15154036
2025-07-31,1009.0999755859375,1015.7000122070312,1004.0,1007.2999877929688,22183032
2025-08-01,1006.0999755859375,1014.1500244140625,1004.6500244140625,1007.0,11317258
2025-08-04,996.0,1009.25,994.0499877929688,1005.0499877929688,13933946
2025-08-05,988.7999877929688,997.2000122070312,982.75,993.25,23978058
2025-08-06,992.6500244140625,994.0,985.0,985.5499877929688,14080204
2025-08-07,997.7000122070312,1000.7999877929688,988.4000244140625,990.0499877929688,13081186
2025-08-08,986.9500122070312,996.4000244140625,985.0,993.5499877929688,13895264
2025-08-11,997.7999877929688,998.7999877929688,986.5499877929688,987.9500122070312,9105854
2025-08-12,984.9500122070312,998.0,983.75,995.9500122070312,12937802
2025-08-13,990.1500244140625,997.0,984.5499877929688,997.0,13577396
2025-08-14,995.5499877929688,998.0,985.5999755859375,989.0,17511716
2025-08-18,1001.7999877929688,1013.2999877929688,997.7999877929688,1005.0,19284796
2025-08-19,995.5499877929688,1003.0499877929688,993.3499755859375,999.1500244140625,12352438
2025-08-20,994.0999755859375,996.0,989.5,993.5,9950228
2025-08-21,995.5999755859375,998.75,991.5999755859375,998.75,12439850
2025-08-22,982.2999877929688,998.0,978.5499877929688,994.9500122070312,19833502
2025-08-25,982.0499877929688,988.7000122070312,978.5,980.0999755859375,17518044
2025-08-26,973.4000244140625,985.7000122070312,968.0,979.5,16917731
2025-08-28,957.7999877929688,972.2000122070312,955.0,967.0,25438255
2025-08-29,951.5999755859375,963.2999877929688,950.0999755859375,954.0,14823813
2025-09-01,950.5999755859375,957.4500122070312,946.3499755859375,949.5999755859375,20178344
2025-09-02,944.5,954.7999877929688,944.0,951.0,14196320
2025-09-03,954.4500122070312,956.2999877929688,940.0,945.0,16083481
2025-09-04,961.25,965.7000122070312,956.25,960.2000122070312,17597657
2025-09-05,963.4000244140625,967.5,954.0499877929688,967.5,11602111
2025-09-08,966.0,973.1500244140625,960.4500122070312,969.0,11711307
2025-09-09,965.1500244140625,974.4000244140625,962.7000122070312,974.0,13985539
2025-09-10,965.9000244140625,973.9000244140625,961.7000122070312,973.9000244140625,18091100
2025-09-11,967.7999877929688,969.25,959.9000244140625,960.2999877929688,15113633
2025-09-12,967.2999877929688,970.75,962.25,969.9000244140625,14363519
2025-09-15,967.0499877929688,972.3499755859375,965.0,969.5999755859375,14486377
2025-09-16,966.8499755859375,969.3499755859375,961.2000122070312,961.2000122070312,18661794
2025-09-17,966.5,974.4000244140625,964.3499755859375,965.1500244140625,17361476
2025-09-18,976.9000244140625,979.6500244140625,969.25,973.2999877929688,17791598
2025-09-19,966.9000244140625,976.7000122070312,962.0999755859375,974.9000244140625,31243267
2025-09-22,964.2000122070312,971.2000122070312,961.9500122070312,964.0,10854415
2025-09-23,957.2000122070312,968.2000122070312,955.5,967.0,21022298
2025-09-24,951.0499877929688,956.4500122070312,943.0,952.2000122070312,15117220
2025-09-25,949.8499755859375,958.0,947.4000244140625,952.5,31413279
2025-09-26,945.0499877929688,951.4500122070312,941.2999877929688,945.0999755859375,14874656
2025-09-29,950.2999877929688,956.7999877929688,939.0999755859375,946.0499877929688,32398179
2025-09-30,951.0,960.0,946.2999877929688,958.0499877929688,28296687
2025-10-01,965.25,969.5999755859375,946.0,952.7000122070312,25350832
2025-10-03,965.1500244140625,966.75,952.0,952.0,26658296
2025-10-06,973.4500122070312,977.4000244140625,962.0,971.9000244140625,18542683
2025-10-07,982.5,989.8499755859375,971.0,974.0,25535736
2025-10-08,978.7000122070312,985.9000244140625,974.5499877929688,976.0,15939710
2025-10-09,977.0999755859375,979.0,970.1500244140625,974.5,15370950
2025-10-10,980.9000244140625,986.2000122070312,978.0999755859375,979.0,13757080
2025-10-13,977.0,981.0,972.0,974.2999877929688,18634254
2025-10-14,977.1500244140625,980.4500122070312,967.0,970.0,22934382
2025-10-15,978.25,984.9000244140625,973.3499755859375,975.0,23310447
2025-10-16,994.3499755859375,996.5999755859375,981.5,982.6500244140625,22936566
2025-10-17,1002.5499877929688,1009.0,986.0,993.9500122070312,25210511
2025-10-20,1002.9500122070312,1020.0,997.0,997.0,22195202
2025-10-21,1007.7000122070312,1010.0,1004.0,1006.0,3471600
2025-10-23,1008.7999877929688,1020.5,1006.0,1016.0,43526526
2025-10-24,994.75,1011.9500122070312,991.2999877929688,1011.0,17707768
2025-10-27,1002.9500122070312,1009.0499877929688,996.2000122070312,996.5,15700796
2025-10-28,1003.5499877929688,1008.0,995.0,997.6500244140625,33904289
2025-10-29,1007.8499755859375,1012.5,1000.0,1004.9000244140625,17769445
2025-10-30,998.1500244140625,1009.5,997.0999755859375,1000.0,19962917
2025-10-31,987.2999877929688,1004.4500122070312,981.1500244140625,994.0,23221330
2025-11-03,992.6500244140625,994.5499877929688,983.2999877929688,985.0,16607180
2025-11-04,985.25,997.0,983.7000122070312,987.0,20024544
2025-11-06,984.6500244140625,991.0499877929688,974.0,981.0,22279516
2025-11-07,982.2999877929688,984.9000244140625,974.75,980.0,15004568
2025-11-10,984.5,990.9500122070312,980.2000122070312,982.2999877929688,15988262
2025-11-11,991.7000122070312,993.5,978.0,983.5,10200530
2025-11-12,989.5,999.0,987.7000122070312,998.7999877929688,13137263
2025-11-13,986.6500244140625,990.0999755859375,982.5999755859375,984.0,14124839
2025-11-14,989.5999755859375,991.6500244140625,976.0499877929688,976.0499877929688,21386965
2025-11-17,996.5499877929688,997.9500122070312,985.5999755859375,991.25,18396408
2025-11-18,992.4500122070312,999.0,990.0,997.6500244140625,20002640
2025-11-19,994.5999755859375,996.5499877929688,984.0,990.0,19813847
2025-11-20,1008.8499755859375,1011.5999755859375,992.4500122070312,995.2999877929688,19850865
2025-11-21,998.0499877929688,1008.2999877929688,996.5499877929688,1003.0999755859375,17499897
2025-11-24,999.1500244140625,1011.4500122070312,993.5999755859375,1000.0,32204053
2025-11-25,989.7999877929688,1006.0999755859375,988.4000244140625,1004.0,24989383
2025-11-26,1003.9000244140625,1006.9500122070312,981.2999877929688,981.2999877929688,19494356
2025-11-27,1009.5,1016.7999877929688,1001.0,1002.0999755859375,25536848
2025-11-28,1007.5999755859375,1012.0499877929688,1004.2000122070312,1007.0,15988807
2025-12-01,1002.0999755859375,1017.5,999.2999877929688,1017.5,16746566
2025-12-02,989.7999877929688,994.4000244140625,985.0,988.0,27316662
2025-12-03,1000.5,1002.2999877929688,986.0,986.0,15448777
2025-12-04,997.2000122070312,1004.7000122070312,993.0,1000.0,14528169
2025-12-05,1003.2999877929688,1008.0,990.2000122070312,992.0,12843366
2025-12-08,1003.0999755859375,1006.5,997.5,1000.0,12901022
2025-12-09,997.0999755859375,1002.7999877929688,994.0,994.9000244140625,15294322
2025-12-10,989.7999877929688,998.5,985.2999877929688,997.5,15322830
2025-12-11,1000.2999877929688,1002.7000122070312,988.5,990.0,11844809
2025-12-12,1001.5,1004.7000122070312,998.2000122070312,1003.0,11988618
2025-12-15,996.0999755859375,1001.7999877929688,992.0,992.0,9790060
2025-12-16,994.2999877929688,998.7000122070312,990.0999755859375,990.0999755859375,20049088
2025-12-17,984.0,996.0,980.7999877929688,996.0,19080922
2025-12-18,979.7000122070312,987.4000244140625,973.2999877929688,973.2999877929688,14912404
2025-12-19,985.5,988.0,978.7000122070312,987.0,25952384
2025-12-22,987.7000122070312,992.9000244140625,983.9000244140625,988.0,13540411
2025-12-23,996.5999755859375,998.9000244140625,987.7000122070312,990.5,17927849
2025-12-24,997.2000122070312,999.4000244140625,993.0,993.0,13699996
2025-12-26,992.0999755859375,997.2000122070312,987.7000122070312,996.0,9360853
2025-12-29,991.7000122070312,997.4000244140625,987.2000122070312,993.0999755859375,13545749
2025-12-30,990.9000244140625,995.0,982.2000122070312,990.2000122070312,33155849
2025-12-31,991.2000122070312,997.5999755859375,987.5999755859375,991.0,10963454
