Price,Close,High,Low,Open,Volume
Ticker,HEROMOTOCO.NS,HEROMOTOCO.NS,HEROMOTOCO.NS,HEROMOTOCO.NS,HEROMOTOCO.NS
Date,,,,,
2015-01-01,2197.227783203125,2207.5580920897773,2181.3787172797383,2201.190136054903,112464
2015-01-02,2192.0625,2206.8502378836324,2186.720458623796,2204.020035590739,187675
2015-01-05,2207.13330078125,2226.5909425301907,2192.062611001913,2196.237090498583,160068
2015-01-06,2132.83984375,2191.9911259285873,2123.358737544122,2191.9911259285873,457760
2015-01-07,2104.290771484375,2138.2177861907553,2099.0902057865483,2132.557381726981,378882
2015-01-08,2111.330810546875,2122.4393194722306,2088.512305640663,2107.08550730851,513335
2015-01-09,2117.16796875,2130.4345405317904,2098.771655879251,2121.8378711139185,365342
2015-01-12,2078.18212890625,2114.161145202977,2068.877907822458,2114.161145202977,396343
2015-01-13,2047.0853271484375,2096.1540295348445,2043.0877354220074,2087.981785693099,387266
2015-01-14,2054.054931640625,2069.3733339866917,2039.8685066798598,2058.264823424111,503348
2015-01-15,2087.663330078125,2101.425153860596,2072.16786923789,2080.1986371549333,548030
2015-01-16,2050.269287109375,2101.4252287412423,2045.741032480878,2087.5571682359778,441344
2015-01-19,2010.363525390625,2066.0477222607215,2006.613472716235,2051.9321225422746,494968
2015-01-20,2001.4129638671875,2029.255149467252,1979.1605317311971,2023.5947445872876,620515
2015-01-21,2034.3138427734375,2047.6512393969947,2005.1273833314451,2005.1273833314451,502824
2015-01-22,2008.6295166015625,2058.2641079280666,1989.3487682546943,2051.860742277353,616241
2015-01-23,2025.5758056640625,2048.783498900636,2017.226674392499,2030.670135217984,616170
2015-01-27,2022.0025634765625,2030.4223458382746,1997.4151821168175,2023.5945521976969,563105
2015-01-28,2027.203369140625,2048.712839090107,2009.8329667111761,2023.5947918486295,415685
2015-01-29,2035.26904296875,2051.0120418236274,2021.4718080172845,2023.594459548279,544345
2015-01-30,2027.4857177734375,2077.969509069821,2021.7544903050666,2043.0872390001798,447643
2015-02-02,2004.6322021484375,2043.9720821869837,1988.2170637858326,2036.2950895521442,298183
2015-02-03,1989.91455078125,2023.5940168009454,1974.7730422697337,2021.8251409121333,377426
2015-02-04,2002.0142822265625,2026.4247762137745,1945.7640134734218,1959.9150244805012,902976
2015-02-05,2014.609130859375,2022.0384131658636,1988.9250060514255,1988.9250060514255,475877
2015-02-06,1964.3726806640625,2018.6063627198569,1960.7995157396965,2014.5379469452052,544388
2015-02-09,1930.763671875,1956.3415511399596,1913.9239368838164,1945.7637066286488,425252
2015-02-10,1924.6429443359375,1947.1784912474127,1903.80562184678,1920.9991292647985,531510
2015-02-11,1948.134765625,1956.5899618404278,1911.4836052552946,1925.6700311688749,427723
2015-02-12,1986.483642578125,1994.5850620775714,1963.8774363555178,1968.653402715583,471851
2015-02-13,2018.5712890625,2029.3968491392259,1991.7551870792106,1996.990993074608,278795
2015-02-16,1984.67919921875,2024.7618668905552,1976.4008927222453,2020.0567250515262,278310
2015-02-18,1884.7371826171875,1930.1972911045284,1871.9658646727771,1913.9236335915502,10612619
2015-02-19,1885.5867919921875,1910.3864731644105,1874.3722194892664,1894.1128106152323,4318965
2015-02-20,1881.30615234375,1898.6411414088866,1873.2755569729636,1889.1600328128536,516004
2015-02-23,1873.5234375,1884.1014587040415,1860.3276859849316,1881.3064952335112,569905
2015-02-24,1875.9993896484375,1889.1598984874404,1868.0394462559343,1877.096127508659,433596
2015-02-25,1857.0023193359375,1889.160465749477,1850.2451752565103,1885.6227120682981,587341
2015-02-26,1855.374755859375,1864.4314390396478,1839.6317533547049,1860.8582735857208,1172341
2015-02-27,1891.0,1895.351367547367,1866.0588387471603,1870.6931574673174,1913808
2015-03-02,1857.0023193359375,1914.2785168858463,1851.1296136768049,1911.8020893090213,817814
2015-03-03,1865.456787109375,1870.5865279425034,1838.2869185520128,1852.4025156755004,438209
2015-03-04,1855.374755859375,1894.820705955346,1846.707260098377,1892.6980539322444,456591
2015-03-05,1846.31787109375,1865.6340369433624,1828.7353424005455,1861.5656210099503,428419
2015-03-09,1839.1005859375,1844.97328947241,1819.996722969216,1838.2515599094952,801602
2015-03-10,1852.1546630859375,1857.6027666633308,1832.626375527018,1832.626375527018,605928
2015-03-11,1848.6173095703125,1859.4428676632947,1833.971047558318,1847.1315570426236,577880
2015-03-12,1869.5960693359375,1873.169061046248,1851.09352074364,1857.178523933903,589703
2015-03-13,1846.7073974609375,1891.9552319039901,1843.2404679954052,1891.9552319039901,293111
2015-03-16,1861.7425537109375,1870.5869363888992,1839.6315970160333,1850.280268308669,212151
2015-03-17,1876.0345458984375,1878.5463844636893,1861.6005862783757,1871.4708801907564,503626
2015-03-18,1892.9456787109375,1902.5328517142204,1868.0045185865051,1876.4243021275145,547515
2015-03-19,1884.065673828125,1908.6884679705042,1877.8746064014695,1907.874681177899,382445
2015-03-20,1846.671142578125,1882.084074850648,1841.8951773505905,1875.008570809856,307523
2015-03-23,1865.8817138671875,1872.1788449670519,1841.6126942914684,1853.747117708407,202857
2015-03-24,1843.2401123046875,1874.3015141291544,1838.9948087619262,1872.0373867880503,514291
2015-03-25,1836.6243896484375,1858.6999328548734,1833.2635244453825,1858.6999328548734,401570
2015-03-26,1842.2845458984375,1852.2610766743446,1822.6146081811926,1832.5911389570997,715178
2015-03-27,1822.7559814453125,1842.4613301288582,1805.6687075610007,1833.9707249208911,584370
2015-03-30,1870.9759521484375,1886.9312515842532,1812.3199079636688,1825.5512414296543,281366
2015-03-31,1867.7919921875,1881.2000406746893,1854.277707471815,1874.3014227540205,493733
2015-04-01,1879.1480712890625,1889.1244297298974,1859.4427206963696,1867.8979146534548,375681
2015-04-06,1891.0701904296875,1894.8202426352464,1864.3955710768762,1891.9192164829522,365024
2015-04-07,1862.5208740234375,1891.141260984095,1854.914705142794,1891.141260984095,359998
2015-04-08,1843.7352294921875,1869.490000020889,1840.6927276254323,1865.8107717656217,1053590
2015-04-09,1847.8392333984375,1863.6528858117388,1841.2589782083135,1853.7825893974766,1041470
2015-04-10,1828.2047119140625,1856.89575094304,1822.2965952265092,1850.2094322299495,654704
2015-04-13,1825.975830078125,1838.924040827783,1815.3271588177668,1838.924040827783,420050
2015-04-15,1786.2471923828125,1830.4336999931436,1775.8108193349196,1826.3298712971227,726309
2015-04-16,1719.4183349609375,1783.0270482604944,1707.319153751021,1780.338322131424,1443068
2015-04-17,1705.550537109375,1726.423277555227,1685.9160100798022,1719.2062967629927,1198446
2015-04-20,1638.93505859375,1717.4731827261858,1628.0032625818267,1705.9046602099334,1710612
2015-04-21,1647.9561767578125,1660.444375790488,1622.7673062215763,1638.6871947718207,901340
2015-04-22,1704.772216796875,1712.9798722289472,1655.668277990804,1655.668277990804,840590
2015-04-23,1691.4351806640625,1717.2961905488737,1669.1119239032516,1707.1073579066424,1012419
2015-04-24,1664.7247314453125,1696.635153059515,1645.408569633568,1684.2884322691946,1960963
2015-04-27,1639.39453125,1671.9772667755174,1624.2530194366086,1669.8192031722056,2307119
2015-04-28,1666.670654296875,1676.8593126414553,1627.3661885426218,1633.7341431934408,711394
2015-04-29,1678.380615234375,1691.045700126038,1655.738999165742,1667.201282752123,295438
2015-04-30,1647.8145751953125,1671.9421205127405,1645.0551968650536,1669.8902928047892,1052575
2015-05-04,1690.7275390625,1697.9799325764545,1648.5928670745232,1655.6683729417957,1647793
2015-05-05,1668.0150146484375,1691.3995949457935,1656.2697791276312,1690.7274564696054,775073
2015-05-06,1646.045654296875,1666.8831577559736,1633.3805675954939,1664.8665694399813,1488751
2015-05-07,1665.9630126953125,1678.5926850838273,1631.1868030529315,1648.6634380547891,1397408
2015-05-08,1627.825927734375,1637.8378705793248,1592.908415512811,1633.734043284729,1079192
2015-05-11,1686.9775390625,1701.4115023855468,1634.4419063581313,1634.4419063581313,887873
2015-05-12,1745.1026611328125,1766.8246018798218,1687.6141771759721,1696.7062711200356,2015463
2015-05-13,1771.5294189453125,1790.1026180455876,1755.0080470298683,1759.5364735032103,885648
2015-05-14,1795.4091796875,1803.5460094673647,1756.246195085084,1768.8760391009853,512485
2015-05-15,1789.8902587890625,1808.1450941312346,1781.9657286517372,1795.7275497405722,309635
2015-05-18,1783.416748046875,1802.8389779985282,1773.8294026068722,1781.6124594192677,812046
2015-05-19,1826.0108642578125,1846.317528073956,1783.0271734688317,1783.0271734688317,923546
2015-05-20,1825.055908203125,1835.9168787697977,1822.6503053130355,1832.5560134940847,688445
2015-05-21,1841.32958984375,1850.244796391552,1799.79640467962,1825.4805256941506,531936
2015-05-22,1842.072509765625,1846.707000579816,1824.1362063361316,1841.1174201345668,138833
2015-05-25,1831.21142578125,1845.220786781167,1825.5510220667582,1842.390584923921,178329
2015-05-26,1849.4312744140625,1866.8723282628127,1832.09628406256,1833.1928493402959,428351
2015-05-27,1844.0892333984375,1884.7379823646036,1835.810925612255,1844.230708975444,396976
2015-05-28,1870.3389892578125,1888.0985765374514,1834.0417855077214,1846.9898219257025,1494418
2015-05-29,1908.1578369140625,1913.9243050024543,1856.6127084386098,1867.9335176364063,701724
2015-06-01,1939.0318603515625,1958.9945170103183,1891.2715737543422,1916.1355431813595,510174
2015-06-02,1866.4793701171875,1926.3317089932023,1861.0414244930148,1926.3317089932023,822000
2015-06-03,1843.8333740234375,1881.7195918287994,1836.9287727177807,1860.3259136953234,555765
2015-06-04,1823.0474853515625,1853.8860299028438,1814.53298797129,1843.8688919566303,516562
2015-06-05,1844.33447265625,1858.895172538424,1808.8810882321484,1824.5148785404112,335801
2015-06-08,1803.5496826171875,1855.8893285762017,1794.534364072554,1855.8893285762017,411130
2015-06-09,1788.7393798828125,1810.204682166696,1784.4821298668576,1796.6816116018801,531218
2015-06-10,1799.471435546875,1810.2398935661597,1789.4901082248875,1799.5072459758464,377088
2015-06-11,1791.7796630859375,1823.1190282575085,1788.774556767571,1811.670871094196,410240
2015-06-12,1791.3145751953125,1806.3760912580904,1777.4693908422703,1781.6193825740224,332914
2015-06-15,1793.10400390625,1811.3136998246725,1775.8959521883614,1785.197582880726,253983
2015-06-16,1819.6851806640625,1827.8421002981077,1788.6321134049197,1791.8519087297877,290025
2015-06-17,1804.7305908203125,1837.3935467069455,1799.507333801101,1835.2828275148406,530660
2015-06-18,1807.5927734375,1822.3679836371227,1801.7256269409081,1806.6625755902867,448303
2015-06-19,1825.5880126953125,1846.2305467266576,1810.240357643608,1813.245464802288,374245
2015-06-22,1847.125,1852.4555149224577,1833.9953207405617,1845.5865485852178,271426
2015-06-23,1801.224609375,1853.1706996325381,1797.3609256667705,1853.1706996325381,350911
2015-06-24,1803.8004150390625,1822.4036719970218,1796.0014271883915,1801.296130448568,320799
2015-06-25,1826.0526123046875,1842.4377166878303,1808.0932466291836,1810.2397760078488,400609
2015-06-26,1816.8226318359375,1836.4277071374936,1803.8003871040441,1824.550173389652,200634
2015-06-29,1814.354248046875,1828.8433236745786,1788.7747688522873,1794.4988481126147,355916
2015-06-30,1805.58935546875,1827.412408903185,1790.2058915723449,1818.826289519145,325449
2015-07-01,1803.5140380859375,1813.781498713258,1789.060600647747,1806.73383212583,401143
2015-07-02,1809.0238037109375,1837.42951319521,1803.8005462481015,1804.1583012156239,423277
2015-07-03,1843.6185302734375,1849.557297432991,1810.2400630171164,1817.3951620804253,271136
2015-07-06,1869.913330078125,1878.177503596841,1828.6642580269618,1835.9982338245852,307013
2015-07-07,1834.38818359375,1888.2302941019625,1831.7050219405169,1878.2131572632254,425371
2015-07-08,1824.478759765625,1848.090588220901,1800.6166076377608,1824.2284360930366,510583
2015-07-09,1863.7247314453125,1867.4453486259754,1817.467078356313,1817.467078356313,418181
2015-07-10,1839.9697265625,1873.7417627284128,1835.9986112309718,1866.76554041372,401799
2015-07-13,1860.468505859375,1866.7650268970638,1824.6215704835088,1846.0152431561612,229719
2015-07-14,1888.015869140625,1896.0295447905255,1854.6015929697269,1867.4807706986833,324900
2015-07-15,1902.00439453125,1911.055525857575,1894.6704172740524,1895.3501168145383,145475
2015-07-16,1895.6004638671875,1907.5494445807794,1878.9290478128758,1901.8253652271985,201208
2015-07-17,1895.671630859375,1916.1352814086179,1889.8761061784448,1898.2117256354368,180187
2015-07-20,1904.6158447265625,1913.9890948407349,1898.9633860588076,1908.1219482533722,165950
2015-07-21,1922.75390625,1928.299107765839,1902.2188078315774,1904.615661095149,156870
2015-07-22,1939.747314453125,1946.1152826088548,1910.6619072587055,1921.8595671785663,196253
2015-07-23,1944.4700927734375,1953.3423471134074,1913.2737861469786,1939.0321467682543,296483
2015-07-24,1960.7833251953125,1966.7937133659127,1931.8767941494625,1931.8767941494625,336553
2015-07-27,1863.9393310546875,1967.2589035519795,1856.7484207310301,1967.2589035519795,453942
2015-07-28,1811.3134765625,1882.8286626337544,1789.5620434985385,1869.05509580625,614008
2015-07-29,1838.75341796875,1846.7312844844998,1793.2827231599877,1816.465176965662,412275
2015-07-30,1846.2662353515625,1879.8952042036346,1835.28308735245,1838.8606372303298,1025263
2015-07-31,1919.4986572265625,1930.8037502528819,1849.915309176871,1860.29020425883,471113
2015-08-03,1929.8018798828125,1944.7559673738122,1862.007314795002,1900.394352224005,861266
2015-08-04,1877.390625,1998.9914913506682,1870.092284645129,1996.2725189326798,1657551
2015-08-05,1907.549560546875,1913.9175293408473,1880.6821265106396,1886.7997716286982,404556
2015-08-06,1896.8885498046875,1918.9977379857603,1888.230809300679,1918.9977379857603,247050
2015-08-07,1904.580322265625,1910.0539037734598,1883.973599773388,1883.973599773388,175465
2015-08-10,1934.702880859375,1953.2703270758361,1905.080842072364,1906.5476722449996,431904
2015-08-11,1923.57666015625,1945.2208336733663,1909.5527715479113,1938.3878541787938,682348
2015-08-12,1885.225341796875,1929.7300184458302,1876.102591431586,1906.8337038035363,347945
2015-08-13,1893.596923828125,1920.4285447023192,1874.0634688947055,1887.1573348183185,346709
2015-08-14,1940.7847900390625,1947.7610115522764,1889.8047097501926,1905.4028604808466,316094
2015-08-17,1896.2803955078125,1946.2944751087423,1889.661927944961,1944.7561984681577,191264
2015-08-18,1889.6617431640625,1915.2054129718313,1885.4403044107917,1896.9599095827045,142927
2015-08-19,1920.9288330078125,1938.2799430192335,1871.9880400042312,1882.184053103726,200364
2015-08-20,1881.147216796875,1906.3689416947605,1875.5662044356538,1896.1013043800447,239882
2015-08-21,1828.16357421875,1901.7894718178168,1813.817566027757,1871.0583570661083,536661
2015-08-24,1769.1343994140625,1802.333995678934,1717.224110632714,1797.3612357955737,589441
2015-08-25,1763.3739013671875,1802.1544975740694,1720.658001261941,1770.994010860017,588828
2015-08-26,1712.0006103515625,1752.9993651343673,1693.6478501375414,1750.8528352995088,1271762
2015-08-27,1701.3399658203125,1730.1034371586377,1691.6447689422287,1730.1034371586377,937972
2015-08-28,1716.2220458984375,1737.937665665234,1701.339405649455,1716.865934908118,318325
2015-08-31,1715.2203369140625,1727.9564483648983,1702.9136012871463,1702.9136012871463,358188
2015-09-01,1705.6683349609375,1713.932334509324,1683.6305952334963,1695.7584530301867,367859
2015-09-02,1673.3631591796875,1709.92578911672,1645.994902381054,1692.1811066344515,493940
2015-09-03,1661.6646728515625,1690.392328690525,1656.477225493676,1685.7415138179372,260650
2015-09-04,1639.1259765625,1667.1023097336747,1621.023540578187,1662.558926534802,424019
2015-09-07,1631.7918701171875,1653.6149210280955,1615.048834443377,1645.6726916422465,257462
2015-09-08,1655.117431640625,1665.4565145455897,1633.0082460601807,1639.9486570101722,174954
2015-09-09,1677.3697509765625,1695.615251876195,1669.356075714512,1675.0085335701942,208014
2015-09-10,1680.4464111328125,1691.9302038455041,1645.6725644619166,1664.9913293490783,222191
2015-09-11,1676.475341796875,1694.2200205144743,1668.6405440968815,1681.5197210344108,193787
2015-09-14,1681.09033203125,1688.3884973014053,1659.982792216429,1674.2571782728387,116680
2015-09-15,1653.2216796875,1675.4739360682756,1649.2863746535784,1674.0787264932608,330037
2015-09-16,1694.577880859375,1705.703919657945,1658.551888810384,1664.419034843286,399414
2015-09-18,1737.615966796875,1750.4951462913546,1699.4434399211605,1702.0551561296832,753722
2015-09-21,1734.18115234375,1751.425009243159,1708.8521740559638,1708.8521740559638,239281
2015-09-22,1709.317138671875,1752.8917912435231,1699.5504995650474,1736.0056897250004,380613
2015-09-23,1717.9033203125,1721.9460557310465,1702.5914795668202,1702.5914795668202,362950
2015-09-24,1704.13037109375,1731.498632432574,1697.619333991511,1717.2242408673803,391877
2015-09-28,1681.09033203125,1709.996859056185,1671.2878823762856,1705.202978170839,325138
2015-09-29,1666.6014404296875,1696.1162239083715,1646.8176614992017,1653.5433847088152,460978
2015-09-30,1713.2886962890625,1723.1627692335035,1653.1858562438417,1687.8880912699515,431516
2015-10-01,1725.845947265625,1769.2415593147493,1717.2240167445414,1717.2240167445414,541532
2015-10-05,1790.2060546875,1801.5825940339114,1742.2668837586182,1752.9279130911657,383373
2015-10-06,1811.9219970703125,1826.6972101534575,1796.645787189711,1803.0853778247995,295211
2015-10-07,1817.9315185546875,1828.4852880710437,1785.2327557359285,1813.817337217803,202418
2015-10-08,1818.5401611328125,1832.957616769836,1805.4462940939634,1818.1107852882417,146872
2015-10-09,1835.176025390625,1847.4469528993322,1826.6971614066597,1835.2832820243173,147737
2015-10-12,1826.6611328125,1857.8216267696598,1820.2573535536353,1836.714082772084,98041
2015-10-13,1816.5009765625,1834.2814695847558,1806.6627142571392,1828.1280138324717,178225
2015-10-14,1788.7747802734375,1823.8347659667968,1783.6231438432574,1817.216299279785,184215
2015-10-15,1834.6031494140625,1845.8724300649912,1788.7747064966134,1798.7560344218584,172463
2015-10-16,1848.8778076171875,1853.1708675419952,1830.8469908700063,1839.1468019136012,137066
2015-10-19,1868.9478759765625,1874.779212432616,1828.6646292133898,1851.0243160618368,183298
2015-10-20,1864.76171875,1880.2526116691095,1850.7020202025708,1872.4892599949694,369501
2015-10-21,1876.6395263671875,1908.69440697145,1853.170765138082,1902.4693306764243,643276
2015-10-23,1857.4996337890625,1891.0927908807523,1851.8113646445347,1885.547588788688,205893
2015-10-26,1875.029541015625,1883.9376045124116,1858.6086234180486,1862.4006862161316,197884
2015-10-27,1874.7073974609375,1891.808012724645,1850.8092640474288,1871.0224169821756,357084
2015-10-28,1878.965087890625,1883.7947804354878,1856.9273447489059,1881.7913174798662,199328
2015-10-29,1879.3941650390625,1887.014450917925,1862.6154914276506,1871.8456747152102,265627
2015-10-30,1847.0172119140625,1881.5049293262218,1834.3527214432877,1874.635964315783,341083
2015-11-02,1821.5811767578125,1849.1639471067372,1812.1721155842588,1842.5812901399322,367201
2015-11-03,1847.9825439453125,1858.1785564324755,1814.6755348835848,1829.5223600841907,226406
2015-11-04,1875.387451171875,1884.7963374503458,1854.601851502554,1860.325931291142,223537
2015-11-05,1888.015869140625,1902.2546204408768,1864.6903520647538,1873.0975930822672,229100
2015-11-06,1888.8389892578125,1913.9174729635347,1860.3974690784441,1890.3772657582763,359043
2015-11-09,1870.41455078125,1896.0296661560064,1857.5353722278933,1863.9391510715823,138190
2015-11-10,1905.9039306640625,1911.127188542429,1863.9751499458616,1866.0500590485417,218330
2015-11-13,1871.344970703125,1896.1016890454468,1868.1967962632684,1892.5241386887574,155474
2015-11-16,1868.6973876953125,1892.5239050666216,1846.0157561708445,1871.0586055762628,153495
2015-11-17,1858.8590087890625,1873.4911520865073,1842.4380906463302,1862.508179347467,196186
2015-11-18,1842.3309326171875,1863.5457335435372,1836.8213660508363,1853.170838885683,165550
2015-11-19,1852.9560546875,1920.2856098430816,1847.0530976888506,1873.7416533591468,736910
2015-11-20,1833.744384765625,1888.2303868735921,1829.0577605773829,1860.3255043089578,747678
2015-11-23,1886.549072265625,1908.2648671937545,1840.2914279798788,1840.2914279798788,724326
2015-11-24,1892.7740478515625,1908.1216991668946,1881.0753919530455,1889.6615101361708,397339
2015-11-26,1923.79150390625,1939.0319002734516,1867.4809076434349,1867.4809076434349,1400143
2015-11-27,1935.061279296875,1942.1805699442198,1902.5055693382358,1923.2911729411533,300797
2015-11-30,1931.2686767578125,1956.4189571589775,1920.5360271460913,1940.7849943505494,604367
2015-12-01,1916.421875,1944.434195739131,1910.5547280567962,1943.3251203247623,439761
2015-12-02,1915.0262451171875,1933.1644891395526,1899.3208393221805,1906.7620716628849,552538
2015-12-03,1873.06201171875,1920.4287362220914,1868.339576099922,1917.9602617924968,395343
2015-12-04,1873.06201171875,1884.9037365158476,1862.5796859741686,1869.6275289673342,223767
2015-12-07,1876.8184814453125,1905.4746909816092,1867.0516654412654,1885.1541028092859,667088
2015-12-08,1861.685302734375,1888.9463021969184,1850.0582658363826,1871.058553123084,231485
2015-12-09,1821.9744873046875,1863.796184100753,1814.533253614986,1860.2900804952785,247209
2015-12-10,1823.36962890625,1841.7223870147293,1816.071288557006,1836.4276839035379,295521
2015-12-11,1806.7701416015625,1834.4247099785448,1800.6883061472163,1824.550636303886,303901
2015-12-14,1814.354248046875,1828.1278137670377,1789.0967133736735,1802.9418999586046,178832
2015-12-15,1837.2864990234375,1845.30017558957,1794.498968739295,1817.3952873197006,203987
2015-12-16,1857.033935546875,1871.3084948094554,1838.9316786172326,1838.9316786172326,241774
2015-12-17,1899.642822265625,1908.264750808645,1860.3255913395114,1860.3255913395114,254167
2015-12-18,1891.199951171875,1906.762291734366,1878.7501485958971,1896.101263935686,237868
2015-12-21,1930.4097900390625,1935.4541694843351,1887.4433880493646,1906.8337751111842,351826
2015-12-22,1910.662109375,1932.5924199794583,1905.2599741896208,1930.4100796441005,299012
2015-12-23,1916.2784423828125,1928.01290871576,1906.7621264554587,1914.2749798688924,173603
2015-12-24,1929.3011474609375,1933.8088955225646,1916.386331351958,1916.386331351958,187156
2015-12-28,1938.603271484375,1941.5369331867084,1920.0716271260483,1936.8861168735655,327048
2015-12-29,1954.7015380859375,1959.0662186003724,1932.270406244984,1936.8854104277605,283306
2015-12-30,1941.1427001953125,1955.452899315328,1938.5669691647383,1954.7731997941369,196033
2015-12-31,1927.655517578125,1948.2978758034544,1911.127167075335,1944.7203258838076,913225
2016-01-01,1921.8953857421875,1928.299164356569,1914.1320335181674,1924.00610499251,141582
2016-01-04,1887.3726806640625,1909.6965620765336,1882.578797667056,1897.5328897066195,254167
2016-01-05,1872.3822021484375,1899.8219027418982,1867.5166997603087,1890.7349617040181,290015
2016-01-06,1844.727783203125,1876.782665030477,1840.971355833163,1863.3310425591267,307058
2016-01-07,1803.156982421875,1854.6020861569045,1795.9660713406176,1829.4876130328335,186980
2016-01-08,1781.369140625,1816.2146122675906,1778.0420894864933,1806.7341061566467,198609
2016-01-11,1792.6741943359375,1806.6624474302748,1753.1422734565226,1770.9942100297683,168536
2016-01-12,1765.30615234375,1796.0016346816708,1761.1561596059016,1788.7749141544668,228350
2016-01-13,1769.9571533203125,1778.0424517198753,1732.0351211508341,1774.6437790254408,237742
2016-01-14,1744.091552734375,1770.207669490792,1730.1032963565954,1748.7065576077414,312029
2016-01-15,1737.0794677734375,1756.5413055677345,1724.5222318645683,1749.4220157372279,177133
2016-01-18,1742.6600341796875,1752.9991164807022,1700.874154510523,1744.4129983591642,285797
2016-01-19,1776.46826171875,1788.0236783368023,1750.7457121734017,1756.5770487953794,232059
2016-01-20,1780.5462646484375,1793.7831968951707,1757.1133170224634,1766.5938225505292,349976
2016-01-21,1767.23779296875,1817.3592952899155,1761.94308970011,1777.3981730715932,462839
2016-01-22,1854.2442626953125,1859.6105879780503,1769.1343786481057,1784.482034019722,342135
2016-01-25,1806.8055419921875,1867.480815691904,1783.8377792998695,1863.9032662365555,235464
2016-01-27,1776.2174072265625,1823.1549236577753,1770.8868937359578,1813.8174850992536,318370
2016-01-28,1745.55810546875,1794.498915097389,1739.4762710276304,1778.042186609654,373017
2016-01-29,1835.7481689453125,1849.593357374538,1747.6331819680113,1752.2839969865547,494944
2016-02-01,1814.2470703125,1831.7054429415189,1793.9622936777823,1831.7054429415189,246093
2016-02-02,1801.869140625,1825.087408701752,1794.928727511676,1818.5405610850007,234228
2016-02-03,1777.9349365234375,1819.3987024284652,1768.0250540236705,1788.7748421931105,177259
2016-02-04,1798.649169921875,1808.9882550423567,1768.7408153721767,1781.7988735762794,247401
2016-02-05,1849.41455078125,1852.4554684099649,1792.3526258659567,1798.649149069485,208803
2016-02-08,1837.6441650390625,1850.308655703739,1827.1262041373832,1846.0155961777443,200891
2016-02-09,1846.9815673828125,1857.463717641095,1799.507415203141,1815.9641430558931,120852
2016-02-10,1828.5570068359375,1844.8348556056526,1820.9725326999967,1843.797226595392,177476
2016-02-11,1786.556884765625,1833.4586011382692,1775.144534974974,1829.4160394316484,181663
2016-02-12,1781.0831298828125,1815.9284292534435,1755.2175152553687,1815.9284292534435,401230
2016-02-15,1794.0341796875,1817.0019473015336,1777.255329398385,1797.3612315199084,419156
2016-02-16,1797.718505859375,1836.7137928521456,1791.493605074598,1803.8003396105412,248550
2016-02-17,1806.341064453125,1820.9732111142562,1744.4136301361716,1796.6458676258928,303578
2016-02-18,1873.0267333984375,1880.2176454897517,1803.0856148081605,1814.533777441863,438531
2016-02-19,1936.3126220703125,1939.38934920491,1862.221545956343,1872.4891816525546,724742
2016-02-22,1933.701416015625,1952.483551870027,1913.5597064693072,1931.161320801164,273758
2016-02-23,1904.07958984375,1940.8927234074492,1897.639999088828,1939.7478373992092,305417
2016-02-24,1875.5306396484375,1901.82563287956,1867.4811519246246,1901.1817437356804,219570
2016-02-25,1875.6021728515625,1890.6278825669872,1856.2475927811117,1874.6361644958347,293356
2016-02-26,1828.4139404296875,1896.0654368499124,1811.4205801946116,1886.0482981850255,455721
2016-02-29,1788.703125,1835.2112683924602,1768.0965796756755,1821.6882011877428,733831
2016-03-01,1908.444091796875,1918.8906079133724,1793.2111686851931,1798.076671735138,865407
2016-03-02,2008.2210693359375,2045.6422621285928,1935.5253875669146,1942.6088638262083,1278710
2016-03-03,2022.0311279296875,2038.4878568548052,2003.4278691447716,2008.2217508946444,837426
2016-03-04,2029.078857421875,2042.7808023869884,1994.9847052435182,2007.184184201786,516906
2016-03-08,2010.2607421875,2032.047982271683,2003.7853430816367,2032.047982271683,424372
2016-03-09,2015.234130859375,2024.8577064531808,1996.3089242692358,1999.8506642115933,398021
2016-03-10,2012.300048828125,2039.2032919574394,2003.4277956073088,2032.0481926874131,345359
2016-03-11,2012.9801025390625,2031.297053492944,2000.2439897655083,2000.2439897655083,269758
2016-03-14,2015.090576171875,2029.1860863338727,2004.000172667582,2029.1860863338727,394258
2016-03-15,2012.7650146484375,2030.4738834022305,2007.9711335995664,2017.7019627300317,334127
2016-03-16,2002.211669921875,2029.150551574557,1976.5963769594698,2004.8590219874877,368182
2016-03-17,2018.524658203125,2031.3322130609993,2007.0048811680533,2014.2315996337816,247010
2016-03-18,2025.6085205078125,2031.3325996897493,1998.5264010042617,2024.1058798485408,296826
2016-03-21,2031.8502197265625,2048.724243144475,2015.4115486643475,2035.4063946467313,237654
2016-03-22,2076.775146484375,2082.6539098939843,1997.521697387378,2031.8503941666013,837215
2016-03-23,2083.9599609375,2115.3855969106703,2078.7708160201287,2086.5727838205007,497247
2016-03-28,2066.977294921875,2097.4594039059757,2055.365062927932,2072.057646419225,453040
2016-03-29,2073.400390625,2090.2017679887754,2063.3848050490005,2066.2515393972376,222145
2016-03-30,2121.990234375,2125.546409472198,2082.9077460247786,2082.9077460247786,493207
2016-03-31,2137.883544921875,2167.095553649672,2118.9412058239204,2119.5943227213065,1174177
2016-04-01,2141.767333984375,2155.1213297270074,2121.4096045989986,2127.2883678443486,348132
2016-04-04,2165.462890625,2168.5837125298713,2138.1016121529456,2168.5837125298713,421607
2016-04-05,2150.658203125,2186.728667108212,2140.969175161636,2148.444585730861,544712
2016-04-06,2170.94287109375,2183.8251898440767,2150.5851432083346,2151.1657901953618,400657
2016-04-07,2154.0693359375,2168.185421990336,2134.473691708958,2163.068746115159,222700
2016-04-08,2116.111328125,2153.1979616365256,2091.435337329948,2153.1979616365256,437469
2016-04-11,2160.274169921875,2164.229550664951,2110.8132172378946,2121.4094488912315,284077
2016-04-12,2214.6337890625,2224.467932325013,2162.7779570403063,2164.0117211082847,375312
2016-04-13,2284.742431640625,2302.124451884704,2203.783385292529,2207.3758832838307,679366
2016-04-18,2216.84814453125,2293.2711983415884,2210.0984977842604,2289.7511688801205,533669
2016-04-20,2205.671142578125,2234.919312560846,2179.108088837911,2220.8395509888455,461629
2016-04-21,2167.35009765625,2234.7010642709643,2161.652776675875,2234.7010642709643,239972
2016-04-22,2175.15234375,2194.9657483396913,2142.4566203893364,2155.520380269759,437862
2016-04-25,2149.5693359375,2194.348970241436,2146.230748355227,2170.761623943157,306198
2016-04-26,2127.83251953125,2151.673774794697,2116.256435097075,2141.005073088548,711690
2016-04-27,2140.932861328125,2151.3839775818806,2128.1595110472476,2130.0463926400157,612714
2016-04-28,2104.462646484375,2143.0371301974365,2095.535886221705,2143.0371301974365,599466
2016-04-29,2102.829833984375,2115.603359103453,2069.8801990267743,2069.8801990267743,327927
2016-05-02,2107.874267578125,2126.5263804197984,2094.556417678291,2099.6367693497214,907434
2016-05-03,2094.15673828125,2148.298830442588,2077.173923123293,2148.262506786855,513082
2016-05-04,2100.688720703125,2115.820979236153,2090.2377842754645,2095.644693588307,200370
2016-05-05,2100.180908203125,2141.0051591185206,2087.5526774620653,2117.78069637554,575336
2016-05-06,2097.67724609375,2108.3459491941194,2046.9100529097398,2108.3459491941194,565165
2016-05-09,2136.39599609375,2141.0046702424033,2091.6890218350377,2097.4588125425576,463156
2016-05-10,2146.66650390625,2154.7587080742214,2127.2159777812058,2135.1993881379417,624326
2016-05-11,2149.387939453125,2162.7782593459187,2119.268712015925,2126.490033517967,444072
2016-05-12,2141.730712890625,2160.4554695728593,2139.154213870816,2154.0323838519266,321613
2016-05-13,2113.86181640625,2139.481162266861,2099.6367609079957,2133.1670463669047,258773
2016-05-16,2105.15283203125,2111.9749482739376,2081.8920415790312,2111.9749482739376,201544
2016-05-17,2128.267822265625,2147.5369029119624,2108.3093008630976,2116.111268320449,337208
2016-05-18,2089.07666015625,2115.6033864254773,2075.3597828315337,2113.462416720843,329258
2016-05-19,2098.40283203125,2113.643885788544,2081.4561609066322,2090.8186288135526,270747
2016-05-20,2102.32177734375,2111.9744796472078,2083.92375545791,2102.539542109265,210703
2016-05-23,2095.680908203125,2108.1276960722844,2082.217943919228,2106.168167742628,434783
2016-05-24,2104.281005859375,2109.7968855860026,2087.479632668297,2093.6123057559394,326874
2016-05-25,2124.493896484375,2133.7473928308355,2108.4544319417455,2133.7473928308355,207802
2016-05-26,2149.859130859375,2169.3096509560446,2116.3288531909757,2126.453230476862,947812
2016-05-27,2179.107666015625,2184.5872228116814,2149.7142070735326,2149.7505307321644,400079
2016-05-30,2248.05517578125,2255.312819609438,2179.470441604873,2185.2765566674234,505377
2016-05-31,2249.071044921875,2270.9166224562746,2227.3707620064897,2261.4816860254878,454647
2016-06-01,2241.958984375,2273.493413600634,2228.604812473688,2267.0703274830685,668248
2016-06-02,2282.021484375,2285.4325422839706,2220.839498059368,2228.0971434778626,647509
2016-06-03,2283.39990234375,2330.5382643247967,2250.377622396812,2284.669990034017,471630
2016-06-06,2259.486083984375,2289.060984144132,2245.551442537003,2259.0868781150552,295814
2016-06-07,2271.425048828125,2284.8516916561657,2257.1275240651735,2265.1109333142786,186770
2016-06-08,2300.745849609375,2307.5679642549367,2256.474220164635,2271.279743398592,279323
2016-06-09,2240.21728515625,2298.459887280741,2231.0001112857954,2297.0446819191748,231424
2016-06-10,2227.734375,2260.067222428683,2219.4244060090705,2220.8396115002442,424043
2016-06-13,2203.74755859375,2220.113583343136,2189.631474647349,2206.324057980756,466997
2016-06-14,2181.5029296875,2206.324039696365,2175.333931550191,2206.324039696365,271185
2016-06-15,2223.7421875,2241.74118059111,2189.086936373001,2189.086936373001,490270
2016-06-16,2192.352783203125,2220.8027118808,2186.292579665362,2217.2102135845557,213164
2016-06-17,2199.356201171875,2217.2100749420865,2189.08670656107,2201.1706120351664,189376
2016-06-20,2210.424072265625,2244.063320011203,2182.4096752953083,2191.8082879798944,310714
2016-06-21,2215.79541015625,2231.0001414601,2202.7316487553776,2210.4246463782843,256751
2016-06-22,2231.435302734375,2234.6285952298485,2194.711553093557,2220.113307180288,269664
2016-06-23,2223.306640625,2236.987370739115,2203.4934138232866,2230.9998143083913,147872
2016-06-24,2219.932373046875,2232.742046800535,2144.3077404759397,2177.2937046638745,272500
2016-06-27,2215.033447265625,2237.85870734445,2193.9862749292215,2193.9862749292215,241872
2016-06-28,2192.098876953125,2230.9999224026596,2187.091173116595,2224.540689664111,258231
2016-06-29,2290.912353515625,2296.609499486401,2202.6593045855657,2202.6593045855657,482345
2016-06-30,2306.6611328125,2341.316389350468,2278.8643156909216,2289.8234310422454,779661
2016-07-01,2312.321533203125,2320.9943817120857,2293.4153365260136,2314.2447378472557,220573
2016-07-04,2293.271240234375,2315.152974164482,2281.3324468478404,2315.152974164482,154736
2016-07-05,2257.92626953125,2293.234645688879,2252.8095937732137,2289.170293140559,198345
2016-07-07,2251.829345703125,2276.39654345245,2246.2409948209324,2267.2881640777364,187459
2016-07-08,2299.076416015625,2307.2049415547635,2259.3771402538905,2260.7560216870365,263607
2016-07-11,2354.779052734375,2358.734433500528,2315.2612143554443,2317.0029781385956,273846
2016-07-12,2357.46435546875,2363.8511180143328,2336.9615099236125,2336.9615099236125,152712
2016-07-13,2355.7587890625,2369.584637458663,2336.961560430128,2365.9921388205644,255629
2016-07-14,2366.7177734375,2377.894474629207,2328.2522591804664,2346.759251889039,340937
2016-07-15,2354.452392578125,2390.413877330876,2344.291690841484,2355.8312740812385,449411
2016-07-18,2358.516845703125,2391.3940127885908,2351.476965534153,2361.129668762491,331549
2016-07-19,2345.089599609375,2369.9107035374145,2328.3606968505965,2365.991647144559,215875
2016-07-20,2377.060546875,2383.120752264276,2348.537962168612,2357.283461186169,179688
2016-07-21,2370.564697265625,2400.0669542545265,2365.992345332323,2391.3577799772297,286086
2016-07-22,2366.609375,2383.084194647188,2360.2950817407996,2370.9639622471127,191968
2016-07-25,2380.5439453125,2383.3743560603607,2355.3960984230785,2359.678215397133,286464
2016-07-26,2329.777099609375,2383.265917172394,2300.9279556910633,2380.7257409783288,308683
2016-07-27,2325.82080078125,2372.3786930980996,2312.9748064096802,2333.9856502363036,193404
2016-07-28,2320.486572265625,2344.2190329196974,2288.58926203869,2325.3491583513037,815023
2016-07-29,2324.732177734375,2354.379724486898,2304.2293333395673,2304.301980655333,311185
2016-08-01,2333.368896484375,2357.645680505769,2325.5306054365433,2337.4693945160884,359479
2016-08-02,2367.225341796875,2380.071334251692,2319.2524286921516,2340.517180571315,318424
2016-08-03,2344.945068359375,2401.554698607605,2337.1431000879843,2376.6246174882344,223515
2016-08-04,2377.822265625,2398.651671327095,2358.5168590590006,2364.5407398437746,275614
2016-08-05,2499.496337890625,2515.644596229612,2381.3418549209027,2387.7649409109426,492860
2016-08-08,2509.2216796875,2580.818268597543,2472.389135499838,2518.402528693328,1381689
2016-08-09,2476.162841796875,2536.292311809096,2464.877170730203,2503.850680840731,715044
2016-08-10,2407.57861328125,2495.7953237670154,2392.9182058068304,2495.178353066065,378538
2016-08-11,2398.542724609375,2445.8262078712733,2386.9304933553867,2408.812220749186,468412
2016-08-12,2402.9697265625,2442.161006149329,2395.0226414173317,2405.909107969229,346122
2016-08-16,2388.70849609375,2409.4291059402804,2380.5073226238237,2408.6670178535533,439664
2016-08-17,2437.661376953125,2488.646330203875,2395.022714981857,2400.103066195455,873225
2016-08-18,2444.701416015625,2478.413141898396,2432.944066450289,2442.197563906398,742327
2016-08-19,2436.935546875,2454.3902170837223,2424.198345523306,2449.454983457114,568356
2016-08-22,2421.513427734375,2442.8871583529326,2400.1033734504954,2440.8913058349435,335519
2016-08-23,2400.75634765625,2420.4609603822814,2391.430380031827,2420.424636719123,264550
2016-08-24,2402.7890625,2414.9092970763354,2384.1369458801573,2395.0234159526694,362562
2016-08-25,2398.361083984375,2417.230958202384,2385.58755979214,2405.9816101108786,461761
2016-08-26,2398.542724609375,2418.9729230964253,2393.208285001639,2408.086456295812,381414
2016-08-29,2476.30908203125,2481.244317280764,2380.943674190732,2416.7963784185413,297321
2016-08-30,2523.84619140625,2529.2894254639195,2481.461613085971,2495.1058447063097,284628
2016-08-31,2570.18603515625,2600.1962891924018,2524.2087858496543,2539.4135158126123,651174
2016-09-01,2574.721923828125,2609.12308641474,2559.263106265059,2583.7213317486717,344769
2016-09-02,2596.567138671875,2622.9124206143756,2577.7699124543537,2612.7517194830525,313570
2016-09-06,2623.3486328125,2649.0406271980996,2605.6398713476524,2608.3978120958823,241459
2016-09-07,2617.723388671875,2633.798999205207,2594.752839171945,2626.142149371897,218447
2016-09-08,2688.050048828125,2714.359009819018,2613.659193612497,2615.6913694853724,528176
2016-09-09,2628.138427734375,2688.558323641554,2588.4754678431214,2683.8771779549347,379882
2016-09-12,2563.980712890625,2580.092648421956,2534.3694875638453,2569.2061815509774,400987
2016-09-14,2605.639404296875,2619.86445790831,2559.3355985246185,2576.4637098372787,297674
2016-09-15,2580.192138671875,2617.941796699582,2565.65626141959,2612.0834654062683,203782
2016-09-16,2627.974365234375,2667.7378278511615,2578.1418948951195,2605.493052839537,579506
2016-09-19,2609.92431640625,2648.5160539387025,2600.5875970621655,2646.4289510430444,188824
2016-09-20,2538.415283203125,2612.706401804609,2533.765339265824,2604.7609672065264,504747
2016-09-21,2533.28955078125,2572.5404530031756,2501.9840841242944,2555.697745795924,620151
2016-09-22,2591.25,2619.369920751494,2563.898842261307,2577.4462343678215,449341
2016-09-23,2586.5634765625,2603.296409667724,2574.0047482368636,2598.097068250901,443638
2016-09-26,2538.122802734375,2587.4060654452232,2526.7722824105485,2576.2019676917284,263475
2016-09-27,2527.321044921875,2562.8371827498245,2517.0323135678727,2562.8371827498245,277573
2016-09-28,2527.503662109375,2550.936985935972,2522.377622522307,2528.9682448485373,419623
2016-09-29,2510.478515625,2563.020434532925,2495.320116240043,2554.9652274529644,422908
2016-09-30,2499.8232421875,2523.40299069736,2481.076688673625,2504.546486198706,366861
2016-10-03,2578.508056640625,2592.311822462339,2516.0802083737003,2516.446354111336,387724
2016-10-04,2588.174560546875,2631.8556774479925,2574.2974934567383,2631.8556774479925,393212
2016-10-05,2556.6123046875,2605.3829825711687,2552.7677749060153,2605.3829825711687,217243
2016-10-06,2544.16357421875,2579.240263216837,2531.3118234943413,2569.610702146821,263421
2016-10-07,2544.127197265625,2557.345095135929,2524.0624808604443,2547.2760866004237,302391
2016-10-10,2554.855224609375,2570.343118038562,2544.8959888784934,2552.7681223596655,140961
2016-10-13,2563.4228515625,2577.6658844002823,2538.8544378453917,2559.285297632205,562162
2016-10-14,2549.54638671875,2575.46943663234,2542.6260883970126,2566.755238513137,293741
2016-10-17,2493.818603515625,2555.733883120891,2482.6878089171955,2549.838901025226,438192
2016-10-18,2496.71142578125,2516.00737991784,2475.2187757447596,2493.3794634237624,561947
2016-10-19,2461.927978515625,2502.972962947659,2455.886572153917,2500.117096907711,422571
2016-10-20,2461.963623046875,2494.1844438125095,2457.7895979313785,2480.2709075728035,260349
2016-10-21,2460.3896484375,2471.337370519978,2448.489911656088,2471.337370519978,208175
2016-10-24,2442.082763671875,2469.2140249805443,2438.5677281636267,2469.2140249805443,286652
2016-10-25,2457.239990234375,2464.1601069327994,2440.0677958250863,2443.6559515110703,469396
2016-10-26,2503.740966796875,2525.673058644519,2467.8220375853953,2474.4126602377005,604984
2016-10-27,2426.5576171875,2526.40563306812,2417.44062392024,2522.011884141045,843799
2016-10-28,2454.53076171875,2470.7509431373096,2428.3146963937793,2429.6693280826935,636796
2016-11-01,2467.968505859375,2481.7356203002546,2454.750609983035,2475.144997525778,342276
2016-11-02,2436.260009765625,2460.4622745299,2431.207270986342,2451.7114286934557,273343
2016-11-03,2474.047119140625,2490.5236797979182,2431.500906552721,2439.263268864118,544379
2016-11-04,2407.701416015625,2474.4132505120942,2380.679928207996,2474.4132505120942,379887
2016-11-07,2459.474609375,2477.0129572253745,2390.932044935365,2423.8851665347806,359829
2016-11-08,2469.6162109375,2479.538795625022,2434.4295717759487,2479.538795625022,185356
2016-11-09,2369.621337890625,2381.3746489710343,2226.1655442339006,2341.1719282541058,649901
2016-11-10,2303.349853515625,2425.349701689549,2295.7340926318648,2425.349701689549,533361
2016-11-11,2178.787109375,2292.072577698432,2170.512179008994,2278.195688423742,629937
2016-11-15,2117.67724609375,2183.327107565392,2100.2486726348116,2177.8349213145984,912774
2016-11-16,2130.638916015625,2207.859024241375,2117.823813884871,2146.346534013755,824067
2016-11-17,2105.667236328125,2148.7993063599924,2086.6643105617895,2137.5585620389065,547715
2016-11-18,2149.568359375,2156.525128501332,2101.6765676391983,2120.7161463007383,522917
2016-11-21,2142.575439453125,2160.260209998396,2120.057472857379,2155.0975184858726,539966
2016-11-22,2195.190185546875,2207.8588642057034,2147.810961431286,2152.9736522433122,581489
2016-11-23,2206.760498046875,2218.8433081407106,2193.2131049113623,2218.8433081407106,545682
2016-11-24,2234.91650390625,2247.182383766454,2177.651357270546,2196.8007041663377,802548
2016-11-25,2230.523681640625,2266.222899035233,2217.3790824794482,2237.1509567287694,412734
2016-11-28,2274.790283203125,2285.9212572202105,2229.8276558428156,2229.8276558428156,318534
2016-11-29,2316.4208984375,2330.956955039717,2251.210309924942,2267.9065905195407,604746
2016-11-30,2318.4716796875,2324.4764345945964,2295.3678457074147,2314.7735716322027,453803
2016-12-01,2336.33935546875,2366.766102725243,2303.056742905597,2314.7734067804745,504138
2016-12-02,2331.359619140625,2350.6189201630705,2306.7913838516533,2306.7913838516533,309774
2016-12-05,2361.1640625,2390.931639112715,2307.5237125566596,2307.5237125566596,333118
2016-12-06,2341.098876953125,2375.0406537175495,2335.899715456753,2371.8917650467474,349581
2016-12-07,2363.9833984375,2379.9473889877463,2345.30996507775,2349.2644464702544,401164
2016-12-08,2428.46142578125,2436.5899320701633,2377.017953437147,2379.214827700952,379921
2016-12-09,2399.975830078125,2440.727784123779,2391.627598974766,2438.5309094305985,270444
2016-12-12,2352.449462890625,2390.9314115651882,2341.94118861134,2383.608497594085,253384
2016-12-13,2351.16796875,2372.6241425859744,2344.064777906699,2344.064777906699,266234
2016-12-14,2313.748291015625,2361.6034331907563,2296.4661401318926,2355.0494600332163,396905
2016-12-15,2320.961181640625,2343.222949768667,2281.893538685671,2297.41808221235,256479
2016-12-16,2290.53466796875,2332.9711063213267,2281.8571203696238,2332.9711063213267,285244
2016-12-19,2275.33935546875,2306.864538814297,2259.8514624865816,2290.5344033775627,197038
2016-12-20,2240.04296875,2281.820233100248,2229.864188773721,2281.820233100248,245871
2016-12-21,2212.80126953125,2273.0322298750725,2207.8583031808453,2244.8023640730153,270789
2016-12-22,2195.995849609375,2226.8252153837298,2184.8650542431596,2202.0006043270073,210029
2016-12-23,2226.23876953125,2236.454197028469,2189.587555578129,2196.873817984702,149050
2016-12-26,2202.440185546875,2233.415975764841,2178.7504818725024,2226.97195300935,143439
2016-12-27,2222.46826171875,2231.5852559969444,2166.1184612371094,2193.2132492917995,140004
2016-12-28,2198.0458984375,2233.4887300507203,2193.9449951580186,2218.842902312683,194508
2016-12-29,2223.493896484375,2236.4187730212298,2177.8720894249914,2199.071897636789,253287
2016-12-30,2228.839599609375,2243.009515761475,2216.6470141070795,2226.166806371167,240182
2017-01-02,2219.246337890625,2247.3662637386333,2191.419257168941,2227.6310409306016,213654
2017-01-03,2187.025390625,2208.7011134955587,2169.4503932143266,2180.764262041024,454277
2017-01-04,2200.462646484375,2209.5431683109155,2175.638036264012,2196.142198167544,396816
2017-01-05,2249.416748046875,2258.240897684302,2206.3579657175974,2222.431730765152,383925
2017-01-06,2246.3408203125,2284.0171821259346,2234.9536517628576,2259.119271195418,266915
2017-01-09,2219.90478515625,2275.888428351745,2213.75360875285,2246.670072262469,211629
2017-01-10,2240.079345703125,2250.1850025679755,2211.1171856830424,2237.150180164448,178876
2017-01-11,2258.570068359375,2264.245327508207,2223.237003336001,2249.5628471151304,379710
2017-01-12,2257.801513671875,2279.001320564627,2248.1352999302308,2270.104048789484,322348
2017-01-13,2230.96240234375,2269.371050550343,2212.5086948043063,2267.467021395875,168219
2017-01-16,2264.062255859375,2268.5657770928856,2216.3535359210205,2231.292211079006,297394
2017-01-17,2294.0126953125,2310.123106903376,2249.4162183760473,2263.5128285180635,224536
2017-01-18,2259.88818359375,2312.9793165041715,2252.601919040395,2307.450480010183,260704
2017-01-19,2271.82470703125,2278.1223069405596,2245.2058383159315,2266.295870205263,277092
2017-01-20,2233.927978515625,2285.0417697680837,2229.2778571078725,2270.0664479888615,330431
2017-01-23,2267.76025390625,2275.229591123587,2233.8551231807214,2233.8551231807214,621509
2017-01-24,2295.22119140625,2300.8597999718495,2259.119186159502,2287.312407769596,706800
2017-01-25,2378.080078125,2398.9503865964534,2285.4818505054486,2302.9835464476123,1050202
2017-01-27,2354.939208984375,2393.0914810432337,2344.064610926015,2377.0177216700545,532124
2017-01-30,2339.45166015625,2355.012854803054,2311.6612330022617,2354.3172136223243,488948
2017-01-31,2323.084716796875,2357.1362672265905,2307.0840780391113,2336.009588619192,273410
2017-02-01,2407.005615234375,2419.894017709795,2320.9980105615637,2325.0256139873686,628791
2017-02-02,2364.385986328125,2405.577379818162,2361.639893428789,2390.9315510217043,354323
2017-02-03,2353.584716796875,2368.8895365662584,2344.0649279610448,2363.8367970816157,343388
2017-02-06,2394.9228515625,2403.9667236711016,2366.7662773669554,2383.3892597096133,362269
2017-02-07,2387.12353515625,2401.0004213930933,2363.1776421960653,2401.0004213930933,217985
2017-02-08,2359.84619140625,2401.1840140186437,2350.6558966147745,2372.697943980614,541782
2017-02-09,2391.0048828125,2430.621742953527,2362.189142767416,2405.5774111418928,585465
2017-02-10,2393.568359375,2405.431447360656,2373.3570400052704,2398.328254703613,233552
2017-02-13,2362.775146484375,2401.769668387418,2354.3904446672773,2391.6640100533073,385934
2017-02-14,2316.201904296875,2369.000205272053,2303.1670768007884,2365.302096578249,420128
2017-02-15,2268.529296875,2319.8628238029664,2263.1835331636607,2316.201366299598,513046
2017-02-16,2288.008056640625,2312.137024915149,2232.9031233074375,2277.426480614127,403866
2017-02-17,2260.730224609375,2292.072335755681,2249.8191530542404,2281.0879635395995,517754
2017-02-20,2271.641845703125,2287.2030422156627,2255.4581298172343,2269.2252476647523,197887
2017-02-21,2288.99658203125,2297.198210270699,2262.780513145189,2284.0169645630567,414204
2017-02-22,2318.581298828125,2325.757791245189,2277.426552510245,2283.3581851405565,433415
2017-02-23,2326.306640625,2343.185992684683,2305.399685976685,2319.1667996724245,629689
2017-02-27,2325.684814453125,2352.04731197974,2311.8812251008276,2325.4652699994394,392987
2017-02-28,2298.004638671875,2329.2734582794196,2292.8419464677627,2327.9552974725175,221558
2017-03-01,2327.331787109375,2341.8678425731364,2306.717856193052,2311.7705952223587,452809
2017-03-02,2364.78857421875,2389.4301074869127,2336.009487410538,2344.0646925395395,581211
2017-03-03,2396.68017578125,2406.3097369650313,2344.0649628804213,2357.9785006169814,226645
2017-03-06,2431.06103515625,2439.9949545154063,2396.7897617433746,2396.7897617433746,391280
2017-03-07,2420.552978515625,2431.134555264681,2401.9161950149946,2431.134555264681,225124
2017-03-08,2396.570068359375,2436.296877461426,2383.7916189760535,2420.5892624300272,304333
2017-03-09,2408.507080078125,2415.6102728643436,2388.1493377768006,2414.9512819350944,295827
2017-03-10,2424.653564453125,2437.7981598077167,2408.2136576779462,2412.8269506410993,227655
2017-03-14,2458.632080078125,2478.0378049793494,2449.9545330047654,2466.9070098490306,1078387
2017-03-15,2490.59716796875,2498.579075330779,2442.1926190586596,2442.1926190586596,813831
2017-03-16,2492.010498046875,2523.2722784883235,2486.837454056067,2513.5960131135894,745130
2017-03-17,2490.5966796875,2511.3633639207724,2488.363695072277,2504.6644100751037,299456
2017-03-20,2486.24267578125,2508.386443344903,2476.1197379209816,2490.5970691501466,121894
2017-03-21,2482.111083984375,2500.9053700635714,2476.751957565347,2480.8457624538846,149569
2017-03-22,2467.150146484375,2487.9168290784396,2450.3282576892216,2450.3282576892216,406454
2017-03-23,2506.45068359375,2515.084963318004,2471.2068526992666,2482.185693542398,213622
2017-03-24,2512.293701171875,2515.8292600432374,2485.8327979062647,2512.0703663726918,230244
2017-03-27,2488.438232421875,2527.7015486091827,2456.2832875472286,2515.0852207945713,296970
2017-03-28,2476.304931640625,2500.9050101841344,2465.2145163176997,2486.8000298965685,338652
2017-03-29,2400.01171875,2484.455896423669,2366.9636201382555,2478.873435055418,1247758
2017-03-30,2405.408203125,2433.95326285628,2383.3389442403086,2383.3389442403086,627310
2017-03-31,2398.18798828125,2402.691209823486,2381.85002212985,2381.85002212985,582578
2017-04-03,2383.45068359375,2430.2690405440603,2375.7469950753407,2398.821171314662,370011
2017-04-05,2380.3984375,2406.412667386964,2374.8532296832927,2403.3981023379274,427222
2017-04-06,2386.53955078125,2396.476223247016,2363.2420417109415,2373.662636540533,441769
2017-04-07,2393.23876953125,2407.0831665906844,2379.0965321255476,2379.0965321255476,332878
2017-04-10,2381.4033203125,2408.645802259976,2370.685068046361,2408.645802259976,291127
2017-04-11,2383.48779296875,2399.7141845308834,2372.2112931087768,2375.8956814586163,169115
2017-04-12,2401.984375,2406.22700943267,2382.1479192653965,2389.293542735711,289874
2017-04-13,2400.0859375,2415.67957471474,2390.0375082377113,2402.69108582726,229218
2017-04-17,2411.734375,2415.344438605768,2384.082661588375,2384.082661588375,206525
2017-04-18,2401.388671875,2425.802671314847,2393.9453904433844,2418.3221371319255,427228
2017-04-19,2381.664306640625,2410.1348620680815,2366.219495526384,2410.1348620680815,235606
2017-04-20,2380.659423828125,2395.248330349511,2366.9638565914993,2375.1514674161867,158153
2017-04-21,2384.232421875,2395.2485172793595,2375.8959810925157,2395.2485172793595,132297
2017-04-24,2385.124755859375,2395.247690134308,2371.8013563122972,2394.503362076466,109307
2017-04-25,2460.153076171875,2465.9216186570497,2383.4129619499186,2406.4126263960693,601198
2017-04-26,2465.99658203125,2477.12425228918,2434.6975448431212,2471.1696266827157,294063
2017-04-27,2456.87841796875,2503.9199211661294,2434.7346552889962,2470.7973181661614,823678
2017-04-28,2470.127197265625,2486.0557452203657,2447.350685713941,2469.6805277368785,259906
2017-05-02,2495.6953125,2522.3050468298225,2460.079315583309,2469.383418495834,248508
2017-05-03,2513.22412109375,2519.067170044625,2493.4994241563936,2506.8973315100698,228007
2017-05-04,2527.4775390625,2533.618245642078,2498.783837330866,2512.107237100087,200910
2017-05-05,2513.26123046875,2540.2803784347375,2493.610858438605,2522.714161551527,190683
2017-05-08,2531.646484375,2539.648013138552,2506.8603170702627,2513.2616127694105,99666
2017-05-09,2443.146240234375,2561.9781890089525,2438.680270119891,2545.5657124940662,501840
2017-05-10,2474.035400390625,2482.2600817574394,2430.231612421765,2435.5907392045474,424465
2017-05-11,2576.715576171875,2593.2023742465203,2452.67316408543,2512.107847627986,987725
2017-05-12,2636.037841796875,2645.1931133391276,2578.277911273366,2589.5173377414453,607136
2017-05-15,2616.648681640625,2648.3198846775913,2608.5728292484755,2635.666304565304,215587
2017-05-16,2694.021484375,2703.251263327216,2598.524319210847,2627.1064501450314,372398
2017-05-17,2713.783447265625,2742.067919728816,2675.897213417706,2690.74652511673,338342
2017-05-18,2673.664306640625,2708.6104813710454,2662.499382974627,2679.581679839451,294013
2017-05-19,2658.479736328125,2721.2638925325978,2630.2697703055433,2677.3485288401953,270446
2017-05-22,2651.63232421875,2713.0766619185647,2643.072548742189,2677.1628213321255,255829
2017-05-23,2668.416259765625,2693.7234153673076,2642.364776058011,2675.040707220127,199447
2017-05-24,2655.465087890625,2688.736518689528,2625.3941226483594,2668.416324560029,256025
2017-05-25,2698.822509765625,2713.262404334463,2625.3571701478004,2655.4653915837494,253648
2017-05-26,2693.27685546875,2724.3154841263886,2683.749600701516,2699.008327494358,193039
2017-05-29,2728.55810546875,2737.9737836600525,2672.547413477472,2695.8819914075098,211133
2017-05-30,2784.04833984375,2789.7423784668804,2724.2414901784373,2724.2414901784373,347224
2017-05-31,2787.84423828125,2800.1629072983933,2769.7942780202225,2780.0660443273523,424001
2017-06-01,2778.837890625,2839.6122183638004,2760.564596099765,2785.276257173615,451621
2017-06-02,2865.477783203125,2871.246327347504,2791.231037602888,2797.7811627819506,570351
2017-06-05,2854.461181640625,2888.4026177209084,2844.263922404285,2865.663356560418,181146
2017-06-06,2828.41015625,2861.1978526906737,2817.319737781936,2861.1978526906737,119591
2017-06-07,2860.6396484375,2870.1670867201174,2831.313187033975,2831.313187033975,426059
2017-06-08,2816.872802734375,2872.362506045536,2812.25800426705,2863.4305677007455,256253
2017-06-09,2813.635009765625,2828.8192318622205,2795.398969460238,2825.6930898683036,302560
2017-06-12,2808.536376953125,2821.003874286714,2798.9346158740645,2811.3276076994507,182605
2017-06-13,2793.091796875,2817.543052915031,2785.462432206654,2813.5608240339775,212476
2017-06-14,2820.296875,2834.4018584081687,2792.012402673448,2801.651416766898,374661
2017-06-15,2811.8486328125,2843.3337523303617,2798.674059885382,2818.0265932782063,163019
2017-06-16,2816.202880859375,2826.9583865599316,2797.036430502893,2826.9583865599316,229485
2017-06-19,2847.390869140625,2853.7549129196977,2821.0044653014224,2821.0044653014224,176591
2017-06-20,2826.21435546875,2863.3562623269,2814.3051035099666,2850.0328593863164,235259
2017-06-21,2805.55859375,2835.741133503725,2795.696246766598,2832.1683224033295,253054
2017-06-22,2776.864990234375,2819.7383643221197,2767.077147759429,2806.117122845855,272211
2017-06-23,2724.3154296875,2776.3811454326665,2716.797642973445,2772.622252075639,371113
2017-06-27,2750.441650390625,2762.7230662358093,2706.824124966852,2736.1505846603814,365879
2017-06-28,2745.4169921875,2771.580234393192,2729.4884432567987,2739.8717840895197,496312
2017-06-29,2766.184326171875,2780.7730506368757,2740.6165784510354,2754.0144867650274,384888
2017-06-30,2777.440185546875,2787.495280652713,2750.163592056583,2768.9232345672012,205581
2017-07-03,2833.531005859375,2840.3969605006973,2754.9654906280284,2767.421964289432,249649
2017-07-04,2778.9404296875,2854.504218743302,2771.6615432147273,2854.504218743302,474327
2017-07-05,2783.743408203125,2789.708938001695,2774.0259498268842,2776.8023403344337,142509
2017-07-06,2795.44921875,2810.194223304044,2782.4299546091843,2788.470595654341,161483
2017-07-07,2762.656982421875,2793.4603469546037,2756.1662204697363,2791.4343425394554,182590
2017-07-10,2799.689208984375,2806.4426806758406,2771.2870353131852,2776.427250935992,39171
2017-07-11,2812.67041015625,2819.4238806259686,2802.690244933299,2802.690244933299,227102
2017-07-12,2790.496826171875,2834.169237339196,2782.1674716091957,2820.662294718398,232681
2017-07-13,2814.658935546875,2827.4530471480175,2799.7638907463984,2800.589205017675,384727
2017-07-14,2819.98681640625,2848.463915060463,2804.9415475490014,2825.2019600112335,187230
2017-07-17,2824.714111328125,2840.2095007139997,2804.978933375448,2819.986645400357,131553
2017-07-18,2839.421875,2850.715216194738,2817.6982460677127,2817.6982460677127,224796
2017-07-19,2829.44140625,2847.713368998915,2819.7239493119155,2841.710284163081,464119
2017-07-20,2798.863037109375,2842.422955665189,2788.8079438487675,2830.4918984977817,374090
2017-07-21,2762.92041015625,2807.1931706666296,2757.667709756713,2798.2260973387797,427736
2017-07-24,2770.64892578125,2795.411651816963,2762.9574729974297,2770.4237734500925,236050
2017-07-25,2783.218017578125,2813.9462742530427,2776.4269905963356,2795.186632424689,433381
2017-07-26,2789.521484375,2810.5322854855513,2766.672274807205,2787.6830759177565,366612
2017-07-27,2779.090576171875,2820.6994203131085,2762.9197301390973,2797.212314810245,452512
2017-07-28,2724.125,2770.086120019228,2708.8921350108462,2770.086120019228,276500
2017-07-31,2743.221923828125,2756.090962493484,2705.1398578678495,2723.8243844384724,504658
2017-08-01,2797.32470703125,2804.6783384966516,2752.4516167281395,2757.6667594019204,685598
2017-08-02,2853.416259765625,2880.5801809310965,2808.993287181654,2813.9459052547436,828588
2017-08-03,2880.242919921875,2885.2329113651917,2830.454757261249,2860.4701841675187,424548
2017-08-04,2968.9384765625,2974.5288131966195,2863.771814379982,2878.4794468774553,789172
2017-08-07,2966.04931640625,3015.724809700714,2947.402342959413,2964.023311795074,644961
2017-08-08,2936.559326171875,3004.1691510464034,2923.5402441919036,2969.276215983669,253242
2017-08-09,2914.310546875,2960.271672332636,2896.1512490484006,2937.7601006799164,343296
2017-08-10,2918.66259765625,2960.271446108008,2897.2766062204887,2907.744449599121,303409
2017-08-11,2882.15625,2910.2207840106576,2848.9892399870655,2910.2207840106576,302935
2017-08-14,2969.313720703125,2982.783107150836,2888.609703390476,2888.984896234143,263329
2017-08-16,3018.126220703125,3034.559593291993,2951.491937801002,2975.354238305092,475186
2017-08-17,2999.928955078125,3030.282014044279,2983.232876530903,3020.3018495536603,351635
2017-08-18,2991.5625,3002.1054552542655,2977.905517509605,2988.786109673871,209351
2017-08-21,2980.569580078125,3030.2826330993057,2964.0610945465633,2992.5381954485806,246195
2017-08-22,2917.536865234375,3000.1168398861087,2912.3590945033247,2999.291342418957,290303
2017-08-23,2918.17431640625,2964.022947172736,2900.690479505391,2946.7640793790724,407757
2017-08-24,2913.484619140625,2945.2635230449164,2903.992314441739,2932.5069676584794,222636
2017-08-28,2970.9267578125,2997.002658526589,2880.3176927412405,2915.2481805535626,435266
2017-08-29,2960.79638671875,2986.5346491034575,2942.787132553302,2956.5192254943777,397802
2017-08-30,2992.613525390625,3012.798829072672,2963.911270045163,2964.0237546294034,261951
2017-08-31,2997.86572265625,3017.3006373163416,2977.5301986747686,2993.2882970044484,469468
2017-09-01,3038.2734375,3070.5400151035806,2997.79017503031,3006.044415812621,388220
2017-09-04,2985.709716796875,3064.5753305369253,2972.615522408921,3064.5753305369253,226397
2017-09-05,2979.368408203125,3007.170230756843,2971.5269154827442,2997.040025363152,250627
2017-09-06,2964.5107421875,2997.715304369528,2956.5192089760744,2966.274221594523,218970
2017-09-07,2988.711181640625,3010.92267201497,2966.2747221121936,2966.2747221121936,256960
2017-09-08,2968.563232421875,3003.043416923286,2961.584609130929,2999.5915696009956,145201
2017-09-11,2959.89599609375,3001.504840930162,2953.968023139815,3000.792011250832,217005
2017-09-12,2940.686279296875,2979.293767927071,2933.970364303545,2970.326512762077,219890
2017-09-13,2921.6640625,2979.031008376546,2909.995529089231,2936.8593717996537,262986
2017-09-14,2919.937744140625,2943.012099587416,2914.8350858084077,2930.2555453566697,190185
2017-09-15,2917.499267578125,2934.0077510880838,2903.9923265245225,2915.248110735858,389738
2017-09-18,2963.9482421875,2972.5776772688623,2922.7521427745833,2922.7521427745833,573380
2017-09-19,2959.70849609375,2984.92152632834,2954.1181598374574,2979.030925902817,154125
2017-09-20,2893.52490234375,2970.2518424815116,2885.2331034688855,2956.4072625391245,515833
2017-09-21,2923.802490234375,2927.6670861417483,2860.2448641267224,2893.562095959035,490206
2017-09-22,2844.824462890625,2911.458744762718,2836.4952921563763,2911.458744762718,719999
2017-09-25,2818.410888671875,2870.7502867044627,2792.184947372889,2870.7502867044627,275648
2017-09-26,2842.2734375,2855.4802991106567,2808.055776272156,2852.216048033133,548321
2017-09-27,2796.987060546875,2870.149652581029,2782.879958591251,2866.472836620178,266924
2017-09-28,2806.47900390625,2835.7064791378425,2757.291203385023,2813.1949167207654,789127
2017-09-29,2832.3681640625,2865.9854774926457,2790.1214157420072,2801.9399896135697,547536
2017-10-03,2856.155029296875,2885.232469660817,2846.8127657424448,2881.480541871921,294342
2017-10-04,2847.63818359375,2903.992214314159,2832.405502776024,2903.992214314159,388211
2017-10-05,2818.0361328125,2849.2146974159887,2813.946567108232,2848.4643116647594,260215
2017-10-06,2779.390625,2834.2063281129554,2767.497123508433,2818.0730381859157,373696
2017-10-09,2758.71728515625,2787.6822398515023,2753.9148910511476,2778.7151694211043,423770
2017-10-10,2772.86279296875,2792.0351844859797,2747.312122920911,2768.923267993962,367529
2017-10-11,2768.5849609375,2810.0437613514914,2759.6178905195507,2777.251950424144,298989
2017-10-12,2814.696533203125,2821.937681343008,2772.6373814776143,2774.1757086782063,343176
2017-10-13,2824.33935546875,2843.961868697188,2808.843780486013,2819.1991400251545,213882
2017-10-16,2833.943603515625,2855.704785152014,2826.552415534751,2849.7392564812694,261710
2017-10-17,2843.2490234375,2872.851703185365,2820.5498556116263,2840.209924658902,447594
2017-10-18,2816.197265625,2861.895677151059,2795.18646801309,2861.895677151059,236096
2017-10-19,2803.140625,2820.999656385199,2791.4345359243416,2813.9461047624413,24217
2017-10-23,2844.89990234375,2861.97117772214,2828.9542055617376,2846.175521446383,510178
2017-10-24,2817.997802734375,2856.867810609725,2808.0927501791653,2845.4619869643443,138844
2017-10-25,2828.690673828125,2840.134052893395,2789.1829498760594,2840.134052893395,464158
2017-10-26,2814.583984375,2842.385625118473,2799.1259672774704,2825.727100945164,357840
2017-10-27,2841.44775390625,2862.7212604056267,2814.3964977300043,2824.4515921800207,328558
2017-10-30,2876.228759765625,2882.6070390398245,2852.704091750919,2861.933873693516,244919
2017-10-31,2888.90966796875,2904.030048878981,2867.7488290786064,2894.2374794139714,307237
2017-11-01,2865.9853515625,2913.672210497165,2854.3168186922517,2907.7442374606385,338059
2017-11-02,2803.327880859375,2854.9918151469215,2786.1814980641147,2823.925927204067,518139
2017-11-03,2768.210205078125,2808.655918133192,2757.892402441667,2806.36720527209,364403
2017-11-06,2768.060302734375,2787.682815084255,2747.7998892734663,2758.0425805766295,290004
2017-11-07,2762.54443359375,2798.262859457879,2757.6669274635424,2772.8622350230353,303030
2017-11-08,2718.309326171875,2790.42127066793,2709.2671432706575,2774.9258816825622,367993
2017-11-09,2699.69970703125,2746.33609731669,2693.884218815145,2722.3988707134667,241249
2017-11-10,2705.21533203125,2727.6517892877728,2671.9356557651818,2705.140220187736,307029
2017-11-13,2686.305908203125,2730.653779886751,2678.1267767012405,2730.653779886751,230714
2017-11-14,2742.809326171875,2748.2120656898237,2686.305255547568,2686.305255547568,430968
2017-11-15,2755.26611328125,2783.4805042824714,2731.403812564525,2739.282862023846,413595
2017-11-16,2744.16015625,2768.1349396790383,2720.3354133019725,2755.4159403199346,252451
2017-11-17,2724.762939453125,2774.175910682241,2718.2721764799617,2771.624672602527,338039
2017-11-20,2745.360595703125,2768.172242721125,2714.8948696570965,2725.700348097287,350045
2017-11-21,2760.4814453125,2769.2984774517927,2750.08852989399,2750.2387535964963,202939
2017-11-22,2747.38671875,2783.9304592981716,2735.305437816601,2765.245931921267,293485
2017-11-23,2759.4306640625,2775.1887622599615,2735.530808516503,2765.1710408403,219012
2017-11-24,2741.34619140625,2769.0353467482882,2738.9074382078456,2768.472557548657,388730
2017-11-27,2748.6630859375,2753.915786347427,2724.688297134978,2739.770941249406,172252
2017-11-28,2756.61669921875,2761.4190939283444,2742.734565186773,2761.4190939283444,155386
2017-11-29,2743.634765625,2772.674650220132,2738.156914385186,2763.670023480581,172201
2017-11-30,2726.638427734375,2759.9181007335005,2717.1461236421983,2738.156919406347,456685
2017-12-01,2704.427001953125,2761.4187462306572,2661.9926636557766,2732.9040961337105,222230
2017-12-04,2702.43896484375,2727.6519974396892,2696.736143489653,2727.6519974396892,131129
2017-12-05,2641.769775390625,2699.1367116746796,2636.1418839984763,2699.1367116746796,242868
2017-12-06,2630.5517578125,2639.931577545686,2606.351822900879,2638.3556945506693,291780
2017-12-07,2664.694091796875,2677.375533797639,2639.818701903637,2641.357028858657,301458
2017-12-08,2641.01953125,2676.6252893904493,2630.889326201844,2648.8610237029116,177525
2017-12-11,2637.493408203125,2659.3670793826363,2626.5752589771305,2659.3670793826363,226419
2017-12-12,2582.60205078125,2644.358821533605,2575.886136384643,2639.10612239889,427882
2017-12-13,2565.90625,2619.071148151815,2558.8151420380896,2577.574783841888,348709
2017-12-14,2596.747314453125,2604.888889515289,2563.4676348184958,2590.3314799702816,314655
2017-12-15,2628.6005859375,2635.3164999810347,2600.1610468259514,2603.8378627471097,372029
2017-12-18,2652.87548828125,2666.607396566086,2574.309978758748,2616.594275562514,412556
2017-12-19,2777.177490234375,2784.4186389974184,2656.3653919021044,2671.3731059806473,876214
2017-12-20,2813.345703125,2846.8879033802796,2773.4627810809075,2801.489573801762,664592
2017-12-21,2855.930419921875,2868.1617434788545,2829.967184606684,2839.8346832875204,612505
2017-12-22,2846.06298828125,2873.2269146368444,2831.9557001408857,2861.9711288652193,438144
2017-12-26,2861.8203125,2888.083805513557,2811.8445639429397,2846.062216691866,320480
2017-12-27,2841.44775390625,2877.278668764538,2819.2364485421417,2861.2204891026618,189623
2017-12-28,2788.920654296875,2839.084006507614,2778.152730519437,2823.0258274445864,605738
2017-12-29,2840.322265625,2858.8569383648933,2791.472268082006,2798.938568911429,274559
2018-01-01,2813.270751953125,2858.9691621309644,2806.442169650868,2858.9691621309644,201102
2018-01-02,2809.330810546875,2839.721423113969,2790.87125407814,2837.207558424265,258156
2018-01-03,2817.847900390625,2824.751411103889,2797.4374492037377,2797.4374492037377,274963
2018-01-04,2805.616455078125,2821.412107520001,2792.597375726437,2817.697735693427,196775
2018-01-05,2809.93115234375,2820.474105870431,2796.0865757053243,2820.474105870431,234199
2018-01-08,2841.52294921875,2845.4624740047534,2810.4194996910865,2831.205146207789,249549
2018-01-09,2813.533447265625,2855.067366398645,2808.4307881902614,2851.465478627822,290158
2018-01-10,2804.11572265625,2815.859366576491,2795.186207782369,2806.441991169412,250123
2018-01-11,2780.666748046875,2808.843768249961,2776.5771825451457,2806.9678039647974,366134
2018-01-12,2766.934326171875,2796.611929134717,2739.357656261565,2796.611929134717,363795
2018-01-15,2722.999267578125,2776.42668498439,2711.6308159617356,2767.1969055808718,229198
2018-01-16,2690.957763671875,2749.412726247571,2684.9920518355375,2729.677549132675,271813
2018-01-17,2676.512939453125,2693.9967773003623,2646.08476686038,2690.8827503532216,501484
2018-01-18,2696.39794921875,2733.6545179416025,2683.4162427571487,2690.8825422285445,345926
2018-01-19,2693.69677734375,2716.3959423314645,2665.5948725360727,2669.8720339268925,295410
2018-01-22,2703.60205078125,2717.8218227860825,2693.2093190266264,2695.9481534804618,320126
2018-01-23,2723.8994140625,2727.6513416300795,2707.5785291435304,2726.9009561165635,285236
2018-01-24,2735.531005859375,2738.9077414310023,2701.3884573018104,2723.6748754346245,312383
2018-01-25,2679.77685546875,2746.336017509957,2672.1229594531173,2746.336017509957,487836
2018-01-29,2732.716552734375,2745.097914200735,2682.290680856754,2689.907020842586,403110
2018-01-30,2767.3095703125,2773.4251395888396,2738.832290623108,2744.460182545975,540432
2018-01-31,2770.01123046875,2812.370466209131,2762.920122308076,2778.678221864966,558327
2018-02-01,2801.15185546875,2809.44365288977,2770.7987949507146,2772.787243487153,346581
2018-02-02,2718.98486328125,2815.7846127161347,2710.9182174950097,2798.713339075486,469510
2018-02-05,2728.702392578125,2748.362643803287,2663.9066995260514,2699.8876559666146,319150
2018-02-06,2657.75390625,2674.975222989424,2588.830900164316,2646.83575668329,442426
2018-02-07,2676.1748046875,2716.3955412297423,2658.2406643111494,2715.5700438904178,336709
2018-02-08,2688.031005859375,2713.3565174679816,2667.620556106579,2678.8763390437375,325607
2018-02-09,2660.9423828125,2683.6415466441354,2648.9362135131223,2653.963760267316,604849
2018-02-12,2710.317626953125,2713.919514408716,2660.492097282867,2675.8750018081237,385092
2018-02-14,2698.423828125,2719.3970663205296,2673.3608423732658,2716.6956052264695,315246
2018-02-15,2687.908203125,2724.295648500071,2682.3834077539163,2716.6752410916793,221710
2018-02-16,2662.72265625,2705.0921948533523,2655.7119188096513,2704.482525066127,219454
2018-02-19,2641.00439453125,2681.8879893688727,2622.9440673024214,2668.666508917223,246616
2018-02-20,2649.958251953125,2680.8590378790245,2623.896498629037,2641.2329236181636,340087
2018-02-21,2660.09326171875,2680.7064974465616,2636.6605129404497,2680.7064974465616,266352
2018-02-22,2652.816162109375,2666.6091737926295,2635.6702456194685,2654.9499133704726,434663
2018-02-23,2663.103271484375,2673.2384487642453,2632.8502966021856,2654.492175418167,142023
2018-02-26,2695.985595703125,2705.206175967352,2667.4470244432355,2681.6210549916586,361326
2018-02-27,2732.296875,2738.7360815767165,2701.434227269558,2722.8476449277273,320893
2018-02-28,2740.831787109375,2753.2530879034553,2686.1935053583393,2686.1935053583393,362559
2018-03-01,2725.7431640625,2741.0221165141943,2716.7891863018285,2724.295361225616,200696
2018-03-05,2710.15966796875,2729.553566987366,2693.8139318149883,2726.581682612172,242671
2018-03-06,2714.312744140625,2739.536366186135,2701.2056810719246,2721.323667543854,380991
2018-03-07,2708.597412109375,2712.864914482779,2678.5730826985864,2705.2445074196253,234750
2018-03-08,2733.211181640625,2744.1084002223656,2701.9293755259914,2713.626774004955,145720
2018-03-09,2732.9443359375,2790.173472442995,2728.867344375545,2747.84208059001,272293
2018-03-12,2815.359619140625,2833.2675771998497,2743.2325348222607,2743.6515084088355,192336
2018-03-13,2820.46484375,2842.221141726168,2798.213293764592,2815.7020896416043,233650
2018-03-14,2773.333251953125,2809.7967925015955,2760.111769692954,2804.310135966337,192489
2018-03-15,2774.438232421875,2811.930603256268,2767.732236050614,2775.2763656900825,198082
2018-03-16,2702.2724609375,2792.8790210636603,2690.4987838953125,2792.8790210636603,462796
2018-03-19,2678.8017578125,2704.4824926526194,2660.131760328705,2702.196370511747,252482
2018-03-20,2677.658935546875,2695.338244470654,2665.6949324849934,2665.6949324849934,212901
2018-03-21,2639.404296875,2689.965586726178,2633.2698319056217,2689.965586726178,667122
2018-03-22,2630.79296875,2655.5974290745216,2621.4198315618532,2646.719543890004,482411
2018-03-23,2601.41650390625,2617.6861476713116,2561.256995232923,2617.6861476713116,423299
2018-03-26,2653.19677734375,2668.4375896742363,2564.647694912637,2601.6066648140672,359650
2018-03-27,2640.242431640625,2657.998017533281,2618.3719002994135,2655.788173874816,325438
2018-03-28,2699.75830078125,2727.3441417311146,2612.3141151809023,2632.851078424421,786796
2018-04-02,2778.400390625,2784.9919682582263,2676.4393078137805,2700.672239269062,244943
2018-04-03,2777.600341796875,2795.927458695628,2759.349503389716,2777.600341796875,318581
2018-04-04,2794.517822265625,2815.740732788723,2763.9219588158862,2784.116039849418,526063
2018-04-05,2882.152099609375,2892.7064375046075,2819.512392571059,2819.550531814291,440824
2018-04-06,2880.094482421875,2886.571827913114,2857.6524226053634,2881.2756826322347,213101
2018-04-09,2894.763916015625,2901.1651694035672,2876.855959898854,2883.561955143088,265991
2018-04-10,2833.495849609375,2907.1851449069104,2830.219037531918,2907.1851449069104,321682
2018-04-11,2849.537109375,2861.4629725121695,2805.0719578741137,2843.936035530071,291118
2018-04-12,2857.2333984375,2885.467042919772,2839.40172089348,2853.0803139288596,115113
2018-04-13,2839.287353515625,2872.893422611961,2818.026492524942,2865.120644725318,164961
2018-04-16,2898.155029296875,2903.3750825378484,2827.3233830618274,2837.0775412830467,164316
2018-04-17,2872.1318359375,2914.806121639941,2867.6738227451788,2914.806121639941,223874
2018-04-18,2848.355712890625,2883.561955369255,2843.631097847188,2869.12132158085,204458
2018-04-19,2837.534423828125,2872.893032891844,2826.408556762825,2869.0828299304494,234124
2018-04-20,2852.08984375,2857.8814277988663,2811.930333913695,2838.601759845126,399283
2018-04-23,2833.419677734375,2847.2887811880346,2812.958996680501,2847.2887811880346,236404
2018-04-24,2832.428955078125,2853.080332113758,2824.351435423019,2850.032169365773,333702
2018-04-25,2832.657470703125,2859.938563218085,2820.2361708827434,2846.983872151017,219848
2018-04-26,2866.682861328125,2876.3607409402875,2788.345040716165,2824.884854812313,341735
2018-04-27,2829.83837890625,2878.1898282036514,2822.980012025906,2871.445879065045,571451
2018-04-30,2844.12646484375,2857.6526875648906,2832.543483159173,2843.173913947895,216291
2018-05-02,2792.193603515625,2875.9418080331534,2773.8283469106195,2858.4148706763003,715845
2018-05-03,2785.7158203125,2806.5575200571066,2771.8465319165084,2792.8789278649824,393371
2018-05-04,2788.87841796875,2796.5751033633514,2776.4189782569674,2785.258724687692,279580
2018-05-07,2779.96240234375,2803.547523013853,2760.6827368845984,2791.3167334959567,198507
2018-05-08,2787.01123046875,2799.73727176777,2773.9421220505187,2788.992424477686,360338
2018-05-09,2784.80126953125,2808.119787777229,2770.017755378623,2789.068771577926,259686
2018-05-10,2778.400390625,2793.1459525796786,2762.435675178069,2791.3550825176567,352223
2018-05-11,2757.291748046875,2785.258602966137,2736.4880008895752,2785.258602966137,246696
2018-05-14,2780.1533203125,2785.297095402528,2761.7880637211733,2762.397733533457,223997
2018-05-15,2781.1435546875,2788.573450822043,2767.007663807124,2781.4482965211437,341729
2018-05-16,2724.676513671875,2773.066097958874,2668.3617805496096,2773.066097958874,395161
2018-05-17,2708.7119140625,2747.1186924369135,2693.813980581804,2743.346628032389,350935
2018-05-18,2713.6650390625,2724.2954694896725,2694.0806305188235,2705.2444522205137,424207
2018-05-21,2661.73193359375,2727.038971572548,2637.9944397878007,2727.038971572548,258835
2018-05-22,2667.066162109375,2680.058993207588,2629.0404057314695,2642.0713760735666,323714
2018-05-23,2654.149169921875,2663.179425107496,2630.564051455181,2662.950775727152,155958
2018-05-24,2659.445556640625,2674.686369449351,2625.953907702465,2663.3320383248815,324856
2018-05-25,2707.41650390625,2724.2956317942912,2638.0707969151226,2651.901761858499,177764
2018-05-28,2743.194580078125,2750.967359230361,2695.6051680949236,2720.485726441105,191457
2018-05-29,2751.271728515625,2761.635556678373,2716.827525337817,2749.557136903449,309517
2018-05-30,2744.451171875,2760.4540250010364,2688.784067006129,2739.459768571912,237040
2018-05-31,2701.358154296875,2754.129475727242,2690.080100141341,2750.9670810631746,707484
2018-06-01,2763.38818359375,2771.5419817448283,2708.4449755810474,2715.5319911871584,300310
2018-06-04,2753.710205078125,2796.57499222934,2737.897861373455,2796.57499222934,230153
2018-06-05,2751.271728515625,2757.8253530957595,2716.903803827508,2743.4228579715186,225466
2018-06-06,2770.170166015625,2773.82799838735,2741.8222907136496,2762.359249261924,211568
2018-06-07,2782.591552734375,2794.7460644137905,2764.912246105672,2782.972573075705,222475
2018-06-08,2770.13232421875,2789.069111043741,2749.747734404428,2786.7829888215742,175173
2018-06-11,2752.719970703125,2778.324429506365,2743.3468318187215,2772.228103213434,249101
2018-06-12,2810.291748046875,2828.847326660171,2744.33709111293,2762.245046786365,257348
2018-06-13,2817.1123046875,2826.3328862103194,2803.547942018319,2823.132352243348,209724
2018-06-14,2816.197265625,2824.2366449757737,2794.479108911774,2811.9679031613064,155159
2018-06-15,2814.74951171875,2827.437600168401,2782.972453822509,2816.5022424227805,306688
2018-06-18,2793.755615234375,2821.4558708558225,2782.2107723145464,2815.740565243015,361312
2018-06-19,2783.5439453125,2789.0687399476424,2758.587114374444,2787.5446586689823,242770
2018-06-20,2785.86865234375,2811.930409170947,2774.666690361765,2785.258982525694,433541
2018-06-21,2770.170166015625,2801.1851836237415,2761.635347844988,2779.924323658531,280729
2018-06-22,2772.03759765625,2777.0290020259636,2744.6422685405655,2769.2562231984907,193715
2018-06-25,2733.325439453125,2781.410090370854,2724.7143433414813,2769.255579836776,351955
2018-06-26,2718.0849609375,2726.581640373617,2694.57593078846,2720.485314738349,252375
2018-06-27,2696.099853515625,2731.572883427059,2690.0035282391623,2720.485154621476,320678
2018-06-28,2679.372802734375,2705.9679444016833,2648.853040476148,2696.0995561578284,532529
2018-06-29,2646.9482421875,2693.775603706689,2633.879319238752,2682.7641533384467,398443
2018-07-02,2602.673583984375,2688.2126476828207,2592.690963010537,2651.9014848159454,236235
2018-07-03,2627.25,2655.6741602423353,2615.743295063992,2632.851074533193,289618
2018-07-04,2635.746337890625,2651.1776616412903,2602.7118000359796,2636.6607494964614,266759
2018-07-05,2671.5244140625,2680.7831349467056,2635.784776573097,2652.5876266188693,273797
2018-07-06,2771.6181640625,2796.6892274051283,2656.473745704163,2674.2293303242254,1032128
2018-07-09,2752.110107421875,2791.2789266827726,2741.1747484845205,2789.030943729286,314206
2018-07-10,2730.77294921875,2777.4860830615385,2724.1432320931244,2777.4860830615385,470962
2018-07-11,2725.455322265625,2746.9561805005883,2715.745148010681,2739.5195529555212,377121
2018-07-12,2696.36328125,2751.1944339972188,2684.919161917734,2750.42379129862,456469
2018-07-13,2663.264404296875,2715.514024296307,2654.0938301418696,2712.662683536406,310931
2018-07-16,2640.222412109375,2671.048126202888,2632.785783842406,2670.27748335055,183060
2018-07-17,2688.46435546875,2708.501066838777,2619.067938652365,2631.7449741785917,318577
2018-07-18,2701.98876953125,2708.80903253839,2676.5961307386256,2697.2493922857366,211820
2018-07-19,2659.565673828125,2703.4151777067236,2651.011462745476,2701.9124617449693,147907
2018-07-20,2602.422607421875,2688.7731854432773,2560.075816005322,2660.259397004928,560441
2018-07-23,2439.431396484375,2610.013268308833,2378.9745019217266,2607.084787820279,1902639
2018-07-24,2395.350341796875,2470.2567799090575,2337.937456583695,2445.866011985969,1620867
2018-07-25,2396.738037109375,2438.930736735281,2359.438807110013,2425.2518249844165,964916
2018-07-26,2417.314453125,2458.3126234839124,2364.371316153053,2375.1217484757312,1770364
2018-07-27,2469.10107421875,2495.6496822624395,2413.691929625763,2427.5249308886073,820125
2018-07-30,2473.72509765625,2487.635239396545,2446.791166382909,2483.7820249612964,317977
2018-07-31,2538.843994140625,2544.6623845872414,2459.15960829443,2477.6164647025985,753969
2018-08-01,2528.016845703125,2568.8225369963216,2510.0993986197363,2540.038949972009,463790
2018-08-02,2515.146728515625,2540.038527196991,2480.121052837292,2540.038527196991,352679
2018-08-03,2505.013427734375,2529.5968620806075,2488.4060348710514,2520.002395177559,311563
2018-08-06,2540.886474609375,2550.0570487560017,2505.3983357125126,2526.937764542439,338084
2018-08-07,2541.387451171875,2566.202113240422,2518.4993962227068,2546.203968970321,248242
2018-08-08,2542.389404296875,2560.3838024694933,2533.1416898336165,2541.5801916522937,234708
2018-08-09,2528.7490234375,2576.759923090173,2513.837008841248,2547.7452946747903,440547
2018-08-10,2558.072021484375,2573.947340820587,2514.106993619188,2543.0444846143146,356538
2018-08-13,2549.440673828125,2579.3416544486886,2525.512175377259,2543.121440000201,293422
2018-08-14,2517.189208984375,2568.5524768349133,2507.3635131909023,2556.222191917614,249075
2018-08-16,2529.75048828125,2546.5505387917015,2493.1065740033378,2513.83678986956,274268
2018-08-17,2498.655517578125,2558.303202906051,2493.4536779921345,2554.6812188974463,284947
2018-08-20,2546.2041015625,2561.616959320142,2504.859185885719,2517.3821328138033,301515
2018-08-21,2556.029541015625,2581.5762749185146,2540.8479152820373,2550.8277020461956,317643
2018-08-23,2531.369384765625,2570.055622535079,2516.149186775178,2567.0116205660393,182542
2018-08-24,2475.535888671875,2533.8349408711847,2467.6753697898084,2525.70462175271,320734
2018-08-27,2484.35986328125,2496.882809470725,2473.840663740181,2489.1763810464327,250565
2018-08-28,2491.2958984375,2500.582183248104,2457.3490401987,2487.635344569252,363420
2018-08-29,2501.583251953125,2523.7392287652942,2466.8271922001354,2478.38683227605,294701
2018-08-30,2484.32080078125,2508.4419545942505,2473.8016033265103,2486.863959285913,381370
2018-08-31,2507.517578125,2512.295525851872,2466.866170459759,2472.2221002861365,401621
2018-09-03,2498.7705078125,2539.8458033705856,2493.0292570443285,2527.7081802489633,292015
2018-09-04,2453.842041015625,2511.5247262019716,2450.6439488561737,2510.5228529963547,178340
2018-09-05,2423.97998046875,2469.101157623073,2415.541478767279,2449.8736558643195,355010
2018-09-06,2438.968994140625,2450.6441575576946,2401.7854782279965,2428.5653161132577,303246
2018-09-07,2565.739990234375,2577.800476247813,2436.657305698797,2450.644398944109,666688
2018-09-10,2526.398681640625,2569.9785756949104,2510.9086839396064,2568.552811057739,302172
2018-09-11,2453.880615234375,2538.497227100085,2442.9375257763418,2538.497227100085,479594
2018-09-12,2438.12158203125,2467.906856167227,2394.9655777345292,2465.286745450168,424166
2018-09-14,2455.769287109375,2466.519906803248,2428.411462320319,2456.039087400607,329042
2018-09-17,2410.49365234375,2450.6442193720545,2396.891881541488,2450.6442193720545,260149
2018-09-18,2397.81689453125,2429.991236692523,2392.4609638244706,2419.818787698128,337805
2018-09-19,2430.569091796875,2450.644376599005,2390.5728012859477,2412.112232312857,299509
2018-09-21,2446.945068359375,2457.3873163015155,2327.341339155022,2442.8222421191967,579823
2018-09-24,2396.853515625,2452.9563565068593,2373.618707393092,2447.02244379186,615568
2018-09-25,2398.703125,2408.259021539374,2375.121377402992,2405.908523105304,463611
2018-09-26,2389.031005859375,2419.818144947099,2378.742850271665,2419.818144947099,357504
2018-09-27,2379.822265625,2412.8056291620233,2369.7267690095027,2399.7818402262087,932370
2018-09-28,2260.48828125,2388.9158449828915,2217.7947399458353,2382.8278413449248,832489
2018-10-01,2291.121337890625,2300.9084650753043,2196.332261348228,2242.570835271348,663628
2018-10-03,2245.268310546875,2308.07571309006,2234.8646303710098,2303.45185523412,503936
2018-10-04,2129.67138671875,2224.845772917326,2090.8694463181673,2220.299055636371,1172793
2018-10-05,2112.13916015625,2142.3483189435638,2074.570325327237,2125.4327478649775,811688
2018-10-08,2214.09521484375,2223.3043581783945,2088.480445213567,2100.001516823613,762339
2018-10-09,2228.50634765625,2259.447581245193,2211.8603876884285,2232.2440405459206,699147
2018-10-10,2250.354736328125,2307.0353793880563,2240.9527410582887,2248.736310743575,1165353
2018-10-11,2212.515380859375,2261.7593783414227,2193.557493560491,2217.1392374546926,635575
2018-10-12,2230.201904296875,2265.5359552758005,2215.598259485141,2229.0845097602682,384692
2018-10-15,2220.41455078125,2246.0384236883137,2209.432890963937,2236.405388760846,209679
2018-10-16,2231.165283203125,2243.5727091331596,2212.5157626793202,2212.5157626793202,609045
2018-10-17,2163.618896484375,2308.0758961627344,2131.7913014224255,2246.424453193446,1625059
2018-10-19,2090.561279296875,2160.8438658211358,2061.546652807463,2160.034653242959,782281
2018-10-22,2105.24169921875,2131.597641100061,2074.1461919945204,2119.2673582882026,312603
2018-10-23,2099.423828125,2115.3375280530254,2076.111881423786,2093.83666734537,463980
2018-10-24,2082.00732421875,2132.4460527505103,2050.0256437352346,2132.4460527505103,516142
2018-10-25,2076.959716796875,2092.2954349663423,2040.662361617265,2072.027489440568,700158
2018-10-26,2084.858642578125,2124.662269244771,2059.15762909758,2083.818199505934,657518
2018-10-29,2119.152587890625,2133.910325101173,2086.9011052271494,2110.0203936897838,453890
2018-10-30,2137.686279296875,2165.467993656053,2107.7083455452057,2126.2037752684546,403508
2018-10-31,2128.785400390625,2173.2128864458673,2090.638578447692,2145.8550646484105,762180
2018-11-01,2151.827392578125,2161.653088434646,2118.497090947181,2140.8457325031895,172451
2018-11-02,2232.244384765625,2265.574691465273,2187.5085250807474,2196.293779218626,548045
2018-11-05,2194.636474609375,2235.4034010776295,2169.3593546244965,2234.0933460235933,248031
2018-11-06,2200.994873046875,2284.1471735320492,2179.2242093328105,2207.1214469762954,248605
2018-11-07,2226.040283203125,2232.552177192057,2196.331965825807,2232.552177192057,37641
2018-11-09,2278.559814453125,2285.3415095713744,2218.1414866256036,2233.3231140576104,275743
2018-11-12,2188.12451171875,2293.8180869301727,2173.2896391592317,2280.216317997317,280472
2018-11-13,2219.22021484375,2233.669768524295,2163.965159198393,2179.3780164576406,269648
2018-11-14,2194.4443359375,2255.980061655443,2175.5250141787697,2234.016737920376,263733
2018-11-15,2251.93359375,2261.7592886252983,2201.1097429848496,2213.285935831906,341266
2018-11-16,2282.56689453125,2288.8091766347056,2254.322910421102,2257.9834638180764,383335
2018-11-19,2297.016357421875,2311.0805883434555,2283.4917269696207,2291.352245800859,291764
2018-11-20,2281.179931640625,2308.0367215591164,2266.460578230816,2303.3742947773017,161818
2018-11-21,2244.150390625,2282.2586392395488,2228.8530558737843,2275.3999936165833,288328
2018-11-22,2248.543212890625,2277.018429041481,2213.4018230895417,2235.6349449389777,346980
2018-11-26,2370.497314453125,2392.614725759323,2244.304552671038,2248.7357488862867,645146
2018-11-27,2279.677001953125,2369.726691487748,2273.396338175238,2364.601991949611,798702
2018-11-28,2311.27392578125,2323.4886928408587,2288.8097571268163,2291.1216861744188,650210
2018-11-29,2324.8759765625,2344.9126957392004,2309.3474063133926,2331.927285168498,502846
2018-11-30,2354.4677734375,2359.55409102114,2327.3411853302423,2331.194399213239,418913
2018-12-03,2342.677001953125,2363.8312975956014,2311.196356063954,2350.460569589196,627118
2018-12-04,2365.21826171875,2382.249542765796,2338.900885497514,2342.754099476917,427274
2018-12-05,2352.387451171875,2375.0828469374255,2333.8148820322913,2358.090133371166,211238
2018-12-06,2332.543212890625,2353.3119997721615,2315.820300913747,2333.660607378105,713055
2018-12-07,2363.407470703125,2371.2679899468326,2331.2717022935662,2358.1670618255794,365305
2018-12-10,2347.763671875,2358.167351366322,2315.7819904757507,2331.194848981413,682813
2018-12-11,2341.82958984375,2360.0937882248027,2298.0570372200364,2319.63503756952,443657
2018-12-12,2511.254638671875,2523.276739473442,2343.216156511168,2354.313335600936,2188953
2018-12-13,2557.185546875,2573.9470282716793,2473.802031073207,2489.176317759738,1278210
2018-12-14,2554.4111328125,2582.2699834763957,2517.420277673228,2544.6625764557584,920809
2018-12-17,2532.409423828125,2558.534139938689,2516.380015683803,2555.4515686857508,707590
2018-12-18,2541.6181640625,2562.117146750994,2496.882318231809,2523.8933821738174,910514
2018-12-19,2547.128173828125,2566.317289639503,2527.70801572658,2546.974082919618,947007
2018-12-20,2590.400390625,2604.7728043613893,2518.807557760003,2540.000235901997,388448
2018-12-21,2561.732421875,2596.2958298636913,2551.983864824462,2590.400487164391,525895
2018-12-24,2441.70458984375,2543.89190111765,2427.5248374797325,2543.121258312101,655657
2018-12-26,2446.945068359375,2475.304762041699,2416.774476919477,2435.2313350098907,506895
2018-12-27,2411.18701171875,2473.7631637777968,2400.282304200025,2472.761290599564,357087
2018-12-28,2406.409423828125,2435.2313909822933,2397.277230853851,2418.315818158155,260717
2018-12-31,2392.268310546875,2434.4995806533243,2378.974720031635,2422.1307240231386,279055
2019-01-01,2410.2626953125,2415.9653772447145,2368.416750192421,2380.5158055211873,344239
2019-01-02,2347.802001953125,2402.3249833504196,2330.269877192864,2400.552467174183,597712
2019-01-03,2323.21875,2372.0390573182426,2316.783994099432,2336.589480763129,368413
2019-01-04,2302.5654296875,2346.6075955076526,2290.389234420022,2335.0479521800285,405667
2019-01-07,2279.5224609375,2329.65280453241,2274.937174654209,2327.3408765093873,361881
2019-01-08,2289.04052734375,2307.690046948349,2258.1762431358825,2291.8918683000134,354130
2019-01-09,2263.724609375,2300.4458509382716,2240.258574219391,2300.4458509382716,388001
2019-01-10,2249.8916015625,2273.357636640284,2244.5356718578,2259.524636335417,452293
2019-01-11,2234.285888671875,2266.4216522181805,2223.3042299968474,2252.5886531302544,258996
2019-01-14,2209.43310546875,2242.8019793261874,2200.9946036820716,2235.6349630152927,267722
2019-01-15,2243.302978515625,2249.0058490315428,2209.703059968392,2219.22038717791,371767
2019-01-16,2219.336181640625,2246.385636381658,2211.976503816442,2241.8003484441074,261721
2019-01-17,2237.638671875,2263.300928462875,2207.121139520191,2218.295460931868,515341
2019-01-18,2233.9013671875,2257.9453908456403,2206.350880295925,2247.5031407024385,389524
2019-01-21,2153.3681640625,2242.4545271493694,2142.3865066095555,2235.6342646310504,628463
2019-01-22,2176.98876953125,2184.7723370660083,2113.4878780964827,2153.9466250791866,842837
2019-01-23,2154.678955078125,2197.449635560697,2146.317592591647,2182.460668948555,326454
2019-01-24,2150.24755859375,2179.377894816881,2142.4256092293513,2153.9466817585508,240737
2019-01-25,2057.732177734375,2149.130505976355,2044.2844960163025,2123.121306666018,775065
2019-01-28,2002.592529296875,2069.1759944178175,1993.4603365215232,2065.3227802755127,576248
2019-01-29,2029.3336181640625,2047.482292796711,1983.8656953100137,2004.4803891463832,666747
2019-01-30,2012.1483154296875,2042.2033841013679,1997.197920630577,2024.478600012941,696557
2019-01-31,2014.4217529296875,2030.412591374988,1973.6162534175905,2012.9961766060328,1901346
2019-02-01,2163.38720703125,2188.1249185332485,2022.937543310012,2026.3668664686718,3296513
2019-02-04,2142.502685546875,2192.440380820351,2094.7613976964085,2157.8000216728983,991486
2019-02-05,2199.8388671875,2214.3269922543946,2157.8002567002363,2160.8828284955225,767865
2019-02-06,2219.489501953125,2228.698644407306,2196.331651646204,2211.744505341967,445829
2019-02-07,2264.958251953125,2272.741633040104,2223.304961917951,2223.304961917951,546196
2019-02-08,2264.803466796875,2281.1024853105246,2244.612476714792,2246.4235623919526,544587
2019-02-11,2268.8876953125,2290.0132751402357,2202.526432262843,2289.26724011537,478111
2019-02-12,2198.599365234375,2275.0130109487413,2187.1726260942637,2275.0130109487413,627923
2019-02-14,2180.26220703125,2270.929727300239,2140.1314234549727,2163.7700569149265,661406
2019-02-15,2117.631103515625,2187.487094417995,2103.141611343546,2187.487094417995,700634
2019-02-18,2107.5,2124.2669003616415,2089.358562380155,2112.5654065873164,433854
2019-02-19,2070.82470703125,2130.7853256416543,2064.581098077718,2110.2094475293734,684524
2019-02-20,2060.536865234375,2090.3798003001802,2047.0683541283374,2078.049994422323,605830
2019-02-21,2074.27978515625,2086.6488931983554,2027.3557086155643,2067.0153883696166,736959
2019-02-22,2104.593994140625,2118.769231245845,2057.591306868588,2083.4289225400867,720407
2019-02-25,2130.236083984375,2138.9534401366677,2112.565922919067,2112.565922919067,443819
2019-02-26,2111.81884765625,2130.6277048239526,2052.8790344304507,2125.562299493485,751767
2019-02-27,2103.573486328125,2154.1886348259527,2089.790724488465,2116.4922970674234,581837
2019-02-28,2063.952880859375,2126.387433551889,2057.59154785392,2120.497381411086,870312
2019-03-01,2101.256591796875,2113.036696344099,2073.3377056732597,2081.0731926191866,918224
2019-03-05,2195.53662109375,2216.2304155224415,2082.7618645289394,2096.8193797695844,1107587
2019-03-06,2172.133544921875,2210.7329439641303,2153.4031020780267,2195.0261379679373,631138
2019-03-07,2144.0576171875,2182.460680939576,2136.9109438058967,2175.392618280902,394045
2019-03-08,2152.107421875,2166.32196662209,2120.379557917682,2144.7644131921015,674840
2019-03-11,2210.537109375,2221.2569302010784,2155.759611061151,2155.759611061151,857601
2019-03-12,2205.58935546875,2237.7490086518037,2191.1784732055335,2230.3668850917347,840207
2019-03-13,2201.819580078125,2220.9426958963754,2191.5710410386705,2209.947930075106,380361
2019-03-14,2161.021240234375,2213.0893495081123,2155.0527679585584,2209.162647326586,497697
2019-03-15,2148.5732421875,2176.1778758280575,2133.848112208512,2176.1778758280575,916870
2019-03-18,2096.46630859375,2170.013364247156,2090.5762552824735,2155.7595119272687,830642
2019-03-19,2052.918701171875,2088.2197067585407,2042.669972650983,2088.2197067585407,978189
2019-03-20,2049.070556640625,2077.2250829459654,2036.4266929149494,2052.9188391311554,877100
2019-03-22,2044.4764404296875,2071.6884051192264,2037.2120426579104,2061.08631107393,566228
2019-03-25,2022.8011474609375,2048.795990334491,1992.4478189318827,2037.1729145416803,854446
2019-03-26,2021.8193359375,2045.5758804701563,2000.1047529175696,2030.8900549239365,555742
2019-03-27,1997.2774658203125,2037.172792469809,1990.8377135354533,2037.0157627523201,760530
2019-03-28,1983.573486328125,2008.900713858198,1975.131077151434,2002.617990749963,1147361
2019-04-01,2009.2928466796875,2036.7011422157893,1998.6907542700037,2020.6802792678661,832495
2019-04-02,2018.28515625,2041.0993290751974,1998.6909551736735,2002.9317158704414,1063757
2019-04-03,2026.53125,2037.1726489454634,2015.9684617744813,2031.6359617263477,1427316
2019-04-04,2071.099365234375,2080.1307785292265,2037.9580434903964,2041.8454395619215,2007440
2019-04-05,2056.335205078125,2092.1468036355545,2045.8903312545776,2082.7227189344935,722753
2019-04-08,2031.5577392578125,2076.4005577207977,2026.9634215662938,2063.8744176196124,723035
2019-04-09,2060.4580078125,2066.9763706694757,2017.3822072635573,2034.0313833286652,769508
2019-04-10,2037.4869384765625,2056.8063878854905,2031.5184668240495,2056.8063878854905,672025
2019-04-11,2042.7481689453125,2051.3082991665374,2033.7558715978357,2041.8842181596467,608414
2019-04-12,2073.219970703125,2077.068253564819,2034.9346275800597,2039.5289454482233,925046
2019-04-15,2120.968505859375,2128.9789385575586,2078.049735238785,2083.507811966787,958245
2019-04-16,2151.5576171875,2159.607355789978,2132.199054217373,2139.0707822926593,741047
2019-04-18,2153.050048828125,2167.4609303747498,2145.981985107116,2154.1101433461768,563893
2019-04-22,2112.173095703125,2159.6468865571132,2108.6390637527015,2153.0501036097244,453998
2019-04-23,2071.76708984375,2141.8980194543287,2053.664956943499,2111.780141193525,395502
2019-04-24,2051.23046875,2090.262039154496,2027.8665923661642,2081.1520140223597,940782
2019-04-25,2051.505126953125,2071.7276389711337,2040.0390822805964,2056.0208335202533,690718
2019-04-26,2045.026611328125,2055.0397024550193,2021.2307564210369,2049.7386542113695,727578
2019-04-30,1972.6568603515625,2021.4656771447994,1945.2876776564367,2020.6803369438885,1634120
2019-05-02,2003.9522705078125,2017.8527517624627,1957.4601754986218,1971.203627081862,937946
2019-05-03,2014.7122802734375,2031.6757104050885,1992.7227480386703,2002.6181142377175,674666
2019-05-06,1987.931884765625,2012.8271332405177,1983.062813386961,1994.764306839998,463670
2019-05-07,1984.8299560546875,2016.7539637168609,1980.2356384392774,2016.6753529906143,347427
2019-05-08,1963.1148681640625,1995.4317325752227,1948.9003255220716,1983.612324166931,406025
2019-05-09,1992.9976806640625,2006.5448031116855,1955.9689560006282,1962.565738933895,585480
2019-05-10,1969.0838623046875,2010.4712596547913,1963.3901448701183,1990.8377512597249,332771
2019-05-13,1971.79296875,1992.800819756298,1963.3505613362543,1969.0835833220467,313902
2019-05-14,1971.0079345703125,1990.6807485962547,1943.7173575302415,1969.633588963978,396304
2019-05-15,1958.16748046875,1993.6650163788845,1950.0000178204841,1982.9843113156353,438740
2019-05-16,1979.293212890625,2011.2565250196428,1953.9266826430578,1959.4240647887577,283127
2019-05-17,2059.593994140625,2070.9421217626386,1980.470968441882,1981.4133383417281,962165
2019-05-20,2130.9814453125,2153.4029476104233,2068.2328365521735,2112.5652549496863,722330
2019-05-21,2086.805908203125,2141.583386289776,2079.580816823689,2140.0520112706017,445944
2019-05-22,2120.1435546875,2131.9629628237103,2071.727408954033,2086.9629318564507,463923
2019-05-23,2154.5810546875,2199.0705047839974,2126.6228640714326,2151.8323637119556,1177415
2019-05-24,2221.295166015625,2234.2925830086338,2159.6852735584334,2162.0412938568606,756746
2019-05-27,2215.60205078125,2238.2198901228708,2199.2278203093833,2230.366486999633,422121
2019-05-28,2154.266845703125,2220.942154044532,2147.905513193704,2220.942154044532,842709
2019-05-29,2140.445068359375,2165.929323708611,2122.6178812238627,2165.929323708611,528550
2019-05-30,2132.356201171875,2154.934737517691,2121.3614356469557,2143.9792773592026,406544
2019-05-31,2104.907958984375,2170.012581404816,2092.9315215720026,2150.0257127256095,683661
2019-06-03,2230.562744140625,2245.4055988315376,2129.842852604304,2129.842852604304,1911409
2019-06-04,2161.806640625,2226.440198672131,2155.7595574444445,2224.8695177559603,1051402
2019-06-06,2190.117919921875,2195.811637508404,2133.0630196964617,2171.466086448762,1231094
2019-06-07,2169.738037109375,2208.376738280247,2145.47090883571,2191.099253130117,841021
2019-06-10,2155.759033203125,2194.240706291268,2133.926535430914,2194.240706291268,493407
2019-06-11,2180.222412109375,2193.4554729485512,2155.9947787282404,2167.5392428707487,465376
2019-06-12,2142.44775390625,2175.314132110848,2136.1650311832514,2173.0367218171536,521559
2019-06-13,2124.424072265625,2176.9632604067297,2108.913601705368,2143.9789685823853,480205
2019-06-14,2097.093994140625,2135.732693997531,2089.0835623719354,2120.418559953423,320455
2019-06-17,2079.777099609375,2108.0100402982607,2070.156682552747,2092.931547421499,484673
2019-06-18,2095.130615234375,2107.0677478782745,2069.37141843431,2081.1908267420754,469539
2019-06-19,2046.7144775390625,2104.7119334431873,2020.3271593837344,2104.7119334431873,552137
2019-06-20,2093.481689453125,2096.623050788309,2041.8848678694283,2049.7382712073877,692167
2019-06-21,2046.5968017578125,2119.6334489425694,2036.308767235174,2088.9658721812007,903440
2019-06-24,2031.086181640625,2046.5966512732602,1995.313895609553,2046.5966512732602,725058
2019-06-25,2029.8297119140625,2044.633453132725,2002.6177474509116,2019.1098936063897,412936
2019-06-26,2021.1519775390625,2044.9869418394562,2008.7435618091824,2023.8220580040766,470716
2019-06-27,2040.628173828125,2055.863890800212,2019.1492315053072,2030.1046904241512,1174382
2019-06-28,2027.3563232421875,2042.3564021722445,2019.9348945136846,2040.746415941505,265726
2019-07-01,2054.843017578125,2072.905845556071,2034.031498386143,2038.7435404673465,728762
2019-07-02,2039.568115234375,2056.6492671845904,2019.1492669260715,2039.1361397119272,532893
2019-07-03,2032.06787109375,2052.7223577533946,2028.0625591761825,2042.6699643342392,419366
2019-07-04,2046.7144775390625,2056.0208364754717,2030.1046074442681,2034.2276438810504,446710
2019-07-05,1973.0101318359375,2057.591229129417,1963.3504094746345,2056.0205488018373,501715
2019-07-08,1869.2276611328125,1962.5654336187547,1853.4031305883398,1962.5654336187547,1256185
2019-07-09,1919.4501953125,1930.7590182992087,1864.0837072953782,1869.1098082375909,763513
2019-07-10,1884.8167724609375,1931.1518514506022,1878.5340498860676,1924.0837885538735,458641
2019-07-11,1969.4765625,1979.0576763961737,1873.2330645333227,1906.8063644007577,1163266
2019-07-12,2018.16748046875,2029.6333334631408,1941.6752225137789,1964.9213713866395,1397898
2019-07-15,1999.123046875,2026.0993712460252,1974.5025516797696,2004.1884534832298,769562
2019-07-16,2023.619140625,2043.5820160358526,1978.12563319122,2000.2758831656154,632082
2019-07-17,2006.599365234375,2033.362624071209,1992.3628827928414,2005.048493889541,497857
2019-07-18,1972.0023193359375,2032.0901914240956,1961.8219460782536,2004.1737279543133,977841
2019-07-19,1898.7908935546875,1994.191893745684,1892.0703226438875,1972.479115732435,1059276
2019-07-22,1911.7550048828125,1951.7605679923581,1877.5156455703104,1898.790949235264,1136002
2019-07-23,1963.929443359375,1972.4395266758702,1910.164481817304,1921.179997972751,812373
2019-07-24,1911.5164794921875,1982.5004408497248,1905.8696926283521,1950.6074833999094,619043
2019-07-25,1898.0748291015625,1946.9881339369895,1892.984741715273,1921.5373086567674,812832
2019-07-26,1962.338623046875,1978.4442268770913,1882.1684673682457,1907.0626000246511,1085566
2019-07-29,1912.4307861328125,1949.3742120676368,1853.973419920258,1932.7517189368175,936006
2019-07-30,1796.510986328125,1928.4177852837513,1785.7739145239996,1915.17547439512,1582385
2019-07-31,1873.8970947265625,1884.8726105535106,1770.1054217390363,1805.4183730397306,2930738
2019-08-01,1883.7991943359375,1893.7011206214738,1830.3920932660687,1857.1155466825458,968967
2019-08-02,1910.363037109375,1932.6723181350762,1820.1717399328372,1858.705846700277,2090929
2019-08-05,1908.2156982421875,1936.6490466686369,1865.863927509085,1900.8190121243395,1093274
2019-08-06,1963.3328857421875,1975.6208266868134,1892.945428752742,1908.2158890613273,1169931
2019-08-07,1992.52197265625,2011.252235004186,1963.372891440552,1968.46298067028,1079213
2019-08-08,2058.25634765625,2090.944836424171,1984.3694815056322,1988.7438430881095,1692331
2019-08-09,2085.576416015625,2101.2047401285568,2067.880134098818,2078.8956501752364,1091395
2019-08-13,2041.4747314453125,2108.481994517008,2025.607768520193,2080.2872858635646,1179168
2019-08-14,2095.04052734375,2105.8174012859467,2051.9730315034703,2059.0912712081063,998006
2019-08-16,2122.75830078125,2131.5070236394718,2025.7668166561225,2037.299224060142,1373556
2019-08-19,2092.933349609375,2147.374233358853,2080.76463121947,2125.144560196181,1215957
2019-08-20,2122.95703125,2129.757213427465,2093.012618060325,2111.623459012363,1017915
2019-08-21,2158.74755859375,2164.9114320685962,2118.42393482545,2118.622769453671,1398096
2019-08-22,2088.7578125,2158.7476030759162,2072.6522072822468,2157.7534299143267,1102826
2019-08-23,2099.8525390625,2123.5536637323003,2077.9013143240804,2087.763433444677,1202938
2019-08-26,2060.6826171875,2143.437641784038,2033.9593553011102,2143.437641784038,1195915
2019-08-27,2079.372314453125,2098.102571467711,2053.0863430985296,2098.102571467711,5531848
2019-08-28,2042.8271484375,2088.5591169152717,2032.0900775775015,2066.0908019674966,631760
2019-08-29,2026.32373046875,2050.223692019991,2014.8311275981052,2039.963708525609,547796
2019-08-30,2045.650634765625,2051.1781990650884,2004.6906978707618,2035.9475429186266,544092
2019-09-03,2034.038330078125,2083.74698442408,2027.277953087075,2045.4913205440916,867231
2019-09-04,2040.918212890625,2059.3302215894096,2012.405249850962,2037.7368588744591,532877
2019-09-05,2072.572265625,2079.0145843556998,2041.7529025248534,2047.9565808998948,577091
2019-09-06,2115.560302734375,2123.553492355088,2060.0060329315297,2077.741923614293,1021359
2019-09-09,2140.733154296875,2145.584602574286,2084.5821793132823,2098.0631278646447,619224
2019-09-11,2195.253662109375,2203.0878246429593,2131.5073538061843,2137.074723760156,1063773
2019-09-12,2179.823974609375,2199.9062715568843,2163.3207008802333,2184.7948401904414,701793
2019-09-13,2208.3369140625,2215.0176796635246,2161.730001194061,2180.8181248249134,855456
2019-09-16,2178.153564453125,2222.175625250167,2165.229314664179,2191.1574257566963,858330
2019-09-17,2043.184326171875,2196.7244267691676,2032.0893955087702,2183.124063908334,1327205
2019-09-18,2048.87109375,2081.4003528908024,2001.8665220581393,2059.9262185659836,1207661
2019-09-19,2013.995849609375,2063.9033388237053,1999.043447472028,2036.8618307235106,706524
2019-09-20,2276.974609375,2399.1784915244443,2014.4732817919512,2016.1831819688127,4283092
2019-09-23,2243.13330078125,2404.2289790585096,2203.6446227407755,2286.5984776518735,1380382
2019-09-24,2191.91357421875,2262.977162230291,2167.019434950762,2262.7385217938,1064290
2019-09-25,2150.794189453125,2187.180926688026,2104.9430015143334,2187.180926688026,1063692
2019-09-26,2195.2138671875,2207.0643331443375,2135.364645180613,2143.4372532699063,1046239
2019-09-27,2170.59814453125,2209.80837421476,2152.981473168639,2192.2711202031546,679062
2019-09-30,2151.192138671875,2194.1404242761937,2122.122473191836,2174.4557933742144,837786
2019-10-01,2138.148193359375,2178.3523965475965,2097.3074864037376,2159.9005833974356,865901
2019-10-03,2121.52587890625,2174.455700801995,2111.623952315032,2155.3675746793733,937439
2019-10-04,2122.201904296875,2159.344175965704,2114.805216903428,2132.9389747851023,689443
2019-10-07,2126.735107421875,2134.688492266385,2072.8907308594316,2106.851645310601,581314
2019-10-09,2071.33984375,2139.460506750556,2054.359289567541,2131.5071219670963,1065595
2019-10-10,2069.3515625,2095.716956214863,2052.8879001419864,2071.3399087582684,654085
2019-10-11,2066.170166015625,2095.7169131363694,2042.3496229916616,2079.690920293924,594047
2019-10-14,2075.197021484375,2090.507286474083,2045.4912472167912,2059.926562251603,708591
2019-10-15,2128.0869140625,2147.3738702264054,2075.8332201151734,2083.9058271903,1011239
2019-10-16,2069.7490234375,2141.3690931124256,2061.7558334488645,2141.3690931124256,926034
2019-10-17,2091.103515625,2102.8745618408343,2053.5635849746727,2075.0377200615494,1107128
2019-10-18,2104.5849609375,2117.230959993744,2072.532973709222,2090.94498289913,1179162
2019-10-22,2127.251953125,2158.111124479968,2100.6479202383207,2115.6003222530403,799030
2019-10-23,2157.673828125,2177.6369029695543,2094.921695552157,2123.5936884966345,1119172
2019-10-24,2144.232421875,2186.98186277848,2107.6468538459753,2171.2739286790616,1427292
2019-10-25,2113.65234375,2153.777141242912,2091.740724323803,2151.391125207562,799469
2019-10-27,2122.6787109375,2141.0113010397226,2107.6468919065032,2117.1909533038156,69656
2019-10-29,2148.64697265625,2163.3209305747055,2120.173812749824,2135.0864110763955,1088620
2019-10-30,2135.0859375,2160.9344355326875,2129.120899492457,2160.9344355326875,739316
2019-10-31,2150.75439453125,2160.139427935224,2139.0231513198933,2143.4373189563435,673886
2019-11-01,2153.100341796875,2194.3387168455642,2124.4285468854937,2153.776457128593,1427332
2019-11-04,2102.477294921875,2159.3041911057767,2098.102933233935,2156.9579813989503,760461
2019-11-05,2119.5771484375,2130.7118876788227,2098.1428142328423,2114.805117334076,508321
2019-11-06,2130.195068359375,2144.9484430204843,2100.4890960521293,2115.600528397828,601239
2019-11-07,2116.276611328125,2126.337566091884,2102.079740856873,2123.5538812288496,440308
2019-11-08,2105.220947265625,2141.050981160418,2100.2102764911765,2116.236461818404,444717
2019-11-11,2063.108154296875,2113.174676106931,2056.4669998775285,2095.7170341450524,570373
2019-11-13,2059.211181640625,2089.9111341225776,2048.3148878265315,2055.950215814232,692298
2019-11-14,2061.23876953125,2074.3618536586655,2049.5871391727374,2063.9032309481,461170
2019-11-15,2022.7047119140625,2079.770245834414,2012.40511779747,2067.8799748141178,682624
2019-11-18,1990.6527099609375,2030.1015783400856,1985.761455718162,2024.9318779447044,808951
2019-11-19,1963.6512451171875,2004.253320463859,1958.9986306993628,2004.253320463859,1011599
2019-11-20,1964.8834228515625,1976.4158290978073,1937.6828897125422,1970.8484605651374,918063
2019-11-21,1943.369873046875,1988.2666937858369,1937.8821149140028,1970.0535192989948,677663
2019-11-22,1941.8983154296875,1955.2598452123575,1929.490958717878,1948.5392745661331,471953
2019-11-25,1971.644287109375,1987.5510582841177,1930.843380211269,1954.942177375895,1144301
2019-11-26,1984.05126953125,2000.0772607767442,1965.6788746434927,1979.5972967783343,1342442
2019-11-27,2006.8375244140625,2015.387411816203,1981.625337142166,1985.0849425165288,1008253
2019-11-28,1961.54296875,2004.252598380612,1956.532298419169,2001.8665833825398,544359
2019-11-29,1935.4959716796875,1975.4219240218097,1927.9004504595337,1969.854554734179,757233
2019-12-02,1914.3399658203125,1946.1933116148134,1908.8124020741939,1933.4678956009855,671750
2019-12-03,1926.6279296875,1936.5696610662837,1908.8124247264957,1910.4031017471011,506622
2019-12-04,1939.8306884765625,1955.5386245558623,1918.3565480137222,1924.7192562990083,457308
2019-12-05,1906.1083984375,1968.4628615121887,1901.6544250002598,1944.6027056150713,948025
2019-12-06,1878.74853515625,1922.0150653537053,1869.8407829367384,1917.5610921567318,750661
2019-12-09,1894.2974853515625,1904.835720548753,1876.680815125658,1890.2809870641604,428294
2019-12-10,1853.1387939453125,1913.6641343701294,1846.776085639921,1908.8124916174893,805888
2019-12-11,1826.3360595703125,1864.2338660567975,1799.8512454488766,1858.706301641195,1264067
2019-12-12,1856.35986328125,1864.5915002450301,1835.1243641830522,1838.822610535331,871422
2019-12-13,1859.62060546875,1876.2034905903292,1845.3443184638336,1867.4547672344609,924706
2019-12-16,1835.9991455078125,1867.4150166687807,1832.5791510781862,1861.2909489735562,593867
2019-12-17,1833.215087890625,1851.7465102490976,1826.8921868537216,1843.5942921754142,810022
2019-12-18,1838.7825927734375,1845.185105790049,1821.3647593152718,1841.1686079964418,952321
2019-12-19,1879.9415283203125,1890.2015112277743,1825.8983173823026,1838.106840732929,1767354
2019-12-20,1903.4039306640625,1928.6957320888134,1880.975425315482,1884.1567791003706,1615264
2019-12-23,1924.799072265625,1936.9279862227288,1894.0193123267125,1908.8126883310654,1192490
2019-12-24,1934.7803955078125,1947.4263959347675,1923.963906896583,1924.6796339771142,1173285
2019-12-26,1939.5518798828125,1952.5159344264298,1928.735394323729,1934.7798495605787,754276
2019-12-27,1942.574462890625,1954.9420152884643,1925.9121603014712,1948.5793073461095,599490
2019-12-30,1971.683837890625,1976.416062868241,1941.4211708094067,1945.3978630888198,699880
2019-12-31,1943.0516357421875,1967.66732189217,1935.4163089656406,1961.7022835275009,443409
2020-01-01,1934.700439453125,1958.5605911534178,1930.5647186599565,1952.4761359651961,314519
2020-01-02,1932.2349853515625,1950.1699064830193,1922.3728661043726,1946.829523781515,546945
2020-01-03,1934.54150390625,1947.7838110687785,1920.7423045043283,1924.7189966461592,544720
2020-01-06,1883.48095703125,1931.8375809261343,1877.0388311183913,1931.8375809261343,624665
2020-01-07,1867.494873046875,1908.7330637136317,1858.7063425197084,1891.3152257218087,620687
2020-01-08,1843.2369384765625,1865.1087491128578,1837.6695684964147,1846.7761562719083,595883
2020-01-09,1872.664306640625,1880.9755551424132,1850.0369651187257,1861.887431115598,732115
2020-01-10,1879.74267578125,1899.0296337577001,1869.840750624103,1874.6127814636372,578287
2020-01-13,1882.366943359375,1895.2115793836097,1870.9141493762852,1895.2115793836097,434063
2020-01-14,1917.8790283203125,1923.7646492557228,1877.8338545427232,1882.5660794055416,787340
2020-01-15,1969.4964599609375,1972.8766480600311,1919.9468402852235,1924.679064789073,1051367
2020-01-16,1936.251220703125,1968.422618252488,1930.2861830546249,1968.422618252488,590255
2020-01-17,1951.7607421875,1968.3832397058716,1925.9918516230175,1944.602695455761,457663
2020-01-20,1921.2193603515625,1956.253858680753,1916.8449995075694,1951.7602747562282,320280
2020-01-21,1907.778564453125,1918.8734985268381,1888.9290794217857,1916.7659290132647,568473
2020-01-22,1908.056884765625,1916.7658025856385,1892.1103088594332,1915.7318236912645,346888
2020-01-23,1932.4735107421875,1936.529814321939,1892.9054246594942,1906.4261776927765,315469
2020-01-24,1963.412109375,1968.3035571539613,1930.3659534222456,1940.6257413522503,519690
2020-01-27,1953.152587890625,1987.1533099235373,1928.735733943984,1953.3514225223964,897656
2020-01-28,1963.5711669921875,1995.4641183862964,1940.6255778790614,1953.9474952681903,904634
2020-01-29,1977.490234375,1996.2999148672095,1964.4863704071743,1975.6211109681865,787135
2020-01-30,1974.268798828125,2005.8436984663194,1959.7140654325974,1977.9670451860532,797868
2020-01-31,1989.8175048828125,2005.7638848733818,1982.0231495274788,1994.7087584988376,574957
2020-02-03,1889.84326171875,1963.690509837445,1875.40794742677,1901.6541146299437,1507692
2020-02-04,1958.1632080078125,1976.098130157357,1909.4487245034802,1918.356476937956,1187298
2020-02-05,1887.5367431640625,1971.5641623510521,1865.505909656946,1966.0764053941061,2176980
2020-02-06,1917.7996826171875,1930.2864577031667,1873.0220881297723,1904.835626781658,1632634
2020-02-07,1943.369873046875,1985.1649512193342,1925.7930082126202,1972.4395348653643,2709754
2020-02-10,1897.43896484375,1954.5045005414245,1889.0481050804945,1948.181598487161,949025
2020-02-11,1905.9888916015625,1943.2903834061344,1900.8589971595966,1920.7424594729814,680119
2020-02-12,1927.1448974609375,1932.6724609320097,1908.812307093343,1916.7656917062318,467714
2020-02-13,1915.9306640625,1941.6599425204747,1909.6077617454198,1923.923854919688,514501
2020-02-14,1874.215087890625,1938.8761437615847,1869.920337860584,1927.900434138288,798770
2020-02-17,1867.549072265625,1909.7934601515174,1856.262030294865,1909.7934601515174,818134
2020-02-18,1842.4400634765625,1867.426917334119,1819.8252364782188,1867.426917334119,839607
2020-02-19,1841.5811767578125,1863.1736270668625,1821.5017195498378,1859.9020315847433,729471
2020-02-20,1832.2979736328125,1861.5378587158937,1828.3720190558179,1854.1767687649083,886179
2020-02-24,1786.45458984375,1815.735407980991,1778.9299605219169,1815.735407980991,808263
2020-02-25,1786.413818359375,1810.8281806132115,1769.9741701334078,1791.362146684603,861921
2020-02-26,1752.389404296875,1795.288163529946,1747.032126332558,1783.0196794967117,972076
2020-02-27,1725.9708251953125,1765.5570445473393,1718.4052618103788,1756.7646330459297,1093297
2020-02-28,1678.1240234375,1725.7666330952236,1663.565383468285,1701.2296667478981,1879071
2020-03-02,1615.71826171875,1725.7665931775086,1603.8996631379596,1717.5876045842504,1207967
2020-03-03,1680.659423828125,1688.0205130052411,1616.168023775685,1616.168023775685,1689926
2020-03-04,1673.707275390625,1695.7906439662165,1636.206633452438,1693.0506029725302,976550
2020-03-05,1688.061279296875,1711.9440843684592,1678.5737728809845,1686.2619418457862,899516
2020-03-06,1667.1231689453125,1679.5142559293145,1612.0785396047877,1612.0785396047877,606826
2020-03-09,1599.851318359375,1645.203776257083,1566.5219353703242,1631.7084432676513,844134
2020-03-11,1665.2830810546875,1676.52919083361,1594.0031725604083,1609.6250214487136,1848085
2020-03-12,1559.8966064453125,1618.5808474152645,1467.1060242488022,1599.8101092296347,2248848
2020-03-13,1540.8804931640625,1589.1774600251224,1255.4747303852614,1440.3198698426354,1184611
2020-03-16,1458.72265625,1509.0234375,1452.0159253531356,1486.9401676829268,883109
2020-03-17,1505.8743896484375,1556.9521295705008,1436.516531745549,1458.313554647805,1236906
2020-03-18,1375.0107421875,1521.291939046387,1362.6195540060648,1505.7518600991389,1118487
2020-03-19,1400.61083984375,1463.221036483873,1277.5170634374767,1347.8972991198561,1276786
2020-03-20,1485.0589599609375,1509.5959264184592,1369.9806272116293,1410.8755713074988,1244977
2020-03-23,1321.7244873046875,1368.4674246302611,1243.2062009301515,1336.569370790606,750837
2020-03-24,1330.76220703125,1434.6761837753331,1206.4006616052434,1349.5329434906114,1488860
2020-03-25,1363.9691162109375,1376.9327937664318,1247.5412281348292,1275.9222799380063,1027510
2020-03-26,1473.77197265625,1495.0781780090672,1345.9343411746706,1382.1673005317937,1448305
2020-03-27,1358.693359375,1497.0409524792376,1341.8446651451718,1484.4862266736723,1514916
2020-03-30,1270.6058349609375,1341.354083898254,1261.4454079829768,1337.2645897400275,1250949
2020-03-31,1305.7344970703125,1336.242162194132,1280.0116197911657,1302.9127861516465,1456425
2020-04-01,1341.06787109375,1347.3656523103743,1280.011701894571,1300.5409430877135,1641556
2020-04-03,1293.9566650390625,1327.4495765250938,1262.1403859661957,1316.8578284048683,1592821
2020-04-07,1447.026611328125,1463.2210485600021,1327.9814931344984,1333.175130884742,1374508
2020-04-08,1489.92529296875,1540.7577207633929,1390.4278890571086,1392.0636865736462,1376705
2020-04-09,1628.354736328125,1646.7574592765893,1515.5664721557491,1536.9545456840856,2416795
2020-04-13,1569.5888671875,1655.0183642648512,1544.23400220494,1596.538595030882,1560999
2020-04-15,1491.9290771484375,1614.5321186932206,1481.787112766936,1586.7235614310273,1537624
2020-04-16,1458.02734375,1478.311174474302,1433.408609366099,1472.2178682339106,1453445
2020-04-17,1501.58056640625,1533.5603924893944,1482.032763301751,1504.8929969493242,1327762
2020-04-20,1477.002685546875,1537.6089731228271,1461.626246371542,1533.5194786866473,2291195
2020-04-21,1494.751220703125,1504.0343535360175,1437.866310518332,1460.0313514232746,1650618
2020-04-22,1543.90673828125,1558.0972629387318,1469.6824198499166,1472.2178862413214,2737381
2020-04-23,1525.3814697265625,1573.1876211603428,1517.202480612747,1554.0079316249162,1882834
2020-04-24,1549.7548828125,1586.2331539527045,1504.9339829490686,1506.9787302085103,1711725
2020-04-27,1582.798095703125,1594.085141774276,1551.9224086318172,1561.3691819636188,1322269
2020-04-28,1589.25927734375,1613.550933733536,1566.7670583760798,1595.1482091236242,1056981
2020-04-29,1611.46533203125,1650.9289545514923,1587.5417888454035,1608.1937363819034,1836009
2020-04-30,1772.1416015625,1797.8237482067648,1615.3504139753863,1649.7839395404992,2785165
2020-05-04,1636.369873046875,1697.0988509241242,1623.5289035197277,1677.5102171883937,1328847
2020-05-05,1607.45751953125,1677.5105775121183,1590.9360023415627,1663.6062967623836,1318956
2020-05-06,1657.6766357421875,1683.9720061414116,1581.2030867391559,1620.25776016049,1881161
2020-05-07,1636.04296875,1677.8374765776487,1622.2204594067,1635.7975591796592,1112730
2020-05-08,1605.208251953125,1668.5136424740504,1598.9922407042982,1668.5136424740504,1139464
2020-05-11,1708.30419921875,1746.0503475537823,1627.6185648109724,1648.0660342181457,4445410
2020-05-12,1729.2835693359375,1745.3961366591639,1652.1556682528167,1711.8622839867057,2919966
2020-05-13,1789.235595703125,1852.5408865219335,1756.8467215227874,1799.25485656842,3253820
2020-05-14,1833.1978759765625,1844.3621166768512,1732.8824507966742,1746.9912075650448,2570474
2020-05-15,1794.1021728515625,1839.4546269408238,1774.8406138112882,1839.4546269408238,2080650
2020-05-18,1693.5006103515625,1814.5087128858918,1684.9943419669837,1796.923886504532,1803530
2020-05-19,1695.9130859375,1740.4476336688917,1687.1616091054407,1733.1274796728055,1389745
2020-05-20,1655.0999755859375,1691.2511620984096,1628.722739542934,1684.0536127920714,2782627
2020-05-21,1733.536865234375,1742.1248044110494,1652.1559177982722,1670.9675940900347,2636698
2020-05-22,1758.9736328125,1766.5799336089362,1704.378875694154,1733.1279450752868,2241339
2020-05-26,1728.751708984375,1774.758516224563,1718.405369095733,1765.025600432457,1513568
2020-05-27,1779.461669921875,1788.7449023516008,1730.060656012448,1738.0351703233432,1403554
2020-05-28,1879.61328125,1909.7936666008713,1771.6913766184966,1797.41445320144,3727629
2020-05-29,1930.9368896484375,1956.3324932689272,1840.2727077090253,1860.7201822391257,3368722
2020-06-01,1902.677978515625,1962.1391800934564,1891.2683304311206,1930.854551648865,2028590
2020-06-02,1896.093994140625,1956.0460193118631,1866.3632913033812,1930.159401103001,2408304
2020-06-03,1881.330810546875,1939.2380864690028,1873.642641574252,1921.080772748947,1562885
2020-06-04,1905.0908203125,1915.2326857747087,1850.9459585403954,1864.8093035580123,1532156
2020-06-05,1914.4144287109375,1933.4715075254867,1887.7101171945976,1917.0725993698986,1138282
2020-06-08,1950.1163330078125,1995.5097206962155,1926.151855967376,1929.42345147645,2354805
2020-06-09,1952.5699462890625,1987.0852374999502,1938.420256379865,1950.6887390151805,1980625
2020-06-10,1874.82861328125,1957.3545262450832,1866.6086900146595,1952.324528259284,3106338
2020-06-11,1889.3055419921875,1917.9729386448632,1881.1674877966677,1894.2538703204705,2056461
2020-06-12,1964.470458984375,1975.2257491325963,1824.4869491277486,1833.729246192663,3296719
2020-06-15,1920.548828125,1958.8265287280726,1894.2534637579329,1958.8265287280726,1416097
2020-06-16,1959.6446533203125,1992.1561316720968,1930.2412304455427,1946.5992069747422,2145404
2020-06-17,1932.9404296875,1954.7782894702182,1914.7012450417492,1944.3500789301575,1731506
2020-06-18,1934.290283203125,1946.5997036183646,1915.6830801538317,1930.4461976744726,1087739
2020-06-19,1926.846923828125,1948.8892560480344,1907.5444327162206,1942.5096056173327,3602756
2020-06-22,1973.2630615234375,2001.4805749392303,1931.059396367743,1939.3609907316197,3042752
2020-06-23,1978.3746337890625,1999.7216731078508,1967.5374744615356,1999.7216731078508,996657
2020-06-24,2039.67626953125,2081.5526523052044,1995.468795073329,2003.852258604224,3354520
2020-06-25,2093.57568359375,2114.2685648027555,2007.2464185064384,2022.6229570960172,3281309
2020-06-26,2077.830810546875,2118.8892872882707,2069.9381675922823,2110.1787455950753,1351753
2020-06-29,2048.0595703125,2069.284004653009,2018.5742780567691,2069.284004653009,1131627
2020-06-30,2083.1474609375,2100.6506163458366,2054.561935725243,2084.8241935364827,1441648
2020-07-01,2083.556396484375,2106.1304847363617,2069.2841014130727,2090.549471625223,1336764
2020-07-02,2184.93505859375,2196.0585635932707,2085.6422112338323,2085.6422112338323,3353340
2020-07-03,2239.61181640625,2249.2221291398473,2190.0063245947103,2191.9692022162876,2637811
2020-07-06,2266.35693359375,2272.9819946051425,2220.5955297405394,2249.467401058166,1716058
2020-07-07,2248.6494140625,2280.7110099845195,2230.9010484344485,2259.0366898250827,1223502
2020-07-08,2224.0302734375,2272.08182569946,2216.5056447644306,2257.4005828597155,974918
2020-07-09,2201.33349609375,2230.982325045094,2180.9678975973357,2228.7740384113863,1383528
2020-07-10,2192.991455078125,2236.544572088068,2185.0988104600615,2200.148070549242,1205528
2020-07-13,2199.902587890625,2220.0639151863456,2184.0763642979964,2209.921849217495,713590
2020-07-14,2136.2294921875,2193.31868021409,2129.808905437563,2185.4260350726454,921721
2020-07-15,2165.836669921875,2191.968493178344,2131.566594939298,2131.566594939298,1188285
2020-07-16,2220.431884765625,2228.7744132751777,2137.2106750222306,2167.4319982309066,1607439
2020-07-17,2260.71337890625,2269.669331466922,2210.78061367751,2220.8408095696686,969122
2020-07-20,2339.31298828125,2350.191081398996,2242.8418723731634,2260.7130396153398,1674943
2020-07-21,2346.674560546875,2360.2108273445924,2328.5581796961515,2339.354405292519,1289304
2020-07-22,2263.944091796875,2339.190788489546,2251.716543520785,2339.190788489546,1349352
2020-07-23,2266.561279296875,2284.350579489328,2245.4187135901907,2269.6693348991507,1117663
2020-07-24,2241.61572265625,2286.0276777635872,2231.3103151884557,2251.6759201728646,701462
2020-07-27,2243.987060546875,2256.5826212565357,2198.8388904011144,2256.5826212565357,662841
2020-07-28,2323.85498046875,2331.0115950148484,2245.173155338398,2251.3483312546396,1836163
2020-07-29,2273.758544921875,2355.916435142751,2264.2708394658225,2338.577021427292,1092469
2020-07-30,2231.625732421875,2302.603308358554,2218.461908346432,2288.6141636326847,1497969
2020-07-31,2208.970703125,2236.37130820023,2184.1697774800145,2232.4923414732393,1260570
2020-08-03,2171.666748046875,2285.973683410801,2162.959572960357,2228.3662489718454,2281990
2020-08-04,2233.400634765625,2255.4366592080037,2178.8881571574248,2198.4482192693267,2033677
2020-08-05,2224.858154296875,2261.3785932573264,2205.25678875313,2244.211883345418,997234
2020-08-06,2232.038818359375,2255.6017677209697,2207.733160868494,2242.396634796149,859485
2020-08-07,2233.483154296875,2244.872621868458,2203.6891937047103,2236.619413699824,854109
2020-08-10,2230.140869140625,2243.2222864714745,2207.031883113693,2243.2222864714745,684596
2020-08-11,2238.9716796875,2290.2652883403407,2231.667509791813,2248.999247108983,1617202
2020-08-12,2289.439697265625,2307.5967532641266,2232.740203605531,2245.69769872378,1798834
2020-08-13,2318.8623046875,2327.4044548268794,2266.5783574233524,2302.644832967019,1299029
2020-08-14,2314.03466796875,2346.79986581757,2274.625596896906,2311.311068831407,2158769
2020-08-17,2415.878662109375,2421.57349571661,2319.1511183954444,2321.4620566058743,2723654
2020-08-18,2413.362060546875,2446.251179437667,2397.804882276016,2415.714305740233,1530968
2020-08-19,2420.707275390625,2474.9721193950854,2411.1334732651053,2431.3538333884403,2016727
2020-08-20,2439.689208984375,2446.9931760236755,2387.363757564066,2403.3337931402434,1185217
2020-08-21,2503.5693359375,2517.0221052520596,2440.5149075291656,2458.383022219146,2012976
2020-08-24,2488.3837890625,2538.2743965514796,2476.829296605429,2506.4995422945353,1706107
2020-08-25,2450.996337890625,2519.6629851285893,2441.1751014007564,2512.2764045926633,1323587
2020-08-26,2608.63232421875,2625.634010726116,2533.734472942043,2566.74729995106,4651022
2020-08-27,2592.951416015625,2616.2667267508655,2564.6841808764398,2607.1881986769667,1431518
2020-08-28,2524.90380859375,2611.3148507452743,2517.76466321582,2574.216723363671,1838010
2020-08-31,2480.95556640625,2549.3332720055505,2447.984041605404,2533.734789890277,1808588
2020-09-01,2472.331298828125,2537.284011525225,2455.742268608795,2500.7635627314294,1357833
2020-09-02,2429.373046875,2508.810172754619,2373.7463048429577,2504.8072863333414,2809547
2020-09-03,2427.5986328125,2481.038157084382,2418.974070352432,2455.3294935729446,1512714
2020-09-04,2405.974853515625,2456.5670524968514,2366.689709268973,2408.9873949536573,1508195
2020-09-07,2360.540771484375,2422.2334899407974,2353.814488798886,2418.1894993621095,1476038
2020-09-08,2363.058349609375,2396.071179867942,2353.8147974358412,2369.4958918086604,1263479
2020-09-09,2396.7314453125,2409.9365772425963,2335.822733986066,2349.6881628115316,1995585
2020-09-10,2433.66455078125,2440.8034946393946,2383.7326456274504,2409.9365793238658,1629594
2020-09-11,2469.566162109375,2482.3173281617783,2433.6647073339523,2433.9947550559923,1525239
2020-09-14,2499.48388671875,2508.1497545776065,2439.648132455217,2488.300750278218,1537220
2020-09-15,2506.623291015625,2518.6317504103517,2480.130611020356,2499.484345827861,915275
2020-09-16,2522.345458984375,2562.621155446133,2496.3065467195406,2503.1980561894106,1603512
2020-09-17,2526.30712890625,2556.844000441543,2500.7634888262733,2511.2863296931646,914287
2020-09-18,2568.934814453125,2576.527927324654,2537.944178318621,2541.9881698092163,1362732
2020-09-21,2521.64404296875,2578.6735906207036,2503.2393484204918,2576.651594914594,826132
2020-09-22,2476.085693359375,2518.8786501065133,2442.9491495135253,2508.9748022030803,1099375
2020-09-23,2440.26708984375,2511.4510034309737,2414.0218501005534,2476.374872098139,1256820
2020-09-24,2408.533935546875,2433.8712459604444,2393.430523324954,2402.7979957984667,1020064
2020-09-25,2477.61279296875,2488.4656798019164,2414.145710415478,2421.9449508939483,1263899
2020-09-28,2549.333251953125,2554.986779838879,2469.7724101325516,2514.752392205141,1422073
2020-09-29,2620.352294921875,2659.224986108407,2562.2084835014084,2562.621143911056,3394236
2020-09-30,2597.531982421875,2639.3757032724525,2587.380497110425,2639.3757032724525,1175373
2020-10-01,2600.95703125,2640.2010731202517,2568.1505315136665,2612.1401676854007,1459005
2020-10-05,2582.59375,2665.786125100773,2553.707522638227,2661.659521191948,1374983
2020-10-06,2588.4951171875,2622.7870371597187,2572.525078212025,2593.6533724774663,849216
2020-10-07,2668.79833984375,2682.2511082527058,2589.8977977142877,2591.507132864176,2071160
2020-10-08,2706.3505859375,2717.616335609303,2670.449131598942,2682.2925655244526,1414044
2020-10-09,2746.172119140625,2756.571240946714,2696.364133932086,2723.5584117138196,1358012
2020-10-12,2710.93115234375,2769.405210777733,2701.8939300130196,2765.4849370343004,1438726
2020-10-13,2713.69580078125,2726.0343050967367,2687.409255570345,2709.940551251933,847392
2020-10-14,2732.47216796875,2750.75294324509,2698.799038746078,2726.0346253756256,1188612
2020-10-15,2735.360595703125,2789.212774516186,2715.3878738981416,2733.4623176836467,1817305
2020-10-16,2761.894775390625,2801.8815282068963,2724.3839849963438,2735.938476298964,1461910
2020-10-19,2681.2197265625,2771.839993537078,2666.2402341714924,2766.516714509368,1056638
2020-10-20,2672.058837890625,2717.3688715056924,2666.1576729754097,2681.4674148889885,1198126
2020-10-21,2623.15869140625,2707.0524780001906,2585.0287056730804,2682.2928516770185,2045833
2020-10-22,2543.22607421875,2621.961598839405,2527.4623661611486,2621.961598839405,1640304
2020-10-23,2567.6142578125,2602.195117962689,2550.1586023856257,2558.494422877249,1707899
2020-10-26,2391.73828125,2575.0007982306324,2372.797209908035,2575.0007982306324,4182675
2020-10-27,2403.29296875,2457.7228376002486,2356.7449541845804,2414.063445961621,3089586
2020-10-28,2431.56005859375,2504.8485846646836,2418.478845036664,2471.8357532358245,5321192
2020-10-29,2388.478515625,2444.8892757469157,2381.0506280504924,2422.31667013109,2345545
2020-10-30,2310.7333984375,2416.9521534784544,2300.1692510652047,2404.9023882500887,3110768
2020-11-02,2340.320556640625,2383.526175777812,2320.8018027310277,2383.526175777812,2671709
2020-11-03,2424.296875,2434.242029452518,2349.687966428377,2360.4171352248536,2352020
2020-11-04,2449.5517578125,2457.8049645436745,2401.7657714367238,2426.4427789652123,1868196
2020-11-05,2430.033203125,2472.578326106451,2415.548783828953,2467.709014334757,1195194
2020-11-06,2430.941162109375,2461.9319991117786,2414.2284155515426,2428.91916640495,1182126
2020-11-09,2438.2041015625,2466.884000870039,2418.1900711104763,2451.202904845773,1175877
2020-11-10,2435.728271484375,2465.2334932397553,2412.371650047678,2465.2334932397553,1352612
2020-11-11,2525.60546875,2537.861563728671,2437.337445881135,2459.4560845240458,2829916
2020-11-12,2546.77490234375,2558.4944171168386,2506.4992079947865,2525.481585928234,2093558
2020-11-13,2582.346435546875,2587.298360855088,2534.643049606575,2549.416212845001,1274593
2020-11-14,2571.451904296875,2605.496386344111,2556.843766844563,2605.496386344111,199281
2020-11-17,2501.794677734375,2598.109563107246,2476.7874202302555,2596.7889693897714,1933560
2020-11-18,2461.931640625,2516.361500325876,2429.496496914618,2510.501844270254,1956934
2020-11-19,2466.47119140625,2588.8249990441877,2455.4530782151505,2499.896683543427,4282399
2020-11-20,2474.8486328125,2491.6026887124717,2447.6130409486486,2475.1375757482006,1531471
2020-11-23,2525.275390625,2537.036212364164,2461.1066965744753,2496.265444266133,1653325
2020-11-24,2537.15966796875,2566.458554189042,2510.3367439642575,2522.1801771608925,1517541
2020-11-25,2483.183837890625,2554.244035959858,2476.7876019974296,2541.575281689798,1110258
2020-11-26,2496.223876953125,2516.939306568186,2456.237127519335,2482.56477844837,859782
2020-11-27,2565.79833984375,2573.803910338167,2502.372363425044,2516.4028153307913,3266924
2020-12-01,2566.953857421875,2583.1713295283785,2537.902607380333,2575.0007347178685,1503427
2020-12-02,2580.117919921875,2622.1268707638565,2551.0666672133316,2569.223725342964,1748207
2020-12-03,2591.383544921875,2613.790923615637,2579.5401110706266,2604.712394989249,974736
2020-12-04,2624.891357421875,2642.6770600078007,2599.760380707237,2600.585701463017,1089915
2020-12-07,2619.609375,2655.8408754401808,2587.8758323624716,2624.4373805059513,991744
2020-12-08,2614.574462890625,2644.9876088594924,2603.5976581565887,2620.3930136607623,644753
2020-12-09,2633.35107421875,2644.327881315839,2604.836199868864,2620.3522714313826,669455
2020-12-10,2636.322265625,2647.4227900603896,2612.965646740299,2624.520137913503,559968
2020-12-11,2628.89404296875,2673.6263842178455,2615.44127537779,2641.026216853559,1276394
2020-12-14,2569.759765625,2652.5807800362413,2562.620822032523,2652.5807800362413,1421591
2020-12-15,2568.687255859375,2587.3806912607015,2542.895981026234,2544.092655879625,1058918
2020-12-16,2572.937255859375,2595.6335748765787,2562.6207472151914,2583.3363771704358,1025407
2020-12-17,2568.934814453125,2605.9505344716235,2559.3612136712295,2587.3808156986665,969196
2020-12-18,2587.6279296875,2594.8081791974873,2559.319390487089,2559.319390487089,1109264
2020-12-21,2471.09326171875,2602.1129479359643,2430.5286206484325,2598.1100611766274,1397172
2020-12-22,2516.485595703125,2525.4815113385944,2393.9254635352227,2492.468681125018,1073505
2020-12-23,2509.016357421875,2536.6232958923615,2485.8660703522996,2514.422248570941,711716
2020-12-24,2536.293701171875,2545.0419816868925,2500.722290306082,2513.1021036244288,640601
2020-12-28,2544.134033203125,2578.302234457677,2527.7100280345276,2555.19325156241,742559
2020-12-29,2537.035888671875,2563.446151663905,2526.3067193313627,2555.1929444788957,478502
2020-12-30,2559.6494140625,2565.055304683803,2530.103095632986,2541.9876325380405,505754
2020-12-31,2566.74755859375,2573.1851008080594,2546.114539633993,2564.271596318579,605742
2021-01-01,2560.681396484375,2575.6610892982167,2552.7171316825793,2570.874188551967,408952
2021-01-04,2512.152587890625,2578.260657553411,2506.70539046778,2568.3981151158882,1599835
2021-01-05,2531.423583984375,2537.3247478235876,2501.547015259028,2518.8787497758344,1150326
2021-01-06,2544.917724609375,2577.971859460503,2513.926891540536,2543.0607530053153,1370394
2021-01-07,2521.561279296875,2570.6678650486674,2504.023212956949,2553.5424590932107,880259
2021-01-08,2608.92138671875,2612.924071280605,2528.039956836791,2533.734589159326,1576465
2021-01-11,2639.128173828125,2661.5768583703184,2597.325757617046,2608.838942006885,1596027
2021-01-12,2680.84814453125,2719.43188985776,2624.8913569994997,2632.7732105147966,1586336
2021-01-13,2687.904541015625,2738.4141284015645,2654.8090997943596,2690.5455270009347,1424073
2021-01-14,2695.992919921875,2719.4319492968384,2672.4299715342613,2694.672326086245,803208
2021-01-15,2643.50244140625,2699.50053656827,2619.5681389395686,2682.2925178177684,1199320
2021-01-18,2610.613525390625,2655.5110998274586,2543.845150264019,2641.0266788368435,1280163
2021-01-19,2668.179443359375,2674.658292017691,2616.6795077812512,2616.6795077812512,770832
2021-01-20,2703.4208984375,2717.3687393874184,2666.0338258245097,2673.214076499878,841752
2021-01-21,2680.064453125,2761.523581226321,2657.285516925991,2703.421073623722,1300181
2021-01-22,2785.37548828125,2875.3767747759375,2689.6382616997325,2694.672799902196,3813020
2021-01-25,2867.948486328125,2905.252946354022,2770.643244176087,2820.9052005203466,2266967
2021-01-27,2771.881103515625,2875.4175534820647,2748.276848971399,2847.3566473918268,1333633
2021-01-28,2803.94482421875,2858.993883145208,2744.3153960168925,2755.704863432516,1986409
2021-01-29,2687.28564453125,2876.2427882710226,2662.8147636139292,2822.5143273242425,1718833
2021-02-01,2757.107666015625,2773.7379999229374,2655.2631666866664,2723.5584583311834,1285163
2021-02-02,2718.48291015625,2806.0906296579874,2691.3710421513815,2806.0906296579874,1751516
2021-02-03,2790.24462890625,2824.247805908206,2697.1484014342536,2720.711350809299,1077971
2021-02-04,2839.68115234375,2901.0025262704667,2809.4745328530084,2839.9287888752992,2425660
2021-02-05,2830.190185546875,2938.142191768007,2778.0299487334582,2888.6229413449505,2719249
2021-02-08,2884.496337890625,2894.317575296005,2818.800718381272,2870.465883600456,1004959
2021-02-09,2888.1689453125,2919.9851036857285,2852.5977383490567,2856.435399620211,1543021
2021-02-10,2920.769287109375,2945.363889624939,2876.4495961654134,2880.3698703442487,1477082
2021-02-11,2922.873779296875,2933.190289883127,2866.79326804888,2908.4306644761227,757116
2021-02-12,2901.62158203125,2954.6484430553583,2891.016129228695,2918.293021774204,566161
2021-02-15,2918.168701171875,2952.4837522262505,2906.8848156982694,2937.9998944938416,809861
2021-02-16,2914.9267578125,2934.926327231259,2890.043041902361,2922.0423529723753,759332
2021-02-17,3018.0400390625,3027.302996771676,2911.305503640856,2916.526402323041,1946207
2021-02-18,2966.54638671875,3055.975988514249,2952.3571379763007,3014.376765727535,1701157
2021-02-19,2854.42236328125,2966.546374631511,2837.8332899147094,2966.546374631511,995322
2021-02-22,2875.01123046875,2890.842507085256,2821.117662812659,2863.095781729844,921345
2021-02-23,2867.685302734375,2930.0840353620224,2843.770112754197,2875.011418950385,1069537
2021-02-24,2898.12646484375,2947.3042593940154,2821.9175975651333,2896.7790435186894,823330
2021-02-25,2892.063720703125,2913.621231704559,2864.9907039210507,2905.200361092696,897962
2021-02-26,2714.888671875,2883.011270576612,2694.5102062123287,2867.3064291980068,1880371
2021-03-01,2821.16015625,2831.981057700689,2736.7830700986465,2740.993505591106,1176879
2021-03-02,2927.43115234375,2938.8836177309977,2822.254568717891,2822.6756122161332,1402320
2021-03-03,2883.600830078125,2956.4832987283935,2858.0434062462527,2955.7255026294483,965062
2021-03-04,2879.811767578125,2913.6214837747166,2836.3599892266443,2861.4120814643024,934953
2021-03-05,2915.052978515625,2940.1472161219,2858.0437208986764,2875.727550639063,1017875
2021-03-08,2916.947509765625,2938.4628758517824,2882.211417595146,2915.010668357374,749107
2021-03-09,2904.23193359375,2938.8837326186476,2876.9903359574814,2917.873702352558,564852
2021-03-10,2879.390869140625,2926.252938276802,2869.706866611076,2904.358671688256,787897
2021-03-12,2821.455078125,2879.0959011292234,2787.308403842565,2825.202324740727,1098158
2021-03-15,2748.698486328125,2837.3281523487663,2730.8884266502555,2829.4126159558614,781236
2021-03-16,2741.035400390625,2778.8871708886845,2735.098645771651,2778.002938398599,523881
2021-03-17,2686.720947265625,2761.119216684863,2673.62645218542,2742.677592052886,991815
2021-03-18,2616.53271484375,2709.583329395025,2587.143960446778,2709.583329395025,1472097
2021-03-19,2626.595703125,2637.4587492710293,2556.5762481295064,2597.838513003797,1554560
2021-03-22,2606.975341796875,2647.4796065719065,2594.5964973792147,2637.079954594438,619756
2021-03-23,2583.06005859375,2637.416822538507,2577.2497397829966,2617.122440998464,944310
2021-03-24,2554.76611328125,2598.6387292590343,2545.629385715378,2583.5233064422027,975533
2021-03-25,2477.125,2568.02845093426,2464.87279931908,2554.1340162269094,1075251
2021-03-26,2473.88330078125,2511.7772168697747,2468.1570678992316,2502.6826358909984,611318
2021-03-30,2495.81982421875,2506.3459125075624,2456.03121048704,2471.483384742419,899455
2021-03-31,2453.505126953125,2494.2620615235023,2443.736834078732,2488.8727861644643,1212659
2021-04-01,2489.29345703125,2530.429283531101,2469.8411651423257,2483.3145571103714,1067722
2021-04-05,2431.02099609375,2503.4826270793733,2413.9267936339243,2493.419728058337,1152927
2021-04-06,2431.9052734375,2465.630901164194,2415.1056777796816,2442.052463584755,788062
2021-04-07,2477.0830078125,2483.2300779618936,2421.0420812254406,2425.210370432095,649751
2021-04-08,2465.630859375,2518.1350686872593,2453.336306324748,2500.156428102587,953450
2021-04-09,2452.91552734375,2482.472867945472,2443.021003531552,2465.631125286412,557093
2021-04-12,2346.138671875,2433.5892834328993,2308.2447568921216,2420.1580369064973,859305
2021-04-13,2412.874267578125,2424.3686738453134,2335.3179662179627,2357.001708264339,714921
2021-04-15,2410.516845703125,2433.6320990907893,2374.685992884438,2401.6327842930555,683426
2021-04-16,2437.715576171875,2463.062270916082,2390.05337087109,2390.05337087109,709663
2021-04-19,2345.67578125,2376.8330041987538,2309.92922468714,2325.297314384836,740714
2021-04-20,2377.80126953125,2398.979883149395,2358.559702920921,2392.579939044819,740095
2021-04-22,2400.916748046875,2427.35840848833,2315.7397131948032,2318.5186419681745,1436707
2021-04-23,2411.77880859375,2419.9891551250234,2367.990293760293,2373.000669243908,682515
2021-04-26,2412.200439453125,2423.8632214493477,2383.1062914907166,2408.411047823546,831133
2021-04-27,2446.68408203125,2474.894000030922,2417.000511598759,2421.0004253449815,811184
2021-04-28,2464.157470703125,2533.840180895584,2454.726135939627,2465.6311231845366,1389833
2021-04-29,2408.453125,2495.7775062924297,2399.990109483048,2495.7775062924297,1009327
2021-04-30,2373.969482421875,2408.3688185867477,2362.0540336139256,2387.1482673167293,670258
2021-05-03,2352.15966796875,2398.263934261165,2329.7600700555445,2340.959869012147,668727
2021-05-04,2338.265380859375,2374.475126560988,2329.844509765977,2352.791383495487,642256
2021-05-05,2347.906982421875,2357.843650351601,2330.8968657761543,2346.8122281809674,365152
2021-05-06,2453.25244140625,2460.578558213581,2359.6543349100994,2373.00149796231,2249529
2021-05-07,2409.04248046875,2522.050512394054,2374.6852904678567,2483.2723657353745,2287493
2021-05-10,2388.411376953125,2424.3684504004095,2383.1061877850498,2409.042508260805,781259
2021-05-11,2390.137939453125,2394.600836495229,2358.7701958058046,2383.5274736574825,684120
2021-05-12,2391.653564453125,2406.6849012322778,2370.475156392184,2391.3589573244694,486996
2021-05-14,2368.24365234375,2401.548031475162,2360.159534240801,2391.6535084077,518143
2021-05-17,2403.9482421875,2428.9160434381483,2368.7911043956346,2387.3170213158987,926624
2021-05-18,2447.905029296875,2458.641639712528,2405.4639221241832,2422.0108512355932,1288013
2021-05-19,2454.68359375,2479.0619711707427,2436.9997668310466,2454.68359375,717841
2021-05-20,2412.66357421875,2456.199431511592,2409.84250050062,2451.6100984253208,637388
2021-05-21,2428.915771484375,2433.715832073693,2387.3167540197633,2420.158148519506,1658538
2021-05-24,2442.431396484375,2495.6934035620084,2435.31580187375,2458.89423978954,1587246
2021-05-25,2467.0625,2479.8202427327183,2448.2839168246032,2463.020440861043,501532
2021-05-26,2496.535400390625,2515.103460695681,2459.3151944293086,2477.4200657459423,817054
2021-05-27,2518.93505859375,2550.2185105743247,2471.6517469179194,2500.9985631345457,2097924
2021-05-28,2519.1455078125,2554.3867268346576,2489.6724616209526,2547.3132779837483,1077246
2021-05-31,2532.5771484375,2538.8928021742518,2492.5780081047383,2516.9985358868453,662303
2021-06-01,2506.682861328125,2572.576179174409,2497.630424691096,2540.1558247069083,971553
2021-06-02,2503.18798828125,2520.366481462774,2477.504333859394,2502.6826538280534,793261
2021-06-03,2533.292724609375,2538.050434329838,2494.261906597538,2512.787822176588,851280
2021-06-04,2567.018310546875,2572.5761678089634,2530.3455807099526,2530.4718115436776,1023321
2021-06-07,2570.259765625,2590.7646640752905,2560.5757661804305,2581.2068954319047,612460
2021-06-08,2573.3759765625,2591.944037834108,2560.2395414387474,2575.1022961977587,555729
2021-06-09,2546.05029296875,2602.0490839336653,2535.1874518437053,2573.375977667931,845692
2021-06-10,2533.840087890625,2563.228845491842,2525.419216877363,2559.0605554578115,567660
2021-06-11,2529.92431640625,2558.26046346533,2522.050720236558,2542.2608094805237,467264
2021-06-14,2514.177001953125,2540.5343665128166,2478.2620731719485,2534.6819029043713,489598
2021-06-15,2532.1982421875,2547.3136656313122,2502.935713301322,2513.6301791436254,454939
2021-06-16,2505.5458984375,2538.7663993119986,2500.9987102902232,2532.998020388213,444814
2021-06-17,2453.926025390625,2491.693507319426,2443.7366895567866,2481.6306078993284,782315
2021-06-18,2434.7685546875,2479.9464441774317,2401.6323459402497,2453.926035707886,904203
2021-06-21,2437.715576171875,2452.99937262309,2412.5791975850166,2416.7896324848157,577938
2021-06-22,2447.989013671875,2477.4620581807076,2439.147100319225,2442.894346289248,522538
2021-06-23,2465.925537109375,2522.0505531608515,2459.7361154533714,2491.693275835827,1911546
2021-06-24,2447.905029296875,2475.736048785965,2436.5789990347585,2475.736048785965,844653
2021-06-25,2475.062255859375,2483.567417435576,2443.6945127447893,2448.7891805963686,631005
2021-06-28,2478.8095703125,2491.2303548402383,2466.809829328075,2490.0515151540285,407079
2021-06-29,2465.209716796875,2490.5144725138057,2454.683629193131,2478.809339745853,470337
2021-06-30,2444.241943359375,2467.315046197972,2439.862926247532,2463.104610965552,758083
2021-07-01,2460.99951171875,2481.630645349925,2446.262987696482,2446.262987696482,634751
2021-07-02,2458.768310546875,2500.114667325128,2448.0736389960316,2492.5780282558785,928741
2021-07-05,2474.093505859375,2485.756286299,2463.1885214094636,2473.1249825529344,480881
2021-07-06,2458.262451171875,2487.524974141207,2452.494073042143,2473.2094952785123,452807
2021-07-07,2453.294189453125,2460.5781596070487,2434.6418394628613,2458.0518986628936,668763
2021-07-08,2442.389404296875,2471.399470094773,2433.758011303856,2451.315610017409,524837
2021-07-09,2439.35791015625,2458.59947670545,2421.8846031338276,2442.3893003111543,328728
2021-07-12,2440.53662109375,2463.946681950938,2437.92627461926,2453.841637459,392467
2021-07-13,2445.5048828125,2458.0518965894967,2438.936563245709,2458.0518965894967,317264
2021-07-14,2442.64208984375,2458.894412523513,2438.6843214616756,2458.894412523513,429264
2021-07-15,2429.126220703125,2453.3362223357226,2426.9369178211145,2450.473208725536,349469
2021-07-16,2446.010498046875,2449.33670116444,2425.2109866056753,2431.1055966425643,459445
2021-07-19,2431.189453125,2437.336523737664,2416.8739741650993,2430.2630751925362,338468
2021-07-20,2390.685302734375,2441.210529280364,2381.4223445342773,2431.947571080266,481836
2021-07-22,2419.88671875,2427.346952622655,2392.5609061913924,2417.15844627877,613062
2021-07-23,2417.11572265625,2441.8410686728394,2405.1793487172067,2429.94736627149,430659
2021-07-26,2396.013916015625,2416.135315323054,2394.0955702061647,2412.852729231997,313614
2021-07-27,2382.03076171875,2409.654850829415,2379.1744754496176,2405.8608317485614,427442
2021-07-28,2368.261474609375,2392.3473686345696,2354.0231293296683,2384.119881016692,415048
2021-07-29,2340.978515625,2374.3151839426923,2336.1187481810825,2374.3151839426923,611448
2021-07-30,2355.984375,2388.9798798902007,2340.9785651552875,2356.5811520401553,745920
2021-08-02,2372.098388671875,2384.54640417495,2357.6468925290706,2361.782076569472,464874
2021-08-03,2403.559326171875,2406.0317773377997,2373.888871411643,2373.888871411643,530085
2021-08-04,2391.9638671875,2416.5187330474578,2388.1271759016886,2414.3872378886736,308031
2021-08-05,2403.3037109375,2414.3021438296646,2374.4858517877274,2392.390412968173,316844
2021-08-06,2416.092529296875,2430.7998464724838,2397.2500280886197,2412.852614896989,445529
2021-08-09,2418.22412109375,2443.460900884344,2408.589720580659,2429.904673860134,422204
2021-08-10,2384.759765625,2424.661401822521,2378.748906863982,2424.661401822521,574570
2021-08-11,2371.586669921875,2399.93555330067,2345.7102374709852,2395.8003697568265,551805
2021-08-12,2372.738037109375,2388.340625261263,2365.9599232842497,2387.274877548072,410605
2021-08-13,2363.572509765625,2399.5521094554424,2346.3500690581036,2384.589178699457,1083905
2021-08-16,2342.3857421875,2368.43245060943,2337.6537805585344,2365.9599990971415,396756
2021-08-17,2372.439697265625,2378.748840318911,2313.098782718712,2348.0553068954414,877329
2021-08-18,2356.240234375,2383.0117319301403,2346.776312034959,2379.175040411827,613650
2021-08-20,2299.883544921875,2336.971565016074,2285.986153232819,2285.986153232819,809463
2021-08-23,2285.474365234375,2311.3079190514613,2264.926669425081,2302.8672818058135,758426
2021-08-24,2281.4248046875,2297.7519757247123,2261.0902558894013,2285.8156018248437,567946
2021-08-25,2279.80517578125,2308.836189439506,2276.437454137179,2287.5212320037645,407780
2021-08-26,2257.296142578125,2284.962909308198,2252.9904805398933,2280.6999188057575,445529
2021-08-27,2279.889892578125,2284.877466355654,2247.4484946419257,2257.6796714005386,517155
2021-08-30,2324.3955078125,2326.7401525246446,2284.9628467446123,2284.9628467446123,518747
2021-08-31,2337.696533203125,2341.2347325855085,2302.9531554344217,2325.0353662639045,708031
2021-09-01,2336.843505859375,2356.5810679389397,2328.1043756327563,2352.318077584491,442282
2021-09-02,2327.890869140625,2335.1379516318707,2304.2312763015584,2323.3293868993233,422436
2021-09-03,2386.805908203125,2399.16858168277,2329.298203199272,2329.298203199272,981491
2021-09-06,2401.939453125,2412.8527510147755,2388.1274048029636,2408.419282290323,580935
2021-09-07,2385.3564453125,2408.589744619002,2379.601407869605,2402.834707176107,311022
2021-09-08,2385.867919921875,2395.6301263050323,2370.2226618956724,2386.4220254122256,341207
2021-09-09,2384.461181640625,2392.6462070637835,2355.728665891537,2372.780628728247,403669
2021-09-13,2378.578125,2398.2730154227206,2361.6966416706505,2361.6966416706505,279930
2021-09-14,2431.353759765625,2439.2829630729275,2387.274483259069,2387.274483259069,880592
2021-09-15,2451.177001953125,2459.745654964272,2438.4307012817394,2438.4307012817394,681873
2021-09-16,2489.927734375,2494.7023676224244,2457.1027032220736,2463.156233787144,1118060
2021-09-17,2499.903076171875,2518.9585196065527,2469.6783057476146,2507.491116315714,1024040
2021-09-20,2463.582275390625,2489.5865181313807,2449.9833769651614,2489.5865181313807,442234
2021-09-21,2430.287841796875,2468.271122988652,2399.5516433496236,2464.008133138931,580932
2021-09-22,2427.517578125,2438.430876826885,2408.6752826054717,2429.904894740078,561230
2021-09-23,2432.505126953125,2457.1878010897226,2427.560016187617,2429.904661035985,448036
2021-09-24,2415.7939453125,2440.39148274591,2402.0672413601756,2429.904484917082,603710
2021-09-27,2483.57568359375,2496.4073270936296,2422.231289710725,2422.231289710725,1187306
2021-09-28,2490.0556640625,2505.786058902211,2464.861346133478,2496.364807352805,788979
2021-09-29,2460.725830078125,2490.055328502248,2443.1197632398807,2485.323367595272,613787
2021-09-30,2414.984375,2454.5023843979056,2410.465562958814,2436.12885175875,920513
2021-10-01,2428.156494140625,2430.7569597374345,2389.19280618177,2410.4650851912907,329726
2021-10-04,2434.63671875,2446.9567205379667,2429.904757328643,2439.752307712797,386779
2021-10-05,2425.2578125,2438.1319180976366,2421.3784497613437,2432.4622243553217,316991
2021-10-06,2385.697265625,2429.9045599151646,2371.0752916224815,2421.3785790031816,468624
2021-10-07,2422.785400390625,2437.876553861648,2395.8007527537075,2404.326734080233,552458
2021-10-08,2423.1689453125,2448.6615431583673,2421.3784061872434,2445.03800152939,300133
2021-10-11,2436.554931640625,2454.2463425048227,2424.106915915607,2425.641634151461,658779
2021-10-12,2486.730224609375,2495.9809974772734,2434.3807832782186,2450.2816549621834,956819
2021-10-13,2494.02001953125,2512.478894021585,2478.54544666326,2494.702139669105,754779
2021-10-14,2496.237060546875,2510.1769162745745,2472.5347888710635,2501.523127775069,572466
2021-10-18,2476.0302734375,2515.164443724079,2469.294623424716,2505.785864442396,440831
2021-10-19,2452.114990234375,2498.1126195332363,2443.1200379769584,2476.030410355898,447221
2021-10-20,2400.91650390625,2452.072395324707,2388.9801292419434,2440.988618850708,424722
2021-10-21,2350.52783203125,2417.1158329482614,2323.330033433514,2417.1158329482614,737326
2021-10-22,2339.6572265625,2387.274918465578,2325.418878500994,2365.107365651255,387942
2021-10-25,2290.760498046875,2348.7798373771766,2284.1528631141578,2339.486393676287,326076
2021-10-26,2302.441162109375,2308.835647840099,2289.225891599212,2299.3717256970945,282346
2021-10-27,2293.616455078125,2327.0384636185017,2286.6678645528837,2313.908329362265,444512
2021-10-28,2274.518798828125,2313.7809867192404,2267.911162921118,2313.7809867192404,366561
2021-10-29,2265.438720703125,2304.4450876682195,2250.0066102925516,2285.815734063786,614962
2021-11-01,2285.559814453125,2295.8763353088043,2252.5643077456066,2280.70004663872,502481
2021-11-02,2288.629150390625,2303.336467801536,2282.0215150321,2297.7519085451763,813089
2021-11-03,2252.09521484375,2299.457081039494,2250.858989226646,2299.457081039494,504184
2021-11-04,2282.831787109375,2289.2262739080006,2259.3853355144142,2259.3853355144142,93301
2021-11-08,2287.435546875,2310.285219460207,2276.863412829263,2308.5800231203234,644351
2021-11-09,2314.25,2344.6450424708523,2288.0326054341895,2297.7094700808007,723569
2021-11-10,2318.044189453125,2329.2557733034873,2303.592690586037,2313.9516761769382,390217
2021-11-11,2302.782470703125,2323.330171259109,2289.737884338046,2323.330171259109,264937
2021-11-12,2287.5634765625,2319.066936141447,2284.9630106099553,2319.066936141447,352693
2021-11-15,2296.259765625,2374.3151610264767,2290.0784295808967,2331.8557352582848,2023708
2021-11-16,2345.412109375,2360.8442187686096,2302.867546007228,2312.416603419511,1246961
2021-11-17,2344.091064453125,2364.8090352508357,2329.170595189171,2345.412425207695,570038
2021-11-18,2289.09814453125,2355.728604312428,2274.0069912921717,2353.1708099537827,559569
2021-11-22,2246.25537109375,2300.4804934139606,2232.6989343982996,2289.226238453454,636253
2021-11-23,2244.208984375,2256.742136529763,2216.7553634279343,2238.027647303903,626376
2021-11-24,2234.7021484375,2266.1202615169477,2227.8386925415393,2256.4007270613024,564230
2021-11-25,2212.236572265625,2250.8593134799744,2200.641361300622,2250.8593134799744,625134
2021-11-26,2156.561767578125,2207.973479804939,2135.88626157557,2199.703319034688,685448
2021-11-29,2123.651123046875,2156.177653225221,2085.5824977590437,2152.809932782916,594113
2021-11-30,2088.2685546875,2142.2805190868944,2066.740452799335,2111.032882182041,1527406
2021-12-01,2087.330810546875,2114.4434741444984,2077.8244241565158,2114.4434741444984,769987
2021-12-02,2108.21923828125,2117.171518153081,2053.823438953074,2070.108145600507,921229
2021-12-03,2099.480224609375,2129.321159173896,2089.7606891841815,2118.7063540809986,499760
2021-12-06,2063.287109375,2110.520954154543,2056.167832988156,2109.9668487296617,347297
2021-12-07,2098.92626953125,2110.1805240286317,2071.898948490624,2076.076596367563,347226
2021-12-08,2123.5234375,2131.495313233027,2097.519194678557,2097.519194678557,308181
2021-12-09,2149.357421875,2156.135536032669,2115.6371209444983,2140.021513080183,402958
2021-12-10,2154.38720703125,2169.6912985590347,2142.493299139874,2149.143604761533,327197
2021-12-13,2127.232177734375,2175.8302675663826,2122.9691873982338,2174.1250714319262,332491
2021-12-14,2117.683349609375,2121.264220247512,2097.391471788135,2114.4434349734042,365318
2021-12-15,2137.59130859375,2151.9576702800955,2111.160766684605,2117.939088310183,470021
2021-12-16,2106.85498046875,2152.809928958055,2096.7942825363234,2142.578753058056,496003
2021-12-17,2084.303955078125,2105.0648030027305,2064.1400923732726,2105.0648030027305,492339
2021-12-20,2009.2755126953125,2076.07666652025,1969.501888978143,2076.07666652025,687713
2021-12-21,2001.388916015625,2037.7096823176407,1989.1542568320983,2037.7096823176407,401977
2021-12-22,2002.58251953125,2017.247165664399,1992.777641084445,2007.8685862804987,367785
2021-12-23,2040.0115966796875,2048.793399448334,2005.7371919276763,2016.39466903675,472868
2021-12-24,2039.7984619140625,2057.3193960390736,2026.284905734173,2057.3193960390736,343453
2021-12-27,2047.940673828125,2054.9319367458133,2021.5101322424996,2037.709496440141,223494
2021-12-28,2061.412109375,2067.550775200491,2042.7400826365365,2049.646211786384,265463
2021-12-29,2074.584228515625,2082.726581615546,2054.761323629983,2064.1399022855558,270407
2021-12-30,2073.43359375,2078.506719843069,2056.765464543182,2067.5507491068724,366389
2021-12-31,2099.181884765625,2117.5127440858546,2073.5185984557693,2073.5185984557693,253608
2022-01-03,2111.544189453125,2128.510805583196,2099.9487739440865,2099.9487739440865,234912
2022-01-04,2118.62109375,2128.5966587885264,2104.553224048728,2124.674623973905,181575
2022-01-05,2136.61083984375,2142.536355011433,2112.695421494062,2118.663608197536,294097
2022-01-06,2128.084716796875,2139.1684913635254,2100.801579402043,2122.9691285353438,406402
2022-01-07,2130.72802734375,2144.7105531346538,2116.14851635071,2139.1686654004557,308537
2022-01-10,2198.0830078125,2203.1132527984646,2122.3722630669918,2122.3722630669918,783876
2022-01-11,2189.68505859375,2210.062069813047,2183.3332444135463,2203.6675840973053,372092
2022-01-12,2208.655517578125,2212.4922092705015,2184.356470193073,2195.4402461932723,410716
2022-01-13,2211.29833984375,2216.7548839889655,2191.176943019862,2215.902285956662,243121
2022-01-14,2190.921630859375,2212.3219297023124,2178.3884785042333,2208.229416565935,267065
2022-01-17,2303.2939453125,2322.8610315902706,2209.4654755189904,2215.902633302679,2357848
2022-01-18,2295.918701171875,2325.0348407974893,2263.8182602707743,2304.572487963188,1082632
2022-01-19,2301.844482421875,2336.1188857573275,2280.742678618045,2297.751969750364,763040
2022-01-20,2310.072021484375,2352.5314510880294,2298.6472895082293,2302.015010578121,1022978
2022-01-21,2344.72998046875,2367.6647847512654,2265.566168268023,2305.1693060581074,1170753
2022-01-24,2307.30126953125,2361.185435595932,2274.348431472711,2336.1191311004145,593277
2022-01-25,2371.970703125,2377.896218582488,2261.8150647841453,2305.5107195716505,971148
2022-01-27,2314.803955078125,2361.696852878971,2292.6364033904524,2330.1507216311293,559824
2022-01-28,2278.27001953125,2348.9078581644467,2270.511501407476,2319.2374014831803,466238
2022-01-31,2322.73291015625,2331.0457411470084,2285.090581341702,2285.090581341702,442531
2022-02-01,2324.82177734375,2361.5261657296805,2283.257621610548,2342.9394862530944,414159
2022-02-02,2304.06103515625,2339.017557453145,2300.3096867566533,2304.572677280665,283071
2022-02-03,2371.50146484375,2402.5786219883066,2288.3731553624393,2305.6809373262354,1436881
2022-02-04,2320.55859375,2370.2224269771286,2312.8852117921606,2357.433457047396,585251
2022-02-07,2257.72216796875,2331.0029241925417,2238.069742503812,2320.558598727524,688838
2022-02-08,2278.099365234375,2294.895505536372,2259.384879280159,2268.3798305246623,625615
2022-02-09,2326.612548828125,2333.220184501812,2279.037530346809,2285.304001867611,359950
2022-02-10,2331.088623046875,2345.497448136304,2302.910213309635,2340.722815362022,448648
2022-02-11,2317.873291015625,2342.0869939308795,2263.647968287763,2276.43693986001,1235994
2022-02-14,2258.106201171875,2304.700606826343,2242.9725840033643,2285.8156410578804,576694
2022-02-15,2369.07177734375,2376.9158468836044,2242.333145013553,2259.3851080935037,1131545
2022-02-16,2376.020263671875,2425.300472101109,2358.45666075553,2358.45666075553,1127829
2022-02-17,2381.690185546875,2448.9176308206024,2370.6917530194787,2387.274744884426,1166885
2022-02-18,2365.149658203125,2402.6213008060104,2343.749363923062,2370.2225749612167,662754
2022-02-21,2364.53955078125,2394.735088243694,2339.833956307976,2370.290970283119,522214
2022-02-22,2379.9208984375,2398.2212788355914,2305.8915450449,2331.076269157201,644900
2022-02-23,2327.328857421875,2407.327700610919,2322.4052690643425,2392.1209994677747,631227
2022-02-24,2170.250732421875,2287.199047386879,2126.329904737705,2281.9703672932615,1934361
2022-02-25,2229.5087890625,2258.789478515834,2182.7121514452756,2252.427876090826,715496
2022-02-28,2209.509521484375,2219.531158663735,2169.0744791846537,2202.1458393254325,1008620
2022-03-02,2114.39111328125,2177.3095207597007,2109.7724033457016,2176.873797421546,855090
2022-03-03,2106.635009765625,2150.730294586671,2095.8291565968166,2127.2012354481617,831912
2022-03-04,2014.1746826171875,2094.6092508802735,2005.285969347468,2091.4719578412996,1266961
2022-03-07,1916.0496826171875,1995.4385565322566,1891.126436395117,1995.4385565322566,1284637
2022-03-08,1962.19287109375,1968.8159510961907,1870.865427410884,1900.6252470248055,1081826
2022-03-09,1996.048583984375,2013.564747033799,1947.8139260275295,1974.6981407153871,670764
2022-03-10,2022.4097900390625,2100.57851110597,2014.8282468211967,2047.8996042623276,716132
2022-03-11,2031.516845703125,2043.5428547341257,1993.0861674316209,2020.0137898821763,467988
2022-03-14,2040.8408203125,2048.771069913313,1988.9027277332216,2030.4706903011565,382149
2022-03-15,2020.3619384765625,2074.0431401472974,2004.3274043440267,2043.5425057333664,612285
2022-03-16,2064.89306640625,2070.9931936334474,2034.8281536436355,2048.07410164301,493507
2022-03-17,2108.813720703125,2116.9618322048927,2069.6858501540064,2076.657423543999,781757
2022-03-21,2084.108154296875,2133.2576573289166,2074.042903537428,2121.7546047847704,516893
2022-03-22,2112.081787109375,2121.9727926207306,2043.5862016210253,2095.8293906582576,470208
2022-03-23,2086.8095703125,2126.1555129876224,2028.0305381521762,2111.515167172589,1137046
2022-03-24,2102.06005859375,2115.218988780148,2033.0851378408015,2057.4856452816684,692836
2022-03-25,2072.6484375,2124.5867381870894,2062.4961700591857,2108.900699923198,467568
2022-03-28,2072.256591796875,2089.5985083959386,2047.0282529419924,2065.328633236493,493636
2022-03-29,1926.4632568359375,2092.3431949849482,1877.1395090889307,2078.400049995461,2475877
2022-03-30,1979.62158203125,1987.769692836227,1940.1886234162394,1960.7548482601976,3115035
2022-03-31,1999.22900390625,2019.054412783151,1986.8981204102913,1986.8981204102913,1338490
2022-04-01,1952.1710205078125,1957.2690682320845,1873.610194434097,1904.11082550628,3541517
2022-04-04,2014.5667724609375,2020.8847606085926,1960.7549423757366,1960.7549423757366,1417392
2022-04-05,2032.431640625,2050.209068854863,2017.3991844986065,2030.3836557026627,715666
2022-04-06,2045.1982421875,2047.158997326791,2010.0354943428788,2028.727984119676,812337
2022-04-07,2048.4228515625,2063.7601869780415,2036.4404585399402,2047.8998984011105,853476
2022-04-08,2058.74951171875,2074.043446067548,2030.9504430690654,2052.2572754155776,694946
2022-04-11,2035.1761474609375,2058.138848700861,2031.4724996967886,2054.8273093253456,408871
2022-04-12,2002.4974365234375,2026.9415608368538,1991.6915817378683,2026.0701140717092,502227
2022-04-13,1982.018310546875,2014.0439771139274,1977.2253536456835,1996.963749264826,426929
2022-04-18,1991.6041259765625,1999.9264841904862,1960.0141843245078,1978.096702649477,422209
2022-04-19,1972.3016357421875,2028.292083150311,1954.1318879402186,2011.298873431114,484466
2022-04-20,1982.41064453125,2017.3991450329509,1970.9073776899083,1978.184042861684,424461
2022-04-21,2019.708251953125,2023.2812683356974,1984.2840305805462,1988.6412638492782,341987
2022-04-22,1999.3165283203125,2008.6845800493932,1981.3646417651623,1999.970113324667,598737
2022-04-25,1994.392822265625,2033.0413522603048,1974.6980435254306,1976.7024133051798,596296
2022-04-26,2097.7900390625,2102.800857517006,2005.460305047538,2013.9132953675098,1311255
2022-04-27,2178.61669921875,2203.5401593600272,2065.328630859375,2082.757564453125,2082863
2022-04-28,2193.69287109375,2215.173947642338,2176.917521731558,2213.300422296312,1182758
2022-04-29,2184.411865234375,2223.9320596249936,2171.1659174617,2186.1113565658793,839920
2022-05-02,2167.549560546875,2183.497078746007,2133.388890234466,2143.933268337474,667551
2022-05-04,2099.7509765625,2196.0458439250883,2090.426538744565,2126.3301028481014,1263034
2022-05-05,2180.054443359375,2211.8622463249567,2117.7026052846936,2117.7026052846936,1675043
2022-05-06,2233.82275390625,2264.8897404652917,2097.7898529184586,2100.186331097096,2491483
2022-05-09,2172.29833984375,2230.903119045231,2166.41607576033,2226.5458863908457,996952
2022-05-10,2152.25537109375,2195.4792101816897,2142.538826015703,2165.5449325510554,644415
2022-05-11,2152.73486328125,2195.522769347653,2098.3564605951083,2148.5518764968474,575504
2022-05-12,2092.517822265625,2142.887485250854,2066.200173863267,2142.887485250854,966472
2022-05-13,2134.303466796875,2178.616613824272,2104.500034070865,2104.500034070865,691344
2022-05-16,2175.04345703125,2189.0302173399723,2126.329677793835,2135.0877585669987,473407
2022-05-17,2199.09521484375,2212.4720035511973,2180.402730207054,2191.6879196877476,517525
2022-05-18,2212.602783203125,2225.84872816864,2188.8994796718607,2200.7076229367867,332168
2022-05-19,2192.123779296875,2221.3172384924405,2179.095696027865,2187.41805306606,556405
2022-05-20,2257.177490234375,2277.4386251596015,2217.8317584817933,2217.8317584817933,751633
2022-05-23,2287.285888671875,2352.862246474492,2274.9550041673456,2278.8765139362727,744827
2022-05-24,2298.004638671875,2312.8192305783678,2277.4384142171266,2291.8608977124914,616849
2022-05-25,2261.142578125,2326.108968373876,2251.5130501002473,2300.793400663545,525893
2022-05-26,2297.525634765625,2307.024531552731,2243.975277016666,2272.7330184308603,362813
2022-05-27,2370.160888671875,2376.348032879511,2298.8765027084996,2305.1072618042945,654718
2022-05-30,2414.386474609375,2429.1138373791714,2373.820591913782,2373.820591913782,924244
2022-05-31,2417.3056640625,2448.721356874027,2398.3517003131465,2418.1771106716656,1859231
2022-06-01,2403.1015625,2439.9635885872385,2380.3567179837682,2439.9635885872385,430807
2022-06-02,2320.75,2381.6640446906317,2300.967987931491,2379.57265752529,1093645
2022-06-03,2251.600341796875,2343.058627594711,2244.105815305419,2331.1198507234217,753558
2022-06-06,2214.128173828125,2260.924818449927,2200.4901182551816,2235.2607560244574,965347
2022-06-07,2240.35888671875,2246.633260555854,2178.6168014630675,2200.402969477698,550257
2022-06-08,2253.517822265625,2280.6199029964605,2225.108784083189,2251.8185435474206,539786
2022-06-09,2264.105224609375,2268.8545654578047,2230.903028035247,2248.288343065908,327503
2022-06-10,2267.460693359375,2278.310162198603,2244.367355861872,2248.3324808889665,324452
2022-06-13,2264.715576171875,2276.480105840907,2210.4680226980054,2230.9034039053295,625967
2022-06-14,2228.81201171875,2278.7457339897455,2204.759999350893,2262.2318627117206,509259
2022-06-15,2270.3798828125,2290.161678197117,2228.811922300437,2237.003435286149,673444
2022-06-16,2195.2177734375,2286.8939204377116,2188.24620008759,2283.625995429941,493824
2022-06-17,2150.20751953125,2194.30280800319,2139.96802072504,2194.30280800319,725864
2022-06-20,2137.266357421875,2179.8800101831916,2121.0137510128475,2139.488588757272,377385
2022-06-21,2177.919677734375,2200.2724145527695,2148.1162413987367,2148.1162413987367,381831
2022-06-22,2199.923583984375,2225.2391532248043,2161.1878206373663,2174.2595211654148,873408
2022-06-23,2330.335693359375,2341.272179182625,2241.840238887054,2241.840238887054,1846048
2022-06-24,2405.149169921875,2411.9028815458773,2344.3657653058526,2365.9776850537673,1354569
2022-06-27,2401.271240234375,2447.8936359348063,2379.5723037862927,2429.2011478733093,1005184
2022-06-28,2411.031005859375,2433.688615017821,2379.0489616368213,2394.734998746515,714029
2022-06-29,2398.570068359375,2426.761457219951,2379.049745295077,2387.807828117331,653929
2022-06-30,2370.0732421875,2416.5213878663626,2365.1060391883548,2392.120883409003,643735
2022-07-01,2408.50439453125,2413.907321436064,2338.396551158339,2365.9777536819183,393346
2022-07-04,2405.5849609375,2439.179273221617,2386.805242309963,2396.4783856232393,499627
2022-07-05,2385.367431640625,2414.648125274441,2379.049443192586,2408.068660270548,401190
2022-07-06,2467.7626953125,2476.6514086968996,2382.6223991480233,2385.585232690979,739745
2022-07-07,2474.42919921875,2499.9626291455306,2461.9674693136453,2489.7231307952175,382303
2022-07-08,2483.012939453125,2509.7226937114756,2456.6516787465353,2482.2285098283737,532145
2022-07-11,2499.396240234375,2505.757630621444,2447.0658259683055,2453.1223376789644,428940
2022-07-12,2505.84521484375,2513.7318507505693,2469.68017348885,2487.5448324713907,422887
2022-07-13,2477.827880859375,2520.049427878472,2470.551216336913,2514.123548194707,539917
2022-07-14,2433.776123046875,2497.565972035549,2415.693605977881,2473.165467074978,620757
2022-07-15,2440.094482421875,2454.386123829496,2425.0184112963593,2440.007252645814,816619
2022-07-18,2455.693115234375,2471.292138370001,2444.6257850131205,2466.1504753342438,369313
2022-07-19,2441.09619140625,2480.8778566435085,2425.6280141419547,2453.122197126214,661056
2022-07-20,2463.36181640625,2473.819176199962,2448.765085027527,2457.4795515222872,201509
2022-07-21,2481.705810546875,2487.108737221689,2453.165932780929,2457.479551144065,314132
2022-07-22,2502.446533203125,2512.7294344876073,2475.170207804279,2484.5382602200348,576270
2022-07-25,2473.90673828125,2506.1066537536212,2467.457904555553,2505.4094537892815,421977
2022-07-26,2440.7041015625,2481.618477495145,2427.5451726028987,2474.9083811255914,347002
2022-07-27,2455.52978515625,2460.295061902161,2409.464653303465,2440.042312560184,498259
2022-07-28,2453.8974609375,2481.5189633272803,2430.6883322378467,2469.1643169949252,294368
2022-07-29,2486.85791015625,2512.2290581763937,2461.751547639815,2470.9291984835827,400652
2022-08-01,2506.93408203125,2566.236336680641,2488.5785658319837,2501.771519039985,961562
2022-08-02,2445.734375,2496.476668398817,2419.789705945685,2493.961744864321,1137765
2022-08-03,2472.60546875,2477.8121981022828,2426.2755527523623,2458.5742089413034,600314
2022-08-04,2477.1064453125,2495.594246907382,2452.5294391112607,2488.4902825905924,396416
2022-08-05,2445.072509765625,2479.6654735233815,2436.512548609821,2477.9888578400496,512072
2022-08-08,2416.259765625,2465.016490180827,2409.1558015820347,2444.4547876858005,675310
2022-08-10,2449.264404296875,2457.692080913471,2411.7150620895627,2457.692080913471,895054
2022-08-11,2457.95654296875,2486.8134192580696,2442.1601183825082,2462.4130827819827,422152
2022-08-12,2437.306640625,2466.5166376109346,2428.4379427836907,2462.060097555365,435760
2022-08-16,2485.931396484375,2511.214212154428,2454.603542535069,2475.3416993747505,1213957
2022-08-17,2571.0458984375,2584.76842325519,2478.0331502666886,2484.1663064060635,2510869
2022-08-18,2566.412841796875,2593.240201552028,2561.956301537675,2583.8417168661645,805655
2022-08-19,2505.036865234375,2591.740009502383,2499.918684037972,2569.7664743861546,510610
2022-08-22,2453.76513671875,2502.389364738646,2440.5280158597698,2501.8158423472623,570304
2022-08-23,2473.929443359375,2479.7538624539156,2432.232514533415,2448.86724850876,396875
2022-08-24,2476.532470703125,2492.1080598983367,2453.2791807781077,2454.470607566631,324008
2022-08-25,2470.752685546875,2489.5052727503244,2463.781006211898,2478.077268579454,363945
2022-08-26,2494.53515625,2507.022086064801,2485.9751954426592,2501.815571935527,475372
2022-08-29,2494.800048828125,2499.1240885144784,2436.6008876664723,2461.133511034968,339203
2022-08-30,2504.197998046875,2527.407121899708,2498.770865720555,2507.9926817175174,918526
2022-09-01,2538.57080078125,2543.4685785353345,2464.6635434566065,2488.578694393961,838699
2022-09-02,2493.123046875,2549.4691366453003,2488.666722473177,2548.851447510702,776170
2022-09-05,2508.036865234375,2513.287545774487,2478.032730207573,2495.638054582251,930716
2022-09-06,2529.657958984375,2532.4818350069145,2495.4620634859803,2508.0373282821643,481401
2022-09-07,2519.24462890625,2537.114741432864,2498.2858549552825,2506.2281271893335,551689
2022-09-08,2521.49462890625,2535.790673833411,2511.522623187711,2531.8637050912307,519141
2022-09-09,2504.860107421875,2539.982641304093,2499.7858782244466,2534.1142711071006,522672
2022-09-12,2522.024169921875,2532.6138655281634,2507.419387089862,2512.405282591993,313906
2022-09-13,2532.702392578125,2561.8240577192673,2499.168353930749,2502.698252735736,766550
2022-09-14,2516.37646484375,2532.4374603865213,2497.4032598659696,2497.4032598659696,519643
2022-09-15,2462.368896484375,2519.4649594818266,2441.4101249300165,2519.4649594818266,1010823
2022-09-16,2369.62060546875,2474.7234099717903,2356.2070354724915,2474.7234099717903,1906557
2022-09-19,2386.564453125,2404.699351000378,2351.662751674182,2381.4902236837197,534862
2022-09-20,2445.82275390625,2491.446651986488,2395.6098151101683,2398.522024657401,1009201
2022-09-21,2450.3232421875,2477.9447428528956,2442.3370186652905,2457.691991969161,447919
2022-09-22,2450.587646484375,2470.3552055759187,2411.8029332921415,2450.3228610310994,328914
2022-09-23,2437.439208984375,2481.739394394608,2420.0984524243613,2462.898473982949,408930
2022-09-26,2401.5224609375,2431.085361539923,2356.3837535847547,2417.980526884759,610918
2022-09-27,2328.188720703125,2413.5681421863155,2320.9083049177366,2413.5681421863155,740040
2022-09-28,2286.80078125,2316.4959671834913,2272.4605681198163,2294.434100829363,923391
2022-09-29,2238.220703125,2298.2731516537733,2228.248695576004,2294.478467221226,1057406
2022-09-30,2249.6044921875,2287.5067379689917,2215.011526575194,2249.428040334729,706844
2022-10-03,2228.73388671875,2271.4455734332723,2224.23317984211,2240.1618903021686,658511
2022-10-04,2313.671875,2319.0548406182324,2260.105711591386,2276.784394816114,391128
2022-10-06,2335.115966796875,2350.6032226177135,2321.128659156782,2342.087429484687,463669
2022-10-07,2316.451904296875,2413.4799537862505,2303.1706170661955,2369.3562190982284,1065099
2022-10-10,2268.401123046875,2294.257673782937,2233.896277516947,2294.257673782937,1076512
2022-10-11,2248.677490234375,2272.813255912349,2236.0141094187225,2272.3720186271785,407068
2022-10-12,2250.354736328125,2263.062286306139,2220.394762227677,2250.3105695018817,401910
2022-10-13,2247.177490234375,2271.75449498766,2234.425774853721,2252.957742180707,239037
2022-10-14,2237.8671875,2281.196775291069,2231.8223659328587,2272.813266832553,250851
2022-10-17,2253.575439453125,2267.9598191388013,2225.203966027109,2227.36598580013,257635
2022-10-18,2260.89990234375,2291.5658943837366,2236.8083029177205,2264.871038003604,454003
2022-10-19,2242.544677734375,2271.4898911541295,2234.602405387682,2271.4898911541295,375698
2022-10-20,2264.032958984375,2267.959928221868,2208.613505975595,2238.352859610166,364460
2022-10-21,2267.827392578125,2274.1369996654034,2248.5010699478535,2268.842152169093,360297
2022-10-24,2278.461181640625,2285.609312387487,2272.3721928176756,2282.0794138355373,35097
2022-10-25,2281.7265625,2296.1990607158145,2264.4741398420106,2282.167799829115,410336
2022-10-27,2303.9208984375,2312.0837896796897,2274.181543163649,2292.6693456442117,473043
2022-10-28,2338.42529296875,2360.045919633031,2311.2008666837546,2315.48095446788,717856
2022-10-31,2362.252197265625,2377.5188353456183,2344.293753143133,2354.4422109489474,511816
2022-11-01,2358.98681640625,2374.6067886919022,2329.115181407169,2374.0772177694453,368266
2022-11-02,2333.21875,2344.9115388229493,2321.2172243259433,2338.513597768883,565598
2022-11-03,2335.3369140625,2354.7953080520906,2319.1434177933384,2328.8506391006927,311401
2022-11-04,2284.638671875,2327.262243109363,2271.0044808064727,2312.9661960137432,855256
2022-11-07,2313.01025390625,2316.4959857285253,2285.609372585478,2293.5516445365474,314060
2022-11-09,2339.8818359375,2344.3383765837484,2313.892997236268,2320.908628518056,459177
2022-11-10,2393.71240234375,2402.095911218318,2317.687300149856,2339.83728380234,706321
2022-11-11,2354.883544921875,2410.8765169813637,2347.4266774045277,2405.71416967608,474615
2022-11-14,2372.44482421875,2389.741413985106,2343.764397352237,2356.648613754515,352558
2022-11-15,2409.8173828125,2430.379082963153,2375.621493923373,2377.8276803033164,1012827
2022-11-16,2417.4951171875,2431.217640972955,2390.667974224894,2409.6411790455536,647740
2022-11-17,2421.51025390625,2440.130553772515,2406.6846378335713,2418.862830159268,517393
2022-11-18,2403.110595703125,2417.186237784383,2384.9759152209167,2413.5680057830264,469583
2022-11-21,2362.781494140625,2402.5370166050643,2351.7947288347095,2395.91845733067,467604
2022-11-22,2369.84130859375,2374.606800576032,2353.5596957453827,2356.030667649393,361527
2022-11-23,2346.36767578125,2380.4752328832533,2337.454596144399,2374.7391479847392,264132
2022-11-24,2358.943115234375,2365.605626602564,2334.8515137694194,2351.7949842625153,498023
2022-11-25,2389.873779296875,2397.46314791723,2350.471370011058,2358.8548796844593,423634
2022-11-28,2456.368408203125,2474.459140147858,2393.3156319048494,2400.287096084867,1223958
2022-11-29,2495.858642578125,2504.4186026116827,2447.1902573922366,2456.058954249134,731879
2022-11-30,2516.729248046875,2524.7598531577855,2488.666727874467,2499.1239227091583,1379225
2022-12-01,2534.290283203125,2545.0564288904097,2494.4024793489248,2519.4646686831206,782249
2022-12-02,2488.975341796875,2528.2896267261212,2482.400949382401,2528.2896267261212,526214
2022-12-05,2495.32958984375,2499.9625821869045,2458.2656510985153,2479.753997002604,397713
2022-12-06,2469.8701171875,2492.99091014957,2451.5587680244544,2490.34348617419,339117
2022-12-07,2435.23291015625,2472.6939151386296,2427.6877089744357,2464.79581028371,340800
2022-12-08,2434.04150390625,2452.220567631681,2422.6135004315524,2426.805254962852,190468
2022-12-09,2428.129150390625,2455.2652475647164,2410.170703967788,2437.3951347915345,254995
2022-12-12,2445.734375,2448.778869514346,2414.4948579388515,2427.6878111329606,166357
2022-12-13,2435.14453125,2484.210205982417,2424.9519063656335,2456.720992479252,440848
2022-12-14,2424.466796875,2455.8385980785533,2407.037922673954,2437.792034716926,438317
2022-12-15,2445.20458984375,2456.632591694339,2413.2148887564153,2416.6564531770046,299314
2022-12-16,2404.61083984375,2442.3805778499914,2397.815613517987,2422.480949303613,271086
2022-12-19,2453.809326171875,2457.6921288138083,2390.6682160027094,2404.6113598589955,276490
2022-12-20,2446.705078125,2462.6337882836656,2420.9808133956567,2444.45472472926,234062
2022-12-21,2433.37939453125,2469.2079472890937,2415.3328331495422,2446.704846359129,328455
2022-12-22,2407.1259765625,2467.8844402952955,2397.948326698702,2433.1589778382036,483991
2022-12-23,2326.953369140625,2400.331050175463,2319.716904645736,2395.9186769214643,328855
2022-12-26,2370.591552734375,2380.9164624284917,2304.670743435738,2334.145308792943,175951
2022-12-27,2384.75537109375,2398.78663134645,2369.885587595288,2378.2249296491723,181947
2022-12-28,2379.681396484375,2406.287922893538,2369.444603637719,2371.7391240699467,225857
2022-12-29,2402.272705078125,2422.3931723313385,2357.487111819176,2375.269107179914,243791
2022-12-30,2416.966064453125,2439.910408040807,2402.8904197784855,2414.318640193008,211762
2023-01-02,2396.712890625,2426.452459617343,2391.5063762065224,2416.9658568334976,131296
2023-01-03,2400.683837890625,2417.8920927499694,2384.44639127943,2384.6228431114837,136701
2023-01-04,2390.88818359375,2407.3904134999407,2380.6955601244376,2388.8584491731453,178937
2023-01-05,2441.939453125,2445.4254000818214,2384.4463202933835,2389.652834147434,258988
2023-01-06,2420.230712890625,2449.1759223288486,2412.4648934636043,2441.807173374959,162618
2023-01-09,2428.879150390625,2446.5725944827636,2418.2011211166664,2432.982571268552,110658
2023-01-10,2393.3154296875,2433.9092637921453,2371.8270856725057,2426.8052997342497,206381
2023-01-11,2377.166015625,2400.330974477958,2368.6060548717737,2393.359511135659,150551
2023-01-12,2377.607421875,2382.946436812907,2350.0300879477127,2373.856904460889,163626
2023-01-13,2407.787841796875,2422.3045062542096,2367.944198751524,2367.944198751524,196440
2023-01-16,2434.39453125,2440.0422825421847,2391.50617927281,2410.9206205805604,362194
2023-01-17,2441.675048828125,2443.572283128819,2408.890986616715,2440.042384561641,254062
2023-01-18,2444.410400390625,2458.8831126565547,2424.554722498134,2441.7188098533975,159791
2023-01-19,2444.0576171875,2453.0588151861098,2428.217240911098,2437.394890743425,140565
2023-01-20,2423.67236328125,2442.248497016612,2408.582176633467,2442.248497016612,300399
2023-01-23,2448.51416015625,2481.518624675114,2426.8493652047296,2428.0847434902,434312
2023-01-24,2446.131591796875,2459.4570462568067,2437.6157969224487,2450.6322990510057,129633
2023-01-25,2457.69140625,2464.7512020309696,2440.9243912701977,2452.396559414273,356744
2023-01-27,2414.583251953125,2479.8424334501888,2395.566093047932,2460.339654884731,464092
2023-01-30,2384.71142578125,2439.9983795775206,2366.003005223918,2403.02277581302,459196
2023-01-31,2438.498046875,2446.2196999683347,2369.0915026780785,2404.2579877829753,579601
2023-02-01,2406.72900390625,2491.0936671404847,2360.663869984592,2449.3525728510613,408279
2023-02-02,2348.220703125,2394.3300001766966,2324.9676270863274,2372.974158316016,453723
2023-02-03,2342.30859375,2368.6945024669826,2313.01047528265,2360.002255490689,328028
2023-02-06,2378.26904296875,2386.917337123671,2334.233646682552,2340.3668020525756,252416
2023-02-07,2340.8525390625,2378.0929293257286,2307.7155700867006,2370.3271086649393,421543
2023-02-08,2307.362548828125,2371.1655171700518,2287.418748488274,2346.5445575049644,793670
2023-02-09,2258.42919921875,2306.7888556556686,2249.5163340567,2306.7888556556686,1266011
2023-02-10,2279.697021484375,2285.3006067717283,2250.575355287252,2258.42929423397,283858
2023-02-13,2260.503173828125,2296.199233347652,2254.767088118379,2289.095268725226,327921
2023-02-14,2243.69189453125,2274.2256049191824,2237.9999758824956,2271.8427509029357,409279
2023-02-15,2269.724853515625,2272.372277528279,2238.838240034658,2245.898037401736,643367
2023-02-16,2256.222900390625,2285.6093494010784,2247.2217020269677,2285.6093494010784,433077
2023-02-17,2295.928955078125,2299.143508030925,2257.354761780957,2257.354761780957,705628
2023-02-20,2288.59423828125,2304.032978618074,2276.1889958739175,2299.9582494360025,182493
2023-02-21,2282.3466796875,2304.485999992445,2278.679378774455,2299.95852258578,203273
2023-02-22,2263.24072265625,2295.114120597404,2259.21131182476,2270.077258013897,310260
2023-02-23,2259.6640625,2275.1481242668074,2248.164313648631,2264.236859074147,294710
2023-02-24,2250.744873046875,2271.48085330022,2246.896517048941,2260.1168401985537,255112
2023-02-27,2207.190185546875,2252.8723807253555,2200.3536515926908,2250.7443782728747,293892
2023-02-28,2190.484130859375,2238.3847517225886,2182.561045674273,2216.607541943034,542868
2023-03-01,2201.35009765625,2212.985581657407,2186.1377297393237,2186.771532346648,293122
2023-03-02,2230.55224609375,2248.616835629044,2210.223696925207,2212.578073460126,525446
2023-03-03,2228.922119140625,2244.5419139010364,2224.80207109163,2241.734789893624,197868
2023-03-06,2245.35693359375,2256.2681975446917,2228.605268436902,2238.3846631204888,203422
2023-03-08,2243.86279296875,2246.5339600336665,2209.9520363749493,2224.8020716657475,286894
2023-03-09,2212.849853515625,2255.634514080941,2209.40892654752,2251.061717785711,244591
2023-03-10,2209.6806640625,2212.8498982425067,2177.9883222624303,2188.582575164807,224485
2023-03-13,2161.462646484375,2211.128932114777,2155.07886026868,2211.128932114777,249618
2023-03-14,2149.148193359375,2183.602340435796,2144.575396991799,2168.616346093926,302570
2023-03-15,2154.5810546875,2180.2972575164135,2146.069486080738,2173.1890299702645,217071
2023-03-16,2146.884033203125,2167.755744041726,2141.4963803920973,2145.4804712771797,577586
2023-03-17,2132.5771484375,2151.0493850344405,2108.717480135208,2150.551318410224,628419
2023-03-20,2118.270751953125,2133.7545906488044,2086.261401142854,2132.57740241542,352432
2023-03-21,2127.05419921875,2133.664360429283,2110.709961608691,2123.341579327452,291142
2023-03-22,2130.811767578125,2145.345013210797,2124.2922448000545,2127.0540500310212,166790
2023-03-23,2139.2333984375,2158.5658183173528,2134.2531725363756,2141.4971374834654,371585
2023-03-24,2094.727783203125,2153.901772443285,2086.351951108251,2139.6855394796803,272040
2023-03-27,2090.426513671875,2110.6188817722577,2079.5152512202594,2100.703752566321,238881
2023-03-28,2036.911865234375,2090.4267308278518,2033.7426313920455,2083.5448774857955,456838
2023-03-29,2086.39697265625,2096.67443306161,2037.3644890471273,2037.3644890471273,712847
2023-03-31,2125.5146484375,2134.16195237962,2095.9954109032105,2095.9954109032105,302919
2023-04-03,2201.35009765625,2204.4286937879565,2147.880546616489,2159.606668590789,787785
2023-04-05,2202.345947265625,2210.8124179889132,2190.4840897378303,2210.133296414368,289012
2023-04-06,2197.13916015625,2207.7787305786146,2182.515498598749,2202.3457584480457,211340
2023-04-10,2228.10693359375,2234.626676643637,2188.717887830267,2200.353590925606,261131
2023-04-11,2236.43798828125,2244.587447195227,2216.6981435870844,2240.19570590874,575155
2023-04-12,2243.183837890625,2250.156108379001,2217.7393282780463,2241.101154220534,464883
2023-04-13,2215.79296875,2243.184209618484,2207.5981896649514,2243.184209618484,458472
2023-04-17,2232.906494140625,2235.6682995181145,2190.8462740721257,2200.353976439457,656224
2023-04-18,2209.136962890625,2241.055674002821,2195.8262254489664,2237.4336926000187,397381
2023-04-19,2214.79638671875,2220.365315962318,2192.294959103468,2204.8812564935397,247426
2023-04-20,2217.15087890625,2229.5561220811783,2202.0291494418534,2218.463803065849,315314
2023-04-21,2226.930419921875,2242.368941159052,2217.1510244242945,2219.3241251712084,699932
2023-04-24,2264.689208984375,2285.470283233575,2212.48726896294,2227.4732613491306,686216
2023-04-25,2261.701171875,2294.5253806550895,2258.1698281852564,2268.175375662269,538138
2023-04-26,2268.40185546875,2285.470533258929,2256.539997624071,2272.793596862089,560280
2023-04-27,2271.571044921875,2288.0512387684425,2261.067430469013,2263.7385978007733,685268
2023-04-28,2316.800537109375,2324.406609773678,2277.456586513219,2281.8483274755235,721370
2023-05-02,2260.02587890625,2299.912995462952,2232.951654891822,2299.912995462952,997629
2023-05-03,2266.13818359375,2280.037627694239,2244.63266585835,2254.6837541535565,863935
2023-05-04,2276.868408203125,2293.3937008854505,2267.6323984244586,2270.93736853363,684323
2023-05-05,2306.523193359375,2319.879250716152,2275.102546706566,2297.2418653656823,1527593
2023-05-08,2332.873291015625,2347.0442063807186,2323.5013246809117,2323.5013246809117,855245
2023-05-09,2346.63671875,2357.9100926058427,2331.877099071888,2342.9240990709136,556418
2023-05-10,2341.65625,2358.0455828855543,2329.0246343189274,2354.2878656810726,549062
2023-05-11,2341.113037109375,2357.9100209886624,2331.695973379102,2354.2880393896016,506829
2023-05-12,2359.630126953125,2366.9647273511523,2341.791913657651,2349.7603165555624,718178
2023-05-15,2437.5029296875,2462.94743834177,2359.720964823034,2378.736367839643,1383562
2023-05-16,2432.16064453125,2460.7290686164342,2427.2257388146263,2444.792261148289,602177
2023-05-17,2465.618896484375,2504.962631250632,2428.90101020778,2434.832049871792,1169727
2023-05-18,2476.66552734375,2498.3974158246397,2466.7957164192935,2485.630063983038,610410
2023-05-19,2456.609130859375,2484.724808509505,2415.1373954576143,2481.64599136989,458137
2023-05-22,2437.7294921875,2464.7586198515905,2427.7239442994796,2454.390741141907,241924
2023-05-23,2454.300048828125,2461.272319439112,2421.3401035389747,2437.7294382130844,224454
2023-05-24,2479.880126953125,2485.3584181582432,2450.2704725516737,2454.797949404134,402069
2023-05-25,2474.5380859375,2498.2620232421373,2453.0325683398196,2480.1067946986595,208718
2023-05-26,2485.720703125,2490.0218064380697,2457.1524990264506,2476.031946191308,167210
2023-05-29,2514.470458984375,2530.6789616777796,2477.4810990754404,2499.1676728928724,462628
2023-05-30,2516.50732421875,2530.8595140045177,2499.348231476975,2514.4248617594612,399817
2023-05-31,2499.0771484375,2523.6161669416297,2480.1976983440677,2516.417521335695,773286
2023-06-01,2535.74951171875,2546.8418316022626,2487.260404511127,2498.126350519466,552629
2023-06-02,2619.281494140625,2637.3914043099708,2567.9852620132488,2567.9852620132488,2090599
2023-06-05,2599.315185546875,2643.865515045447,2594.244322875923,2635.036934889063,620625
2023-06-06,2630.283203125,2636.8027260912513,2590.5771395812612,2598.7719175418583,729992
2023-06-07,2678.455322265625,2697.470725162034,2632.3656960535163,2642.190188242403,996180
2023-06-08,2684.61279296875,2740.0290669633555,2669.581480975176,2696.157859262135,1150017
2023-06-09,2625.30322265625,2739.123966056934,2614.4372763446195,2705.529993616178,826404
2023-06-12,2653.463623046875,2660.571850340892,2606.1063906364643,2631.6413166192356,617327
2023-06-13,2673.429931640625,2676.5538466529447,2629.604041361636,2641.3301629382045,973087
2023-06-14,2654.550537109375,2687.1030541694786,2647.3516714612965,2673.429984511769,304861
2023-06-15,2574.368896484375,2681.5341508982715,2544.4422274953836,2662.0659986238406,951322
2023-06-16,2564.408447265625,2576.043931220165,2539.9147509969116,2574.3235782831443,1029235
2023-06-19,2519.6318359375,2560.4695498475226,2514.6062917602644,2553.497278796371,671364
2023-06-20,2536.02099609375,2544.0800380283354,2485.630264050046,2512.749807852686,872568
2023-06-21,2556.71142578125,2562.5518265433006,2535.3869661912513,2536.29246153632,407191
2023-06-22,2558.06982421875,2591.5278350381823,2550.599487168063,2562.5519822355195,578572
2023-06-23,2514.017333984375,2571.3805558613712,2503.6947748769053,2558.2508725934813,381689
2023-06-26,2581.793701171875,2588.811290364012,2512.7496784750383,2514.017283579238,583691
2023-06-27,2575.319580078125,2595.964698540047,2560.2429488837042,2587.905877830631,415101
2023-06-28,2561.420166015625,2590.939405096773,2530.8596956301094,2580.6619436657643,781032
2023-06-30,2635.08203125,2644.0463465318544,2567.079243978701,2571.561401619628,962194
2023-07-03,2624.804931640625,2636.667010444626,2591.890083656582,2603.2994147362815,818522
2023-07-04,2743.469970703125,2752.615341480756,2640.152858507787,2672.207527883061,2177103
2023-07-05,2859.735595703125,2872.231476732313,2743.832181761846,2761.7610353195314,3069147
2023-07-06,2872.322265625,2903.788233172562,2823.968674939752,2842.3502771739877,1676341
2023-07-07,2850.6806640625,2872.231499476504,2830.578709761523,2852.3106000476,931135
2023-07-10,2828.49609375,2885.2255163494533,2794.268321516691,2858.1510697458734,570281
2023-07-11,2809.39013671875,2832.3896316172563,2792.7288885977196,2806.130264827966,663715
2023-07-12,2787.884521484375,2819.0787929141775,2768.506787834171,2806.9450222580967,739038
2023-07-13,2782.677978515625,2835.060754319464,2766.7411711837963,2787.884577021371,665215
2023-07-14,2839.9052734375,2845.5193007161215,2782.6780082461282,2787.92970472303,811153
2023-07-17,2799.4296875,2859.0111084003074,2777.15441207013,2847.4660419660413,909246
2023-07-18,2821.885986328125,2825.1458584382303,2794.2683745709564,2806.130453621819,578275
2023-07-19,2804.00244140625,2846.560728233039,2791.1897690122846,2829.673326249275,486164
2023-07-20,2795.400146484375,2807.2169061364,2762.666574904195,2803.368550533862,735511
2023-07-21,2808.89208984375,2829.3110556186057,2761.308261681472,2788.065695346726,749722
2023-07-24,2837.867919921875,2856.838004454132,2798.0261220784573,2834.1099813479877,784541
2023-07-25,2843.527587890625,2878.570219835401,2832.5256848278505,2878.570219835401,748386
2023-07-26,2848.416748046875,2888.439599283504,2830.6691713931086,2865.847533961303,509747
2023-07-27,2872.45361328125,2892.5986524039113,2836.604689901104,2845.532604966829,524436
2023-07-28,2905.006103515625,2907.295312423045,2867.4172485446816,2881.610343770684,445865
2023-07-31,2933.5751953125,2957.6577161645146,2905.4637564674936,2920.80145515039,933273
2023-08-01,2840.5419921875,2970.477396786231,2776.581407646439,2953.033580679073,3043469
2023-08-02,2741.052978515625,2813.8956522994417,2721.274347243929,2802.9074492966456,2692656
2023-08-03,2703.46435546875,2766.784014857556,2685.7460107345196,2721.4118446741636,1250490
2023-08-04,2696.413330078125,2733.315422197803,2675.1236873424136,2725.989953729601,642027
2023-08-07,2704.974853515625,2714.9557141165874,2682.6320422661965,2701.266290676639,444210
2023-08-08,2808.309814453125,2828.317589616544,2728.737002689535,2751.6290916382727,2020469
2023-08-09,2801.716796875,2821.541479042559,2750.8049277425857,2820.167953774598,548711
2023-08-10,2779.923583984375,2804.647039691736,2758.954520232575,2794.11667892749,476401
2023-08-11,2745.402587890625,2814.216346145114,2728.7371906988137,2788.1649682820726,816082
2023-08-14,2756.802978515625,2769.9431287303487,2703.2813121939193,2756.1162157564354,526850
2023-08-16,2730.339599609375,2762.4801836895344,2706.7607466908066,2751.6292435067235,753515
2023-08-17,2738.855224609375,2744.6696808013025,2711.109969369884,2744.6696808013025,565973
2023-08-18,2680.251708984375,2737.6191967359996,2673.7960949344647,2737.6191967359996,560922
2023-08-21,2684.32666015625,2696.0932846571145,2666.837012757219,2682.0374509969834,328451
2023-08-22,2707.447509765625,2715.551399124075,2673.7961371491083,2692.1098093213623,255764
2023-08-23,2702.869140625,2724.158784910435,2687.348347889314,2718.664683159355,325912
2023-08-24,2680.892578125,2720.9079055133034,2673.7960304414655,2705.84495546388,273751
2023-08-25,2665.463134765625,2696.6880329908986,2646.3254381472652,2684.601054939537,429528
2023-08-28,2684.555419921875,2702.3654214007433,2666.3334055301875,2678.374555562884,303029
2023-08-29,2736.19970703125,2740.640861665325,2690.324095367913,2699.4351019677174,590653
2023-08-30,2702.960693359375,2754.3762374927405,2694.0783836958817,2754.3762374927405,415898
2023-08-31,2670.08740234375,2715.0017251728127,2646.3712878260135,2715.0017251728127,920121
2023-09-01,2680.572021484375,2698.6567721813776,2662.8078494624556,2685.65411006224,331811
2023-09-04,2694.719482421875,2714.955955178219,2676.3141532493096,2701.266530522783,643279
2023-09-05,2687.851806640625,2723.1512287632786,2681.3045351035375,2715.0017345640435,306742
2023-09-06,2690.2783203125,2705.8449409541995,2670.911702289315,2705.8449409541995,275916
2023-09-07,2711.247314453125,2718.1607699174724,2683.5022819302726,2692.109617816717,242002
2023-09-08,2755.06298828125,2771.7742137191003,2710.5606765971324,2719.397157331854,569352
2023-09-11,2796.818603515625,2801.076443305998,2764.494924136739,2773.5142744645036,486566
2023-09-12,2765.41015625,2810.5075711912395,2756.20749184022,2810.5075711912395,429664
2023-09-13,2741.9228515625,2779.008036945175,2733.407173022781,2765.4102697715325,290774
2023-09-14,2745.58544921875,2773.559626202233,2725.074227253045,2753.277325122554,311245
2023-09-15,2806.433349609375,2841.3665942413772,2751.583760434103,2760.420242499923,949607
2023-09-18,2852.03369140625,2864.258156271639,2781.8466364300634,2808.172538601678,897322
2023-09-20,2803.68603515625,2868.699573424655,2791.2326482628887,2851.988347038762,575906
2023-09-21,2747.920654296875,2804.6930374883627,2737.8939635894917,2799.244764780293,585566
2023-09-22,2767.8369140625,2783.6782858609163,2738.031366652446,2756.207776460973,323540
2023-09-25,2723.8837890625,2767.836599100868,2718.114938033854,2760.9689725323733,408884
2023-09-26,2778.5048828125,2782.7627225313545,2719.626377075135,2724.158966610984,372568
2023-09-27,2752.86572265625,2778.184287003178,2747.0510418620743,2778.184287003178,222370
2023-09-28,2719.580078125,2763.7159794629224,2710.469071732627,2753.00252689657,331995
2023-09-29,2799.473388671875,2811.1483533314763,2721.5486331687102,2733.3610844870445,375842
2023-10-03,2761.33544921875,2806.478470148136,2739.267385870576,2800.160342969153,387906
2023-10-04,2737.02392578125,2765.364286589994,2725.1200397793723,2761.6557235475298,307263
2023-10-05,2762.296875,2791.782066111173,2741.007231049652,2765.364504518299,537209
2023-10-06,2781.846923828125,2788.2567093668995,2767.6538272779817,2783.678291124918,180660
2023-10-09,2705.936767578125,2792.7892252092183,2677.413088547974,2766.3718867816337,976306
2023-10-10,2725.806884765625,2749.8894072694784,2715.917457538863,2724.1586096352385,467743
2023-10-11,2839.397705078125,2848.691804603734,2735.650703934479,2747.0509205436197,1048795
2023-10-12,2827.85986328125,2868.012678358745,2806.5243907989225,2854.1399377561393,927642
2023-10-13,2837.19970703125,2856.0170490678975,2820.351218799466,2823.968124182557,374642
2023-10-16,2894.4755859375,2906.654221377166,2838.4816285137586,2842.2816256722554,966651
2023-10-17,2905.418212890625,2918.7872827761375,2899.512098424464,2913.7968519033525,416816
2023-10-18,2887.287353515625,2915.5362790587474,2883.4873563932147,2902.7167099925346,344063
2023-10-19,2990.4853515625,2998.8637670160592,2873.460943668287,2883.945476096818,1129769
2023-10-20,2940.48876953125,2989.7067598348094,2933.438050980269,2985.1283421321527,458086
2023-10-23,2884.26611328125,2960.1761952569977,2874.7428695877284,2935.269645733794,313646
2023-10-25,2876.02490234375,2903.6326732490097,2829.4623022199435,2884.4033177970296,391029
2023-10-26,2849.5615234375,2866.135485956495,2824.883895222761,2865.17397346905,461475
2023-10-27,2849.790283203125,2887.058558762598,2842.327551735782,2861.694169284638,314423
2023-10-30,2848.096435546875,2864.761831541623,2797.4132613406255,2849.83614487966,265215
2023-10-31,2827.951416015625,2874.880198533122,2820.44263196838,2852.400122391678,207132
2023-11-01,2831.70556640625,2879.504203290743,2816.2306037410062,2834.9104588503997,473455
2023-11-02,2794.758056640625,2884.357564423445,2785.051720878986,2874.330873529225,1268028
2023-11-03,2828.912841796875,2847.959105504997,2813.025865372615,2824.8839233543504,411691
2023-11-06,2899.87841796875,2907.5244657530106,2834.6817877844665,2847.7761084928316,850503
2023-11-07,2866.318359375,2912.972390347991,2858.123036522367,2907.249368306271,355269
2023-11-08,2868.012451171875,2899.4202171593433,2863.2051126771958,2893.8346818036157,459324
2023-11-09,2906.2880859375,2926.5247829010636,2870.6680833525766,2879.8249193441316,604807
2023-11-10,2843.380615234375,2911.0039372139145,2834.1779505205404,2906.242427296753,820659
2023-11-13,2855.833984375,2872.4535518736748,2840.5421133517316,2840.5421133517316,386501
2023-11-15,2909.905029296875,2913.3388425745725,2866.181140227531,2879.778906673881,570652
2023-11-16,3003.488037109375,3020.8401966195224,2910.134138793704,2917.367949812003,963718
2023-11-17,3053.575927734375,3084.7549994608144,3003.488078826156,3012.3243362673024,947293
2023-11-20,3064.19775390625,3084.022213451135,3036.040484588072,3073.949694345445,677714
2023-11-21,3091.805419921875,3108.7455651220985,3049.2719649275587,3072.072395261316,742294
2023-11-22,3125.777587890625,3138.688592358296,3084.754918404675,3101.42031500834,775145
2023-11-23,3267.158935546875,3274.4844040122266,3131.5919400488483,3131.5919400488483,1726414
2023-11-24,3249.394775390625,3277.9640577950563,3234.8811015202823,3267.1589470594768,514405
2023-11-28,3316.605712890625,3322.099814016341,3255.300745873952,3259.8333345915585,659645
2023-11-29,3430.974609375,3468.7465558708727,3319.9938076546014,3328.5097093938725,1561256
2023-11-30,3497.041259765625,3556.9727026038577,3463.298231975287,3479.597443659328,2909100
2023-12-01,3442.97021484375,3539.1169894603972,3424.9771221591436,3534.538571621509,1060628
2023-12-04,3476.942138671875,3552.8522164516735,3464.946594601323,3552.8522164516735,1018705
2023-12-05,3485.778564453125,3502.4897902497414,3460.4600021889714,3477.766332906802,713163
2023-12-06,3443.931884765625,3502.489806891295,3415.087851061814,3466.045554516319,672675
2023-12-07,3454.553466796875,3490.5398751408197,3444.1605926036773,3461.283830333635,500651
2023-12-08,3402.451171875,3481.520536326868,3381.069871428548,3468.6093087701,779332
2023-12-11,3392.286865234375,3414.263269729201,3372.4624064352192,3402.451041735451,451738
2023-12-12,3431.203369140625,3474.0574020456256,3401.9931546443568,3413.668119376667,598126
2023-12-13,3537.560546875,3543.695582371092,3419.8952026024717,3424.6567126790396,1355603
2023-12-14,3556.194091796875,3576.5680494223366,3514.851071700457,3551.0205695074565,1067427
2023-12-15,3568.0068359375,3607.793242081321,3558.483592738773,3606.8775585173407,924599
2023-12-18,3561.7802734375,3615.6683425735378,3556.8356714331408,3571.166030312038,725829
2023-12-19,3499.605224609375,3584.717964888687,3479.551620962432,3582.8865978098183,560186
2023-12-20,3493.791015625,3576.5687293249007,3469.2964776436165,3529.4568495821036,595832
2023-12-21,3525.519287109375,3541.772671765411,3435.6908559042927,3456.751579683945,410786
2023-12-22,3603.855712890625,3611.455931087544,3525.5189402625415,3543.695348202027,573168
2023-12-26,3724.4970703125,3735.073260195285,3603.3064846647985,3616.9042514664725,1149831
2023-12-27,3721.613037109375,3751.510241882634,3682.8795746932565,3721.3382873081537,683058
2023-12-28,3821.37646484375,3835.798481095182,3712.318462053554,3721.6127844378125,1714818
2023-12-29,3790.517822265625,3839.8274729589493,3764.8786817718315,3823.8946679314604,383687
2024-01-01,3771.288330078125,3828.839130985162,3740.567325623993,3790.5176847508556,392408
2024-01-02,3743.49755859375,3771.655052170745,3685.809493183984,3767.1678449499764,507848
2024-01-03,3653.440185546875,3719.460836889331,3636.820394598205,3662.7342843712436,896596
2024-01-04,3614.157470703125,3668.365897067783,3598.4994147115417,3660.4453230642453,630734
2024-01-05,3653.852294921875,3696.6146741099283,3620.384014803599,3626.107037274044,593042
2024-01-08,3671.433349609375,3708.5185349589647,3656.8282410778716,3676.377951567095,508360
2024-01-09,3765.7490234375,3798.942555862937,3691.2124634961297,3706.6415989177785,1043602
2024-01-10,3789.144287109375,3824.810341655884,3741.5747930468615,3748.991695965813,511944
2024-01-11,3976.080810546875,4024.428717316632,3811.0744758752726,3822.978360590885,2133475
2024-01-12,4013.578369140625,4024.429308917952,3884.9248269556483,3884.9248269556483,905401
2024-01-15,4003.735107421875,4041.415400249697,3971.457258714356,4013.578706673104,490217
2024-01-16,4014.9521484375,4074.792163223016,3974.15862146812,3974.15862146812,972808
2024-01-17,4002.315185546875,4056.4777733924175,3974.9819445364524,3979.5603618879113,443836
2024-01-18,4023.513916015625,4039.6756428468484,3934.6009451083887,3968.5728975902866,570816
2024-01-19,4028.779052734375,4066.4137393649416,4005.2001992522655,4024.4295554901023,383901
2024-01-23,4069.480712890625,4175.51668134887,4030.5181124328847,4030.5181124328847,1399043
2024-01-24,4059.820068359375,4078.0881330648363,3947.4199185127045,4055.562229498195,596736
2024-01-25,4067.603515625,4102.307832094361,4009.3203481870833,4073.738774138928,664356
2024-01-29,4206.1923828125,4235.036414609299,4053.1359670018687,4072.960426417764,418127
2024-01-30,4201.4765625,4268.916564230849,4193.876121028043,4236.867641075963,709726
2024-01-31,4231.876953125,4245.932784446739,4137.195367471618,4182.384438179917,645505
2024-02-01,4199.96630859375,4320.058127933074,4189.2526312169975,4232.015235827103,660378
2024-02-02,4319.55419921875,4367.16974787143,4203.033457563874,4210.313321250426,994506
2024-02-05,4346.4296875,4371.794303330705,4303.713134849733,4322.026807763988,425966
2024-02-06,4380.126953125,4387.955869163965,4333.930536050302,4346.337870149747,261001
2024-02-07,4389.19140625,4411.076151540918,4331.3200326829865,4386.123777234106,265821
2024-02-08,4402.51513671875,4417.898889625123,4362.682899705265,4391.572985851843,444060
2024-02-09,4494.95361328125,4508.826130658265,4388.047550983453,4431.908706820878,718094
2024-02-12,4292.26611328125,4531.762937514954,4237.370712358704,4531.762937514954,1321957
2024-02-13,4344.7353515625,4422.6145097425815,4309.4815330831825,4329.352045979614,938269
2024-02-14,4408.146484375,4418.173398704597,4268.092945111761,4310.122733202599,735284
2024-02-15,4410.8017578125,4445.460020155803,4383.422463823459,4422.934564032479,530347
2024-02-16,4481.63037109375,4505.163620067429,4422.75209043205,4422.75209043205,848705
2024-02-19,4443.4462890625,4527.139679969813,4435.434057630515,4513.35882075125,524294
2024-02-20,4270.1533203125,4470.367455414305,4260.675905375412,4443.446446272589,1153742
2024-02-21,4243.48388671875,4323.116263839468,4218.358920224266,4299.441526366307,1112050
2024-02-22,4206.33447265625,4284.609830654743,4155.336122492168,4266.971317271946,1441798
2024-02-23,4228.88671875,4309.080648661226,4196.930958730507,4243.624776131272,819122
2024-02-26,4207.2236328125,4238.945451097865,4182.9407492860055,4233.28434909784,605090
2024-02-27,4145.41748046875,4228.652593119037,4124.784383816932,4212.557516661777,830187
2024-02-28,4093.951416015625,4172.69511637039,4069.621924565639,4154.728539920639,569688
2024-02-29,4142.095703125,4167.828817738337,4070.510857018807,4097.647596065599,1548190
2024-03-01,4217.51708984375,4234.266916207836,4164.085696602182,4173.349526208332,510674
2024-03-04,4315.396484375,4332.520518780674,4269.825297450587,4295.043931182024,570306
2024-03-05,4295.09033203125,4346.322618671492,4278.106569485726,4315.349217923638,442519
2024-03-06,4337.47998046875,4350.299932877521,4244.653893387761,4285.733209847074,353334
2024-03-07,4353.94921875,4401.766114651072,4323.911565233786,4351.235636294108,684934
2024-03-11,4371.54150390625,4421.416773850861,4304.962555636321,4398.023034306677,644170
2024-03-12,4359.56396484375,4395.216117987383,4335.328140224728,4366.488420890755,312738
2024-03-13,4222.19580078125,4385.624374687594,4188.929628834585,4347.4925790363395,700123
2024-03-14,4374.90966796875,4381.3196437381785,4168.764225827764,4168.764225827764,708629
2024-03-15,4290.69189453125,4380.10303121243,4211.4807926774765,4355.913815847903,1278695
2024-03-18,4261.5908203125,4288.072350043454,4236.652729061672,4267.485859765014,232124
2024-03-19,4249.9404296875,4302.202132342048,4219.856173666977,4261.403361434882,388757
2024-03-20,4220.6513671875,4294.107700364296,4192.157613147073,4250.174080114733,418716
2024-03-21,4229.4951171875,4252.982526814202,4159.594886436775,4236.887448679581,633619
2024-03-22,4383.05126953125,4432.037854072734,4227.342622388285,4247.180240410704,902115
2024-03-26,4371.02685546875,4420.995795045454,4335.8425774944435,4383.051329768468,551123
2024-03-27,4278.76220703125,4396.15219237762,4267.018730787984,4390.537694047636,693528
2024-03-28,4418.89013671875,4444.810583304985,4288.727733374836,4308.1911422181365,1086607
2024-04-01,4380.009765625,4472.648972332659,4362.558127662371,4435.452927215189,664163
2024-04-02,4267.76708984375,4384.408656592369,4231.460183899865,4351.236146646257,1342779
2024-04-03,4264.3984375,4307.489525611193,4235.670740819869,4290.318428354203,681469
2024-04-04,4232.3486328125,4295.090457715544,4176.016326834432,4290.411709940255,1378250
2024-04-05,4234.17333984375,4272.258531922664,4181.256881900192,4192.626148336111,605460
2024-04-08,4299.8623046875,4312.728859372481,4234.359844473054,4248.302419622634,711580
2024-04-09,4231.17919921875,4372.991870015491,4215.5519979499895,4318.484455169634,945922
2024-04-10,4206.1005859375,4259.251434839098,4188.321344381722,4259.251434839098,515061
2024-04-12,4155.4765625,4232.20802825203,4146.30639935664,4219.294866779303,438331
2024-04-15,4099.70654296875,4155.242919082686,4088.2436097740742,4145.37094305414,645166
2024-04-16,4045.15185546875,4160.763992723022,4012.5408905188065,4064.8962634154796,719918
2024-04-18,3978.15185546875,4116.0346422222,3959.7178635888667,4077.99651462294,1103254
2024-04-19,3942.96826171875,3978.105476341009,3900.3445934075658,3978.105476341009,674079
2024-04-22,4034.8583984375,4056.4743044520123,3936.6046955614997,3967.437826037124,619635
2024-04-23,4065.87890625,4088.1966271810547,4011.465154516962,4059.282053863828,547228
2024-04-24,4111.07568359375,4122.304679031524,4056.5682682395563,4079.8683423911384,658601
2024-04-25,4209.2822265625,4224.909427585379,4086.3248209820113,4118.233973599835,1103462
2024-04-26,4203.01318359375,4249.05179183699,4179.479171478104,4220.464823036099,497777
2024-04-29,4171.29150390625,4238.946022562345,4159.9688414708025,4238.946022562345,590104
2024-04-30,4251.1572265625,4293.406688408492,4178.122149798273,4178.122149798273,828084
2024-05-02,4268.42138671875,4327.841480559951,4258.876558960209,4327.841480559951,808478
2024-05-03,4260.23388671875,4285.686457976931,4226.640568285992,4283.393688749674,347594
2024-05-06,4219.9970703125,4288.260191438389,4178.590147453954,4278.200882495352,241049
2024-05-07,4189.1171875,4243.110124319278,4147.4297239346515,4237.963501315704,456294
2024-05-08,4317.455078125,4362.464726205747,4131.00696643549,4203.995436758109,1313834
2024-05-09,4458.7529296875,4605.759275053632,4336.123134191072,4355.91414574861,3589872
2024-05-10,4564.025390625,4636.031511150618,4468.017382227183,4480.931001936154,1520297
2024-05-13,4571.6513671875,4594.4840234125295,4426.657237905458,4592.659128892343,624906
2024-05-14,4719.40625,4726.470976337851,4589.898146772345,4599.115371220249,1335266
2024-05-15,4732.36669921875,4775.130642587148,4698.16523099538,4733.021906761865,882851
2024-05-16,4811.01611328125,4823.742398736163,4717.768760590518,4739.524937958166,1296732
2024-05-17,4762.216796875,4836.515219829537,4746.9172003370495,4805.073943539676,609690
2024-05-21,4729.13818359375,4793.6578440443645,4706.118652167549,4748.92919615257,480490
2024-05-22,4674.9580078125,4742.331973405335,4645.996377339224,4725.535086719654,422368
2024-05-23,4814.619140625,4824.2105742559725,4644.1719813532545,4678.74811266948,644911
2024-05-24,4789.44677734375,4864.166470891217,4753.654356769711,4777.095157330244,458258
2024-05-27,4757.25732421875,4799.272390090334,4725.535503999442,4796.652473960622,380940
2024-05-28,4850.87939453125,4889.29173342451,4720.856802895054,4758.240182740049,727224
2024-05-29,4813.26171875,4867.909400758245,4777.983778164425,4838.80749854717,409279
2024-05-30,4806.009765625,4853.686388723204,4767.363491355816,4799.459518670294,457454
2024-05-31,4790.66357421875,4856.4936476338235,4682.022958116789,4842.504008844685,1905070
2024-06-03,4829.029296875,4972.573188774735,4823.414799484588,4940.757703562402,962485
2024-06-04,4969.48583984375,5005.324868608979,4604.122206912195,4833.146933326861,1945233
2024-06-05,5294.93896484375,5404.141122900662,4973.508986152608,4973.508986152608,2058534
2024-06-06,5178.67236328125,5366.945370635748,5120.749552862966,5291.757796868866,1498100
2024-06-07,5223.2138671875,5275.194573420571,5182.181156858747,5225.13197105655,637134
2024-06-10,5354.546875,5413.311770750332,5222.465445265113,5226.161839177286,1018162
2024-06-11,5414.80908203125,5470.766729019284,5338.451818279317,5361.845559814284,1015127
2024-06-12,5418.17724609375,5482.556632594978,5405.450960787518,5427.347408952188,668529
2024-06-13,5442.31982421875,5464.777815240285,5362.781106017479,5446.250155411118,547596
2024-06-14,5431.27783203125,5487.937285679771,5391.414809003613,5448.869741167706,573273
2024-06-18,5385.0986328125,5515.822576715866,5368.114869093474,5449.805625740449,527069
2024-06-19,5284.83251953125,5408.444660278701,5263.59082357742,5403.765912879965,447054
2024-06-20,5150.92724609375,5304.764386161042,5142.879708297952,5304.764386161042,840321
2024-06-21,5101.70703125,5254.234222389719,5082.992038472121,5128.843770777926,669719
2024-06-24,5169.501953125,5178.438178855821,5043.690239254224,5043.690239254224,464982
2024-06-25,5155.97998046875,5221.342177410567,5121.778517445376,5208.288288525834,1118588
2024-06-26,5102.64208984375,5187.795295450898,5079.248352039588,5173.7590527684015,384494
2024-06-27,5132.7734375,5155.979842776505,5072.6981356971755,5109.098700555678,874237
2024-06-28,5221.1083984375,5245.110283555093,5101.80032811891,5146.6226411940615,539635
2024-07-01,5243.09814453125,5360.253708449515,5226.1609871035225,5235.518482156528,1018344
2024-07-02,5209.41162109375,5309.443160637608,5146.622732376955,5305.700162286789,689851
2024-07-03,5221.2490234375,5266.352338586904,5196.2643254311415,5240.104287192089,329072
2024-07-04,5201.2236328125,5243.893903921953,5175.2565826492855,5234.583013081828,676316
2024-07-05,5200.9423828125,5237.390009001232,5036.765405380364,5201.223381810946,613329
2024-07-08,5148.400390625,5268.2700001269095,5134.972293114998,5208.054424818267,478557
2024-07-09,5230.044921875,5239.683417151795,5151.348287080536,5170.063279568684,570084
2024-07-10,5154.810546875,5286.985176282051,5119.111791447032,5235.518948902314,354244
2024-07-11,5171.1865234375,5203.2359490747285,5149.430343990331,5174.695584638656,491353
2024-07-12,5190.50927734375,5240.197671647777,5151.441732202447,5178.344532748853,265681
2024-07-15,5246.1396484375,5276.691780255805,5173.3851199901,5190.602820549557,249438
2024-07-16,5219.70458984375,5295.4066360940515,5204.638930898589,5256.105155493954,336316
2024-07-18,5148.681640625,5219.61127766183,5069.049258148004,5189.199415610197,841644
2024-07-19,5078.96826171875,5172.589825974975,5025.911076895951,5165.2911618944445,370397
2024-07-22,5112.140625,5137.265594562861,5043.690629270277,5073.634618163904,415035
2024-07-23,5159.3017578125,5296.202191366294,4987.264568266274,5132.586290876082,908996
2024-07-24,5069.6572265625,5158.787372994151,5057.726419559838,5158.787372994151,723617
2024-07-25,5056.04248046875,5100.115921615735,5009.0676672371355,5053.983648561137,438831
2024-07-26,5126.87841796875,5189.854640512414,5050.568220466683,5062.405361584709,517306
2024-07-29,5075.83349609375,5177.174996247057,5050.521194959416,5151.535548275918,418301
2024-07-30,5094.501953125,5191.539380620105,5062.967462106958,5104.514657765441,412385
2024-07-31,5135.81494140625,5180.449922020818,5057.913789230864,5102.548769845431,870466
2024-08-01,5063.6103515625,5172.577251325622,5019.825494289752,5172.577251325622,868140
2024-08-02,4971.5634765625,5065.731063573277,4935.979593833317,5019.4483584874115,402666
2024-08-05,4886.44482421875,4945.924202950711,4829.039392360681,4882.8156473211375,439371
2024-08-06,4876.92431640625,4953.55955369375,4862.031113231839,4901.856784913508,552856
2024-08-07,4940.40966796875,5009.786549149306,4923.489925582688,4929.899553516321,515480
2024-08-08,4862.87939453125,4950.637357486829,4851.567961117343,4934.612826817128,243559
2024-08-09,4908.408203125,4945.594264413247,4892.90192900718,4906.287309354299,333635
2024-08-12,5007.05322265625,5019.448576383747,4887.481853248775,4915.5717287821435,569618
2024-08-13,4944.51025390625,5097.025894618741,4916.702980530931,5043.01398501543,1042924
2024-08-14,4781.39013671875,4993.620810436242,4704.613599639905,4977.0306163291325,2185163
2024-08-16,4833.84716796875,4844.074681634449,4731.996854457144,4826.211857937687,679493
2024-08-19,4891.15771484375,4924.243747851554,4814.475534566012,4853.5472928192285,714915
2024-08-20,4943.47314453125,5043.013846335903,4892.194740651091,4900.678315345861,962948
2024-08-21,4981.46142578125,5000.785125414977,4915.76066292121,4943.473584001771,612911
2024-08-22,5024.11474609375,5074.120524054351,4961.430552363559,4981.743817504597,761731
2024-08-23,5075.91162109375,5131.431817236635,5010.022610517057,5024.161902926795,757678
2024-08-26,5037.12255859375,5113.710386970029,5021.333683205409,5099.571095577485,553070
2024-08-27,5049.1875,5087.269689987361,5020.390662935108,5046.784004760527,672259
2024-08-28,5006.62890625,5074.309259615209,4963.834074831856,5057.153401343127,688591
2024-08-29,5066.10791015625,5078.173254239569,4987.304837121333,4995.8827656206395,516725
2024-08-30,5142.3662109375,5201.374282344069,5076.80721031343,5090.145183881474,1569946
2024-09-02,5258.11962890625,5306.051456344351,5200.431138533321,5217.398287435551,1054947
2024-09-03,5322.50048828125,5371.988007210633,5231.4433613985075,5280.553924617296,805935
2024-09-04,5357.61279296875,5362.844146316844,5283.381518291593,5283.381518291593,532554
2024-09-05,5405.16796875,5466.249517483588,5325.799236727414,5363.5040100847755,817503
2024-09-06,5414.1708984375,5439.197262728819,5325.517716188483,5391.783684711643,683920
2024-09-09,5415.630859375,5439.24375065132,5359.875015928767,5414.216930326,469914
2024-09-10,5344.36962890625,5527.6617030562575,5333.576452201111,5464.364899643854,775935
2024-09-11,5329.99462890625,5381.131733068538,5280.884064469144,5371.0455210454575,592210
2024-09-12,5470.162109375,5484.160100618847,5330.513126332,5372.93100266886,855863
2024-09-13,5463.2333984375,5511.590050382212,5438.914001737856,5492.548954173721,332581
2024-09-16,5447.822265625,5488.401849596083,5398.381690448564,5448.3405222267675,333195
2024-09-17,5619.14306640625,5641.5302776145045,5432.881377100895,5467.192631910553,1250736
2024-09-18,5622.4892578125,5793.292083020272,5587.942347677522,5641.859903037466,1446956
2024-09-19,5661.41943359375,5712.273937655636,5636.958734721735,5655.716769956074,532623
2024-09-20,5668.20654296875,5742.4378264275765,5642.284507475191,5701.669534242253,993542
2024-09-23,5835.33251953125,5853.666651522616,5659.769650957001,5702.847542948764,887240
2024-09-24,5774.76904296875,5887.836424042506,5759.687132576966,5835.756702220878,631130
2024-09-25,5738.94970703125,5814.453615630427,5687.624355087454,5791.453793529116,341785
2024-09-26,5704.21435546875,5716.986664240638,5565.319294747343,5660.995163901575,1255943
2024-09-27,5615.51416015625,5739.892522366987,5599.630930123167,5719.909265873132,718197
2024-09-30,5384.619140625,5552.028443468862,5363.97586715782,5552.028443468862,1346723
2024-10-01,5420.15576171875,5461.536660239864,5339.938760831694,5384.618827166209,742940
2024-10-03,5337.818359375,5404.367385456532,5299.406616291775,5404.367385456532,1219791
2024-10-04,5204.060546875,5325.75280674922,5169.324928995647,5323.018842204794,943922
2024-10-07,5185.8681640625,5286.634557560508,5124.173993494166,5250.343706544983,682783
2024-10-08,5212.54443359375,5226.825026690635,5100.514016126786,5148.587609699594,473756
2024-10-09,5235.8740234375,5267.357420620455,5212.685493205282,5223.101253891951,439340
2024-10-10,5143.02587890625,5273.908676646986,5132.562711353843,5267.35728761162,579335
2024-10-11,5162.06640625,5173.425246112312,5127.84950633331,5147.173203921515,303034
2024-10-14,5236.5810546875,5255.1034348311305,5184.265675201737,5188.177453867362,407147
2024-10-15,5189.732421875,5267.027212888244,5150.472415809363,5245.676975472018,302887
2024-10-16,5088.4482421875,5202.316481893108,5077.890720775172,5189.732420818277,504211
2024-10-17,4918.0703125,5055.315343994909,4807.359467711737,5055.315343994909,1947589
2024-10-18,4916.8916015625,4985.184102367538,4850.766481054213,4918.0698758372255,427617
2024-10-21,4941.44677734375,4952.381254940268,4793.266816730509,4916.891724947645,740720
2024-10-22,4878.8095703125,4971.751940232487,4859.203269837335,4961.006170543917,531833
2024-10-23,4850.43701171875,4977.030617758266,4826.729764713219,4878.809488506996,411524
2024-10-24,4820.1787109375,4931.03084569607,4801.326322722211,4863.963106409476,349453
2024-10-25,4687.92919921875,4849.494543662916,4595.2698899533625,4826.211658781787,709797
2024-10-28,4645.0400390625,4728.037959534427,4615.111870897075,4687.92922493736,419927
2024-10-29,4512.74365234375,4675.345506832282,4472.729272742516,4645.08733055304,953917
2024-10-30,4627.6015625,4748.445562203272,4468.110624936003,4472.729368268889,1039340
2024-10-31,4703.24658203125,4739.019173422812,4637.640638064892,4653.712115204063,897452
2024-11-01,4732.42138671875,4753.630326306674,4722.665182455616,4750.519865939156,49631
2024-11-04,4530.2763671875,4833.281596478235,4455.291168357752,4833.281596478235,1676556
2024-11-05,4544.08544921875,4598.379957534395,4487.716533889284,4541.54019277623,673746
2024-11-06,4612.0478515625,4637.687282432513,4563.220352491015,4579.244881718932,602657
2024-11-07,4539.6552734375,4634.812891067262,4513.308875691653,4634.812891067262,373373
2024-11-08,4495.2578125,4554.737191972688,4464.198777715265,4552.851953068726,333494
2024-11-11,4484.51171875,4511.517672045132,4446.853890259142,4489.696125361272,424955
2024-11-12,4453.123046875,4520.991648144932,4432.950622175709,4484.51209085698,310558
2024-11-13,4260.2626953125,4427.247628520352,4234.246308045653,4422.440177569406,1304908
2024-11-14,4339.8203125,4364.328420259557,4210.681436997719,4260.26331628705,889483
2024-11-18,4461.41796875,4562.231305561432,4443.60255275084,4556.763836456257,1783519
2024-11-19,4501.76171875,4575.42779589077,4462.831720145043,4486.8215688987675,704072
2024-11-21,4494.2685546875,4543.426070430026,4469.147836620486,4524.526733225831,572418
2024-11-22,4519.01171875,4532.490991948788,4469.901156379448,4504.212410191854,394712
2024-11-25,4579.52734375,4626.98831945076,4538.71211053732,4571.703787353271,1174601
2024-11-26,4561.05322265625,4601.1614988378005,4525.563229773289,4581.130834182169,384827
2024-11-27,4591.734375,4612.613300941943,4534.564605139658,4564.162759815243,296689
2024-11-28,4509.02001953125,4628.214429929013,4486.962817038714,4613.17946599476,778790
2024-11-29,4488.47119140625,4528.768172644487,4460.569563806159,4523.44200457421,462448
2024-12-02,4475.9814453125,4504.778284979083,4425.221296627445,4461.889100637893,510429
2024-12-03,4427.4833984375,4509.491287657015,4420.885062523286,4477.442227502262,664696
2024-12-04,4369.84228515625,4453.876713529209,4350.659888104564,4435.071272188954,586762
2024-12-05,4377.8544921875,4409.620489735061,4325.114752775692,4388.8359161191,796988
2024-12-06,4363.951171875,4449.163879549278,4350.188835618627,4389.7319063229515,733835
2024-12-09,4332.232421875,4392.2300630295995,4326.623651554644,4372.765061747952,329145
2024-12-10,4325.0205078125,4350.141683607635,4299.947199409866,4336.049339150041,384707
2024-12-11,4383.60498046875,4387.281104417919,4323.088625255955,4323.088625255955,571443
2024-12-12,4295.28125,4392.748010693244,4281.377612881988,4383.6048780347,821540
2024-12-13,4312.908203125,4320.024795630382,4241.787383883203,4295.281035891063,552194
2024-12-16,4278.54931640625,4326.62290423104,4256.586469211251,4326.62290423104,835965
2024-12-17,4161.75927734375,4296.9777629646005,4143.378197840868,4254.324232323297,778939
2024-12-18,4137.5810546875,4175.709734598002,4121.320869466677,4146.064629585321,738092
2024-12-19,4154.0771484375,4202.292043331703,4076.8292970731377,4081.1180316502387,691740
2024-12-20,4090.921142578125,4205.5432904218305,4076.82879880984,4154.076640733098,800108
2024-12-23,4027.435791015625,4124.431236439727,4014.0034643971203,4114.533732615566,931177
2024-12-24,4014.71044921875,4067.4027825530284,4006.1325204751724,4027.435811342612,561434
2024-12-26,4029.6982421875,4060.663383890676,4011.4115164861623,4024.985144828216,375676
2024-12-27,3994.774169921875,4099.121863945152,3985.9131791302743,4034.8824422863904,744900
2024-12-30,3947.313232421875,4028.7554594368953,3929.0734543279923,4008.7247964717494,1819173
2024-12-31,3921.8623046875,3975.450308769278,3911.870447155344,3923.5588354748934,492605
2025-01-01,3944.249755859375,3956.1737997530563,3893.018297112252,3935.247464026415,329310
2025-01-02,4064.103515625,4074.1423201144576,3908.1000059796474,3944.86216233112,1062633
2025-01-03,3999.628662109375,4053.074908522618,3923.606495866217,4020.6962987734873,1269643
2025-01-06,3961.640625,4053.2634146647497,3947.454387154025,4014.616019315621,813031
2025-01-07,3923.22900390625,3982.425780108045,3916.866322770973,3959.095949278697,396158
2025-01-08,3900.653564453125,3956.17375695722,3864.7396720335005,3956.17375695722,438731
2025-01-09,3903.62255859375,3925.4441054741133,3876.3809502073404,3911.2578677245074,340998
2025-01-10,3885.666015625,3925.0673238677864,3851.9199637238153,3907.1575546186295,355269
2025-01-13,3811.622802734375,3885.43017709868,3768.121009956656,3864.739497391442,801718
2025-01-14,3867.237548828125,3897.0244151491024,3824.9140280755328,3833.633257885082,242769
2025-01-15,3875.956787109375,3918.657723941565,3848.8564781826235,3886.608662949929,281045
2025-01-16,3840.325927734375,3935.4361365629416,3825.1024857977536,3930.723039393405,349664
2025-01-17,3862.854248046875,3888.3049714966714,3817.608517469459,3842.116621532226,211342
2025-01-20,3857.293212890625,3881.2356552992915,3813.4142306762615,3881.2356552992915,254936
2025-01-21,3793.854736328125,3882.649440805271,3779.903922706758,3858.0469815748747,287082
2025-01-22,3822.981689453125,3838.3464326435346,3795.928557037209,3795.928557037209,272889
2025-01-23,3865.06982421875,3878.8791073599496,3794.043355315625,3822.9817269310697,282745
2025-01-24,3819.3994140625,3888.304983520101,3809.2193087564515,3869.499542585363,216273
2025-01-27,3785.51220703125,3840.985448922053,3770.477474129495,3812.8953457134517,328160
2025-01-28,3795.31591796875,3829.2030412003433,3770.477803386262,3789.3301924031935,444089
2025-01-29,3838.7705078125,3878.6903031777397,3801.631393780084,3804.412075112907,479893
2025-01-30,3938.0751953125,3946.747478008175,3827.0819896822,3845.133059369159,807120
2025-01-31,4090.166748046875,4121.885797800627,3936.37848985532,3947.689922297433,1056018
2025-02-01,4149.55224609375,4263.4209552784105,3992.9830586294784,4081.542342758438,1141242
2025-02-03,4040.67919921875,4175.803776919599,3985.5833736248587,4166.377583292241,846135
2025-02-04,3993.972900390625,4100.394542557425,3977.854015998237,4075.8864372455873,554233
2025-02-05,4025.362060546875,4043.8374940642793,3970.878839720557,3994.8212820150156,408928
2025-02-06,3987.3271484375,4085.925233181514,3974.9317949462875,4042.894748117946,576470
2025-02-07,4029.3681640625,4072.0691015617103,3973.706669311441,4072.0691015617103,1344288
2025-02-10,3955.6552734375,4073.0113860140477,3930.817160771236,4059.201643913824,779450
2025-02-11,3851.118896484375,3995.7638034271054,3837.4037376154156,3959.0016452922487,593081
2025-02-12,3880.30029296875,3929.4352363374946,3821.6477278649922,3871.8454271121914,619474
2025-02-13,3823.096923828125,3889.3348021738557,3812.033175723601,3869.912674165892,557075
2025-02-14,3732.12255859375,3846.819039495804,3720.1409004455645,3826.4790011576524,475952
2025-02-17,3745.69873046875,3755.0715058812425,3630.905763274472,3715.357935197997,913565
2025-02-18,3710.96142578125,3760.627629371038,3681.490178941951,3749.129106114113,482022
2025-02-19,3748.307861328125,3767.3917024079715,3686.321707322262,3711.34801721146,453662
2025-02-20,3777.24755859375,3805.1726776350806,3725.455372936022,3734.151806175919,438563
2025-02-21,3722.6533203125,3784.7361915597867,3699.510956235717,3768.4544414695583,426337
2025-02-24,3753.8154296875,3759.8546193205057,3671.9240182639423,3710.3332643298586,272543
2025-02-25,3699.124755859375,3752.317989956256,3688.35093497903,3746.2304390953564,661184
2025-02-27,3632.741943359375,3681.7801663464465,3599.5988213317687,3679.7025434350053,877741
2025-02-28,3556.93798828125,3620.566751226765,3538.626975865343,3619.2624277579744,995134
2025-03-03,3508.2861328125,3589.6944111818325,3494.9999152744786,3521.137575866811,691809
2025-03-04,3396.29541015625,3517.127327848641,3377.1148494814065,3502.7299940973103,946922
2025-03-05,3467.702880859375,3487.8497129621346,3394.991033618785,3396.4404392116207,611959
2025-03-06,3525.678955078125,3534.616955854959,3461.85675099859,3507.078250758768,654829
2025-03-07,3529.302734375,3607.7638458608358,3502.730297634326,3540.4148442847363,621576
2025-03-10,3462.001953125,3542.1056739074234,3455.0929783090487,3529.785726463566,675889
2025-03-11,3527.514892578125,3539.9315614086263,3432.9171160896676,3458.281713738631,618870
2025-03-12,3488.4775390625,3545.6806967321027,3475.6744568957306,3527.514766929404,385877
2025-03-13,3410.113037109375,3503.26164382832,3405.4751279830007,3502.730147935048,359751
2025-03-17,3375.279052734375,3429.293470917625,3344.8415367203133,3368.418438889502,673556
2025-03-18,3375.279052734375,3375.279052734375,3375.279052734375,3375.279052734375,0
2025-03-19,3417.698486328125,3467.7997021256174,3395.6191127990846,3464.0794666345287,674188
2025-03-20,3475.8193359375,3511.426493115277,3441.1303243276775,3458.2816232414903,771668
2025-03-21,3506.59521484375,3586.6989351164443,3489.9270507610677,3506.59521484375,1195882
2025-03-24,3504.034912109375,3562.977409078109,3462.002147877573,3534.617277239821,663262
2025-03-25,3505.58056640625,3551.7199768994487,3493.06741220759,3529.302551338374,544164
2025-03-26,3522.9736328125,3545.536141752077,3483.7913196310406,3526.887075241544,755658
2025-03-27,3644.8203125,3661.1985486123035,3488.5744358726183,3511.4266364890764,1525094
2025-03-28,3597.376220703125,3680.282265489547,3582.3025445002263,3651.5357220308497,509889
2025-04-01,3635.157470703125,3687.8675662497135,3582.3025289642515,3582.3025289642515,506307
2025-04-02,3656.31884765625,3661.971623881409,3606.990696355983,3642.839422703017,321687
2025-04-03,3626.7509765625,3678.6880087919108,3609.647802340878,3652.5019874822765,339509
2025-04-04,3535.776611328125,3618.6342983818995,3510.025599451599,3618.6342983818995,330498
2025-04-07,3407.93896484375,3425.428553371403,3231.2082038008384,3361.6063465427897,605866
2025-04-08,3453.59521484375,3500.7008962851546,3391.850631378282,3478.573398749894,450859
2025-04-09,3489.10546875,3554.6670055386503,3418.6644554796453,3468.9105130502903,584571
2025-04-11,3542.347412109375,3579.1624100181944,3498.333746646264,3498.333746646264,436704
2025-04-15,3675.595947265625,3687.28791368131,3562.155894598048,3622.547795700008,604277
2025-04-16,3654.337890625,3687.8676618555846,3615.7837964575046,3680.5239125351777,491227
2025-04-17,3644.57861328125,3669.50843590263,3540.7045489470443,3654.3378024333256,970749
2025-04-21,3784.881103515625,3799.858294504773,3629.3115713057664,3666.0298459888386,1031160
2025-04-22,3704.294189453125,3771.25653745366,3692.3122953065445,3769.4207181106917,927543
2025-04-23,3807.58837890625,3820.8262357451317,3693.665197066827,3731.8328765407005,800615
2025-04-24,3821.1162109375,3853.486268610128,3792.5145133778515,3807.685147041647,1227984
2025-04-25,3764.106201171875,3859.3805533793047,3710.381474596685,3826.430639620235,652719
2025-04-28,3779.760009765625,3802.2741580606007,3716.7592246455147,3763.62334069785,521342
2025-04-29,3722.749755859375,3820.536268770531,3716.662205431351,3802.7569885706293,428581
2025-04-30,3698.30322265625,3737.0507599334824,3678.1082657238007,3722.7499108784864,892342
2025-05-02,3611.3388671875,3781.982312705647,3599.3572086940558,3675.306155835822,881303
2025-05-05,3640.520263671875,3666.512841714894,3616.073576644774,3641.872947799034,640182
2025-05-06,3741.978759765625,3776.1846367804656,3653.4682987888796,3657.3333803004252,1210118
2025-05-07,3737.533935546875,3763.4300296444526,3684.968919750546,3691.152955995104,448141
2025-05-08,3672.310546875,3744.2976895515394,3648.3469944807,3738.5000673225563,739365
2025-05-09,3723.909423828125,3764.686223691566,3609.019966901425,3609.019966901425,859973
2025-05-12,3850.49072265625,3864.5983644924227,3778.1171659370852,3797.3458520356517,547435
2025-05-13,3926.536376953125,3960.1623971648933,3824.0149961494803,3864.115216576569,1197629
2025-05-14,3930.0146484375,3969.2450823862537,3800.3412170211013,3932.720252549169,1199813
2025-05-15,4179.119140625,4200.377087698699,3930.014604552936,3945.2817228143062,2629014
2025-05-16,4198.73486328125,4215.838039238248,4149.455069561069,4183.951113889896,765257
2025-05-19,4239.70458984375,4304.347981689417,4177.28343107129,4177.28343107129,753807
2025-05-20,4098.53271484375,4287.535303681332,4088.6765678182023,4260.286289066039,842529
2025-05-21,4119.9833984375,4144.236878990039,4069.9307821959533,4097.952622814111,396931
2025-05-22,4132.0615234375,4139.501993523077,4061.137377294561,4106.648803098291,394809
2025-05-23,4163.4658203125,4188.782294183121,4132.158752891332,4144.237133209046,461297
2025-05-26,4212.359375,4269.272611083455,4154.963003683559,4164.5289869343405,765160
2025-05-27,4191.87451171875,4227.336352935315,4154.96279306497,4223.084857462896,411809
2025-05-28,4215.06494140625,4235.549590866292,4165.1085728379885,4220.669121019912,424160
2025-05-29,4209.65380859375,4236.129523754872,4185.980183289919,4236.129523754872,369150
2025-05-30,4163.94873046875,4232.26423457806,4144.623323004924,4195.159546609853,914311
2025-06-02,4089.5458984375,4173.032035859174,4054.47047272937,4164.722016314405,771163
2025-06-03,4066.6455078125,4136.120251930193,4059.301758756861,4106.649006121556,417447
2025-06-04,4058.915283203125,4097.662818186449,4049.9286859571293,4070.896941052763,353642
2025-06-05,4037.947265625,4085.197793652133,4032.0529218439287,4085.197793652133,394746
2025-06-06,4124.0419921875,4151.967111877224,4017.8489715213964,4047.7066319759692,551467
2025-06-09,4202.6962890625,4212.938849434936,4130.805867278521,4159.697257227671,495256
2025-06-10,4231.2978515625,4243.859366079584,4183.660912157004,4222.698139832373,469185
2025-06-11,4261.54248046875,4335.365922092105,4218.640165808542,4227.433321479571,1241569
2025-06-12,4215.64404296875,4275.7462467322375,4193.613267981449,4261.541884035367,813687
2025-06-13,4187.62255859375,4200.37751686586,4108.001970326754,4122.206334229253,521000
2025-06-16,4217.287109375,4265.214214992928,4167.041049187694,4170.422995546454,360242
2025-06-17,4223.56787109375,4241.927008488117,4187.622423891671,4221.635330315396,331648
2025-06-18,4210.90966796875,4282.510398735953,4203.2762261961625,4205.208766989816,370443
2025-06-19,4236.41943359375,4255.455150580585,4203.566237608342,4227.3365855366055,425692
2025-06-20,4192.1640625,4234.583238010598,4063.070244788574,4232.747418642676,1159015
2025-06-23,4109.64501953125,4178.8300793639855,4101.818134382445,4174.288419442206,580717
2025-06-24,4147.7158203125,4183.95096143346,4118.244572200786,4138.63297263386,469217
2025-06-25,4155.7353515625,4210.90948316219,4145.299820459449,4156.411929535272,412213
2025-06-26,4133.70458984375,4179.02257525319,4104.813200513633,4160.663438458652,795726
2025-06-27,4174.57763671875,4203.179333662652,4140.4684818242,4153.996266828994,543489
2025-06-30,4094.184326171875,4197.478535550403,4068.9645748625107,4197.478535550403,871009
2025-07-01,4083.458740234375,4120.177015702644,4048.769726983275,4114.669085657715,480538
2025-07-02,4100.56201171875,4178.733195128211,4087.4206395109572,4139.888935125067,808159
2025-07-03,4165.205078125,4203.2760356719655,4095.0537561328256,4100.851378250994,650625
2025-07-04,4198.44482421875,4227.143243387462,4161.823270977436,4179.119416512334,437195
2025-07-07,4161.7265625,4212.552479288045,4148.198777063501,4193.613485314604,353771
2025-07-08,4155.34912109375,4182.984548811605,4096.986483474522,4159.890780684553,467771
2025-07-09,4186.9462890625,4197.478541870136,4145.493384012727,4154.962645037197,276485
2025-07-10,4175.5439453125,4202.213101785646,4164.625278897612,4184.047407623257,368728
2025-07-11,4076.4052734375,4193.613688494934,4048.673123224371,4155.059592495311,556464
2025-07-14,4108.2919921875,4115.345577286293,4055.6302561081147,4076.694761815184,293675
2025-07-15,4303.76806640625,4314.397040077212,4116.408343059523,4131.578504211976,1756329
2025-07-16,4275.26318359375,4319.228484724616,4223.567719626688,4303.768159052223,791606
2025-07-17,4293.71923828125,4313.334338651341,4263.184999318169,4287.3417592871065,414759
2025-07-18,4248.4013671875,4332.756586582489,4239.22179814813,4299.903392125797,370997
2025-07-21,4259.51318359375,4272.847525818028,4199.604421359305,4261.252281514587,269975
2025-07-22,4195.93212890625,4282.220351275194,4173.128055069628,4268.982259211636,463290
2025-07-23,4216.51416015625,4229.365367224141,4179.988857448241,4212.938771098299,376802
2025-07-24,4219.65283203125,4237.406877933998,4173.747782431995,4227.598065716558,584473
2025-07-25,4149.814453125,4208.765032484859,4114.796801283032,4196.209944192804,630896
2025-07-28,4209.0595703125,4224.655486185809,4134.90485303373,4134.90485303373,462891
2025-07-29,4242.5078125,4251.531632714169,4184.047193681376,4207.98060060894,422393
2025-07-30,4170.02001953125,4243.09566832754,4135.101032256451,4228.578818265829,547169
2025-07-31,4179.24072265625,4220.731805860108,4120.681923406533,4129.509854211261,446590
2025-08-01,4229.16748046875,4239.368549166226,4158.936290713744,4173.747692632588,473918
2025-08-04,4449.17919921875,4463.00972073593,4227.696402897742,4233.385322611738,1454995
2025-08-05,4459.87060546875,4493.907375884438,4429.5614711117305,4449.277279714463,803505
2025-08-06,4389.34521484375,4462.911305325653,4376.790126979866,4462.617232542087,574216
2025-08-07,4571.59326171875,4585.521487577974,4337.750797346443,4345.30377426608,2121194
2025-08-08,4511.857421875,4621.91249067183,4500.381398516567,4570.906665222989,972461
2025-08-11,4474.9765625,4536.281639695783,4452.219926266559,4514.996325315041,455558
2025-08-12,4556.3896484375,4580.32305448836,4483.608070116058,4501.263932129204,723767
2025-08-13,4677.5283203125,4701.853982235643,4561.293899347667,4579.04746572229,1342794
2025-08-14,4618.0869140625,4682.236449316643,4600.823309001721,4678.803365086496,373862
2025-08-18,4888.7119140625,5021.1308764217365,4806.317893038974,4806.317893038974,3698091
2025-08-19,5020.34619140625,5040.748328145747,4888.711746930999,4888.711746930999,1509894
2025-08-20,5037.80615234375,5066.251708889305,5013.382304754166,5022.112052180685,916240
2025-08-21,4999.64990234375,5060.26817185994,4943.641487323186,5037.806087081723,819430
2025-08-22,4902.34619140625,5025.348601552422,4886.750275677314,4999.649800758037,1357460
2025-08-25,4966.986328125,4982.778612185291,4880.865145156597,4914.215107965143,693190
2025-08-26,4976.40283203125,5044.672262739089,4944.622375358303,4966.986276253286,1662083
2025-08-28,4994.35302734375,5145.702805826195,4981.307019938564,5130.008706532786,1584393
2025-08-29,4990.4296875,5049.8707076203555,4964.632223462689,5002.003894579548,783364
2025-09-01,5143.7412109375,5158.944870123147,5011.812684455598,5015.736209406733,659443
2025-09-02,5210.44091796875,5245.752641057394,5108.429273490446,5188.861531636801,962257
2025-09-03,5246.7333984375,5260.956175457008,5156.001889864782,5223.192250267281,659989
2025-09-04,5248.6953125,5413.483354454775,5238.886500478882,5399.75101762521,1187848
2025-09-05,5260.4658203125,5315.885607530038,5246.243043061982,5257.523176743427,517415
2025-09-08,5338.9365234375,5418.878343511017,5233.00135082474,5267.332193801098,726543
2025-09-09,5319.80908203125,5383.075918168618,5287.930443667459,5361.006091609071,608443
2025-09-10,5248.205078125,5353.649811495421,5215.8359971833825,5345.80276157018,536616
2025-09-11,5200.63232421875,5260.466079740693,5184.938224409716,5248.205064264886,765635
2025-09-12,5200.1416015625,5286.459145830632,5184.937943197091,5204.555566894393,537933
2025-09-15,5187.39013671875,5253.599616576652,5167.282072465609,5222.211418718091,588879
2025-09-16,5214.36474609375,5246.733827474693,5182.976545966774,5205.536814808038,925160
2025-09-17,5247.71435546875,5284.987840610397,5208.969548545196,5241.8290683411215,616629
2025-09-18,5267.33203125,5284.007011609637,5237.905595321229,5257.523219273743,420977
2025-09-19,5304.60546875,5331.0892608462,5269.293745955067,5286.949607352533,579031
2025-09-22,5325.6943359375,5393.865577552318,5296.758341295239,5305.586271864065,672445
2025-09-23,5267.82275390625,5408.579213302125,5248.695569528413,5345.802813292815,507377
2025-09-24,5176.1103515625,5273.217595224559,5164.339776573159,5267.332307729889,410267
2025-09-25,5252.12841796875,5271.255601487359,5130.989589017561,5169.243956054779,640474
2025-09-26,5226.13525390625,5349.726290316195,5207.008069699949,5252.128606801993,689941
2025-09-29,5199.16064453125,5325.203874947676,5168.2628876587405,5226.134876721536,8318930
2025-09-30,5367.87255859375,5378.662252178863,5221.2308139597135,5221.2308139597135,1141788
2025-10-01,5328.63720703125,5413.483432232944,5306.567379666648,5367.872455679432,701001
2025-10-03,5444.38134765625,5477.240869347356,5267.822723644336,5360.516001250591,1634394
2025-10-06,5474.78857421875,5488.030470797081,5421.330547291415,5421.330547291415,844413
2025-10-07,5507.64794921875,5540.997910086682,5465.960498133835,5474.788428951817,858678
2025-10-08,5407.10791015625,5550.807013800311,5387.490285085388,5504.705594883787,789561
2025-10-09,5406.6171875,5431.139217559416,5361.4966521906745,5409.55983110713,872880
2025-10-10,5394.8466796875,5461.056161665483,5371.795971147018,5406.617254261364,835407
2025-10-13,5452.71875,5474.298137030041,5379.643098466451,5394.846757510344,417645
2025-10-14,5464.9794921875,5484.106675189862,5434.081735029839,5475.769185163191,375269
2025-10-15,5431.6298828125,5501.762891683126,5342.860130325903,5473.317335637697,484777
2025-10-16,5472.82666015625,5504.705299183955,5445.361986532381,5470.374457154118,294066
2025-10-17,5485.578125,5517.456764081359,5444.3811144948595,5475.278872373715,435204
2025-10-20,5533.15087890625,5585.137582785355,5499.310477324569,5512.552373595661,368799
2025-10-21,5538.5458984375,5559.634845009076,5523.342239281247,5558.653963773189,40575
2025-10-23,5481.65478515625,5607.6980239309805,5455.170991795023,5605.736261459778,489097
2025-10-24,5434.572265625,5517.456726674601,5379.642918657218,5507.647914716068,546761
2025-10-27,5538.5458984375,5553.749557593753,5443.8908591743775,5463.508483892123,424721
2025-10-28,5502.2529296875,5556.691834687528,5468.412529282077,5532.169805408236,539756
2025-10-29,5445.36181640625,5530.698478214292,5421.330227736169,5529.717597044085,432099
2025-10-30,5409.56005859375,5480.673948756587,5387.980671233992,5463.998967614956,402078
2025-10-31,5438.00537109375,5517.456748268821,5395.827479506984,5409.069375702829,424188
2025-11-03,5433.10107421875,5472.826763604173,5377.190844713339,5472.826763604173,223771
2025-11-04,5207.49853515625,5370.324821996698,5152.078744755736,5370.324821996698,2003141
2025-11-06,5224.17333984375,5305.0960399070445,5203.574834373093,5250.166691985293,815323
2025-11-07,5194.7470703125,5222.211745155541,5157.473583025514,5203.575001512049,436406
2025-11-10,5257.03271484375,5306.567214722398,5199.160724886518,5208.479096150819,347961
2025-11-11,5313.923828125,5326.184842956853,5229.077605488578,5272.726818289974,348232
2025-11-12,5428.19677734375,5450.757045843733,5317.847637941659,5335.993940865558,534031
2025-11-13,5403.18408203125,5487.539865103718,5380.623814465358,5447.8141765637765,585663
2025-11-14,5432.61083984375,5521.871034197055,5358.063864339891,5415.935858481044,938647
2025-11-17,5687.6396484375,5698.9197822578035,5464.489175035839,5482.145036667619,1770568
2025-11-18,5688.62060546875,5769.543305693109,5678.811793320343,5708.728670372984,1182455
2025-11-19,5764.1484375,5803.383685947205,5723.441867236024,5739.1359666149065,935374
2025-11-20,5884.796875,5926.4843268189015,5808.288139897075,5836.2432546462205,1276202
2025-11-21,5887.7392578125,5922.560539553831,5843.599604900953,5855.860619598605,703572
2025-11-24,5867.63134765625,5933.350388159923,5857.822535640777,5888.229852888744,1349305
2025-11-25,5965.22900390625,5971.114291092543,5855.370309762125,5885.287186292444,707293
2025-11-26,6019.177734375,6028.496106162918,5936.293269524566,5967.191028610822,452071
2025-11-27,6033.400390625,6081.463570456023,5980.4328046887695,6019.668053530421,352120
2025-11-28,6056.451171875,6119.718011390092,6010.8401945501655,6034.381344137177,504441
2025-12-01,6175.1376953125,6212.411181520407,6091.762791952709,6110.8899756646615,912454
2025-12-02,6150.61572265625,6218.78696780809,6111.8709142606,6208.978155556027,809216
2025-12-03,6092.74365234375,6173.666352386954,6072.63558748453,6173.666352386954,543787
2025-12-04,6218.787109375,6229.576803097891,6120.208543997684,6128.546034601735,883433
2025-12-05,6229.0859375,6266.359422363396,6184.455843781985,6213.882279200457,651633
2025-12-08,6049.09423828125,6229.576375437688,6027.024411726794,6189.360247049568,707514
2025-12-09,5886.26806640625,6046.15170160442,5851.937224492533,6046.15170160442,1186776
2025-12-10,5831.8291015625,5928.936339146335,5802.402665931035,5912.751799549029,820197
2025-12-11,5865.17919921875,5904.414447645667,5792.593989628954,5831.8292380558705,695094
2025-12-12,5846.05224609375,5922.070542917956,5836.733874224977,5888.72058044024,679186
2025-12-15,5845.5615234375,5862.236503871838,5764.14838366985,5825.9438993971025,652031
2025-12-16,5832.81005859375,5871.554866012308,5819.077721787173,5846.542395400327,388048
2025-12-17,5705.7861328125,5856.8418427064535,5671.455289654783,5855.860961473375,538205
2025-12-18,5638.595703125,5674.3978677182085,5407.598175407171,5674.3978677182085,1016539
2025-12-19,5670.47412109375,5686.658660619446,5615.5447748247225,5615.5447748247225,769295
2025-12-22,5590.53271484375,5682.735552846261,5572.386411619852,5682.735552846261,1213460
2025-12-23,5634.181640625,5642.519130866176,5586.1184615876355,5600.831679660298,351302
2025-12-24,5589.5517578125,5640.0671417779895,5581.214267255089,5634.1818543256995,313655
2025-12-26,5529.2275390625,5610.640681823222,5503.724626872395,5589.551735204481,249826
2025-12-29,5459.5849609375,5542.959866018292,5444.381301775708,5529.227528710867,572147
2025-12-30,5601.8125,5632.71025761688,5460.075167440028,5463.508251619681,2980473
2025-12-31,5660.66552734375,5674.888305050644,5575.81930171297,5600.3413322420965,473265
