Price,Close,High,Low,Open,Volume
Ticker,HINDUNILVR.NS,HINDUNILVR.NS,HINDUNILVR.NS,HINDUNILVR.NS,HINDUNILVR.NS
Date,,,,,
2015-01-01,633.1718139648438,636.0519648675647,629.5820835579867,633.8813934689799,372132
2015-01-02,631.0849609375,639.4749285958522,628.3300530285236,631.9615155966843,1207322
2015-01-05,634.71630859375,636.0520567905946,630.3752161227765,634.257165850978,849252
2015-01-06,646.73779296875,651.0788854757774,630.6257091777758,640.3096416558042,2738679
2015-01-07,669.4449462890625,673.5355506301798,650.3274688640032,650.3274688640032,3744143
2015-01-08,682.0924682617188,688.729324672001,670.4884532424222,671.1145708103058,3076833
2015-01-09,721.7884521484375,724.9608225384344,682.0926008207704,683.3031052113125,3825060
2015-01-12,748.5026245117188,751.1740695269466,721.4961084640911,724.2092844577368,4338065
2015-01-13,738.4432373046875,758.5625175118422,731.6394552409397,751.2995416852526,3371700
2015-01-14,771.418701171875,780.1426175730128,739.6536748739319,741.9911706534708,4578199
2015-01-15,769.3316040039062,782.5635873566814,759.4389656818444,780.5182595437229,3534537
2015-01-16,785.6106567382812,790.5778668314766,772.2117495450009,774.7162200840658,2021113
2015-01-19,745.1216430664062,790.9117388238686,739.6952907655028,789.9934024777225,7705398
2015-01-20,747.5427856445312,753.8456934890768,732.7663980731307,742.9095249616448,4355821
2015-01-21,786.3619995117188,791.7466212328991,741.740673615065,748.8366733063741,4103989
2015-01-22,788.6161499023438,802.5159325483374,777.4712240471706,788.0734941700492,3585572
2015-01-23,805.855224609375,808.8188382491142,788.6161475480243,790.5779626599896,2450001
2015-01-27,786.3619995117188,808.025679348255,781.8956632515102,803.1836623254371,3274894
2015-01-28,779.5999755859375,785.4020096262809,774.8415219685386,783.0645138056383,2246526
2015-01-29,786.06982421875,791.4127152516722,773.380547184334,777.220715083657,3421454
2015-01-30,778.5147094726562,785.5689788249795,774.5492975179073,785.5689788249795,1562161
2015-02-02,758.019775390625,776.3441623102233,755.3483298681348,773.3387669898274,1822825
2015-02-03,760.3988647460938,777.0953325536916,758.0196384649415,759.8562601144924,1544881
2015-02-04,751.2577514648438,767.8707099454305,747.250557563625,760.4408107402271,1181845
2015-02-05,758.8963623046875,767.870715755351,752.3430176081962,757.4354210452772,1711139
2015-02-06,756.1415405273438,764.5732392287949,750.8404305942918,756.3502464452371,717674
2015-02-09,751.4664916992188,763.529652081203,747.9184913624965,756.1414835261701,860239
2015-02-10,741.114501953125,757.602264739466,739.1526872688399,747.1669718367185,1058750
2015-02-11,751.5916748046875,753.8039777199871,738.4849341303222,743.2851698170084,897359
2015-02-12,741.1563110351562,760.3572519995571,739.0692522346778,755.5152857731641,1121008
2015-02-13,745.3304443359375,750.3393855625951,738.9858058302718,744.996545492978,1344229
2015-02-16,757.1849975585938,768.0377042490697,739.9458700111331,739.9458700111331,1635273
2015-02-18,762.1104125976562,770.8342776280407,753.0108158385724,753.0108158385724,2178775
2015-02-19,758.1452026367188,770.3753399003141,747.1672500341082,767.9961126140468,1034454
2015-02-20,751.5497436523438,759.4388347400482,750.5062144331653,755.9325663728933,623253
2015-02-23,739.7788696289062,762.9034399636587,737.1908861902359,753.8456253122702,1054383
2015-02-24,762.7782592773438,764.3643933908282,740.4884611358631,742.1581081733735,2100402
2015-02-25,752.9273681640625,765.9505949557175,746.3322418424103,765.1157714189811,1141174
2015-02-26,739.9877319335938,756.099818801716,737.8171597887439,756.099818801716,1194401
2015-02-27,740.61376953125,745.4974671597638,734.9787102890009,742.8260214764244,1906598
2015-03-02,781.102783203125,784.6925147749599,756.4337031185162,763.0288304590634,2792110
2015-03-03,776.1353149414062,784.6505236998928,770.7506938916591,784.6505236998928,1510436
2015-03-04,764.781982421875,789.1588450106476,762.1940492953008,777.3043381058066,1202376
2015-03-05,784.4837646484375,790.0353111403931,762.569644658531,762.569644658531,2301603
2015-03-09,814.7877807617188,818.9618984910309,777.22072119791,781.3948389272222,3529726
2015-03-10,799.0513305664062,817.0000357526121,793.9588766623565,816.707816956501,1323330
2015-03-11,808.860595703125,817.2088315925015,792.62326670757,799.0514185331076,1742798
2015-03-12,801.8897705078125,812.1163592471358,797.7573836428379,808.1092162991796,1358419
2015-03-13,786.1533813476562,805.5212987390121,783.8576164855117,804.5195002448131,1466001
2015-03-16,777.8468017578125,799.1348011619706,753.4282142059842,784.2749529450788,1244490
2015-03-17,777.8886108398438,790.4109646877279,769.2064760774638,780.5183255293348,1239535
2015-03-18,769.7907104492188,782.4383065513805,760.9416019435405,778.3894330552199,1436285
2015-03-19,770.25,785.4020174743188,765.2410584970343,777.2207565435256,1249067
2015-03-20,747.7930908203125,769.7072059573856,744.6625029435878,769.7072059573856,1854369
2015-03-23,753.3448486328125,759.6894877091676,744.9548305606253,751.0908146873531,989354
2015-03-24,740.6554565429688,752.301255142854,739.1110024183473,748.1688684198514,1288989
2015-03-25,739.9877319335938,749.3377164069373,737.1493110340184,742.7843708862038,2848966
2015-03-26,722.873779296875,738.818889756512,716.4456273534734,738.6936458344397,2570353
2015-03-27,710.685302734375,727.0478754577455,708.7234877048222,726.7139256446529,2023538
2015-03-30,719.65966796875,727.1313493148847,711.2697010519882,716.2369116197708,1415143
2015-03-31,729.2600708007812,737.983986716827,716.2785753428027,720.4109619297279,1503993
2015-04-01,737.5664672851562,739.4865508972207,727.5485865750013,729.2182333600272,865861
2015-04-06,757.9781494140625,760.3573764546053,736.7318771568931,737.6919447436903,1482378
2015-04-07,762.5694580078125,767.2444487466132,749.3374763185813,760.816298265579,1212932
2015-04-08,761.8182983398438,769.4152239946,759.1886344603286,763.7801644553076,1296825
2015-04-09,773.4222412109375,778.0555014418975,762.6947286714828,762.9452164841694,1237632
2015-04-10,779.55810546875,781.2277523217366,764.9904264857258,776.302324677573,1161659
2015-04-13,792.372802734375,793.8754749523764,774.7162640504964,777.5129025963994,1374251
2015-04-15,780.3095092773438,792.2057437504201,778.8902991845764,787.1550719367776,924855
2015-04-16,778.9737548828125,782.8974353593951,766.4514029066431,778.472881185198,1071747
2015-04-17,782.772216796875,788.2403001234857,775.4257297817259,781.9791243402874,764984
2015-04-20,762.5694580078125,785.360127028227,756.0160636331981,783.3983123859894,879556
2015-04-21,728.8843994140625,767.9123992141306,726.5886347199408,763.0704329590635,2535704
2015-04-22,757.310302734375,762.1940007586754,730.4707017128599,740.8642664593784,2106687
2015-04-23,753.5534057617188,769.7072191000105,745.3303642263008,760.5241611714855,1027886
2015-04-24,742.5755615234375,754.6387722358116,729.4270903666144,754.6387722358116,1122637
2015-04-27,723.4998168945312,752.8438327626227,718.156926037492,738.818807954874,945769
2015-04-28,718.44921875,729.5524141496949,710.8523438536121,720.7449838064855,1844291
2015-04-29,716.0281372070312,730.4705737895246,711.3948769011402,718.2821708825842,1323821
2015-04-30,709.8921508789062,717.4890753870462,694.7401347545488,715.6524534755408,3001302
2015-05-04,719.4091796875,722.7067428341387,704.716305885586,717.9482385044967,558193
2015-05-05,733.8515625,737.4830751735133,712.9392447276851,716.2785386139975,1663346
2015-05-06,716.4456787109375,733.8100007332469,709.68357645967,733.8100007332469,1989322
2015-05-07,723.166015625,727.7575458829365,712.6889885907909,717.9483676046176,982642
2015-05-08,747.3341064453125,757.2267458500886,713.3567753011071,731.0550460376219,5244650
2015-05-11,721.8719482421875,752.1760335195728,719.7848893256514,751.1742350489181,2712131
2015-05-12,704.5494995117188,729.2602616220171,702.6294151169316,723.7921763627069,1837756
2015-05-13,702.1283569335938,714.3168116898195,690.4825578820664,709.6835000898533,1842567
2015-05-14,706.6363525390625,710.3095453189515,693.7383194417574,703.5892264224162,1458520
2015-05-15,705.259033203125,711.5202107900732,701.3353517245854,707.930479164275,861417
2015-05-18,711.8541870117188,713.6908093626422,699.1648564414064,707.930505387836,794940
2015-05-19,705.21728515625,714.4838073794112,702.2954023529983,711.603706521937,1115144
2015-05-20,714.2749633789062,716.4038040583091,706.2606781922009,707.2624765789346,1051609
2015-05-21,721.5797729492188,722.8737903183988,707.972158183276,714.9429659571549,998351
2015-05-22,721.0787963867188,725.3363758450221,712.8975362971576,724.1676535199891,1369038
2015-05-25,711.6453247070312,722.0806187787703,707.5546690494758,722.0806187787703,642231
2015-05-26,714.06640625,716.4039532905014,706.2190943186947,713.7742383467339,732655
2015-05-27,716.0281372070312,717.9482210959899,706.0102550522035,714.1915152879295,530542
2015-05-28,706.427734375,717.9482897642198,703.2136329707629,716.8630292843636,2062630
2015-05-29,717.5725708007812,718.5326382628277,703.8397132395678,707.5129572337792,3787109
2015-06-01,735.3126220703125,737.5666559975253,711.6453932185508,717.5726204404908,950336
2015-06-02,711.8959350585938,738.5268324008874,710.3515315410486,737.9841765954815,928603
2015-06-03,694.1141357421875,713.5237856538738,691.7348577615029,712.104575254559,1074518
2015-06-04,686.7675170898438,697.0775660992211,684.5969455933157,695.8253309505399,1273078
2015-06-05,692.1522216796875,707.3460212872578,681.5082208519474,685.8910447221933,1564172
2015-06-08,678.0853881835938,692.0686818149575,675.372211807359,691.2338583145776,1108643
2015-06-09,684.3466186523438,691.6930558469763,672.9512565879514,673.7026181792515,769058
2015-06-10,684.9309692382812,688.7294060750083,679.5463473273416,683.094347298031,959272
2015-06-11,681.8004150390625,698.3299114186858,681.2160283534341,684.5553226100686,1263695
2015-06-12,679.9638061523438,685.8075712144265,676.9166797028226,679.0037386535665,833644
2015-06-15,686.0162353515625,690.7747396603249,674.9130926001733,679.5463529980796,626620
2015-06-16,697.0359497070312,700.7091428415342,682.3012933204908,682.969141985529,864766
2015-06-17,719.65966796875,725.3364582089637,701.25181793858,701.25181793858,2574818
2015-06-18,720.1188354492188,724.6269033862837,715.5273055314485,719.6179616578072,1234051
2015-06-19,723.5776977539062,729.6518124588343,712.7370777445643,718.0097378198801,1376406
2015-06-22,736.8648071289062,739.0160421589444,724.2104228453627,728.8081927665478,1039509
2015-06-23,738.7627563476562,742.2215998130018,735.0929550462802,740.7030844255527,741773
2015-06-24,756.3524780273438,766.7712844846249,739.859608790887,740.2814215667086,1812148
2015-06-25,745.1322631835938,757.4913980234978,741.6311965728747,749.6034682773047,1257404
2015-06-26,749.09716796875,752.0076858337378,738.1722089777184,745.7648374129177,758668
2015-06-29,759.6005249023438,763.4811821378762,732.5622827290028,735.6415368223514,1221747
2015-06-30,773.3514404296875,778.7506122763838,764.3246380486114,765.1682634769212,2318253
2015-07-01,774.701416015625,781.1973437510281,769.3865847742308,773.3516355860345,1456248
2015-07-02,779.0459594726562,783.896805980592,769.386437432604,775.9667058756413,962649
2015-07-03,779.9317016601562,784.1498287648623,773.6466819759822,777.8226381078032,512931
2015-07-06,782.4205322265625,784.5717670962435,771.6221354077024,773.6046348680164,595187
2015-07-07,779.8053588867188,782.3784583445624,772.4236343554517,777.4853883197491,715696
2015-07-08,782.5892944335938,796.3825521504652,774.5326289050939,776.1355381127415,1791894
2015-07-09,777.443115234375,788.6211537708691,769.72397234706,782.5892619834023,1153644
2015-07-10,759.473876953125,779.9317958824371,751.9234182253806,779.9317958824371,2198242
2015-07-13,768.2897338867188,771.4955004081855,751.2484889157892,759.93782104978,1103160
2015-07-14,782.2940063476562,783.8125221251554,761.6251792066851,768.1211066062972,662369
2015-07-15,783.7280883789062,788.7898413716656,776.4307072180192,782.0408373813198,980533
2015-07-16,790.3505249023438,792.5861530618561,778.877238759296,784.5717108542055,667588
2015-07-17,779.7631225585938,794.6531348187989,778.0337003972138,790.5193488313663,848156
2015-07-20,770.3145751953125,785.8373080494083,766.8979015454364,779.5101155530363,738505
2015-07-21,751.9234619140625,773.4780849773061,734.8822150640228,771.9173982656647,4915170
2015-07-22,776.5573120117188,778.6663758683502,751.7969229311916,754.2012351314248,1433553
2015-07-23,762.848388671875,775.2918652910733,755.2135878918182,775.2918652910733,1049783
2015-07-24,764.9996948242188,768.9225745171716,757.2383288940233,763.4811790204637,624104
2015-07-27,759.3472900390625,767.8257674853363,755.0448205962365,764.3247010728383,1305606
2015-07-28,763.2703247070312,772.7611134917278,752.0922845828333,753.5686295048971,1648693
2015-07-29,758.5880126953125,775.3339572319768,756.7320264126377,764.4512198536395,1332413
2015-07-30,776.7261962890625,788.3260497238131,758.5882436456343,763.4812624326729,1997547
2015-07-31,777.5276489257812,783.0533869762927,770.399001444972,776.3887233334665,1616033
2015-08-03,767.4462280273438,780.1849541471972,764.7466157760815,776.9791871260574,1813626
2015-08-04,766.0963134765625,771.4533664185827,759.3051383443911,768.1210353191996,2728548
2015-08-05,766.51806640625,770.1034745834028,763.4810353701629,768.289710752977,2869226
2015-08-06,765.801025390625,768.0366534970411,761.4141626198309,767.6991827105136,1105175
2015-08-07,763.3544921875,766.8977294886929,760.0222127463478,765.8010266668699,849340
2015-08-10,764.4512329101562,766.8555448802878,760.1065411849718,763.4810430326298,1089645
2015-08-11,749.3081665039062,764.1981254281881,746.6085546521989,761.7938133908877,1430428
2015-08-12,730.875,749.9831399666823,725.1805273399605,749.9831399666823,1406250
2015-08-13,731.0436401367188,741.5467875278525,717.0816489177187,730.579656426758,976700
2015-08-14,734.418212890625,741.5468590924646,723.4089097517501,734.7978546866174,742844
2015-08-17,736.18994140625,741.546943668046,725.5180563760177,737.7084572725934,373170
2015-08-18,736.3585205078125,740.576648142023,732.3091282771335,735.6414594063231,606035
2015-08-19,739.1846923828125,746.8194930557361,726.6990449603036,733.4058266649041,548163
2015-08-20,735.68359375,760.8236228998452,731.4232953497586,733.954171804256,1086427
2015-08-21,745.8915405273438,749.1394782545306,726.3194177342423,731.4233419444572,1428246
2015-08-24,718.0520629882812,742.3906447804922,712.821573147344,730.031507200031,2392818
2015-08-25,730.5375366210938,740.7032139402195,721.3841687434021,726.3615799573223,2303018
2015-08-26,721.2997436523438,732.7308579465669,717.0816164964821,730.7905297530325,1894521
2015-08-27,723.6619873046875,729.2721178148159,717.9253438564073,726.0663510193785,2087603
2015-08-28,720.8779907226562,734.3759987408687,718.7689269698105,733.9541859902995,1427528
2015-08-31,726.2772216796875,733.9541932193339,716.0693221208837,727.9644726985825,1990625
2015-09-01,720.245361328125,726.6568953392272,715.6897624580961,721.2998933359261,1483369
2015-09-02,700.7153930664062,727.5427279677965,695.3162201956181,722.9871291945137,1463479
2015-09-03,703.3726806640625,710.1216838968211,687.6390462813706,700.6308981007543,1228866
2015-09-04,700.209228515625,709.2782034632671,694.4725848934198,701.3481024476059,1332041
2015-09-07,691.6464233398438,703.5837461032717,689.5795818251221,701.0528693187275,868619
2015-09-08,675.8285522460938,698.3533695532379,662.246198578584,698.3533695532379,2511604
2015-09-09,677.4735107421875,685.4036117790596,667.2234908544857,679.9622164977562,1519952
2015-09-10,666.5908813476562,675.7441997871437,656.003337399278,675.7441997871437,2651147
2015-09-11,670.8931884765625,674.6473323034531,661.4445724431747,668.1514055623231,1368043
2015-09-14,670.471435546875,675.6597535054088,664.8613047946658,675.6597535054088,1115042
2015-09-15,678.7811889648438,682.1979140982473,667.434464971575,670.4714967670179,1239118
2015-09-16,680.6793212890625,684.8552784699593,672.1587229933514,684.1803882618236,1000450
2015-09-18,673.0866088867188,689.0733229872304,668.9950456602805,680.8058030868176,3196079
2015-09-21,667.0546875,674.8160523324449,665.1143591645922,670.6822668211213,1097798
2015-09-22,663.0053100585938,672.2429682165103,660.7275108794686,668.1514050822192,1900127
2015-09-23,662.2460327148438,665.9580055964506,658.1544695421674,665.4517993903322,1108731
2015-09-24,659.4620971679688,665.6205533328341,654.8643276611058,665.6205533328341,2627897
2015-09-28,667.012451171875,677.0093916864354,658.7027099869083,662.245947007915,1121534
2015-09-29,661.6976928710938,675.7440791577794,659.1668161701283,660.221348128864,2377821
2015-09-30,687.343994140625,690.0857774863839,663.9333824960686,674.7317804519696,2321962
2015-10-01,688.7360229492188,697.8893409436885,684.3491591328825,689.9170680019237,903859
2015-10-05,683.1680908203125,695.1475862208272,675.7441948578671,692.2370672182177,1344972
2015-10-06,699.6187744140625,701.8965740752121,684.9397183026581,689.2000177389639,1470601
2015-10-07,694.767822265625,698.5219663199769,688.3984595617163,690.0857106880931,1126929
2015-10-08,693.3759155273438,701.8543426839266,689.6639422145089,697.6783855796929,673062
2015-10-09,690.085693359375,700.5466706765528,683.3366890233419,696.834697695408,740404
2015-10-12,687.4283447265625,693.8821015868916,681.1011523108766,690.9294117929048,760378
2015-10-13,685.7833251953125,690.9294211668924,679.7935520660377,689.2421698331515,860797
2015-10-14,672.538330078125,687.5548552692778,663.9333387692291,686.7534006612908,3479601
2015-10-15,667.7717895507812,675.7440612456631,648.7480438176217,660.5588014423898,4110634
2015-10-16,662.2460327148438,667.2234438755236,659.7151561566978,664.7769092729897,2121262
2015-10-19,675.346435546875,677.9409667486635,661.8207717568146,667.6904111949324,1733760
2015-10-20,669.5619506835938,678.3664112662628,666.0742264602105,678.3664112662628,1428531
2015-10-21,672.3264770507812,675.8142524191496,669.4767555938663,670.3274249148242,879891
2015-10-23,680.7056274414062,685.2992108004728,673.0921263391103,676.2821364165469,1956438
2015-10-26,687.8512573242188,689.0422152546834,681.0884771184961,682.9173851793826,754383
2015-10-27,690.8711547851562,693.1679205647579,679.8549759770495,686.2775193844765,876427
2015-10-28,696.2727661132812,697.9741045766002,687.2556930259826,690.403127646539,1123867
2015-10-29,681.7689819335938,695.8475497254312,679.8549758371607,689.8928640920841,1558590
2015-10-30,681.08837890625,689.8502620946022,676.2820767122662,682.2367616644497,1209468
2015-11-02,682.8748779296875,684.6612629460717,673.3473700272428,679.8975349552198,553599
2015-11-03,684.3209228515625,687.7661231026237,681.5562476504697,684.7887805783699,349296
2015-11-04,681.385986328125,695.932407964593,679.8547922486111,686.3198569935471,945881
2015-11-05,682.7896728515625,690.4031208635313,678.6213728890916,681.3860478648228,462520
2015-11-06,679.7274780273438,686.44778808724,677.3881368182434,686.2351207045946,726024
2015-11-09,682.7470703125,686.4900355123325,666.9246441656366,675.4313360555044,1247468
2015-11-10,683.5553588867188,688.7018981685394,674.9210959714627,682.2368317531389,880293
2015-11-13,677.728271484375,680.1101352449255,674.0278287142781,674.0278287142781,1029232
2015-11-16,667.0098876953125,682.321937628159,663.6072099324577,675.431535926675,1186659
2015-11-17,679.0891723632812,680.5353203030702,665.2232755962511,668.5409060510184,792593
2015-11-18,675.0061645507812,686.3625801993134,672.4116332816463,678.8341768261165,721764
2015-11-19,675.9418334960938,682.1091861809878,673.9853044077918,678.4087953383457,861404
2015-11-20,678.961669921875,683.4702064781713,675.6865622183612,680.407766083169,845026
2015-11-23,673.0496215820312,681.1309806649178,669.4767998138706,676.3246779157479,692990
2015-11-24,690.7009887695312,692.0195158772214,672.6667881744471,675.4314635605577,1188716
2015-11-26,691.1263427734375,698.8248902182308,687.4684748521215,693.0403488635056,1282221
2015-11-27,694.3162231445312,698.1867576857222,687.3407252026361,691.1687366672547,897445
2015-11-30,690.7434692382812,702.652839397562,684.0231610229653,692.0194731839185,2959644
2015-12-01,708.9478149414062,711.8400594071429,690.615850001375,690.615850001375,1404347
2015-12-02,705.9705810546875,710.9044533668412,700.4412297571076,708.5225893458781,983626
2015-12-03,694.656494140625,704.2690982763658,692.444774841855,704.2265232769529,680102
2015-12-04,693.2529907226562,701.3343494725376,684.7888203846859,691.8918886228661,1445988
2015-12-07,709.0328369140625,710.7341754549481,693.2954554108709,693.2954554108709,1273142
2015-12-08,702.4401245117188,714.3920169424558,699.7604956390225,707.6717611028955,1136199
2015-12-09,697.6765747070312,710.3089953530974,694.2738968849804,703.5036397089959,1028736
2015-12-10,694.0611572265625,706.7786227252108,690.9561932690619,700.100888963297,1144862
2015-12-11,699.3352661132812,707.7143905339194,694.6991595979257,696.1027329015767,1214169
2015-12-14,713.7116088867188,716.6889517128254,691.9770166402876,701.8022375822919,1307321
2015-12-15,730.3847045898438,733.7023359205624,713.8817498676676,713.8817498676676,2303845
2015-12-16,727.6625366210938,738.7212374699205,725.3657191375753,735.8289410950109,1101128
2015-12-17,735.1907958984375,736.4242765215787,714.5620694876338,714.5620694876338,1214526
2015-12-18,729.0662841796875,744.8461930116391,724.8980347844857,736.3394980164366,2114632
2015-12-21,724.4299926757812,733.2344515397615,722.8562751574723,733.2344515397615,1112136
2015-12-22,724.3025512695312,729.7893798916399,717.2845279419084,725.5785555109172,913032
2015-12-23,734.3403930664062,740.5077464978937,728.2155627227119,731.1078595830165,770192
2015-12-24,735.1907958984375,739.4866646225221,733.2767903551671,738.3808051372216,538736
2015-12-28,736.5519409179688,742.6342467541788,733.7022197313621,735.8288928320328,976331
2015-12-29,729.7892456054688,737.5303158105027,727.3222837577621,737.5303158105027,754046
2015-12-30,729.4064331054688,734.0425913744269,727.0670924296467,729.8742908564859,677471
2015-12-31,733.9150390625,737.0625262876,724.3450081271733,729.4065015393387,743363
2016-01-01,728.640869140625,733.277027786299,726.0463378371301,731.5756889747298,230366
2016-01-04,730.7250366210938,738.9765404339087,724.0473023981498,728.640886144138,828876
2016-01-05,721.3250732421875,730.7674820955975,719.240922986583,729.2788107588424,1118709
2016-01-06,717.1566772460938,723.0688387233304,715.3702926481277,723.0688387233304,2135092
2016-01-07,697.761474609375,715.37033903121,695.4221340971217,714.5621928337397,1353969
2016-01-08,688.91455078125,707.3315629356626,687.0856428353015,696.6981960845553,1324046
2016-01-11,690.5308837890625,697.2937158869438,681.6839012820463,685.6395347508277,1514504
2016-01-12,697.293701171875,699.3778515370278,684.4060392965476,687.7661937317037,1110037
2016-01-13,708.3948364257812,711.3296557990228,692.2321202539532,699.0799975110288,1338356
2016-01-14,703.7162475585938,712.7758972619138,696.3154135373837,705.6302536716271,1531002
2016-01-15,684.15087890625,705.1624238990204,660.6724237556001,703.7162755053719,3249884
2016-01-18,688.9996948242188,694.6991902207113,676.282176837899,677.3880366800267,1525578
2016-01-19,689.4251098632812,699.0376648738069,687.0432456363606,691.5943067142135,867289
2016-01-20,676.3247680664062,693.2956347867462,667.7755500706696,684.7889398813874,1543575
2016-01-21,659.7792358398438,679.684922679094,658.5883297059946,678.1537279808622,1679165
2016-01-22,656.2913818359375,666.4994136985833,655.0153778531068,663.9474057329219,1465143
2016-01-25,666.3291625976562,667.5626433007388,654.7600824435002,656.7166111859451,1036869
2016-01-27,653.2288818359375,666.7970136735316,651.9528780703412,664.372627287189,1291178
2016-01-28,673.5175170898438,677.9835315700732,652.038114113502,654.8453128312124,1967418
2016-01-29,694.9118041992188,697.5488583833492,672.9644937037392,672.9644937037392,1733695
2016-02-01,681.3435668945312,695.3370868667866,679.6847514224327,694.1461291122718,1025869
2016-02-02,680.6204833984375,688.9996071218591,677.9409062667565,688.6167955542664,960236
2016-02-03,698.9098510742188,704.7794898022405,676.7074039078844,676.7074039078844,1843081
2016-02-04,710.1387329101562,713.2011735928551,694.6140179303754,701.376849360509,1698770
2016-02-05,718.7731323242188,727.747684265022,706.0556141904948,706.0556141904948,2043434
2016-02-08,705.1197509765625,721.537656858576,703.0356009627745,717.9648356807581,490426
2016-02-09,702.9506225585938,716.3912403214384,701.547049231713,702.9506225585938,964658
2016-02-10,701.4192504882812,707.8417923078676,697.6337623151818,702.6527311632092,781041
2016-02-11,682.7470703125,704.354088481055,673.0494727104867,700.8663655744999,1010277
2016-02-12,691.25390625,694.7416818040855,676.2821461722183,680.9608276866173,1318480
2016-02-15,684.53369140625,699.2077388744136,678.8341959185252,694.9969148689663,1206980
2016-02-16,683.257568359375,690.6158263957876,680.0675585954219,689.0421090138635,926079
2016-02-17,691.2113647460938,692.4448456784397,671.816114096496,680.9608095400381,783633
2016-02-18,703.8439331054688,706.480987667417,691.168937362765,692.4874646437391,1179011
2016-02-19,704.0139770507812,707.6293220129986,691.9770361525486,707.6293220129986,620200
2016-02-22,732.9793090820312,736.6797002027446,702.95063773348,703.5035936116278,1883688
2016-02-23,711.8824462890625,730.2569307944736,709.6282042292102,730.2569307944736,590731
2016-02-24,711.797607421875,718.7305836732758,704.5243945691456,711.925228597835,1062120
2016-02-25,716.9441528320312,719.8364495316689,708.0972223121347,712.605759703314,859877
2016-02-26,722.9839477539062,725.3232886166082,715.4980154566679,721.3676551168343,1191495
2016-02-29,706.3956298828125,724.5148710330367,700.5259924202924,723.9193922886082,1974971
2016-03-01,701.0792236328125,705.9279977927891,695.9326321024924,705.9279977927891,1777318
2016-03-02,722.430908203125,727.3222567131844,706.0555240607522,706.0555240607522,1221727
2016-03-03,722.1331176757812,728.2578944896919,719.453488879149,727.7475137287755,746384
2016-03-04,722.0056762695312,728.0879834417478,715.7957998356911,721.7930089127508,1331537
2016-03-08,702.8655395507812,721.3675976267019,700.9515335429273,721.3675976267019,1342346
2016-03-09,714.2646484375,717.8799937213613,703.120847115975,703.120847115975,1929618
2016-03-10,712.4780883789062,715.4129079574091,705.2048759770418,712.01023063062,1140147
2016-03-11,724.4299926757812,729.8317741633215,707.3315596274648,716.2635877406198,1527676
2016-03-14,729.1511840820312,731.5755707283616,718.8155317040298,727.3647474661858,825367
2016-03-15,715.2427978515625,728.8535078084742,710.7767836469509,724.8553513744838,1330602
2016-03-16,718.092529296875,719.5386256084165,706.9062069386374,718.7305312886969,1511400
2016-03-17,722.7711791992188,727.3222391083874,717.1142076823048,721.4526002700968,1970969
2016-03-18,721.6651611328125,724.7701243351675,712.8607560949183,723.0687860151319,1848223
2016-03-21,748.291259765625,751.1409811114012,720.6019329117385,720.6019329117385,1587554
2016-03-22,740.2099609375,749.1419891760528,733.6172734280921,745.2288789857683,2024654
2016-03-23,743.144775390625,746.3347856763346,732.0435499805035,740.0823862846398,1373555
2016-03-28,734.6805419921875,745.2713329563109,731.7457226018205,745.1862867968873,2033190
2016-03-29,732.553955078125,741.2307411905621,730.3847066292774,731.8308549549297,1389839
2016-03-30,732.9793090820312,747.6958793139428,730.6399682326577,733.2770226036556,1453623
2016-03-31,739.656982421875,744.9311426519284,727.7476118020863,727.7476118020863,2635929
2016-04-01,738.2108154296875,744.2505986716396,728.1729279749276,737.6153365296733,1096484
2016-04-04,741.953857421875,744.2931982603911,732.6815402390972,734.2127347674326,960124
2016-04-05,738.806396484375,751.0134819792343,733.5322356590027,740.2525448927299,1096886
2016-04-06,741.5284423828125,742.5492559313489,734.1276090568413,739.2316248787891,1041648
2016-04-07,731.57568359375,744.2081034084392,727.3648596819404,740.0823775890262,848064
2016-04-08,723.4091796875,734.1275918947267,719.4960698297119,732.4262533271839,712487
2016-04-11,735.2335205078125,738.2533863641677,718.9006583440449,725.6209670841628,943737
2016-04-12,742.2089233398438,743.825215689048,731.7457019107176,737.4451962907112,867406
2016-04-13,763.64599609375,765.2622369395749,743.0597844684601,744.3357886776217,1897529
2016-04-18,764.8793334960938,769.8132051269847,754.11834591914,765.7725258905313,1091523
2016-04-20,769.0901489257812,770.7064414808461,759.7753609544073,764.8368021184918,1424850
2016-04-21,769.0476684570312,771.472107423974,762.1997901019818,769.8558147793455,1162870
2016-04-22,752.1618041992188,769.2602363326251,751.1409906567616,763.7308858917769,1078366
2016-04-25,752.119384765625,756.2451106640561,744.761073550485,749.0144206295854,828061
2016-04-26,753.48046875,762.1998306519898,749.1845983921926,749.9501697482142,1214609
2016-04-27,758.9672241210938,760.4984186066239,749.3546706011532,752.3320134033044,778693
2016-04-28,745.3989868164062,762.8802308449009,740.9329729153665,759.8178420810531,2715410
2016-04-29,738.2959594726562,748.0360821233747,730.8951256448771,745.1863605311908,1581281
2016-05-02,734.935791015625,737.5303221337939,727.3222899935338,737.5303221337939,787156
2016-05-03,723.9196166992188,739.2316649960295,721.3676086497503,734.9357951635716,1305303
2016-05-04,725.961181640625,728.087854832775,717.964869669848,723.068885331008,568460
2016-05-05,723.1964721679688,733.1918356966945,720.3466990732984,730.7248741425894,760873
2016-05-06,725.961181640625,728.5982356305981,720.3042101812131,721.367546777288,411253
2016-05-09,719.240966796875,739.8271763489523,713.8817600422643,723.91964842595,3215773
2016-05-10,733.6597290039062,738.2958869519435,719.3259205209051,722.0480725939417,1523285
2016-05-11,733.7448120117188,737.3601566238368,724.0046379078655,727.3222690261031,697299
2016-05-12,725.6209106445312,733.2769343207339,722.5159469408891,730.2145456185463,730642
2016-05-13,707.5866088867188,725.5782826936949,699.2075382871107,725.5782826936949,2369627
2016-05-16,719.8788452148438,721.7928510071432,694.9967699149511,708.6074777713027,1940183
2016-05-17,709.5007934570312,723.3666941125229,706.9062622049275,723.0689805946912,1434067
2016-05-18,702.2274169921875,709.9259627846372,700.1007440152275,709.2029147407616,1428456
2016-05-19,693.3804321289062,705.9278026113424,689.3397534989692,702.7377931666553,1866764
2016-05-20,691.083740234375,698.3994752359101,685.7670572621162,697.5488059603488,1624617
2016-05-23,697.208251953125,702.4398867736752,691.636380704367,694.9965334472814,1118741
2016-05-24,700.1859130859375,701.3343478475435,693.6783237864477,696.6981895597327,946784
2016-05-25,714.6473999023438,715.7958348375604,703.5461737197126,704.3543200991442,1127694
2016-05-26,723.3666381835938,726.4716019814338,707.7568768718418,714.7323757059277,2479387
2016-05-27,732.596435546875,736.6371148542635,723.4942633545054,724.2173115149019,1531278
2016-05-30,726.7693481445312,737.7004805909747,722.8562898503823,734.9783282503445,776274
2016-05-31,721.5376586914062,731.4904991689205,718.8155067432621,729.7040626151087,12132028
2016-06-01,727.4498901367188,734.4679120302924,719.708768168336,724.8978821754192,1223721
2016-06-02,738.5511474609375,743.4424962724919,710.3089143735541,727.3223015441781,3409326
2016-06-03,752.7147216796875,755.3943507869214,739.5719223157595,741.7836417637336,1752265
2016-06-06,748.0359497070312,758.7969359913433,744.3780824849406,755.0539706957404,1941227
2016-06-07,763.0928955078125,764.5815668029587,748.9292826235761,751.991671376726,2185954
2016-06-08,763.2206420898438,772.4078617797271,758.4568620101221,761.3491589128367,1470489
2016-06-09,745.5691528320312,764.7517360495724,743.8678141533892,764.7517360495724,1376923
2016-06-10,744.0380859375,752.6723500591254,741.060742739544,745.1864689741278,793113
2016-06-13,743.6552124023438,749.3972309491555,737.8280957616533,737.8280957616533,1071858
2016-06-14,736.4244995117188,744.5058586970162,731.8308640486225,741.868752442002,826228
2016-06-15,744.0380859375,745.696849896908,734.1277656674342,738.3811130930856,863255
2016-06-16,748.1211547851562,749.3120606981097,730.8525777210795,741.6560367062863,803719
2016-06-17,749.7374267578125,752.5872002932047,742.209023618913,751.9491982671711,849716
2016-06-20,748.07861328125,750.58804621352,740.5501587222371,744.3356475424571,526386
2016-06-21,740.2949829101562,747.7383395323498,736.8072594326227,745.611666211723,1214022
2016-06-22,739.0050048828125,746.3154995485139,737.0698739418916,742.1872307066399,723156
2016-06-23,747.6915893554688,750.8308228425316,734.7477236986936,739.6500660304436,574726
2016-06-24,738.8759155273438,741.5421272159388,728.5552180086634,738.402894056494,1157925
2016-06-27,738.6608276367188,751.5616982538387,735.5646396861208,737.9297992992595,815766
2016-06-28,763.5164794921875,765.4086175661411,738.7898123162929,740.5099282937465,1607560
2016-06-29,760.1193237304688,769.0209563913353,754.270939261179,765.3657095363068,857945
2016-06-30,772.8051147460938,776.5463985875984,765.9246506628944,766.3116872663294,2029009
2016-07-01,771.9880981445312,777.9655121950218,762.0974303970563,772.8481562095291,1099564
2016-07-04,768.0748291015625,776.417402664114,763.7315464588571,774.0522430326255,674938
2016-07-05,765.6236572265625,770.7840053285248,762.7424313733683,769.9239473115312,631452
2016-07-07,789.7913208007812,791.2534300289383,764.2475854413086,765.451687745386,1689043
2016-07-08,791.85546875,796.6717729031426,785.6200477960285,790.3933595447959,1579861
2016-07-11,799.3380737304688,804.0683936035388,792.4145635575844,797.2739131519791,746028
2016-07-12,795.8117065429688,803.2082373006197,785.7920617142207,803.2082373006197,813346
2016-07-13,797.660888671875,799.6390117865733,789.0603077438129,793.9196044718999,598072
2016-07-14,802.3911743164062,804.1542828334888,793.0165205029753,797.2738183814375,757072
2016-07-15,809.7445678710938,818.3021550563244,801.6170096650831,804.154191141235,1284879
2016-07-18,792.9306640625,814.1310670912526,782.6529581246335,811.8949367798397,3013256
2016-07-19,769.8809814453125,779.9866634933063,763.7315454143416,777.5784589676987,2602482
2016-07-20,779.9866333007812,782.9107990498917,771.6440600725723,773.5791906026003,897886
2016-07-21,782.6958618164062,785.7921024663854,774.482317476846,780.0726951154905,876194
2016-07-22,776.8043212890625,786.9529942129456,771.4719517038384,783.6847846264434,967993
2016-07-25,780.0296630859375,782.0507785166527,770.354009972088,774.4822781352416,1297630
2016-07-26,776.3743286132812,784.2868723198053,773.1921036722717,784.2868723198053,1094799
2016-07-27,777.3634643554688,782.1798210361986,772.5471601685174,774.052261788662,1168069
2016-07-28,782.1368408203125,785.2330289182066,769.8379682518713,778.2665794510552,1760367
2016-07-29,793.4465942382812,795.5537470942058,776.2454321389471,778.6966292343707,1284438
2016-08-01,795.5537719726562,799.8970550398045,787.9422785031876,799.8540626319678,1270582
2016-08-02,797.6178588867188,809.1855976978319,794.8656626199607,798.9079459654698,1442265
2016-08-03,785.9210815429688,797.1018368466921,782.2658346167515,797.1018368466921,1067729
2016-08-04,789.5763549804688,793.1886096217149,781.6638096934013,792.973595089424,685515
2016-08-05,795.9838256835938,798.6930298803546,788.1573174388376,792.2425936916707,936293
2016-08-08,799.4239501953125,803.5952107023173,793.3175590934293,796.8867684721611,640018
2016-08-09,803.50927734375,804.9283942017033,794.8227115591676,799.4240013818738,912239
2016-08-10,795.5108032226562,804.4553765637593,793.6616571866472,804.154377206169,675289
2016-08-11,804.7135009765625,806.8206016373847,793.4467067081787,795.4678750376165,859803
2016-08-12,804.1541137695312,814.4748082778033,796.4135928883272,803.98209169564,664203
2016-08-16,796.5857543945312,811.8087919575871,792.4144414710421,800.9290369282461,847402
2016-08-17,785.4050903320312,796.1558168956711,782.910900771754,795.4677808943546,685242
2016-08-18,779.9866333007812,788.4151913328147,778.5675165812506,785.2329661846803,1047855
2016-08-19,783.2119140625,787.5551968816799,775.1273470870484,781.792797228435,1232642
2016-08-22,799.8970336914062,803.2082889069718,784.2870105109893,784.2870105109893,1405730
2016-08-23,792.7156982421875,801.2732883146105,790.4365228858563,800.7142294554984,923109
2016-08-24,790.7374267578125,795.5107386453624,781.1477580833076,792.1134987004968,929753
2016-08-25,783.3409423828125,792.973604036898,780.2447540803985,792.1135458980293,1760911
2016-08-26,777.9225463867188,786.7811342603046,774.0522849619092,786.7811342603046,753284
2016-08-29,778.5245971679688,780.9327493323522,774.9123426745036,779.2126331443955,488018
2016-08-30,795.381591796875,796.6716787383148,780.5885843696119,780.9326285515046,921470
2016-08-31,788.71630859375,796.843868534112,784.2439957567555,795.5537813211587,2185015
2016-09-01,796.24169921875,799.4239243707291,785.5339664409034,788.7591839948467,654587
2016-09-02,791.8983764648438,796.8867021957891,789.146180460048,794.263535884098,968873
2016-09-06,806.6055297851562,808.2396612976639,793.2316358059363,794.9087597279765,811241
2016-09-07,802.4342041015625,807.5085678688487,797.6178997582721,805.8744364878501,728867
2016-09-08,818.3883666992188,820.1514755039724,801.1442103514421,802.434297646694,1528195
2016-09-09,799.8109741210938,820.4953592082487,797.6178366471225,817.055127094168,888951
2016-09-12,789.92041015625,795.4247507627707,784.7600613098839,795.4247507627707,677577
2016-09-14,781.31982421875,795.1237468040441,778.3526131505246,788.6733107834597,1349809
2016-09-15,786.0930786132812,791.984455415005,779.2126140302329,782.8248684350891,964711
2016-09-16,784.1149291992188,798.6498786462868,782.1368061968103,788.0281828005917,1542460
2016-09-19,784.330078125,793.40368154527,781.878880783304,787.3402817948195,793036
2016-09-20,776.5465087890625,788.5012853338856,774.8263925241571,784.50204651425,1133099
2016-09-21,785.2760620117188,786.5661492016488,774.5253354289675,775.7724302113231,1102665
2016-09-22,782.7818603515625,789.490302686913,776.8474387700345,785.2330048126671,1250220
2016-09-23,783.1258544921875,784.8029782046407,774.9123105341164,783.512891117181,1498875
2016-09-26,767.68798828125,786.007271367071,762.44165384901,781.7929648604062,1153660
2016-09-27,771.7301025390625,774.869335519844,764.9356752222253,769.7519794593195,849724
2016-09-28,763.0006713867188,774.78342701366,757.9263068877706,774.0523985236806,1877866
2016-09-29,755.3889770507812,767.8598188126716,751.2607088973249,766.3117248168477,3307074
2016-09-30,746.4015502929688,756.722249556074,743.9504052154977,754.357089308279,3104818
2016-10-03,747.1753540039062,755.1308901472572,739.8218689323201,755.1308901472572,2066037
2016-10-04,739.9940795898438,749.9707334873448,738.6179550046049,749.9707334873448,1465854
2016-10-05,749.0675659179688,751.4327255452755,741.7140801209159,743.9502100437677,1781339
2016-10-06,760.6784057617188,762.7425137291067,751.6907880149575,751.6907880149575,1360160
2016-10-07,754.4859619140625,765.1936956682532,746.6594542670399,765.1936956682532,1088191
2016-10-10,753.5398559570312,761.6243698566678,752.0777468228471,756.5930514322604,734544
2016-10-13,741.4130249023438,752.3357725388452,733.199481096731,747.8204678165486,2130773
2016-10-14,724.3839111328125,735.8226729915116,719.8686062548697,735.1346370326761,2077909
2016-10-17,730.404296875,731.9093984581984,721.588701887695,725.8889921254048,1136539
2016-10-18,735.8656616210938,737.0697639132125,730.1892993725991,731.3073643616931,1146943
2016-10-19,727.609130859375,736.1667191974343,725.9320071157306,735.3496535280917,1171167
2016-10-20,722.7068481445312,730.5764011622589,721.2447388004889,729.8023278348885,818580
2016-10-21,732.0816040039062,732.9846546813469,719.9117585842826,722.4489409590277,1247395
2016-10-24,729.6301879882812,735.3495947225218,726.1039711631452,732.5973986060919,1639740
2016-10-25,715.869384765625,730.8774100785427,713.4612324288718,728.5552425598297,1925999
2016-10-26,724.8999633789062,728.2972034419822,710.8810265616091,714.7942804977021,1928005
2016-10-27,722.7068481445312,731.0494226428593,703.871606280944,731.0494226428593,3193498
2016-10-28,719.4384765625,728.4260926560877,717.1163095942672,723.3087373449641,1396899
2016-11-01,724.4256591796875,730.8871737010587,721.3033428829218,724.208830188613,891827
2016-11-02,729.4994506835938,735.8742549080939,721.6502516403233,724.2088443724656,1085441
2016-11-03,728.0249633789062,735.9175166312434,723.9485681973683,726.940818540027,1975240
2016-11-04,735.4840087890625,751.4426452488165,730.7137705245109,736.3513248371629,2273336
2016-11-07,726.5072631835938,738.7363975181393,723.818551841485,737.2185945294023,803129
2016-11-08,732.5349731445312,734.3997234665079,725.1627881436865,727.2010122295057,797363
2016-11-09,718.3978881835938,724.512455872631,692.9855379910509,711.1991754100899,2122893
2016-11-10,709.9413452148438,730.1932011268958,705.8215951200903,728.545279914292,1017007
2016-11-11,695.3706665039062,706.8626045533939,692.2049416400931,706.8626045533939,1758762
2016-11-15,698.5797119140625,702.3525154966594,679.3252853239114,697.3220930742735,2007604
2016-11-16,701.4417724609375,705.5615232110945,692.1181260263718,701.6586014477879,2677282
2016-11-17,703.9571533203125,707.7299572855438,696.454847671926,701.4419153856416,665671
2016-11-18,696.3245239257812,706.6889591428284,689.9931286723988,705.1278011667115,1462211
2016-11-21,691.9012451171875,698.8831273824752,687.4779552920826,696.3245349422924,993597
2016-11-22,711.1123657226562,713.3673660088905,696.2812312751848,699.3168370879887,1226008
2016-11-23,721.3465576171875,723.3413733592445,706.9490836515812,711.5024915774037,1254013
2016-11-24,715.7958374023438,723.7751546678804,711.6760866717597,718.8314432038268,1588843
2016-11-25,722.9944458007812,726.8106565804409,716.0993273866846,719.8721300259737,788448
2016-11-28,726.6806030273438,730.236629966614,719.0048785146482,720.2624971524784,930063
2016-11-29,722.2139892578125,729.4127009269324,720.0890546308985,725.9434371888733,1157881
2016-11-30,732.0147094726562,737.478789726153,720.7829566013323,724.4256944159196,2734453
2016-12-01,735.5706176757812,742.1622504934502,729.3259853409287,732.01464354417,951938
2016-12-02,721.1298217773438,735.8308369947645,718.2676898703465,732.8819417349722,623704
2016-12-05,732.7953491210938,738.4329034253327,721.6069509425882,722.3875565594218,760110
2016-12-06,725.076171875,737.0451220195545,722.6476976761693,733.2289634033253,611314
2016-12-07,723.081298828125,732.0146422876477,721.6502063740659,728.4152600163859,394177
2016-12-08,731.1473388671875,734.4431288583581,725.0761272751705,725.0761272751705,609858
2016-12-09,732.9252319335938,734.6165083903209,725.3795736213359,728.4585871688357,463868
2016-12-12,722.1272583007812,733.6191949486916,720.1757973605701,732.881997545985,317031
2016-12-13,720.8697509765625,725.4231602064966,715.4490257028315,723.3415805266758,716723
2016-12-14,712.76025390625,722.3440847920708,710.1583059949811,720.7395714214946,418711
2016-12-15,707.773193359375,714.4081817667173,705.6916667739412,709.4644701040668,552176
2016-12-16,708.5538330078125,717.2703484200005,705.6482925792374,709.030846231379,907271
2016-12-19,702.3090209960938,709.2909031151556,700.7912182338299,708.5970610111868,709550
2016-12-20,695.0670166015625,704.9110313615896,692.5084239871205,701.441767596045,1057366
2016-12-21,691.0772094726562,698.1892095234762,690.296657025304,695.5872621587923,1024157
2016-12-22,682.6209716796875,696.0210129843078,679.8455501994382,690.3834596081109,1147406
2016-12-23,684.745849609375,693.3322975239548,678.19762566278,682.1439021124427,893290
2016-12-26,695.4138793945312,698.1025904518536,680.8863380410809,683.4449305384438,686679
2016-12-27,699.7072143554688,701.2250174234849,690.9039353862668,695.5007527416747,552306
2016-12-28,702.7860107421875,712.2397745214715,699.0565632378236,700.7911949083889,811567
2016-12-29,709.8980712890625,712.8903217615062,699.5336355924807,703.6100309508271,1295881
2016-12-30,716.7064819335938,719.3951930199515,709.8980732064408,710.7220339093047,709395
2017-01-02,715.8392333984375,718.1376419537936,710.4185084440761,718.1376419537936,439748
2017-01-03,719.7421875,722.3007803800458,710.7654877495006,716.7933447552304,617599
2017-01-04,712.5867919921875,726.2904269025026,708.2068568559614,719.7421488673419,1298675
2017-01-05,722.604248046875,724.8592481646964,712.9336547907633,715.4488920225151,800848
2017-01-06,723.1245727539062,758.7278769630141,721.3465858910082,722.3873754736277,545826
2017-01-09,720.782958984375,727.2878290545128,718.4411951717718,726.810815836723,323290
2017-01-10,720.349365234375,725.032893277349,719.0050358873202,723.168142516201,337793
2017-01-11,729.8464965820312,732.8821029255097,719.9590718885635,721.6937040848369,867646
2017-01-12,716.3162231445312,731.7544355806235,715.2754334769467,731.7544355806235,985100
2017-01-13,718.0943603515625,724.7292966137712,715.622477756927,719.8723477314966,567779
2017-01-16,717.7040405273438,721.0431861877172,713.3241050063439,718.1376985578739,472383
2017-01-17,729.1092529296875,731.1474244566082,717.0535387538562,717.0535387538562,1081184
2017-01-18,750.18505859375,752.6135330453202,726.4639318979041,729.1526435244916,2032995
2017-01-19,746.1519165039062,759.7254325745537,744.6341135602706,750.5752597017037,1350359
2017-01-20,746.281982421875,756.2994705557601,741.1214421902488,741.7285739122217,1032081
2017-01-23,747.9732666015625,751.789424867193,738.5628571575925,741.20816011216,1615902
2017-01-24,746.1951904296875,747.973230319386,730.3666757417348,742.4223875554821,1843785
2017-01-25,753.8710327148438,754.5215196759524,742.3790964019247,743.2897675601239,1360342
2017-01-27,742.3792114257812,759.5087040556766,740.5144606736407,753.6976757153956,1272497
2017-01-30,740.297607421875,748.667228519012,738.2160806540071,743.2465031806515,600766
2017-01-31,741.9022216796875,748.4070925047837,738.3028386484245,742.4225901709855,1210100
2017-02-01,740.7310791015625,752.4398428868215,736.5246184719318,743.2896714049521,1750447
2017-02-02,733.1420288085938,744.850792007275,730.1064235348616,743.7232920643827,1617828
2017-02-03,737.0016479492188,739.3434113455883,727.3310549891269,732.8818976370578,999913
2017-02-06,746.3687744140625,747.6263932034404,737.2186011866871,737.2619563994034,1007603
2017-02-07,741.7720336914062,748.753917136459,738.0859405687071,748.4937329151518,866921
2017-02-08,739.7771606445312,745.8050171699784,734.9201594935041,745.8050171699784,995337
2017-02-09,737.8689575195312,742.5090761305811,731.5809176229499,742.4223657205039,884351
2017-02-10,737.9992065429688,744.5040765515032,735.1804295392704,735.7007979652461,648644
2017-02-13,747.886474609375,750.0114091080479,739.3434343446871,741.5117240501165,688095
2017-02-14,735.6140747070312,752.873631066522,732.8820081764006,748.4936959245371,1294385
2017-02-15,737.2620239257812,739.3869589111796,731.4944037502971,735.9610498045299,863541
2017-02-16,733.8359985351562,739.3868417476153,732.0580114385413,738.9531837759158,529692
2017-02-17,729.6294555664062,735.4404823229049,726.3770211433762,734.616521681719,917969
2017-02-20,741.0780639648438,744.1570247502931,735.0502080138384,737.82562941611,1511663
2017-02-21,748.27685546875,751.6160007890361,738.9965639732361,740.254182721041,1061217
2017-02-22,749.4912109375,753.6976727464739,738.9532994016062,751.0957245091444,1996095
2017-02-23,744.3739624023438,756.2995574888945,742.6393303897545,755.3455310566776,1313518
2017-02-27,751.4859008789062,755.0418750301808,740.9046359069301,745.0677417987735,1194357
2017-02-28,751.0089111328125,753.2205562440311,744.2872124410752,750.6619635740168,1409380
2017-03-01,759.335205078125,764.0187329432067,748.4503991906299,753.1772822710461,1199589
2017-03-02,761.0697631835938,765.8400010155137,757.4703807357115,761.5034211683137,1116347
2017-03-03,760.7660522460938,763.0210520835175,755.3453286592544,761.5032494792024,909059
2017-03-06,757.2536010742188,765.9701694843393,751.3125074712318,760.6361547500956,620823
2017-03-07,756.3428955078125,758.8581330435948,752.9603949222192,758.1208826929436,581168
2017-03-08,755.6923217773438,759.8988355914704,748.7104394741464,754.5648217115637,689050
2017-03-09,754.8251342773438,756.2995821234246,747.7998955722354,753.6109235910423,649123
2017-03-10,759.0748291015625,761.2864738926517,752.3097761783897,755.4320920085441,1533750
2017-03-14,792.5098266601562,793.5939714298693,762.4139572655739,764.2787074441827,2763421
2017-03-15,781.0180053710938,795.5021921824301,779.7170314587598,789.2575068158749,1247829
2017-03-16,785.961669921875,791.3390390259718,776.5512607555153,787.5228279361584,1052674
2017-03-17,782.7958984375,790.1247278506895,780.5842536395395,787.1324776243864,2071209
2017-03-20,779.2399291992188,793.810824764329,777.1149947979665,781.0612712935733,849554
2017-03-21,783.57666015625,786.74233183204,770.4368014244352,779.5436195333216,1016256
2017-03-22,784.87744140625,787.5227440008401,775.4236780403484,775.4236780403484,928431
2017-03-23,782.3190307617188,788.3902427521091,778.9798853417111,784.9209787576003,737393
2017-03-24,780.7579956054688,785.0945762820857,777.9825733850788,781.4518379263723,809976
2017-03-27,779.5435180664062,792.1629537873675,776.3344386583832,780.4541891714065,2830764
2017-03-28,783.2730102539062,784.920931727266,778.4160621273162,780.5843519939662,565803
2017-03-29,791.4691772460938,793.5074015361337,780.8879118326291,784.2271100766992,1067420
2017-03-30,797.2367553710938,801.2263871837761,788.5635967028634,790.2114650877714,2105056
2017-03-31,790.7754516601562,798.147638486711,785.0945418105775,797.2369671719619,1454650
2017-04-03,798.4945068359375,801.7035337277619,784.400621654821,792.7268341871118,832000
2017-04-05,811.2439575195312,813.0653527875055,796.3261654395415,796.3261654395415,2246395
2017-04-06,810.6369018554688,812.0245862487172,798.7980175541454,807.3410587821623,1588953
2017-04-07,801.8335571289062,808.945558163481,798.9714252192058,802.874346806096,770117
2017-04-10,803.09130859375,806.3437437873608,794.4615032926816,800.3592418564086,460843
2017-04-11,801.1397705078125,802.9611128665401,795.5455719249121,800.489283531586,715100
2017-04-12,801.18310546875,802.8743821515443,796.5863415402875,798.104144446453,2006885
2017-04-13,801.2698364257812,805.9100086199049,796.6297171684232,799.5352044885609,1200252
2017-04-17,792.7702026367188,801.226533886579,791.0789257993929,800.5326916534315,449115
2017-04-18,791.6426391601562,798.7546405895945,790.1681914470051,793.5941000619479,605252
2017-04-19,788.0001220703125,796.5865736157369,785.7884763500606,793.2473744872809,1245002
2017-04-20,794.201171875,795.8490403056338,786.0050261187407,790.9920924913562,1955164
2017-04-21,786.13525390625,801.3132841057226,783.6200162984871,797.4970724808621,761841
2017-04-24,784.5308227539062,789.1709959767828,779.3269257885117,789.1709959767828,789135
2017-04-25,801.3999633789062,804.0019113119547,783.2296830590984,786.6555917582987,1105317
2017-04-26,816.44775390625,819.613477932226,798.1907658581802,801.3998450892876,1296199
2017-04-27,821.6083984375,824.8174780773095,811.9812124548369,816.2310288973822,1096343
2017-04-28,810.8970336914062,820.0472061018052,808.4685596916778,818.7462322158689,3585324
2017-05-02,804.9559326171875,812.8918949374556,801.3999583059044,806.7773279208513,1615426
2017-05-03,810.0731201171875,812.6317128291078,800.1856968339844,809.2058041427579,977037
2017-05-04,829.76123046875,832.6233626906455,809.8996728298598,810.2899756184746,1234682
2017-05-05,827.3327026367188,832.1462955529975,823.3430175202989,826.9857550833729,571239
2017-05-08,828.156494140625,832.623191813075,820.5241254696899,828.2866126890485,672197
2017-05-09,825.7280883789062,830.8886285485801,821.7818116386009,830.0213126523915,1292861
2017-05-10,864.150146484375,866.4485547161337,827.5060509520861,827.5060509520861,2928370
2017-05-11,848.8856201171875,863.8468226173371,846.4571456610395,862.459138052902,1354465
2017-05-12,850.14306640625,856.9081199235573,841.5132625059023,848.4951450009229,890243
2017-05-15,852.7885131835938,857.6454619288733,845.2428528991154,851.0972362848152,734446
2017-05-16,867.6629638671875,869.4843063266806,851.7476832062789,852.5716440091043,1503815
2017-05-17,875.4686889648438,877.723689125838,859.5967656757085,870.7851619390724,1999387
2017-05-18,858.859619140625,875.1217931965571,852.5715785056647,874.2544772469074,2690943
2017-05-19,874.2544555664062,887.04736550649,867.315928141276,867.315928141276,3059815
2017-05-22,883.4480590820312,891.7742715323632,875.1218466316994,877.1600180631217,1788720
2017-05-23,888.8255004882812,895.070133488788,879.4584451139835,883.6215514265776,2640069
2017-05-24,900.3172607421875,902.0084843008448,887.6977727710718,890.3431284638608,1992083
2017-05-25,905.000732421875,910.6816939094814,893.5956130493507,900.1871927067529,1918721
2017-05-26,902.83251953125,908.0364153680183,895.4170314879742,903.7866518001496,716421
2017-05-29,929.9797973632812,934.099549321757,900.9247046035052,902.87616605752,1771026
2017-05-30,930.2830810546875,932.3212523937227,913.5439464872272,928.9821071097462,890684
2017-05-31,925.4261474609375,931.8876091401881,920.2656597471896,924.3854106379482,2226704
2017-06-01,950.0143432617188,953.5703168778955,920.3954874264023,925.4259614311966,1782269
2017-06-02,942.2520751953125,956.649498881378,907.2991998405339,954.0909591621588,2216247
2017-06-05,952.0961303710938,955.1751444926025,943.639799447734,947.1090634162919,612171
2017-06-06,946.71875,955.6087383224941,942.7724201513356,952.2694872781502,1203091
2017-06-07,959.554931640625,966.4067484742452,946.6753116083811,958.5574971737997,2392047
2017-06-08,948.409912109375,967.0572034768661,944.1167408648723,959.8584393437288,935574
2017-06-09,950.0143432617188,958.73090942779,945.3742248922251,946.2415406948786,691085
2017-06-12,953.7440185546875,958.3841377755463,939.3031866162141,950.5782941194558,1059705
2017-06-13,956.4326171875,962.1568810034436,949.7543270478197,950.5782348107005,1040661
2017-06-14,965.9296875,971.0468725483795,949.0170272395497,958.3840814255165,1139136
2017-06-15,957.5169677734375,972.694999418397,955.4353879731339,969.2257350424062,1051935
2017-06-16,946.9356689453125,963.4579755316976,944.0300755918792,957.5168819947528,1550451
2017-06-19,950.2749633789062,954.9150836186915,945.6348431391211,949.1908181886035,859068
2017-06-20,948.0198364257812,954.9149565693044,946.3285066298045,953.050205915374,1272735
2017-06-21,974.385986328125,979.199631827794,948.8001677816945,949.0604048959818,1411671
2017-06-22,957.4091186523438,977.8428086560432,955.6589078284827,977.4927451263927,1000211
2017-06-23,960.7782592773438,965.0224991875136,940.7383238508975,957.2778376072009,1600881
2017-06-27,955.70263671875,975.6987748055794,951.2396203066613,959.5531220480718,1809437
2017-06-28,953.8649291992188,966.947712791964,948.833072921333,958.2404563973803,1084236
2017-06-29,952.2021484375,957.934131441316,948.8330140687693,957.934131441316,1771369
2017-06-30,944.7639770507812,956.2278389567815,931.112351161788,949.4895686189286,1501780
2017-07-03,960.6470947265625,962.7035713554026,946.0765662997845,956.490343462658,823810
2017-07-04,952.2021484375,973.1171885123094,948.4829505497506,966.4664089485058,938993
2017-07-05,959.7282104492188,960.8658903898258,946.907999648079,951.2397293749915,364842
2017-07-06,956.0526733398438,959.7280733817366,950.7145516316119,959.7280733817366,653440
2017-07-07,960.603271484375,971.2796227553056,953.6900234444968,954.7401073222395,780216
2017-07-10,959.334228515625,966.9476022402264,953.8648201432441,964.8036368880059,123910
2017-07-11,968.2603759765625,973.9485613636934,959.9906722588762,964.3661994797462,1088867
2017-07-12,990.31298828125,996.2199493793682,966.9914093956546,971.3669361350014,1749266
2017-07-13,992.9821166992188,997.532729158209,989.7442692466497,992.9821166992188,1390586
2017-07-14,997.0073852539062,1001.951644115719,984.755912599348,993.2443902088321,1430776
2017-07-17,1008.9527587890625,1011.621873069739,988.9129299810188,997.6201862452443,1177146
2017-07-18,1013.2407836914062,1023.6983574983723,1004.008485655071,1009.2153201460985,3322231
2017-07-19,1010.177734375,1045.7945825113898,993.6820216075085,1041.375258223633,4799441
2017-07-20,1008.9091186523438,1016.0412496042586,1001.9957640681295,1011.1405735082495,1295206
2017-07-21,1013.9407958984375,1018.7975663083291,1001.9955869683926,1014.1595722274699,1690899
2017-07-24,1014.5535888671875,1018.88542539522,1009.9155935887088,1016.8726399186303,1102676
2017-07-25,1006.0213623046875,1015.9975873698423,1000.2456867904649,1011.228304646407,1686360
2017-07-26,1019.1043090820312,1021.2482751561479,998.8017942730507,1009.8719019110495,1563285
2017-07-27,1025.5360107421875,1043.5193621110795,1017.0037333324864,1018.4476785666977,2090566
2017-07-28,1009.7404174804688,1022.6482230643564,999.0203755548671,1022.6482230643564,860381
2017-07-31,1011.403076171875,1017.3975268569881,999.4578659774523,1015.0784761589017,955459
2017-08-01,1027.3299560546875,1029.9115811156446,1009.8716458088065,1009.8716458088065,1359063
2017-08-02,1022.7794189453125,1028.248827602774,1014.8596724795531,1027.3737222175803,587711
2017-08-03,1023.785888671875,1032.2743688183264,1013.3721124382436,1019.9354033219109,597333
2017-08-04,1043.2135009765625,1046.8890090724224,1016.8728403328267,1016.8728403328267,1116836
2017-08-07,1038.1375732421875,1044.088225835984,1025.0546834869615,1026.498628754179,868190
2017-08-08,1042.2506103515625,1058.002508744785,1033.499555688661,1034.112086785305,1329938
2017-08-09,1037.3060302734375,1046.1883702987327,1029.4300826927695,1040.9377385782875,833002
2017-08-10,1024.48583984375,1035.774720767181,1020.5478655791385,1028.1175485859917,699787
2017-08-11,1008.8214721679688,1028.0737895236598,1000.726747825235,1015.1659858420034,861457
2017-08-14,1011.3591918945312,1023.7857517334405,1003.9207965546451,1010.3091082233587,526828
2017-08-16,1038.1812744140625,1041.9004723801438,1007.2463197551823,1007.2463197551823,1366648
2017-08-17,1030.26171875,1036.9999881797205,1019.4978786745776,1036.9999881797205,961319
2017-08-18,1052.051513671875,1055.6395307411285,1023.391816057374,1023.873166685993,1407292
2017-08-21,1042.64453125,1057.1275717550525,1034.6810916024897,1052.1395125320007,965962
2017-08-22,1049.7764892578125,1056.558556578024,1039.6690852816837,1055.6397599389563,916218
2017-08-23,1039.75634765625,1046.1445520310338,1035.2495341519984,1045.8382865514848,831796
2017-08-24,1032.362060546875,1041.1131167753792,1028.5116812658666,1039.6254799463002,780599
2017-08-28,1049.864013671875,1052.6206173303829,1031.530596385286,1033.8058492945113,630713
2017-08-29,1041.769287109375,1048.857727032919,1035.2497939432121,1045.8823470041277,1002082
2017-08-30,1053.8892822265625,1058.527275899385,1038.9686951694703,1047.9385238706595,666156
2017-08-31,1067.4097900390625,1070.078904184779,1045.1384007897282,1051.7453823313285,1425125
2017-09-01,1064.259521484375,1069.3788670361582,1056.3835723818174,1064.3470106650798,622867
2017-09-04,1047.6326904296875,1063.1220168202885,1044.6573100247342,1063.1220168202885,586791
2017-09-05,1054.6771240234375,1060.190331498092,1043.3883483386555,1046.9762595855307,699191
2017-09-06,1055.727294921875,1060.6278643493679,1050.389172745063,1051.8768093629872,670064
2017-09-07,1057.783935546875,1069.160308793708,1053.3646093635302,1058.002711955468,781792
2017-09-08,1056.733642578125,1066.1847174660236,1051.964253719151,1059.0963845940005,663219
2017-09-11,1067.5413818359375,1078.130138618197,1055.3773921863194,1055.3773921863194,794869
2017-09-12,1093.70654296875,1098.2570473675378,1070.2536804227082,1071.1287856397341,1164498
2017-09-13,1094.712890625,1101.7575307515324,1089.6810353415835,1093.8815833514022,848136
2017-09-14,1092.0001220703125,1104.4703725362751,1076.4670030688503,1104.4703725362751,1239363
2017-09-15,1090.38134765625,1099.8325288729147,1081.2802299706455,1086.9684151710994,1333125
2017-09-18,1120.1787109375,1125.3417473423103,1090.3813293127996,1093.88175091573,781532
2017-09-19,1119.5225830078125,1126.7858950441043,1114.4907260496332,1126.7858950441043,563558
2017-09-20,1102.0638427734375,1121.316159453505,1098.34464523297,1120.1347886584672,1179496
2017-09-21,1099.744873046875,1104.2954850543244,1092.1314990763376,1103.5078688583828,913615
2017-09-22,1084.4306640625,1095.8508332638858,1079.96764749594,1095.8070352602886,1208698
2017-09-25,1091.3876953125,1101.7576726937873,1082.942907036189,1085.0431813116818,1271436
2017-09-26,1065.3095703125,1103.5954327480242,1051.0454159454434,1103.5954327480242,1751337
2017-09-27,1055.28955078125,1065.4407513595115,1039.625143831704,1065.0031986895485,2299025
2017-09-28,1052.5767822265625,1061.4590162764423,1043.2568886671052,1055.2020983377117,3007522
2017-09-29,1027.286376953125,1058.7026860474696,1022.9983386001003,1058.7026860474696,2274339
2017-10-03,1038.1812744140625,1042.9943541348734,1024.7484278308589,1029.5615075516698,1970990
2017-10-04,1047.938720703125,1054.0644585276943,1031.4866963873826,1042.3380247557836,2448425
2017-10-05,1039.319091796875,1054.0645984383757,1035.424808139716,1053.933311245545,2305862
2017-10-06,1056.5147705078125,1060.2776595560986,1043.2569026045123,1044.000720814398,508700
2017-10-09,1067.8475341796875,1070.5603399862523,1054.5459727139728,1065.440993946953,720819
2017-10-10,1058.177490234375,1076.6859922659694,1054.5020899948574,1071.216583085498,802675
2017-10-11,1065.9219970703125,1068.065962212272,1048.9011357900863,1063.2528833166002,1096016
2017-10-12,1086.005859375,1089.5062811618654,1064.3469995687701,1067.6724429960504,982442
2017-10-13,1092.65673828125,1096.507223960117,1077.429880765606,1083.3806410715283,840717
2017-10-16,1121.2728271484375,1126.6984390377281,1093.838181639329,1093.8819796482796,1276141
2017-10-17,1122.016357421875,1127.7045422554518,1112.2589113040165,1124.5103863301817,654497
2017-10-18,1106.089599609375,1122.410339222308,1102.6329754715878,1117.5097695850932,697765
2017-10-19,1100.6201171875,1111.383957298974,1097.1196952747473,1107.0084299080333,67835
2017-10-23,1093.8377685546875,1118.0344501715838,1083.9053452953142,1107.883250598901,791883
2017-10-24,1111.427734375,1114.884358218997,1097.3822489847898,1098.1698652652087,1055569
2017-10-25,1113.52783203125,1123.1103003292974,1107.095828656851,1121.0100259883288,1332232
2017-10-26,1114.621826171875,1124.510560994427,1096.9447379039023,1124.510560994427,2321903
2017-10-27,1102.7642822265625,1114.6218983562367,1090.3815173063956,1114.6218983562367,875032
2017-10-30,1080.054931640625,1110.9023938400705,1076.3795320657616,1102.6326913844389,1063165
2017-10-31,1082.8990478515625,1093.7941733044177,1076.7733105417162,1086.005714502737,722440
2017-11-01,1108.0460205078125,1112.450018999497,1090.4300265410745,1091.0465433221127,1243886
2017-11-02,1093.5126953125,1110.7323703729382,1090.473979722767,1110.6882873854713,762274
2017-11-03,1091.751220703125,1096.5956190200811,1085.1452229981846,1096.5956190200811,656886
2017-11-06,1092.7200927734375,1100.559231653661,1087.74355293513,1091.3108347490086,532305
2017-11-07,1087.0830078125,1102.9374033033164,1080.1687512829053,1087.875749090941,949224
2017-11-08,1088.0517578125,1099.1498109516376,1082.150336149358,1092.4997311537743,872203
2017-11-09,1103.5540771484375,1132.752611657859,1093.2486551053742,1100.559336361919,1417669
2017-11-10,1136.80419921875,1144.3790554340985,1095.9791530148411,1105.095408766083,1933002
2017-11-13,1126.9830322265625,1158.2514164735676,1117.9548367749626,1140.6354253484944,1413270
2017-11-14,1130.8585205078125,1135.3505765371526,1126.7627812530277,1132.7962364359287,1131348
2017-11-15,1114.21142578125,1131.8274167026927,1108.530311716875,1130.8585587059085,1195740
2017-11-16,1124.3409423828125,1133.589340263752,1097.608690011807,1118.6157436946116,911479
2017-11-17,1125.7940673828125,1142.7494602421555,1119.7606114276707,1129.1851244507839,1134503
2017-11-20,1122.579345703125,1128.4366858801734,1115.224688873075,1127.4237446057277,707096
2017-11-21,1125.08935546875,1131.827493960035,1120.3770990795056,1123.0194978980894,828746
2017-11-22,1119.0123291015625,1124.7816121718072,1113.0229535484673,1123.0200121527441,646368
2017-11-23,1116.41357421875,1123.9003713634122,1111.5691760663215,1123.0195716993342,891839
2017-11-24,1115.04833984375,1118.6156216449826,1103.6420267095775,1118.0871633276322,971523
2017-11-27,1110.07177734375,1115.8850331917677,1101.4839812556952,1110.6882940550995,763155
2017-11-28,1116.7216796875,1121.2137358553139,1111.921365183366,1112.4498234055543,975006
2017-11-29,1124.032470703125,1128.3923858691628,1112.8903338661007,1116.7217907573895,819468
2017-11-30,1120.773681640625,1124.0327054679803,1108.0461673210916,1121.2581645467008,2308732
2017-12-01,1101.43994140625,1126.3225310461753,1096.8157433315737,1120.773450348769,470360
2017-12-04,1117.382568359375,1122.138908628262,1093.248633122025,1106.857054100216,833814
2017-12-05,1110.6883544921875,1122.1387498993236,1105.403556611971,1122.1387498993236,862459
2017-12-06,1123.5484619140625,1129.449886443734,1105.9324618604724,1108.2666033714795,1516859
2017-12-07,1137.9490966796875,1144.0266359387958,1120.4212691693851,1124.9573014783327,1407824
2017-12-08,1168.5128173828125,1172.3442741603565,1137.3765728524727,1141.8686293337134,1267860
2017-12-11,1166.222900390625,1170.582815952401,1155.3009624700142,1170.582815952401,597953
2017-12-12,1157.9432373046875,1166.1786922148456,1152.6584396058288,1161.862752590214,873443
2017-12-13,1158.295654296875,1177.6291641333012,1150.500491166413,1162.1271113748614,917877
2017-12-14,1164.06494140625,1168.6891401466241,1148.7830870729144,1157.370884733609,834383
2017-12-15,1166.6632080078125,1175.8675212525186,1154.3759884987624,1169.9662066630162,1420357
2017-12-18,1173.0052490234375,1184.6758475213242,1145.8765695073355,1162.6558503555002,918171
2017-12-19,1188.8154296875,1190.8413122057111,1168.3809176337838,1174.19417472497,1227087
2017-12-20,1200.2216796875,1204.8898533795805,1174.5463480628432,1185.732460750884,1198943
2017-12-21,1187.7142333984375,1202.4236519210197,1184.7635761037434,1202.2915104709166,557871
2017-12-22,1194.8050537109375,1197.4474533874084,1181.4169383579585,1181.4169383579585,561400
2017-12-26,1187.406005859375,1192.5146869197688,1180.271550082921,1189.4318880949254,913529
2017-12-27,1191.2376708984375,1201.4109518045864,1182.605897193365,1189.784437214281,569851
2017-12-28,1193.043212890625,1217.969887810424,1188.0226975274552,1196.1260118903424,2608574
2017-12-29,1204.8017578125,1211.0114382397344,1189.0795058501565,1197.0067025558242,799006
2018-01-01,1184.235107421875,1204.053099178656,1180.315592059995,1204.053099178656,746852
2018-01-02,1179.03857421875,1188.9035963519186,1170.1866008647632,1184.6757143634884,695988
2018-01-03,1189.3878173828125,1195.0690397875123,1175.8675639010323,1184.4112777245766,832810
2018-01-04,1191.061279296875,1194.4964192990212,1181.548600447775,1189.1675386208663,640189
2018-01-05,1194.8486328125,1200.4856637293976,1187.5379537829062,1189.9601524648294,568451
2018-01-08,1205.2864990234375,1207.5765570588155,1187.8466195241933,1187.8466195241933,801796
2018-01-09,1199.0328369140625,1211.892492770795,1194.364554864385,1210.2189516103722,708386
2018-01-10,1202.9962158203125,1206.6955313758588,1193.48353650678,1199.0765928307922,939525
2018-01-11,1214.3145751953125,1218.0579740660835,1195.2452394438378,1195.2452394438378,629248
2018-01-12,1210.21875,1219.3790880977847,1195.2451555676855,1216.2082307807223,872539
2018-01-15,1204.2291259765625,1211.6278638492913,1201.4106103676556,1211.6278638492913,1324592
2018-01-16,1217.2652587890625,1223.8712569373388,1201.1906632949233,1206.0791449324483,896453
2018-01-17,1207.75244140625,1225.1923175466288,1203.3925261308998,1223.4307182403072,1409691
2018-01-18,1195.2010498046875,1239.1970571189777,1189.6079934948418,1233.1195179906972,2465412
2018-01-19,1200.04541015625,1209.2057477913124,1189.1235807846801,1207.0478317105149,1491194
2018-01-22,1193.5714111328125,1202.291347907243,1185.9524737612273,1200.5297488626904,1014403
2018-01-23,1205.2423095703125,1208.7655085503227,1189.1237387484662,1198.5041700171432,1284895
2018-01-24,1203.0843505859375,1208.4572073362299,1175.9117009190477,1204.9340084810224,1819330
2018-01-25,1209.117919921875,1213.742118850733,1197.4914056228345,1205.7268622112804,2125894
2018-01-29,1230.7415771484375,1233.1196935496243,1204.229417721517,1206.695700116418,1406390
2018-01-30,1233.3397216796875,1241.927518349123,1224.3995836429926,1230.7414056951925,1310365
2018-01-31,1206.1231689453125,1233.1197039682324,1200.1777703726086,1233.1197039682324,1491912
2018-02-01,1207.796630859375,1219.731510219513,1189.9604363106769,1209.3380303882748,1563429
2018-02-02,1208.63330078125,1213.6539235640423,1190.8411899160417,1190.8411899160417,1699619
2018-02-05,1194.143798828125,1199.1643124519624,1181.372207396808,1190.9288594811776,1585136
2018-02-06,1167.3681640625,1187.758703916925,1144.15910744389,1145.039907372638,1540401
2018-02-07,1156.1817626953125,1171.4636161844967,1151.249305815277,1164.4172184931615,1561287
2018-02-08,1171.0672607421875,1178.1136582013842,1149.6637854520802,1167.676095949355,1146084
2018-02-09,1174.150146484375,1180.2716617220738,1155.433151848857,1161.7748670234441,810004
2018-02-12,1184.191162109375,1188.991585182485,1174.2381896038376,1180.2716462918027,1166428
2018-02-14,1188.5511474609375,1191.898121839589,1173.2252110380725,1188.9034888480312,857401
2018-02-15,1196.258056640625,1201.8070298798152,1179.1705220625806,1191.7219169752916,844856
2018-02-16,1190.92919921875,1201.4107366804908,1187.3179421153238,1201.4107366804908,1091144
2018-02-19,1176.66015625,1197.0066046260617,1170.4065008643847,1197.0066046260617,495950
2018-02-20,1173.049072265625,1183.2222441917781,1169.5698489721535,1173.3573306537824,688130
2018-02-21,1171.9920654296875,1179.3908044521813,1165.2980091786676,1179.3908044521813,1406451
2018-02-22,1168.3365478515625,1174.810510713477,1156.7100365230854,1171.5514877893506,2173259
2018-02-23,1165.43017578125,1172.8728904378456,1162.8317520849405,1168.3808333514005,896708
2018-02-26,1174.370361328125,1178.8624185937692,1159.352682433906,1159.352682433906,1109668
2018-02-27,1185.864501953125,1191.2814409147852,1175.0747070169282,1180.2714460819313,1316559
2018-02-28,1160.6739501953125,1178.9505462617537,1154.728551474904,1178.862487784612,1862621
2018-03-01,1166.398681640625,1170.5824790639158,1157.5906870652757,1162.6552839461015,961945
2018-03-05,1144.819580078125,1163.4924934832127,1139.5347810933442,1162.6557766517599,842790
2018-03-06,1139.0501708984375,1151.9979914760365,1135.526971968941,1145.0396520863812,738512
2018-03-07,1139.6224365234375,1151.733429913611,1137.2002378454029,1138.9178614196928,917890
2018-03-08,1139.0062255859375,1149.928164060504,1131.1230032607314,1145.0396824085747,739272
2018-03-09,1145.7000732421875,1147.6818723310168,1132.7963376710238,1140.6354755707343,852176
2018-03-12,1166.3548583984375,1169.6578570997465,1139.7988348555043,1149.443548055531,874857
2018-03-13,1163.140380859375,1172.7410140006104,1157.1068153736253,1166.9718390189853,1067772
2018-03-14,1159.925048828125,1167.0595042938735,1154.8604509793026,1160.365448641066,760665
2018-03-15,1144.99560546875,1162.655683671716,1139.9750898425139,1157.2828266374363,536838
2018-03-16,1144.291015625,1154.4641882160965,1128.3925371448634,1147.6820731553655,3646692
2018-03-19,1153.3189697265625,1161.0699413721688,1147.9020309081952,1152.0858288340066,1244199
2018-03-20,1156.710205078125,1163.0960028978975,1150.3244072583523,1150.3244072583523,1249242
2018-03-21,1158.7802734375,1165.386272382514,1149.4438164324497,1156.710415271965,1698614
2018-03-22,1155.476806640625,1163.0957438463524,1153.0106325436213,1156.0493478215355,950972
2018-03-23,1146.492919921875,1157.3707744180242,1130.770667207081,1136.2315821912111,1301609
2018-03-26,1166.443115234375,1171.3755721752907,1143.27803953039,1147.6820381418324,1032138
2018-03-27,1173.9300537109375,1180.271769464435,1163.6687142113185,1179.3909696364763,1040328
2018-03-28,1174.4141845703125,1179.7430654276961,1164.5932470295697,1167.9844116767165,1337677
2018-04-02,1190.2244873046875,1198.3718832269449,1158.2514202992813,1158.2514202992813,708747
2018-04-03,1187.670166015625,1193.923821481496,1179.082370176861,1186.5250835626648,979726
2018-04-04,1195.6414794921875,1197.8875616781309,1179.8752512768704,1187.3179655456768,912607
2018-04-05,1217.441162109375,1218.8505274826423,1200.265569937631,1215.5034460003558,588716
2018-04-06,1210.92333984375,1217.2209710032996,1200.045378707474,1217.2209710032996,633937
2018-04-09,1225.720703125,1229.9485842171698,1204.4934542469216,1204.8897710595388,923543
2018-04-10,1225.633056640625,1235.5861384842492,1221.6694571042378,1232.0629388963496,969036
2018-04-11,1241.178955078125,1251.1760104617588,1220.3921030537617,1226.9540180029778,1015714
2018-04-12,1244.349609375,1247.2122080162803,1230.565074413862,1240.1658113608212,510556
2018-04-13,1242.412109375,1245.3186839891819,1232.4149463658398,1243.689225983118,534981
2018-04-16,1250.295166015625,1253.5540818766249,1237.3914289906775,1240.9587107602667,325041
2018-04-17,1273.240234375,1277.600150515802,1250.559638803968,1251.1761556757647,1176082
2018-04-18,1277.60009765625,1282.5766379824593,1268.351699844881,1277.60009765625,765225
2018-04-19,1280.8590087890625,1292.9260303971878,1275.7063515328125,1278.3928338941978,682820
2018-04-20,1292.8377685546875,1296.6692255261469,1269.408411862201,1270.1130945896025,674146
2018-04-23,1279.5814208984375,1295.6560111110664,1277.1592223732468,1295.6560111110664,395622
2018-04-24,1285.6591796875,1294.5552342961332,1273.371960545137,1289.4906365092968,1218174
2018-04-25,1285.2628173828125,1288.609899089542,1276.32278687362,1285.0867004590855,504777
2018-04-26,1313.492431640625,1319.9662873354262,1285.8353021041944,1288.6098424075335,1321586
2018-04-27,1298.2550048828125,1318.9978860993965,1294.6878297025708,1313.4928865747745,818770
2018-04-30,1329.0386962890625,1333.1344364209363,1298.7832479282454,1299.1795647876706,612159
2018-05-02,1296.4930419921875,1333.5307114303992,1290.0632688596013,1331.7691120758016,1047583
2018-05-03,1279.097412109375,1293.850808592788,1269.7609558386982,1290.9001508000067,1243694
2018-05-04,1289.666748046875,1295.6562284123872,1275.0895789894116,1281.5634346295196,586841
2018-05-07,1319.349853515625,1322.9611106760221,1290.3715227299417,1296.889461823056,887065
2018-05-08,1317.720458984375,1325.4274565043743,1302.262380950749,1315.9147765576051,906975
2018-05-09,1317.6763916015625,1330.8883875066585,1309.0885942632503,1318.4691328597678,759263
2018-05-10,1309.30859375,1327.2328439466166,1303.5833964009419,1315.914590691221,932116
2018-05-11,1324.81103515625,1326.4845763780265,1308.07583797751,1311.5109789023118,591179
2018-05-14,1324.3262939453125,1339.8723210147891,1315.958697667233,1334.4114064516255,1479249
2018-05-15,1334.85205078125,1358.5455860865468,1330.448051933407,1347.6236474399952,3239290
2018-05-16,1386.466796875,1393.7774774487373,1327.0128166700729,1329.1267574701471,2420630
2018-05-17,1382.6795654296875,1406.1088185444778,1374.2678843538959,1386.4669400480727,2082393
2018-05-18,1414.388427734375,1420.2897436614737,1376.9544344905842,1376.9544344905842,2041908
2018-05-21,1390.4742431640625,1426.3668251376803,1385.541787145203,1420.7296864649222,1510806
2018-05-22,1386.642822265625,1399.5464501013573,1372.4618630072976,1379.111942846314,1137466
2018-05-23,1381.1820068359375,1397.2126261054855,1374.9283503848512,1380.21314865667,891664
2018-05-24,1375.0164794921875,1384.3089599386587,1365.2837066866077,1382.9436773071673,915840
2018-05-25,1387.919921875,1401.5723152045653,1371.6692128227605,1379.3321260709185,968884
2018-05-28,1394.173828125,1396.6840858461958,1388.1403714913895,1396.0675690443225,563972
2018-05-29,1385.2335205078125,1407.3416770036204,1377.3063239212795,1387.7438854424693,944652
2018-05-30,1396.772216796875,1404.699414150956,1371.4051422560176,1382.4151385811301,1089156
2018-05-31,1419.3646240234375,1424.825646638453,1391.3992337362788,1404.8755120635576,3315162
2018-06-01,1399.4586181640625,1430.771091319576,1392.6324203118886,1420.7299529750592,1444570
2018-06-04,1376.8662109375,1400.4716886982035,1372.2860949633969,1400.4716886982035,857157
2018-06-05,1376.5140380859375,1385.4981534795895,1362.641440554276,1377.5709548900686,1531015
2018-06-06,1383.8687744140625,1390.7830320753212,1371.8017513593295,1375.0166924750602,1085135
2018-06-07,1411.9661865234375,1415.1810198327623,1387.2597087034862,1387.2597087034862,1479204
2018-06-08,1405.4039306640625,1410.380470298914,1392.9846768323075,1409.1914122493986,760059
2018-06-11,1410.5128173828125,1424.2532727214932,1395.5392208235883,1405.7564769718635,905198
2018-06-12,1443.146240234375,1448.9155213362478,1400.8238787277098,1413.5074160414824,1707972
2018-06-13,1427.952392578125,1448.6952679681376,1426.4550761358255,1448.0346682107422,845842
2018-06-14,1417.7353515625,1448.0348865066876,1407.7823782289945,1424.957974510552,1348038
2018-06-15,1428.0406494140625,1434.7347058776504,1400.4715747770051,1400.4715747770051,2101892
2018-06-18,1416.810302734375,1443.6306087419507,1412.362221548333,1435.6593289988816,846403
2018-06-19,1410.1602783203125,1419.849074736005,1400.2071989945775,1412.4503359692142,1118708
2018-06-20,1411.3936767578125,1424.7817912386872,1406.63733614609,1406.63733614609,1535703
2018-06-21,1414.0999755859375,1429.2309645535288,1409.2634409878942,1414.5881139387302,1185462
2018-06-22,1427.1011962890625,1429.408533099799,1403.051443061497,1412.8133443098693,1098709
2018-06-25,1433.3577880859375,1445.648888027632,1426.4800846591638,1434.1120951827215,1082199
2018-06-26,1439.2149658203125,1447.2463921898775,1432.5591235242418,1433.2247077538489,759142
2018-06-27,1428.166259765625,1470.186787622941,1418.448665363113,1445.6488949045413,2251405
2018-06-28,1422.353515625,1438.105675913469,1416.3632574871315,1428.7874965878957,1177218
2018-06-29,1456.4312744140625,1459.8479180881177,1424.7494035336972,1424.7494035336972,1722592
2018-07-02,1458.4722900390625,1462.2883490904278,1442.1433792081311,1456.2093689715564,1099574
2018-07-03,1458.516845703125,1474.1358666194947,1450.973558092248,1459.8480141050445,1381265
2018-07-04,1487.358642578125,1493.0383153853845,1455.1000206537528,1457.1854958909794,1244751
2018-07-05,1498.0081787109375,1501.8685454200177,1480.6142665484558,1490.0211682794218,1449303
2018-07-06,1489.4000244140625,1506.5720754607332,1484.1640736003303,1498.8956491968584,1458899
2018-07-09,1501.4691162109375,1505.107621223452,1485.5838195330537,1492.6833837841075,773248
2018-07-10,1497.1204833984375,1507.6366903797525,1489.2221971784973,1502.6670174952012,1093651
2018-07-11,1524.7647705078125,1527.2939689529405,1490.0656671384868,1495.3459254420134,1158397
2018-07-12,1546.2408447265625,1552.497379640966,1524.853427083699,1526.4064569090424,1471465
2018-07-13,1546.5069580078125,1553.0740765258427,1529.9560773838841,1545.9300967533213,976456
2018-07-16,1554.1392822265625,1578.7659004031718,1547.5721623799786,1552.852529293788,2218046
2018-07-17,1492.417236328125,1579.653182966977,1489.3111766986956,1568.1163900576678,6188478
2018-07-18,1458.7391357421875,1508.3916883914824,1443.8744175528755,1502.4458444480751,2372869
2018-07-19,1462.02197265625,1482.0339110145221,1458.6497449230467,1465.9711699325496,1457149
2018-07-20,1469.476806640625,1483.320936631679,1445.4714676437345,1469.5212222538833,1734748
2018-07-23,1499.4725341796875,1511.275496090014,1473.6478879476701,1481.1023445938697,1382893
2018-07-24,1480.1705322265625,1517.2656931657668,1475.333888726664,1508.6575142111021,1084438
2018-07-25,1466.9031982421875,1490.4205072362429,1453.8577909249605,1482.9216350591234,1526620
2018-07-26,1481.9896240234375,1490.5979106892153,1459.8923169234617,1468.7223566416646,2088548
2018-07-27,1472.272216796875,1486.293900289149,1456.6975035400474,1482.0341181740694,1030665
2018-07-30,1498.6295166015625,1501.5581307562693,1465.1728569022462,1478.7064038845353,1237254
2018-07-31,1536.7452392578125,1541.8923588879052,1492.4172652600157,1499.7831072849042,1877744
2018-08-01,1539.0968017578125,1546.8175344148458,1525.1638421579198,1537.8986636465904,1191134
2018-08-02,1551.698974609375,1561.6827398163268,1543.2682395457266,1546.1524383832905,1127209
2018-08-03,1564.5667724609375,1568.4271395980754,1550.2789183263997,1556.5797611437802,758933
2018-08-06,1535.54736328125,1561.9044576721574,1522.0138161338066,1561.9044576721574,1629015
2018-08-07,1535.3253173828125,1545.9302490656246,1529.9562281223518,1535.9909015887822,863577
2018-08-08,1559.3751220703125,1564.566657378444,1527.604524946657,1533.5060600963989,1423256
2018-08-09,1556.757080078125,1566.3415362099024,1542.557950004834,1563.23547650637,939345
2018-08-10,1555.426025390625,1565.0992051266603,1545.486676944708,1553.0299653478262,730724
2018-08-13,1534.260498046875,1558.7983936581759,1531.5094380048945,1543.2680936928937,691024
2018-08-14,1547.9271240234375,1561.2832248111295,1534.3935774324343,1534.3935774324343,850399
2018-08-16,1541.8480224609375,1554.7602910710698,1535.8133489885354,1545.0428049866011,638454
2018-08-17,1583.8685302734375,1587.2851741579523,1536.8339136019192,1545.131508273101,1420289
2018-08-20,1576.9908447265625,1605.0785198736355,1573.6185080853318,1588.5276376255188,924623
2018-08-21,1555.24853515625,1576.9909540500178,1553.0299209834166,1576.9909540500178,1169476
2018-08-23,1573.263671875,1582.7592968783244,1559.6857102683796,1566.297136945461,1375102
2018-08-24,1580.4962158203125,1587.640196313222,1563.9010262453749,1573.6629279555177,866648
2018-08-27,1590.568603515625,1595.6269995032187,1578.4992581228591,1589.4148810401919,627163
2018-08-28,1571.8436279296875,1589.3706788033462,1568.8707067894222,1587.6402031886323,991764
2018-08-29,1558.22119140625,1579.1205766913686,1554.1389636888352,1575.215794745286,777922
2018-08-30,1573.307861328125,1579.4756730546226,1557.4669795272896,1557.4669795272896,1586926
2018-08-31,1579.741943359375,1588.4832611435345,1566.3415360204804,1576.9908835741605,1335542
2018-09-03,1507.85888671875,1589.8588866879848,1504.9746883477,1589.8588866879848,1744229
2018-09-04,1465.35009765625,1506.8381785012202,1441.0784827211198,1505.995148532931,3852609
2018-09-05,1430.2962646484375,1462.1112812883107,1416.3634097768045,1458.0733598140914,2693195
2018-09-06,1427.544921875,1452.304674937893,1418.7148817880352,1440.723466920017,2008264
2018-09-07,1454.301513671875,1459.581771792718,1420.8004414271072,1430.4736203771797,1571003
2018-09-10,1429.053466796875,1455.765553462269,1423.462517069603,1448.9321584255208,1423511
2018-09-11,1411.615234375,1441.2115207237116,1398.6585514829198,1431.4496200291544,2381214
2018-09-12,1443.740966796875,1452.659839114064,1408.8200013431224,1419.8686566040249,1789295
2018-09-14,1445.9151611328125,1463.3977961413104,1431.0060317027674,1453.5471716357415,1920969
2018-09-17,1424.7496337890625,1442.9866859754895,1415.4758696992042,1437.6620118574988,904395
2018-09-18,1477.552490234375,1482.8771637689556,1435.8869631585856,1439.4367455149725,2932792
2018-09-19,1461.7115478515625,1489.5773598661178,1452.8815079365204,1482.9215182223907,1589108
2018-09-21,1438.8157958984375,1470.4088420120602,1425.5041100361716,1465.1728905734135,3032792
2018-09-24,1411.437744140625,1454.966992085174,1388.053575357588,1439.4811104330995,1817390
2018-09-25,1447.29052734375,1455.4106756453612,1399.546022616763,1419.9128542881572,1229970
2018-09-26,1429.453125,1463.3979221635884,1418.1381926121371,1459.3156937133372,980726
2018-09-27,1437.75048828125,1442.0989930649505,1422.7526370872238,1428.7873100520433,1572603
2018-09-28,1427.367431640625,1444.1401740531808,1419.957283029925,1437.7505011513356,1735076
2018-10-01,1457.4517822265625,1466.4149600750154,1421.3326855207536,1425.6811901197304,1721675
2018-10-03,1436.641357421875,1457.2301613367524,1425.8145639102036,1457.1857457222982,1213562
2018-10-04,1396.794921875,1422.3978134230092,1386.2787134590612,1419.912922476372,1544573
2018-10-05,1383.1282958984375,1397.5935932668178,1356.5492368578584,1383.971325832914,1638027
2018-10-08,1383.83837890625,1393.644696857037,1364.0927128192675,1376.4282292543678,1998863
2018-10-09,1342.21728515625,1393.2898315495008,1324.5127857246052,1387.0777112814458,1562134
2018-10-10,1355.706298828125,1369.506012974019,1322.7820885807441,1342.2614762592764,2294071
2018-10-11,1354.330810546875,1366.6663269825467,1310.9346957706907,1322.2940436389576,1823960
2018-10-12,1392.9345703125,1399.9454121090237,1366.7549255218717,1380.4216092143179,1728063
2018-10-15,1354.508544921875,1413.6567198250548,1331.1686774450252,1375.27468962539,3913322
2018-10-16,1372.168212890625,1382.2408061573024,1354.6855795655774,1362.85003497681,1374834
2018-10-17,1386.1900634765625,1400.2117476558142,1372.0353491184385,1382.7290038798342,1223188
2018-10-19,1400.744140625,1407.266844043964,1369.372960691307,1376.6055555836645,932433
2018-10-22,1406.5123291015625,1411.0382792745963,1390.272033875727,1409.2633883572696,614209
2018-10-23,1377.360107421875,1403.9390621369764,1373.3221862559867,1398.2150808480565,989355
2018-10-24,1407.4443359375,1411.925979645172,1377.6706004223847,1386.1900566975228,690618
2018-10-25,1402.624755859375,1420.6534222718444,1385.7562875918334,1404.811362749102,2397242
2018-10-26,1390.7542724609375,1409.7201176653623,1383.3463928720723,1398.6529673798,1049382
2018-10-29,1385.979248046875,1391.8251250639614,1358.4006583574378,1391.8251250639614,1478828
2018-10-30,1421.8135986328125,1431.229517071704,1376.6524896063086,1386.8717980662402,1366068
2018-10-31,1447.384033203125,1449.4368506475666,1394.056538236258,1421.7690289911168,1478902
2018-11-01,1434.8446044921875,1449.8833854383822,1413.3351220720451,1449.8833854383822,1037308
2018-11-02,1462.333740234375,1471.035717342121,1435.3799675417902,1437.5665746200211,1332970
2018-11-05,1463.7618408203125,1469.9647450110865,1436.941857600394,1459.2546193643755,764645
2018-11-06,1456.5323486328125,1476.212247139525,1445.9561218563522,1472.6422054293932,656676
2018-11-07,1467.1531982421875,1469.919958690482,1458.7190185475918,1463.717054994353,114827
2018-11-09,1492.81298828125,1499.4175875399826,1462.1999445717279,1472.6422734767687,1125863
2018-11-12,1476.4803466796875,1501.1581779032788,1471.928455406436,1492.2777409075218,805817
2018-11-13,1491.474365234375,1498.1681943904289,1460.6381909582462,1467.3765802725816,673435
2018-11-14,1531.101806640625,1552.5220592546589,1488.7522257812445,1492.2775987776888,1780843
2018-11-15,1522.66748046875,1542.6150670224702,1514.277860538938,1533.1098090421253,997169
2018-11-16,1507.5394287109375,1533.3330033510617,1502.3629333007088,1521.6411378626967,1071547
2018-11-19,1518.517333984375,1523.5153708217517,1496.7400567475559,1511.2880209741484,910054
2018-11-20,1511.9127197265625,1526.1036578349356,1503.9247946866042,1518.1602929485732,740827
2018-11-21,1508.2982177734375,1522.6230562255175,1498.257473703955,1508.3875559910696,932133
2018-11-22,1495.0443115234375,1520.5700899442202,1484.244956301072,1510.9310419474048,808599
2018-11-26,1556.5380859375,1561.893148159762,1497.7216307398512,1497.7216307398512,2314140
2018-11-27,1546.988525390625,1554.307068063159,1525.5236038397672,1551.9865625047241,1592918
2018-11-28,1546.0064697265625,1560.1081776118165,1532.2172276402093,1544.935500827262,1205956
2018-11-29,1578.40478515625,1588.6686556845489,1550.7369602538786,1558.2340700817472,1936534
2018-11-30,1565.46337890625,1605.0016366737464,1554.976380786439,1580.591387933513,2373749
2018-12-03,1629.3668212890625,1640.7017677425538,1560.1527112198391,1579.297014038153,4310053
2018-12-04,1613.3466796875,1650.2072991692228,1607.4114628792872,1637.7568208681244,3155914
2018-12-05,1649.4486083984375,1655.4284940277255,1595.8087499467458,1609.1964072449566,2847336
2018-12-06,1607.857666015625,1648.4668937723338,1604.4215223798644,1642.2193202713017,2399579
2018-12-07,1628.2069091796875,1635.7485791418826,1599.468006408348,1607.6791681783163,1774240
2018-12-10,1602.7703857421875,1619.9065436156984,1597.5937813069422,1603.6628962345378,1216028
2018-12-11,1601.967041015625,1624.2798024400195,1579.8327381030138,1589.5611238738556,2237806
2018-12-12,1641.416015625,1646.7265183945717,1602.904166303004,1602.9488354069888,1449484
2018-12-13,1656.0980224609375,1666.7188110251743,1639.5865770084818,1649.359524115588,1586900
2018-12-14,1660.560302734375,1665.290542583051,1635.7484695202468,1639.541638798905,1573884
2018-12-17,1651.769287109375,1668.5485295958679,1646.7266894907473,1664.5322319851798,1179613
2018-12-18,1642.8883056640625,1650.1622862701959,1635.971350961416,1650.1622862701959,1521255
2018-12-19,1646.50341796875,1658.2845130176788,1644.004344983081,1651.0997598956574,1687085
2018-12-20,1637.0872802734375,1655.5176427134525,1625.2615169022379,1641.3267048782072,1500656
2018-12-21,1609.6424560546875,1644.5395898133938,1606.5186697523911,1635.971512031185,1439522
2018-12-24,1592.8189697265625,1619.0141324950393,1586.482166631743,1619.0141324950393,1023418
2018-12-26,1599.021728515625,1605.3139708782546,1554.083848358636,1570.8184195900642,2212019
2018-12-27,1619.8173828125,1627.0466963162532,1600.4052787834937,1608.9286889762316,1516851
2018-12-28,1626.198486328125,1637.6672222504146,1620.530958587451,1622.4945466779964,963189
2018-12-31,1624.056640625,1639.452445683614,1616.559531154478,1633.2941018703627,757071
2019-01-01,1607.50048828125,1628.6530505074106,1605.0460846375347,1628.6530505074106,807345
2019-01-02,1592.7740478515625,1614.4174251847483,1580.9037248279308,1599.7356725940112,1598707
2019-01-03,1596.165771484375,1609.5979889000719,1590.989167097208,1590.989167097208,1182624
2019-01-04,1590.185791015625,1608.3037963409188,1581.662381770693,1605.5370357951767,1454134
2019-01-07,1593.0865478515625,1610.088916183558,1590.8552716373392,1598.9325351124412,909032
2019-01-08,1580.501953125,1600.7173346187992,1571.799977093479,1599.3785690754883,1262707
2019-01-09,1593.13134765625,1603.841474363183,1582.7782469626902,1586.437518464417,1324628
2019-01-10,1594.2020263671875,1605.715432269809,1587.7759950931315,1593.1310574711858,1313981
2019-01-11,1579.2078857421875,1602.413155586633,1569.5241699238288,1602.056129645376,1113837
2019-01-14,1574.299072265625,1589.337850294698,1570.907489260988,1580.6358741383744,1018068
2019-01-15,1597.4599609375,1600.6284169196535,1577.4231429855754,1577.4231429855754,1614600
2019-01-16,1582.01953125,1601.8778898862395,1576.8875958720955,1597.5937959042005,2054033
2019-01-17,1563.23193359375,1587.9990966866571,1555.1993401582126,1585.9017190794043,1941204
2019-01-18,1556.6275634765625,1578.7171986668284,1541.6334522319862,1561.8933972915243,3234056
2019-01-21,1559.126220703125,1569.0330629627467,1549.4425060121837,1561.0004704902412,1628067
2019-01-22,1562.07177734375,1566.3558711692958,1554.0838522356332,1558.3232769581714,1776472
2019-01-23,1577.2445068359375,1592.2833958707329,1561.3578853575787,1563.678390860144,2321782
2019-01-24,1570.3719482421875,1592.2831207387283,1567.8728757026047,1576.887317324589,1350870
2019-01-25,1567.96240234375,1587.5529631441889,1561.893287703348,1572.6034131047425,1131790
2019-01-28,1555.6458740234375,1581.1270935659734,1553.1022407696616,1569.8368134248192,1289774
2019-01-29,1567.8731689453125,1574.254640880024,1540.5623691359494,1557.4308395605385,1319822
2019-01-30,1547.032958984375,1571.487766981936,1542.3472791452978,1570.8183841477821,1259978
2019-01-31,1573.7188720703125,1584.1166394206543,1548.728582311079,1549.308735827436,1880257
2019-02-01,1605.8941650390625,1635.5254696684487,1572.1125559005986,1573.7191183590137,2342251
2019-02-04,1608.839111328125,1627.0463439886735,1601.788257877592,1606.4293769983678,1116390
2019-02-05,1625.6632080078125,1637.7120997679103,1610.9367847454707,1610.9814538501223,1278708
2019-02-06,1633.24951171875,1639.0508298473544,1624.3690760091922,1631.8661858421183,859789
2019-02-07,1641.37158203125,1646.681976261256,1631.8216537100654,1636.8643601426254,927434
2019-02-08,1621.9593505859375,1648.466868453574,1616.3364909417555,1641.416013820896,1222765
2019-02-11,1610.802978515625,1620.2635679349946,1602.7257149885538,1616.3811690870734,797453
2019-02-12,1601.6102294921875,1617.229164580576,1596.7014213215512,1615.4441434276173,990035
2019-02-14,1593.17578125,1605.180002913193,1585.9910287332466,1602.9487268457574,1341658
2019-02-15,1582.2425537109375,1597.593689719694,1559.6619959693662,1597.593689719694,1177218
2019-02-18,1563.5889892578125,1584.2951869278509,1548.505541730118,1584.2951869278509,1513430
2019-02-19,1551.138671875,1570.4615471356174,1544.4448427280686,1561.8934676173535,1598381
2019-02-20,1547.1671142578125,1558.2788275703251,1536.9032424297393,1555.3781681406522,1430235
2019-02-21,1566.0880126953125,1569.033340702864,1549.7104680449033,1550.2906216159697,1225418
2019-02-22,1578.449462890625,1582.4210909719393,1563.6337016704085,1570.8184546591162,1360163
2019-02-25,1579.8775634765625,1584.920269847073,1569.9260491071382,1581.5286861954798,1490746
2019-02-26,1581.751953125,1593.9347449304153,1572.603719230498,1573.8532558937034,2190515
2019-02-27,1549.8441162109375,1587.7758034778335,1542.7487029959102,1587.7758034778335,1491740
2019-02-28,1546.4080810546875,1567.8283294732125,1541.9008602036827,1561.0006035000042,1895136
2019-03-01,1548.193359375,1561.0008632499366,1544.98034336738,1548.5057162599428,761115
2019-03-05,1539.2235107421875,1552.7897350438138,1532.8867082939225,1552.7897350438138,1406843
2019-03-06,1517.0892333984375,1544.0430041102318,1515.4380019862676,1540.5621917331264,2193045
2019-03-07,1522.08740234375,1535.1180336301056,1517.0893654194122,1522.9352437245716,1566441
2019-03-08,1518.69580078125,1533.3329943447784,1512.8944827002017,1522.6228686566892,1419614
2019-03-11,1530.61083984375,1540.4731244576965,1519.945382938272,1525.077318318128,1427771
2019-03-12,1548.3275146484375,1552.0760157877976,1534.047344290413,1534.1365735653399,1861116
2019-03-13,1559.7510986328125,1566.8019523357193,1553.9497812359557,1561.0006349388625,1744331
2019-03-14,1550.558349609375,1563.4104121116022,1544.22143865875,1562.562570817713,867427
2019-03-15,1515.83984375,1558.769576691873,1512.3143619317198,1557.4308109518,3571762
2019-03-18,1515.0811767578125,1527.0407297768377,1505.575918557681,1526.1928884184397,1621113
2019-03-19,1516.9554443359375,1525.6574214311188,1506.736134070126,1515.1257542901583,1456211
2019-03-20,1506.1563720703125,1531.9945114836728,1502.4969912920299,1521.7306391375835,2312268
2019-03-22,1497.67724609375,1520.7039509784138,1493.7947383684284,1506.1560956059125,1636228
2019-03-25,1493.9285888671875,1506.1113782499485,1481.5673409747642,1494.062487223949,2039945
2019-03-26,1502.8092041015625,1509.7261603873715,1494.0625577347323,1499.3283914066387,1452899
2019-03-27,1500.1314697265625,1524.2292496563387,1494.9548660138917,1502.9874593238171,1520533
2019-03-28,1502.8984375,1510.1277506868857,1493.5270773450281,1503.880177250238,1852958
2019-04-01,1508.3427734375,1536.3229563502164,1504.7727313701923,1526.1929837740383,1283162
2019-04-02,1505.799072265625,1514.5902786696286,1499.5068298264828,1511.1541351247986,1227869
2019-04-03,1491.2064208984375,1505.308019858469,1489.2875017473475,1501.2024938055235,1233102
2019-04-04,1487.413330078125,1505.3080991836978,1479.7823221712729,1488.7074266475774,1212398
2019-04-05,1480.7640380859375,1491.831189248571,1472.6422149327805,1490.4924235986323,1468074
2019-04-08,1485.9405517578125,1499.194309095899,1478.8004687259524,1485.9405517578125,1647502
2019-04-09,1499.86376953125,1502.8983267667002,1483.5754542715385,1489.4214411361415,1232434
2019-04-10,1512.0465087890625,1521.4178679446816,1494.9549129202,1503.6122201795915,1720236
2019-04-11,1526.5498046875,1531.9940963189279,1515.5273230753012,1519.9452059604625,2026954
2019-04-12,1536.5906982421875,1539.3127898519324,1526.3713878198357,1531.9050181960836,1437818
2019-04-15,1536.9478759765625,1545.1142605611392,1528.9598409779423,1539.5807385875728,1035378
2019-04-16,1551.673828125,1554.7529450853176,1531.6815755832395,1540.4727802624902,1625738
2019-04-18,1552.8790283203125,1556.6275288107188,1543.3737697815259,1551.6741609447558,1475552
2019-04-22,1552.834228515625,1557.4306789567927,1544.1322519426571,1552.968126868091,717781
2019-04-23,1556.716796875,1560.1083804120324,1546.809951947088,1554.7533173213733,802947
2019-04-24,1564.2138671875,1566.3559141590629,1548.5057043110965,1557.0737832483135,1169461
2019-04-25,1547.79150390625,1573.1388212493925,1541.5439310585962,1567.2482743542669,1704890
2019-04-26,1559.5283203125,1562.607547143713,1540.6071398370805,1551.1833682855824,772993
2019-04-30,1568.765625,1572.6034636384359,1557.3861163953518,1561.8933378928846,1171594
2019-05-02,1538.2862548828125,1573.0494893805808,1535.340927152876,1567.6944272890723,793819
2019-05-03,1511.5111083984375,1541.365539217686,1501.2025691743763,1535.117966099838,1442888
2019-05-06,1489.5108642578125,1505.665283266537,1477.99745648452,1505.665283266537,2373878
2019-05-07,1515.036376953125,1526.9960378894223,1492.7236173514589,1498.3464763506872,2212617
2019-05-08,1507.1824951171875,1515.0366313956438,1494.955144381563,1515.0366313956438,1243338
2019-05-09,1520.61474609375,1528.8704681194974,1496.7400905057777,1499.5068512327077,1204995
2019-05-10,1506.066650390625,1525.30029333914,1498.0787257868615,1525.2556242389526,1000696
2019-05-13,1519.0526123046875,1532.440267524764,1507.1821810966128,1510.1275088246366,1160287
2019-05-14,1515.9290771484375,1526.192947850355,1499.596091495337,1517.2678428921658,1442817
2019-05-15,1491.4295654296875,1519.9452294728956,1487.7701855864752,1517.267698240706,1235429
2019-05-16,1506.7359619140625,1517.2676278517,1492.45579600487,1494.6870719281815,714690
2019-05-17,1550.1126708984375,1554.9321416546186,1504.0590303250628,1508.4323546677672,1502484
2019-05-20,1581.974853515625,1585.6787938623233,1548.3718115651052,1570.8184723201691,1279236
2019-05-21,1593.354248046875,1604.2428317330093,1582.3317660061923,1582.3317660061923,1337466
2019-05-22,1578.2261962890625,1593.13107650646,1559.5280378928635,1593.13107650646,1162653
2019-05-23,1565.3294677734375,1610.8921708975972,1557.4307718948944,1593.9790321027292,1551172
2019-05-24,1561.5362548828125,1570.6399268034766,1541.4547698432984,1565.4633226359012,1603085
2019-05-27,1581.483642578125,1585.053683913733,1549.3979396539526,1561.0005739946791,1373845
2019-05-28,1585.9019775390625,1594.0238015466086,1565.9097199403834,1584.2061857476092,2863139
2019-05-29,1589.427001953125,1597.0133397703553,1580.1003125691946,1584.2058383040105,899619
2019-05-30,1592.461669921875,1599.3786254728877,1589.561011142418,1595.8085838981715,1038433
2019-05-31,1596.2550048828125,1608.8840500548345,1574.3884979666095,1594.6484424277228,1329926
2019-06-03,1641.9512939453125,1646.6816425142572,1599.3785926208936,1601.1636133715865,1415582
2019-06-04,1620.4420166015625,1647.1281019229302,1612.8556774705169,1634.1866998758521,842283
2019-06-06,1640.2110595703125,1651.0550831959388,1617.3181450159968,1626.287918509188,1626007
2019-06-07,1633.9635009765625,1646.4586472355668,1619.9064614351828,1635.971649482474,698970
2019-06-10,1653.375732421875,1664.4874447767552,1637.7567983774038,1642.0408924377882,814577
2019-06-11,1642.040771484375,1657.2134491528068,1635.1683756416087,1655.6961160165458,591026
2019-06-12,1648.5557861328125,1654.0447463767996,1626.1984680424937,1640.4339640310577,709916
2019-06-13,1647.1280517578125,1649.9840416464338,1627.0912355368487,1648.5114865486003,697830
2019-06-14,1627.0018310546875,1654.044940435016,1621.1112840562175,1644.89670860474,632971
2019-06-17,1622.628662109375,1634.9899100132723,1610.6243312251336,1634.9899100132723,669276
2019-06-18,1615.0867919921875,1622.7177994631738,1600.271141197564,1615.8900731389792,995083
2019-06-19,1616.9613037109375,1628.787068380364,1608.3039950419927,1621.5131946297229,600455
2019-06-20,1622.6695556640625,1626.6248961742788,1610.4885905293647,1617.2307978578438,603514
2019-06-21,1588.1494140625,1628.9172719626195,1582.441033870185,1627.119350028886,2512357
2019-06-24,1586.171630859375,1597.992989496859,1579.2046833803627,1590.2619471448572,762144
2019-06-25,1578.9801025390625,1590.8913365282144,1568.6870423449066,1590.8913365282144,941132
2019-06-26,1583.0703125,1586.6661564806927,1569.9455039177612,1575.8786245386145,1075017
2019-06-27,1595.1165771484375,1606.9379374077762,1582.3962558007304,1589.3632042355866,1235049
2019-06-28,1606.98291015625,1609.7247855248331,1584.643747799016,1597.6786843147363,1008229
2019-07-01,1600.330322265625,1617.1409587440503,1593.5432325831102,1617.1409587440503,553283
2019-07-02,1608.421142578125,1616.3320440855866,1591.1611334991594,1603.7465887923731,763979
2019-07-03,1604.3756103515625,1615.2980081598319,1597.363780578975,1611.8370303487038,815571
2019-07-04,1612.376220703125,1616.9608992673884,1600.644847000725,1600.644847000725,646633
2019-07-05,1610.3988037109375,1632.5132230003253,1605.5443922238883,1618.1298465862255,1098940
2019-07-08,1576.3731689453125,1604.420709380566,1572.0131201305173,1604.420709380566,776755
2019-07-09,1564.4169921875,1578.5756289505819,1549.8987490513975,1574.979784693291,1462668
2019-07-10,1544.9542236328125,1577.5865491022507,1531.0203292964388,1563.293048448618,648476
2019-07-11,1556.0115966796875,1566.5743882927823,1535.4253680992174,1535.4253680992174,813618
2019-07-12,1540.0999755859375,1562.61899303176,1535.6501624314708,1552.3259332472308,1107445
2019-07-15,1543.4710693359375,1550.4380171955354,1530.0316460691006,1541.7181392529421,725180
2019-07-16,1565.36083984375,1573.7211113373917,1539.6954592901511,1549.3592900812002,1259786
2019-07-17,1582.800537109375,1587.160585606131,1551.4717692298977,1564.192088911728,1278232
2019-07-18,1563.427734375,1587.5648104806046,1536.324043664413,1587.5648104806046,1006299
2019-07-19,1546.572509765625,1583.9242730732858,1536.4591986240555,1571.3838111523194,983217
2019-07-22,1510.8836669921875,1550.4379498975352,1491.421249669964,1548.2805313464012,1729722
2019-07-23,1522.255615234375,1529.6271614110203,1498.837746598092,1512.9513906615543,1556691
2019-07-24,1553.9891357421875,1557.0006334959407,1508.9960885528726,1514.7494615708201,2621818
2019-07-25,1561.1806640625,1573.0918974762717,1553.4046293582946,1555.2025513830147,1297267
2019-07-26,1555.7869873046875,1565.9901734334405,1545.5838011759347,1556.1914758888902,771408
2019-07-29,1540.18994140625,1564.0124081569995,1528.2337160858217,1554.3035853602269,688427
2019-07-30,1546.1229248046875,1559.1128663431532,1532.7283850060269,1541.7179943022497,747251
2019-07-31,1552.1910400390625,1575.9236325001355,1529.177660276018,1545.3139664088012,1371879
2019-08-01,1556.371337890625,1568.4173283891885,1537.2234232849485,1547.1119950136822,1072498
2019-08-02,1561.8995361328125,1565.9898520289548,1533.6272603681957,1548.1903827209633,1051529
2019-08-05,1565.270751953125,1576.2830235182148,1535.1555603261447,1553.314637238608,1539739
2019-08-06,1567.8778076171875,1582.1713090037722,1553.0000693885938,1556.5509213295634,1409075
2019-08-07,1597.678466796875,1606.3534625545972,1564.1921689275919,1567.8778871484642,2507314
2019-08-08,1620.91650390625,1624.4224736383703,1600.6000079209289,1600.6000079209289,1761732
2019-08-09,1655.3016357421875,1660.0661724196416,1618.9387111334693,1622.6244288861446,1730596
2019-08-13,1640.3790283203125,1652.2902611605614,1620.062532366498,1652.2902611605614,1907934
2019-08-14,1653.234375,1666.8086650070827,1625.950819143599,1641.502889317034,1910376
2019-08-16,1643.8851318359375,1660.875517481528,1632.5582446510289,1652.2903956335724,1468390
2019-08-19,1636.9178466796875,1658.5827813890273,1628.018112246899,1645.2332346080607,905742
2019-08-20,1657.1446533203125,1662.8080415186157,1629.8162182268045,1637.9068668556192,1231835
2019-08-21,1663.0777587890625,1668.2467842555689,1650.4923054793073,1656.695157986404,1933855
2019-08-22,1682.94482421875,1690.046637889084,1655.7962465897915,1663.482297106408,2543055
2019-08-23,1672.0673828125,1687.6643334952091,1663.6621197978013,1685.3270569503948,1278546
2019-08-26,1686.9453125,1693.3727958762915,1663.0778539980427,1678.809671535862,855849
2019-08-27,1673.325927734375,1698.1372279100708,1655.8410714833765,1693.6424231776462,2510386
2019-08-28,1643.390625,1661.6395776703757,1629.3668549816553,1649.5934780090138,2519453
2019-08-29,1647.7506103515625,1657.36955941471,1630.805216530535,1633.4122255191062,2837369
2019-08-30,1691.7548828125,1695.8002076830528,1642.5367635541068,1648.8743733427634,1766858
2019-09-03,1655.751220703125,1686.2710111088718,1649.593360080088,1674.7642669368959,1195923
2019-09-04,1660.0213623046875,1671.2134926076956,1633.6818708203457,1660.3809686523352,1147464
2019-09-05,1644.8740234375,1657.6392267804147,1634.446096937258,1655.886296582525,1059065
2019-09-06,1635.344970703125,1657.0997836152344,1630.8950477871572,1645.9976369029123,631575
2019-09-09,1648.7396240234375,1670.2696981431309,1631.9739778186806,1635.2102157816767,1175372
2019-09-11,1639.974609375,1660.8754527929793,1633.6818823244255,1645.9976042288265,1055039
2019-09-12,1622.9840087890625,1648.3346619305676,1616.781156715926,1641.5025811305427,862635
2019-09-13,1623.119140625,1640.6038888610192,1612.3764904149689,1623.5236291961646,1299932
2019-09-16,1632.782958984375,1640.3791357760838,1618.1298503339915,1619.0288113619547,945889
2019-09-17,1646.1773681640625,1655.8861910288451,1628.9173605560627,1631.389503349401,1424258
2019-09-18,1644.3795166015625,1657.6391921522504,1634.8955433207414,1653.6388593552697,751391
2019-09-19,1629.591796875,1657.3247259323095,1625.5464717689802,1645.0988764480762,644684
2019-09-20,1770.7283935546875,1790.7302753958306,1627.3441169855935,1638.8058695013049,4539742
2019-09-23,1833.6561279296875,1888.4027778244965,1783.539040476774,1783.539040476774,3783357
2019-09-24,1843.2744140625,1858.9612385584473,1806.1024011703507,1838.3751208379736,1784798
2019-09-25,1844.2183837890625,1854.0619622695717,1808.5745602735376,1834.7792938403493,1874109
2019-09-26,1828.8463134765625,1865.3441087904246,1813.159377900526,1847.3648884647337,3907951
2019-09-27,1807.720703125,1838.0606369803622,1802.866291760852,1821.2949923248498,1458672
2019-09-30,1781.6959228515625,1814.0136405032865,1772.2119490107182,1805.024029429616,2169407
2019-10-01,1789.2021484375,1815.8113724804978,1782.639689146666,1788.0334552257782,1080409
2019-10-03,1763.806640625,1784.707485850138,1760.4804187688005,1784.2130133588303,1423468
2019-10-04,1747.7598876953125,1777.5155838249834,1743.1752086596227,1767.3572808896856,1723988
2019-10-07,1744.029541015625,1764.615662594291,1732.8824013320364,1747.5354015467408,880275
2019-10-09,1751.176025390625,1764.390708176354,1745.1080386496667,1752.9739473879458,1066739
2019-10-10,1769.82958984375,1782.1903044394842,1740.0290087074704,1751.1761478174603,1492290
2019-10-11,1802.1021728515625,1813.114444993122,1775.8974380123166,1785.2016623234058,1934337
2019-10-14,1810.732421875,1826.1945091241405,1803.5407329709415,1818.0589768933025,2135148
2019-10-15,1855.81494140625,1867.411669620029,1821.1151795969893,1842.8699912083825,5761733
2019-10-16,1861.7484130859375,1869.8390628772333,1845.2076168573462,1856.624378779368,1661705
2019-10-17,1891.2789306640625,1895.0095305180118,1853.6123381982222,1858.6016149648908,2001245
2019-10-18,1893.9761962890625,1902.201602195591,1879.4578434921477,1887.8182252413712,2202270
2019-10-22,1912.4049072265625,1931.867326472355,1898.6057671054507,1905.797455617214,1737401
2019-10-23,1927.676025390625,1931.4712416952468,1895.8229468039524,1915.2058398637544,1535786
2019-10-24,1927.7666015625,1942.8120109834952,1913.940964989516,1934.679309542169,973453
2019-10-25,1938.3841552734375,1948.685488110508,1924.1067029837068,1940.5980130500257,1612038
2019-10-27,1933.549560546875,1941.0045360694883,1928.805485214303,1941.0045360694883,85187
2019-10-29,1952.029052734375,1955.4176783770072,1907.9316935821912,1929.257532538616,1229516
2019-10-30,1960.3424072265625,1969.9210104770928,1935.5829378174003,1969.9210104770928,1195298
2019-10-31,1965.71923828125,1976.4723887722814,1951.2158763668663,1956.366543235565,1752830
2019-11-01,1969.3331298828125,1973.8060701619165,1939.558239040446,1956.4563566048478,1609685
2019-11-04,1950.176513671875,1976.1109711326144,1942.6313064547635,1969.3337200080957,1523698
2019-11-05,1962.8272705078125,1966.0804391075274,1936.6219009873628,1945.9745952513204,2167085
2019-11-06,1969.4237060546875,1973.535282014942,1947.3299142592489,1957.2698813389945,1093243
2019-11-07,1932.1943359375,1978.957369672922,1922.9320925406291,1978.957369672922,1970785
2019-11-08,1885.3408203125,1938.4292877098255,1882.26855470007,1929.2574960560007,1537851
2019-11-11,1880.77734375,1897.6752431148873,1868.7589761842194,1880.732117960199,1050170
2019-11-13,1889.49755859375,1893.0216408306078,1872.735113843613,1883.1721243947275,868433
2019-11-14,1869.6629638671875,1889.1363101916493,1862.795260924133,1889.1363101916493,1291198
2019-11-15,1859.406494140625,1896.7265995114815,1852.9456032595863,1863.5180704347558,958290
2019-11-18,1858.05126953125,1875.3559844577937,1841.6051829718976,1861.304438570973,1200573
2019-11-19,1841.3790283203125,1861.5300980013963,1834.3758692137085,1861.5300980013963,1413218
2019-11-20,1831.2132568359375,1855.0240874044282,1822.673964527825,1847.0268428189765,989673
2019-11-21,1851.2286376953125,1861.4397401262588,1822.628726342973,1831.6650611290065,1397175
2019-11-22,1832.884765625,1855.3400333183677,1814.495848189028,1852.448450591388,835864
2019-11-25,1863.653564453125,1867.7651408294303,1827.2372021055287,1827.2372021055287,862520
2019-11-26,1859.993896484375,1880.2351963918404,1836.45420229989,1860.5811699487201,3188224
2019-11-27,1891.530517578125,1897.5395911346125,1857.7347183961615,1863.7890177430552,1259986
2019-11-28,1886.0185546875,1896.1394262893807,1867.810428068143,1895.7778405243732,1026831
2019-11-29,1839.1651611328125,1883.6238816919006,1835.2794932675702,1883.1720649776546,1298616
2019-12-02,1846.303955078125,1863.292309295303,1833.6983116573685,1841.605104919412,1600494
2019-12-03,1832.9752197265625,1855.2499165424174,1825.4751283075818,1844.315863598511,1199012
2019-12-04,1850.6412353515625,1854.2557690143585,1827.1467665433884,1831.6649336218834,1046309
2019-12-05,1841.1080322265625,1850.4607272060348,1831.9362404381827,1850.4607272060348,961085
2019-12-06,1830.806640625,1851.5449846909776,1827.146880939559,1847.0268173296038,657658
2019-12-09,1814.6314697265625,1836.2283304698954,1799.314817113211,1834.3758378409757,964222
2019-12-10,1830.1741943359375,1844.8582395708136,1817.2070749129668,1820.731267830703,1610623
2019-12-11,1816.709716796875,1834.3757938107324,1805.4595251398243,1832.4781857405662,967708
2019-12-12,1813.90869140625,1838.4423630905733,1809.0742742233117,1816.3033422521762,955318
2019-12-13,1812.8695068359375,1828.9542274650298,1807.2670231867885,1823.9390173529564,1212988
2019-12-16,1784.4503173828125,1817.2070329190205,1778.486358132758,1807.267064066654,1683941
2019-12-17,1772.341552734375,1802.703616436967,1762.0853345153555,1788.290706156866,2189167
2019-12-18,1742.7025146484375,1777.0857047986344,1723.545417339845,1771.1217454721857,3986106
2019-12-19,1763.0792236328125,1776.9048597083467,1744.0578054635328,1745.7295053049593,2035095
2019-12-20,1755.8499755859375,1771.0310602935376,1745.3226247856583,1762.0850678875165,2169685
2019-12-23,1762.4468994140625,1772.9290265412176,1757.0250981096551,1761.4076987693518,807062
2019-12-24,1758.8323974609375,1775.4592771606885,1753.4105960571162,1763.8927233764707,790621
2019-12-26,1757.521728515625,1765.9255632167892,1751.6933372371734,1762.8080721249312,862164
2019-12-27,1761.994873046875,1766.1063390295544,1747.6270792378991,1759.2839727171367,937907
2019-12-30,1750.5638427734375,1765.9256109123708,1741.7534169290493,1761.9948275970066,1117498
2019-12-31,1737.6873779296875,1759.0131084003751,1735.0668184809074,1753.0491488214216,706593
2020-01-01,1749.931396484375,1752.9585464714542,1733.1689519143017,1744.0125532818572,543035
2020-01-02,1751.2869873046875,1764.4347888346845,1744.0126933470121,1753.0490285457015,663275
2020-01-03,1741.70849609375,1753.049141622339,1733.8469280865274,1751.1515331695784,1598825
2020-01-06,1730.8646240234375,1743.4703766627408,1727.069407708035,1741.6178839928325,683129
2020-01-07,1735.608642578125,1744.91611080301,1733.168876499313,1734.2984182592838,808935
2020-01-08,1743.42529296875,1749.4797036785671,1722.732063498574,1725.9400065864254,1889685
2020-01-09,1748.5760498046875,1759.6455601892274,1744.9162900038039,1754.4496675597493,1544334
2020-01-10,1765.699951171875,1768.8626685869729,1745.503763453972,1753.8623737653024,1003336
2020-01-13,1802.6134033203125,1805.3243040277066,1768.4108947900572,1772.0254290665828,2040089
2020-01-14,1815.218994140625,1820.776251844296,1791.3630480049512,1803.2006246319752,1610737
2020-01-15,1826.8306884765625,1831.6651056432152,1804.8723502901278,1817.3425367206405,1559491
2020-01-16,1851.770751953125,1856.6955098790252,1821.8152825684756,1827.1467417100007,2468958
2020-01-17,1861.7562255859375,1865.009173959998,1843.4576464107543,1856.9669237037754,994719
2020-01-20,1864.060302734375,1875.8525424633033,1852.4485249544525,1861.9366759359266,829399
2020-01-21,1857.328125,1875.039429057273,1854.3913162556935,1861.259018795527,750000
2020-01-22,1853.98486328125,1864.647783022915,1831.8458418690566,1864.1959662594008,983169
2020-01-23,1858.6834716796875,1862.253000137968,1838.8939882578907,1854.0298478664015,708017
2020-01-24,1873.8648681640625,1878.6541701520214,1852.494022727904,1858.7742318435344,914993
2020-01-27,1862.704833984375,1869.3916330304892,1858.5480320171403,1866.9066411315966,429312
2020-01-28,1862.0274658203125,1866.0033653751598,1845.8522921735562,1863.2924646022177,777052
2020-01-29,1874.316650390625,1884.7988877327784,1863.3375910908478,1863.3375910908478,873433
2020-01-30,1859.7681884765625,1877.7504068219396,1851.9516263590915,1874.9490547356972,952768
2020-01-31,1838.2166748046875,1868.9402176058966,1825.3851216398587,1865.0997747557453,1930834
2020-02-03,1968.972412109375,1983.9728182939682,1874.9492907838815,1874.9492907838815,4012542
2020-02-04,1947.8721923828125,1991.7886420619034,1933.77542348022,1967.209858372168,1932121
2020-02-05,1952.1192626953125,1973.5353299831193,1946.3358766129033,1958.5349274163705,1514368
2020-02-06,1948.59521484375,1984.6050985019838,1928.3991382414133,1957.2701847946712,1302116
2020-02-07,1951.80322265625,1962.6920509474514,1935.2216795479778,1956.3666161607885,908152
2020-02-10,1951.2159423828125,1978.5508569025028,1944.348239249758,1951.9388933358166,1389847
2020-02-11,1945.2066650390625,1969.6047707871787,1940.733723107973,1959.9811617653297,777506
2020-02-12,2042.5281982421875,2053.0554409328442,1947.3303147932568,1949.2280335078933,4753325
2020-02-13,2063.3564453125,2068.3716548732764,2017.858635373308,2038.5969780619848,2950407
2020-02-14,2037.7384033203125,2076.1880459813624,2029.7863858218614,2053.9585776174026,1728651
2020-02-17,2035.52490234375,2068.4170733689907,2027.0306151089528,2031.3681000146314,1420851
2020-02-18,2019.07861328125,2044.877393945596,2007.9640976719277,2035.524919546509,1194605
2020-02-19,2071.263671875,2085.767035304906,2025.2688097942985,2033.3562864067158,1299800
2020-02-20,2031.59375,2069.275217886617,2026.3978580562662,2062.272059179845,1555224
2020-02-24,2001.68359375,2044.018910084519,1997.1204212153036,2021.2473907527244,1409245
2020-02-25,2018.355712890625,2060.013081550448,2011.2621022358499,2024.0484269957387,2237493
2020-02-26,2020.705322265625,2038.3261766814073,1990.117458635143,2023.0548577665274,2896154
2020-02-27,2037.6485595703125,2041.9408192069084,1987.9939369496901,2025.9013226701552,2446802
2020-02-28,1965.1767578125,2014.5602354088492,1947.3299979703127,1979.951252307052,3837330
2020-03-02,1951.3511962890625,2025.9009554101224,1935.4473800447502,1978.9572421226787,1707337
2020-03-03,1957.8570556640625,1978.5956169668555,1935.3114483245988,1962.6011306210353,1753148
2020-03-04,1966.1707763671875,1974.484159333059,1944.619032027936,1969.0171332662048,1515878
2020-03-05,2004.2591552734375,2040.9917697610083,1971.592891641922,1974.4392489956992,2272645
2020-03-06,1977.963134765625,2033.1752258097329,1951.1704917020736,1974.439052619674,2479414
2020-03-09,1917.0584716796875,1960.5233313075612,1908.4739534232854,1933.7756914421545,2485118
2020-03-11,1947.330322265625,1960.3877830880149,1866.9069354063952,1866.9069354063952,2861629
2020-03-12,1857.8251953125,1918.4138638201268,1835.866968095354,1899.7989260246493,3655780
2020-03-13,1837.267578125,1915.7030096228534,1706.1503800466116,1780.1579853570856,3667035
2020-03-16,1754.7657470703125,1842.6892119863692,1747.536679765059,1807.2668263133526,2948679
2020-03-17,1810.9266357421875,1886.786618747753,1763.8472453718505,1767.1004139944548,3732382
2020-03-18,1738.4102783203125,1864.9189760995314,1725.3527072582876,1838.0358778214475,3910994
2020-03-19,1661.1495361328125,1716.0000464163336,1587.9552213567604,1711.7530130150215,5095006
2020-03-20,1853.98486328125,1878.5636510936893,1671.722025002371,1671.722025002371,4252245
2020-03-23,1689.523193359375,1793.7573862438287,1671.7216608770807,1762.0849938974634,3574673
2020-03-24,1832.4332275390625,1871.379810531216,1744.0127088930767,1784.676217649651,5788124
2020-03-25,1886.9219970703125,1932.8266179399377,1808.7578182313187,1816.3483608571291,3959038
2020-03-26,1983.3848876953125,2033.175176940506,1861.48482866553,1887.690197612763,3201540
2020-03-27,1934.2725830078125,2049.1242596103634,1916.1546886107897,2023.2352500823192,2918646
2020-03-30,1973.8521728515625,1999.7411876454241,1900.2060333155923,1918.4141623909786,2809606
2020-03-31,2077.001220703125,2090.103904061922,1974.4388371704713,2019.4398213806478,2809269
2020-04-01,1969.6051025390625,2100.857897236126,1950.086747021176,2072.212753118611,2774626
2020-04-03,1946.516845703125,2036.880188048312,1922.8866993116812,2018.717067991478,4121436
2020-04-07,2209.29345703125,2222.9384111336676,2006.066371023066,2006.066371023066,8510114
2020-04-08,2223.7060546875,2362.3685379640674,2184.4430120154643,2197.6361462043988,9791862
2020-04-09,2143.644775390625,2259.0839660560914,2119.0207601606135,2259.0387402540364,4770068
2020-04-13,2120.330322265625,2189.503495816642,2091.911098974629,2151.550897044748,3249551
2020-04-15,2247.8330078125,2274.0835986961633,2152.0026544299467,2192.1691095679507,29485531
2020-04-16,2201.34130859375,2282.713315877075,2187.7868082426867,2228.3598577147573,5388243
2020-04-17,2155.165771484375,2257.999301894281,2127.1983604173993,2257.999301894281,4540936
2020-04-20,2111.384765625,2186.7929323299313,2097.333221461889,2186.7929323299313,2985268
2020-04-21,2094.080322265625,2148.8406042096194,2062.0917825089787,2062.99541606836,3227335
2020-04-22,2156.20458984375,2168.674773965059,2056.3531065217226,2094.5768406401157,2837815
2020-04-23,2094.1708984375,2180.4679084917743,2085.631604916121,2158.780701776564,4095570
2020-04-24,2063.0859375,2112.695333343742,2060.2845851256334,2088.2972264146224,2169013
2020-04-27,2096.836669921875,2104.9241470086877,2063.2215420898365,2082.8755740795236,2013715
2020-04-28,2069.275634765625,2113.282545188565,2048.537288604514,2113.282545188565,2164023
2020-04-29,2016.683837890625,2070.85661602915,2006.9697788529531,2069.3204833738237,3642151
2020-04-30,1983.4757080078125,2053.0554936645785,1951.8485327092824,2053.0554936645785,8448047
2020-05-04,1881.9522705078125,1951.8484118344759,1866.9068605787163,1924.7394061145526,8474573
2020-05-05,1844.767578125,1916.6064331144378,1837.177035536452,1898.714447749061,4304136
2020-05-06,1816.4840087890625,1873.2322364372421,1807.266991256384,1852.403440240283,5127656
2020-05-07,1800.0831298828125,1813.592406375587,1718.7108903469689,1762.1756389615714,185669922
2020-05-08,1888.096923828125,1895.823034176884,1839.7977586197026,1874.9942384155584,16100226
2020-05-11,1850.6412353515625,1912.5853501204547,1839.752408569664,1882.2684049010277,11158755
2020-05-12,1817.7041015625,1832.433262161862,1793.712586820084,1825.3397608949974,14881008
2020-05-13,1803.4267578125,1875.039720636822,1785.0378361076218,1875.039720636822,8432979
2020-05-14,1812.7340087890625,1831.2584953550304,1789.7816960557182,1796.4233801533715,8510002
2020-05-15,1836.2733154296875,1841.288524663908,1812.6885069667062,1820.8212071475139,5491136
2020-05-18,1812.0108642578125,1850.5056248008052,1796.965346178551,1844.767574807293,7675561
2020-05-19,1785.1732177734375,1829.6771679656865,1778.4410819663528,1823.5324159991537,5963193
2020-05-20,1798.9989013671875,1816.303506588339,1784.6763311004822,1785.1733736951678,3926496
2020-05-21,1780.9713134765625,1810.3394026596739,1766.7842011332414,1806.363393139672,4261625
2020-05-22,1796.3328857421875,1802.793886713615,1769.314224602372,1784.6759926402883,5339946
2020-05-26,1787.2064208984375,1825.3397113393307,1784.6762029184051,1811.7399827336017,4628932
2020-05-27,1805.550048828125,1811.8754832389284,1772.025268512231,1798.2306396427025,4261645
2020-05-28,1816.2581787109375,1820.8215721833092,1798.230733818752,1807.2670691645749,5500796
2020-05-29,1859.090576171875,1868.7141852537573,1807.267103727038,1815.3998056938096,8778345
2020-06-01,1905.3563232421875,1936.48645095113,1871.6055262039094,1875.0393773791857,6592547
2020-06-02,1904.317138671875,1920.2211764256115,1888.5940041080132,1917.510275941246,3268728
2020-06-03,1916.1546630859375,1941.9082155018532,1884.0756767433056,1911.1846792863748,4895117
2020-06-04,1916.2452392578125,1926.9079377937526,1902.3743771426775,1911.1848035419846,3264730
2020-06-05,1886.4251708984375,1922.9318719513121,1884.0756358169576,1919.3173383574187,2981853
2020-06-08,1908.202880859375,1919.769434164173,1877.840926624642,1903.9558473918157,4298456
2020-06-09,1903.5040283203125,1938.113236594322,1893.15746853881,1897.6304103834116,3127904
2020-06-10,1915.3414306640625,1924.7391297186484,1894.0155943146888,1911.9978106144988,2421659
2020-06-11,1903.865478515625,1932.1492533515489,1893.6996008631204,1911.1849986708942,2566927
2020-06-12,1904.181396484375,1914.7990884567046,1866.0028870519561,1866.2287953917928,2338438
2020-06-15,1883.443115234375,1926.2752495915715,1858.5931970577353,1911.0491593678753,2830788
2020-06-16,1876.2596435546875,1915.7031604765818,1858.774245802042,1906.4861422234367,2806772
2020-06-17,1877.976318359375,1896.726713454266,1863.5634081802486,1875.94314298764,2293301
2020-06-18,1866.3194580078125,1883.940310507566,1856.108355769843,1870.7471737238338,2326907
2020-06-19,1903.9854736328125,1910.5815289111963,1871.4600976049194,1891.4757136220844,4673528
2020-06-22,1911.3092041015625,1927.7764622000198,1898.7539110088385,1919.6793254569473,2487234
2020-06-23,1961.48486328125,1976.0872095992524,1912.0373262758083,1924.228567358388,4308814
2020-06-24,1938.1483154296875,1980.5448912736688,1933.3263276944028,1976.086957059879,3023015
2020-06-25,1977.1329345703125,1992.3720934605187,1921.498720962133,1923.5913066067317,8208033
2020-06-26,1959.892333984375,1983.3196985484878,1945.2446781498368,1983.3196985484878,3176048
2020-06-29,1986.0489501953125,1997.830822205789,1946.973063279055,1957.2993877661136,3295039
2020-06-30,1983.365234375,2001.5157112473742,1974.2672287127293,1995.9205266127892,2373109
2020-07-01,1974.63134765625,1994.1012158804654,1965.2605781548732,1986.0949253078586,1532931
2020-07-02,1957.66357421875,1981.2273225139434,1951.5224197510022,1972.2203848089673,2588838
2020-07-03,1977.633544921875,1990.6437380910263,1961.848637582901,1970.1732243309496,1946252
2020-07-06,1966.625,1983.3652416321188,1958.8006262541064,1983.3652416321188,2375516
2020-07-07,1959.8468017578125,1979.2711327030697,1957.5723003412381,1979.2711327030697,2014667
2020-07-08,1988.8695068359375,1996.1023766757899,1933.3261396700334,1959.34652385636,3349938
2020-07-09,1979.589599609375,2019.711670269419,1975.2225125807195,1986.0945846417337,3039571
2020-07-10,2023.21435546875,2030.67467499425,1971.947009481295,1974.2670451332986,3179516
2020-07-13,2060.92578125,2069.796336979914,2033.4043134725746,2037.0435158233086,4556662
2020-07-14,2033.1766357421875,2065.201568420081,2025.7618506302542,2060.5161847656827,2403256
2020-07-15,2069.932373046875,2084.3527988046803,2033.4495088360713,2035.4510253713536,2474512
2020-07-16,2081.487548828125,2084.6263167114225,2036.133896643636,2070.0239715542593,2495150
2020-07-17,2123.975341796875,2128.9337113588685,2075.255468209222,2078.8946711346216,3088712
2020-07-20,2120.699951171875,2131.936078950341,2093.0876324962633,2123.975322622894,2816219
2020-07-21,2108.918212890625,2138.031837917588,2099.820205069699,2136.2122363534027,3037810
2020-07-22,2045.6864013671875,2119.8351412877682,2039.09034781597,2119.8351412877682,6950011
2020-07-23,2011.8876953125,2062.6543923500276,2006.6108072784052,2056.149406747195,3936886
2020-07-24,2010.0225830078125,2019.7574053575236,1972.4933068947505,2001.561392696645,4203314
2020-07-27,2021.1220703125,2034.2686448019956,1987.6868976435896,2017.710317999346,2209409
2020-07-28,2040.2734375,2042.4113356987275,2011.6147177916778,2029.7196613946148,1567837
2020-07-29,2030.0382080078125,2058.1509588744957,2015.208413184447,2033.4044259445775,2404978
2020-07-30,2006.099609375,2044.8857392147606,2001.0743099758333,2038.7183263157833,2044966
2020-07-31,2019.164794921875,2030.1748114140405,1990.018153616704,2007.8351205567983,1715659
2020-08-03,2014.2310791015625,2031.180085619349,1999.6577575499439,2019.07368425936,1683773
2020-08-04,2008.109619140625,2027.3883605483236,1987.3688832731516,2019.1651436174195,1981720
2020-08-05,2005.139892578125,2019.164910438094,1992.8050686062318,2011.946843415479,1715477
2020-08-06,2028.8043212890625,2036.6164208144662,2002.8555965412793,2010.1193924593206,1824483
2020-08-07,2019.7586669921875,2041.9156625782073,2014.687639883447,2031.1340695967813,1777905
2020-08-10,2016.28759765625,2034.5614175058593,2009.0237988798483,2026.5666213216552,1476289
2020-08-11,2019.85009765625,2040.2711724206174,2015.6015254634492,2018.3883264927813,1665204
2020-08-12,2005.6429443359375,2018.3888875262162,2000.9830316100424,2010.1656695880927,1170430
2020-08-13,2008.8861083984375,2025.6524231400886,2001.8507341316947,2010.1196801570568,1453227
2020-08-14,1986.272216796875,2024.7386863012387,1978.1861875634884,2013.77439738625,1341664
2020-08-17,2006.510498046875,2013.4544134967334,1981.2468164549923,1992.7594084549664,1559579
2020-08-18,2023.2310791015625,2025.469576689846,2000.0689307625664,2013.7742911835069,1339001
2020-08-19,2004.2718505859375,2029.7637298767077,2000.9824750979021,2015.6015251442795,1585107
2020-08-20,1997.0537109375,2008.1094575939267,1988.3279201711985,1997.3278627602826,1768939
2020-08-21,2011.9930419921875,2018.0689971016877,1998.6530659492205,2009.2062402011975,1374411
2020-08-24,2005.0028076171875,2020.7639723868615,2002.0790419548784,2015.6017090957073,1665474
2020-08-25,1991.0238037109375,2008.2010130911713,1987.2775820298348,2005.0030951430772,1774886
2020-08-26,1994.4041748046875,1997.3279405338412,1973.5719814972997,1993.7646359059706,2148146
2020-08-27,1983.85107421875,1999.1553945379965,1978.140506935449,1993.7647082501742,2172203
2020-08-28,1966.2166748046875,1994.0385122542646,1959.8665689968004,1990.9320530741388,1939520
2020-08-31,1934.603271484375,1980.4247750922266,1919.344456930394,1966.2625679347043,3534275
2020-09-01,1975.07958984375,1987.1859927062371,1929.4865090458472,1964.3894523072859,1738003
2020-09-02,1956.8055419921875,1996.4141219224646,1952.1458533979865,1983.6224524913825,1667810
2020-09-03,1954.5216064453125,1968.5011204482694,1944.3797722985341,1967.1763133879435,1590711
2020-09-04,1941.272705078125,1956.1201777947927,1931.5419891098786,1932.4556797385965,1590491
2020-09-07,1975.9473876953125,1986.3633713441282,1922.1766064697376,1942.5062223908078,2362992
2020-09-08,1957.3541259765625,1983.942617615625,1947.212068818806,1968.0899929296374,1804209
2020-09-09,1948.2174072265625,1959.1359687876152,1927.8877848507666,1938.852075570297,2009898
2020-09-10,1949.7247314453125,1958.587710763067,1935.3798303331903,1957.1257162385386,2137794
2020-09-11,1972.8865966796875,1981.7950807911275,1941.135845615837,1941.5926909548853,1934110
2020-09-14,1940.2222900390625,1982.4347576926477,1932.455918734456,1979.9678373038137,2096908
2020-09-15,1941.09033203125,1952.5571959285876,1926.9738541007914,1952.465737623016,1224058
2020-09-16,1958.49609375,1972.6125710155682,1930.3543744511,1941.5928151242128,2087841
2020-09-17,1944.5166015625,1959.9123798644803,1939.0801862360988,1950.7297432508285,1741644
2020-09-18,1917.5631103515625,1943.9231829120895,1909.6140438736545,1937.0247717761472,4475166
2020-09-21,1861.9188232421875,1917.8366455692337,1847.5738133317598,1917.5624937645466,3483963
2020-09-22,1851.868408203125,1877.4060193828475,1827.4271812808759,1864.431655686524,2345687
2020-09-23,1875.3961181640625,1882.2030700901423,1851.0005065970347,1859.3607998220582,2410295
2020-09-24,1883.0250244140625,1901.3902962241305,1859.406254287477,1867.583741221587,3798089
2020-09-25,1899.6085205078125,1928.800891085958,1892.1163020676545,1902.303863212205,2528873
2020-09-28,1885.2181396484375,1911.7609001352407,1882.2029156067183,1903.217802528541,1523704
2020-09-29,1857.7159423828125,1890.6545377202199,1849.9953003498924,1886.7713521286717,2298844
2020-09-30,1889.7412109375,1916.0098244099784,1858.4472974963737,1862.9700228543434,2417367
2020-10-01,1914.1820068359375,1926.882218274211,1891.3397394512606,1909.613553359002,2131531
2020-10-05,1928.846923828125,1940.0396356399604,1902.4868561701887,1918.7505963146625,1646110
2020-10-06,1933.278076171875,1955.2981114206218,1926.1057379690574,1936.1106065889242,1679499
2020-10-07,1954.7042236328125,1964.4349400384215,1930.628385256365,1939.7652919542181,2428544
2020-10-08,1974.302978515625,1978.1404349766012,1961.0087337498985,1961.6940017989666,1617365
2020-10-09,1954.97802734375,1979.9218256473573,1938.029244958437,1964.4348143988034,2001026
2020-10-12,1953.836181640625,1962.2423148713742,1940.0395853613388,1960.049323262429,1741166
2020-10-13,1953.6534423828125,1967.4045322586594,1944.333841702741,1953.425019704041,1679160
2020-10-14,1971.8817138671875,1978.1405850845642,1947.0750978361232,1948.53709234602,2123033
2020-10-15,1966.76513671875,1991.5717522137425,1956.257692729432,1973.5720884284572,2344437
2020-10-16,1964.93798828125,1984.4451549430773,1958.998997495712,1984.4451549430773,1640399
2020-10-19,1989.8358154296875,1996.414344399255,1966.3540071139475,1967.6788141245697,1605969
2020-10-20,1985.541259765625,2017.8858198579085,1948.4910589393542,1993.7644756944098,5855290
2020-10-21,1976.449951171875,2007.1500479613358,1951.643337860664,2000.9826357279278,3954242
2020-10-22,1991.2520751953125,1998.4701430737823,1967.3589276419789,1973.572069511656,2632958
2020-10-23,1958.8157958984375,1999.9773813658574,1955.2979976563593,1999.9773813658574,2805684
2020-10-26,1979.7391357421875,1984.5360114604966,1957.3994448678611,1964.4348179742485,1646050
2020-10-27,1988.83056640625,2000.0690069935686,1966.673566214567,1970.8309036478427,2334808
2020-10-28,1990.3480224609375,2008.3721534587794,1971.7260132497295,2008.3721534587794,1555483
2020-10-29,1951.4947509765625,1986.3477065784396,1945.885068111101,1969.794809023619,1934367
2020-10-30,1904.7789306640625,1949.5636739314796,1901.7441875897641,1947.9083391170384,2414313
2020-11-02,1905.4222412109375,1919.8139748009764,1890.7085559506215,1905.4222412109375,1486077
2020-11-03,1890.4329833984375,1923.6308317879243,1878.7540384389963,1923.6308317879243,2227402
2020-11-04,1894.433349609375,1917.377461864324,1885.1452442814507,1885.1912694589278,1479878
2020-11-05,1933.3326416015625,1942.2067445448533,1895.5827923127936,1919.2166078906766,2083827
2020-11-06,1925.7916259765625,1953.1959127578798,1918.2969315095836,1935.7694347208405,2127821
2020-11-09,1961.1046142578125,1965.7944672659644,1938.574281112422,1949.5635211521565,2194404
2020-11-10,1964.8289794921875,1971.8178457960764,1924.2742917111257,1967.9555480343172,2471703
2020-11-11,1959.8167724609375,1966.668011651334,1935.4014310178502,1964.828801025835,2759942
2020-11-12,2015.867431640625,2026.810647965517,1952.552499225401,1957.8402311790317,3010512
2020-11-13,2009.6597900390625,2040.0525694936434,2003.1305017660213,2027.7299466976137,2799165
2020-11-14,2011.82080078125,2020.373176380418,2006.579094611776,2020.373176380418,258276
2020-11-17,2002.532958984375,2041.8460927818624,1997.3830785530497,2041.8460927818624,2733542
2020-11-18,1960.6907958984375,1995.543751335439,1954.9890627127606,1995.543751335439,3315051
2020-11-19,1959.4493408203125,1974.760681978207,1944.505752042497,1954.8973386798345,2704650
2020-11-20,1949.79345703125,1969.7948755858686,1931.631249378206,1963.357637430359,2827038
2020-11-23,1958.2080078125,1967.9559166440993,1926.5736660604618,1967.9559166440993,3244576
2020-11-24,1983.91064453125,1987.2671141738601,1951.7702587013173,1960.5985596569503,1989749
2020-11-25,1964.1395263671875,1996.4635703705871,1956.920533278954,1988.1871207467568,1786536
2020-11-26,1981.013916015625,1988.186883068062,1951.9084947898023,1967.9555641839281,1630887
2020-11-27,1966.300048828125,1993.244529586266,1955.0809088352487,1992.7847269266151,5687861
2020-12-01,1961.564453125,1985.4281696876023,1958.3918592200962,1985.4281696876023,2226742
2020-12-02,1967.31201171875,1977.059694917828,1951.494842659206,1972.5537179547607,1634682
2020-12-03,1956.6905517578125,1983.0371588426672,1949.65565967092,1979.9105900291718,3469163
2020-12-04,2008.6021728515625,2018.9017089574897,1962.0702719315366,1968.875262435529,3712143
2020-12-07,2074.767333984375,2077.940151766919,2011.1767195566804,2013.2458314080761,4147649
2020-12-08,2078.307861328125,2095.044631945955,2060.0536073426756,2077.8480587039376,2768211
2020-12-09,2107.919677734375,2111.4142235295885,2062.9050335072952,2078.308425599682,2123890
2020-12-10,2161.486083984375,2168.3370980960954,2092.1479389332367,2105.895992321118,3041370
2020-12-11,2183.832763671875,2193.2587183313703,2145.439241034418,2176.0161183444884,2611218
2020-12-14,2180.154541015625,2199.1443030598116,2166.728212130443,2189.5344713606637,1575632
2020-12-15,2133.530517578125,2173.9011041593926,2121.805548923737,2171.188313177259,2207176
2020-12-16,2155.50927734375,2165.5789127152893,2117.851476837549,2130.8180042560653,1748634
2020-12-17,2129.16259765625,2153.7160188956173,2124.2886437441825,2153.7160188956173,1912868
2020-12-18,2145.853271484375,2155.4631034405984,2126.127779676748,2135.323834087115,2229891
2020-12-21,2120.564208984375,2161.0728752290456,2082.998459882376,2154.6356368772995,2003069
2020-12-22,2125.208251953125,2145.715498940788,2097.620087713145,2124.288646478459,1764488
2020-12-23,2179.786865234375,2186.1780782005326,2118.0812498184664,2133.48464108492,1559556
2020-12-24,2209.1220703125,2216.249012156572,2170.3147673673866,2190.959863677607,2489444
2020-12-28,2196.84521484375,2223.05396832129,2185.0284203520478,2211.6509513503106,1532477
2020-12-29,2192.615234375,2209.8118107210325,2164.9350215973727,2202.454967406106,1749013
2020-12-30,2213.122314453125,2220.5249578745415,2184.982301073484,2197.8567759114594,1924886
2020-12-31,2202.82275390625,2222.6863209696157,2195.098158111077,2203.3746069686385,1709836
2021-01-01,2195.604248046875,2210.7317142505094,2190.5003924062867,2202.823016815267,830096
2021-01-04,2231.422607421875,2234.64122647235,2207.696742090053,2211.6510903975313,1614486
2021-01-05,2253.538818359375,2259.424202488643,2211.6507519387637,2211.6507519387637,2356303
2021-01-06,2222.9619140625,2253.032962165122,2208.5241559014316,2249.17066484687,1641627
2021-01-07,2178.407470703125,2237.1241442652704,2174.8668998980706,2236.4804653497285,2403881
2021-01-08,2198.96044921875,2207.053021868209,2171.0045340803035,2197.8569676104244,2797948
2021-01-11,2233.813232421875,2245.630025334436,2208.983890340178,2230.042761041305,2787672
2021-01-12,2184.890380859375,2237.4919893691754,2181.304009603269,2234.45724664545,2036708
2021-01-13,2181.6259765625,2205.2137654410053,2174.4990346600116,2190.4080285867485,1702740
2021-01-14,2205.719482421875,2212.57049745528,2162.1300536245403,2175.786283033746,2120413
2021-01-15,2162.13037109375,2213.4904278263107,2154.4517999136137,2200.15614814061,2042957
2021-01-18,2145.072509765625,2183.6039017387925,2134.0830411992256,2183.6039017387925,1733797
2021-01-19,2173.16552734375,2190.5922302155027,2136.473359728051,2153.715961899535,1495269
2021-01-20,2166.544189453125,2183.0970858297046,2157.67008758978,2167.509819977697,1380562
2021-01-21,2177.3037109375,2206.960986114977,2161.0727648703937,2184.982506098747,1521133
2021-01-22,2215.651611328125,2227.2845311509177,2167.5101733784945,2169.3493843868764,2548089
2021-01-25,2206.685302734375,2236.802380882162,2193.2589735106008,2225.445163897549,2124424
2021-01-27,2199.05224609375,2230.04290046775,2147.2784216875034,2230.04290046775,2460297
2021-01-28,2115.4599609375,2217.674225640115,2105.8961555385135,2177.533319233941,3867335
2021-01-29,2081.894775390625,2135.599870621203,2070.031954395448,2128.9787560073123,4472694
2021-02-01,2067.82470703125,2101.298252406608,2047.2254122123138,2093.6194578278323,2717591
2021-02-02,2051.133544921875,2092.10200490963,2027.7296355277952,2088.469608968542,4215607
2021-02-03,2053.3408203125,2075.5491988960125,2039.3168392388784,2052.0992633302844,2353429
2021-02-04,2065.066162109375,2077.3887857744385,2047.2256810341107,2058.9966761172946,2908003
2021-02-05,2087.090576171875,2101.29843535074,2060.8357958954084,2065.0660707345937,4036942
2021-02-08,2056.835205078125,2104.700708187726,2050.99584584522,2104.057029348834,2780672
2021-02-09,2038.0750732421875,2073.4338491252233,2032.7873432157273,2066.352933818475,3131481
2021-02-10,2055.778076171875,2060.835906374937,2034.8570512410272,2041.5241910541545,2055520
2021-02-11,2081.06689453125,2085.6649212535904,2054.444364711504,2061.7551822974206,1824480
2021-02-12,2061.341552734375,2089.5733939330967,2052.5592761618095,2085.6650709386126,1222094
2021-02-15,2037.110107421875,2079.91778937338,2035.0870201760981,2070.032030011928,2449407
2021-02-16,2019.545654296875,2049.8466095081026,2013.9819963232865,2047.9613733996232,2396356
2021-02-17,1989.934326171875,2024.5576092514243,1986.3479543927826,2019.4537536326623,2447956
2021-02-18,1974.2550048828125,1994.2103977877746,1970.898310359427,1990.0261481835782,3205806
2021-02-19,2005.7510986328125,2017.6139165410948,1977.1512855803799,1979.8180509975905,3364030
2021-02-22,1993.3367919921875,2027.7299447879086,1987.819159489363,2027.7299447879086,2678023
2021-02-23,2004.0501708984375,2016.097092062505,1995.7276966983031,2009.3379022200693,2062144
2021-02-24,2003.6822509765625,2012.5563529951582,1982.2554009449698,2012.5563529951582,924143
2021-02-25,1989.38232421875,2009.3377156685506,1986.3475816219998,2001.9808727736543,2099460
2021-02-26,1960.64501953125,2006.947023362632,1949.5637279673124,1984.5087381855944,3413194
2021-03-01,1971.082275390625,1980.8301831817923,1956.9204409521144,1963.5415554361834,1229276
2021-03-02,2002.8544921875,2008.3260992951261,1968.4613407855363,1988.1868312811634,2095135
2021-03-03,2017.1544189453125,2027.729880909238,1998.7623111819635,2027.729880909238,2031893
2021-03-04,2020.281005859375,2026.3504912817712,1999.2221320837625,2009.337791445732,2290915
2021-03-05,2024.1435546875,2032.281927845838,2000.3716650698236,2008.970065445504,2129837
2021-03-08,1999.72802734375,2037.9376777603409,1994.624172318335,2032.327994847174,1440724
2021-03-09,2021.752685546875,2027.730121278535,1988.2331100773317,2001.0615618603592,1711842
2021-03-10,2048.743408203125,2057.0656592013165,2016.87893972842,2032.788161374661,2696085
2021-03-12,2027.4998779296875,2059.8239158982524,2023.1317525548532,2056.237544869387,2038930
2021-03-15,2033.1097412109375,2039.1790023007813,2007.7745668801779,2028.7416154474631,1632022
2021-03-16,2063.640869140625,2066.813463369768,2036.2826041638727,2042.7658681618186,2633605
2021-03-17,2047.31787109375,2080.147744169406,2040.8346070945863,2072.7908998045277,3703365
2021-03-18,2037.110107421875,2069.0203741325063,2027.730176000134,2058.0771582259863,2597091
2021-03-19,2126.173583984375,2138.312329642476,2015.315114680781,2026.9022318393913,5382214
2021-03-22,2164.015380859375,2167.050123579854,2116.931629315011,2124.3805228550004,2471516
2021-03-23,2149.39404296875,2182.17789019816,2145.8074467059278,2173.0278601079367,1970612
2021-03-24,2132.197265625,2161.9003417632807,2129.3924241269233,2149.3938424716484,1762743
2021-03-25,2057.203369140625,2135.32380540474,2051.6857365685196,2132.1972367524313,2495833
2021-03-26,2131.553466796875,2138.0827555545443,2068.0088624041427,2073.710371516343,1929236
2021-03-30,2205.903564453125,2212.570703939226,2138.0826627841648,2138.0826627841648,3327203
2021-03-31,2236.020263671875,2242.549551039107,2190.177850138913,2194.1782229574724,2709756
2021-04-01,2206.2255859375,2250.09072221346,2199.7423224330246,2250.09072221346,1532653
2021-04-05,2182.407470703125,2222.870107938357,2157.85405164708,2207.052940103555,2545447
2021-04-06,2214.685791015625,2217.1686807617334,2186.224048000533,2190.776049953906,3683538
2021-04-07,2211.88134765625,2239.2396139873067,2195.4204973833016,2222.6867133500286,1713970
2021-04-08,2216.156982421875,2242.917589593707,2203.006804700945,2212.5706111367194,1814515
2021-04-09,2276.943115234375,2283.380353443842,2229.1236313926192,2229.1236313926192,2604858
2021-04-12,2264.06884765625,2288.208493168426,2241.630562204447,2245.21693401817,2261945
2021-04-13,2257.079345703125,2304.4390225808465,2251.9296903038517,2271.425279378094,1811781
2021-04-15,2262.826904296875,2296.25464989857,2226.456690874267,2296.25464989857,3352379
2021-04-16,2261.21728515625,2279.655415531207,2243.8368355386315,2271.332943021383,1225517
2021-04-19,2240.7568359375,2261.953789357289,2219.973884637187,2243.837604420933,1746316
2021-04-20,2204.7080078125,2258.5509509972294,2192.155483415311,2258.5509509972294,1589508
2021-04-22,2160.52099609375,2197.8570678890533,2144.519950760365,2197.8570678890533,1721265
2021-04-23,2122.218994140625,2161.0723155586475,2115.0920535254845,2151.876263152015,1949756
2021-04-26,2170.865966796875,2179.280489244449,2125.2076575550755,2137.1625253820835,1946867
2021-04-27,2188.523193359375,2194.5924548250214,2163.785671217204,2173.0277512021607,1668456
2021-04-28,2213.076416015625,2248.435198675003,2176.062298736824,2188.660847789982,1951215
2021-04-29,2214.042236328125,2252.0677880959197,2192.477308281079,2237.4001256397332,3151150
2021-04-30,2164.52099609375,2246.5037195872196,2142.9102713319007,2216.2487947258364,4010778
2021-05-03,2214.40966796875,2220.8469053756357,2151.8765045875725,2154.635320619095,1692239
2021-05-04,2214.087890625,2223.7897726690276,2181.487923521606,2215.513323922793,1453111
2021-05-05,2202.133056640625,2238.3196201737965,2178.2233154226633,2238.3196201737965,1256857
2021-05-06,2197.856689453125,2222.2722553201547,2185.9478455990675,2207.052742547071,1377740
2021-05-07,2217.3525390625,2229.1235333159516,2204.432038036505,2215.1455758644333,1169518
2021-05-10,2237.308349609375,2250.228853048625,2221.7671049470564,2228.2043440756283,988495
2021-05-11,2208.984130859375,2230.9626092158533,2201.7651389592156,2230.0430038534396,1019077
2021-05-12,2141.715087890625,2196.937440581824,2138.128716407328,2196.937440581824,2053932
2021-05-14,2185.76416015625,2190.8677904582896,2139.0021362881585,2141.6689021128827,1388970
2021-05-17,2185.21240234375,2202.455004150776,2176.2462494040965,2193.2589498536954,811243
2021-05-18,2183.373046875,2214.731679756315,2176.659882780149,2208.9841462013105,1153722
2021-05-19,2170.038818359375,2188.660827500927,2155.5550334715012,2170.2687197068017,1323590
2021-05-20,2155.692626953125,2172.107671003635,2151.876354846954,2170.268460443937,856235
2021-05-21,2172.33837890625,2175.9247510240675,2151.877153832416,2151.877153832416,771492
2021-05-24,2148.704345703125,2170.223025296683,2138.3127583130636,2165.6710228264765,1194864
2021-05-25,2155.60107421875,2179.2809131747836,2150.0374166682204,2165.6707084061845,1098457
2021-05-26,2164.7509765625,2179.64853821058,2156.7044298144447,2166.360285912111,811095
2021-05-27,2139.3701171875,2163.8317129702023,2136.151497979937,2163.8317129702023,3755182
2021-05-28,2135.048095703125,2161.072976880512,2132.8871574340847,2145.76163474316,1215325
2021-05-31,2151.922607421875,2156.474609135568,2133.6223257111574,2138.082501594966,1178704
2021-06-01,2168.705810546875,2173.0279117234395,2143.2327817487962,2158.3142229432556,1141451
2021-06-02,2169.1650390625,2182.8210431385114,2161.072467473189,2166.5900993050354,1113091
2021-06-03,2173.25732421875,2180.4302907880874,2156.474526729279,2178.5450549346106,868532
2021-06-04,2153.76171875,2179.464642948839,2146.312825734713,2179.464642948839,1283795
2021-06-07,2151.232421875,2164.750572988945,2143.5996540515,2164.750572988945,1128300
2021-06-08,2169.34912109375,2172.1079372714867,2147.416442675528,2151.2329397625517,1106664
2021-06-09,2166.5908203125,2181.2584849107247,2157.0270117598197,2172.1084539805283,1072858
2021-06-10,2187.557373046875,2207.0069374749924,2165.9006209482873,2173.94716820794,1944339
2021-06-11,2176.24658203125,2196.5239297582007,2170.26914582453,2189.5808628000873,1128097
2021-06-14,2190.232666015625,2199.958387931969,2164.2974075720417,2184.4896778788257,1761632
2021-06-15,2215.56591796875,2218.3910541002247,2185.97197815304,2185.97197815304,1215463
2021-06-16,2230.33984375,2240.4825647487182,2207.87805405588,2209.128594658817,2153668
2021-06-17,2239.417236328125,2247.0125179437964,2210.425272784576,2221.169971944579,1555777
2021-06-18,2299.80908203125,2312.5915053570707,2227.653574380543,2241.5474636178437,3937751
2021-06-21,2328.940185546875,2342.509793977499,2285.081716782321,2291.5191737565333,2506277
2021-06-22,2306.616943359375,2347.0944246552385,2298.6510238860487,2332.413352205121,1945883
2021-06-23,2297.586669921875,2328.6163629040893,2276.931038022618,2311.017432555968,1035668
2021-06-24,2306.5244140625,2320.094247952419,2291.6581337964762,2306.3855656280107,759681
2021-06-25,2268.0849609375,2306.339518905708,2264.704204624878,2304.5333583258475,1112942
2021-06-28,2278.783203125,2283.2292932236933,2257.571954507064,2269.4281193910674,694906
2021-06-29,2308.74755859375,2313.3324966930263,2264.703885651431,2273.9664782307827,1354397
2021-06-30,2289.064453125,2320.2793435775648,2281.376456379857,2308.7474615286023,1447245
2021-07-01,2295.270751953125,2300.8283082532535,2281.3768612028034,2300.8283082532535,735043
2021-07-02,2303.885009765625,2308.886719981417,2271.1880083011542,2295.270752271721,860231
2021-07-05,2314.768798828125,2328.0604866841963,2301.801166107528,2314.722440626609,761700
2021-07-06,2290.176025390625,2313.749278382006,2286.9341179734897,2306.385562476302,461782
2021-07-07,2298.651611328125,2307.1270207484195,2265.4917048270363,2276.745666384452,623145
2021-07-08,2267.066162109375,2287.6290748581196,2258.6371114028316,2280.635771399949,1114426
2021-07-09,2270.67822265625,2282.76595125314,2258.6368522499642,2260.0725993336014,538094
2021-07-12,2263.9169921875,2278.505578833827,2250.8105111475725,2272.1144789485575,543898
2021-07-13,2257.01611328125,2274.4761924865784,2250.810220862757,2273.966704616489,994396
2021-07-14,2236.77734375,2261.323215010044,2231.3586364319244,2259.88746787865,1377829
2021-07-15,2234.461181640625,2246.1782685452645,2223.948050629765,2246.1782685452645,693792
2021-07-16,2239.139404296875,2250.810363302352,2228.5801374919583,2241.547769214688,545405
2021-07-19,2231.0341796875,2238.768534629119,2221.6327390599677,2223.0684860783977,463873
2021-07-20,2255.348876953125,2278.598077877544,2225.801293146235,2225.801293146235,1061476
2021-07-22,2202.78369140625,2323.058564391675,2200.3291944626894,2269.3355194416285,3546044
2021-07-23,2184.2119140625,2215.380445745828,2181.062497094106,2206.349418528928,1517589
2021-07-26,2175.50537109375,2185.9721473658497,2165.5944409073545,2183.4249340585375,1311535
2021-07-27,2169.670166015625,2185.462935744858,2160.037157654357,2175.505646103012,1656945
2021-07-28,2187.268798828125,2193.7989726528413,2170.318433166684,2176.709532402551,912373
2021-07-29,2162.583740234375,2196.531050605837,2158.184008885788,2187.268458293023,1012663
2021-07-30,2161.240966796875,2182.7764964872226,2147.0691536441072,2167.446859157554,1708251
2021-08-02,2160.77783203125,2179.8586387390574,2153.182550676199,2169.299372725637,1229936
2021-08-03,2210.84228515625,2216.5386898716088,2154.57202798546,2158.184349101901,1733476
2021-08-04,2201.811279296875,2218.1596670224376,2192.9654569234995,2210.8423083201424,1588974
2021-08-05,2183.841552734375,2214.686033306552,2180.41443847914,2214.686033306552,921757
2021-08-06,2196.624267578125,2205.1921674200385,2183.6566353849585,2183.8418420459207,1432661
2021-08-09,2208.665283203125,2218.391005775418,2199.7269714845506,2203.9876285479936,921476
2021-08-10,2206.1640625,2217.464378768315,2185.138025272175,2217.464378768315,1061370
2021-08-11,2214.1767578125,2218.3912833486684,2188.009929522479,2213.759986306187,1300594
2021-08-12,2215.890380859375,2235.5270346727034,2202.135338481883,2218.391235981406,1226064
2021-08-13,2227.1904296875,2231.960574505061,2211.9071516297568,2223.948522220706,1033159
2021-08-16,2247.475830078125,2257.155422202141,2216.2145737650712,2226.7277089357444,1146309
2021-08-17,2300.642822265625,2304.023578149369,2251.782645726145,2253.588806076878,1921902
2021-08-18,2302.726806640625,2315.6480776866147,2273.040153057181,2301.754189220495,1545643
2021-08-20,2426.24365234375,2436.062091914466,2293.418151931641,2306.3857828391706,5779927
2021-08-23,2439.90576171875,2475.752176320514,2403.1796721769115,2431.4305798667924,2163220
2021-08-24,2438.8408203125,2461.997303604491,2417.5368556838685,2439.76707964418,1482854
2021-08-25,2449.9560546875,2469.8242731170976,2427.4015483793105,2437.914682774102,1746570
2021-08-26,2469.777587890625,2498.8622641897146,2436.9881007078284,2436.9881007078284,2117291
2021-08-27,2480.475830078125,2491.6372988936064,2455.6059057326374,2472.185855296296,1176229
2021-08-30,2489.5068359375,2506.225859921941,2474.5941983243374,2493.1193825425535,1168190
2021-08-31,2523.223388671875,2535.5888163061054,2478.345938645937,2489.692616595776,2535891
2021-09-01,2531.3740234375,2570.369631545875,2514.794071944883,2542.581851745379,1775792
2021-09-02,2594.49853515625,2602.788510272855,2528.8266182003094,2545.3604363807135,1946183
2021-09-03,2562.681640625,2601.6308906416407,2552.7707110310143,2595.563846808455,1561823
2021-09-06,2575.55712890625,2616.682958219345,2570.6479085712817,2584.2638773210524,1444978
2021-09-07,2572.870361328125,2601.584399058342,2565.7382100871555,2582.966723180294,1219915
2021-09-08,2594.359619140625,2602.7886693433315,2561.1997166476253,2583.244507385422,946711
2021-09-09,2603.390625,2615.431995964337,2576.85338636822,2576.85338636822,879454
2021-09-13,2580.882568359375,2614.320391817803,2570.369435348978,2591.2102686085645,1341412
2021-09-14,2558.837890625,2597.2312966261484,2548.185907775071,2595.3787778696387,1755061
2021-09-15,2570.78662109375,2579.6324436414666,2546.333463249978,2569.443590183637,1362350
2021-09-16,2564.117431640625,2591.0253108387487,2549.0657172852884,2549.0657172852884,1259196
2021-09-17,2521.509521484375,2577.779777129586,2499.973991546084,2565.8311219414204,3095032
2021-09-20,2593.850341796875,2601.8623943504554,2510.2090811155267,2519.425315996169,2671330
2021-09-21,2605.057861328125,2648.4531989598404,2590.4229195074095,2602.788571324403,2277437
2021-09-22,2579.1689453125,2630.48361857461,2569.4432229473423,2619.3685073001443,1580594
2021-09-23,2577.131591796875,2609.92108433023,2568.3784856334205,2592.600078657101,1054473
2021-09-24,2544.109619140625,2575.0004524332644,2529.984167018464,2565.8305772483,1635284
2021-09-27,2509.699462890625,2561.1068517780323,2505.068166594462,2561.1068517780323,1465932
2021-09-28,2522.9912109375,2551.334606758851,2510.069714194862,2524.056318561893,1078052
2021-09-29,2487.2841796875,2542.0723276242175,2479.5961821581964,2514.7476778768632,1503894
2021-09-30,2502.5673828125,2505.8092903117777,2484.181045540162,2487.2841046016215,1620199
2021-10-01,2504.651611328125,2512.0153278470725,2482.467745382351,2506.4577718120127,956111
2021-10-04,2488.117431640625,2523.1300748227136,2482.096746807164,2500.8998538991655,1025005
2021-10-05,2508.911865234375,2514.7473433604932,2487.932185030055,2488.117391640607,562784
2021-10-06,2487.978515625,2532.3925980777603,2478.6695656386564,2495.3885890648767,862471
2021-10-07,2472.556640625,2504.836869717214,2469.407449261752,2499.0477487277594,1082816
2021-10-08,2445.370849609375,2481.0318317758874,2431.8010155180477,2473.575399368113,1579941
2021-10-11,2450.049072265625,2468.9446754437054,2441.1568906891334,2447.362784056807,1086252
2021-10-12,2478.80908203125,2489.831704925856,2431.431002662954,2431.431002662954,1174337
2021-10-13,2451.576904296875,2494.972244762773,2447.733018496922,2489.8778184007692,1660007
2021-10-14,2454.170654296875,2479.36486491156,2426.7996436231574,2451.5770827326687,2158809
2021-10-18,2458.292236328125,2481.3560029509467,2448.1497419973066,2475.705956779055,1758177
2021-10-19,2358.9970703125,2530.5402357987336,2334.6364071488683,2473.0194467188758,5431133
2021-10-20,2295.87255859375,2393.4540677957752,2287.8605059812558,2379.5601780833385,4864654
2021-10-21,2265.398681640625,2320.279545133299,2248.9575790753092,2318.797439799162,3254632
2021-10-22,2273.1328125,2314.027066072662,2250.809875135222,2277.6713921635846,1845622
2021-10-25,2274.754150390625,2281.8863022686014,2232.2850680802235,2273.133196503015,1560381
2021-10-26,2271.0263671875,2300.895234205019,2252.5736798418484,2300.895234205019,1595060
2021-10-27,2233.51513671875,2288.1273600782697,2228.4358188382043,2287.941015276972,3083879
2021-10-28,2227.03759765625,2251.594608340044,2206.8609406246787,2236.6833857682554,2015791
2021-10-29,2230.29931640625,2238.547176990968,2211.5205874269636,2236.683274262416,2453400
2021-11-01,2243.301025390625,2246.8422598245616,2207.0946108781372,2230.1604154254755,1941114
2021-11-02,2254.297607421875,2262.7784578919227,2238.547716580065,2250.6630872359938,1350154
2021-11-03,2247.26171875,2268.370332766691,2223.8229980639308,2268.370332766691,1591607
2021-11-04,2257.978759765625,2264.642121911803,2255.322607006816,2263.710170421304,245719
2021-11-08,2266.412841796875,2282.349304019993,2236.776965073115,2282.349304019993,2555533
2021-11-09,2265.713623046875,2279.7395375429455,2252.0139825614683,2273.7751394149545,1696949
2021-11-10,2236.8232421875,2255.3225699810823,2232.9557345763114,2246.9816497834963,1794509
2021-11-11,2214.50341796875,2243.1609305947204,2205.1839016676213,2239.200136166741,1282647
2021-11-12,2241.297119140625,2249.3586375876625,2214.5035086773823,2225.500583868618,1651974
2021-11-15,2259.749267578125,2264.642012667221,2240.5045612385647,2240.5045612385647,1007999
2021-11-16,2242.880859375,2268.975499896391,2236.776759417656,2268.975499896391,1245209
2021-11-17,2228.435546875,2246.049565228949,2224.7543842715186,2240.4112136326276,956809
2021-11-18,2236.12451171875,2242.6017571684697,2208.7252265021507,2227.3642579494262,1236943
2021-11-22,2226.0126953125,2245.9097223780036,2215.3883121997865,2245.443746650092,1629290
2021-11-23,2231.278564453125,2236.683929454758,2177.5050004879345,2225.314164985481,1932539
2021-11-24,2213.15185546875,2242.2753402496314,2205.9292312430916,2242.2753402496314,999070
2021-11-25,2189.201171875,2224.5686931500422,2181.6989152342894,2224.5686931500422,1363272
2021-11-26,2176.199951171875,2204.065208890729,2166.97349517647,2184.4942281775343,2450902
2021-11-29,2170.8876953125,2182.8633628899947,2129.2295094928577,2175.5474527314136,1724612
2021-11-30,2159.844482421875,2200.3377340552224,2145.3525894939103,2163.9916215485923,3931035
2021-12-01,2185.28662109375,2196.3767532135435,2165.156377173381,2180.766565193462,1263139
2021-12-02,2221.120361328125,2225.5004884758723,2185.4265684572533,2196.609987997333,1673117
2021-12-03,2184.168212890625,2227.270973138719,2178.8094913462674,2221.120229273713,1890178
2021-12-06,2149.546142578125,2203.0867109426626,2144.4204093094586,2184.4943239553977,1079171
2021-12-07,2163.618896484375,2182.304343791381,2154.672070233753,2169.49000946365,895313
2021-12-08,2181.325927734375,2184.913804749343,2160.4967192105473,2160.4967192105473,839769
2021-12-09,2180.533447265625,2188.781308768358,2163.5719760533693,2181.6983866006317,716666
2021-12-10,2174.056640625,2187.2903072469094,2162.1276151737666,2187.2903072469094,724539
2021-12-13,2147.542724609375,2191.9501265969234,2144.4205957906124,2191.9501265969234,1804894
2021-12-14,2160.543212890625,2166.7405993688926,2147.2162609047386,2148.1482124068675,1219031
2021-12-15,2163.012939453125,2166.601043989555,2143.9545754528085,2158.399824711456,755122
2021-12-16,2152.34228515625,2167.0671663860862,2147.1699081147017,2163.0130857928384,926493
2021-12-17,2078.48486328125,2151.8294018987663,2074.5240693483074,2146.2843358980913,2439222
2021-12-20,2114.691162109375,2119.5839073049447,2051.364877984946,2074.5239629215275,2175705
2021-12-21,2118.18603515625,2146.004650617717,2099.4537191954882,2134.1689121996083,1591415
2021-12-22,2122.6591796875,2159.704250708184,2114.5978904636963,2143.4883861024687,1661605
2021-12-23,2144.094482421875,2148.148563128922,2119.8173238495356,2142.510210115041,1423081
2021-12-24,2140.64599609375,2155.60386347937,2127.9249488700993,2152.808008922328,895503
2021-12-27,2144.79296875,2151.0372254656045,2123.2183837665043,2140.6458303169975,584302
2021-12-28,2151.96923828125,2160.6362049622685,2141.3914980470654,2152.8079035964406,783710
2021-12-29,2149.872802734375,2163.8520777959748,2142.60353419689,2157.3748316622896,1410236
2021-12-30,2167.346435546875,2171.446931015159,2140.3662583951077,2150.943998619308,963711
2021-12-31,2199.54541015625,2209.0514982060076,2171.4471612903626,2180.766677004055,1123597
2022-01-03,2200.616943359375,2216.1804866373,2192.8817010334596,2216.1804866373,879278
2022-01-04,2237.848876953125,2244.23283670203,2195.072387661207,2207.7467934568,1484275
2022-01-05,2251.408935546875,2255.323087134796,2229.2284398456327,2240.225515280091,1202512
2022-01-06,2228.668701171875,2247.8669928681206,2206.5814963742614,2234.8196720139936,1198901
2022-01-07,2251.734619140625,2257.0933404879634,2225.500274338027,2225.500274338027,1026186
2022-01-10,2243.254150390625,2259.9826361507035,2238.547749292367,2259.9826361507035,919447
2022-01-11,2240.0849609375,2253.738185886433,2229.2278178023125,2252.666305226936,1321335
2022-01-12,2248.938720703125,2251.5948735474635,2235.285721938573,2243.3936546615473,1487554
2022-01-13,2249.917724609375,2257.093707117294,2239.712899108799,2253.4591865370126,1586299
2022-01-14,2202.85400390625,2256.254877364186,2200.1514352127488,2255.3229257419785,1596037
2022-01-17,2226.94482421875,2231.278307822751,2185.4263380480415,2203.1334171196463,912205
2022-01-18,2208.259521484375,2244.791982095059,2196.9828150651706,2244.791982095059,1667579
2022-01-19,2152.71484375,2207.4205830125657,2148.195015145087,2203.1335147732616,2145255
2022-01-20,2107.88818359375,2167.3000983532907,2090.3674479317615,2166.7874794656022,2829711
2022-01-21,2167.15966796875,2175.500814918203,2096.8906242814837,2110.683550337752,4596050
2022-01-24,2129.13671875,2185.3798613564986,2112.4546485750116,2179.741508664749,2231103
2022-01-25,2168.88427734375,2174.895319426171,2088.410168780537,2128.1113964182846,1843543
2022-01-27,2139.1552734375,2167.3468103571004,2120.1899666806853,2152.808273860388,2620474
2022-01-28,2128.15771484375,2160.915716310477,2123.031982023641,2138.4558235605014,1967721
2022-01-31,2119.02490234375,2154.532348507718,2116.462035501993,2134.1691154995874,1639875
2022-02-01,2148.754150390625,2162.1277470784976,2123.3584688786036,2146.5642006114426,1270508
2022-02-02,2169.490234375,2174.24327897475,2140.2736855952353,2165.948999997283,1246111
2022-02-03,2141.764404296875,2173.2644127905533,2134.1690900310223,2170.5152011712885,1448039
2022-02-04,2149.639404296875,2155.3708149666895,2127.6452580559735,2149.0801423903085,1014561
2022-02-07,2103.973876953125,2159.0520761690627,2084.775584316431,2139.061761243759,1207402
2022-02-08,2110.2646484375,2113.6661806891766,2093.675864829641,2113.6661806891766,1190660
2022-02-09,2122.6591796875,2125.1756306842617,2102.109831746855,2113.2466063344223,1049611
2022-02-10,2127.78515625,2129.5093576817767,2102.343060169074,2124.8495997875057,1195100
2022-02-11,2104.3466796875,2123.9176629795447,2095.959115419481,2123.9176629795447,2100036
2022-02-14,2076.900634765625,2084.076616065637,2056.8170337202287,2068.9324036515213,1661501
2022-02-15,2134.26220703125,2147.355943497787,2071.308838117581,2094.9803150499783,1533070
2022-02-16,2130.907470703125,2146.9836368389783,2120.190026612556,2134.2625876902075,995668
2022-02-17,2150.52490234375,2155.603992921927,2121.121784647776,2126.7134940976384,869374
2022-02-18,2155.1845703125,2169.3968312380184,2137.896823812407,2137.896823812407,890713
2022-02-21,2138.64306640625,2147.2636206782267,2129.2769051782643,2141.6252667029876,737919
2022-02-22,2115.483154296875,2124.849311900827,2096.9840544793274,2124.849311900827,902667
2022-02-23,2106.5830078125,2119.210995712677,2098.9876943571803,2115.5298329185475,1324411
2022-02-24,2023.6397705078125,2089.435649592413,2013.2952434601764,2050.2936793502718,2997629
2022-02-25,2022.9866943359375,2046.5651083483003,2015.0184650070144,2045.6331570239158,2193728
2022-02-28,2024.2923583984375,2031.5613995641477,1975.737584301627,2016.743458692793,2334036
2022-03-02,2002.8570556640625,2008.1691336980177,1978.5796736320654,1984.0780964602043,2034688
2022-03-03,1948.7105712890625,2020.4241931488475,1944.6100757319582,2011.058035141512,2372998
2022-03-04,1882.076171875,1936.5486949489505,1840.8373154226756,1933.799483357576,6320118
2022-03-07,1811.667236328125,1845.4039519292721,1795.8707024837552,1844.7981606469089,2976453
2022-03-08,1816.3734130859375,1824.7609763069602,1772.15236138721,1793.5872451742684,3211938
2022-03-09,1861.9459228515625,1870.4733018212646,1818.2373747899483,1830.3527442785537,2879079
2022-03-10,1958.9154052734375,1970.1454663272466,1909.5686189709218,1912.271187303623,4879791
2022-03-11,1951.879150390625,1966.604029745451,1929.1396245708247,1957.09816985446,2481643
2022-03-14,1919.1678466796875,1952.438471063,1906.8660181265152,1952.438471063,1730325
2022-03-15,1899.5035400390625,1939.2047657492935,1887.2018254968248,1905.840855872102,2391023
2022-03-16,1931.1434326171875,1938.4593437475185,1893.7723096699424,1919.8203115961,2808685
2022-03-17,1959.0089111328125,1972.661911095697,1940.6495100728332,1955.327747809153,2995889
2022-03-21,1911.6190185546875,1967.2564818852334,1906.772915886816,1963.1559859802433,1674982
2022-03-22,1857.845458984375,1913.9955412034915,1835.012645467888,1913.9955412034915,5356303
2022-03-23,1843.9127197265625,1879.3268773775708,1840.8372342145824,1875.0864524691758,3212162
2022-03-24,1832.1234130859375,1855.841532433224,1818.5634737255946,1835.9443913507482,3054664
2022-03-25,1820.1014404296875,1842.468278407318,1812.6458277704771,1840.5112028369995,2233647
2022-03-28,1840.6976318359375,1846.0098243567609,1799.8782189179785,1826.57854196407,1794533
2022-03-29,1851.83447265625,1859.1036268795317,1839.7191018538242,1845.2641683694853,1249125
2022-03-30,1878.72119140625,1881.6102185185125,1859.2900239380176,1863.9031387008545,1476829
2022-03-31,1909.2425537109375,1914.2285857802215,1880.6783281910843,1881.9830831833865,2540524
2022-04-01,1936.735107421875,1943.9113166928735,1899.690145450972,1915.0672329356435,1714996
2022-04-04,1983.6123046875,1987.340111025808,1929.326124885889,1936.5953927510382,1693019
2022-04-05,1994.1895751953125,2011.151044523203,1982.260552224677,1998.5697011028772,1277652
2022-04-06,1996.2869873046875,2017.1159692259162,1976.9489914398225,1989.7166829632235,1736115
2022-04-07,2017.488525390625,2026.9943845853077,1989.8096130927636,1994.3294410662043,1824732
2022-04-08,2034.496826171875,2044.2356741218994,2016.277128316722,2029.5107944923936,1693462
2022-04-11,2015.8577880859375,2044.7949283913756,1993.3510222807179,2039.1099330880545,1380107
2022-04-12,1987.15380859375,2017.6752236395678,1980.3971594614695,1995.2150989613647,1370233
2022-04-13,2005.69921875,2017.674885873342,1985.7089056863965,1992.2325658254788,1071601
2022-04-18,2029.46435546875,2034.357101476611,1989.7633529498871,2001.8320809304937,1828131
2022-04-19,1969.26025390625,2056.6773541657226,1958.076835387611,2036.9664425102826,1775996
2022-04-20,2017.62841796875,2021.0765931219128,1950.2949199729485,1970.518222654477,1511804
2022-04-21,2048.3828125,2053.788176860029,2020.470909782209,2036.3140857352982,2244813
2022-04-22,1982.21435546875,2040.0419961600035,1975.7373375327581,2033.5183351398482,3520828
2022-04-25,1957.79736328125,2014.8793999352908,1907.70496376852,1957.0983995671188,2437310
2022-04-26,2002.158203125,2011.1048014871922,1976.6692372257871,1996.4265645770997,1447088
2022-04-27,1999.1290283203125,2005.932091481698,1960.3597592794717,2001.6452515812412,2214481
2022-04-28,2089.295654296875,2096.8909683491133,2017.6750873225915,2078.2519375193438,5865359
2022-04-29,2082.772216796875,2134.169258809261,2071.3091661021863,2091.672172950454,2678692
2022-05-02,2078.7177734375,2098.75473023145,2055.791676048419,2068.932282910222,1543544
2022-05-04,2023.7794189453125,2097.683221819358,2002.4375920917612,2089.3887165693423,1608395
2022-05-05,2019.1661376953125,2052.1104855094077,2007.0507686346195,2029.7902933991888,1101451
2022-05-06,2002.9503173828125,2022.3349560150416,1962.8763988995652,1980.3971343465269,1585602
2022-05-09,1972.614990234375,1993.8168862012708,1966.557305672405,1977.1350458799618,1341414
2022-05-10,2032.0269775390625,2048.3361289331297,1974.8052459444818,1988.784518567968,2162232
2022-05-11,2016.277099609375,2040.6941837594723,1972.0094027147852,2036.314057151137,1858636
2022-05-12,1993.258056640625,2017.535440461984,1965.6721992515734,2017.535440461984,1531515
2022-05-13,2044.7952880859375,2067.068842401175,2007.563636157033,2022.335161411429,2057239
2022-05-16,2066.369873046875,2070.750000459821,2024.4786903221077,2050.293706484666,1396818
2022-05-17,2092.231689453125,2122.0541456056862,2070.144478370591,2085.614740983362,2055096
2022-05-18,2135.473876953125,2145.3526552558214,2083.9371337639604,2083.9371337639604,2137455
2022-05-19,2110.450927734375,2128.3909950691245,2092.650562121211,2092.7904913700295,1734602
2022-05-20,2167.6728515625,2188.222430540445,2127.365943504206,2134.1692359189183,2599505
2022-05-23,2217.8583984375,2225.5003558289523,2149.4066009213248,2151.8761815783296,2363306
2022-05-24,2152.481689453125,2218.04456844299,2145.39899457443,2218.04456844299,3078655
2022-05-25,2142.27685546875,2171.400339679584,2130.9070927382845,2171.400339679584,1884260
2022-05-26,2125.0361328125,2139.7610145680283,2104.346851434934,2134.30900633795,2299127
2022-05-27,2172.00634765625,2176.013557251892,2125.31548454464,2140.692684937092,1011303
2022-05-30,2189.107666015625,2204.0655347058646,2172.3791802957167,2182.8169927136105,939562
2022-05-31,2193.114990234375,2206.767989463334,2147.1230901219974,2199.4056632117813,3123979
2022-06-01,2151.363525390625,2249.544712892195,2145.3524833558267,2208.7251892064764,2197599
2022-06-02,2129.322998046875,2149.965634363882,2103.5544005546167,2138.8288585795585,1460335
2022-06-03,2135.986083984375,2166.740481887106,2111.009739576109,2128.5771154496138,1845303
2022-06-06,2125.315673828125,2145.3059906132307,2094.654556477287,2117.580429860595,2131405
2022-06-07,2061.10400390625,2106.0706632466377,2056.8635791262204,2096.8908500698885,2034730
2022-06-08,2047.544189453125,2067.9538372977217,2037.246079365342,2064.2726741968127,1506843
2022-06-09,2048.14990234375,2058.0753229955944,2023.0338532527846,2047.497581755784,1497867
2022-06-10,2050.2001953125,2058.5413439975937,2015.6249281184046,2015.8112729294546,1641981
2022-06-13,2047.4041748046875,2066.1364911070755,2009.287449177652,2020.4708672621286,1519441
2022-06-14,2023.2667236328125,2063.293995391315,2013.015257046004,2041.7660520753516,1592475
2022-06-15,2018.14306640625,2029.7541496219887,2003.5232240960781,2029.5661595626098,1432377
2022-06-16,2018.2841796875,2034.5493381408578,2007.3311754809924,2016.6859197375877,1353485
2022-06-17,1984.2025146484375,2031.1644521569615,1974.377681142353,2030.7884720321345,3252189
2022-06-20,2064.54052734375,2071.121785294525,1982.039758032247,1984.7193620123442,2022000
2022-06-21,2073.096435546875,2098.481289859694,2042.2114376518462,2063.6946376532383,1606187
2022-06-22,2071.0751953125,2091.8059765846137,2055.2801285283426,2058.2416031283337,1741378
2022-06-23,2117.84912109375,2122.314975168631,2060.9682428768456,2075.917009965697,1585753
2022-06-24,2166.080322265625,2180.0891401252234,2124.8535724672506,2129.507416941425,1930048
2022-06-27,2181.828125,2192.358322214852,2160.580199592781,2177.315445663441,1450391
2022-06-28,2179.007568359375,2184.9778017577833,2141.5885968634702,2181.8281076903877,1404108
2022-06-29,2099.84423828125,2162.319131452292,2091.8997659761017,2158.8405125801264,1682914
2022-06-30,2097.164794921875,2114.4640084679777,2080.993521499509,2091.8055873498342,2387212
2022-07-01,2145.8193359375,2155.832158421891,2071.780180911018,2092.840115415233,1235612
2022-07-04,2233.11474609375,2236.02939493714,2139.8489670740096,2139.8489670740096,2410245
2022-07-05,2257.842041015625,2267.713930014444,2229.730753681051,2241.8589826365846,2463079
2022-07-06,2348.945068359375,2359.0051756249095,2256.4314699075953,2256.4314699075953,4770394
2022-07-07,2325.017578125,2379.5950611316607,2318.013284559506,2355.1503864617976,3333262
2022-07-08,2347.488037109375,2354.0222408446275,2306.0730708063625,2328.308231372418,1346970
2022-07-11,2341.61181640625,2373.953908533825,2331.6458190748067,2338.227077435098,1587197
2022-07-12,2303.017578125,2341.612006550453,2298.2225691158487,2326.945109199244,1116476
2022-07-13,2348.333984375,2368.641958908877,2314.1583584470563,2316.6029176258635,2528792
2022-07-14,2348.380859375,2371.9792317094325,2320.5514489287234,2353.0347029011564,1663307
2022-07-15,2414.851806640625,2419.928685725884,2352.3769050877404,2378.6548844854124,2996964
2022-07-18,2400.7490234375,2449.168281204107,2381.522393202441,2426.6039669051056,1566888
2022-07-19,2414.334716796875,2420.963030418442,2371.8386349468446,2397.411480079387,1473121
2022-07-20,2448.698486328125,2461.3909146504247,2383.9201847050513,2420.963179994211,4012897
2022-07-21,2451.4716796875,2472.5786694816798,2436.6638484047844,2460.4504423407425,1990695
2022-07-22,2482.638671875,2485.0830014366134,2454.8563151138937,2460.4503385664325,1905780
2022-07-25,2466.65576171875,2495.237135205847,2455.749584460314,2487.2456070787753,1253821
2022-07-26,2394.73193359375,2467.9718443212746,2386.270315841791,2467.9718443212746,1685576
2022-07-27,2427.4970703125,2435.5356531176712,2373.953879221046,2383.684831490896,1404133
2022-07-28,2463.364990234375,2467.9717790742206,2430.364590059756,2467.9717790742206,1442054
2022-07-29,2479.630126953125,2486.7755852886153,2440.7067748239115,2482.0746862616047,1463059
2022-08-01,2437.885986328125,2480.19407324859,2425.6636501066573,2479.7239833939184,1559918
2022-08-02,2477.6083984375,2481.2281818690262,2443.5268864582345,2444.467066099042,1359934
2022-08-03,2469.2412109375,2504.638887179492,2442.492913066802,2458.805123759822,1767904
2022-08-04,2470.7451171875,2485.317902068479,2458.56983637157,2476.4332500966407,1189384
2022-08-05,2487.151611328125,2498.668814156996,2470.369539213423,2480.1943724540997,1176666
2022-08-08,2491.805419921875,2498.9977029862466,2468.959006752598,2487.151346665565,1024511
2022-08-10,2484.70751953125,2516.5795267617027,2473.801340727991,2491.80592378033,1098949
2022-08-11,2457.34814453125,2508.1649137399977,2450.673005001465,2497.164854880746,810674
2022-08-12,2439.7197265625,2469.0064674604973,2430.45909249325,2467.878067978915,1473527
2022-08-16,2486.30517578125,2489.9249593811733,2435.5825277072177,2451.9415624038916,1584117
2022-08-17,2524.053955078125,2532.8447292304722,2486.305822735703,2492.41699227542,1711381
2022-08-18,2521.609375,2552.5882546883545,2505.2501081322753,2524.382859608925,1465489
2022-08-19,2476.950927734375,2537.498419677946,2469.3824338574036,2528.143675858579,1324508
2022-08-22,2469.570068359375,2507.27136761359,2463.365019819106,2489.5959426572986,1410895
2022-08-23,2437.65087890625,2472.39047236866,2430.5995312669493,2446.394595886194,1305045
2022-08-24,2433.420166015625,2453.8690749737393,2408.08236840922,2421.902964418526,1242489
2022-08-25,2420.21044921875,2471.1681411857635,2411.9838771449595,2445.5953001893045,1106593
2022-08-26,2417.71923828125,2458.2879019454017,2408.7404759239685,2444.3731959899155,1048791
2022-08-29,2421.71533203125,2451.8949678496874,2397.458645708625,2397.458645708625,1450034
2022-08-30,2500.7373046875,2507.4594983673783,2430.928955323504,2433.8433749490387,2227943
2022-09-01,2450.108642578125,2496.177454353385,2438.826484592347,2491.4765551926444,1702269
2022-09-02,2447.85205078125,2466.091445832684,2430.3646158892443,2458.5700079498542,937600
2022-09-05,2445.03125,2465.526982409174,2431.3986452958197,2441.646511500407,1274074
2022-09-06,2419.1767578125,2463.2710990303262,2409.6808499292847,2436.193874629951,1250776
2022-09-07,2411.18505859375,2441.5526806371126,2407.612329666275,2417.9543068301887,1344964
2022-09-08,2422.984130859375,2440.706610814734,2409.6806793213264,2425.6637349391426,1004533
2022-09-09,2433.843505859375,2488.6560364376614,2428.907561699459,2442.587224278445,1785443
2022-09-12,2426.0400390625,2449.168555624876,2420.022979723006,2436.0060374756445,1595709
2022-09-13,2431.869140625,2452.9290761411776,2424.723682394824,2442.5870984341814,1342130
2022-09-14,2417.578125,2450.1084362675592,2394.3557310085926,2397.458370100643,1610054
2022-09-15,2407.236328125,2443.3393710668047,2398.3987295990864,2425.663944478888,1199906
2022-09-16,2376.91552734375,2410.4801306486484,2367.9838190266,2402.1594474019203,2516820
2022-09-19,2424.958740234375,2433.185313454129,2358.0179846277065,2379.5950650511595,1166725
2022-09-20,2429.001220703125,2464.6809931015428,2425.28755693162,2443.150970576072,1253333
2022-09-21,2466.65576171875,2488.4208318033448,2425.663831511336,2427.5441910706472,1960049
2022-09-22,2531.6689453125,2539.660472946018,2463.3179254600923,2466.1855195181556,2620240
2022-09-23,2521.609375,2560.8148282531884,2514.0408814131347,2536.511087678643,1789791
2022-09-26,2501.39501953125,2565.750270816187,2484.941875617991,2508.869401858921,2678551
2022-09-27,2518.9765625,2551.4127634540914,2494.6728244634487,2515.9209783521505,1898501
2022-09-28,2540.4599609375,2546.712064870694,2493.4039154560223,2510.2330422705436,1526197
2022-09-29,2539.00244140625,2563.8701496087356,2530.1177887752156,2548.9213835651585,2019666
2022-09-30,2535.147705078125,2552.493975996988,2508.305526629742,2545.066647598627,1340054
2022-10-03,2465.621337890625,2570.4513776140966,2460.967494141953,2560.109400601019,1683197
2022-10-04,2508.352294921875,2516.3908769763475,2476.574176292154,2491.476115818166,1327939
2022-10-06,2457.630126953125,2531.2462550869814,2449.2155632060862,2520.904276740966,1752351
2022-10-07,2444.185546875,2456.6899849751667,2420.963150138176,2455.655695310182,1025923
2022-10-10,2449.732421875,2454.5272008264124,2389.9368986083723,2416.2619313231776,1043728
2022-10-11,2398.069091796875,2454.3859895986047,2392.757168678862,2453.868844892664,1129783
2022-10-12,2436.3349609375,2448.7923430031724,2401.4071444430424,2410.1038073945497,882873
2022-10-13,2412.87744140625,2451.189769756758,2409.5868119773722,2428.484518511937,753331
2022-10-14,2421.71533203125,2467.8780254877447,2416.450232994862,2435.0658401511137,1001536
2022-10-17,2435.5830078125,2453.8224054736393,2414.3819058395934,2419.647004925335,778918
2022-10-18,2446.58251953125,2483.9546610055,2441.6465763176698,2463.2707084914496,1123374
2022-10-19,2428.484375,2460.9205774535426,2424.1594561917627,2458.852227841982,1241979
2022-10-20,2445.3134765625,2453.869204299969,2414.5225890372803,2414.5225890372803,1428125
2022-10-21,2495.14306640625,2507.2244685877413,2450.1085460353065,2450.1085460353065,2458302
2022-10-24,2419.1767578125,2482.07469520613,2397.458512415012,2453.9634107377374,719908
2022-10-25,2355.5263671875,2431.304950498523,2350.4494881076207,2431.304950498523,2923789
2022-10-27,2368.31298828125,2378.6549663960154,2339.1674135941844,2344.8084925658745,1846329
2022-10-28,2373.2490234375,2398.3047250169825,2361.7318200950776,2374.9884480016117,1164951
2022-10-31,2398.116455078125,2418.1423297660617,2389.98399201212,2392.7574763820476,1324443
2022-11-01,2415.248046875,2438.0111287575533,2411.2728436181856,2431.5275937357715,1280132
2022-11-02,2383.540771484375,2426.79522677603,2367.5449856731047,2426.79522677603,1338284
2022-11-03,2410.089599609375,2412.5977001586793,2374.0756881563893,2381.0796063109324,730444
2022-11-04,2385.48095703125,2409.7582801093517,2380.6537761370964,2408.764421563361,889055
2022-11-07,2397.264892578125,2415.4374162658305,2382.310335713595,2395.655909166537,1283685
2022-11-09,2374.549072265625,2408.7171494364193,2359.2631528599154,2375.6848116176993,1436444
2022-11-10,2379.09228515625,2402.186499497946,2367.2138147610717,2370.0059080941123,1459152
2022-11-11,2369.106689453125,2410.5155369158833,2361.487415304746,2408.811812405041,1162847
2022-11-14,2326.278076171875,2379.234029540042,2323.7697445164235,2372.655984654207,2137131
2022-11-15,2325.993896484375,2336.8785067832846,2313.3581912286645,2326.277889055226,1558333
2022-11-16,2345.25537109375,2350.1296918380563,2298.1675933374295,2331.7205465485586,1330395
2022-11-17,2328.3603515625,2364.3268935785063,2322.9180458627097,2347.2427399056714,960476
2022-11-18,2350.7919921875,2355.38255101336,2317.8070269404766,2337.8251539456232,1075675
2022-11-21,2367.544677734375,2377.5775416383053,2337.872421503324,2350.791888564652,1354881
2022-11-22,2381.07958984375,2388.935485714857,2363.3803121354986,2371.8039621071234,921265
2022-11-23,2373.1767578125,2389.8821784312645,2368.112954627732,2386.0962264654327,734152
2022-11-24,2412.73974609375,2423.00923312555,2376.7732027895427,2382.310249912894,999929
2022-11-25,2401.666015625,2418.65542961983,2383.4461209707506,2418.2769268367074,783480
2022-11-28,2390.071044921875,2406.4453307524473,2386.853078699601,2391.7747692473686,830905
2022-11-29,2493.23828125,2498.680586459523,2391.964079959749,2391.964079959749,2542932
2022-11-30,2540.704833984375,2553.624301120372,2482.637710095899,2493.049076779488,3698270
2022-12-01,2520.355712890625,2539.427354035937,2505.2119045922373,2536.587889979989,1675569
2022-12-02,2475.16064453125,2517.657859580169,2467.635880729102,2517.657859580169,2101890
2022-12-05,2479.656494140625,2484.530814546321,2446.8131781312222,2460.8686163125462,1640511
2022-12-06,2512.49951171875,2517.610453969769,2464.512621202319,2467.3047143038234,1484562
2022-12-07,2562.47412109375,2574.257849291455,2514.1084967355036,2517.705196988416,2368561
2022-12-08,2560.67578125,2565.9762062069585,2542.030014827384,2550.832398988402,1314703
2022-12-09,2576.57666015625,2594.8912932696076,2566.1652933597697,2578.8955092729643,1883397
2022-12-12,2571.84423828125,2578.233031586393,2544.7745919949284,2557.5995492152956,1163204
2022-12-13,2565.2666015625,2574.447489408758,2553.4355009677906,2571.6080252660277,1265839
2022-12-14,2540.98876953125,2574.4472108229606,2528.400664721609,2574.4472108229606,886858
2022-12-15,2520.73388671875,2539.6636446214534,2506.7258196555204,2525.5610674143977,990722
2022-12-16,2528.35302734375,2543.875335576085,2511.316246128494,2525.2295712390596,1793864
2022-12-19,2572.64892578125,2574.4471604113696,2528.3532446001177,2528.3532446001177,1546941
2022-12-20,2531.429443359375,2561.243814378814,2511.2692034071883,2561.1964437651377,827567
2022-12-21,2523.526123046875,2550.9269029512657,2508.2878057158546,2544.112235934674,779092
2022-12-22,2503.791748046875,2544.6326066965603,2500.6209212915423,2533.274752398491,852567
2022-12-23,2480.839599609375,2507.767134935955,2468.4878859382347,2491.1562255903627,1189702
2022-12-26,2477.384765625,2496.69325788262,2467.25739107319,2480.6974733525367,605144
2022-12-27,2454.479736328125,2493.900864766486,2437.4429541999434,2484.5307270264448,870960
2022-12-28,2445.34619140625,2463.8027051583895,2440.140508040262,2454.2430850922087,822651
2022-12-29,2430.62841796875,2445.0623591572944,2403.511399647527,2442.1755247043534,1345863
2022-12-30,2424.002685546875,2448.043383822979,2418.465639351331,2441.8912129728765,696432
2023-01-02,2421.49462890625,2441.9862312468067,2402.233738166701,2436.16519182867,681703
2023-01-03,2406.01953125,2424.9019180028267,2399.346745564858,2413.5914341945836,821843
2023-01-04,2400.38818359375,2421.494680028095,2391.822421426849,2414.0175176499197,1672649
2023-01-05,2445.440673828125,2453.249198788592,2401.71298026474,2401.760350873668,2008493
2023-01-06,2438.578857421875,2472.131809376192,2437.111754869187,2441.9389358938606,991782
2023-01-09,2483.6318359375,2488.7427786109756,2432.4741142837315,2450.788749169992,1267078
2023-01-10,2502.372314453125,2511.3639501772454,2475.1607852880243,2483.6318064128836,1413088
2023-01-11,2454.479736328125,2506.1580678807336,2449.6054160941317,2502.513997050636,1471687
2023-01-12,2451.451171875,2463.3296419148805,2435.076884052882,2447.712590671319,1703829
2023-01-13,2483.584716796875,2498.018659987101,2429.3035330903695,2451.5933735436283,1348015
2023-01-16,2458.1240234375,2487.323038952813,2445.7249384783695,2487.323038952813,930068
2023-01-17,2524.803955078125,2531.8552440285057,2462.5723729118167,2466.026961468533,1892865
2023-01-18,2542.455810546875,2549.3652185945693,2517.6578731990176,2525.22977657706,2038075
2023-01-19,2507.95654296875,2535.9253091933156,2472.131880238682,2527.2176659301786,1649842
2023-01-20,2412.36083984375,2465.6007799089625,2400.34049070203,2413.543949622977,4569549
2023-01-23,2457.4609375,2464.6543375207593,2415.436969797611,2423.008872524249,1388360
2023-01-24,2461.342041015625,2470.3336770047226,2442.6962736534674,2464.654749011608,1462462
2023-01-25,2482.022705078125,2500.6211003928256,2455.1896799466276,2461.3418514653836,1591810
2023-01-27,2472.368408203125,2504.9277323557003,2440.2351884893287,2494.4689942843343,1581382
2023-01-30,2430.722900390625,2470.3335129424054,2394.803729434912,2470.3335129424054,2744039
2023-01-31,2438.862548828125,2451.5927640980008,2405.2148598028316,2430.5807802039876,2366794
2023-02-01,2436.49658203125,2463.708110334017,2410.5629048792493,2461.0578978840813,2014615
2023-02-02,2493.85400390625,2498.491702684477,2425.848748548277,2432.0009205598117,1980667
2023-02-03,2507.010009765625,2515.244408886857,2490.351729068288,2498.728240030675,1638238
2023-02-06,2496.456787109375,2503.4607057270673,2460.632124655555,2490.209874014334,1697446
2023-02-07,2462.00439453125,2503.9812272919867,2456.420208090268,2503.460612707383,1495745
2023-02-08,2444.589111328125,2467.9673173617275,2440.3772861867856,2453.9592495561014,1061956
2023-02-09,2448.280517578125,2460.77411323944,2428.6882617596793,2448.5645101996456,1102484
2023-02-10,2439.572509765625,2448.232781433851,2418.607895662112,2446.671168862906,1523011
2023-02-13,2442.88525390625,2452.1135108708318,2413.5441291983484,2423.0090081363815,1146525
2023-02-14,2441.560302734375,2462.7615394676645,2432.663177743183,2446.671245013033,1944364
2023-02-15,2412.0771484375,2434.177734303244,2401.2399077219407,2413.54425096214,2009134
2023-02-16,2391.869873046875,2424.8074699775007,2387.8472991211815,2423.0092352411875,1982857
2023-02-17,2380.890625,2409.9951317456766,2372.750735560982,2389.8822612303716,1395341
2023-02-20,2377.05712890625,2406.918870108475,2373.9810430518055,2383.2566712281323,632091
2023-02-21,2381.50537109375,2407.8177801990973,2377.8615314255153,2392.721344828088,862797
2023-02-22,2360.588134765625,2388.5095271243335,2349.8927755451964,2381.505378192057,885515
2023-02-23,2357.370361328125,2381.269184509786,2347.385097295348,2358.648212621776,757215
2023-02-24,2351.26513671875,2376.8676799947484,2339.670660230971,2358.8370397311774,732783
2023-02-27,2336.07421875,2353.915609629002,2324.574482207008,2353.915609629002,853991
2023-02-28,2328.97509765625,2341.942165293726,2305.312902808479,2337.5882290112872,1780454
2023-03-01,2334.27587890625,2337.825208676508,2317.0024740243284,2326.467353411683,967339
2023-03-02,2323.959228515625,2337.825184242716,2313.216498092793,2334.275854509554,827174
2023-03-03,2338.771484375,2356.660012363278,2324.242803403406,2334.039045110785,1176008
2023-03-06,2351.880615234375,2365.131446197715,2343.125601919311,2349.1356616034195,1214503
2023-03-08,2352.1171875,2367.5447555060214,2335.1749153378546,2353.9154220908404,1448340
2023-03-09,2329.685302734375,2358.600555264015,2325.4261070415814,2351.8806295944114,1038910
2023-03-10,2333.518798828125,2338.298609454509,2314.2579066288986,2318.895605409248,772024
2023-03-13,2323.722900390625,2355.335508781246,2314.1632786699406,2334.0395276891913,1314549
2023-03-14,2311.74951171875,2339.71827763631,2309.19404039773,2330.2533978724096,1250763
2023-03-15,2277.344482421875,2327.8868406067504,2264.9453992973995,2320.693440598086,1738040
2023-03-16,2327.745361328125,2337.1628707375603,2278.9064879697203,2295.186035397131,1628035
2023-03-17,2316.4345703125,2350.3188859263596,2309.2414003707813,2339.3869036341953,2127178
2023-03-20,2376.8203125,2381.9786252187464,2295.233103649422,2316.4343396815416,1561128
2023-03-21,2330.8212890625,2388.2256900843777,2327.177218069935,2380.4171645941583,1595161
2023-03-22,2343.835693359375,2348.6152729843475,2323.0600965250096,2340.286363295578,1063244
2023-03-23,2352.1171875,2366.2671354786817,2334.0391760659477,2342.557567219473,1578627
2023-03-24,2348.047119140625,2364.231922830893,2337.8250040816397,2339.9072311494,1449326
2023-03-27,2365.273193359375,2370.9521205943315,2332.146117822129,2352.0223631444765,1387736
2023-03-28,2349.940185546875,2378.9973176293265,2339.623328873672,2375.495358642555,1412387
2023-03-29,2395.419189453125,2403.8902106335704,2347.3375539976164,2352.0226232693785,2613254
2023-03-31,2423.340576171875,2431.0069901140273,2381.8843567038157,2421.8734735972384,2146167
2023-04-03,2400.38818359375,2432.4740326839024,2380.464566021321,2432.4740326839024,918048
2023-04-05,2444.541748046875,2450.0314243612925,2368.112846234936,2378.0509696903587,1489612
2023-04-06,2427.977783203125,2446.6709169009173,2416.383307871583,2437.2060390792503,797414
2023-04-10,2396.649658203125,2431.480465164494,2389.882360977762,2427.9785055438433,853322
2023-04-11,2411.414794921875,2418.276832901733,2397.4540969628533,2404.079512943406,913184
2023-04-12,2393.62060546875,2419.2231502023587,2383.871733569996,2419.2231502023587,1109809
2023-04-13,2400.482666015625,2425.233464279976,2389.8820473081432,2389.8820473081432,1261711
2023-04-17,2415.29541015625,2440.992466020651,2405.404426043704,2435.3135382206806,1566977
2023-04-18,2405.073486328125,2423.0093885161623,2394.6147472444886,2423.0093885161623,1474786
2023-04-19,2396.12890625,2411.6512156786957,2375.9212967650888,2411.6512156786957,1320243
2023-04-20,2359.216064453125,2396.8861017243007,2347.290223307466,2383.0675156682732,1401364
2023-04-21,2364.279541015625,2375.2115231112857,2352.6376929537028,2358.647983898515,1206288
2023-04-24,2365.9833984375,2370.8577192491357,2342.6525614664356,2368.1129964558954,1735797
2023-04-25,2357.1806640625,2365.9830474479513,2345.444306932658,2357.55939785529,1701098
2023-04-26,2376.441650390625,2383.2563164384487,2349.372006470842,2356.7546576377035,1245903
2023-04-27,2336.83154296875,2387.0427784774947,2325.521057382714,2379.423503726675,2743893
2023-04-28,2325.8046875,2335.74281012788,2289.554155889742,2305.691820276909,3761927
2023-05-02,2320.50439453125,2345.397073120602,2318.895411277431,2339.5288942134157,1760370
2023-05-03,2352.96875,2356.754701327434,2321.40328837707,2325.473232269287,1258140
2023-05-04,2372.608154296875,2375.069114863819,2347.4314878545442,2353.867650734459,1150227
2023-05-05,2366.9296875,2385.1495801259625,2361.2033893166094,2366.219821553534,1354871
2023-05-08,2381.647705078125,2391.6331992928026,2363.5223219595014,2371.6622108634474,972810
2023-05-09,2381.174072265625,2389.8817138791874,2366.2668892978636,2389.8817138791874,1651327
2023-05-10,2387.705078125,2399.3469259929784,2371.75689499437,2386.0960948435104,2025658
2023-05-11,2453.67529296875,2459.9222059298563,2388.5571062375384,2401.1925818470027,1749356
2023-05-12,2483.01611328125,2498.7279038952875,2447.9960631130207,2455.1894631455966,2170011
2023-05-15,2519.78759765625,2527.8327453997294,2482.685315454495,2496.787893774364,1561055
2023-05-16,2532.706787109375,2535.073006773357,2508.7608289707878,2527.122601132833,1477905
2023-05-17,2519.314208984375,2530.9086859488,2505.4008828422952,2529.0157101178734,839404
2023-05-18,2486.9443359375,2526.3654646700757,2481.5494011052074,2522.863505643931,1434067
2023-05-19,2500.1005859375,2507.246616279918,2461.483830796552,2487.985493784788,1174757
2023-05-22,2496.929931640625,2513.3513587848156,2482.6852419016027,2493.9957265906437,768232
2023-05-23,2487.654296875,2508.0037875682942,2484.530840460333,2491.1562560348934,703864
2023-05-24,2475.0185546875,2496.835147586533,2468.440509820196,2479.7983649267308,628872
2023-05-25,2458.265869140625,2485.6192789214074,2442.4595663272125,2470.3335907044107,1072231
2023-05-26,2510.41748046875,2514.5345645266775,2463.8029475598632,2464.418072314996,947073
2023-05-29,2508.4765625,2536.161329545742,2503.5075017482,2527.1223252010545,698267
2023-05-30,2514.392822265625,2522.3905999037424,2508.99788670996,2513.3989636189076,948051
2023-05-31,2524.803955078125,2536.58768373697,2496.835190185868,2514.3925877195034,3388305
2023-06-01,2553.52978515625,2585.095251180072,2512.45229995698,2524.2833995047145,1541080
2023-06-02,2571.32373046875,2591.6732211002904,2547.6141614479334,2564.9823075104314,1509260
2023-06-05,2551.54248046875,2576.340420668472,2540.5157562606664,2571.0873658806017,1000190
2023-06-06,2547.14111328125,2562.9947874338136,2527.2648650899764,2555.517624592328,655372
2023-06-07,2570.850341796875,2581.072457149329,2535.972401951196,2546.0524054755024,1428490
2023-06-08,2536.492919921875,2575.914280987985,2531.7604802555584,2562.1428353437727,923536
2023-06-09,2495.13134765625,2545.058584219,2479.893031161459,2545.058584219,1413808
2023-06-12,2501.99365234375,2514.8186109331446,2492.1028989789124,2503.4607549560283,775484
2023-06-13,2532.706787109375,2552.6777735038395,2486.896866845138,2488.8845837933386,1787924
2023-06-14,2554.333984375,2557.5048109778104,2510.0856791338583,2528.0689475741083,1536248
2023-06-15,2545.7685546875,2572.0809655177795,2534.8365728138583,2568.720887130483,1830192
2023-06-16,2570.329833984375,2578.23310056672,2539.6163471183318,2545.76851861381,1748145
2023-06-19,2560.40576171875,2587.266908519368,2552.5334622557184,2578.2973514074583,1068263
2023-06-20,2553.58349609375,2557.6864481081543,2526.8653856788046,2547.762671710834,1129279
2023-06-21,2554.060546875,2582.925647646169,2546.283528707355,2562.982347335304,1201840
2023-06-22,2532.828857421875,2555.396021860489,2527.437385484197,2546.473989614489,830052
2023-06-23,2520.6630859375,2538.7454756382135,2507.160757581509,2529.918956603175,991214
2023-06-26,2530.681884765625,2551.76996473568,2521.1872284178207,2521.1872284178207,758700
2023-06-27,2529.966552734375,2539.747289419602,2515.3192099764915,2530.6822163942697,687747
2023-06-28,2539.4130859375,2564.556827714489,2521.044386302254,2531.493028592996,1397573
2023-06-30,2555.539794921875,2562.9349871750464,2529.9669293720026,2543.898377580543,1160181
2023-07-03,2577.390869140625,2581.971162655144,2537.6953026326682,2563.984058120481,980665
2023-07-04,2576.38916015625,2582.7823755535815,2552.533704969618,2577.391135866774,721907
2023-07-05,2629.6826171875,2633.0699058100085,2572.668073286661,2576.3416739942495,1717547
2023-07-06,2630.875,2638.41323032986,2610.40683395817,2633.5466244954214,1265020
2023-07-07,2574.576171875,2642.850296475034,2567.801129592601,2627.0581719224147,1178930
2023-07-10,2534.9287109375,2587.219921184591,2529.6327526973287,2585.836118257277,1518183
2023-07-11,2561.598876953125,2592.372415333359,2524.861474545714,2535.453390243356,2476367
2023-07-12,2551.245361328125,2581.112437160341,2521.521558001949,2581.112437160341,2395826
2023-07-13,2533.1630859375,2564.413732937298,2529.8233221359947,2562.028187364794,1495067
2023-07-14,2554.346435546875,2563.5070228395393,2529.6800365047466,2533.4491515499635,1419016
2023-07-17,2558.927001953125,2579.4426940677295,2547.7626951625157,2547.7626951625157,912701
2023-07-18,2559.9765625,2577.4388016680173,2554.728362545665,2562.6006624771676,1215904
2023-07-19,2549.289306640625,2573.43083950197,2539.0789860492114,2559.928745844099,1166542
2023-07-20,2579.490478515625,2591.943073242828,2536.502899857043,2546.8562610316517,1430764
2023-07-21,2484.7841796875,2553.8219592785504,2473.333561347926,2528.678216655866,5198952
2023-07-24,2462.121826171875,2486.6451904628643,2457.1121799796833,2484.7845113270273,1777469
2023-07-25,2450.575439453125,2468.180952061506,2444.9934026192527,2462.0738156481693,1653775
2023-07-26,2465.031982421875,2479.8223648804947,2454.5355819673705,2461.4059065812685,1300033
2023-07-27,2452.197998046875,2464.7458755402995,2436.1193264631765,2443.7530728837423,2276136
2023-07-28,2466.2724609375,2475.003464310564,2447.760488019154,2452.3407819867566,966450
2023-07-31,2443.562255859375,2464.6503403958914,2437.0735248621963,2457.1598665599568,2003252
2023-08-01,2434.306396484375,2455.967105285392,2428.4855716733723,2452.341029155429,1758897
2023-08-02,2451.338623046875,2455.632604639891,2419.8971821973637,2421.8056184609263,2082908
2023-08-03,2434.496826171875,2443.800453185906,2421.042256996987,2440.842283719155,1475310
2023-08-04,2429.439453125,2441.7965317946764,2418.9908107892793,2434.4968560026655,1359318
2023-08-07,2451.577392578125,2456.15768660504,2422.521494509924,2423.7142672792547,803823
2023-08-08,2448.380859375,2466.844841749746,2438.5523653314685,2451.577350563966,1002061
2023-08-09,2435.355712890625,2451.338868196379,2424.668515338569,2448.380931470091,1212549
2023-08-10,2420.565185546875,2434.5921460549325,2411.881939976849,2432.3498731332065,1313334
2023-08-11,2387.262939453125,2420.517301160485,2384.59108212417,2418.942934447687,1472199
2023-08-14,2417.13037109375,2423.714383911913,2374.190549331531,2387.263292919785,1060479
2023-08-16,2435.737548828125,2438.0753369006125,2408.8284083521016,2417.9889965520374,1155882
2023-08-17,2426.8154296875,2443.418733131073,2417.034693167576,2435.7374630154354,1532873
2023-08-18,2437.788818359375,2450.193654307578,2416.175870450372,2416.175870450372,1970819
2023-08-21,2445.4228515625,2457.016510263372,2422.8079253400365,2437.7891054645584,977004
2023-08-22,2448.333251953125,2457.112013330394,2436.119211663105,2455.7762009551248,960025
2023-08-23,2456.20556640625,2465.222882398685,2445.1842988761878,2457.1120271633886,1136112
2023-08-24,2463.07568359375,2473.0949745100634,2449.4303169912287,2466.6540017781476,1143934
2023-08-25,2446.186279296875,2462.551029352658,2434.6879026134584,2449.4782857177142,802955
2023-08-28,2438.6953125,2450.432242497168,2422.7599157711484,2447.5695880082694,619841
2023-08-29,2410.498291015625,2441.748938080361,2406.6338935508866,2441.748938080361,958564
2023-08-30,2416.03271484375,2419.897345130354,2404.629853993885,2410.4982027140945,1227377
2023-08-31,2390.364501953125,2423.5235865317863,2377.053203801286,2416.1283950070488,3235414
2023-09-01,2390.125732421875,2399.3816021309085,2385.5454385871035,2390.3642869657338,813413
2023-09-04,2386.88134765625,2398.9045903397455,2377.911789628737,2398.9045903397455,1143301
2023-09-05,2392.272705078125,2407.9217898505804,2387.549371738417,2395.087602081513,844088
2023-09-06,2407.9697265625,2410.450787169734,2392.654477231026,2398.379786666086,1094146
2023-09-07,2392.654541015625,2406.395423804144,2385.5456615369335,2395.0878441830814,1894798
2023-09-08,2398.714111328125,2405.6321942978648,2387.024936655116,2389.3627249970255,1018234
2023-09-11,2420.1357421875,2422.664327057058,2394.181055537206,2398.7135916733873,1121083
2023-09-12,2384.448486328125,2432.302440771097,2374.095124612981,2432.302440771097,3946716
2023-09-13,2391.795654296875,2394.1334422731693,2377.9117330190265,2379.820169401867,1231305
2023-09-14,2386.308837890625,2398.904471098458,2378.961404599674,2396.0418165983406,2081195
2023-09-15,2356.6328125,2376.0034899545676,2353.102251497174,2361.4994188575743,3750697
2023-09-18,2374.71484375,2378.818028280448,2349.2850239024633,2358.207056557156,1499641
2023-09-20,2353.913330078125,2366.4612065970864,2333.0635686007568,2337.500590177752,1795159
2023-09-21,2360.115234375,2369.323345088197,2331.0591092777786,2353.101638738419,2223720
2023-09-22,2368.799072265625,2376.0034667192494,2345.4684824079977,2355.010665005264,1176741
2023-09-25,2362.50146484375,2385.25943145906,2347.3770116443197,2368.7991658286273,1122778
2023-09-26,2365.459228515625,2375.049168294878,2348.5696124812252,2360.735894882093,1263548
2023-09-27,2387.21533203125,2390.125744073198,2355.9646866334188,2362.6442138940242,1086791
2023-09-28,2347.7109375,2386.499815729826,2340.888137313114,2385.5455974908296,1612346
2023-09-29,2352.720458984375,2359.5907833495717,2338.3116711512257,2352.67270148226,1249567
2023-10-03,2355.869140625,2384.5912006529666,2349.0943314136016,2376.003237145213,1585626
2023-10-04,2393.0361328125,2396.0895843663584,2352.290830548836,2354.103984851398,1587335
2023-10-05,2404.200439453125,2409.2100848511195,2381.108406306482,2402.7213546953185,1909928
2023-10-06,2384.97314453125,2404.6301348507286,2379.820458856237,2404.5823773426637,1083342
2023-10-09,2396.328125,2401.290012866647,2367.41526800006,2371.232140661084,1468771
2023-10-10,2401.003662109375,2405.440916284318,2388.742098661599,2397.1867895098962,1092373
2023-10-11,2439.36328125,2446.5676751580454,2401.0515142086524,2403.0554655876986,1697398
2023-10-12,2439.935791015625,2450.002839014336,2422.950661481965,2438.0273547301217,1625010
2023-10-13,2451.815673828125,2458.7337551190826,2426.2903394097643,2436.1665900242865,1531977
2023-10-16,2441.17626953125,2463.7911924431783,2435.737272825355,2442.7983937469157,954899
2023-10-17,2439.12451171875,2452.34052563565,2429.868642708837,2441.1762204190168,1253538
2023-10-18,2431.58642578125,2453.5334434572896,2423.2847743834313,2452.38842825818,1084689
2023-10-19,2431.443603515625,2437.4549920889817,2409.4010688685216,2409.4010688685216,1272343
2023-10-20,2380.917724609375,2427.10203062245,2371.2802594499785,2404.6301428141746,3608160
2023-10-23,2369.801025390625,2395.0400515265787,2366.7953310865787,2379.820317022033,922707
2023-10-25,2363.884765625,2376.003290029655,2352.1478353104817,2361.7377747002747,1435836
2023-10-26,2363.026123046875,2376.003585211726,2343.2260931701107,2348.331254299622,2650560
2023-10-27,2368.41748046875,2380.774560351634,2351.0507547173906,2354.342761123986,1784812
2023-10-30,2365.411376953125,2377.911728421933,2349.6667768251305,2357.8731464408493,875135
2023-10-31,2370.278076171875,2377.9118219888537,2354.8197874851803,2357.1098180449,920414
2023-11-01,2359.06591796875,2379.772406079239,2353.8654754309146,2371.232199879601,1267131
2023-11-02,2390.353515625,2399.1966615134816,2367.7649252621927,2379.0111126786323,1595123
2023-11-03,2411.93310546875,2415.057059874558,2389.392619844332,2400.158200400705,1125583
2023-11-06,2400.54248046875,2420.1033340828108,2394.4870030272687,2417.459988171291,1338677
2023-11-07,2399.629150390625,2408.0397956975985,2388.8635713321037,2399.1966498520997,1473411
2023-11-08,2421.64111328125,2427.071893153558,2400.8306332753555,2401.1190451871635,745022
2023-11-09,2380.645263671875,2424.188425464951,2377.136916718744,2422.314099905442,1823094
2023-11-10,2390.113525390625,2392.084066636767,2369.735777491523,2380.9338586137587,771062
2023-11-13,2382.039306640625,2390.7383655697163,2375.1667004252595,2381.126197619796,760809
2023-11-15,2389.968994140625,2405.973392229623,2379.972434809914,2404.8678522745317,1457029
2023-11-16,2394.5830078125,2408.6168655699284,2379.3478638462443,2384.0096240608077,1420578
2023-11-17,2430.724609375,2435.242280505872,2369.3989427459933,2369.3989427459933,1756043
2023-11-20,2409.241455078125,2436.203629376514,2403.0416545438093,2436.1555216090155,944231
2023-11-21,2408.08837890625,2419.382676262661,2401.1195571331455,2407.8480747071776,1088806
2023-11-22,2424.09228515625,2426.3512382545014,2406.8866002136365,2410.4911628137966,816610
2023-11-23,2422.169677734375,2429.715322104033,2409.0010569157093,2409.0010569157093,1023670
2023-11-24,2417.652099609375,2422.0737901202465,2410.2026704841705,2417.5561187464655,735137
2023-11-28,2413.1826171875,2433.5603641585562,2403.041734135041,2433.5603641585562,1880641
2023-11-29,2427.1201171875,2430.580356278902,2410.827542118069,2414.576193135095,1265214
2023-11-30,2446.8251953125,2455.4280377646614,2418.565283786909,2418.565283786909,3095684
2023-12-01,2464.222900390625,2481.81321151669,2443.412654382418,2448.6993458061406,1345599
2023-12-04,2501.374267578125,2507.2375486501332,2475.1330047102824,2477.055438111999,2188039
2023-12-05,2463.838623046875,2534.72835227723,2457.1582141419476,2534.72835227723,3108717
2023-12-06,2468.06787109375,2483.495445470624,2463.5983074792334,2470.3268241208075,1573754
2023-12-07,2420.583740234375,2460.522337513956,2401.6959276222537,2452.159799899551,3925967
2023-12-08,2424.476806640625,2435.6748867600672,2411.019773521691,2421.304744756755,1605805
2023-12-11,2406.5498046875,2431.8298477603535,2402.0802414443756,2424.4766347675964,2012243
2023-12-12,2405.684814453125,2420.3433674130333,2400.157819074799,2403.041468837404,1677929
2023-12-13,2414.480224609375,2419.094111875286,2401.167513622758,2410.5874845673156,1513205
2023-12-14,2418.757568359375,2426.879801973957,2404.19499556596,2423.5636515244564,2166569
2023-12-15,2425.0537109375,2433.80087747022,2409.7704580639183,2422.266276155195,2543337
2023-12-18,2437.1650390625,2445.8159897040155,2417.4600959346035,2422.410268266204,1969036
2023-12-19,2461.387451171875,2467.395055289173,2436.684229975954,2436.7323377432995,1656220
2023-12-20,2458.311767578125,2473.162519005037,2448.21899199276,2473.162519005037,1468642
2023-12-21,2454.178466796875,2479.9391216617246,2437.64558625354,2443.6531907149297,1945695
2023-12-22,2475.70947265625,2479.6984275224845,2448.0263887172355,2459.9453802254166,1174984
2023-12-26,2484.5048828125,2491.137184220364,2467.4913940371575,2475.7098438144135,893776
2023-12-27,2507.141357421875,2510.697811982238,2480.803881224971,2485.70617985684,1073278
2023-12-28,2531.65234375,2537.6118397726373,2505.747603153392,2512.4761193952136,1635216
2023-12-29,2560.633056640625,2563.6610299017602,2519.5891524788576,2531.6524684122573,1305681
2024-01-01,2551.7900390625,2565.8717698748246,2535.689659307609,2560.5372049175576,526353
2024-01-02,2512.42822265625,2551.020978758828,2505.8919022522155,2545.3017864073136,1310629
2024-01-03,2505.459228515625,2526.654101927123,2494.8858456925855,2498.2019960981333,1008270
2024-01-04,2492.002197265625,2521.2711964354744,2487.676722471893,2505.4592299572364,1376844
2024-01-05,2518.435791015625,2527.903634441405,2494.357266422686,2494.357266422686,1150738
2024-01-08,2478.2568359375,2524.1549311245517,2466.9625402631996,2523.145606704356,1189828
2024-01-09,2479.69873046875,2488.589984759606,2471.816800626399,2482.390184107417,1017205
2024-01-10,2477.439697265625,2493.684399436957,2465.5207046868295,2479.93895442184,881278
2024-01-11,2437.837646484375,2488.5899330735856,2433.6564948160362,2479.9389831324256,2399600
2024-01-12,2445.335205078125,2455.908588433416,2414.432183049432,2435.2424300571656,2979841
2024-01-15,2473.402587890625,2478.7373871269424,2432.839292997883,2447.2575424625093,1391204
2024-01-16,2469.4619140625,2484.3607728897164,2457.206401156241,2473.402761723246,1599406
2024-01-17,2463.502197265625,2471.6246661535556,2441.250124432753,2450.1413789463877,3047652
2024-01-18,2449.18017578125,2470.3269433900364,2439.1355081014863,2470.3269433900364,1273095
2024-01-19,2465.90478515625,2474.1232333986977,2433.8002470146685,2465.520392414149,1323064
2024-01-23,2283.418212890625,2384.2978512994473,2273.709831056434,2355.9419607074965,4369332
2024-01-24,2346.954345703125,2351.0395161281167,2275.343711194449,2295.385170559978,1551469
2024-01-25,2334.122314453125,2372.2825665017513,2326.3363661318594,2359.594554328448,2364765
2024-01-29,2349.59765625,2354.0193462775947,2316.5319005835045,2316.5319005835045,1587091
2024-01-30,2363.295166015625,2397.8029837268405,2352.385498102803,2358.825602569055,1793711
2024-01-31,2385.30712890625,2389.4882803625414,2347.050660838892,2354.9806978827833,1445004
2024-02-01,2377.66552734375,2414.143651172756,2372.61914008399,2379.1073522751103,1727534
2024-02-02,2357.479736328125,2390.449275303544,2347.290747323522,2380.933325602114,1956115
2024-02-05,2325.6640625,2369.159122978663,2319.1758490584316,2368.438210374044,1315445
2024-02-06,2332.248046875,2346.666296218703,2324.2699019704123,2330.902202799705,1557511
2024-02-07,2331.3828125,2345.272345774969,2318.021995302354,2345.272345774969,1149076
2024-02-08,2323.308837890625,2347.0989508697385,2305.958829773469,2347.0989508697385,1758661
2024-02-09,2330.13330078125,2334.266579403876,2312.7835275950797,2323.3088032155542,886474
2024-02-12,2293.12646484375,2335.6124295793047,2289.6181178518773,2330.085433702878,1292460
2024-02-13,2301.152587890625,2307.8329964640893,2287.7917707436964,2297.307721411276,957865
2024-02-14,2295.3369140625,2301.1523208721196,2278.0831246729003,2292.501372297412,1397975
2024-02-15,2259.67626953125,2292.213312532259,2255.735187373002,2276.4975610105416,2553695
2024-02-16,2283.1298828125,2289.618095299179,2266.1645025494804,2278.0353875552187,2363302
2024-02-19,2294.568115234375,2302.0656516566646,2281.7360144140926,2296.8270681155595,576683
2024-02-20,2310.861083984375,2315.042235684377,2276.3532648212054,2278.179717292503,1032995
2024-02-21,2313.744873046875,2328.835928697773,2301.24905561955,2310.8612228713387,1127778
2024-02-22,2295.481689453125,2326.4328201820526,2273.9984023925185,2326.4328201820526,2258516
2024-02-23,2301.248779296875,2312.2065547793372,2291.4922899045896,2295.9139801782985,1210775
2024-02-26,2311.005126953125,2313.2159721788876,2287.6956232290477,2298.365221895274,831596
2024-02-27,2312.014404296875,2315.52275112335,2296.4906149378007,2310.8128835108178,1120424
2024-02-28,2327.63427734375,2330.9504279253597,2307.8812278139335,2317.5896100629743,629152
2024-02-29,2318.742919921875,2334.6029942925143,2304.276562728189,2330.950324169719,2848084
2024-03-01,2316.24365234375,2344.2151499760976,2310.764764520349,2323.2124728690296,2326244
2024-03-04,2328.066650390625,2333.737734571899,2311.1491440334266,2322.491547068001,1501261
2024-03-05,2306.77587890625,2326.1443005982023,2298.365233191277,2311.726050801106,1587199
2024-03-06,2307.689208984375,2315.427050718229,2283.178181979929,2310.7650556348353,1354111
2024-03-07,2325.711669921875,2331.9114700533587,2309.8034882680217,2311.6778137023744,1820704
2024-03-11,2297.16357421875,2319.4156445318367,2291.1078627337656,2315.5707781505157,2040761
2024-03-12,2285.91748046875,2292.501908960792,2269.240510948934,2287.6958252942077,1012157
2024-03-13,2222.909423828125,2282.8892409640207,2214.4987792561524,2282.8892409640207,2322669
2024-03-14,2244.056640625,2250.881138510183,2212.5767931537994,2215.460443303833,2292515
2024-03-15,2237.424072265625,2246.315326766892,2226.0816682377067,2239.6830253861167,2751403
2024-03-18,2210.750244140625,2234.8287687773436,2207.914701884541,2230.791705677831,2487402
2024-03-19,2179.02978515625,2214.5466893216744,2159.7094735343794,2194.697661669194,4220638
2024-03-20,2154.99951171875,2177.588101842682,2153.1251862811687,2162.737352291352,2995013
2024-03-21,2155.384521484375,2171.532775508243,2147.3582675733664,2147.3582675733664,3504486
2024-03-22,2169.033203125,2178.116652379915,2145.4833981897364,2152.211913885526,3507809
2024-03-26,2153.125244140625,2171.5324486759623,2145.435511125837,2145.531726657333,3027027
2024-03-27,2152.8369140625,2175.233309253919,2149.2804593423607,2162.7374926298353,2168861
2024-03-28,2176.531005859375,2199.1674701311017,2153.2215021979396,2157.9313698937053,3186360
2024-04-01,2197.2451171875,2205.992282853251,2174.2721323808514,2181.961865828706,1427873
2024-04-02,2198.01416015625,2208.8759556978766,2188.738512957842,2208.8759556978766,1221495
2024-04-03,2177.347900390625,2193.3522983556677,2173.3589451770617,2193.3522983556677,1175309
2024-04-04,2177.107421875,2193.496211317273,2162.0163686701912,2181.9616124847544,1890255
2024-04-05,2179.02978515625,2192.0543161881515,2170.52315959319,2177.1073520791283,1153449
2024-04-08,2180.952392578125,2200.176724886131,2179.2702635011747,2188.6902332665027,1127294
2024-04-09,2176.338623046875,2186.3835249561675,2168.2644969116745,2182.9230510856314,1189343
2024-04-10,2173.214599609375,2188.5940657934834,2170.1387533069596,2188.5940657934834,2308993
2024-04-12,2145.72412109375,2177.011772119853,2142.1676661805636,2173.2147783557252,3388551
2024-04-15,2108.957275390625,2141.3502270656313,2105.064301323637,2141.302119302431,4909564
2024-04-16,2134.670166015625,2144.714833933699,2087.810850316233,2098.336126600455,2821129
2024-04-18,2128.902587890625,2150.9143543197647,2123.375592400965,2129.142892042349,3392171
2024-04-19,2145.051025390625,2156.7297130319407,2110.831621088865,2133.9008191335524,2337694
2024-04-22,2154.567138671875,2166.149846333918,2142.600038215488,2162.7374802639833,1804108
2024-04-23,2174.992919921875,2185.3259986487164,2161.4877793956443,2165.6210578207865,1991778
2024-04-24,2172.58984375,2180.375792163384,2158.555987368747,2178.1649470249645,1404398
2024-04-25,2144.330078125,2152.981027251255,2129.1909171540537,2151.250790491601,4951866
2024-04-26,2136.4482421875,2167.543696851507,2132.5555022212607,2157.931529681434,2307512
2024-04-29,2139.764404296875,2147.357921699967,2133.900889066216,2147.357921699967,1395292
2024-04-30,2143.945556640625,2153.3655264224535,2138.706973011922,2145.4835970967697,2119102
2024-05-02,2139.95654296875,2156.201009483979,2119.530690414858,2119.530690414858,2140383
2024-05-03,2131.065673828125,2148.9441648375323,2118.5217481219383,2145.4358175173165,2595307
2024-05-06,2168.69677734375,2173.7912720969075,2126.2110519028784,2138.706867307371,1619256
2024-05-07,2287.11865234375,2296.9232492649267,2171.3882691830577,2178.1167852894237,8277810
2024-05-08,2250.25634765625,2280.246261031328,2234.8287730626357,2274.623049604483,1813439
2024-05-09,2235.453369140625,2270.489903158512,2229.49387294917,2249.823745544639,1558987
2024-05-10,2270.92236328125,2279.0445967528176,2230.983765948245,2230.983765948245,2610266
2024-05-13,2269.095947265625,2289.2814965269827,2256.840435214087,2281.928283164871,1170617
2024-05-14,2258.474609375,2280.294179184719,2255.735048205718,2269.0479919382315,689430
2024-05-15,2233.194580078125,2264.4341196671453,2227.763565469436,2258.426515900026,812282
2024-05-16,2252.27490234375,2257.0331129272436,2212.0962304942204,2246.3635132828804,1880021
2024-05-17,2230.359130859375,2260.6853282003162,2225.3127434849703,2260.6853282003162,1264582
2024-05-21,2221.083251953125,2234.636500499877,2212.4804099252933,2217.5267973053774,1663959
2024-05-22,2275.103515625,2281.92824747066,2221.0831887144805,2221.3716006338227,1914851
2024-05-23,2290.0986328125,2294.2319112772707,2263.665175350866,2275.103559438179,1614718
2024-05-24,2277.170166015625,2290.819394398735,2272.9887800601164,2286.25361568337,974100
2024-05-27,2292.021240234375,2306.8719914386197,2270.8744726582977,2277.1704890301303,1116934
2024-05-28,2303.027099609375,2315.571024447078,2286.3020229404683,2297.30790719324,1631747
2024-05-29,2281.3515625,2302.1139365481226,2277.5066958001285,2288.8490994991575,1592495
2024-05-30,2260.20458984375,2280.4382459438207,2243.527622854832,2276.160879064105,1837380
2024-05-31,2238.7216796875,2285.2444715554675,2227.7157960085565,2261.74277145962,5529186
2024-06-03,2264.530029296875,2294.8564590938263,2253.3800578590203,2288.6566591355686,1207445
2024-06-04,2399.485107421875,2412.701836012871,2251.2655508121684,2281.9282672744675,7826048
2024-06-05,2501.806640625,2618.306051895857,2427.072045942993,2435.2904952507906,11061076
2024-06-06,2450.718017578125,2499.1632419376433,2420.343478153456,2499.1632419376433,4102547
2024-06-07,2477.82421875,2495.7989223831146,2427.07193491907,2456.1968450725035,3974253
2024-06-10,2465.857421875,2493.0596674827398,2447.257784358365,2478.9779363158773,1449122
2024-06-11,2457.2060546875,2476.766670941292,2452.35186410996,2466.481700651621,1402423
2024-06-12,2430.628662109375,2468.4045259716218,2419.3824734698487,2468.4045259716218,1754677
2024-06-13,2390.93017578125,2408.6167027553947,2351.568401318949,2391.4588918675045,3123098
2024-06-14,2406.799072265625,2436.5472954840825,2397.724041974404,2400.2476482358666,1729552
2024-06-18,2413.10791015625,2424.512241154475,2400.3931995365956,2406.944623727065,1820933
2024-06-19,2384.718505859375,2421.600599153089,2379.380308145811,2421.600599153089,986976
2024-06-20,2409.17724609375,2416.7478288529137,2374.6730278925506,2384.7186407596823,2163310
2024-06-21,2369.48046875,2405.1007594830376,2355.1643928006965,2402.189015222162,3646215
2024-06-24,2370.35400390625,2395.2495606319985,2355.6497895105103,2363.3658647573675,1945519
2024-06-25,2360.64794921875,2374.7213790151695,2356.4744019564196,2367.5877481554376,833789
2024-06-26,2373.654296875,2394.424646941484,2360.8424310457776,2365.3072008903105,1738656
2024-06-27,2389.716796875,2410.1475818616186,2364.336189135392,2377.875751693822,3402726
2024-06-28,2400.296630859375,2417.233230677223,2390.3967469308704,2390.542239372817,2129791
2024-07-01,2431.40380859375,2448.777122647256,2378.021826134139,2388.649646159423,3312865
2024-07-02,2412.04052734375,2441.012479991009,2406.411344193174,2441.012479991009,1305210
2024-07-03,2436.499267578125,2445.71979146585,2401.5097584861905,2413.496297365214,1406405
2024-07-04,2422.522705078125,2462.2196282687923,2419.5623842855302,2441.060905421345,1977010
2024-07-05,2472.071044921875,2478.8651153240944,2422.5228126683,2422.5228126683,1754286
2024-07-08,2511.03955078125,2518.6587094834504,2461.637052765858,2484.688360800629,2818809
2024-07-09,2513.951171875,2537.099631698892,2492.4528899015895,2511.039427844741,1479529
2024-07-10,2533.654296875,2548.746885802939,2497.3060689912268,2505.0707205854474,1764036
2024-07-11,2532.1015625,2540.060283161406,2513.854583474437,2540.0117066962384,1432671
2024-07-12,2545.107177734375,2561.8497075526293,2524.4823221611628,2524.4823221611628,1912642
2024-07-15,2543.214599609375,2551.9012561227323,2536.760090845706,2550.688029320354,920101
2024-07-16,2609.359619140625,2644.834418084959,2547.3395600466733,2548.698279276291,3298003
2024-07-18,2657.840087890625,2670.2635775618123,2576.8936915714958,2620.5698558354193,5569762
2024-07-19,2646.775390625,2662.3046925135222,2636.050419116571,2658.4223670413917,1668862
2024-07-22,2654.831298828125,2669.050221276368,2626.0534187066073,2626.101995167326,1911629
2024-07-23,2684.96826171875,2728.595853311204,2651.6286919831223,2665.2168331572675,3906259
2024-07-24,2637.1181640625,2676.3295567061523,2596.402322900649,2667.1576101328446,3611927
2024-07-25,2627.557861328125,2644.688764839163,2591.452281427988,2637.118182692761,2166670
2024-07-26,2631.294921875,2646.7756488135715,2608.1950356707994,2643.863904425438,2135309
2024-07-29,2631.82861328125,2639.9814022401224,2613.581635609391,2631.4402385470876,957011
2024-07-30,2612.22265625,2673.3209442701027,2606.399167914487,2635.7109154365803,1560399
2024-07-31,2626.0537109375,2629.9360368935118,2596.3540595490326,2625.4229277529967,1751085
2024-08-01,2635.662353515625,2644.7857238415877,2615.910927352041,2634.157904962315,1886392
2024-08-02,2613.3388671875,2678.3192413238753,2602.274097597715,2632.216627095615,1738872
2024-08-05,2636.001953125,2661.334222675603,2587.764104503914,2597.227273238811,3118731
2024-08-06,2669.1474609375,2690.20903019787,2628.96524828348,2640.0785950237046,2296031
2024-08-07,2663.323974609375,2700.0119994244997,2655.025456133828,2699.8662700374903,1713875
2024-08-08,2652.793212890625,2678.076907446923,2640.3697227462762,2672.9813547553963,1464161
2024-08-09,2666.38134765625,2676.8636748479075,2638.622859990569,2674.9225119219846,1284031
2024-08-12,2667.837158203125,2682.1046579872973,2642.3108189254185,2657.451984181087,1297178
2024-08-13,2660.751708984375,2676.5236564605643,2649.784328921455,2661.334152597603,1051237
2024-08-14,2641.97119140625,2661.8681104387065,2626.9757559173618,2660.363661851899,946995
2024-08-16,2667.400390625,2672.593096011396,2630.9550108698363,2657.3547781329457,1727926
2024-08-19,2661.867919921875,2678.561871694314,2656.5297225147483,2669.147280022503,1130327
2024-08-20,2670.1181640625,2675.165140246076,2654.588860754042,2661.8682216798816,1097889
2024-08-21,2709.086669921875,2712.872079436205,2662.2561188648465,2668.613474223842,1417729
2024-08-22,2710.639892578125,2727.333845951709,2700.254718563504,2720.4911994091617,1552947
2024-08-23,2732.769287109375,2738.010332274373,2689.821056977102,2716.851608794936,2111401
2024-08-26,2738.15576171875,2751.549833114722,2721.1222468451892,2732.7692242402322,1152244
2024-08-27,2685.50146484375,2741.018908091678,2678.367834036984,2726.363034801577,1357212
2024-08-28,2683.02685546875,2699.9148774708824,2664.9739461905906,2678.804731489039,1723549
2024-08-29,2703.31201171875,2727.333902856005,2664.246107950083,2688.462067987683,2129934
2024-08-30,2696.275390625,2733.448709240914,2678.902076663861,2713.4546356789924,4029712
2024-09-02,2707.000244140625,2726.2661437739175,2697.245853163385,2711.804574932889,957950
2024-09-03,2712.095703125,2744.7556730503247,2693.363434369963,2698.216341458918,2022116
2024-09-04,2757.66455078125,2760.188157340057,2690.111986931693,2698.216436840079,1640986
2024-09-05,2754.946533203125,2771.0097016322748,2740.581882104223,2756.49955811697,1945173
2024-09-06,2755.43212890625,2782.123118479223,2744.9014624679285,2744.9014624679285,1672730
2024-09-09,2835.844970703125,2851.7624119394613,2759.5571728010573,2769.166071475763,3342754
2024-09-10,2813.327392578125,2851.180067874474,2802.553844056592,2847.6858799868537,1536584
2024-09-11,2818.7138671875,2863.2151189897136,2812.8420393067595,2825.944888156373,1913665
2024-09-12,2869.427001953125,2876.221072335061,2809.0568810938826,2825.3626974022027,2454564
2024-09-13,2846.666748046875,2869.426835111309,2832.641893822737,2869.426835111309,1902001
2024-09-16,2782.754150390625,2824.3919995176966,2724.810248668883,2824.3919995176966,1489057
2024-09-17,2788.965576171875,2828.176968869778,2775.9598805530186,2782.753950166105,1098661
2024-09-18,2791.246826171875,2808.42607086622,2777.512956142777,2789.451155662023,464796
2024-09-19,2826.090576171875,2847.9772355641235,2788.8203427591193,2791.6349342197495,1713010
2024-09-20,2890.00341796875,2901.4077499970376,2810.2214332765097,2838.7566700584757,3641632
2024-09-23,2939.45458984375,2945.7147930006277,2882.5784203092207,2892.33281157887,1300470
2024-09-24,2863.7490234375,2931.15585489431,2859.429983559541,2931.15585489431,1929308
2024-09-25,2862.196044921875,2873.260815338254,2819.636191624619,2863.749069984707,1055354
2024-09-26,2898.25341796875,2904.8048428813454,2854.674167856613,2864.2830665701063,1902889
2024-09-27,2878.9873046875,2940.8618738147916,2865.884454754662,2898.253441779502,2977081
2024-09-30,2871.271240234375,2909.706124674832,2856.0331583870834,2876.9975761841415,1627702
2024-10-01,2837.737548828125,2875.541649372102,2806.339143756762,2875.541649372102,1184642
2024-10-03,2808.23193359375,2837.106731735907,2776.9306818262016,2823.1787931428157,1233447
2024-10-04,2764.94384765625,2828.2742859395566,2734.176463728675,2805.9509130580846,2456486
2024-10-07,2750.04541015625,2782.1231747563133,2741.9411971515387,2761.3042498599384,1280975
2024-10-08,2735.875244140625,2801.0982750877915,2716.366460746994,2760.333851126015,1761488
2024-10-09,2687.491455078125,2742.717681686061,2679.484158126076,2740.3395675699758,1476282
2024-10-10,2673.66064453125,2705.398610217547,2652.793143577846,2688.5105879502285,2065078
2024-10-11,2701.322021484375,2707.92202219178,2656.529786044002,2683.4634190604256,679307
2024-10-14,2707.048828125,2722.1897566323278,2683.657720300339,2709.475281759991,874010
2024-10-15,2699.623779296875,2716.9487533001934,2683.9004068922713,2710.9311955846492,1082666
2024-10-16,2699.4296875,2715.2502127006615,2674.5343678170534,2707.09718625598,1170797
2024-10-17,2658.08251953125,2700.157315839255,2643.3297304021567,2697.6822860049597,1368242
2024-10-18,2637.1669921875,2659.3932129429836,2614.212598375217,2658.0828331824578,1137277
2024-10-21,2614.309814453125,2657.4521142040253,2601.595102176689,2635.128739979521,792345
2024-10-22,2602.80810546875,2630.275606612126,2595.0920306934213,2606.1082244195836,1272253
2024-10-23,2581.0673828125,2613.8245078342925,2543.8940646553547,2543.8940646553547,1431962
2024-10-24,2431.40380859375,2569.1292285561976,2380.4482798823033,2569.1292285561976,9216267
2024-10-25,2453.678466796875,2465.276867660535,2426.5507628298415,2428.6859946148834,2761166
2024-10-28,2500.023681640625,2513.4177526958706,2445.9623436655493,2469.159144937238,852829
2024-10-29,2472.70166015625,2509.632330583052,2461.394481395327,2509.632330583052,1695654
2024-10-30,2479.787109375,2487.891559530861,2458.871031051871,2481.776848804237,1200637
2024-10-31,2453.87255859375,2488.0855548126483,2449.8447403470686,2479.7870359976687,1901355
2024-11-01,2462.8505859375,2471.0519523196854,2437.4699741899085,2469.1107892962864,118532
2024-11-04,2450.52392578125,2472.0707851149646,2429.850494909821,2472.0707851149646,1097260
2024-11-05,2447.175537109375,2455.813616889939,2433.247599068502,2445.865157420273,702046
2024-11-06,2455.3740234375,2476.386285924596,2449.77738556988,2469.6112066402106,1219166
2024-11-07,2430.630859375,2464.407253718044,2421.401332931118,2455.374054274254,1322446
2024-11-08,2462.247314453125,2469.6605169147483,2422.579669604473,2438.927788649835,1700877
2024-11-11,2445.899169921875,2469.316739128912,2430.189173754933,2463.5237739285594,1175577
2024-11-12,2416.884765625,2451.692178555918,2411.484454346943,2449.7775706822567,1624222
2024-11-13,2420.272216796875,2427.980029788182,2405.985890652603,2417.4740174733843,1262017
2024-11-14,2345.89501953125,2420.026560463074,2340.4947086024417,2415.804451248359,2443393
2024-11-18,2378.984375,2381.0464079817834,2332.6890737165863,2357.62859793872,1374215
2024-11-19,2366.661865234375,2395.970682267616,2361.507022871615,2387.8210740176746,1133370
2024-11-21,2339.611328125,2380.800928160588,2333.0328148891485,2380.800928160588,1291829
2024-11-22,2400.92919921875,2407.6551370493976,2334.7509378705845,2347.613353088314,1696471
2024-11-25,2426.654296875,2460.2835069783887,2413.0554754508216,2425.2306264341637,4368045
2024-11-26,2434.263916015625,2449.7284438602323,2415.80462213737,2441.186181184411,982442
2024-11-27,2441.82421875,2447.7646089278323,2413.4481343744396,2430.2871904428803,948232
2024-11-28,2417.57177734375,2493.1269856575846,2408.7349052669156,2440.9404425567004,2540530
2024-11-29,2450.906494140625,2462.050868133835,2410.600728530422,2410.600728530422,1795164
2024-12-02,2434.21484375,2445.359218749969,2415.9521160801214,2439.9589072851527,1006993
2024-12-03,2437.847900390625,2446.291879693493,2421.3032144140357,2435.0494613734018,1641588
2024-12-04,2419.830322265625,2447.8137526509245,2412.024465943355,2436.12953900783,1321495
2024-12-05,2449.384765625,2469.414913971408,2405.642199026858,2420.910398823739,2071795
2024-12-06,2438.78076171875,2450.5632597319986,2430.1402152325936,2449.777711921342,1308086
2024-12-09,2357.23583984375,2432.054648922866,2340.1021731538126,2420.3212934353196,3385021
2024-12-10,2353.897705078125,2369.2639501866993,2345.0116899782884,2365.0418405006158,2063838
2024-12-11,2357.824951171875,2365.6799489199275,2341.77120363809,2361.4086980082207,1718225
2024-12-12,2302.447021484375,2356.450129788821,2295.623040287186,2341.8202926979993,3231056
2024-12-13,2346.779052734375,2351.1483476463695,2291.155701547438,2302.447261734775,2260902
2024-12-16,2323.262939453125,2349.626373461965,2320.170129749529,2346.975359470951,1247552
2024-12-17,2320.41552734375,2336.861929579234,2310.6950631027157,2310.6950631027157,2131569
2024-12-18,2316.43896484375,2339.8076328717684,2307.454906369584,2307.454906369584,988403
2024-12-19,2317.0771484375,2343.685809457716,2293.659340534284,2304.459962428923,1655915
2024-12-20,2291.597412109375,2330.479748587135,2282.515070557055,2309.467724557705,2069691
2024-12-23,2296.5068359375,2309.124022795506,2273.285593186901,2294.641369734494,1066199
2024-12-24,2293.217529296875,2314.229552226785,2288.848234775878,2288.848234775878,683646
2024-12-26,2290.46826171875,2299.403417590653,2282.564122249837,2289.9773243568984,1033769
2024-12-27,2298.814208984375,2303.134361905232,2286.049837508968,2300.5324897599107,556816
2024-12-30,2301.0234375,2316.389681190017,2282.8587549338595,2299.05968803339,924180
2024-12-31,2284.675537109375,2310.00771587375,2281.1406918459334,2297.5870951983143,1878762
2025-01-01,2280.011474609375,2294.7884979654154,2278.1949104183414,2282.8588155253287,559893
2025-01-02,2327.04296875,2336.517963432763,2273.5307992154535,2287.767981935654,1650744
2025-01-03,2362.635986328125,2370.834735922727,2321.9373281379058,2338.678339641274,1274239
2025-01-06,2333.130615234375,2375.10575867804,2318.8442903999216,2374.1730256557257,900419
2025-01-07,2347.46630859375,2358.708727057057,2332.1981075834215,2334.063573808319,922768
2025-01-08,2357.481201171875,2365.3361989267164,2325.0793354331527,2347.662453978323,953351
2025-01-09,2391.2578125,2428.814523921439,2343.1459468882217,2361.458055894267,2425267
2025-01-10,2397.787109375,2411.4842132129756,2370.049149674973,2391.257498926049,1651911
2025-01-13,2406.5751953125,2415.903006147045,2365.3855943599074,2373.2405929574184,2595013
2025-01-14,2325.0302734375,2423.2668904188554,2321.2501994677364,2420.3212661598373,2052741
2025-01-15,2329.989013671875,2341.6732284736895,2307.5041755449906,2330.8726051486196,1215150
2025-01-16,2302.496337890625,2336.861954874067,2283.8898589241226,2333.867188879549,2762596
2025-01-17,2311.3330078125,2336.1744852788183,2300.532386280666,2307.405509073651,1333005
2025-01-20,2302.692626953125,2325.079419305078,2293.315675101929,2313.7387179443335,1382273
2025-01-21,2298.077880859375,2334.2109200503423,2290.173741080801,2310.8422527675875,1842885
2025-01-22,2300.4833984375,2319.1881603751613,2289.928244871017,2300.0907444235577,2658047
2025-01-23,2279.618408203125,2298.8632479151706,2212.9983546557087,2273.0398957567777,3408925
2025-01-24,2325.177490234375,2337.6472505376432,2280.894846953598,2290.5664082907183,1688664
2025-01-27,2349.47900390625,2366.023448998165,2318.353383718259,2322.1336972511494,2477358
2025-01-28,2345.551513671875,2363.3724438998315,2336.321747502455,2357.48119559763,1892156
2025-01-29,2340.740234375,2352.5718729143537,2321.151881289454,2341.9184361178313,699576
2025-01-30,2365.0908203125,2381.0462851096263,2340.7894200830306,2340.7894200830306,1419960
2025-01-31,2424.052490234375,2434.0675649870627,2357.9722699945264,2357.9722699945264,2116148
2025-02-01,2460.627197265625,2554.838028984739,2391.0121355827387,2430.139939176491,2970999
2025-02-03,2397.68896484375,2474.3243359703793,2372.7003007430244,2459.5962149229367,2528480
2025-02-04,2393.85986328125,2405.5932189981568,2359.2979188534423,2405.5932189981568,1992474
2025-02-05,2347.711669921875,2408.538762766955,2343.735029239593,2408.538762766955,1357416
2025-02-06,2329.694091796875,2365.2870502684787,2317.518941198998,2356.499319499281,1132113
2025-02-07,2321.0048828125,2338.776673176707,2293.7578566318184,2336.8620652260356,855602
2025-02-10,2318.648193359375,2354.535765162653,2309.418666146116,2327.9268622556306,1326354
2025-02-11,2273.285400390625,2334.848896170445,2254.924391433907,2328.024914944897,1389260
2025-02-12,2290.222900390625,2297.4886778004043,2263.319627586285,2283.5461040133705,1341909
2025-02-13,2279.42236328125,2303.0856420040236,2271.4201794945166,2287.8665825033304,1334967
2025-02-14,2276.329345703125,2323.1155800749834,2271.4688740822953,2279.9130925334366,1135380
2025-02-17,2287.178955078125,2293.659424337889,2258.311933209394,2276.3294308235972,1409168
2025-02-18,2254.384521484375,2296.1633418095184,2246.5295231516766,2287.17904363718,1035705
2025-02-19,2209.611083984375,2263.9088115608124,2207.2546802120023,2257.084829242589,1521343
2025-02-20,2207.3037109375,2213.587613824965,2186.1442608736543,2209.6109729078917,2206196
2025-02-21,2201.019287109375,2212.7037396655705,2186.045698194655,2207.303428909442,1781509
2025-02-24,2200.822998046875,2210.1999493735907,2178.5836319813607,2189.5805806766357,1627949
2025-02-25,2218.349609375,2228.4629669638985,2197.3864881550335,2202.345003448744,1988040
2025-02-27,2204.259765625,2228.512025036238,2192.6246931729806,2228.512025036238,1699658
2025-02-28,2150.551025390625,2208.8253837386137,2146.230872669716,2204.3578059858905,3683249
2025-03-03,2137.394287109375,2159.1427183773503,2119.3767883663077,2159.1427183773503,1306470
2025-03-04,2118.24755859375,2140.4869254884225,2097.284437084069,2140.437783808497,1800330
2025-03-05,2131.10986328125,2152.1710273429244,2111.0305739051128,2112.9943232761875,1145673
2025-03-06,2178.73095703125,2189.3843940941274,2124.5315180663188,2135.5776091481193,1856868
2025-03-07,2164.592041015625,2186.340470972133,2149.5201676266793,2186.340470972133,1738356
2025-03-10,2207.0087890625,2226.0570617705903,2154.87114820946,2167.9792709376043,1242387
2025-03-11,2176.76708984375,2221.44238913751,2171.170451941259,2199.399349846657,1325891
2025-03-12,2153.153076171875,2189.5315841563634,2145.39636141498,2177.160105947309,1526212
2025-03-13,2135.38134765625,2169.894150742321,2125.2188476629813,2145.3964226012604,1845629
2025-03-17,2131.8955078125,2155.656828338742,2117.412855542962,2121.8312918285837,1111886
2025-03-18,2131.8955078125,2131.8955078125,2131.8955078125,2131.8955078125,0
2025-03-19,2160.173583984375,2172.7416286827006,2153.6931147712576,2166.9975655294597,1341405
2025-03-20,2201.755859375,2208.1380452959766,2148.783764173998,2163.9536812276774,1426689
2025-03-21,2205.487060546875,2214.32393347734,2185.45691112403,2204.308858765917,2152415
2025-03-24,2215.3056640625,2224.9280841258274,2200.3812164721885,2209.4635575040347,1454404
2025-03-25,2230.13232421875,2250.4570850278583,2202.6889709722714,2209.9547487462705,2229340
2025-03-26,2205.241455078125,2238.576053510754,2197.239272084734,2230.8193391946506,1416907
2025-03-27,2203.965087890625,2219.920552767721,2160.124475668381,2203.5232921909783,3752627
2025-03-28,2217.90771484375,2254.3842632873084,2199.6938916027498,2206.2724040098356,2280152
2025-04-01,2193.361083984375,2243.240131281449,2179.7620223282347,2218.0551389367038,2495962
2025-04-02,2197.33740234375,2203.0323238244255,2150.3548394880845,2203.0323238244255,1351493
2025-04-03,2203.866943359375,2212.0654534146915,2180.3510918370066,2185.1130403837997,1310088
2025-04-04,2203.866943359375,2225.959124485599,2181.7256205542135,2189.580618287982,1120226
2025-04-07,2208.62890625,2220.6079696442002,2111.0306546602815,2111.0306546602815,3435185
2025-04-08,2247.756591796875,2264.399319536186,2211.5255123036677,2227.18636537145,2774874
2025-04-09,2307.40576171875,2311.480446220256,2248.002336789395,2252.3716316716723,2989089
2025-04-11,2323.262939453125,2351.442937710442,2301.858260794508,2351.1974690128386,3836083
2025-04-15,2318.697265625,2356.4994442091893,2302.692658956642,2356.4994442091893,3042779
2025-04-16,2323.704833984375,2332.934360568433,2308.3874922964587,2308.3874922964587,1131979
2025-04-17,2331.952392578125,2336.763482680823,2300.630685801908,2314.3769314844735,1962402
2025-04-21,2308.387451171875,2329.3994741521456,2306.2273747455256,2325.177604656988,1478430
2025-04-22,2355.222900390625,2362.3906339646264,2312.413305383334,2327.043143182113,2352346
2025-04-23,2379.867919921875,2393.810492567148,2350.0187855371846,2366.3180012661305,2226066
2025-04-24,2283.153564453125,2442.31532877599,2275.102238880822,2379.8682341199365,7065430
2025-04-25,2289.92822265625,2299.4523596993467,2252.8133095091957,2289.633612290894,2859858
2025-04-28,2276.57470703125,2306.423601129874,2273.0398623310593,2302.4961024476606,1555660
2025-04-29,2279.618408203125,2290.22270274414,2270.6834923989963,2285.8042666616752,1896387
2025-04-30,2299.64892578125,2309.8603271969996,2274.0218991661004,2277.949398128391,2083807
2025-05-02,2276.57470703125,2302.4961024476606,2268.1304889782928,2291.7937644248273,1424284
2025-05-05,2306.03125,2312.21686946445,2277.0659434146482,2281.9753174121656,2074103
2025-05-06,2338.629150390625,2346.778758141565,2297.7830679976596,2297.7830679976596,1888125
2025-05-07,2327.82861328125,2343.6366523024376,2312.609555257485,2326.06119085797,1610400
2025-05-08,2312.216796875,2328.9086679425363,2298.5688334765755,2318.8935932451186,2323073
2025-05-09,2290.615478515625,2300.2378988832365,2260.57025538677,2287.768137663965,1805685
2025-05-12,2339.316650390625,2343.7350868761478,2303.5765044828277,2317.2244679630116,1274873
2025-05-13,2317.224609375,2354.5358530852754,2310.155158509844,2332.5419526791165,1929665
2025-05-14,2307.896728515625,2327.0432872078413,2296.1142308588765,2327.0432872078413,1568111
2025-05-15,2312.51123046875,2326.9447405218516,2297.586783068839,2308.976625401022,3236681
2025-05-16,2338.236572265625,2343.735167077532,2306.423924367458,2317.2245472572163,1473000
2025-05-19,2339.512939453125,2361.408794513757,2331.95255175475,2331.95255175475,936655
2025-05-20,2298.6669921875,2351.1972894631904,2296.1140220411703,2351.1972894631904,1617408
2025-05-21,2321.053466796875,2332.6396359970754,2302.496131178057,2303.478005860862,1570754
2025-05-22,2288.45556640625,2320.268454005645,2271.174713619723,2312.3151721769136,2423653
2025-05-23,2316.43896484375,2321.642949192319,2287.3756147859463,2294.5431090059574,844118
2025-05-26,2350.706298828125,2353.8482499032,2321.250058032729,2325.07927344993,892618
2025-05-27,2337.058349609375,2365.8273291751543,2317.5191369873537,2350.706553150472,1865258
2025-05-28,2319.18798828125,2344.716729896539,2309.3692415061387,2344.716729896539,897517
2025-05-29,2323.802978515625,2332.9344618523432,2312.8060289954524,2326.0613384377953,1111275
2025-05-30,2305.736328125,2331.8540504341177,2301.0232817809842,2317.224213784136,3288892
2025-06-02,2328.6142578125,2340.789408851528,2301.121764755519,2305.343634416857,1178205
2025-06-03,2309.6640625,2336.3710082209473,2300.139925202615,2322.2321074614806,1643913
2025-06-04,2321.642822265625,2324.686729845221,2299.6489239802295,2316.733448566607,3287896
2025-06-05,2333.3271484375,2336.861993557662,2306.3255917892498,2321.642934355921,1787978
2025-06-06,2346.484130859375,2353.0626431956043,2327.141247831911,2330.283198828193,997488
2025-06-09,2349.82275390625,2355.517675763248,2335.1929150826363,2350.608301699548,1293622
2025-06-10,2351.786376953125,2356.695750752591,2335.2908330438154,2350.0189544422137,1778782
2025-06-11,2333.3271484375,2359.346830298541,2328.319730852048,2351.7864423801357,1977707
2025-06-12,2290.419189453125,2344.7169112625684,2281.9752104026784,2343.6367531475557,3339584
2025-06-13,2276.967529296875,2282.760494395082,2260.2756586638234,2263.221282893185,1740682
2025-06-16,2285.215087890625,2294.248526930686,2271.1744714100378,2277.94931097458,1105297
2025-06-17,2286.3935546875,2290.8119909000766,2271.1744966219585,2277.949336261707,1119284
2025-06-18,2255.660888671875,2289.1426734843863,2244.0747187940665,2285.5097848886408,2056563
2025-06-19,2252.616943359375,2265.9705354890243,2248.7877278228257,2258.410148058999,1214549
2025-06-20,2264.3994140625,2271.0762100507136,2250.849495086671,2253.402465225416,2685864
2025-06-23,2257.35498046875,2268.169866753373,2241.082750343553,2265.590049100476,842856
2025-06-24,2245.44873046875,2283.053027199062,2242.6705210148793,2277.099825042089,2440747
2025-06-25,2260.9267578125,2272.6347697099336,2253.683647230803,2261.2244663474958,1047270
2025-06-26,2263.010498046875,2273.130892683563,2253.8823037125367,2271.0471751540676,1874722
2025-06-27,2288.90673828125,2292.4787561982344,2261.5221557844948,2263.0104562105053,1050745
2025-06-30,2276.702880859375,2298.928070446473,2270.1542620550413,2291.8833514974594,1403754
2025-07-01,2277.595703125,2284.6404218850275,2268.7652176811503,2282.060604307341,759914
2025-07-02,2289.10546875,2290.9905524746237,2269.7575623951902,2277.099747912196,1128034
2025-07-03,2295.356201171875,2308.750905945756,2286.029614742405,2291.9828168641297,1060039
2025-07-04,2321.05419921875,2323.1376744970185,2292.2803906553454,2299.920284481797,1242346
2025-07-07,2391.599609375,2396.858319639088,2322.7410024796927,2322.7410024796927,2701583
2025-07-08,2374.03759765625,2399.6364137173014,2367.3899041263103,2386.6384929568344,1471046
2025-07-09,2404.498046875,2420.670959786851,2378.4033734605428,2380.2884570863953,1741690
2025-07-10,2389.615234375,2415.0156603181044,2378.8996643467794,2404.4982396768783,1053695
2025-07-11,2499.947998046875,2510.2667843766285,2441.8049629845386,2480.50077507572,7242235
2025-07-14,2496.971435546875,2512.7473238245966,2470.5788099993074,2480.5008132523167,2427712
2025-07-15,2507.19091796875,2510.167518959921,2490.422829279717,2501.0393243676117,1700294
2025-07-16,2497.963623046875,2513.144094156912,2487.9423029182253,2506.5957173853917,1284379
2025-07-17,2490.224365234375,2505.702544596446,2486.652347254296,2493.3993577519996,807474
2025-07-18,2470.181884765625,2495.2843577635995,2462.144965698126,2495.2843577635995,771112
2025-07-21,2445.674560546875,2474.150904552474,2436.2486571651175,2471.471769802211,1169960
2025-07-22,2460.359130859375,2465.6178411005535,2433.470647028656,2450.734836023488,861632
2025-07-23,2431.28759765625,2467.6022267172193,2422.953211758524,2461.6490247227266,1320795
2025-07-24,2418.785888671875,2446.7658880933027,2402.1168755368553,2436.744568380519,693984
2025-07-25,2396.560546875,2409.657784838074,2386.638543712917,2407.1772840475533,769388
2025-07-28,2422.556396484375,2429.204090176368,2393.4848786817606,2396.5605543297306,987995
2025-07-29,2434.462890625,2438.3323751192297,2410.7491567723273,2425.7314790440246,732282
2025-07-30,2418.388916015625,2433.768020676373,2379.7924212132107,2422.9531342933756,1224146
2025-07-31,2501.535400390625,2529.1186177565537,2401.224093298107,2401.224093298107,5505507
2025-08-01,2533.781982421875,2706.2264515000306,2517.112968113841,2530.110889578397,4259653
2025-08-04,2523.85986328125,2563.0517752650835,2515.327086013953,2527.1341727297113,1293028
2025-08-05,2514.93017578125,2533.0874906124764,2497.6659866058358,2517.7083852053106,756361
2025-08-06,2515.8232421875,2543.1087511382634,2506.893439258159,2518.898917854651,885487
2025-08-07,2497.8642578125,2524.1575657894737,2475.539751039598,2515.922254843745,847151
2025-08-08,2479.11181640625,2510.16749263262,2467.2054125664436,2496.3760050794067,839794
2025-08-11,2498.757080078125,2504.8095986608714,2459.168385930271,2470.678006035155,992436
2025-08-12,2464.42724609375,2516.815472347512,2460.7561532932295,2498.3604491802103,1406211
2025-08-13,2475.63916015625,2481.9891454246754,2454.108219033236,2465.6178398482184,969803
2025-08-14,2461.252197265625,2489.430589305409,2453.909769595819,2479.4092692334916,1104362
2025-08-18,2548.06982421875,2576.744317534717,2501.6347992367637,2519.1966970429903,3089136
2025-08-19,2584.4833984375,2594.603793083701,2538.445159023351,2552.13757165593,1400717
2025-08-20,2648.9765625,2659.096957697686,2568.3106250001715,2578.7287287523454,3156954
2025-08-21,2627.346435546875,2646.2975584682295,2606.807937462502,2646.2975584682295,2235686
2025-08-22,2609.387451171875,2637.76447641911,2598.5725648830726,2626.3541730605166,1223445
2025-08-25,2611.074462890625,2622.385449660888,2594.8022322765755,2622.385449660888,667598
2025-08-26,2671.5986328125,2683.901819675416,2604.1290122069813,2604.1290122069813,4348648
2025-08-28,2633.696533203125,2726.5665836002318,2626.1559558246827,2726.5665836002318,3198743
2025-08-29,2639.054443359375,2701.7614547505946,2620.797812241766,2644.0154449288766,1972773
2025-09-01,2628.834716796875,2652.4491325813005,2618.714322099665,2639.054428419475,1096729
2025-09-02,2656.120361328125,2671.400149963799,2624.469266767194,2628.338751273143,1525106
2025-09-03,2643.916015625,2665.9428132100716,2637.5660307805015,2660.0889285014373,1010692
2025-09-04,2645.801513671875,2728.5509248247226,2634.787993044382,2728.5509248247226,2494678
2025-09-05,2612.860107421875,2652.0520182863465,2603.335130123233,2646.793550617698,944879
2025-09-08,2603.434326171875,2623.9730666119685,2598.3742498750744,2609.486845026385,903410
2025-09-09,2621.393310546875,2625.560503547093,2590.9328084136164,2616.4323088236597,1610956
2025-09-10,2622.881591796875,2632.2081780734443,2598.5726835316877,2621.393291290843,1031486
2025-09-11,2601.54931640625,2636.9708204363524,2593.6117136101975,2623.1793324727764,1212707
2025-09-12,2560.372802734375,2608.395199020342,2548.9624996026387,2604.5257148528326,1368380
2025-09-15,2560.868896484375,2573.1720829359647,2548.3670761897,2560.37279634945,752745
2025-09-16,2560.769775390625,2569.7988954313,2552.534706310226,2568.01288636171,1040928
2025-09-17,2549.656982421875,2570.8902135171456,2546.4819900088273,2566.8220955202946,970247
2025-09-18,2566.623779296875,2589.5434608386845,2550.847649216938,2550.847649216938,1550153
2025-09-19,2539.635986328125,2584.384074543658,2534.8733764379313,2579.7207815780857,2214708
2025-09-22,2552.1376953125,2567.0207005828506,2540.231291096219,2548.962702635441,1174161
2025-09-23,2502.527587890625,2555.2135215505277,2498.558786627699,2548.8632941880032,1430474
2025-09-24,2529.61474609375,2555.9080548882134,2490.4228329850216,2502.5276285865116,1882881
2025-09-25,2518.502197265625,2547.474399043097,2512.0528949895665,2526.142091514596,1624258
2025-09-26,2492.208740234375,2525.54652468155,2479.905311279923,2515.2277385461766,885612
2025-09-29,2478.4169921875,2497.7648977229896,2423.945293497526,2475.5397082588324,2403556
2025-09-30,2494.788330078125,2506.5956589551924,2472.1663570938695,2478.4170251763394,1678088
2025-10-01,2516.41845703125,2530.110870187784,2478.4171355140884,2495.780641485965,1483899
2025-10-03,2525.050537109375,2528.721872140129,2488.7361501691885,2516.4184426371576,1242611
2025-10-06,2521.974853515625,2529.714064556161,2500.5432294397424,2515.4262344267695,818923
2025-10-07,2497.566650390625,2539.4374563414676,2488.736164248618,2520.188866616989,1291750
2025-10-08,2480.60009765625,2505.305788537764,2466.7092932841597,2491.414984165673,1225128
2025-10-09,2497.963623046875,2503.3214078814285,2478.814108419605,2481.493000836882,1259173
2025-10-10,2509.17529296875,2515.12849489021,2486.9501026898624,2490.422803810714,1018875
2025-10-13,2473.35693359375,2511.854353327809,2466.0145060992772,2499.5509243788547,1114750
2025-10-14,2482.782958984375,2489.6290444351353,2462.9389521863327,2473.555447376003,1461017
2025-10-15,2499.3525390625,2512.0527512652384,2483.0805511453786,2483.0805511453786,881070
2025-10-16,2541.52099609375,2548.466397996017,2487.545398204978,2498.1618926654496,1446646
2025-10-17,2583.391845703125,2594.603757423401,2540.0327414928897,2545.4898430859407,2050690
2025-10-20,2574.164306640625,2604.228023538072,2565.4331379755677,2588.6505276068815,1011485
2025-10-21,2571.485595703125,2586.3686009360827,2564.9372187424715,2573.7677049527942,82020
2025-10-23,2581.308349609375,2646.396542743126,2575.8512480603545,2580.7129325458322,3386744
2025-10-24,2496.772705078125,2563.845541367595,2455.1996099512826,2563.845541367595,3110800
2025-10-27,2492.208740234375,2505.3057356327795,2486.453930097325,2496.7727162326983,2127832
2025-10-28,2477.62353515625,2506.298027731777,2462.541896386315,2499.3526254379835,2294976
2025-10-29,2468.693603515625,2493.994710552656,2464.6254854896224,2493.002510276694,1870143
2025-10-30,2450.337890625,2477.5240812054235,2435.752352825584,2471.5708795685664,1195631
2025-10-31,2446.269775390625,2460.160579225737,2433.7679550444664,2449.742476349403,1401937
2025-11-03,2440.812744140625,2455.5964317532575,2421.2664466287306,2436.943259855451,1049185
2025-11-04,2426.624267578125,2444.0870900572017,2422.2586830765586,2440.812780562824,1251588
2025-11-06,2417.0,2444.682292267998,2413.6266157779787,2444.682292267998,1329256
2025-11-07,2414.0,2425.0,2400.60009765625,2417.0,817896
2025-11-10,2408.800048828125,2429.300048828125,2404.0,2405.0,780558
2025-11-11,2427.5,2433.699951171875,2403.10009765625,2422.199951171875,1422399
2025-11-12,2424.5,2434.800048828125,2416.199951171875,2430.60009765625,1680827
2025-11-13,2407.60009765625,2431.0,2405.0,2429.0,1256059
2025-11-14,2427.699951171875,2430.199951171875,2392.0,2405.10009765625,975973
2025-11-17,2425.0,2438.39990234375,2416.0,2431.39990234375,920038
2025-11-18,2404.0,2422.89990234375,2401.89990234375,2415.800048828125,1229034
2025-11-19,2441.60009765625,2450.699951171875,2411.0,2412.0,1465143
2025-11-20,2428.39990234375,2459.0,2425.0,2445.10009765625,1396929
2025-11-21,2433.699951171875,2443.199951171875,2413.0,2436.199951171875,1840712
2025-11-24,2424.199951171875,2444.89990234375,2413.0,2441.89990234375,4092327
2025-11-25,2414.10009765625,2424.199951171875,2406.0,2422.0,1240672
2025-11-26,2425.199951171875,2427.699951171875,2409.0,2412.0,1242683
2025-11-27,2451.699951171875,2459.699951171875,2425.0,2426.10009765625,1872248
2025-11-28,2466.60009765625,2470.0,2447.199951171875,2450.0,973225
2025-12-01,2464.5,2488.0,2458.800048828125,2466.60009765625,1924828
2025-12-02,2477.800048828125,2484.39990234375,2460.0,2471.0,2179406
2025-12-03,2448.0,2484.89990234375,2403.10009765625,2478.199951171875,3535932
2025-12-04,2462.199951171875,2483.0,2423.199951171875,2440.0,2587753
2025-12-05,2338.60009765625,2422.0,2286.699951171875,2422.0,4008271
2025-12-08,2314.0,2355.10009765625,2302.0,2350.10009765625,1898154
2025-12-09,2306.5,2330.39990234375,2298.10009765625,2318.0,1471488
2025-12-10,2301.699951171875,2316.89990234375,2295.0,2306.5,2857290
2025-12-11,2305.60009765625,2313.0,2292.0,2296.300048828125,1108032
2025-12-12,2260.60009765625,2309.0,2244.699951171875,2306.89990234375,3203114
2025-12-15,2293.5,2299.0,2252.0,2260.60009765625,1274115
2025-12-16,2281.10009765625,2302.699951171875,2276.0,2293.39990234375,1256042
2025-12-17,2275.60009765625,2286.199951171875,2268.300048828125,2281.199951171875,808100
2025-12-18,2265.5,2278.300048828125,2255.300048828125,2270.0,1057295
2025-12-19,2280.0,2284.800048828125,2263.699951171875,2263.699951171875,1237214
2025-12-22,2289.5,2295.0,2280.0,2280.0,790773
2025-12-23,2302.60009765625,2310.0,2280.699951171875,2289.300048828125,1128801
2025-12-24,2282.199951171875,2305.0,2278.10009765625,2302.60009765625,519380
2025-12-26,2285.39990234375,2290.0,2275.0,2282.300048828125,533626
2025-12-29,2293.300048828125,2298.699951171875,2280.0,2288.89990234375,1086695
2025-12-30,2290.199951171875,2298.0,2283.0,2293.300048828125,1556717
2025-12-31,2315.89990234375,2325.5,2286.800048828125,2290.0,1324220
