Price,Close,High,Low,Open,Volume
Ticker,JSWSTEEL.NS,JSWSTEEL.NS,JSWSTEEL.NS,JSWSTEEL.NS,JSWSTEEL.NS
Date,,,,,
2015-01-01,94.50640106201172,95.0472488367617,92.38734440926478,92.99912459222483,2674400
2015-01-02,94.7945556640625,95.66789143909448,94.27587514400822,94.87878704812442,3664240
2015-01-05,94.56846618652344,96.37719513342596,93.80595975629619,94.79455561376467,3392870
2015-01-06,91.11945343017578,93.89018711968116,90.48551280897048,93.46017547439754,5549800
2015-01-07,89.71414947509766,90.95100893882882,88.41966334317839,90.0821037673964,5286870
2015-01-08,90.6229476928711,91.75783922464082,88.53935713709194,90.88007261248879,4780810
2015-01-09,89.81168365478516,91.76671529986808,89.02257910785835,91.0574046497262,5046040
2015-01-12,88.72555541992188,89.72745043579326,88.45513150104016,89.55455689844183,2409440
2015-01-13,88.08273315429688,89.90476789473307,87.7014799289542,89.19102662744574,5067780
2015-01-14,85.84841918945312,88.48616335795866,85.38737203016495,88.22017018928149,5881870
2015-01-15,86.08780670166016,87.59952065410322,84.81991867130255,86.70844835379884,6814340
2015-01-16,86.93011474609375,88.00294213372476,85.20117944464032,86.33164026381553,4952730
2015-01-19,86.59319305419922,87.96304226791683,86.20750906079002,87.42219447064872,3389350
2015-01-20,89.11566925048828,89.39495462394602,86.77938456383221,86.85031697418118,6121230
2015-01-21,88.65904998779297,89.81610868185476,87.06753536774032,89.55898377600917,5028900
2015-01-22,88.06501007080078,89.51466004831799,87.43993759784203,88.75215348160779,3852690
2015-01-23,90.02003479003906,90.52541638144366,88.22016713581719,89.55011940419635,5485050
2015-01-27,90.12643432617188,90.80914018786368,88.80091278328268,90.08653738119037,4699280
2015-01-28,88.22460174560547,90.17076504647366,87.77685356415527,89.99344077537131,4527080
2015-01-29,88.41078186035156,88.9073019258804,86.7439109465045,88.11376002744322,7116890
2015-01-30,86.66411590576172,89.14668914225159,84.908576127795,88.30881957570723,8125080
2015-02-02,88.39749908447266,89.51466098109425,86.62866674301671,86.73505860446511,4969410
2015-02-03,87.37786102294922,89.19102754009731,86.7128849322555,88.39748561709031,5147100
2015-02-04,88.22016906738281,89.33733089133774,87.51085846958888,87.59952736767852,4891080
2015-02-05,86.57989501953125,88.66348557771,86.11441036735084,88.30883028250175,5187440
2015-02-06,85.19230651855469,87.3069324744599,84.58496382685234,86.78381440913181,4718950
2015-02-09,82.99788665771484,84.58052630563462,81.74772830527728,84.23030852550806,7214190
2015-02-10,83.21954345703125,85.4627284345595,82.19548133811503,82.72303013015957,4334980
2015-02-11,86.69957733154297,87.75910552679248,83.06880715502473,83.06880715502473,4968810
2015-02-12,86.16759490966797,87.50198452058578,85.24993147271293,86.98773474870042,4874410
2015-02-13,87.42220306396484,88.61029739203188,86.18091280453984,86.87249373463196,6535110
2015-02-16,87.88324737548828,88.93390749146407,87.3512610623232,87.95417302135492,4547420
2015-02-18,86.28730010986328,88.69894789414177,86.00357723903564,88.11376566803588,4624720
2015-02-19,91.99723815917969,93.2739878020208,86.46020083117612,86.78382067224658,10900420
2015-02-20,90.81358337402344,93.81483767432177,90.46779630023873,93.10553380492463,6068460
2015-02-23,88.41078186035156,91.57607444795633,87.88767059882277,91.14605604812978,6027130
2015-02-24,90.41458892822266,91.5716476966385,87.01877577469729,88.66348642424133,6011050
2015-02-25,88.67678833007812,91.7578432320179,88.18913643287007,91.7401135105228,3899270
2015-02-26,87.97633361816406,89.94909462667378,87.33352476341187,89.37278743830136,6711410
2015-02-27,89.51908111572266,90.36581899004243,88.22016435483876,88.92947491474276,7951640
2015-03-02,89.27083587646484,90.60965651653184,87.88325680909372,90.17076979040557,5523170
2015-03-03,88.80977630615234,90.70274351424621,88.19799612433349,88.92947389922271,7891180
2015-03-04,87.94975280761719,90.58749040736477,87.34241003693835,90.43676409069069,9128560
2015-03-05,87.91871643066406,90.23282720420438,87.17393962678223,89.63878346833191,6330360
2015-03-09,85.0903549194336,88.29110754303491,84.77116580495624,88.29110754303491,4438780
2015-03-10,83.7470932006836,85.78191848070249,83.34367273577296,85.56025977661798,4668640
2015-03-11,82.51468658447266,84.50961528962102,82.20879643403183,84.23032310626407,4492530
2015-03-12,84.42094421386719,85.55140513734239,82.90036850902483,82.90036850902483,4538010
2015-03-13,83.60079956054688,85.13024330089048,82.73189444424439,84.76228903193754,4327990
2015-03-16,81.47288513183594,84.46084735286061,81.12709804199629,84.24361935458171,4202320
2015-03-17,83.12200927734375,83.58305637909471,81.21574317835271,82.17331034870446,7781370
2015-03-18,83.29048156738281,84.49186802400834,82.63436689539749,84.31897449552955,5779120
2015-03-19,84.21257781982422,85.56025976408641,83.6672925374257,84.23030753977419,8020320
2015-03-20,81.65463256835938,84.43866528488185,81.1714182283214,84.18597112122788,7733800
2015-03-23,81.41081237792969,82.81169707682203,80.43994612625738,81.74330044962639,6487970
2015-03-24,80.02323150634766,81.81423781578313,79.33165735765996,81.41081730755279,6518910
2015-03-25,80.67047882080078,80.8611020818439,79.45135580453977,79.69961250007854,6553330
2015-03-26,78.45388793945312,80.51088059156157,78.04159920250166,80.51088059156157,9654280
2015-03-27,80.85221862792969,81.48172843894541,78.60459646734068,78.60459646734068,5649210
2015-03-30,80.86109161376953,81.75659466202275,79.44247727684996,81.38864040573807,5256430
2015-03-31,80.37786865234375,82.06247595632867,79.9788857381437,82.02257901780587,6867990
2015-04-01,80.6527328491211,81.14481544293831,79.79713349801274,80.58623794366747,6922890
2015-04-06,79.86808013916016,81.12710017967359,79.1144417636127,81.12710017967359,4374650
2015-04-07,83.13087463378906,83.55202477994656,79.89465649868166,80.24044350411508,7755090
2015-04-08,82.63436889648438,83.86236011102535,81.1492595170457,83.52100378492085,5392850
2015-04-09,84.46968841552734,85.11693474989526,81.43739923853902,82.90034790745008,12583240
2015-04-10,84.39877319335938,85.73758694099124,83.09098138333117,84.49630356762223,7937210
2015-04-13,83.54759216308594,85.4715878709811,82.9890079634166,84.40762215438801,6359160
2015-04-15,82.3462142944336,84.33671203076347,81.74773304598735,83.5210028019913,2821510
2015-04-16,83.48554229736328,84.04411982818185,82.10238730542788,82.33734500394986,5075540
2015-04-17,84.78445434570312,86.86361407315225,82.95355128460851,83.77812193470697,8209560
2015-04-20,85.3563232421875,87.11186299962253,83.96874447720954,85.30755806102302,9552170
2015-04-21,84.27021026611328,86.35823837794968,83.78699588159584,85.63119804934495,7361470
2015-04-22,85.15684509277344,85.82625875382487,83.78699583201272,84.67363070854195,6337680
2015-04-23,87.38228607177734,88.0428313807369,85.82624455609081,86.00356879626804,9871930
2015-04-24,84.81550598144531,88.06945475558035,84.1239250104095,87.5241693689278,6996390
2015-04-27,83.1397476196289,85.64005764744687,82.20878507785405,85.02828419556258,6627080
2015-04-28,83.80471801757812,84.40762994998458,82.32847703364706,82.81169137442866,5288140
2015-04-29,84.86424255371094,85.32529641565024,83.26830404915566,83.91554363391573,7560010
2015-04-30,82.65209197998047,84.49629387236018,81.89401629691801,84.31896286473543,11020710
2015-05-04,83.16191101074219,83.68059156678476,82.19104480411629,82.90922360551023,5246220
2015-05-05,86.28730010986328,86.8902120559329,83.11758334525025,83.32594306838006,10561070
2015-05-06,82.50138092041016,87.49756375808614,81.84526621785861,85.91492396435594,10232380
2015-05-07,78.54255676269531,82.50138535862656,77.58055864720848,82.50138535862656,11635160
2015-05-08,78.93266296386719,80.32024180036754,78.47604659146644,78.91049574137959,5131440
2015-05-11,80.08084869384766,81.38863357016355,79.54886920774294,79.79712585029273,5153220
2015-05-12,78.04603576660156,80.28922090486493,77.58498184619532,80.2182884918044,4680170
2015-05-13,78.63563537597656,79.35380733357788,77.31454477451831,78.37851049578306,4058420
2015-05-14,80.34241485595703,80.86109543028886,78.13912671755938,78.73317720671841,7651120
2015-05-15,77.69580841064453,79.79713541170132,77.13723089797794,79.70847328080794,9518340
2015-05-18,80.8478012084961,81.10936364506037,76.5254560701069,76.95991204162725,11468510
2015-05-19,81.80093383789062,82.3240451568035,80.16509144366748,80.86109628919411,5676590
2015-05-20,81.73441314697266,82.66538223642137,80.77241536226796,82.13783353669946,7037340
2015-05-21,81.90290069580078,82.51024345107407,79.88580490086865,81.75660512233229,4802760
2015-05-22,81.76103210449219,82.31074816458315,81.12709141308157,81.97826008502133,3927750
2015-05-25,80.43550872802734,82.37724107061834,79.7838316202944,82.37724107061834,5750540
2015-05-26,81.32215118408203,81.6679382414805,79.9744623964633,80.67934225760989,7177390
2015-05-27,81.56597137451172,81.90289016541675,80.24044990495497,80.54190249189841,4805630
2015-05-28,81.22461700439453,81.92505932913325,80.3379821778119,81.48174191584192,11219240
2015-05-29,81.24234008789062,82.81168739085507,80.33797561502782,80.8876915978182,10605550
2015-06-01,80.61727142333984,81.48173899537632,80.26704689127978,81.13595196656172,4258610
2015-06-02,77.87313842773438,80.94532485431763,77.19929406560067,80.94532485431763,5754810
2015-06-03,77.98839569091797,78.60017586358954,76.56535063425146,77.90860180638862,8761200
2015-06-04,77.70024871826172,78.64451025486021,76.73381319253092,77.580551116768,7729490
2015-06-05,77.71353912353516,78.61790361465741,76.72494324674983,77.13279443015685,8229870
2015-06-08,77.11949920654297,78.61790744445906,76.73824596540736,78.37851902071662,5166440
2015-06-09,77.7534408569336,78.09479715926967,76.29049203998015,77.12836168063278,4727310
2015-06-10,79.14545440673828,79.79713152199349,77.23032676774349,77.62487898080055,5654990
2015-06-11,77.41651916503906,80.50644196178301,76.8180379735859,79.44247615080924,4452290
2015-06-12,74.76103210449219,77.66919262310235,74.24678239304674,77.29680770011858,4580260
2015-06-15,74.68568420410156,76.1397647599596,74.05617429700946,74.32216068289365,4378810
2015-06-16,74.47289276123047,74.90291118212174,73.7236852698944,74.44628803495446,4280320
2015-06-17,76.91999816894531,78.5558404260044,74.15813271377718,74.96940435201326,10907940
2015-06-18,78.39624786376953,78.91049767433753,75.45262058065461,76.36585334782626,7617470
2015-06-19,80.30252075195312,80.83450032666435,78.35635746236413,79.42475411545522,7238090
2015-06-22,80.24931335449219,81.12707986553856,79.97445198132654,80.63942804579817,3951510
2015-06-23,80.51087951660156,80.99409389652843,79.98776142657601,80.178391440865,3884370
2015-06-24,79.18978118896484,81.21573798124113,78.9104890910296,80.86108274478875,5687440
2015-06-25,80.46653747558594,80.94975857440949,78.09922422316785,78.31201467750665,8601380
2015-06-26,79.12772369384766,80.32911003745625,78.21005344591158,79.74393459784099,3960230
2015-06-29,77.26579284667969,78.0238686376586,76.25059889589363,77.846544369277,5583010
2015-06-30,77.33672332763672,77.93520455632476,76.56535533851275,77.13723183956972,7938510
2015-07-01,79.04349517822266,79.26515388216356,77.49188425063635,77.58054637931534,3296610
2015-07-02,78.56913757324219,80.0719832248776,78.2987137001403,79.97445285985813,3106730
2015-07-03,77.04414367675781,79.35383077801214,76.88011836995341,78.55585794243059,3720950
2015-07-06,79.13648986816406,79.44630190341714,75.80490059203052,77.11598374387052,4158290
2015-07-07,78.70993041992188,79.80100030641348,78.12622735107861,79.20382774646907,5258970
2015-07-08,76.22245025634766,78.3956215281764,75.73304053478265,78.07682762395515,5448450
2015-07-09,75.34242248535156,77.18332377731507,74.94729913335983,76.4200229074172,4946930
2015-07-10,74.52523040771484,76.32123552462183,73.45661202198194,76.32123552462183,8017040
2015-07-13,74.96526336669922,75.47712459721134,73.63172889882514,74.99220234969201,6870270
2015-07-14,74.6285171508789,75.87224595338374,74.26931470182515,75.43671409722879,8426850
2015-07-15,74.04928588867188,75.56691231755464,73.77090730395247,74.96973982838607,8968070
2015-07-16,77.98255157470703,78.35073597215745,74.11665650877914,74.53422447781168,8516860
2015-07-17,77.0755615234375,77.83886233072286,76.64451727923937,77.83886233072286,6176700
2015-07-20,76.51880645751953,77.72213359431896,76.3302267195349,76.95433829925184,3209170
2015-07-21,75.0775146484375,76.77024471263003,74.55667146658602,76.68942776262713,3706860
2015-07-22,77.14290618896484,77.40781529083598,74.53420993735202,74.88443037570738,3978610
2015-07-23,77.18331146240234,77.90171619663263,76.55920000438572,77.4078120854474,3992610
2015-07-24,75.921630859375,78.00949108898855,75.47712394142339,77.13842743996932,3543340
2015-07-27,73.0929183959961,75.9620364204504,72.82800927407251,75.61181595558489,3971970
2015-07-28,72.71576690673828,74.08522238778619,71.84021564876235,73.27701859149424,5514530
2015-07-29,73.01210021972656,73.52396141753127,71.84469412238165,72.69780068620015,6404220
2015-07-30,76.34368896484375,76.77922076523505,72.05572526531404,72.73372159953966,17834280
2015-07-31,74.66442108154297,76.66696983826637,74.1211333603656,76.33021887265174,5538730
2015-08-03,74.89791870117188,75.65673212550975,73.54642702103573,74.6240275867875,4551710
2015-08-04,79.00177764892578,80.25000071931834,74.13011763713212,75.34241978124953,10741830
2015-08-05,79.58547973632812,82.03253542990996,79.38343052331973,79.92223070841415,7235960
2015-08-06,81.02678680419922,81.89784366999021,78.22950345500028,79.7426426664775,7855920
2015-08-07,82.83625030517578,83.58608163594164,80.68553029337666,81.08963556435808,6474440
2015-08-10,82.2660140991211,83.95875082309058,81.5386342264918,82.79583231468669,5391170
2015-08-11,80.48795318603516,82.71948971311697,79.88629321828654,81.90231108626125,7367360
2015-08-12,80.48795318603516,80.48795318603516,80.48795318603516,80.48795318603516,0
2015-08-13,76.98576354980469,80.6406337455863,76.44246897894357,79.47322766092812,11228220
2015-08-14,80.87410736083984,81.13452892216446,76.7971749667235,77.67722047917276,9206130
2015-08-17,86.81889343261719,87.707914106612,80.82023566685115,80.82023566685115,14490780
2015-08-18,88.641845703125,90.96767625897479,85.68292845064096,87.33076258314868,20205650
2015-08-19,87.53731536865234,89.35127799789292,85.89396861143405,88.45327520394424,8608640
2015-08-20,86.3474349975586,88.0042508157434,85.58862173871812,86.3474349975586,16718320
2015-08-21,85.05431365966797,85.57965121399532,83.61302331166927,84.59184286501755,11999950
2015-08-24,77.8388671875,82.14478809570001,76.77922382441267,81.7182382224743,9891320
2015-08-25,79.7605972290039,80.82024065835095,74.4174840592996,78.93892396016466,7624140
2015-08-26,80.04346466064453,81.76314048308791,77.22822455643848,79.56302997511081,7803800
2015-08-27,83.70283508300781,84.19224493499621,80.51043504881727,80.73044818789535,12623000
2015-08-28,83.14604949951172,85.38656823883294,81.95171136257365,85.31023884727334,5894790
2015-08-31,82.62071990966797,83.86894287227979,81.90232199984533,83.4244360068412,4991240
2015-09-01,81.00432586669922,82.38275628978155,80.19163461300988,81.10310670041775,5320170
2015-09-02,80.01654052734375,83.06525694332244,79.50018481939802,81.089653572725,7482190
2015-09-03,83.51424407958984,84.41224670410156,80.32633202208672,80.55083267821465,8770500
2015-09-04,81.13004302978516,83.28525056130584,80.1063206512756,83.06523746590439,5668230
2015-09-07,79.99406433105469,82.48152824110832,79.52261164838963,81.36351951357115,6717090
2015-09-08,84.65021514892578,85.31024761276393,80.01203086446483,80.37123327728813,9845560
2015-09-09,88.14344024658203,89.71045718139266,85.736793109932,86.99848561148185,11875490
2015-09-10,87.6136245727539,88.58795655727734,85.53025884544503,86.79195138369327,8878750
2015-09-11,86.53153228759766,88.70020941890606,85.93884727477072,88.36794598584704,6720540
2015-09-14,89.19410705566406,89.75535869042464,86.53153258894369,88.02221336823534,8455250
2015-09-15,85.14859771728516,90.32109409280838,84.69061451888176,89.66554924602644,9069490
2015-09-16,85.35064697265625,86.69316319239316,84.50203487421798,85.93883752088391,6624530
2015-09-18,84.79838562011719,87.73485110162832,83.17300310980187,86.29804831478471,14930770
2015-09-21,83.16851043701172,85.1037049800309,82.91258325385488,83.97222661573288,8287470
2015-09-22,81.87538146972656,83.84649670223877,81.09860436684001,83.33912309244351,7904700
2015-09-23,78.51685333251953,80.8112501967911,77.72661352913491,80.8112501967911,10533450
2015-09-24,79.0511703491211,80.41613818213169,77.59641047465372,78.12622873727669,9277560
2015-09-28,77.67273712158203,79.69773051209955,77.05760068359126,79.1140274535987,5006510
2015-09-29,75.4456787109375,77.22372665712597,74.54318867418712,75.45466065418512,6367450
2015-09-30,79.8548812866211,80.35327298707519,76.53226766652188,77.04862325505887,9580920
2015-10-01,78.70094299316406,79.87732414216083,78.3058196784775,79.74262924053201,5778190
2015-10-05,81.55659484863281,81.98763910583344,78.95238597061845,79.29363133917363,8785890
2015-10-06,80.8516616821289,82.24804904956079,80.6047096142879,82.05946933899557,7584600
2015-10-07,82.17171478271484,82.94849186378408,80.60021043665708,81.26024281009856,9421310
2015-10-08,82.03253173828125,83.32565760528743,80.99982743344803,82.07743460635842,7572770
2015-10-09,81.65985870361328,83.60403502298075,81.31862020518062,82.97543598607434,7588200
2015-10-12,81.0537109375,83.05176521281005,80.1916293238117,82.06845133824218,10185530
2015-10-13,82.3962173461914,82.66562083806755,80.03896077152898,81.17942778909391,9713860
2015-10-14,81.3006820678711,84.50205720523442,80.87861968017289,81.98765362190167,10874710
2015-10-15,81.960693359375,82.79583604196682,80.82472063133558,81.71823567465559,8789130
2015-10-16,80.54633331298828,82.61622933282116,80.39367453351278,82.07742920741539,6739690
2015-10-19,79.9806137084961,81.43986811498206,79.24425175896415,80.57778633391177,8540960
2015-10-20,80.24103546142578,81.17944665253184,79.42833725086733,79.83244258258236,11650600
2015-10-21,81.37250518798828,82.05947664161631,79.65282935498739,80.06142218984796,11028970
2015-10-23,82.21662902832031,82.70603880526242,80.99085738705644,82.52644102419514,11081350
2015-10-26,81.61048126220703,83.0652480732798,81.37251109960795,82.52644783439918,6851330
2015-10-27,81.82600402832031,82.1672425692739,80.53287801844738,81.30067329961356,6490770
2015-10-28,81.87090301513672,82.33337384906862,81.27373040842868,81.6015063208012,5870970
2015-10-29,82.75094604492188,83.06075805715304,81.33210020544823,81.64639976451731,13032360
2015-10-30,81.74966430664062,84.3942815060712,81.46229691741475,82.70603235044737,8594130
2015-11-02,80.45654296875,82.23907865404269,79.71119917641171,81.79905245304334,5215560
2015-11-03,80.2455062866211,81.31861903134525,79.74262706435505,80.74838550888714,4467130
2015-11-04,80.11529541015625,81.24678055845143,79.93121009157178,80.55082720152976,3418680
2015-11-05,78.28339385986328,80.27695424519072,77.96459986342481,79.96714904596973,6709440
2015-11-06,78.44053649902344,79.11403854140408,76.8780136790411,77.77152885503757,4956020
2015-11-09,79.57649993896484,83.92732371189187,76.92290741425981,77.12944417936374,4956590
2015-11-10,78.36419677734375,79.20832141843417,77.9466288546019,79.03321118450756,3870870
2015-11-13,81.76762390136719,82.34683254176187,78.17112609184629,78.49440756362523,5458020
2015-11-16,81.39496612548828,82.61625037477802,80.16469993064312,81.26026434702511,6734140
2015-11-17,80.33081817626953,82.43663521084073,80.012024262748,81.5565897145962,5019240
2015-11-18,79.5315933227539,81.01778635878725,78.93442084022651,80.3532664294849,5359600
2015-11-19,81.27371978759766,81.5296538075486,79.80099612712503,79.80099612712503,4458160
2015-11-20,80.38021087646484,82.03253229442744,80.16468532969213,81.44882926154568,6360600
2015-11-23,79.91325378417969,80.99534862008348,79.23077670408877,80.47899983760178,3245890
2015-11-24,79.62139892578125,80.68552978197737,79.14545865847354,79.46874013272328,5396450
2015-11-26,80.17366790771484,80.73043196445748,79.12300655094735,80.01202717196479,7810390
2015-11-27,78.31031799316406,81.12555119747917,78.13520776107167,80.18265258283395,8163250
2015-11-30,81.31412506103516,81.70026639083015,78.18907350232041,78.21601247978273,12445090
2015-12-01,84.74899291992188,85.19350666048264,80.02549746241544,80.10182685905833,16148990
2015-12-02,88.11649322509766,88.41732323332542,84.32243412271866,84.97348454955278,19082900
2015-12-03,87.71690368652344,89.26146942102135,86.83685802923387,87.82466647656406,12941730
2015-12-04,87.16911315917969,87.82016368178789,86.46418467231088,87.46545566504534,10064690
2015-12-07,87.38462829589844,88.16140545539366,86.43723530614594,87.38462829589844,11031530
2015-12-08,86.27559661865234,87.595661530178,85.99273045990834,87.21850208437527,5796190
2015-12-09,84.578369140625,86.20824598364231,84.34039900970492,86.14089853195392,6127490
2015-12-10,86.26213073730469,86.7560349259625,84.01263660798074,84.68165103603243,8144990
2015-12-11,86.91767883300781,88.33652468906922,85.93885236478741,86.7470561341399,9911290
2015-12-14,91.64115905761719,92.04525744738784,86.85030962872501,87.01644475221266,19498000
2015-12-15,90.99010467529297,92.2158830759456,90.1774134723384,91.85668068950397,7208880
2015-12-16,90.59947967529297,92.40446677798288,89.64759913364705,91.3268595721193,7149120
2015-12-17,94.09270477294922,94.71232871614667,90.6982562777583,90.6982562777583,14684980
2015-12-18,92.224853515625,93.97596249197656,91.79381615461392,93.67962002427187,8950620
2015-12-21,93.96249389648438,94.72579465441468,92.44935501886712,92.85346025627639,6490730
2015-12-22,93.19471740722656,94.87398489198603,92.95225969719147,93.67963967851352,6015270
2015-12-23,94.42496490478516,94.79314236972482,93.58084035650018,93.84574945155883,5577540
2015-12-24,95.6642074584961,96.26586750322758,94.08821550070124,95.36786498229742,4649690
2015-12-28,92.41793823242188,95.97851524633772,91.91954651628312,95.8213689023543,6017430
2015-12-29,92.99714660644531,94.08372892495784,92.35956558572553,92.67386512393725,6974600
2015-12-30,92.26976776123047,94.29027362461508,91.37176515528176,93.43717388945026,6161680
2015-12-31,92.69183349609375,93.30247556467769,91.59626918029171,92.31467403199626,6390350
2016-01-01,92.224853515625,93.10489897544689,91.64115737472315,92.39547618210018,4507190
2016-01-04,93.8143310546875,95.27807280029477,91.44360478082228,91.8656670915329,12127750
2016-01-05,97.26266479492188,98.00352109164136,94.49232744279166,94.83806038126076,14205180
2016-01-06,95.02664184570312,98.5108897234783,94.46987772632386,97.25369147200355,8015450
2016-01-07,92.16650390625,93.93107582501484,91.82525851445233,92.96572571669742,5304630
2016-01-08,93.49553680419922,94.07923985210319,92.1350634420564,92.93428519106386,7315670
2016-01-11,91.5648422241211,92.73673602432169,90.54111969190183,92.40896695642068,5261390
2016-01-12,91.0754165649414,92.50773172191019,90.0247552304834,92.03627901504856,5909770
2016-01-13,90.13252258300781,92.03628369237249,88.03119295608559,91.55136147077505,10572110
2016-01-14,90.11006927490234,91.41217026513625,87.49239095272222,88.6328512057836,7062470
2016-01-15,87.32626342773438,90.95868222242085,86.8817496838444,90.78805953969653,5723680
2016-01-18,88.9875717163086,91.41667047475772,85.5796533797404,87.42504905844454,9450200
2016-01-19,89.67005157470703,90.69826152498491,88.2646753299753,89.52636787182632,6397290
2016-01-20,91.9419937133789,93.83228525911302,87.65851767996676,88.23773316589116,7868100
2016-01-21,92.07669067382812,93.78738435959973,89.53084752828934,92.99713776582963,9454590
2016-01-22,95.90669250488281,96.39610233925737,92.4224375930828,93.03307971207333,8586730
2016-01-25,99.43133544921875,100.10483739200129,95.19725652417623,96.08627717030869,14860730
2016-01-27,100.68856048583984,101.20490933758795,99.16195851884919,99.22930598604506,15625610
2016-01-28,98.0798568725586,99.86239279619232,97.70269737945758,99.4537999197244,16934750
2016-01-29,94.92337036132812,98.95091273522277,93.60779293586548,97.52308498016711,11992530
2016-02-01,94.33966827392578,96.25241144396149,92.74571220662112,93.53595892008362,13325940
2016-02-02,90.09659576416016,95.22867695075904,89.705960003548,94.47435811175667,9835350
2016-02-03,87.41156768798828,92.40446668244016,86.06007627400955,88.39937600514585,17343230
2016-02-04,90.76112365722656,91.73995006625347,87.16013126728798,87.84261517027055,9921340
2016-02-05,93.12736511230469,93.70657379862158,90.51866854807236,91.25951798309431,10015060
2016-02-08,93.88616943359375,97.16387326328439,93.84126656556411,95.6372716672974,12200040
2016-02-09,89.80025482177734,94.7392688369751,89.5039123365737,93.34736214675127,9116240
2016-02-10,91.82526397705078,93.36982972321665,88.57898612234168,89.3512689954246,12409200
2016-02-11,89.9439468383789,92.31467323688163,88.63285696762819,91.26849934928528,14652880
2016-02-12,90.7835693359375,91.27297908380814,85.3102426705137,90.81050831637577,14369450
2016-02-15,93.51799774169922,94.96378259214505,91.2370701319972,91.41667477718045,9467880
2016-02-16,92.82652282714844,94.63150295691261,91.9554592877897,94.29475201239035,7094920
2016-02-17,94.06575775146484,94.7078262222353,89.62962340354156,92.50323538830102,7799880
2016-02-18,94.90090942382812,95.36786773364867,93.10041678385673,95.14786149445156,7849790
2016-02-19,97.298583984375,97.65778640807326,93.89066563401279,94.2902765319328,8393070
2016-02-22,99.02275848388672,99.31910103045941,96.5532509648819,97.79698667006694,7329730
2016-02-23,100.93549346923828,102.76741959282505,98.33128456263309,98.33128456263309,18691170
2016-02-24,99.63338470458984,101.87390363497954,99.22928627923324,99.77258086117949,8374110
2016-02-25,101.08366394042969,102.27351463410267,99.76808658078335,99.85788546972198,28055840
2016-02-26,98.69947052001953,101.11509289105841,97.93616281771345,101.02529399996835,5918270
2016-02-29,101.1554946899414,102.82129244229696,98.69048206376662,99.13948334080722,9054670
2016-03-01,102.6821060180664,103.50377920020631,101.1150890508751,101.47429145280965,10282700
2016-03-02,101.76614379882812,104.79690263024385,101.2318379969039,103.4498987051702,9316810
2016-03-03,104.15033721923828,104.77893625443139,102.0310506845649,102.5518869489182,10701750
2016-03-04,106.45372009277344,107.56724828646966,103.44990020025267,104.26708588185798,12243550
2016-03-08,106.52555084228516,108.37543387421739,105.6050968725618,107.21700978053055,8142290
2016-03-09,105.96879577636719,106.458212406895,104.15932106104978,104.62179185819247,6366140
2016-03-10,106.4941177368164,108.16440300628345,105.59162765219132,106.32350191335259,7841700
2016-03-11,106.28309631347656,107.5313193274217,105.69489887993888,105.96430238921134,6014430
2016-03-14,106.04513549804688,107.57174419796553,105.6051160936215,106.50311879314417,6132630
2016-03-15,107.31131744384766,107.85011766746466,105.34020188702397,105.96431345919684,8475230
2016-03-16,107.769287109375,108.46074605298605,106.43125838736012,107.76030516560414,6420860
2016-03-17,107.97583770751953,109.6326537081529,107.49091544992807,108.79302341509494,8833900
2016-03-18,108.91873931884766,109.28691683283853,107.67051621692917,108.20931642223229,6627150
2016-03-21,109.192626953125,109.73591468800073,107.61214046298304,108.48320407886365,5651120
2016-03-22,110.46778869628906,111.1906810594466,107.9399091985067,108.7481129043996,6090970
2016-03-23,112.13358306884766,112.53319393733184,110.16246770725691,110.90331708494938,8305560
2016-03-28,110.17594146728516,112.16052639619896,109.34977386625457,111.35232268389521,4161660
2016-03-29,110.71025085449219,111.71152180824474,109.70448550308208,110.4543168317861,4893740
2016-03-30,114.19898223876953,114.67492249240614,111.03801628838839,112.2503183563943,6858460
2016-03-31,115.2361831665039,116.20153323996648,112.96873203796864,113.32792760404644,12316520
2016-04-01,113.38630676269531,114.70188423900407,112.3401328283086,114.1675715532959,6773820
2016-04-04,113.12589263916016,114.11369427276944,111.90012082999283,113.68714434589465,5599150
2016-04-05,113.09893035888672,113.80835319222813,111.35231568132107,112.4388979396139,6438010
2016-04-06,116.08480072021484,116.5607410052245,112.78912594910265,113.14832836176419,11183280
2016-04-07,114.70187377929688,116.52930548642333,114.50879965990869,116.29133534828667,5239940
2016-04-08,114.35165405273438,115.21374262497802,113.61080460768157,114.22593422995229,4714000
2016-04-11,116.7178955078125,117.05015209098895,114.04633224395934,114.71085226152849,6883290
2016-04-12,116.53379821777344,117.6338431527976,115.6806985103748,116.66849312330883,7246450
2016-04-13,117.95712280273438,118.44653255518028,116.35867933710668,117.19830954095569,7360250
2016-04-18,119.81599426269531,120.32336790129047,117.39587078725305,117.83589697436027,5235820
2016-04-20,122.27204132080078,122.7479816182392,120.16172966051137,120.92951807204956,8518530
2016-04-21,121.19445037841797,123.20596765615242,120.93402192214671,122.30796495646847,8947070
2016-04-22,120.62867736816406,122.48753541634173,120.42214063001781,121.67933864799157,6094560
2016-04-25,120.7992935180664,121.61198463984447,119.00328861646983,120.52091495070773,4835570
2016-04-26,122.84223175048828,123.10714080360142,120.68703155765974,120.87112368658826,7730520
2016-04-27,122.3618392944336,123.15208603148024,121.41894744969693,122.12836353232134,4896120
2016-04-28,122.88717651367188,123.58312310218258,121.54914760204589,122.84676803780027,10075590
2016-04-29,123.31375122070312,123.92438654826475,121.43691495260683,122.12838094611598,7211960
2016-05-02,122.55939483642578,123.5651670974701,122.18223537694642,123.02636003968091,5170700
2016-05-03,121.84098052978516,123.39453482135421,121.50872396800096,122.58184360230854,5316260
2016-05-04,118.68900299072266,121.14054627255253,118.17714862970499,120.78135071052021,5443950
2016-05-05,118.5273666381836,119.83844274457577,117.59343627239402,118.99431811864629,6319030
2016-05-06,118.54530334472656,119.19186623139046,117.55750883074543,118.01099076890806,5152340
2016-05-09,119.08861541748047,120.3323440405465,118.0873376218796,119.12452949110917,4928320
2016-05-10,115.64478302001953,118.98535405651795,114.54024356998754,118.53635272045562,6697670
2016-05-11,115.96356964111328,116.78973045167916,113.46713017058454,114.04633887711803,6035740
2016-05-12,115.1867904663086,116.45745804042674,114.643495911188,115.74354766031254,4380890
2016-05-13,113.92960357666016,115.21374769549182,113.41774231817296,114.67943499954477,4275910
2016-05-16,116.34522247314453,116.68646786882854,112.56912649360287,113.81285524521105,3966320
2016-05-17,115.84234619140625,117.45875376247072,115.21374705333494,116.74034887506056,4564720
2016-05-18,117.57546997070312,118.61715624099858,114.94432901647758,115.3933303016982,10606800
2016-05-19,118.55431365966797,120.68257555485062,117.84040319739067,118.94044822190237,10040170
2016-05-20,117.18934631347656,119.46129193125199,116.83015073295255,118.35675250382923,3264840
2016-05-23,118.4061279296875,119.25474695628208,116.201529922069,118.07836575316902,6613580
2016-05-24,118.5498046875,118.97636137467569,117.54852692322154,118.53633519750663,5942150
2016-05-25,116.77177429199219,120.0225394002913,116.48440687565747,118.8955417244045,4941780
2016-05-26,118.44205474853516,118.98534247561075,116.83014175325174,117.36893508262548,7608940
2016-05-27,123.53373718261719,123.92436614437865,117.91672620194666,118.8057537615105,8752840
2016-05-30,123.20146942138672,125.09176099843869,121.9307881088648,123.7447571406718,5173060
2016-05-31,124.74601745605469,125.98975974990188,122.2810048558659,123.11615434762173,10605470
2016-06-01,123.4573974609375,126.16936923418258,123.0622741122277,125.36117234995449,6472140
2016-06-02,123.86149597167969,124.72807892202994,121.95773478404057,123.06227418041301,5151900
2016-06-03,123.04881286621094,124.79094027365988,122.3349023734038,123.85702350702863,4475050
2016-06-06,122.9769515991211,123.82555678570351,121.28870261511555,123.02633515650662,6043950
2016-06-07,123.66842651367188,124.5484789398285,122.13284971938813,123.47985363837577,6253490
2016-06-08,125.28031921386719,125.7068758665811,123.06225202461526,124.09496308292204,6143090
2016-06-09,127.19756317138672,127.48941123243817,124.46314730588851,125.19052711117776,8053350
2016-06-10,127.3996353149414,128.72868914175348,126.16937603306319,127.18412344216473,9526200
2016-06-13,125.7427978515625,126.4387580286199,124.64275298191346,125.09175424359006,5986620
2016-06-14,126.27264404296875,126.70817586417628,124.9121706142372,125.09176839874458,5847770
2016-06-15,125.73382568359375,126.96408478442379,125.28482441147402,126.64529771789957,4008120
2016-06-16,126.3714370727539,126.64981572096458,123.9243742026341,125.89997742769656,6516040
2016-06-17,125.27587127685547,127.28738855896805,124.83135062188944,126.80696752744115,4379330
2016-06-20,125.92243194580078,126.30407212485984,124.28356608424039,124.36439673971466,6435910
2016-06-21,125.78324127197266,126.39387651384129,125.01095842332893,125.89997230207496,4076180
2016-06-22,124.93911743164062,126.1424377359754,124.40480474008274,126.1424377359754,3550710
2016-06-23,125.84159851074219,126.2097828919289,124.06805146905484,125.15462702020272,5073760
2016-06-24,124.21171569824219,125.21297974295753,119.4433107857065,124.12190996486873,6144190
2016-06-27,124.46317291259766,125.27136981754408,123.69089008462157,124.63378190624806,6207850
2016-06-28,128.10006713867188,128.64784928016547,124.24314756388648,124.62480141452613,6105900
2016-06-29,129.7254638671875,130.03078146788073,128.16742878116182,128.23477623683937,5371410
2016-06-30,131.4990234375,132.4553985072468,129.31238905114265,130.74919885490664,6928580
2016-07-01,131.4047088623047,133.35337266367065,130.9018296493626,132.46434524637107,6323940
2016-07-04,133.0113983154297,133.3814794784708,130.88119351149405,132.14486849136082,3835820
2016-07-05,133.701904296875,134.396932398443,132.25769256403677,133.13776124077006,4060940
2016-07-07,132.0771942138672,134.04041517046412,131.68455277715307,132.69549291517802,6195050
2016-07-08,133.31378173828125,133.67934534023112,131.8289533442111,132.5059250178996,4296860
2016-07-11,136.1841583251953,136.4414109107394,134.13970407176464,134.3112057954607,4288130
2016-07-12,139.12220764160156,139.90749043863102,136.02618311056722,136.29697455634377,5804840
2016-07-13,140.53482055664062,141.25691269603885,139.36590394966103,139.5013065555667,6177570
2016-07-14,142.1776123046875,142.92679605864834,139.45618630728197,140.53483461825167,6235960
2016-07-15,147.6746063232422,149.22712922765174,142.16857796167216,142.61537488701987,12637690
2016-07-18,144.9667205810547,149.51597826228718,144.42063391550866,147.37223447760385,9572640
2016-07-19,146.966064453125,147.52569004122464,144.71851322271456,145.72494954382117,6883550
2016-07-20,146.18077087402344,147.66108195478472,145.8829016368364,147.2188025381042,4359050
2016-07-21,145.52633666992188,147.11495843108077,144.9847538699922,146.5869145124982,4471900
2016-07-22,145.5940399169922,146.65011404525848,143.52701208567453,144.87193406424794,4085430
2016-07-25,146.98861694335938,147.39931478088639,144.87195088927223,145.32326537802385,4133130
2016-07-26,149.7777557373047,150.90152454617456,146.94801850048785,146.94801850048785,6885160
2016-07-27,156.99424743652344,158.98004215473438,150.37798932066312,150.91505465040314,26450020
2016-07-28,152.03433227539062,157.59904846374226,151.73195923576714,156.84986464802216,13103790
2016-07-29,151.2084197998047,153.8982504676602,150.28773432765644,152.90535301994876,5954060
2016-08-01,152.5126953125,153.66805925212267,148.32449758811165,152.09297616155632,8365210
2016-08-02,151.18130493164062,153.62742130333677,149.9401903130762,152.81506088039455,6636220
2016-08-03,152.18324279785156,154.5752039482794,151.1948630196688,153.17612635501857,7183340
2016-08-04,154.3405303955078,154.90467349392446,152.18324773808357,152.63456221681687,8495300
2016-08-05,156.84982299804688,157.2379468020896,154.9904097247686,155.43268905746623,7304910
2016-08-08,155.9833221435547,158.58289818520376,155.4688307529102,157.531327641081,5382190
2016-08-09,154.3585662841797,157.03937527205244,153.04975710789407,156.42559421896235,5382460
2016-08-10,154.29087829589844,155.24766278498984,151.89439952102478,154.34955138168655,5905460
2016-08-11,154.40821838378906,155.06713363885822,152.18324140179868,154.8008597602551,4844530
2016-08-12,155.97879028320312,156.42560098251735,154.22318412403763,154.36760806266494,4220640
2016-08-16,157.779541015625,158.33464899740258,154.8369618649,156.33082542751274,6328570
2016-08-17,160.0767364501953,160.30691124586767,157.06646276263322,157.82468156807596,6599060
2016-08-18,161.0109405517578,161.87745654498994,159.81044251446738,160.46484017454998,3484940
2016-08-19,161.39907836914062,162.3829406070652,159.94584522651758,161.27271086860927,5147050
2016-08-22,159.5712432861328,161.90453113196867,158.9709873927545,161.1192484460695,3356030
2016-08-23,158.72276306152344,160.27076815408074,156.73246489694012,158.86266942423137,3061860
2016-08-24,158.83111572265625,159.18314049734536,157.64867388390633,158.65961400136712,2234420
2016-08-25,157.54486083984375,159.94585730426718,156.97621393102548,159.04322829716293,7090170
2016-08-26,158.50616455078125,158.90784107408678,156.33986042087338,157.5087633442178,3270200
2016-08-29,160.04965209960938,160.3971592819174,157.86979550478992,158.32110997309752,2468480
2016-08-30,160.77175903320312,161.8187981388841,160.12636887189106,160.22565860647563,2542450
2016-08-31,158.23989868164062,161.39007906682983,157.61708242507365,160.48745000468094,5023170
2016-09-01,160.01353454589844,160.48742298756616,156.88592867759291,158.15412119457724,3057050
2016-09-02,160.43328857421875,161.3720167042559,158.88076554248244,160.03612959777095,2213810
2016-09-06,168.119140625,169.33317752836513,160.7582034655614,160.84845808661908,6706010
2016-09-07,167.1262664794922,169.16169922201678,166.08373111698575,169.16169922201678,4570550
2016-09-08,166.87803649902344,170.2312995782905,166.3138934329412,168.2500225191581,3791930
2016-09-09,164.62147521972656,167.88447011694734,163.38938172289787,167.88447011694734,3470300
2016-09-12,157.5132598876953,162.47320126333904,156.75955869948208,162.47320126333904,5935480
2016-09-14,157.9916534423828,159.3004625979585,155.7034858663001,157.960058125232,5218050
2016-09-15,158.29855346679688,159.58028493405016,156.29019852657552,158.4113820865166,5740980
2016-09-16,155.7531280517578,159.62541386556686,154.07875524685312,159.40427418558636,15092020
2016-09-19,159.7563018798828,160.21663768338846,156.1548074322603,156.66931254178837,6165300
2016-09-20,159.02967834472656,161.02899815078638,158.58739897676392,160.95228240341618,4580740
2016-09-21,158.25341796875,160.12637028615964,157.40494455171967,159.04321830032242,4664240
2016-09-22,159.10641479492188,160.87555988987597,158.29404044587028,160.66795908009595,3632680
2016-09-23,158.52870178222656,160.2075919141828,157.62155542381603,158.78143674634705,4703910
2016-09-26,158.59642028808594,159.76532311802262,158.0999716141877,158.69119247077683,3930440
2016-09-27,158.894287109375,159.8826668902593,157.28760871469154,159.22373785432012,4287110
2016-09-28,160.28433227539062,160.84847536644367,157.70733049190716,158.24891336852795,5817490
2016-09-29,151.4927215576172,161.3358882247156,149.13685966997602,161.11925233891267,18253280
2016-09-30,156.0961456298828,156.96267553955425,150.6713502384468,150.9195677069694,5157750
2016-10-03,159.53062438964844,160.157944264594,157.06193398841197,157.49970952193,4199180
2016-10-04,160.99288940429688,162.20240881161888,159.58479053929227,161.4757991660715,6951110
2016-10-05,161.3629608154297,162.96060393805098,160.44227554656413,162.9245048447529,6650110
2016-10-06,159.09286499023438,163.46610321740036,158.04581213561136,162.72594089060757,5759650
2016-10-07,159.9548797607422,160.45583220902023,158.05033215543213,159.75630029303974,4042570
2016-10-10,163.80459594726562,164.72978512161544,160.50097064971163,161.20953768850046,7789670
2016-10-13,159.97293090820312,163.27655629373044,156.3443723106816,163.26753496218345,10134850
2016-10-14,157.28309631347656,160.667954914197,156.79568273510378,160.30690883933013,5923880
2016-10-17,155.22964477539062,158.77245296976014,154.85052843363073,157.50877774065054,5361000
2016-10-18,160.9026336669922,161.5705840565765,155.43270436574403,155.703495808712,6121650
2016-10-19,157.86074829101562,160.75819276261902,157.3101441790359,160.75819276261902,5251270
2016-10-20,157.13417053222656,160.10833133996016,156.34887396152183,158.47907888475606,7279280
2016-10-21,156.63319396972656,157.76148010952636,154.70156864931025,156.96716225973955,5965690
2016-10-24,154.50296020507812,157.08447895961774,152.99557185782555,156.3082176901262,5789100
2016-10-25,154.29542541503906,156.06457079383816,153.08590568848882,154.79187419027312,6953620
2016-10-26,150.5810546875,156.07355728313271,149.83638864312525,154.07874147058502,8174300
2016-10-27,147.75584411621094,150.6938918144802,145.90995589895206,150.53142522383996,25975610
2016-10-28,149.7325897216797,151.88987223604568,148.32900839694827,149.8363970031934,7736120
2016-11-01,150.09815979003906,152.09297579982933,148.23424260551232,149.92667186144516,6206700
2016-11-02,147.48956298828125,149.38057171559595,146.67720245313527,149.38057171559595,5243220
2016-11-03,144.34388732910156,148.93376111823937,143.54054819883928,147.3000050938988,7368300
2016-11-04,143.63986206054688,145.22849792749147,141.27046091733862,143.89711463304994,6960320
2016-11-07,144.4657745361328,146.22589833556694,143.96932583038844,144.96672702123018,3886300
2016-11-08,149.5565948486328,150.1974536984639,144.72752439494536,144.78167992895644,5874360
2016-11-09,151.71839904785156,153.80797357939127,139.49227732221897,139.91651404713403,8629910
2016-11-10,158.5377655029297,160.55062442432387,153.17614675199047,153.17614675199047,7666490
2016-11-11,155.35147094726562,157.91043011049132,152.6571229491708,156.624181087135,7296950
2016-11-15,152.8917999267578,156.60612301889546,151.23548351435096,153.98850456986446,6140900
2016-11-16,153.29347229003906,156.6061187986069,151.76802720007478,155.11678657860801,3579110
2016-11-17,149.344482421875,155.25218755726485,148.30194703169005,153.44692956241292,4809840
2016-11-18,152.68870544433594,153.32956423959206,149.11428900072423,149.56560344308298,5775610
2016-11-21,146.38833618164062,153.52362971221385,145.72491721757515,153.09487551126387,5107430
2016-11-22,147.95895385742188,149.55661115001513,146.11759663521593,147.1420756599917,3501810
2016-11-23,149.04660034179688,150.07107920720497,148.2116658366021,148.57272566823934,2825900
2016-11-24,145.75201416015625,149.48437988322155,144.98477404897517,148.48246120502048,16770590
2016-11-25,151.08653259277344,151.5333432613408,146.3161493514126,146.58692700142447,4443080
2016-11-28,155.47329711914062,156.15478628747348,150.47273950278162,151.64164217511876,4880370
2016-11-29,153.21673583984375,156.35789427956027,152.9053277723458,155.87498452004618,4467480
2016-11-30,156.06454467773438,156.65576555606847,152.0929826865248,152.0929826865248,7408290
2016-12-01,151.31219482421875,156.23603726090852,150.924070997674,156.06453556154247,5346100
2016-12-02,149.5340118408203,151.6416563991172,148.9969603122556,150.1974446384874,5441330
2016-12-05,148.80288696289062,150.90149645028606,146.79002832485972,149.65587790456178,6162830
2016-12-06,148.39218139648438,149.98983836012732,147.39929789876408,149.11428725038687,3695870
2016-12-07,148.60433959960938,149.47086961136517,147.26393481102022,148.93380418533948,5034030
2016-12-08,149.5520782470703,151.46114347124546,149.1143026469981,149.83640857546075,4827860
2016-12-09,148.6133575439453,150.6487766004404,148.21168102253472,150.45019711594932,3760900
2016-12-12,146.43800354003906,148.78934802264766,146.0182843973266,148.57272589635699,4064340
2016-12-13,147.30001831054688,148.143974162258,145.31423740539876,146.58693373801455,5306210
2016-12-14,147.1420440673828,148.12140244730492,146.36126513985943,148.12140244730492,4181710
2016-12-15,147.1871795654297,149.43471664730484,145.78810205590696,146.2258776107861,4059070
2016-12-16,146.0724334716797,148.74872479844151,145.44059600955552,148.39218253398357,4632360
2016-12-19,144.32586669921875,146.61853828141935,143.85649576638875,146.04537382912557,3883340
2016-12-20,143.66241455078125,144.51088789401354,142.1640473179678,143.517990625758,4756710
2016-12-21,143.1749725341797,144.95315233085722,142.7101192638618,144.4206046567109,3908180
2016-12-22,141.40585327148438,144.2310724925342,140.57091874604762,144.03250679660007,4445390
2016-12-23,141.53672790527344,142.9628833193055,139.18990086573427,140.62959516328775,4666800
2016-12-26,138.34596252441406,140.9635813391879,136.445918400253,140.26855309326868,6133610
2016-12-27,142.63343811035156,143.28783587004014,138.37302813824988,138.88751950510036,4294580
2016-12-28,143.08021545410156,143.94222768179293,140.57542583720976,142.61084458303418,6245670
2016-12-29,144.39808654785156,144.772671540266,141.8255882681449,142.7236997578445,5243210
2016-12-30,146.90286254882812,147.349659474558,144.02799152843826,144.33036451572164,6205340
2017-01-02,147.5166473388672,148.19813662497347,145.33228686375404,146.94800044809372,4621360
2017-01-03,148.44183349609375,149.2587115272561,147.21877522522462,148.1214041014724,4530490
2017-01-04,147.1736602783203,150.51338480269558,144.96222199684382,150.51338480269558,2378943
2017-01-05,158.54678344726562,159.4494124763375,147.57984625325264,148.07629497384735,6510132
2017-01-06,158.1405792236328,161.3900487460938,155.92914119144146,160.0812396064723,5500626
2017-01-09,158.9078369140625,161.84138114023824,157.59902762929687,159.3140172061587,2997673
2017-01-10,161.07412719726562,162.02189031303305,156.6963852214244,159.31400356685424,3701710
2017-01-11,168.88185119628906,176.3736590939737,161.57055252799225,161.84134391811847,19588062
2017-01-12,170.1455535888672,172.13133448357533,166.2642464287868,169.91989635599072,6001012
2017-01-13,170.506591796875,172.49238637312035,167.0766130335941,171.04817464003716,5494453
2017-01-16,170.9127960205078,173.756071684314,168.56595525737995,171.1835736852325,3993046
2017-01-17,168.52081298828125,173.3950173153607,167.39252686252544,173.21448051682057,4433742
2017-01-18,172.4923858642578,173.75606079720984,168.8367361162572,168.8367361162572,5651544
2017-01-19,173.89146423339844,175.06488464004283,171.3189799523578,172.4021319534815,5325171
2017-01-20,167.57305908203125,174.65870184974503,166.6253097028168,173.25962422244186,5221394
2017-01-23,175.24539184570312,175.8321088825315,167.888971970197,168.25001801361157,5915206
2017-01-24,175.06488037109375,176.64448101801293,173.44014552251483,175.6064632449616,3567556
2017-01-25,177.05067443847656,180.25501017199724,174.34278741404086,176.1931796353437,8514459
2017-01-27,176.32855224609375,179.62314205600205,174.34275774765902,177.23118110064652,3724559
2017-01-30,177.3665771484375,179.62314937678912,174.3427648532368,176.01263381142653,3886010
2017-01-31,178.85592651367188,181.78947069269972,176.01265074167034,177.90817710502148,9791708
2017-02-01,178.0886993408203,180.20986916609598,172.49240245612208,180.07448032919388,7991260
2017-02-02,175.01976013183594,178.72054459477644,173.66581661217853,178.22409588296358,4882873
2017-02-03,172.98883056640625,177.27631802458092,170.37121215378312,174.20738514267623,7158596
2017-02-06,173.62071228027344,175.4710909103087,171.9508429419674,174.79411908770254,3509746
2017-02-07,170.59689331054688,176.01266770135788,169.64913003754964,174.0268865126658,4271007
2017-02-08,170.86766052246094,173.03396446197198,169.96503158549393,172.3569927592467,4093024
2017-02-09,174.79409790039062,175.11002355519003,167.75360281710738,171.68003064847298,4280685
2017-02-10,174.4330596923828,176.012660491667,172.763190481072,175.20029987553121,2393140
2017-02-13,169.4685821533203,176.23829915012405,160.9387414919525,175.65159585294418,5882506
2017-02-14,164.14308166503906,171.0030534880226,162.83425865637471,169.46858701268582,5326799
2017-02-15,165.45188903808594,166.48990681979805,161.34492456722435,165.09082919481997,4927878
2017-02-16,169.19778442382812,169.69423307306155,164.50411690194397,166.1288516753334,2742051
2017-02-17,166.8960723876953,170.68712465634127,166.17398031083277,169.7844957872396,2679540
2017-02-20,169.96505737304688,171.31900098392134,165.72270348024554,166.94124446621657,3116627
2017-02-21,168.74647521972656,173.07909682577187,167.5730548595232,170.59686727546745,2738266
2017-02-22,166.98635864257812,169.37831989230236,164.45899478419355,168.97213961237134,3420915
2017-02-23,168.74647521972656,169.28805808536637,166.17399104049844,167.52793443157358,3565755
2017-02-27,167.25714111328125,171.40922586862436,166.98634968351394,168.79160751793032,2479199
2017-02-28,168.74647521972656,169.7393725490581,166.98635156593375,167.25714299875366,2568373
2017-03-01,171.31895446777344,173.84631794312023,168.5659337852175,169.73935401730955,6984828
2017-03-02,165.63243103027344,172.31188050539,164.18821903796515,171.99596860102815,5014563
2017-03-03,166.08370971679688,167.257129985705,164.2333178050214,165.18108085964036,3072562
2017-03-06,166.85096740722656,168.1597766339693,165.3164871692956,166.12886149049874,2405448
2017-03-07,163.7820281982422,167.57306721824145,163.37584790556824,167.3474099697531,2337750
2017-03-08,160.71307373046875,164.4138438491373,159.76531065839896,163.96252941224915,5030575
2017-03-09,159.62994384765625,161.43520184413288,158.54677803134987,159.4945412341052,2814093
2017-03-10,159.08837890625,161.48034051250903,158.09548138684414,159.76535073138297,1965462
2017-03-14,164.18820190429688,165.49702491144456,160.21663999943627,162.4280781913024,3552433
2017-03-15,165.63243103027344,166.89610619377345,162.51836355569915,164.18821903796515,2518621
2017-03-16,173.7109375,175.38080655543496,167.16687765668544,167.5279374980624,8053833
2017-03-17,173.30474853515625,176.82499573056703,171.63487956349854,175.3356635570526,5143534
2017-03-20,175.20028686523438,175.78699018076122,171.68002565299855,173.9817322584941,2608165
2017-03-21,173.66580200195312,175.6967171105816,172.40212699912746,175.6967171105816,3832639
2017-03-22,168.52081298828125,171.04817666457905,167.07661501112824,171.04817666457905,3999158
2017-03-23,168.6562042236328,170.5968507199682,167.43764978070953,168.52080163385074,2749898
2017-03-24,168.611083984375,172.1764654420699,167.88897809816515,168.7013386120111,3979893
2017-03-27,161.97674560546875,169.42343367440498,160.39714510599745,168.61107321245763,8610189
2017-03-28,163.9174041748047,166.03857370209292,161.84135507146178,161.84135507146178,8752274
2017-03-29,165.49700927734375,166.6704157931413,163.15016869970157,165.18108366276837,3043114
2017-03-30,167.347412109375,169.06241548362894,164.86518234426654,165.63242250814667,20910457
2017-03-31,169.87478637695312,171.7251787049893,166.9863761388858,167.8438709914802,4542711
2017-04-03,170.506591796875,173.62067248552165,168.79160241523456,169.60396290695397,4005610
2017-04-05,176.7347412109375,177.72762473620364,172.98882301559206,173.30474863950909,7046524
2017-04-06,183.95579528808594,184.8584242995358,173.7109504989198,176.01265723272206,7827353
2017-04-07,180.39039611816406,186.84418742083335,177.6373751431073,182.87262566119446,9259489
2017-04-10,183.86550903320312,185.0389293888102,179.3974986147611,180.30012753860896,4077710
2017-04-11,179.39749145507812,186.75391138163658,178.67538559021392,186.39286533571638,6912377
2017-04-12,177.32144165039062,182.51155773758188,176.32855814100307,180.39038812228318,4900126
2017-04-13,172.17648315429688,177.77278024533598,171.3189883519081,177.77278024533598,6831049
2017-04-17,175.24539184570312,176.46394634501888,171.95080193721788,171.95080193721788,5298073
2017-04-18,169.0623779296875,179.35234079739226,168.34027213108905,175.6515709607368,7160819
2017-04-19,170.95791625976562,173.4852800542498,167.39253469025516,169.01726954192534,6855099
2017-04-20,170.86766052246094,173.93659339893898,169.69424014979893,172.85344142918348,4558278
2017-04-21,169.01727294921875,173.07910327376607,167.52794067276136,172.6277887932608,6017993
2017-04-24,173.75608825683594,176.1480496768755,167.16689358391955,169.69425762226055,6548580
2017-04-25,175.56130981445312,177.3665674989205,173.66578373655312,176.46393865668682,5905853
2017-04-26,179.44264221191406,182.511575204489,176.0126493670788,176.0126493670788,6575488
2017-04-27,178.99131774902344,182.10538477117473,176.6444770457366,179.12670657793353,4349295
2017-04-28,179.62315368652344,186.30260213349604,178.13382148928704,179.26210763053408,8422472
2017-05-02,176.7347412109375,182.10538040635916,175.60645508698235,180.52577983282197,4080171
2017-05-03,174.52330017089844,179.8036708766776,174.16224035360773,177.63736706502826,4612307
2017-05-04,175.1551513671875,178.2692185054628,172.40213030148553,177.81790402823376,5327061
2017-05-05,171.31895446777344,175.2453816093985,169.01724819963576,175.1099927942822,4146159
2017-05-08,172.6729278564453,174.43305162535614,168.79162046024112,171.95082191270552,5024668
2017-05-09,173.7109375,175.74185262378725,171.04818487008382,172.85344275789473,3989306
2017-05-10,178.26922607421875,179.53290115490177,174.11712719821665,174.25252981094903,4780618
2017-05-11,175.56130981445312,180.52576844673843,175.10999539333628,179.17182518338788,4526903
2017-05-12,177.9532928466797,179.17184744430173,172.85344476364625,175.56133162678432,7071552
2017-05-15,182.0602569580078,182.91775170824658,177.18606612389542,178.7205325884845,5637368
2017-05-16,182.01513671875,185.03894945069115,181.20277610842072,185.03894945069115,7155404
2017-05-17,186.57339477539062,189.05562430227735,183.50446196044948,183.82037381823866,15630852
2017-05-18,172.76316833496094,188.6494427034047,169.8296243694774,185.94155596603525,21476119
2017-05-19,174.65869140625,178.4497300155018,170.86765279699821,175.11000585432816,10896952
2017-05-22,173.44017028808594,177.77279257861122,172.4472865749202,175.5613541117574,6295893
2017-05-23,174.70382690429688,176.46395051028054,166.17398652681908,173.6657954021867,8867141
2017-05-24,171.13844299316406,175.96749928915543,168.2500195277584,174.52330132947645,5439353
2017-05-25,174.07199096679688,174.8392172772056,170.59686415081143,171.9508075170877,5977139
2017-05-26,179.48776245117188,183.14339848135688,173.12422594529306,173.89145224723512,12767707
2017-05-29,176.7347412109375,182.64696325506722,176.01263533700143,179.57801673409486,4551732
2017-05-30,176.0126495361328,179.0364621014764,174.65870607816254,176.0126495361328,4165068
2017-05-31,174.97463989257812,179.8939652648203,174.11713131076212,176.91528676368375,6461000
2017-06-01,176.41880798339844,176.91525661114665,174.29763842559922,175.5613133207552,3515147
2017-06-02,175.7869873046875,178.2692169071927,175.15514979683655,177.41172216275038,2665134
2017-06-05,171.9508056640625,177.36657907080462,171.13844516226078,177.36657907080462,7041770
2017-06-06,173.39503479003906,175.47107045223254,170.8676708590346,171.49950839852937,5549087
2017-06-07,176.37368774414062,177.1409278452918,173.30475488558486,173.66580094905336,6570678
2017-06-08,179.66830444335938,182.69210331673239,178.0435694956382,180.5257992351211,12287394
2017-06-09,182.3310546875,182.91775801763086,178.99133020277955,180.39040788196692,5161130
2017-06-12,181.46389770507812,184.20228646140777,180.7336579177571,182.33105135894942,2791407
2017-06-13,180.50546264648438,183.8828060646034,179.91215064141582,182.01157092283728,4264115
2017-06-14,180.96185302734375,182.69616029719725,178.9993466994482,180.73365396930168,3710984
2017-06-15,179.6839599609375,181.64646646453906,178.90807752286258,180.55111367350176,3459648
2017-06-16,177.85833740234375,180.73363973596852,177.26501154126157,179.63828712926212,3232753
2017-06-19,181.87464904785156,182.46796102680435,176.94555497114573,178.54294837558106,5481847
2017-06-20,182.3310546875,183.92844815785358,180.91621768526798,182.92436669093647,4917462
2017-06-21,182.69615173339844,186.0735087766408,179.9577631652546,182.01155459136248,5932691
2017-06-22,180.4141845703125,186.16480409205477,179.04499010933415,182.83310314160735,5970858
2017-06-23,178.63421630859375,181.0987633009598,175.80455640186415,180.50545133307784,4144287
2017-06-27,177.1281280517578,180.41418643517255,175.71329097515576,179.63831792283148,3228380
2017-06-28,180.32289123535156,181.19004483558163,175.98710930603664,177.31066100408933,4779335
2017-06-29,187.4427032470703,188.03601519949223,181.2356863674736,181.64644186747066,9184678
2017-06-30,185.66275024414062,190.59185831295326,184.56739753823737,187.4427140604194,6431412
2017-07-03,187.1688690185547,188.49242076126956,185.7540320819291,185.8909459446301,4041802
2017-07-04,190.1811065673828,191.04826022977613,187.21451871887126,187.94474458520315,5697836
2017-07-05,193.78663635253906,194.37994831221283,189.86160990068993,191.00260515249695,6906867
2017-07-06,193.92355346679688,195.47530424967005,192.508716545173,194.15175252098896,6685243
2017-07-07,197.25527954101562,198.07679061284406,192.0067009879103,193.51280926231772,6452705
2017-07-10,199.03521728515625,201.31720782057843,197.16398226047707,197.62038036756152,1192167
2017-07-11,194.97328186035156,200.72388701286263,194.47124114419887,200.72388701286263,3660000
2017-07-12,195.24710083007812,196.34246740824148,192.1435993337209,195.38402861643084,4864490
2017-07-13,194.83633422851562,198.07676332663482,193.1932983830306,196.25117103791007,2485968
2017-07-14,196.38812255859375,197.3465614796505,193.6041049268017,194.92765680437222,3484855
2017-07-17,199.03521728515625,199.49161539224067,196.75322674973407,197.52909517487868,3303597
2017-07-18,197.30088806152344,200.5413172750832,195.3383818524954,198.48752587710135,3631182
2017-07-19,200.49569702148438,201.04338035990597,197.11835357632685,197.62039431518565,3115273
2017-07-20,195.8860626220703,201.08899797804784,195.33837935168776,200.49567211377274,3219939
2017-07-21,196.0229949951172,197.30090417585643,193.51280530367796,196.75323478189623,4633423
2017-07-24,195.11021423339844,198.53320044801947,193.5128206665753,195.33841331437318,2889831
2017-07-25,196.34249877929688,197.0270960359497,194.42562088940224,195.06457554331152,2231494
2017-07-26,200.03929138183594,202.59512365169755,196.79887585686416,197.16398878334496,4579840
2017-07-27,196.06861877441406,201.3628393102095,193.51278673008204,199.08084890065666,10574422
2017-07-28,196.98143005371094,197.8029410929234,192.60000534552566,193.87791450167066,2601142
2017-07-31,201.95616149902344,202.5494734643648,196.98142493925673,197.8942211494218,5160277
2017-08-01,203.6904754638672,205.6986383351796,200.99772934045413,202.73205055402707,5408688
2017-08-02,200.5869903564453,204.3750894949819,196.43376433476274,204.3750894949819,7699742
2017-08-03,203.873046875,205.37915510785814,197.25527409930234,200.5869748220081,6614853
2017-08-04,208.34573364257812,209.07597339168998,202.6407573653991,202.6407573653991,5030815
2017-08-07,209.07598876953125,211.76873498478218,207.98063602938103,208.66523323299563,3218107
2017-08-08,210.718994140625,212.63585767454614,205.4247737517768,209.34979993289687,4253146
2017-08-09,210.35389709472656,213.13792849669773,208.30010549251,210.673381359671,3591242
2017-08-10,203.32537841796875,209.44111092032827,199.4003514922804,209.0303553657232,5725478
2017-08-11,204.00994873046875,206.42885306585055,198.57881417853437,200.81516206131153,4613140
2017-08-14,212.0882110595703,213.95943220131196,205.88119386756554,206.15503552406793,3508678
2017-08-16,217.01730346679688,218.02138489006492,211.03848538060646,212.95536303296723,4106721
2017-08-17,214.14199829101562,218.43213772952083,213.09227428352966,216.33270364271382,2586445
2017-08-18,216.3783416748047,217.7018933772093,211.76871808600654,212.8640707387495,3477346
2017-08-21,213.3204803466797,221.53564657770585,211.76872951089672,217.47370606022042,3182064
2017-08-22,211.72308349609375,216.652191512063,208.34574021903057,215.4199110260294,4446520
2017-08-23,218.84291076660156,219.43622278448336,210.58210154744282,213.0466487475023,4271359
2017-08-24,224.593505859375,226.64729729166893,217.74753441839525,218.2495751097,4460587
2017-08-28,223.17868041992188,226.09962559888496,221.80948606151745,224.5478747783263,3526749
2017-08-29,225.369384765625,227.46881889096989,221.03360265100275,223.63507749104218,3793852
2017-08-30,236.4598388671875,237.32700637918137,226.8298503277945,228.1077594062628,6400191
2017-08-31,232.21534729003906,237.6008392890629,231.07435204209634,236.59678575593674,7429622
2017-09-01,234.26914978027344,237.2357375647757,230.38976575438588,233.21943967394645,4090265
2017-09-04,232.5804901123047,235.41015016479577,227.10371254574258,234.90812336372673,2406774
2017-09-05,233.90402221679688,235.50141553925306,231.5763891612993,232.8999408428444,2047693
2017-09-06,240.1566619873047,241.20637194199315,231.16561473721768,232.7630079288865,5586361
2017-09-07,241.06947326660156,243.62529139157095,238.51362728530384,240.7043603710814,4400492
2017-09-08,240.47616577148438,246.54625482266133,238.78748726014055,240.06539634623115,6474499
2017-09-11,242.7125244140625,245.22271417509918,240.476190249847,240.476190249847,3388131
2017-09-12,246.18115234375,248.00674478869786,243.39710715140652,243.625306207025,3850430
2017-09-13,241.1151123046875,248.09799771108973,240.11103090656735,246.18114796306799,3488892
2017-09-14,242.5299530029297,245.5421692150815,239.74590797647096,241.89098454273827,3046811
2017-09-15,244.21859741210938,245.67907681513506,237.78339573344735,241.70840801377165,7157745
2017-09-18,239.65464782714844,244.76631247375352,238.6049376954433,244.76631247375352,3405906
2017-09-19,238.83311462402344,242.6212131949723,238.33108786818912,239.15259885788558,3736290
2017-09-20,236.55113220214844,241.75408174062267,235.6839925166225,239.15260697138555,4209554
2017-09-21,232.30662536621094,237.87468757690252,229.93334975191127,236.04909523610715,3827420
2017-09-22,225.41500854492188,233.85838693879813,224.59349757357765,231.43946876199297,4786338
2017-09-25,216.19577026367188,225.5519306525136,209.48671309650524,224.5478493322017,8013361
2017-09-26,221.21615600585938,224.04581575850182,214.8265828552831,216.56088999631672,4724429
2017-09-27,216.0132293701172,224.36532350649534,213.8681665158936,224.2740383092239,4227130
2017-09-28,218.0670166015625,219.9838942806685,212.77280954148947,217.24550555518297,4241681
2017-09-29,226.78421020507812,228.0621332256395,219.84696753066507,219.98388138764884,4037110
2017-10-03,228.1533966064453,231.57638219444408,222.95046129832,230.02463151351745,3190108
2017-10-04,226.60165405273438,228.56416028897462,224.54786262627454,225.46065881581222,2911505
2017-10-05,227.33189392089844,229.84208344357253,226.09961349304717,228.29033270609781,1613225
2017-10-06,235.22760009765625,236.00345460968884,227.24061914055304,227.28626173778,3541234
2017-10-09,234.9537353515625,237.73778046401827,231.02872285008425,234.9537353515625,2708053
2017-10-10,237.28138732910156,241.02382952707265,234.26914310456823,238.28544088094952,3075575
2017-10-11,234.0866241455078,239.92851494085872,230.48106758920306,238.51366395076897,2958994
2017-10-12,233.81275939941406,237.1444602194926,230.1159456419613,233.94967326888795,2653904
2017-10-13,231.8958740234375,236.9618956454011,230.57232233831735,236.9618956454011,2598847
2017-10-16,237.69212341308594,239.10697422798077,233.17378503714994,233.58454053893237,3726642
2017-10-17,237.55523681640625,239.92851276508927,235.68401554597614,238.239834040661,3326442
2017-10-18,236.18601989746094,240.01977513108204,235.18193849281448,240.01977513108204,3020838
2017-10-19,230.8917999267578,236.82498925571554,229.47696300708964,236.41421981620564,934388
2017-10-23,237.69212341308594,238.65057613085258,231.25692138611038,232.3979166289308,3983111
2017-10-24,236.8249969482422,242.21048922339614,235.41014605445204,238.23981998570162,3594675
2017-10-25,237.00753784179688,240.0654108131545,233.26508161947956,239.10698590491177,4232416
2017-10-26,237.28138732910156,241.89099707421025,232.76303492046645,237.00753175069136,4756796
2017-10-27,242.1648406982422,245.86168232706245,237.82905839050122,238.4680269257536,3095908
2017-10-30,240.84127807617188,246.13548478669497,238.97002919017427,242.75815562871603,4390979
2017-10-31,235.91220092773438,239.60901458160396,232.53484367490898,239.06133126272272,6701163
2017-11-01,241.66282653808594,243.57970438784164,238.19421165287707,241.89102561885846,4308393
2017-11-02,242.98634338378906,245.22267721090572,239.1525884568355,241.66277783949312,1850517
2017-11-03,243.35150146484375,245.08580888006557,240.56745600957598,243.71661441704845,1805553
2017-11-06,244.62939453125,248.28057952425374,239.19824571162462,241.34332246628048,2518798
2017-11-07,241.02381896972656,247.0482792985795,237.7834036896164,245.58779984668658,2538762
2017-11-08,239.56338500976562,243.67096810141183,237.4639369380147,242.2104885420048,2332066
2017-11-09,240.97817993164062,241.89097606774533,236.50548443599308,241.89097606774533,2293798
2017-11-10,247.18521118164062,250.56256841944406,237.41830810641147,239.97412644138174,3062537
2017-11-13,240.84127807617188,248.23493271808286,239.19822823556459,247.18519482422454,2186042
2017-11-14,243.30580139160156,243.94476983585423,240.20230006879075,240.4304991051199,1464097
2017-11-15,233.17379760742188,241.6171767876356,231.62204677916498,241.06949347029064,3199737
2017-11-16,236.0947265625,237.09880793251753,231.02871890223855,235.50141461632154,1768063
2017-11-17,243.35150146484375,244.44684032145784,237.4183254584362,237.64652453560572,2241746
2017-11-20,242.7581787109375,244.58377124764294,239.6546491134731,244.58377124764294,1589735
2017-11-21,245.40525817871094,246.454968212796,242.6212131202877,243.67095101070146,1814757
2017-11-22,245.13143920898438,246.72883275996242,241.89102343381919,246.63757541354423,1320466
2017-11-23,243.57968139648438,249.4672004108954,242.3930295746749,245.8160154631687,2649055
2017-11-24,242.07354736328125,244.53808022639282,240.33921241298762,244.53808022639282,1325725
2017-11-27,236.32293701171875,242.2561124724735,235.77525370561384,240.52180521674967,3340622
2017-11-28,233.35633850097656,238.513631361192,232.30662846229484,236.41421128382854,3948068
2017-11-29,232.99124145507812,235.45580245825178,232.30664427156663,234.13223676093062,1852596
2017-11-30,232.62612915039062,234.90811976819643,231.85024676907048,232.12408842884025,4677214
2017-12-01,230.07029724121094,235.22760440260936,227.2862658973969,235.22760440260936,3410360
2017-12-04,229.88775634765625,232.26101839781865,227.83396464923706,231.3938646885638,1309523
2017-12-05,226.09962463378906,229.43133924858438,223.1786794672939,228.92929853367932,2253438
2017-12-06,221.03359985351562,225.3237532446393,220.120803630411,224.54787088373436,3872984
2017-12-07,229.97903442382812,230.02467702633177,221.6269535078292,221.80950998967705,1934627
2017-12-08,230.43540954589844,234.9081195087573,227.46882174602726,230.48105214383722,2869536
2017-12-11,229.5682373046875,231.39382964905877,226.96676264269271,231.3025444605745,2248099
2017-12-12,228.1533966064453,232.6261061316621,227.28624304311842,229.066192763245,2208589
2017-12-13,222.72227478027344,231.11999710930652,219.16237513988744,230.02464444520044,2393737
2017-12-14,221.30743408203125,226.19089928308466,216.88038090538421,223.6350671584975,3263839
2017-12-15,229.0205841064453,230.34414987246436,225.59759801122243,226.3734804307394,3492426
2017-12-18,231.8046112060547,236.14040743963702,222.1746077210228,226.37347615648196,2938065
2017-12-19,234.04095458984375,236.4142304279543,230.93745288908275,232.078448209681,2145809
2017-12-20,239.24391174316406,241.43461725473838,234.2691608500138,236.59680808933123,2462944
2017-12-21,242.1648406982422,242.80380923349458,238.33111305572285,239.3808232010675,1328407
2017-12-22,241.4346160888672,243.26020864908546,239.8372225986762,242.34741236897634,1765864
2017-12-26,244.08172607421875,245.1770927813538,240.97822421244618,240.97822421244618,2428477
2017-12-27,242.3018035888672,245.90733247748912,240.4305543472273,243.62534158988,1503466
2017-12-28,247.64163208007812,251.5666729953422,242.940736572847,243.44279126590394,4716301
2017-12-29,246.27239990234375,249.92358464726408,242.80378553720104,247.73287937157767,2003783
2018-01-01,242.6212158203125,248.00673561884742,241.29767806046007,245.99857286112297,1261616
2018-01-02,241.48023986816406,244.62939811327414,238.87879280762147,243.71660185165746,2277139
2018-01-03,245.26837158203125,248.50878723354478,243.1232947527343,244.49248917275384,3279293
2018-01-04,252.98146057128906,257.31724250950714,245.99857523153003,247.13957047842953,6281682
2018-01-05,260.2381896972656,264.6196001043829,254.35064334739417,254.89832661236585,8325201
2018-01-08,261.05975341796875,264.2545406101467,258.41264960143087,261.1510386232977,2686737
2018-01-09,259.2341003417969,264.2544790455993,256.49571195790463,261.28789162971606,2281715
2018-01-10,258.1387634277344,260.1469262819164,254.1681221011273,258.5039042058259,2748652
2018-01-11,257.91058349609375,260.8315427994606,257.4085566734834,258.9603215264593,1757575
2018-01-12,261.78997802734375,264.48273836112935,258.0931640090054,258.4126482978783,5118636
2018-01-15,260.14691162109375,267.3579958807285,259.00591639468547,262.5201872632888,3602106
2018-01-16,256.6783142089844,262.33763419153024,252.20559034132523,261.4248379501844,3107547
2018-01-17,260.1925964355469,261.9725605153804,255.12658767961264,257.49986383394577,3574084
2018-01-18,255.40036010742188,263.7980961087796,251.3384338188521,260.87713718926506,8128594
2018-01-19,257.49981689453125,258.4126131062408,249.238994464762,256.58702068282173,3291487
2018-01-22,254.3506317138672,258.77769844010436,252.47941082182217,258.32130038289074,2143377
2018-01-23,268.4077453613281,273.1999260164727,252.89020800181225,254.98965624072295,8672380
2018-01-24,263.4786071777344,270.1876645546649,262.0181277440111,266.855964127199,4037279
2018-01-25,265.44110107421875,271.1004481718522,262.97656825917994,266.8559517767906,7330584
2018-01-29,267.8600769042969,274.24965080217504,265.6237148975069,265.6237148975069,4673841
2018-01-30,263.889404296875,267.3580189418116,262.6571237747974,267.3580189418116,2152791
2018-01-31,264.6653137207031,268.36212780818016,256.58706042459823,263.7981460427349,6604621
2018-02-01,276.25775146484375,280.0458499467744,260.5120177497508,270.18766258942134,8031105
2018-02-02,272.92608642578125,286.93751482860523,267.6775078406701,272.69788735686336,12354843
2018-02-05,265.85186767578125,273.7932049943782,258.1843859046378,269.27485309649944,6863987
2018-02-06,258.50390625,264.0719410276317,242.43868685849577,254.53323703566366,8006195
2018-02-07,264.7109375,268.72723580804364,259.55364377169775,262.79405962269885,9691897
2018-02-08,277.6725769042969,281.50630370200525,264.7108615085875,264.7108615085875,8028713
2018-02-09,282.3735046386719,284.655495095011,269.411787704134,269.95947098492115,6726146
2018-02-12,283.6514587402344,288.1698117034086,282.28226424913106,284.7924541494871,4120075
2018-02-14,282.5560607910156,287.02878458625383,281.27815164508905,286.4354447539217,3992497
2018-02-15,280.95867919921875,286.84622625047217,278.9048876031533,284.1078374557183,3695342
2018-02-16,285.1575622558594,286.3898428481458,279.63515571159957,283.0581418810993,5742059
2018-02-19,276.3034362792969,286.43545237883103,267.49493017338716,286.43545237883103,6238413
2018-02-20,278.9505920410156,282.46486383580555,274.295324719108,276.7598862002168,4940505
2018-02-21,272.28704833984375,281.2780949298863,269.27483254207243,280.4109554032913,5947856
2018-02-22,271.73944091796875,275.43625439952336,269.27488002604605,273.1998925584702,11882391
2018-02-23,280.18280029296875,280.9586547656117,272.5152900493988,272.9260594754218,4641724
2018-02-26,288.534912109375,289.2651379969924,281.55202607982983,283.6514463989789,5314911
2018-02-27,290.3605041503906,292.5055809937757,286.8462328779937,291.1820152365314,6081243
2018-02-28,284.9750061035156,287.987222646349,283.2863274359078,285.97905971357244,6391843
2018-03-01,278.8592529296875,290.0866356039642,276.5772623165149,287.53081725974323,6417443
2018-03-05,266.21697998046875,273.9301182545343,263.79807585959594,273.2911498348351,9282086
2018-03-06,267.90570068359375,275.57318364977965,266.62779149861797,272.6522523493108,9755916
2018-03-07,264.2545471191406,268.179560337962,261.19667373146916,267.4493343900111,7208335
2018-03-08,264.0263671875,270.4615708718345,259.41675636185175,268.36215022687986,5748695
2018-03-09,266.4908752441406,268.54466679827186,259.8731024586066,265.6237076676418,8084115
2018-03-12,271.8763732910156,273.74759449303735,266.35393917011766,269.4574687583459,4186325
2018-03-13,277.0336608886719,278.03774233136323,270.0051186461634,272.74350738641385,4161207
2018-03-14,274.2496337890625,277.3074788225737,272.19584230643744,274.0214347354375,3032723
2018-03-15,269.4117736816406,274.7060079785875,268.4533488823943,273.65627013824576,3721114
2018-03-16,264.9390869140625,269.27486869818586,263.61552133216725,269.27486869818586,7106321
2018-03-19,258.8689880371094,264.9390767302934,255.62854506184001,264.9390767302934,3716523
2018-03-20,260.60333251953125,263.56992036782714,255.2634688213324,255.67423828132124,5586853
2018-03-21,263.2504577636719,265.89756156713236,260.3751548761832,263.5699420525781,3943743
2018-03-22,261.05975341796875,265.53244991575116,260.01004319751985,262.8853460992133,3731255
2018-03-23,261.05975341796875,262.97663130454225,252.25127430223057,255.4916901689062,6571245
2018-03-26,268.2708435058594,270.18772142507436,260.14696150725064,261.05975786341645,3302313
2018-03-27,272.7891540527344,273.8388641272897,269.3661682511432,273.3368373522549,4209223
2018-03-28,263.022216796875,272.195835227833,261.4248234630411,271.00918346604465,5122171
2018-04-02,270.689697265625,271.51123611641844,263.11350007975426,264.71089340200774,2582307
2018-04-03,276.6228942871094,277.9920886713511,266.8103345333768,269.22926689726876,5214588
2018-04-04,270.05078125,280.4566531258777,268.0426183194221,277.94646339082107,5561514
2018-04-05,281.50634765625,282.3735152046384,274.38654830859184,274.7972898923049,4210195
2018-04-06,281.3238220214844,282.3278756350786,277.9464646743699,278.85926094587853,2787944
2018-04-09,282.41912841796875,285.705200189497,279.95459548156884,281.14121935579897,3191991
2018-04-10,284.1990966796875,287.30259812550423,280.27405638546236,285.613919618473,3478934
2018-04-11,284.9750061035156,290.6343262531316,283.4688699757675,288.39799210961326,6847386
2018-04-12,281.3694763183594,285.56834512097885,280.00028178639656,284.79246264826645,2993563
2018-04-13,281.59765625,285.0662710191365,278.8592673723663,282.51045254254456,4046812
2018-04-16,281.9627380371094,282.9668194192176,279.315634652518,280.593543749597,2741849
2018-04-17,282.19097900390625,284.1534855362677,280.41104287953186,282.510463289717,2788017
2018-04-18,282.9212341308594,284.7924554681649,280.2284738100213,280.2284738100213,3234140
2018-04-19,294.69622802734375,299.214552032636,284.10778763962963,284.10778763962963,8395329
2018-04-20,294.69622802734375,297.7541005499111,290.1778761657251,291.04504360787865,5243673
2018-04-23,293.7378234863281,298.89514460810227,291.6384032440054,293.87476520953567,3113729
2018-04-24,296.4305725097656,297.5715677850149,288.7630898313564,289.81279991331974,4078872
2018-04-25,293.6465759277344,298.3018146945946,291.9122407017553,296.658792524683,3081536
2018-04-26,299.1233215332031,301.58785452357057,293.2357749862778,293.46397403295975,4602880
2018-04-27,299.03204345703125,301.54223303024816,297.0238806559259,299.39715636914235,2704711
2018-04-30,296.6587829589844,302.31813088411894,295.1526747090742,295.33521724632726,2847539
2018-05-02,287.667724609375,299.21459127921673,286.6636431910561,299.21459127921673,2136023
2018-05-03,291.455810546875,292.2316928749087,283.4232152663975,288.3523090910691,5122999
2018-05-04,289.7215270996094,291.5471196180144,287.2569939135613,290.72560855599835,3147597
2018-05-07,297.3890075683594,298.57565940899696,288.90001357273553,292.04917178264844,3285970
2018-05-08,295.7916259765625,299.8079519287289,294.65063061659066,298.2105584247684,2779564
2018-05-09,293.6921691894531,298.39306391756793,292.6880878260867,296.65875675702335,2987922
2018-05-10,291.68402099609375,296.61314286979353,290.36048319072097,294.83317909803196,3185014
2018-05-11,295.51776123046875,296.886955490996,291.63837749230817,292.6424588546272,2208433
2018-05-14,300.3556213378906,302.5463548156423,293.19019243021654,295.4721832559302,3103900
2018-05-15,305.3759765625,312.8609170106109,299.0320592916925,300.7663666083043,6620191
2018-05-16,307.2471923828125,310.35069374903725,301.1314469811091,304.6913464263765,5178318
2018-05-17,303.04833984375,311.2635056828878,299.4884402180562,311.2635056828878,9191526
2018-05-18,291.5927734375,306.47134118182936,290.3604929277514,303.8698662959892,4676411
2018-05-21,282.2822265625,295.24394382366563,280.82174706237396,290.90816184736207,5132127
2018-05-22,290.63427734375,292.77935378452,281.82580040832596,282.05399943699666,4072023
2018-05-23,282.966796875,294.74186123821045,281.23248982025734,291.090676762404,6090049
2018-05-24,286.75494384765625,288.03285305973066,280.5935689994063,286.57240130669226,3276382
2018-05-25,297.6171875,298.9407531220031,286.61800452002745,287.5308007127664,5183676
2018-05-28,298.57568359375,301.22278736600276,295.9742084952315,298.02800022727246,2162396
2018-05-29,302.82012939453125,303.45909785605636,295.1526471378721,298.393062398809,4898604
2018-05-30,303.5503845214844,304.78266504131904,299.4428013595897,300.12739855323883,3841174
2018-05-31,302.9570617675781,307.7948984780495,300.8576415907991,303.0483469614229,6771065
2018-06-01,302.9570617675781,308.16001139709846,299.0776778079816,303.1396321552677,5033181
2018-06-04,302.911376953125,305.5584799459926,301.2226986771547,303.0482907903496,2301143
2018-06-05,300.4012451171875,304.50882815564586,297.11517311515473,304.0524300402616,2804584
2018-06-06,308.52508544921875,309.5291667423602,299.44275300426284,300.30992045205016,3148197
2018-06-07,313.5455322265625,316.2839211543054,309.89434698957194,309.9856321917633,3295739
2018-06-08,313.3172912597656,314.2757161138043,309.43790746412395,313.36291992659454,2138252
2018-06-11,311.2178649902344,315.73618931338154,310.6701817175209,313.773683121126,1886702
2018-06-12,311.5830383300781,315.37113759534003,308.9815631722796,311.62866700485216,4463946
2018-06-13,313.089111328125,315.37110193547284,309.5292115519285,312.1763150851859,3827972
2018-06-14,309.48358154296875,313.86502059828285,307.429789820384,312.17634183289096,2262462
2018-06-15,303.5503845214844,311.76555084527376,302.7288734603717,306.79082795188884,4407383
2018-06-18,298.6213073730469,303.0027463767218,294.05732582109346,302.86580464509706,3093377
2018-06-19,298.9407653808594,302.4550364382821,294.83318234509187,296.8869738629756,3902633
2018-06-20,305.9236755371094,306.8364718405806,297.6172236042549,297.6172236042549,4389564
2018-06-21,303.82421875,308.02308681374643,302.6375669839797,307.6123173839069,3111133
2018-06-22,307.5667419433594,308.8446512648694,302.91147497697693,303.41350182803427,3641907
2018-06-25,303.1396484375,308.93591035384486,301.2227706891211,307.4754307428737,2725937
2018-06-26,294.69622802734375,301.4052849693762,293.5095763772217,300.9032303979039,3431872
2018-06-27,290.54302978515625,296.20237757158304,289.1738354358269,296.1567489024709,3615558
2018-06-28,294.2855224609375,296.1111150665963,286.52675388688743,290.08665389665566,4474045
2018-06-29,298.3017883300781,299.67098263610296,294.6049748463428,296.6587663053801,4176390
2018-07-02,286.0703430175781,300.0817712143669,284.33603569057124,298.4843777554311,3579844
2018-07-03,284.5185852050781,287.3482311253208,279.31563574956436,286.0703220232226,5355915
2018-07-04,284.9293212890625,287.8046236774637,281.59762081182527,285.24880552251346,3838343
2018-07-05,283.3775939941406,285.7052131826495,281.1412321413932,284.7924169743983,4048889
2018-07-06,284.5765686035156,288.58859213071617,277.33651284513917,283.1470102662898,5087790
2018-07-09,288.496337890625,289.8336883636119,286.00613693098006,287.7585068240156,1833981
2018-07-10,292.7850646972656,293.47679186714754,287.7585026708768,287.7585026708768,4072677
2018-07-11,289.0036315917969,291.770540409054,286.3750625861122,291.770540409054,4560851
2018-07-12,292.4623107910156,295.7826074912063,288.40418288920756,290.4332327668835,3468456
2018-07-13,291.6783752441406,295.3214839958921,289.833768918486,293.2924057790884,3079114
2018-07-16,283.74652099609375,293.7535144813425,282.68587814295597,291.63222877506695,2316253
2018-07-17,283.51593017578125,285.54500798859533,278.71997157183023,281.3024086549998,4813085
2018-07-18,273.1861572265625,286.51341856028836,270.7420317829474,285.63724760660216,4530592
2018-07-19,280.0111999511719,286.1445093490237,271.6182369163174,273.9239944453184,6510032
2018-07-20,280.5184631347656,283.37760817937334,276.32199557409245,280.84127482707623,4643889
2018-07-23,282.8241882324219,283.9309630084787,276.690879369032,282.2246969564127,3849111
2018-07-24,293.5229187011719,295.09084500073334,281.34850830086106,283.14701034174317,4677454
2018-07-25,292.4623107910156,301.96202120750655,286.4673408018917,296.9815902304486,8497446
2018-07-26,288.0352478027344,294.86031328196765,284.99165882147616,292.1856117661539,6607347
2018-07-27,298.1344299316406,300.762998980282,289.6031276056772,289.69536353038353,6865156
2018-07-30,302.3770751953125,303.3454821860643,295.92095353308235,298.1344753308413,4368955
2018-07-31,304.7289123535156,306.9885660123937,299.7484816719495,300.2557370746587,4863789
2018-08-01,302.1003112792969,306.48125016513086,299.37953454333405,305.2361637357919,3557767
2018-08-02,306.250732421875,308.83319798406103,296.84325771046986,300.670809937748,4410584
2018-08-03,311.0928039550781,312.0151069945494,306.6657606241981,307.0346762106956,4714989
2018-08-06,310.7699890136719,314.9664561607466,309.70931810826744,312.1995473218528,2536638
2018-08-07,314.044189453125,315.9810314931402,309.43267418949614,311.7384318213106,4702630
2018-08-08,316.11932373046875,318.19450528668625,313.16794314749,315.75040819420923,3791524
2018-08-09,316.3038330078125,318.6556944579653,314.55143474688583,316.5344087635708,3272046
2018-08-10,313.4907531738281,317.73335218497874,311.1849959010779,315.98098228697876,3088207
2018-08-13,315.5198669433594,319.4396547556505,309.8477090325113,310.77001204716805,3893115
2018-08-14,314.5975646972656,323.72835893538297,311.9228915775177,315.9348871839124,6297575
2018-08-16,302.6537170410156,310.9083399646868,301.45473442645533,309.8938010581225,6092650
2018-08-17,308.0491638183594,309.70929775400987,304.26771635776606,304.26771635776606,3729105
2018-08-20,315.0125732421875,315.65819659021565,308.0491969645932,308.14143289237626,2968742
2018-08-21,315.3353576660156,317.5488790092576,311.7844858516218,316.53436833067445,2781769
2018-08-23,313.2141418457031,316.626646465487,310.5855723524047,316.2577308507073,3317106
2018-08-24,327.2331237792969,328.80105028467875,309.9399409101868,309.9399409101868,8301916
2018-08-27,327.9709167480469,336.3177467313809,325.2501119354724,331.1067409775975,7420600
2018-08-28,337.74737548828125,340.3298126727447,325.66520035760027,330.0461396806234,6122883
2018-08-29,367.9989013671875,376.9452518319389,341.25211404977284,342.5433326358055,44445933
2018-08-30,366.98431396484375,377.0374098273256,362.60337524136514,367.07654988304915,27089981
2018-08-31,365.5547790527344,371.9647676531762,362.0961429978891,367.99887623553457,8642458
2018-09-03,366.154296875,371.2269634563917,362.55732074657675,368.27558255045477,5615281
2018-09-04,360.48211669921875,368.55226758027766,356.4700932033447,368.55226758027766,6611358
2018-09-05,367.3994140625,370.5352387047615,356.9312691443502,356.9312691443502,7677886
2018-09-06,367.8143615722656,372.70258351530924,365.2780287606186,372.6103476019596,5215140
2018-09-07,375.00836181640625,378.0519501038601,364.30964263135974,367.7682784791258,7367573
2018-09-10,370.0279846191406,382.7096512036563,367.99890670703627,379.4354585794177,8882946
2018-09-11,364.494140625,372.5181594797596,361.86557156277854,372.5181594797596,7125022
2018-09-12,368.69061279296875,369.75125558071863,357.8996567697153,364.40190960553065,6287959
2018-09-14,376.3918762207031,380.31166414036375,370.95029391446525,370.95029391446525,6622300
2018-09-17,379.8504638671875,384.0469309016321,371.8264171911741,375.3772890684088,6327429
2018-09-18,375.515625,383.40133178564895,373.2559997534196,380.680526936607,5226145
2018-09-19,384.6464538574219,390.825895199392,378.2364649125254,378.2364649125254,8654507
2018-09-21,376.2995910644531,394.33060187771093,359.05251521541845,387.59780182557944,10218645
2018-09-24,369.3362121582031,381.83340535009063,366.2464917754762,381.83340535009063,7568416
2018-09-25,372.2875671386719,375.37728754257546,358.775835022265,367.07656128242024,6963000
2018-09-26,376.3918762207031,379.75827668712066,369.84351900797907,375.37733724749995,3317487
2018-09-27,369.1978759765625,380.44998372344963,365.0475125177613,378.0058864270018,25412558
2018-09-28,351.9969482421875,376.25353498940774,345.1258075083062,372.4720869105607,13200294
2018-10-01,351.2590637207031,356.7928810990633,342.2666104808678,345.8635861475118,8910012
2018-10-03,353.6109313964844,357.39237897101634,347.3853867305376,350.4751071199644,7436585
2018-10-04,348.2616271972656,356.4701184746351,344.2957073095457,348.53830684564986,7084897
2018-10-05,338.1162414550781,349.691131341107,332.3979523401972,345.86358001819565,7170165
2018-10-08,347.0164794921875,352.1352495257839,329.35438390612796,337.56287440303157,7787200
2018-10-09,342.54327392578125,352.1352179663156,335.4876627306331,350.0139326632996,7572243
2018-10-10,347.52374267578125,353.0114565243555,342.54331234104427,343.0966997441156,4070161
2018-10-11,333.5970153808594,343.7884525479097,327.27923403070145,341.25211922931345,6973280
2018-10-12,350.198486328125,351.6280448255547,335.1188255305772,336.6406199641376,4970667
2018-10-15,347.52374267578125,351.48966227574874,343.6500871471869,351.0746146868321,2563605
2018-10-16,344.5723876953125,355.271107542927,340.42202442096266,347.7082120955308,5508232
2018-10-17,333.5508728027344,349.04558002009094,331.24511531322776,347.61599348872465,4061725
2018-10-19,335.2571105957031,341.6671271325234,327.0486202571756,329.9538688187422,6479303
2018-10-22,327.509765625,340.1914305079654,325.84960351608675,338.4851645126035,5271275
2018-10-23,320.50030517578125,328.2015411596558,316.5805172707537,326.3108030470048,4807256
2018-10-24,324.60455322265625,326.6336029417478,318.7017914852343,323.77445800264417,3260414
2018-10-25,325.94189453125,327.60205692078995,316.81109990137486,321.88376671202275,4891650
2018-10-26,311.2311706542969,328.2937768146783,307.17301478006925,328.15540884215994,7853276
2018-10-29,313.5830383300781,314.7359171474681,303.6221766064108,311.7384322222542,4778923
2018-10-30,309.70928955078125,315.24310671831,307.68024014389044,312.01504670391824,3197919
2018-10-31,313.02960205078125,315.3353593259733,301.1319001400805,310.7699768089637,4571617
2018-11-01,316.11932373046875,319.57795965749796,311.78448877667836,314.13637809492894,3486300
2018-11-02,325.3884582519531,329.2621417666114,318.286742670348,319.3012815095634,4287077
2018-11-05,326.1723937988281,331.9367865499259,319.6240380042912,324.5583638285207,3683598
2018-11-06,323.4977722167969,331.4756874133802,320.59252344128953,328.33986289146026,3180370
2018-11-07,323.4977722167969,323.4977722167969,323.4977722167969,323.4977722167969,0
2018-11-09,320.50030517578125,324.6506688399281,315.8887899933959,324.6506688399281,3642253
2018-11-12,317.7795104980469,326.8180974431399,316.3960558974521,319.5319088426317,3905755
2018-11-13,321.05364990234375,321.8837168954199,315.7965120354427,317.27220232671766,2384372
2018-11-14,313.2141418457031,326.26472522542883,311.04672390749363,323.7283916724396,3540077
2018-11-15,317.82562255859375,319.02460521181735,311.7845209612409,313.5830230875305,3192589
2018-11-16,309.0637512207031,317.50281832242206,306.38907806093084,317.3644784971063,3306643
2018-11-19,310.4932556152344,313.16792830945286,307.31132760099945,310.5393876466131,3202842
2018-11-20,302.7459411621094,308.27975882234597,301.5930624828934,308.04918308650275,3954871
2018-11-21,300.71685791015625,303.8065783430511,297.53492970177774,301.59305694886353,4004112
2018-11-22,295.0447082519531,302.2847920430684,293.430678088489,300.6707618796043,3648659
2018-11-26,292.9234313964844,298.3650133365465,287.5279533467338,295.7364442203651,4603622
2018-11-27,287.0207214355469,292.18559601668267,276.22976445373047,288.81919550154595,16785515
2018-11-28,284.8532409667969,290.29482215470404,282.40914404259996,288.1274048270391,7306426
2018-11-29,292.7850646972656,294.67577436969594,284.7149143819766,288.357993922151,6047477
2018-11-30,289.83367919921875,297.71935754176303,289.0958481559392,293.8457023448703,5161526
2018-12-03,290.4331970214844,299.748462564312,289.141978504344,295.183051645136,6549046
2018-12-04,288.95751953125,293.6612704750258,287.2051494551444,289.8798225340902,4089384
2018-12-05,280.7029113769531,286.83622042885844,278.7660695325481,285.91391746928014,4291892
2018-12-06,281.67132568359375,283.7004035069699,271.341549150692,275.7685922152994,7026331
2018-12-07,278.9043884277344,284.25376207992593,275.07683706186356,282.31692038079535,4667020
2018-12-10,271.2492980957031,276.41420014733933,269.63526796372,271.61821363943744,3612157
2018-12-11,277.56707763671875,279.5961271918845,264.05531721479014,265.5310075299253,4328659
2018-12-12,278.9505920410156,283.6082115741379,276.1836826598045,279.82676312385786,7403789
2018-12-13,274.89239501953125,282.87033840334624,272.5405336526834,281.9480354129818,5434548
2018-12-14,270.3269958496094,277.47484359511424,268.5284938679661,273.923971666444,5963531
2018-12-17,276.55255126953125,277.15204257092654,271.203177154001,271.98714030803467,4379498
2018-12-18,281.71746826171875,282.87034703485324,274.9385354463972,275.8608384649048,6638364
2018-12-19,286.8362121582031,288.0813267470227,280.74900717121454,284.06930335924943,5813820
2018-12-20,284.7149353027344,286.65174900355964,282.4091779003684,284.9916149324372,5637742
2018-12-21,284.0693054199219,288.40414049497554,282.0863597289109,284.99160835959697,6808600
2018-12-24,269.4969177246094,284.53044368504436,268.39014298978253,284.06929223660836,7202626
2018-12-26,273.2783203125,273.9239435592664,265.7154539101809,267.97507898096535,5649890
2018-12-27,270.18865966796875,277.29037547425094,269.4046965334795,276.22973271415486,5160751
2018-12-28,274.9385070800781,277.24426438845444,271.52597500510063,271.52597500510063,3519635
2018-12-31,282.9164123535156,283.9770550508972,276.78310374596504,276.78310374596504,7167399
2019-01-01,280.333984375,284.89936695061414,278.99663387964097,284.89936695061414,3622654
2019-01-02,266.26885986328125,274.8001617323269,264.3320181339915,273.0477636961189,8855139
2019-01-03,260.6889343261719,268.02125435052693,258.5215166717783,265.1621094540792,10003388
2019-01-04,265.5771484375,266.9606028767026,258.89045198135426,259.99719864484473,6070751
2019-01-07,267.32952880859375,272.3099593537665,265.7616024580516,269.5891542591355,7041362
2019-01-08,271.0648193359375,272.8633212671351,265.7154737221181,267.560079540187,4528899
2019-01-09,268.1595458984375,273.7394667213217,264.285862781652,272.0793328978128,5848215
2019-01-10,266.822265625,269.9581185652694,265.30047119601977,267.4678890295157,4352095
2019-01-11,266.361083984375,271.29541045698204,264.1936945423233,267.23728305625525,4483554
2019-01-14,261.841796875,266.0382921052258,260.13553082079613,266.0382921052258,3756403
2019-01-15,269.4046936035156,270.234760617761,260.366107930477,262.85633711966517,6557577
2019-01-16,264.19366455078125,270.4653127175356,263.1791257791579,269.3585380309557,3752082
2019-01-17,266.5455627441406,267.97512111273375,263.594181932683,265.1621082662299,4817690
2019-01-18,263.4097595214844,269.17415364552573,261.2423417015537,265.94609293606254,4210472
2019-01-21,262.4874267578125,266.4994502434244,261.8879354660435,263.68640934135055,2854706
2019-01-22,256.4002380371094,262.4874435622453,253.21828137842684,261.93405612424124,5006219
2019-01-23,259.0748596191406,262.764070943433,255.66235603203944,256.40018703831845,4489030
2019-01-24,261.6112060546875,262.3029332140846,255.01674609772533,259.6282604937059,3705336
2019-01-25,253.3104705810547,263.3174620719219,252.0192522282055,262.48739514126527,5191436
2019-01-28,246.94659423828125,252.94156291259995,242.61175947673237,252.71098719435693,4518237
2019-01-29,249.8980255126953,251.78873552822606,244.64088680901818,246.7621725896847,4113613
2019-01-30,248.00726318359375,252.20375858800932,241.82785016798348,250.40525653662365,6941276
2019-01-31,253.26437377929688,254.4172523670154,245.88595081789828,249.94407781737752,4666551
2019-02-01,253.5872344970703,258.2448536343942,245.9321023050347,252.9416111044022,6496209
2019-02-04,252.24989318847656,254.97069854177943,246.85441452389244,254.0483954588234,4804512
2019-02-05,252.29595947265625,256.07740717834247,249.62128656010574,250.8664011657704,4726380
2019-02-06,257.5992126464844,260.9195090242829,250.4052606166321,253.07993364586162,5746435
2019-02-07,251.8809356689453,259.53603872500815,250.86639681723236,256.40021439408304,6252085
2019-02-08,242.4273223876953,251.7886911738429,240.1215651425136,250.4974727458313,5765740
2019-02-11,241.27444458007812,245.33257171601528,236.662930074138,243.48796591363921,5228180
2019-02-12,250.63583374023438,253.17216692435818,237.49301633159283,241.2283321259939,12748459
2019-02-14,258.8443603515625,260.55062672222067,243.53412320514238,248.46845043784575,9767547
2019-02-15,246.1626434326172,258.1987134124996,244.82532108804227,258.1987134124996,10241930
2019-02-18,241.5511474609375,248.97570341859327,240.7210803991965,247.17720132944316,6612006
2019-02-19,246.11659240722656,250.63587205135417,240.7211135433429,242.1968041598733,8114832
2019-02-20,252.75711059570312,254.74008444286562,246.71603756986303,247.0388492296187,10302096
2019-02-21,255.52401733398438,257.32251931898816,252.15761724458548,254.55561050910657,8238650
2019-02-22,263.64031982421875,264.5164907918131,250.6819457054954,254.55562958824598,10779149
2019-02-25,265.43878173828125,270.9725995213986,264.1014593285662,264.1014593285662,12551599
2019-02-26,262.39520263671875,264.51648827115815,255.5701660884639,257.32253615340784,8622676
2019-02-27,261.9340515136719,268.80522010949585,260.0894455170967,265.0698760785589,7076524
2019-02-28,259.2593688964844,267.4678596495418,258.06035815501133,263.31749631015236,9337518
2019-03-01,260.1816711425781,262.9485800278665,258.8904526254007,262.30295669605147,7362711
2019-03-05,268.5746154785156,269.4046824584217,260.08941754815163,262.8102223590974,11469935
2019-03-06,267.4217529296875,271.1570686370247,264.47037221655387,269.9580860546937,6718322
2019-03-07,267.19122314453125,271.1571152725882,263.225302870017,267.8368184358773,7010707
2019-03-08,264.14752197265625,266.91443043217384,262.118472656879,265.80768393623583,5961633
2019-03-11,269.91192626953125,271.7565319889833,264.8392605410381,266.91444197542165,7863518
2019-03-12,269.12799072265625,274.84628029612304,267.51396055313205,271.20317236918737,8891811
2019-03-13,264.00921630859375,267.83676787644106,260.18166474074644,267.4678523301037,9122437
2019-03-14,264.6087341308594,267.28340729314885,261.93406096856984,264.1014787220726,5351600
2019-03-15,266.038330078125,268.6207673988275,263.13305290926485,265.0698949730197,7053371
2019-03-18,272.03326416015625,273.0016709912403,264.2858969256756,267.46785333601247,7431744
2019-03-19,266.08441162109375,273.69341126017184,265.02376881584627,273.0939199482018,7444759
2019-03-20,260.3661193847656,267.46786357269076,259.21324066246956,267.46786357269076,9165038
2019-03-22,263.5480651855469,267.05280510003723,261.01173209977173,262.6718661336983,7325504
2019-03-25,257.1380310058594,260.0894114726396,254.55559420726428,260.0894114726396,6778846
2019-03-26,259.489990234375,260.4583972584837,255.0168144421737,256.35416523399783,6247666
2019-03-27,265.162109375,266.77613960597824,259.62829144021737,261.01174592391305,6490731
2019-03-28,265.8537902832031,267.4678202328843,261.9340032625488,263.77860891932727,21745652
2019-04-01,269.5891418457031,276.6908858408663,267.9290077892389,274.33902456979996,7766553
2019-04-02,264.7931823730469,272.7710972551932,263.31749202487794,272.7710972551932,7105140
2019-04-03,267.3756103515625,271.61820940448825,266.0843918953985,267.46784627267095,6899752
2019-04-04,265.43878173828125,267.7445391479135,263.0408165494259,267.32951970205136,4338250
2019-04-05,271.38763427734375,272.771088657687,265.7154769472265,266.03828859859686,5310432
2019-04-08,267.8367919921875,275.44579192461583,266.5455733905209,273.9239975674211,5645872
2019-04-09,268.8974304199219,270.2347810385921,263.45584830816256,268.3440711329105,3725301
2019-04-10,266.1304626464844,270.92644848245504,264.9775841423037,267.6522847891611,5316890
2019-04-11,264.700927734375,267.19115678000327,262.9024258518157,265.6232306184669,3147541
2019-04-12,264.56256103515625,266.0382511289721,262.85629524375815,264.7009008244161,2486341
2019-04-15,269.4508361816406,270.97263061734355,264.8854528745318,265.6232840717041,4009776
2019-04-16,268.5746154785156,271.94101543096576,267.7906523849846,271.1570523374347,4394114
2019-04-18,275.9069519042969,277.889897833412,264.23982394575614,268.5746595413193,7668228
2019-04-22,268.6207580566406,278.9505632731088,266.77615199273237,275.49192690328084,6083105
2019-04-23,265.8999328613281,271.71045841363065,264.97762989872,270.28087193371647,3648863
2019-04-24,269.63525390625,270.2347451518702,264.1475404850295,266.7761093350801,4200919
2019-04-25,264.3320617675781,271.61825028864456,263.317522775579,268.8513411176227,4132700
2019-04-26,271.1570739746094,275.76858883812315,263.87088611954823,266.08440762474424,11729751
2019-04-30,284.39215087890625,285.8217093467288,268.251847516272,271.6182480169018,12707875
2019-05-02,282.8241882324219,289.60312040625354,279.9189396283374,285.0377096380838,10375665
2019-05-03,284.8532409667969,286.32893115668253,281.3946052779005,284.06927791469053,5705828
2019-05-06,273.64727783203125,278.9043874000716,272.0793516655479,277.61316898755905,7433027
2019-05-07,265.7154846191406,278.71996179913185,264.70094574830614,277.6131870043211,6762525
2019-05-08,266.7761535644531,270.0503180885982,262.8563656555545,264.19371631834895,7900967
2019-05-09,263.2713928222656,267.92901154055124,258.56764206782253,265.62325412626075,7620385
2019-05-10,265.02374267578125,266.82221643430256,261.0117194506942,263.7786281374507,7076251
2019-05-13,255.38568115234375,264.6087106496942,252.20375286362923,263.77864362422315,4291656
2019-05-14,259.1671142578125,260.96561616693634,251.28143574093266,253.6332968715247,5277444
2019-05-15,247.63833618164062,259.8127460904919,246.20877790174254,259.16712278227567,6212125
2019-05-16,254.509521484375,255.89297597011043,247.63835294664096,249.0218074323764,4697435
2019-05-17,254.9245147705078,256.1235254229214,250.45134009657576,254.04834390736588,3064045
2019-05-20,263.3174743652344,270.83423726861207,258.98263953566783,261.1039530646591,5009313
2019-05-21,257.69146728515625,264.2398245883649,255.93909711438488,262.7180301807597,4196280
2019-05-22,255.43177795410156,259.3976688323366,251.1430473122482,258.61370580390917,5052534
2019-05-23,254.509521484375,267.37563131384235,253.17217088958267,261.93404929924037,5355880
2019-05-24,265.62322998046875,268.8512900670369,252.29594207877136,258.19870303994196,9795647
2019-05-27,265.3927001953125,266.8222586510753,255.52404639254334,259.167154665101,9081309
2019-05-28,270.18865966796875,274.3851268195695,264.4703701361733,265.392673083466,10338894
2019-05-29,258.7520751953125,272.7249870718625,257.9681402236633,269.31245497963573,7940056
2019-05-30,255.10902404785156,261.24233357576753,253.72556950111317,259.1671517556599,7941828
2019-05-31,250.58970642089844,258.0603373112271,248.65286472300008,256.63077909059643,7316925
2019-06-03,253.21826171875,254.64784816813963,248.2378314562991,251.7887034158125,6265379
2019-06-04,252.89547729492188,254.55561132760806,251.23531511578366,252.7110054484225,4512003
2019-06-06,245.9782257080078,253.54109355386333,244.6869789680127,253.54109355386333,5090763
2019-06-07,242.0122833251953,249.0217912260333,241.2744522394026,246.25488243463292,5599533
2019-06-10,246.11659240722656,247.08499942151911,241.9662283806172,243.85693851193406,3704937
2019-06-11,252.11155700683594,253.17219993830616,244.68700019363084,247.17722981226248,4208927
2019-06-12,250.17465209960938,255.75457317357376,249.25234923472604,253.12603252581602,7380929
2019-06-13,253.03384399414062,253.63333533928795,245.00979630846115,250.86642622649572,5646873
2019-06-14,250.17465209960938,254.00220335958534,246.8082522720751,250.95861516405017,4349503
2019-06-17,239.98326110839844,249.94412263374426,238.8764862071578,249.94412263374426,8505525
2019-06-18,243.07293701171875,244.4102875796983,235.0950219332192,240.72107569170285,6059478
2019-06-19,240.3060302734375,246.85438706326292,236.1095629713944,243.4879868142505,7432697
2019-06-20,248.330078125,249.021805362117,238.1847453139508,240.7210785167131,5160169
2019-06-21,246.39324951171875,248.05341185814984,243.71857634666597,245.28650276055288,6144176
2019-06-24,237.76968383789062,247.63833643678257,237.1240886754609,246.254882043281,5807872
2019-06-25,246.30101013183594,247.45388890636514,233.0198522785505,234.63388256289136,9616552
2019-06-26,255.6162872314453,256.2157785906423,242.88851627289546,243.11909203769858,6924967
2019-06-27,255.80068969726562,258.98261750034516,254.14052775324987,255.43177420296703,7806500
2019-06-28,255.10902404785156,257.0919699355523,251.8809634387953,255.47793963102419,4088477
2019-07-01,254.3250732421875,259.904995594177,252.57270302683628,256.90751059676234,3935030
2019-07-02,254.6939697265625,255.66240477168154,250.95865380719297,254.27895026132924,3233802
2019-07-03,255.84681701660156,258.0603383316162,252.48041708476154,254.55559859504726,3416371
2019-07-04,253.67942810058594,256.40023320068553,252.52654935418,255.47793020356076,3266606
2019-07-05,245.9320831298828,257.0458508879893,244.45639273773946,254.32504584789828,4112441
2019-07-08,245.65106201171875,250.28776651363754,241.5763866291217,245.51056187838543,3816891
2019-07-09,245.74478149414062,248.695399156768,244.0118699824409,245.41692873473903,3210950
2019-07-10,238.76629638671875,247.61817739695698,236.04985535577524,246.8219717708205,6051189
2019-07-11,250.3814239501953,251.13080566710022,241.52957217405097,242.8877782970837,11021639
2019-07-12,250.94345092773438,253.7067441728899,245.13589274823957,250.3814217913989,7690461
2019-07-15,253.80044555664062,255.4865045463812,247.0093285705315,250.47512284632984,4909761
2019-07-16,256.5636901855469,257.59407219151086,251.97383788915064,252.86371975475365,3794706
2019-07-17,254.69029235839844,257.59408595361936,251.78649876317755,254.78396865230715,3290727
2019-07-18,249.25743103027344,253.61310749160077,248.13337258206272,252.91057810796752,3627824
2019-07-19,242.6536102294922,252.16119634819188,241.85743322021358,250.38143257547588,3828583
2019-07-22,247.66497802734375,248.69536000066483,240.07765624232906,243.44980243411214,3426665
2019-07-23,246.63461303710938,249.16373000159714,243.35614290550942,249.16373000159714,3534413
2019-07-24,239.09414672851562,247.14982203186565,231.13214771894704,246.3536164137105,10491930
2019-07-25,232.911865234375,241.5763929090263,232.11567396979842,238.6726138316967,6895024
2019-07-26,233.89540100097656,237.31438524392343,231.45997485496727,233.19287175430182,5386836
2019-07-29,226.1207733154297,230.66380214078163,221.85877338032182,230.28912553978185,7935024
2019-07-30,215.67649841308594,232.30302543515882,206.0752644989312,227.66633484253194,8938349
2019-07-31,222.4207763671875,223.21698196790604,211.7891747336241,213.89676266058987,5983362
2019-08-01,210.9929656982422,220.87521400907855,208.60436322796497,220.21952285662866,7768510
2019-08-02,210.8992919921875,215.8638352809875,204.01451336761167,208.88538036505884,11444553
2019-08-05,203.92083740234375,207.24614564875333,198.81579396134643,206.82463092298207,7681043
2019-08-06,203.78033447265625,207.4334811034004,200.59552641403778,201.0170554270426,6703116
2019-08-07,198.81578063964844,204.01450002380705,197.2702219843825,203.92082373858116,7073513
2019-08-08,207.6676483154297,208.74486843317555,195.5373125059922,199.79932624795524,8752577
2019-08-09,206.6372833251953,213.99041450108834,205.4195630554885,207.66765102033594,9077239
2019-08-13,206.2157745361328,210.24361230315503,202.74996596190294,203.8271861992556,6628569
2019-08-14,213.334716796875,215.34862827446668,206.7777770929096,208.51068830329814,6940915
2019-08-16,212.77268981933594,214.45876290450653,207.57398472180208,212.0233367085885,6083438
2019-08-19,211.88284301757812,216.2385334383103,210.52462250517615,213.84993085829535,4394801
2019-08-20,210.6182861328125,211.78916827877435,207.62081640475427,210.80562441756743,5107078
2019-08-21,205.13856506347656,211.69550549929545,203.92084469536817,209.35374105793156,5016435
2019-08-22,203.26513671875,206.44993037871228,199.330975640857,201.3917253204205,6938275
2019-08-23,206.68411254882812,209.44740587257283,200.22084876212594,200.92337805602813,4978377
2019-08-26,200.54869079589844,210.75877693931648,193.24238367006993,208.0891600475541,13555325
2019-08-27,199.8930206298828,203.73352029283149,199.33100570142483,203.63984399159006,12287346
2019-08-28,192.72720336914062,200.68920205024727,189.96392433253203,200.45502561845,9056214
2019-08-29,198.53480529785156,200.97024626490548,188.98040833009668,190.90065821262027,18785875
2019-08-30,203.68666076660156,205.09171937978988,197.87908802402222,201.39173455699304,10442126
2019-09-03,196.84869384765625,201.86007497609347,196.05250259176066,200.45501644957773,5563093
2019-09-04,201.20440673828125,202.37528897687343,194.36645160630366,195.63101014118163,8097106
2019-09-05,202.5626220703125,208.2296948180464,199.9866812116149,203.35882768929005,10360712
2019-09-06,204.15501403808594,205.46641065543102,198.81579415609724,203.63982302030735,8494436
2019-09-09,205.60690307617188,210.29043162004822,200.31452153878953,204.20184451300898,9829589
2019-09-11,213.28790283203125,214.458785054751,206.21577134820475,206.4499477927487,11404495
2019-09-12,207.9955291748047,217.5499256335902,207.1993235144907,213.56892591801318,9281462
2019-09-13,211.88284301757812,213.19423967572155,205.23224060433557,207.9955197763939,8639132
2019-09-16,211.3676300048828,213.10054122212864,208.4170128436203,208.4170128436203,5494139
2019-09-17,202.5157928466797,214.5056300486072,201.20441043257668,210.19677761427508,9403320
2019-09-18,207.3866424560547,209.400568346994,203.49931940216422,203.78033397915516,9790812
2019-09-19,205.6537322998047,207.57398177810052,201.6258950681829,206.21574712489507,9020768
2019-09-20,223.02964782714844,224.99672135311877,204.43603271943144,206.68412083282487,23899821
2019-09-23,228.2751922607422,236.93972059415995,222.37394307776123,236.93972059415995,13040988
2019-09-24,218.5802764892578,226.68277491681394,217.78407094280678,226.63593677414133,9073501
2019-09-25,219.56382751464844,220.82838602563086,213.84993087408813,218.7207980359907,7594921
2019-09-26,220.54736328125,222.74862748402316,216.61320203797024,221.06255429604747,8069927
2019-09-27,217.50308227539062,221.53092004387855,216.0043615823925,218.81447896138462,7000789
2019-09-30,215.39547729492188,216.3790211587881,208.41702254472014,213.56890400088176,6783701
2019-10-01,208.55752563476562,217.08155351815668,206.4499377365311,214.59928904410074,6026952
2019-10-03,207.52716064453125,211.4144837687306,204.4828669735573,206.96513148038406,5324110
2019-10-04,201.06387329101562,209.72840103770082,199.00312360445702,208.2296804897467,6600815
2019-10-07,194.8347930908203,202.14110069032512,193.89808735480676,201.2980569521158,7420654
2019-10-09,199.3309783935547,200.22084596145106,192.9145385484693,194.17909697700273,5958422
2019-10-10,200.22085571289062,201.29806161707168,195.86517965668563,197.92592946507298,6693227
2019-10-11,203.49932861328125,206.91829895794015,199.33099079372573,201.39174062994462,8965423
2019-10-14,207.43348693847656,210.75879523297368,204.5297076688418,204.95122240070864,7515730
2019-10-15,205.74740600585938,212.53852248658856,200.689200827066,207.01196444705525,14900735
2019-10-16,206.35626220703125,209.49421762949729,204.62335099825572,208.18283540712258,7753169
2019-10-17,208.83853149414062,210.4777664576629,200.78287110634213,204.48285573683637,10798747
2019-10-18,209.21322631835938,210.9461233083209,206.35627104053702,208.04234417933338,9026105
2019-10-22,205.79425048828125,211.60182328171064,205.32589761311766,208.88538232296003,8305579
2019-10-23,208.6043701171875,210.571457932496,202.0942679368027,204.76388507286487,8030559
2019-10-24,208.744873046875,210.85246089292292,201.57906579451526,201.57906579451526,15890442
2019-10-25,203.5929718017578,209.96255857014665,202.4220897791873,208.41700001755095,8612440
2019-10-27,205.46641540527344,207.38665079039163,204.2018569044923,204.2018569044923,756932
2019-10-29,219.42332458496094,221.4372362545617,205.70059089908693,205.70059089908693,13887709
2019-10-30,219.56382751464844,221.95243009483977,216.61321004635053,221.95243009483977,5246865
2019-10-31,213.56890869140625,221.53090748034026,212.67904109712444,220.78154002984152,6994856
2019-11-01,222.56126403808594,224.34099902294946,213.10053143098537,213.2878696989194,9208037
2019-11-04,234.36376953125,238.71945972820131,223.59165369398676,223.59165369398676,17613567
2019-11-05,230.47645568847656,238.06376378783466,228.79038245762067,237.3144106123393,10394354
2019-11-06,232.53720092773438,235.39415630528447,228.8372160978559,230.38277485812304,7121343
2019-11-07,236.65870666503906,238.67263264286225,227.7131780113677,234.3637803910972,12103874
2019-11-08,234.1764373779297,240.26502474975584,232.7713787536621,236.7523781890869,7150985
2019-11-11,235.9561767578125,237.2207352592159,232.3498681342102,233.33341204719108,5599046
2019-11-13,233.00555419921875,238.57895052649044,231.6941718726826,235.58149499941112,6493201
2019-11-14,230.1954345703125,233.89541936808266,228.79037596662798,232.30302247583927,4522524
2019-11-15,229.2587127685547,234.17641753682807,226.8701104510802,230.42959485623882,5246862
2019-11-18,233.8017578125,235.25364027132383,229.3055674136067,230.33593514912698,4846338
2019-11-19,232.20936584472656,234.9726594336525,230.9916597195009,233.6144245673683,4461546
2019-11-20,232.95872497558594,236.33087150582438,230.38278407673587,232.0220191941859,4799567
2019-11-21,229.72706604003906,233.19287416756924,228.69668408372192,232.30300663783765,3840421
2019-11-22,235.34732055664062,236.98655562519434,228.83721842869784,229.49290959752022,4927891
2019-11-25,243.68397521972656,244.48018075932052,236.33084425927535,236.89285908752322,11369913
2019-11-26,237.22073364257812,246.1662622132621,235.20682197643367,244.71437972013243,12880492
2019-11-27,236.93971252441406,241.5764030484832,235.95616864524905,238.01693269416438,4739906
2019-11-28,247.2434844970703,248.1333377732451,236.28401621541815,237.54857464576105,9945852
2019-11-29,244.99537658691406,252.44219870672202,243.59031796702507,245.97893477243082,12038238
2019-12-02,251.13079833984375,252.39535672410815,246.5877700779991,250.56876921506083,10547869
2019-12-03,240.967529296875,250.56876224262027,238.39158875045555,250.33458582930942,9848751
2019-12-04,243.3561553955078,247.29033118974158,232.068861940373,237.92327319013015,15220113
2019-12-05,235.53465270996094,245.2295484297876,234.2701085515462,244.24601884868565,6962695
2019-12-06,238.01693725585938,240.45237792780185,234.2701142485605,236.89287891927333,7854850
2019-12-09,242.46629333496094,243.0751463658853,235.90935297056325,236.98655888465888,6291970
2019-12-10,235.11314392089844,242.7472900879844,234.4574527526265,240.0776729756684,5357914
2019-12-11,234.12960815429688,238.67263692975712,230.94481420178593,235.30049038580765,6247501
2019-12-12,239.42201232910156,241.34224781784368,234.36379234600997,236.04986567370716,6112551
2019-12-13,241.29541015625,247.66499790735642,239.37516048437428,246.35361555695113,12372614
2019-12-16,237.08021545410156,243.73083155901972,236.19033361571522,242.79412587060838,5733217
2019-12-17,242.5599822998047,245.04224699308432,237.50176232152296,238.25112983234206,11197549
2019-12-18,247.66497802734375,249.49156555213972,240.07765624232906,241.57639105934254,13485427
2019-12-19,248.08653259277344,250.28779690222254,245.69791569214027,246.63462147607675,7841049
2019-12-20,247.94602966308594,249.86626506423448,246.11944197048777,247.75867707400195,7162934
2019-12-23,247.00929260253906,253.47255590339302,245.79155809971917,247.66496940929935,8467465
2019-12-24,249.86622619628906,250.84975567100798,246.30675624531975,247.0092854661153,5683009
2019-12-26,252.11434936523438,254.78396649608646,249.81943740684596,250.10043770020252,11054938
2019-12-27,251.8801727294922,254.12826083256937,248.3207022817859,253.00423107402636,7560504
2019-12-30,253.9409637451172,256.18905208644657,249.72578738537675,252.4422286555662,6645670
2019-12-31,252.95736694335938,255.7206602374642,251.1776318017618,252.91054309199754,5377354
2020-01-01,251.13079833984375,256.18900329091264,249.0232105613993,253.56623882324396,6952048
2020-01-02,258.95233154296875,259.467508301951,254.36245022406794,254.78397927122987,10780926
2020-01-03,255.20547485351562,258.9522975867749,253.6130637574849,258.9522975867749,5943349
2020-01-06,247.52450561523438,253.61309326518338,245.6979178858528,253.37891681710843,4529599
2020-01-07,248.46121215820312,253.05106483714113,246.44730041587232,249.30424165662157,4465297
2020-01-08,245.88525390625,247.75866536458332,240.73337239583333,244.8548718869686,8088132
2020-01-09,260.4978332519531,261.5282151298416,250.75610072261512,250.75610072261512,13317832
2020-01-10,260.3105163574219,262.2776041054105,257.59407546067104,260.4041926475147,7625227
2020-01-13,260.9662170410156,262.183923032036,257.96874732867207,260.45101174789954,4540953
2020-01-14,263.12060546875,266.0243986358457,260.404164861849,260.404164861849,7428691
2020-01-15,264.619384765625,265.4624142565295,258.76497359824396,262.13712014785386,5538475
2020-01-16,259.8890380859375,264.94724373625854,258.67130338290195,264.61939098598003,4791447
2020-01-17,256.0485534667969,261.8561126680355,255.58020053511663,259.28017154379404,4733742
2020-01-20,254.17510986328125,257.5940801185659,251.64599291499357,256.18902149973735,3823115
2020-01-21,250.33462524414062,253.75359569959363,247.61818413923245,252.91056619613835,4799667
2020-01-22,249.02320861816406,252.25482603496792,247.9928266617673,251.31812036296878,3334351
2020-01-23,249.77256774902344,251.92700799820673,247.38397966217832,249.16371476472852,3529142
2020-01-24,254.69029235839844,256.5637038926066,248.50802857831331,249.81943952105215,5991335
2020-01-27,246.16624450683594,249.0700378702203,241.95106889140388,248.64853746027057,17151836
2020-01-28,239.09414672851562,245.18273420642103,235.67517640042857,244.29285229448445,11168567
2020-01-29,244.71435546875,247.85232516994887,241.95106231709988,242.60676771830146,7832991
2020-01-30,240.68653869628906,245.51056728692836,239.09412758746174,244.7611855826612,5511254
2020-01-31,234.83212280273438,242.60678319220324,233.33340221595412,241.810577607386,6329214
2020-02-03,235.5814971923828,236.98655582374892,228.3220275969913,229.96126266691843,7021154
2020-02-04,241.99795532226562,243.2625139017319,232.95873554581394,237.2207499031671,5839343
2020-02-05,252.20799255371094,254.4560803634546,240.1244955635997,243.07511260051248,7218905
2020-02-06,258.95233154296875,259.9358612050231,250.8029795951169,253.94094976289858,8567243
2020-02-07,261.6218566894531,262.2775620289197,255.48644658352802,257.9687106498189,5258442
2020-02-10,260.3105163574219,262.0902515252248,255.90801658296093,258.5307811896189,4972983
2020-02-11,270.47381591796875,274.92316873393537,260.96625719683897,262.3244635364323,10958494
2020-02-12,275.1105041503906,276.7028868544888,270.23962256916644,270.38012272158795,9119052
2020-02-13,274.7826232910156,275.9535054180559,270.14591863354025,273.7054174513364,6220243
2020-02-14,270.8484802246094,277.9674501235743,270.05227456602904,273.14342090181276,6086218
2020-02-17,269.9117431640625,272.4876838526742,267.2421261877579,270.8484488690122,6084235
2020-02-18,266.7738037109375,270.84847970862137,263.30800935959167,270.70797955407903,5463097
2020-02-19,263.0738220214844,271.6446741258428,262.1839401028824,269.0219093962658,4952306
2020-02-20,263.9636535644531,267.75732878292155,259.4674776603305,262.93330016816736,6960354
2020-02-24,242.5599822998047,260.35739279002576,239.7966887103469,260.35739279002576,10565578
2020-02-25,245.9789581298828,249.9131054875528,242.04478218621932,247.29034058243948,9928181
2020-02-26,244.29283142089844,247.00930077849463,239.37514086347002,239.7966555634788,8111249
2020-02-27,236.1435089111328,242.60677242058378,232.58402444945202,242.60677242058378,10258174
2020-02-28,220.78152465820312,229.96124312844668,217.9245694918985,229.96124312844668,10723581
2020-03-02,220.12583923339844,230.89795477035196,216.23851630030438,226.87011740663127,10865535
2020-03-03,230.85113525390625,233.33341413198875,223.54482735461914,224.1068565364858,11580274
2020-03-04,230.05494689941406,233.052402557847,221.85877126690434,230.94481453805878,10790561
2020-03-05,231.50680541992188,236.75236299780295,228.88404092397585,232.95870209710276,7130730
2020-03-06,223.68531799316406,224.80936194428662,213.756232123427,220.12583357044733,6850161
2020-03-09,214.55245971679688,216.98788614572027,210.85247477976242,214.55245971679688,7888019
2020-03-11,209.35374450683594,214.0372734667204,206.16895053131293,212.63221477875504,10073347
2020-03-12,190.33860778808594,200.73604745301157,186.45128459689963,196.7082098218694,14115039
2020-03-13,201.2980499267578,204.15500518048967,164.11083636346265,176.10067222458665,12883941
2020-03-16,174.22727966308594,194.03860171402866,170.0589416910361,189.2145725373299,15167108
2020-03-17,165.28172302246094,181.2525585604143,164.0640027161692,176.94370648984204,14096871
2020-03-18,153.94760131835938,169.68424705524038,146.54761704892522,168.65387926863286,18951014
2020-03-19,152.96405029296875,158.0222555748251,142.09825798520916,147.8121687198577,12583063
2020-03-20,164.6260223388672,167.76399206650706,154.22858363184628,156.4298476847273,7449415
2020-03-23,135.2602996826172,153.8539138637094,127.48565367367196,148.18684142291596,7422941
2020-03-24,137.78941345214844,145.1893827254748,131.46665001087777,139.8033249792072,6487043
2020-03-25,142.1919403076172,146.12610172626356,133.527411839874,135.8223381430014,4384700
2020-03-26,140.3185272216797,147.48432064585364,135.35398378147622,141.44257128721736,8021131
2020-03-27,141.8640594482422,146.5475874213964,136.94635507643028,142.4729266605481,6108830
2020-03-30,133.38690185546875,139.0539748742832,127.86034328419304,139.0539748742832,11851157
2020-03-31,136.9932098388672,142.75394422771393,135.35397484934228,136.71219526777824,9965197
2020-04-01,133.9489288330078,136.7122080727119,130.2489437972687,136.7122080727119,5967565
2020-04-03,131.79449462890625,138.77294952639755,124.11351042711054,134.18309712214025,18559602
2020-04-07,148.0931854248047,149.73242049430698,136.24384906089085,138.67928973849246,16440328
2020-04-08,144.81471252441406,159.94250444587405,142.5197720364753,145.1893891016719,15245833
2020-04-09,155.77413940429688,159.2399471603651,147.99948030198638,148.93618587351796,15243084
2020-04-13,157.0386962890625,161.48804812043582,150.9501095724464,156.89819615895354,11554655
2020-04-15,160.55137634277344,163.87668495582383,155.35267033007153,159.2399938751183,17616485
2020-04-16,159.8488311767578,163.5488303388491,156.8045374767557,158.58428698486193,10428942
2020-04-17,166.07791137695312,168.46651359664494,159.56781009453346,163.92348556521162,10104852
2020-04-20,156.89820861816406,171.41714732611356,155.58682632303115,171.41714732611356,12629035
2020-04-21,149.4982452392578,153.9944214596601,146.87546624869273,153.61974487229176,10887919
2020-04-22,150.9969482421875,152.6830212743683,145.65772888444337,147.99949301441833,7765209
2020-04-23,149.82608032226562,155.77416749115798,148.65519814673527,152.12100652770607,7114946
2020-04-24,143.5501708984375,149.40458243589416,142.94131781574077,147.53117074390804,8447036
2020-04-27,147.3438262939453,150.48178217147498,145.18940007933017,146.1261058862936,9745004
2020-04-28,149.31088256835938,150.1539262724937,147.0627946099905,149.31088256835938,8025743
2020-04-29,153.71340942382812,155.86782107611896,148.93620468832552,150.62227778867904,11842945
2020-04-30,169.2158966064453,176.75638113515433,156.89822108613527,157.92860318061582,16023589
2020-05-04,153.19821166992188,160.12982775158576,152.07416775032692,160.12982775158576,10646028
2020-05-05,153.5260467529297,160.78551537186493,152.49567913765117,156.89819273182607,12995347
2020-05-06,155.30580139160156,158.58427120381816,152.82352281512684,155.02478683481277,8720744
2020-05-07,161.3007354736328,162.9868087677606,152.21469209632815,153.80708909350588,11944061
2020-05-08,157.97543334960938,165.42225617197667,156.8982273565986,164.4387121866643,9045606
2020-05-11,163.50198364257812,165.23488062077934,158.06908769576904,159.2399698268488,9199262
2020-05-12,166.92095947265625,168.23235608023654,156.47669622243856,161.11338676192992,11889850
2020-05-13,170.80828857421875,177.0373757059334,169.16905361397863,177.0373757059334,10377139
2020-05-14,164.11083984375,168.981706745723,163.17413412056308,167.67032445045933,5808584
2020-05-15,163.267822265625,168.04501322497268,162.28427832626056,165.70324874696027,11548870
2020-05-18,152.91720581054688,165.04754178959928,151.83999997073326,164.6728652260975,8130435
2020-05-19,158.5843048095703,162.0032754782016,155.39949631272478,156.42987847496835,11001274
2020-05-20,160.22352600097656,162.0500994073738,157.64758511444316,158.5842908913644,10091863
2020-05-21,159.14630126953125,163.78300616822608,158.2564336652852,161.11338906249242,11065823
2020-05-22,155.63363647460938,158.77160608794023,153.15137224411933,157.74122416604223,10228048
2020-05-26,165.09437561035156,166.96778696479527,157.36655377327128,157.36655377327128,30383793
2020-05-27,173.1032257080078,177.0373870050771,163.12730088033715,164.9070503836987,20403834
2020-05-28,172.4943389892578,176.80319067794434,171.60447148417953,174.4145884221071,14270125
2020-05-29,172.54119873046875,173.71208093452051,168.65387553021515,169.54374314669536,13458899
2020-06-01,181.67408752441406,186.7791312891065,175.30448520923068,176.1006908585022,17324578
2020-06-02,179.9879913330078,185.23354887680537,178.30193253742485,182.65760824767156,14155546
2020-06-03,180.50320434570312,185.2804096308411,179.42599839562112,182.65763053886332,11567639
2020-06-04,179.8474884033203,182.8449436847768,177.78673879063112,180.78419407208762,10238285
2020-06-05,184.577880859375,189.58924831658487,181.7677634576885,183.54749876155813,26006736
2020-06-08,182.61077880859375,189.21455704936108,180.08167620168152,189.21455704936108,13522911
2020-06-09,178.02093505859375,186.31077257577155,176.66271454602747,183.54749340337895,8055268
2020-06-10,178.8639678955078,179.7538355381728,172.86905655155786,176.10068867123394,11823033
2020-06-11,172.96270751953125,178.77029448638189,171.9323397911832,176.10067743571682,6481994
2020-06-12,176.9905548095703,178.16143703812398,164.3450267411909,165.79692356319663,9000558
2020-06-15,172.1196746826172,174.64877724792606,168.56019011629607,174.18042439164682,12059372
2020-06-16,178.02093505859375,183.54749340337895,173.99309737515915,177.03739113811616,23464025
2020-06-17,179.70700073242188,182.14242706431085,174.03992818478397,176.80320724067494,11912711
2020-06-18,181.1588592529297,181.76772647521267,176.10065467623514,177.03736028621512,8868746
2020-06-19,182.00192260742188,184.8588778861645,180.50318775178792,182.75129003523884,18204886
2020-06-22,185.4208984375,187.24747177252252,180.78420788152118,182.56394307092873,11091702
2020-06-23,188.88670349121094,190.99429136980712,185.5614096060441,185.5614096060441,14850064
2020-06-24,181.62722778320312,194.60060732185815,180.17534539642486,193.8512399103953,19739136
2020-06-25,181.2993927001953,184.85887725033686,178.9107902854296,179.98799613277748,9502767
2020-06-26,180.45635986328125,184.99938853955206,179.42599209784572,183.26647715755294,6960491
2020-06-29,178.62977600097656,180.73736384803502,173.89940930786864,180.31584913722227,7560301
2020-06-30,177.36524963378906,183.21966090645182,175.91335277956946,179.0513086459189,11450934
2020-07-01,179.3323211669922,180.83105615262073,176.61588008516102,178.25511522250648,8343254
2020-07-02,182.14244079589844,182.65763184688635,178.0209409739877,180.17536718257588,9164240
2020-07-03,178.8639678955078,184.06268789307165,178.44245314824502,183.3133204018289,6610649
2020-07-06,183.40773010253906,184.82766091623614,180.33121333952872,181.89313145688223,10803795
2020-07-07,180.6625518798828,184.35436653600954,180.09457372773204,184.30703261594957,6564431
2020-07-08,184.92233276367188,191.2173537300415,180.80452753682144,180.80452753682144,22609621
2020-07-09,186.9102325439453,191.92732455811915,185.63230341444432,185.86895856186496,14801828
2020-07-10,182.9817657470703,185.5376384904803,180.80453546776397,185.5376384904803,10893405
2020-07-13,187.8095245361328,189.13480206580513,184.82767537186763,184.96966268662908,11050735
2020-07-14,183.6917266845703,187.8095175465306,181.4198286229487,187.43087509173554,7233291
2020-07-15,184.49635314941406,189.1821367761052,183.0764222187281,185.53764160963084,9389574
2020-07-16,190.41273498535156,191.12270046172392,182.3191401101344,183.64440322164896,13647306
2020-07-17,195.71380615234375,200.49424300042344,191.8326559720928,192.35330018324117,23873501
2020-07-20,195.76113891601562,197.70171399469672,193.1105984020329,196.42377043344035,6380397
2020-07-21,198.7429962158203,199.5002956004321,193.25259373274042,196.89708889627462,5672048
2020-07-22,195.95046997070312,202.57681436584767,193.2052759275713,199.7369524822143,9323617
2020-07-23,198.17503356933594,199.26364151008582,194.48320446623637,195.85580148326844,5251159
2020-07-24,194.05722045898438,200.30492211488962,192.40063443067598,195.00384104658917,8215298
2020-07-27,195.9031219482422,197.3703867046877,189.41877978062948,191.26468698325547,10548105
2020-07-28,203.42877197265625,204.23340530312873,196.376451016747,196.99176310601564,9785198
2020-07-29,205.9373016357422,209.15580569824687,202.43480852200872,202.6241297414002,11276308
2020-07-30,202.9081268310547,210.10243456292343,201.77217058113735,206.97858376421817,6483799
2020-07-31,208.49319458007812,209.4398152138129,201.91418406447855,203.05012593610334,7306693
2020-08-03,208.77716064453125,213.4155954608004,206.97857297213156,209.20313699389752,9867115
2020-08-04,215.92416381835938,217.0127717265149,207.45189792508134,209.72379602303073,9878205
2020-08-05,222.5978240966797,223.59177859671277,215.97148002217085,216.3028030036098,11076862
2020-08-06,226.71563720703125,227.1416135947638,220.0892929045293,222.45584444113715,10772820
2020-08-07,227.3782501220703,228.13554944060527,223.21312553655258,224.15974607365052,6794779
2020-08-10,232.1113739013672,233.19999628453147,225.8163525353004,228.13557017309952,6482352
2020-08-11,240.20497131347656,241.86155732253502,233.15265090662731,233.34197213309153,15124909
2020-08-12,243.0921630859375,244.1334515431898,235.75586774256382,238.5483956761058,8055616
2020-08-13,244.7960968017578,249.9078423447318,242.19289011066687,244.32278649428673,14516418
2020-08-14,251.18580627441406,253.03169928974924,243.80214754736062,245.17475910550317,13200307
2020-08-17,255.2089385986328,256.770856927575,249.15057208386213,252.6530512323127,10757867
2020-08-18,262.3558654785156,264.2964548342968,253.07899614521338,256.1555127664753,10683706
2020-08-19,263.68115234375,264.95909591095875,259.5633759106751,263.16052257753086,10287307
2020-08-20,267.5622863769531,269.31354013091305,256.6761503083925,258.4274040623524,11325005
2020-08-21,266.8523254394531,272.6267165326141,265.38507515242986,269.17155732649394,10884179
2020-08-24,270.496826171875,271.9167570179216,267.51497717289055,268.9822274917119,9488675
2020-08-25,269.69219970703125,271.9167638662441,265.19575191463906,271.25411789930655,7787006
2020-08-26,270.9228210449219,271.53811864305806,268.03561094817917,270.2601750847337,5278655
2020-08-27,273.8573303222656,275.2299417592092,268.6509169785832,270.11819625403473,5931448
2020-08-28,265.7164001464844,274.2833045752012,265.1010736776539,270.26016723458133,11914490
2020-08-31,255.39820861816406,266.710335559337,254.12029400761463,266.0003701585579,19774736
2020-09-01,271.49078369140625,273.10005030931507,254.68826759785222,255.39823306659392,13679100
2020-09-02,277.35980224609375,278.3064227315753,269.8341578310896,273.10001006142676,11710724
2020-09-03,277.73846435546875,280.05769626476825,275.3245935017625,277.3598219121416,6425365
2020-09-04,267.2783508300781,275.7032689799931,265.5744162980897,270.78082996123123,8443061
2020-09-07,271.206787109375,272.39006279484346,263.9651456920212,266.00037409331367,8634438
2020-09-08,266.142333984375,273.0053322531822,263.53912774448264,270.733448948807,7609074
2020-09-09,271.53814697265625,273.10006531197774,257.90681500169626,258.61678050943965,14099249
2020-09-10,270.11822509765625,274.7566607941586,263.5865479831063,273.90470793375147,9369826
2020-09-11,272.4374084472656,273.57336476990406,267.6096662974757,268.7929420966535,6485991
2020-09-14,274.37799072265625,278.2591410174452,270.3548531134929,271.774784034374,7275752
2020-09-15,274.141357421875,278.8271125011586,273.3367240581887,275.41930113025086,6682215
2020-09-16,273.2420349121094,276.12924512279756,271.01747068776103,273.5733579052793,6090447
2020-09-17,271.53814697265625,273.38403995964694,268.0356389123604,270.7335136194996,5287608
2020-09-18,272.3428039550781,277.8805122850885,269.2662864879288,270.0708910223249,9911089
2020-09-21,256.8181457519531,274.8039363484891,255.6348700548126,273.9519836242613,7522304
2020-09-22,257.3861083984375,260.46262502614064,248.67721712392455,254.92488931856195,13246982
2020-09-23,253.8836669921875,260.22600794176884,249.57652575062957,260.22600794176884,8444261
2020-09-24,244.7487335205078,250.80712819773518,243.8021129632619,249.0085260281145,7984730
2020-09-25,254.02566528320312,256.01357448913234,244.9854204550825,247.16266535246046,6842615
2020-09-28,262.2138977050781,263.9178031744496,254.78292045810525,256.4868548160439,5470078
2020-09-29,268.9349365234375,271.4907949840774,261.3146228421678,262.2139240287413,11242724
2020-09-30,262.92388916015625,269.7395694894929,260.32068233678837,268.08298332916786,6288603
2020-10-01,266.9943542480469,271.34881520284307,263.3972071789292,266.42640494450154,4873599
2020-10-05,274.6146545410156,276.41322798650157,267.3730123937407,269.1242374738955,9269669
2020-10-06,275.7979736328125,279.2531337472244,271.39619272603716,277.1232369644066,9592838
2020-10-07,275.892578125,278.1171133652818,271.86944068145675,274.5199667358936,8126575
2020-10-08,277.31256103515625,282.47162680378597,272.2954537131321,275.9399493884296,11623030
2020-10-09,276.4132080078125,282.4242544391205,275.5139069057848,277.5018158917736,7301282
2020-10-12,269.9288635253906,279.1584145536399,264.43847549478267,279.1584145536399,10299648
2020-10-13,274.4726867675781,275.5612948077427,268.79296250038414,269.7869026917145,7541780
2020-10-14,275.13525390625,276.41319741172293,270.26016390769485,273.8099909292495,6525761
2020-10-15,275.98724365234375,281.8089838598481,273.76270819781394,276.22389881887415,10663375
2020-10-16,294.4463195800781,295.77161150170116,275.2299333793542,275.9398988136947,19877383
2020-10-19,296.76556396484375,301.12002458861264,291.27517593176697,297.42820995336655,18884145
2020-10-20,301.68798828125,302.7292478010783,292.1271147127276,293.4523777377005,10739805
2020-10-21,305.7111511230469,306.98906589240875,297.94885022111185,303.6285741331902,11914326
2020-10-22,308.125,309.59225034933485,302.44527649769583,304.81182795698925,8493745
2020-10-23,304.10186767578125,309.8289107489563,302.8239240883795,308.59831552468387,7402260
2020-10-26,291.8431091308594,298.94276338044466,288.1039752258847,297.23885791597104,15424754
2020-10-27,292.4584655761719,295.77163789878915,286.96804839412124,291.8904874002949,7123843
2020-10-28,289.52392578125,298.3274860944929,287.77267183611247,292.55309446743604,8888276
2020-10-29,290.4231872558594,292.07977329862257,283.6075362987744,286.6367048724006,6945269
2020-10-30,292.5057678222656,296.19758241512426,287.7726647830704,290.139216302668,7786860
2020-11-02,292.8371276855469,295.34566683447144,290.1865723167097,294.8250369900318,7660136
2020-11-03,297.94879150390625,299.22673490999165,294.3989647584268,295.2509173996291,5951181
2020-11-04,300.8833312988281,301.6879645004611,295.10894047886626,297.9488019750542,7627927
2020-11-05,310.2076110839844,311.3435385767017,300.7414042018191,305.00119729879344,6640466
2020-11-06,309.0243225097656,313.00011190355974,305.0958237044376,309.40296499175986,6994007
2020-11-09,315.3193359375,316.36062440262225,308.83497887910613,312.38480622254417,6297158
2020-11-10,316.9285888671875,319.6264635553091,312.7161442174126,315.2246832160424,6004813
2020-11-11,324.4541931152344,326.34743421291626,314.2780222151942,318.06450441055796,9211868
2020-11-12,319.957763671875,326.01612975067025,317.11790186413646,325.4008321367072,5061012
2020-11-13,324.8802185058594,325.8741586325351,316.4079521363104,319.0584783998255,5043441
2020-11-14,323.6969299316406,326.5367917685426,321.9456760211707,325.73215847037335,975283
2020-11-17,322.7503356933594,331.7905517241379,321.47239198461074,325.5428493946996,7389747
2020-11-18,324.312255859375,327.53076044440934,320.28911790593935,320.85709610060917,4844406
2020-11-19,313.520751953125,327.8620481591829,311.5801624043584,321.75633377898174,7370265
2020-11-20,318.2065124511719,320.9043869688895,311.72215549134347,314.2780426951956,5918276
2020-11-23,319.7210998535156,324.02821192305834,318.0645138439119,320.19441014197383,4559744
2020-11-24,322.6556396484375,323.9809027204202,316.26595055168707,320.80971790950446,5014303
2020-11-25,320.19439697265625,327.43603831051087,319.0111213001779,325.1641547970656,6195795
2020-11-26,340.0261535644531,342.86601555227907,318.06454263650454,320.43109429302615,10967276
2020-11-27,331.5065612792969,342.67667332964197,329.0926613025348,342.01402732302427,14338746
2020-12-01,339.03216552734375,339.83679882316244,333.06846724269894,335.5770060802537,6475456
2020-12-02,348.73504638671875,350.959610721942,337.0442754237964,337.94357660885584,11048627
2020-12-03,351.05426025390625,354.3200840369654,348.0724110994371,350.24962695480986,7385497
2020-12-04,350.6282653808594,356.118682208384,343.81261437614467,353.0894847250209,7570516
2020-12-07,345.5165100097656,353.27881028322014,342.96062290084177,351.0068977914801,6085158
2020-12-08,343.29193115234375,347.5990719186332,338.46416064736377,346.936425988876,5311652
2020-12-09,342.5346374511719,348.59300293975735,339.9314310476842,348.3563478121676,6923848
2020-12-10,342.96063232421875,346.8891309307965,337.2809087159442,342.6766576992323,6429901
2020-12-11,340.4521179199219,347.12581097131323,338.5115571033768,344.1912811189081,4518654
2020-12-14,338.4168701171875,345.42185689574563,337.2809138229052,344.52258464396,4927085
2020-12-15,346.36846923828125,347.40975766840694,334.6303796615309,338.8901723304896,5978528
2020-12-16,350.81756591796875,352.61613910481714,345.04317504350564,350.24958783565734,7762252
2020-12-17,346.6524658203125,353.42079714798933,344.61720847497065,350.20229297348925,4501529
2020-12-18,344.7592468261719,349.2556948424707,338.606212698605,348.6403683188587,5666541
2020-12-21,334.6304016113281,348.73504359601526,325.63750538697843,342.2980346961192,7345501
2020-12-22,342.6293640136719,344.5699248371342,327.6727400529837,334.8670629426819,7273802
2020-12-23,347.26776123046875,348.0723944911721,338.65350828192237,341.73002512864844,4499725
2020-12-24,346.6997985839844,358.72189189235814,345.5165228208991,348.2617168135433,8104991
2020-12-28,365.9635314941406,368.2354151673308,349.11366740012954,349.9656490550731,11720459
2020-12-29,361.41973876953125,368.85071636508394,357.9172598318438,368.85071636508394,8144640
2020-12-30,365.4902038574219,367.1941093093597,358.43786913262494,362.3663386774466,4637174
2020-12-31,366.5315246582031,372.8738656354659,362.5557064007308,365.3009004887143,7375061
2021-01-01,368.8981018066406,370.6020075271992,364.0703304136295,366.5788695144518,4461761
2021-01-04,381.582763671875,383.4760048422752,370.22331664947376,371.0752693984403,8872723
2021-01-05,374.1518249511719,379.59489387835526,370.6966652359783,378.64827319536687,6190435
2021-01-06,380.2575378417969,385.6059388938512,374.62513325324966,375.9977447915388,7910567
2021-01-07,383.7599792480469,391.0489693054432,381.63008293253637,382.4347162072205,10231006
2021-01-08,381.34613037109375,388.54045300845684,377.22832481187015,388.39843680168724,7559664
2021-01-11,377.7489318847656,383.33401643227455,371.6905659345823,381.3461074313449,4822618
2021-01-12,378.2222595214844,390.9069990193514,375.85570795674334,377.65431025680164,6708618
2021-01-13,381.4407958984375,385.65324038519026,373.1105169888759,380.1155039004244,6885599
2021-01-14,375.2403869628906,383.996627207216,372.96850337991424,382.76603202560256,4886430
2021-01-15,373.1578674316406,381.0621266560627,370.3180055147745,376.7550143042434,7329969
2021-01-18,362.65032958984375,372.9684875541098,355.4560078085488,372.49517729071624,10605461
2021-01-19,374.29376220703125,376.51832629219064,361.23041008468994,365.58487042165933,5842513
2021-01-20,379.5002136230469,381.3934549271165,372.44790709852924,373.91515755375536,5604951
2021-01-21,372.3058776855469,383.38135047697585,368.18810110609354,381.0147989308217,7085945
2021-01-22,355.3613586425781,376.2343596876723,352.3321901308999,374.8617482963119,8779405
2021-01-25,362.0350646972656,373.86782234996,351.62223796289453,367.2887975396345,17874949
2021-01-27,356.1659851074219,361.60905331836585,351.71685692739743,360.2837903142842,8576326
2021-01-28,356.2133483886719,360.520489792358,349.8710072003539,351.1962703674225,6969457
2021-01-29,347.26776123046875,362.12968681843586,343.81260193416676,361.6563765343242,7981367
2021-02-01,360.52044677734375,363.8809382166621,344.23856155723627,346.9364359363648,6141212
2021-02-02,368.2353820800781,370.79126903811675,356.59196124582587,364.11757704260066,7450391
2021-02-03,371.92724609375,377.18100801301193,364.1649741284799,365.5849050977016,6063017
2021-02-04,378.9322204589844,380.5414870591895,369.6080305162745,371.92723368884236,6283280
2021-02-05,380.7308044433594,384.89592916964125,368.3773886835967,381.48808934320436,9008833
2021-02-08,395.3561096191406,396.87070844039573,379.78421722337487,382.9553732974334,9008722
2021-02-09,384.75396728515625,397.580665288439,380.39950660190243,394.74080339352156,7961747
2021-02-10,388.8244323730469,391.8536300114784,378.6482603754565,388.1144668848429,8008124
2021-02-11,387.0258483886719,393.32086976850456,383.3340337281253,386.4105507600089,3598146
2021-02-12,382.2453918457031,388.96640397346147,381.1094644436254,386.07922266020773,4667663
2021-02-15,382.1507873535156,386.07925747266063,379.59489991338364,383.47605055305513,4678133
2021-02-16,385.889892578125,399.37923650446055,382.15075843694876,382.15075843694876,10594928
2021-02-17,386.88385009765625,389.0610659184148,379.59485993499834,384.65928591383977,5486323
2021-02-18,385.889892578125,392.61090480334633,384.32797432226306,388.1144568279011,5889983
2021-02-19,374.5304260253906,386.599838398674,370.0813266405364,386.315863780612,4527644
2021-02-22,384.422607421875,391.7589166135575,375.00372148486906,375.00372148486906,9371697
2021-02-23,390.5756530761719,393.98349290690146,384.4226193693372,388.11443381572457,8127742
2021-02-24,386.31585693359375,403.8283373216942,378.64822460757694,392.8475330303611,10570509
2021-02-25,399.23724365234375,402.31376064551534,388.11445144626185,389.06107205954544,9051315
2021-02-26,374.34112548828125,398.811244734651,371.12259235752117,390.0550042393194,11433748
2021-03-01,383.47601318359375,386.64719799070684,372.35322106555105,381.10946166911657,5834233
2021-03-02,391.23828125,392.8002283461652,379.594859460383,385.0852473684726,5055665
2021-03-03,405.2956237792969,411.77998098166455,393.13154270132,393.13154270132,11903775
2021-03-04,391.99560546875,398.9059244560527,389.10839523761877,392.94222609104185,8655068
2021-03-05,384.70660400390625,391.9955941403336,381.014789461373,391.9955941403336,7045618
2021-03-08,386.0791931152344,393.3208344703691,384.801249608195,389.96034310793806,4176709
2021-03-09,380.1628112792969,392.61086549248466,375.6190153943455,390.00765903050916,5477847
2021-03-10,391.90093994140625,393.1315352022198,381.96142334868944,384.8486047082891,6536253
2021-03-12,396.3973388671875,405.5795693766715,391.9008914412313,395.8293607830378,13448994
2021-03-15,406.71551513671875,408.7034240772863,392.75286196905233,400.3258263989731,10146579
2021-03-16,403.21307373046875,410.78603886111864,396.9653717199687,410.78603886111864,8103798
2021-03-17,399.94720458984375,403.21305722417037,395.2141015769462,403.21305722417037,4738590
2021-03-18,400.5624694824219,409.5553644723103,397.6752884358314,404.206964282353,6837030
2021-03-19,417.0337219238281,422.47679074122846,388.11447219724215,397.6753466803028,11116495
2021-03-22,421.5301513671875,425.03265922356644,413.483876081218,417.4596942485363,7010923
2021-03-23,418.21697998046875,423.3760739348792,416.03976410146316,421.24617753162937,5066287
2021-03-24,414.0045166015625,419.4949044122686,408.5614482644478,413.67319362072027,7803892
2021-03-25,414.61981201171875,418.5956299836964,405.62691654571114,413.72051090969103,10870751
2021-03-26,421.435546875,428.1092112494974,412.91596058147763,419.9209479784373,12165673
2021-03-30,442.4977722167969,445.1009786384864,428.06180933288226,430.71233522499443,17646211
2021-03-31,443.4444274902344,448.50882454215355,436.67606715249593,442.40313906223093,7635784
2021-04-01,481.5932312011719,485.5690492844515,444.91168287872387,445.4323126543249,35736230
2021-04-05,489.8761291503906,494.1359215777853,476.3394669920962,486.0896469927065,29711225
2021-04-06,508.76129150390625,512.4057579786889,492.85807577654634,495.0826112439372,26533367
2021-04-07,532.28466796875,536.2131659507112,504.7380359592852,510.465078131623,20024702
2021-04-08,581.3196411132812,604.8905152894017,533.1840105426534,541.466940133862,72006147
2021-04-09,587.8513793945312,597.1755689842186,566.0791060836227,585.0115176583258,51062079
2021-04-12,571.90087890625,588.5613789469281,565.5111896293835,576.4919658684024,27047004
2021-04-13,596.7022705078125,599.0215025270546,571.7588408751881,574.5987026676146,26091257
2021-04-15,595.5191040039062,609.6237766045281,583.1183950130269,603.9440519777778,24006650
2021-04-16,586.3368530273438,601.9560937338695,584.017620882159,598.169611138348,14389029
2021-04-19,582.9288940429688,592.1111244751477,563.3338380804514,567.9723016548179,17044636
2021-04-20,587.4727172851562,596.3709739759695,580.6570952328539,589.5552941465312,13626064
2021-04-22,606.5470581054688,616.2499177942414,578.9530486602059,582.8342272019914,22859059
2021-04-23,601.4827880859375,617.9539528382347,592.442514597131,606.7838406500273,17931094
2021-04-26,620.793701171875,625.4321646492465,604.1805232512957,607.7303500624079,16506538
2021-04-27,630.354736328125,634.5671521484855,622.8764098167331,625.3849777391616,15799458
2021-04-28,627.2781982421875,639.9155608372146,615.9187504166748,633.9991817614267,15558949
2021-04-29,687.7198486328125,689.991761126624,632.3898643966039,636.1290272281486,56816962
2021-04-30,679.5316162109375,700.499286895768,673.473278666231,681.1882023623801,36449711
2021-05-03,684.6433715820312,691.0330608432531,672.6685974853306,675.8871307425791,16906171
2021-05-04,677.2124633789062,698.1327574751001,673.283964412427,689.0925414591559,13790054
2021-05-05,679.3896484375,693.8729327498382,675.0351588044373,684.4067263003179,12284261
2021-05-06,690.8436889648438,702.3924716169373,679.6735776562817,682.7974140204449,18365325
2021-05-07,716.54443359375,725.7739839139477,697.4226870159652,698.6059626980417,26586556
2021-05-10,718.15380859375,731.7377923657504,715.6925601368428,725.0168085868311,15105182
2021-05-11,695.0560913085938,714.5091307254411,691.5535839576735,701.445779584158,16277517
2021-05-12,670.11279296875,702.2978956317934,662.6344665920691,700.4992932544731,14410802
2021-05-14,669.3554077148438,682.9867675586783,642.8027112591541,672.053311109528,26344309
2021-05-17,676.2658081054688,683.8387732229896,657.0020434214919,670.1127739474831,12706884
2021-05-18,679.1528930664062,692.0742282971589,673.8517835705768,685.2112296339008,9477286
2021-05-19,668.1721801757812,681.898179959951,666.5155939949332,674.9878605895558,6562006
2021-05-20,657.427978515625,665.8529246052965,646.7311777496312,660.7411504735871,10104850
2021-05-21,660.9305419921875,668.2195324710799,657.9013443906446,663.912362340049,7340528
2021-05-24,645.0746459960938,659.7945853769818,636.0344304491539,659.7945853769818,22332409
2021-05-25,663.3917846679688,676.360500002308,651.3223705671578,652.2216718006861,22058890
2021-05-26,645.7846069335938,654.1148569427041,637.5963153530505,649.6657284153073,18721303
2021-05-27,645.4533081054688,657.2860669823538,641.8088414822453,648.340547493143,15110958
2021-05-28,652.9788818359375,670.9646733326554,649.5710707684667,660.5518466766608,12698590
2021-05-31,672.95263671875,676.0764732782555,649.334440173145,656.9547247768727,11685565
2021-06-01,657.427978515625,678.6796216299801,650.8016345997008,678.2536308228155,14156453
2021-06-02,668.3614501953125,671.2013119405887,659.3685546686047,659.7945454858232,9653111
2021-06-03,675.9817504882812,682.3714395679538,665.5216043651335,672.1006291211125,8329454
2021-06-04,682.7027587890625,687.2465259173871,665.5215725302743,670.2546753258486,9653847
2021-06-07,677.5436401367188,691.7429479984733,674.7510980351474,684.0279676160674,6872666
2021-06-08,669.7340698242188,676.1710783038512,655.0614506266563,676.1710783038512,8230750
2021-06-09,660.5991821289062,675.2718018626832,656.5287249839956,667.3675427298585,6922786
2021-06-10,668.1248168945312,680.6202205377165,662.634428896247,663.8650241373412,8543092
2021-06-11,692.1690063476562,694.9141714692533,667.130879485535,675.887120188254,11372473
2021-06-14,690.2284545898438,697.8487390961399,676.5024554724532,693.5416267905932,10470356
2021-06-15,686.3945922851562,693.3049690714656,678.726988331182,689.1398152093453,5124845
2021-06-16,667.7462158203125,689.9918006355553,665.9949329877234,681.5668539138209,9016464
2021-06-17,659.17919921875,673.0472134362719,656.4340342802969,664.6222674005483,5639158
2021-06-18,634.8037719726562,659.2266304716626,621.0777728245637,658.3746487929947,13505600
2021-06-21,637.0283813476562,640.1995374311001,611.6589593486867,621.8351313900962,8187341
2021-06-22,639.20556640625,646.0685658234219,637.3123251877198,639.9155318631988,5398107
2021-06-23,629.9760131835938,648.435114997388,628.6980984765703,642.7553913623744,6059813
2021-06-24,642.75537109375,645.1219225337122,629.4080440832167,633.8571145686379,6985183
2021-06-25,652.6948852539062,664.8589365092782,648.4350926742941,648.4350926742941,9066409
2021-06-28,658.232666015625,663.9123900894855,646.3052685713744,655.9134915738448,5669654
2021-06-29,649.2871704101562,659.3213268610027,647.1098965476947,657.9013957909503,4377422
2021-06-30,647.3938598632812,660.7411873858658,646.2105840979054,650.3756801257462,6112824
2021-07-01,644.2225952148438,653.1681708492931,643.3232941488276,651.0855941114486,4133198
2021-07-02,635.4664306640625,646.4945843452401,631.8692837502008,644.6959819997396,5499982
2021-07-05,643.0655517578125,645.2162726667016,635.1317929623186,643.3045207476891,5427717
2021-07-06,643.447998046875,651.6207267539706,639.9112449294172,643.0656242831327,4790854
2021-07-07,659.9368896484375,663.3780203074496,639.4811175586221,642.1575589980813,8536360
2021-07-08,638.76416015625,660.9404958285868,637.2347818376239,657.6427118406285,7099529
2021-07-09,651.4773559570312,653.4368903287245,640.4369984726658,641.3928745897892,7814242
2021-07-12,663.8081665039062,672.6978025278723,650.808216593699,654.7751257287283,11632489
2021-07-13,670.4515380859375,672.4588546136363,663.3780314170058,667.2015359208502,6832695
2021-07-14,669.4956665039062,674.7051447521126,663.5692228143143,672.936797243902,5996797
2021-07-15,668.2529907226562,676.7125296249344,665.3375801440609,669.1133025913795,4735495
2021-07-16,672.5543823242188,675.8043843126111,669.7823767148682,672.4588180536377,3590287
2021-07-19,667.5839233398438,680.9183488956456,663.3780449629131,666.2456733993522,5377227
2021-07-20,651.9074096679688,667.2014251440502,645.5986516209008,666.8668918923265,5829609
2021-07-22,684.9329833984375,690.7160219291136,658.6463915844143,659.4589212457112,9472817
2021-07-23,685.8888549804688,694.9218954131894,680.5837545174566,694.8263311440357,8731309
2021-07-26,673.4625244140625,697.311645833743,670.0691757771815,697.311645833743,14645713
2021-07-27,679.2933959960938,686.2234979475181,672.2676714263168,678.5286484174698,6840353
2021-07-28,689.855712890625,693.3924657181327,670.4992241144716,680.5837041294423,8329455
2021-07-29,715.377685546875,724.6496369002791,691.1461917802563,693.4880998575575,18513875
2021-07-30,704.432861328125,724.4106356151005,701.1828594461647,713.2269325892732,9971622
2021-08-02,713.7526245117188,718.293035534895,701.1350495789048,708.6864933542672,6971560
2021-08-03,707.635009765625,713.0835147775077,696.2601200713166,713.0835147775077,6939253
2021-08-04,714.2783813476562,720.7305447121215,703.9071494986298,708.3041560101883,6680733
2021-08-05,729.5723266601562,731.6274833115074,707.8261485644883,714.27831129617,8613347
2021-08-06,723.9328002929688,742.23785244409,722.3556396040174,733.6349668394579,8973665
2021-08-09,714.3739624023438,728.8555082974658,709.6902046329383,728.2341655109514,5119564
2021-08-10,690.2859497070312,716.9070757843374,687.8484189757268,715.8556354100059,6382357
2021-08-11,716.0468139648438,718.8188781882947,694.921973993205,694.921973993205,11909486
2021-08-12,715.8556518554688,721.017347914468,708.6865809329291,719.8225027607115,3506281
2021-08-13,715.9989624023438,724.1239090408877,700.083660756776,713.943863846057,5611264
2021-08-16,728.0430908203125,736.5981356637436,706.5836596481877,712.1277296332986,9095337
2021-08-17,711.4107666015625,728.8077227807521,703.3813842597687,725.1275648982444,6482187
2021-08-18,704.9107666015625,715.855558450301,700.561542477787,714.9952467150307,5905871
2021-08-20,654.3927612304688,690.1425510627839,651.4295686278216,690.1425510627839,13126219
2021-08-23,654.0104370117188,669.7823926068146,634.7017281905253,665.2897632840446,11781361
2021-08-24,661.1317749023438,666.2456890640782,652.8634227127194,659.6501201683737,8283854
2021-08-25,653.6758422851562,670.0691406024777,649.9957426671681,665.2897601416897,5539409
2021-08-26,642.3487548828125,654.7751444862002,639.7678776813915,652.8633922395252,5659963
2021-08-27,647.6060180664062,651.3339579647868,642.1097308282043,643.2090116126622,4978277
2021-08-30,656.2567138671875,663.3780023621064,652.9111475728541,652.9111475728541,5891576
2021-08-31,657.2603759765625,661.896410017087,650.4258969400646,657.8817187717198,5399215
2021-09-01,646.7935791015625,658.598625466502,645.2163602175455,657.6427493772908,4316801
2021-09-02,654.8228759765625,658.5985980401215,648.0839614966653,650.9993717789421,3635439
2021-09-03,660.414794921875,664.572832456956,652.2898483905782,655.8265431482126,4145359
2021-09-06,656.3523559570312,666.2456503841663,651.5251349154732,666.2456503841663,5179490
2021-09-07,653.6280517578125,667.0103168762201,652.3854245223696,659.0287749459882,3555927
2021-09-08,656.734619140625,660.9882791710163,651.620705682699,653.8192088980118,3288571
2021-09-09,658.5509033203125,660.9883759014302,652.9112105434073,653.6758998160253,2381494
2021-09-13,663.7603759765625,669.1132587094195,657.1648076610369,662.6610951432929,3778975
2021-09-14,663.0435180664062,671.0250606215951,661.7052681129618,665.6721774919182,3185808
2021-09-15,665.9111328125,667.2015422579844,656.7346869108856,666.2456661229443,2871538
2021-09-16,659.02880859375,670.0213840736853,657.6427765387397,669.1610722210447,3372499
2021-09-17,652.1942138671875,661.4662231725525,639.1943229913652,661.4662231725525,7804735
2021-09-20,605.2607421875,640.3414057985034,600.3857392011492,640.3414057985034,10340874
2021-09-21,639.433349609375,642.34876014101,600.9593353300958,605.308560058474,14289169
2021-09-22,648.6097412109375,653.2457754814606,636.8046942536597,642.1575772850138,8147214
2021-09-23,647.3670654296875,656.9258260857183,644.3560324862198,655.0618560893834,4039612
2021-09-24,630.0657348632812,649.0398515155404,622.036352538642,647.3670683930777,7363339
2021-09-27,620.029052734375,634.4627584408047,617.7827089045354,631.3083789938022,5889365
2021-09-28,631.690673828125,638.4296467558471,619.5032540069053,621.3194418661011,4735779
2021-09-29,649.8045043945312,654.1059464690873,624.7605410920407,629.8267306534848,7345149
2021-09-30,638.8119506835938,653.054527123875,636.9479807231208,653.054527123875,4934499
2021-10-01,644.4994506835938,656.4001196171283,629.8267761071854,630.8782164644743,5193048
2021-10-04,651.094970703125,656.4956351805683,632.8854859507596,644.7383718690081,5617530
2021-10-05,649.3743896484375,660.3669645352122,647.2715089524302,651.0950132608737,4186464
2021-10-06,630.1613159179688,653.8192492800767,626.6245626964362,649.995744898322,5994344
2021-10-07,637.13916015625,640.436944149008,629.9223077525318,636.6134400048348,3042177
2021-10-08,636.4700927734375,652.8633916096801,635.1796833449962,640.4847841559916,3826818
2021-10-11,642.7310791015625,648.0839616426191,637.2825739503176,641.4406114293486,2257738
2021-10-12,644.021484375,650.9515856910947,636.0399427477637,642.7310750529585,2930894
2021-10-13,651.3817749023438,661.4662560098064,641.3928580673123,644.0692994579022,5601758
2021-10-14,662.2786865234375,668.1573474667216,652.8155487963021,659.5544631645749,4751065
2021-10-18,684.216064453125,695.2086390205986,664.8117923198195,664.8117923198195,9493244
2021-10-19,661.0360717773438,690.6204472410617,658.0728793543727,690.6204472410617,4164143
2021-10-20,654.9185180664062,665.0029990191708,645.5987263075017,661.4662458627671,3256699
2021-10-21,644.3560180664062,663.3301925492382,626.1943732263807,660.844879829061,5811087
2021-10-22,638.3340454101562,659.5545064154093,629.0142534716776,646.1722410678502,10162556
2021-10-25,644.4994506835938,648.0839860044146,624.2348660014771,640.4369773199967,3987950
2021-10-26,663.7125244140625,666.6757752297997,644.7384078029364,648.7530989565528,4238644
2021-10-27,654.6795654296875,668.6353331785101,652.0030656711322,663.7125479176465,3330934
2021-10-28,637.99951171875,654.201623208649,634.7495096566768,652.7678090651544,3080237
2021-10-29,639.62451171875,654.5839375865357,633.7458504030792,640.4369830619352,3612552
2021-11-01,658.5509033203125,660.2714687692161,642.8267285520055,649.9957998741468,3234840
2021-11-02,643.1612548828125,662.8045567655096,641.8708453956804,662.8045567655096,3204544
2021-11-03,650.2347412109375,653.3891207898574,643.8303594343126,647.5582996997948,2265795
2021-11-04,650.2347412109375,650.2347412109375,650.2347412109375,650.2347412109375,0
2021-11-08,655.5875854492188,657.5949602203582,638.573002911327,652.8633619608709,2919045
2021-11-09,646.7935791015625,660.8449109393297,645.3597649677457,655.7309971988684,2494969
2021-11-10,633.17236328125,646.2200372739702,623.4224152187685,645.2163790194606,6871348
2021-11-11,637.9517211914062,640.293570921341,631.1171838604909,633.1723407759539,3868489
2021-11-12,641.7274169921875,645.9332953039793,634.0804079467833,642.3965419520702,2542949
2021-11-15,632.3119506835938,645.2640583375786,629.0141669367908,645.2162762077487,3143670
2021-11-16,635.56201171875,644.2604604743907,626.7679403524711,628.9664436085297,2795558
2021-11-17,633.1244506835938,642.0619263653354,629.5399156529053,631.1649165352256,2882577
2021-11-18,621.84521484375,637.4738248293409,614.6283616129718,633.7458845247284,4010171
2021-11-22,628.0105590820312,634.2237533499662,616.5878287210346,626.0510248659375,3944981
2021-11-23,653.1500854492188,659.2677154325352,628.1061215717044,628.1061215717044,9033812
2021-11-24,653.1023559570312,665.2897764304337,640.4369974258485,653.1501380943997,4374307
2021-11-25,650.8560791015625,657.4515893816566,644.4516973734909,653.1023646662662,2850008
2021-11-26,600.9114990234375,642.8744223935277,596.7056210886384,638.7641670684543,8921840
2021-11-29,597.9960327148438,609.6577321770989,590.8269623497742,603.8269116169932,4230776
2021-11-30,581.5550537109375,604.6872091001748,577.635926620676,594.0770075238568,6606473
2021-12-01,609.084228515625,611.5694828997786,586.9078925677821,587.8159864803919,6580138
2021-12-02,618.2127685546875,620.1245204481694,602.9665355357623,609.8488540207045,4017457
2021-12-03,616.1099243164062,625.9554364097588,608.8930714798348,608.8930714798348,4885753
2021-12-06,614.4849853515625,631.8341615353838,608.6541639298875,616.2533913081412,13699768
2021-12-07,631.49951171875,634.3671397595368,618.5951855352093,620.3157506912731,12896360
2021-12-08,643.2568359375,646.1722463866635,631.0216334731442,636.1833294301762,9676621
2021-12-09,644.3560180664062,648.4184912543067,631.88184735785,646.1722058872263,9692290
2021-12-10,649.5656127929688,651.3818007776828,640.4370074153832,640.4370074153832,2430834
2021-12-13,640.9627075195312,662.3743555074722,638.1428613546572,651.9075005386259,4149735
2021-12-14,640.7236938476562,646.1721989092345,632.0730274093659,636.1832826866817,2942047
2021-12-15,629.4443359375,647.749384381686,627.6281482297177,640.7236608887769,4724542
2021-12-16,632.9334106445312,636.804697350502,624.6650586809475,635.6576343119052,2474595
2021-12-17,631.1171875,635.6575989208633,624.2348679936505,632.9333754051638,3003978
2021-12-20,614.2459106445312,627.054672722945,602.6798340728915,621.4149808357234,4070706
2021-12-21,629.2532348632812,636.6134926175089,616.9224679844773,618.4518464317241,3127861
2021-12-22,631.8340454101562,636.7568302202897,628.6318840992816,633.889202177581,1273217
2021-12-23,621.5584106445312,641.2972747038554,618.6430003176064,636.4222717720046,2971327
2021-12-24,622.56201171875,626.5289203573573,611.0915000027269,623.2789187010014,3973912
2021-12-27,624.23486328125,625.907646423677,614.7717250807481,619.4077007386558,1838919
2021-12-28,628.3450927734375,632.2164374165658,623.6613351735974,626.1465895455906,2232852
2021-12-29,626.9591674804688,628.2017947621838,616.4923123475478,626.1944199144459,3014867
2021-12-30,617.3047485351562,630.3046979701887,615.1540273978723,627.0546960259195,3713255
2021-12-31,627.0069580078125,635.6576253002559,618.7386061614483,619.2165442255838,2499623
2022-01-03,637.6170654296875,641.3927872465664,625.8120203276137,627.006865311307,2383218
2022-01-04,640.8193359375,644.1649021578198,634.1282034968605,640.4369621755027,1999008
2022-01-05,663.85595703125,666.2456473013409,636.9480212532076,638.6208044422712,6342812
2022-01-06,644.2127075195312,661.9441974581229,642.5399243490594,661.4662594094166,4714784
2022-01-07,643.1612548828125,649.0399166398614,638.0473407321172,646.172288142189,2862614
2022-01-10,642.4442749023438,649.517781064589,640.4369585184321,647.9884027094225,1841965
2022-01-11,617.2092895507812,639.051037933972,614.8673811333974,634.7018127828618,6912370
2022-01-12,628.058349609375,630.1135064622831,620.3635590431196,623.2311872051063,5343630
2022-01-13,657.4993896484375,661.0361430891023,628.249602652556,629.922385923217,7202966
2022-01-14,652.57666015625,659.124388455788,647.3671234632922,649.9002186010392,2054419
2022-01-17,668.539794921875,673.7492732055396,645.5987675869575,651.9075267672399,5920282
2022-01-18,650.1869506835938,673.462510947215,647.6538556202377,672.3154479309396,3450193
2022-01-19,644.8818359375,658.8376036982427,630.8782276979908,650.9516258520179,4889920
2022-01-20,652.3853759765625,655.7309420072115,642.7310516249348,649.0398099459135,2862609
2022-01-21,636.8524169921875,649.995712652439,632.9333485321301,648.9442723364365,3836844
2022-01-24,594.3637084960938,628.0105566871632,590.7313912217152,627.5326186683754,7296421
2022-01-25,603.3012084960938,612.334190737541,585.5696606187742,592.6431669155522,5007835
2022-01-27,598.4739990234375,604.2570960648749,585.043951573237,591.6873020939124,4760551
2022-01-28,600.3379516601562,617.4003744456792,597.9482614948487,603.1577977236282,3719102
2022-01-31,601.1983032226562,610.804846654207,600.2902092313647,607.9372182661591,2892647
2022-02-01,625.4296264648438,629.7788503970876,600.2901004855294,605.9775740932506,5150345
2022-02-02,630.7348022460938,634.5105243957523,623.4223853066225,630.8782069935922,2562721
2022-02-03,624.3305053710938,637.9517399557809,621.3194722839753,628.0106050624182,2456228
2022-02-04,628.3450927734375,636.5178796048918,618.451799077105,618.451799077105,3284062
2022-02-07,622.4187622070312,637.2348421463514,617.1136030389906,630.30474023925,2768417
2022-02-08,630.9738159179688,633.6503157803879,615.8232024540184,626.6723732931445,3184065
2022-02-09,633.7935791015625,637.1869272811798,628.8230121628068,633.6023922304485,2200828
2022-02-10,642.8744506835938,648.0839870264783,634.79728607953,636.8046608675832,4284880
2022-02-11,641.7752075195312,645.2163379853017,630.5436638583056,639.4332995132498,3122555
2022-02-14,598.9041748046875,635.6576235010928,577.6359310108539,627.3414895402627,6491576
2022-02-15,612.382080078125,615.0585216351511,589.8711500262631,607.7938278751657,4001839
2022-02-16,609.8489379882812,617.6393513636646,606.9813097532266,612.8599709719069,1939683
2022-02-17,610.0401000976562,620.79370554239,606.4077828158438,613.4812305031536,2382178
2022-02-18,604.9261474609375,614.1503748717041,603.301204815847,607.1724912302868,1458069
2022-02-21,595.6063842773438,606.9813333894937,593.8380368003511,604.0181407680335,1857572
2022-02-22,594.554931640625,597.1358087679246,575.9153477708627,584.0402945858873,3353278
2022-02-23,587.5770874023438,600.2424465262653,585.8086815005657,596.9446621048342,2339927
2022-02-24,544.2279663085938,577.8270303691054,541.0258051098655,572.5697124749282,5487481
2022-02-25,572.1874389648438,579.2131636592105,550.7280661118009,550.7280661118009,4524909
2022-02-28,599.7645263671875,602.0108120741821,564.1581383322374,565.400765709342,7142843
2022-03-02,616.1576538085938,625.1429116554428,594.6982840194371,597.4225073159813,8894940
2022-03-03,625.8121337890625,633.2679561706616,620.6503791868511,621.7974422475704,5940599
2022-03-04,604.06591796875,631.2606049029949,600.9593206185227,625.8120994203407,7605400
2022-03-07,609.0364990234375,614.6283510421334,595.0328903946005,602.2019613632101,5507113
2022-03-08,602.0585327148438,611.7129162413415,586.0476081869954,611.7129162413415,5422987
2022-03-09,599.4777221679688,606.2644191718995,590.7314324765217,601.246069624162,3784214
2022-03-10,622.0363159179688,623.3745656739712,596.466632551383,604.1136406610161,5201836
2022-03-11,640.1979370117188,643.3045339438398,618.6429453511021,619.8855724555425,8172290
2022-03-14,635.51416015625,643.3045731982166,629.5399349222398,637.5693169735669,2529995
2022-03-15,612.8600463867188,631.6429786324118,606.9813844446462,629.922413148066,4754984
2022-03-16,626.3378295898438,633.5069005122762,618.9297896366636,620.0290705149226,3150421
2022-03-17,654.8707275390625,662.3743903276464,631.2127928081063,632.7900117936567,9991824
2022-03-21,651.2383422851562,668.1573600668457,649.0398390348902,659.2677244553953,4609771
2022-03-22,665.7677001953125,669.017702255267,647.5582722532112,648.896463781039,4811589
2022-03-23,673.3191528320312,678.6720356922214,661.7052347999158,671.8853386721181,8964532
2022-03-24,683.5469970703125,687.752875378173,673.1279822609177,673.4147334314425,6069039
2022-03-25,689.5211791992188,694.4439642925498,678.9109781676304,686.3190177041304,16121868
2022-03-28,697.8851318359375,699.1755996030939,686.4624588762184,690.1425586011921,8935680
2022-03-29,720.635009765625,731.0062420366489,694.5873862344074,699.223361948099,7285191
2022-03-30,685.8888549804688,717.5761696968564,683.4036005620262,716.9070447866466,5994838
2022-03-31,700.3226928710938,704.9586689162993,688.7565563148297,692.0543407395263,5946576
2022-04-01,699.8924560546875,716.8592559561577,696.3557029983666,702.5688973284824,5079937
2022-04-04,700.370361328125,705.4364924919762,694.730669555397,700.1791744584993,4901374
2022-04-05,701.0872802734375,713.083512685734,697.932901068035,705.3409402413788,3524949
2022-04-06,704.863037109375,713.561486006528,697.5983439746775,698.2674688918536,4111360
2022-04-07,695.925537109375,709.97692652249,693.7270338925575,702.5688872353148,2954985
2022-04-08,723.2158203125,728.4253566278677,698.9366028346551,702.04320010119,8125253
2022-04-11,733.5393676757812,740.8040029485212,722.642356424622,722.642356424622,7926472
2022-04-12,722.5467529296875,739.6091176378919,705.5799524927601,735.4510800225619,8595936
2022-04-13,732.53564453125,746.6348173648821,726.4658544786752,726.4658544786752,6722613
2022-04-18,733.9694213867188,741.6164299922905,724.9364391450235,730.2893218321055,5866740
2022-04-19,713.4659423828125,755.1421168895164,703.6203719066914,738.6054720741427,7301285
2022-04-20,706.2490234375,724.5540738376308,700.1792336227765,724.5540738376308,4679947
2022-04-21,701.80419921875,714.278369854253,693.4880660144001,711.1717727287577,3995936
2022-04-22,691.4808349609375,704.4807273527432,690.1903671444097,697.7895942571269,2244262
2022-04-25,684.1205444335938,687.7528619876346,664.5728662917344,679.6279150426799,4935672
2022-04-26,689.3778076171875,692.3409999867501,681.587394600694,690.4770300514251,3260695
2022-04-27,688.8042602539062,701.8042095761379,679.6278734846027,681.5396255900446,3391522
2022-04-28,696.9292602539062,701.8520456405025,690.7639059137472,697.6461673485339,4079934
2022-04-29,695.0653076171875,707.3482917795137,691.3851497425669,698.840971419942,3622889
2022-05-02,699.6535034179688,701.8042245825791,677.7639180057836,688.2307726752961,2802163
2022-05-04,680.1536254882812,703.5248077398978,676.8080591471269,701.6130555449525,3011231
2022-05-05,676.521240234375,694.3483510037186,673.9881454929367,688.23072125574,3131221
2022-05-06,659.9368896484375,669.9735888029451,650.6170975763948,664.716270198203,3930624
2022-05-09,648.4185180664062,655.8265577153707,638.6207882080985,650.9516130251286,3380947
2022-05-10,616.8268432617188,647.1281276734804,614.7239041473983,644.2604993381474,4293241
2022-05-11,620.3157958984375,628.9664627835097,607.3158461609063,616.0621356595319,4158341
2022-05-12,597.2313232421875,622.8010066750595,592.6431300329217,619.1209073495751,4123927
2022-05-13,573.9558715820312,608.893134757226,567.9338632363593,606.0732883203166,5567335
2022-05-16,575.7241821289062,599.0475830660156,572.6175847026382,588.8196967942,4641172
2022-05-17,613.529052734375,617.3047750056999,582.2719508724857,583.0844222223701,6309092
2022-05-18,603.20556640625,616.4444846320357,600.2901561380013,614.5805146762558,4941565
2022-05-19,573.7168579101562,597.3747918396518,565.9264442086748,591.6873172669796,5816509
2022-05-20,603.2533569335938,606.3121719879404,589.4887767021006,593.5990320835455,6187868
2022-05-23,523.389892578125,567.7903444844137,513.7833504383373,567.7903444844137,17554373
2022-05-24,515.8863525390625,531.8494953776406,513.5444443816161,524.7282066303235,7517949
2022-05-25,505.13275146484375,520.9524897134195,498.01146264347074,517.9892970537039,4725882
2022-05-26,527.3568725585938,531.1803770783704,497.10336970904206,507.0922869353681,8178844
2022-05-27,524.2024536132812,536.5332197578838,515.5995690901445,533.3788404344759,5193961
2022-05-30,515.0737915039062,520.7134835937356,502.4084337111261,506.6143117112068,12211769
2022-05-31,526.9266357421875,533.6655497553802,508.7172099305253,513.8789052346126,20152169
2022-06-01,544.371337890625,547.09556093307,524.9670683313243,529.6030432188637,8495547
2022-06-02,548.099365234375,549.6287436189311,533.0443170395955,545.7096750447274,7010273
2022-06-03,537.6325073242188,556.2720906921418,534.860443383966,550.5846164063407,6367536
2022-06-06,553.4522705078125,557.5147439959959,528.5994915212785,528.5994915212785,10383944
2022-06-07,546.856689453125,553.8824137417057,542.0773089882592,549.6287534595658,3735461
2022-06-08,550.7280883789062,557.2758169218706,546.9523657725174,548.2905574288479,4138705
2022-06-09,546.9522705078125,550.2978365790077,539.1140754726038,544.8493315946528,3922515
2022-06-10,547.239013671875,548.6728276814956,536.5809728635451,540.0699436237718,3374125
2022-06-13,539.1140747070312,542.8897966504269,530.5111905361744,538.2537629531287,4071346
2022-06-14,537.1068725585938,551.3493932632816,535.4340891698447,537.9671261532891,3413396
2022-06-15,538.158203125,543.89345928619,532.4707290967447,537.2978913640044,3803101
2022-06-16,521.764892578125,546.2831353767318,520.4267011799772,546.2831353767318,4899759
2022-06-17,530.1288452148438,536.9156003187309,515.8863267735874,516.2686421964537,6776372
2022-06-20,526.06640625,530.1288798136304,512.4451713601804,526.3053752831547,5614520
2022-06-21,550.7757568359375,555.1727630509621,528.3126710819685,531.4670501790114,4657829
2022-06-22,526.1141967773438,544.7537795936415,518.5627527098211,542.2206847458913,8511658
2022-06-23,534.2869262695312,540.5479026870647,523.8200719230972,525.7318240104078,5037690
2022-06-24,542.746337890625,547.6213401074549,535.5294863340046,536.9155180919868,3406061
2022-06-27,546.4265747070312,562.5330630304742,544.8971380011268,550.2978610934624,6550599
2022-06-28,552.8787231445312,554.933821618881,542.9375890227897,548.1471250929134,4285360
2022-06-29,550.6323852539062,555.5073880992572,544.036875534258,548.1949130022526,3334027
2022-06-30,539.5919799804688,557.0844983982304,531.6582211726358,551.5404294928795,5646362
2022-07-01,553.3088989257812,554.886117946688,531.9928719547236,531.9928719547236,3737790
2022-07-04,543.4547119140625,560.4530687237045,536.2612164235748,553.9000549391791,6026463
2022-07-05,544.5879516601562,555.7723535106617,542.5678089970023,547.3963517290293,3562565
2022-07-06,546.460205078125,549.1700880409678,533.1078846901636,540.0057685955817,3281658
2022-07-07,566.2177734375,569.5681986640247,543.5532949439489,552.3727453432219,4952962
2022-07-08,557.9403076171875,572.622910887906,554.3435296226868,571.538981704653,3313755
2022-07-11,568.8783569335938,582.7233840245478,552.9146699051695,555.7723888703929,4900994
2022-07-12,566.0700073242188,572.9678922003034,555.2797325248154,565.5280426843401,3425619
2022-07-13,580.0135498046875,585.0884462808683,566.2177801239596,567.1539336669656,4569908
2022-07-14,575.4805908203125,582.8219220301086,565.8728241071309,580.4076506732262,4660656
2022-07-15,567.9915161132812,575.4806234565169,561.0443132108699,573.5097994035837,3051005
2022-07-18,577.4022216796875,583.3639527489256,569.5681835960794,574.3967268574878,3583550
2022-07-19,576.3182373046875,580.9989447364604,568.9769653433107,572.3765889410894,3586372
2022-07-20,581.7379760742188,591.1979677827819,578.4368697849756,586.8128721583525,4550328
2022-07-21,578.9788208007812,587.2070472614508,576.5152907487442,581.294575136562,3773423
2022-07-22,573.9533081054688,583.9059465771678,570.7507186776231,579.4223334071407,4351458
2022-07-25,576.9586791992188,579.8163978253211,565.1337361584149,565.1337361584149,5783353
2022-07-26,589.030029296875,590.9023361748006,573.1156012688357,575.4806141520285,6031921
2022-07-27,593.9078979492188,594.9918272254889,581.3931519710547,587.3056247029638,2913380
2022-07-28,607.7036743164062,617.8041486774349,594.2527746460011,596.2728574892501,5104503
2022-07-29,620.4153442382812,628.6435701683362,611.4973780539567,613.9116493782188,4732970
2022-08-01,629.8754272460938,631.6491569996638,619.0851527067688,625.3424954927685,3055387
2022-08-02,639.2368774414062,640.4686426360503,617.1636210954719,628.4466023073678,3053206
2022-08-03,643.2769775390625,651.160273979847,635.5907755382533,640.5178358137437,4446383
2022-08-04,654.658447265625,663.6257326774612,643.3755278242028,643.3755278242028,4705675
2022-08-05,657.4176635742188,664.1677119598163,655.299003639878,655.3975207855219,2455459
2022-08-08,659.437744140625,666.1385339322902,652.7862129216265,660.718767753847,2446698
2022-08-10,660.3245849609375,664.9560335850111,650.3719473995525,662.7388564916035,3252353
2022-08-11,663.7734985351562,668.4049469598765,659.6840748257607,663.2807925356068,3480693
2022-08-12,668.3064575195312,675.0072473622005,663.1823028828626,663.7735260489184,3476671
2022-08-16,664.0198974609375,670.967100650899,660.6202739447361,668.1093815979518,2747244
2022-08-17,662.7880859375,666.5819582174701,658.6494036608422,662.7388273665446,2349839
2022-08-18,663.5765380859375,667.8630567010599,659.1421835965907,660.226112858296,1806855
2022-08-19,654.8555908203125,666.9268888940519,653.4267312642606,666.9268888940519,1961510
2022-08-22,633.5707397460938,653.4267580390361,631.6491740674778,651.2588994731958,2303053
2022-08-23,643.3262329101562,645.4448928759812,627.411864386417,632.6345362234808,1751341
2022-08-24,641.9959106445312,647.711288150094,637.5615566953364,644.9521466106611,1781643
2022-08-25,639.2368774414062,650.2241868907597,637.6109233265622,644.4595498377398,1525852
2022-08-26,657.2698364257812,660.7680371694066,644.4594797937946,646.4303038910233,3070661
2022-08-29,640.1235961914062,650.3226462400631,633.2257123525128,644.4594329480489,2728484
2022-08-30,657.1713256835938,658.2552548897221,641.9959559291227,643.3262381498056,2321586
2022-09-01,651.9485473632812,660.0289376958241,643.7203813193669,645.4448522987911,2472832
2022-09-02,651.7515869140625,659.2406948151864,644.4595133170881,650.3719859163274,2022058
2022-09-05,672.0017700195312,673.5784052662385,652.3427872861073,652.3427872861073,4930594
2022-09-06,674.5638427734375,676.9781144536478,668.6021115819505,672.0510539408847,3295941
2022-09-07,674.613037109375,677.7171089947421,665.9414234616254,668.1093419097567,2310672
2022-09-08,675.3521118164062,681.018230998251,669.3903810540294,676.9780657264987,1889770
2022-09-09,676.9288330078125,691.5129196039197,675.1057845928119,676.9780915823196,3953738
2022-09-12,676.9288330078125,676.9288330078125,676.9288330078125,676.9288330078125,0
2022-09-13,680.968994140625,687.7683614335705,676.5838984311039,679.93432350338,2094822
2022-09-14,682.74267578125,691.5621251538731,672.0509797074506,675.0072156885684,2755630
2022-09-15,679.5894775390625,687.8176445006056,674.5145811757371,682.0036890636765,2887795
2022-09-16,675.8448486328125,684.368687152742,669.0947999664678,675.0072724256707,4073365
2022-09-19,670.0309448242188,681.4124421323984,665.4980132437734,672.0510275260965,1708723
2022-09-20,678.9488525390625,688.0639133314955,672.1002272660635,673.3812508079371,1802967
2022-09-21,674.8594360351562,682.3978624727309,672.0510356771155,675.2043663485448,1806929
2022-09-22,669.4396362304688,676.9780622920686,664.1677059459304,671.0655901323124,1504203
2022-09-23,659.2406616210938,676.9288199521401,657.2698375205823,671.5583122492906,1558314
2022-09-26,636.7240600585938,652.2935593951263,628.6929272900013,649.5836760878418,2192702
2022-09-27,627.7074584960938,641.4539682425067,623.7658104050664,639.926591636189,2512782
2022-09-28,607.5064697265625,623.273060992783,606.0283517953543,619.9226362908022,2164186
2022-09-29,609.23095703125,618.838723842499,608.048450625526,611.448133987692,3577828
2022-09-30,622.435546875,624.7019825662679,605.2400945339123,611.9408844604005,1588501
2022-10-03,614.4536743164062,621.7950061485421,612.1872386208903,621.7950061485421,1285991
2022-10-04,633.8170776367188,635.5908073958439,622.9282859110641,624.5541797966031,1384242
2022-10-06,664.6111450195312,668.1093456410564,638.9411740780595,638.9411740780595,3704140
2022-10-07,656.3336791992188,663.1823049268994,649.9285009198356,661.6056697160394,1601796
2022-10-10,656.284423828125,658.2552479237049,644.9521852785402,646.0854331914101,1089870
2022-10-11,633.37353515625,659.5854691460363,630.6636522753793,659.5854691460363,1644047
2022-10-12,641.6017456054688,644.2131115303861,628.8899665661521,636.5761683344235,1530483
2022-10-13,638.891845703125,646.4302715558557,632.3388919944925,642.9813295582254,938662
2022-10-14,630.9100341796875,649.8792152151565,629.6782691773843,648.4010972123926,1386827
2022-10-17,622.238525390625,626.968491767141,614.8971927115065,623.9137381048538,2281559
2022-10-18,627.4610595703125,629.1855304839333,621.9427767046349,625.3423998185266,1809430
2022-10-19,616.7694091796875,630.6144360722227,615.882514301183,630.6144360722227,2157157
2022-10-20,619.2329711914062,620.8096064514663,606.028425345479,609.575884753004,2686775
2022-10-21,612.9755249023438,621.3022683629674,607.5065003104987,620.9080795035582,2547197
2022-10-24,612.9755249023438,612.9755249023438,612.9755249023438,612.9755249023438,0
2022-10-25,634.9501953125,641.453950570382,615.0941796878515,615.0941796878515,4787246
2022-10-27,669.6859741210938,673.0363989939078,638.5469788404864,640.5178028492534,8328955
2022-10-28,660.6203002929688,668.5528557217871,653.7716741234491,666.7298072377896,2500826
2022-10-31,664.1184692382812,666.5819993859529,659.2899260909332,662.1969036941416,1380329
2022-11-01,676.3375244140625,678.2098313336282,660.226061741418,660.226061741418,2846573
2022-11-02,674.2189331054688,683.8267005426158,672.3466261623698,675.0072507123816,1912908
2022-11-03,670.2772827148438,677.9634846102485,668.0601056212782,668.7991646524667,1639039
2022-11-04,691.5128784179688,693.6807968701794,672.3958613549873,673.233497650838,3624889
2022-11-07,699.6425170898438,705.0130244964603,689.7883971308319,695.0110686801531,3121786
2022-11-09,696.2428588867188,705.7521090494153,692.7939167761748,705.555014614143,1632827
2022-11-10,690.8231201171875,695.4053103037344,687.0293077030037,689.5913550288448,932886
2022-11-11,708.51123046875,711.4182079078342,694.863298279105,695.7008744241134,2607860
2022-11-14,708.905517578125,720.7304632581953,706.195634193109,712.0587883103166,2089880
2022-11-15,711.8123779296875,714.2759080812332,702.401704779739,709.8908725273052,1065114
2022-11-16,697.9180908203125,711.4182480582175,693.7300895693611,709.989388543643,1395043
2022-11-17,698.262939453125,702.549517864678,687.3741485653475,694.7154802078469,1391449
2022-11-18,697.8688354492188,701.2192003784892,690.9709510042288,699.6425651346889,893816
2022-11-21,686.3887939453125,712.3051204378165,682.5457227989615,709.4967199791453,3360316
2022-11-22,697.9180908203125,699.5440447756523,680.9197328017451,686.3394991265056,2421572
2022-11-23,710.03857421875,711.4674335866251,697.6716661763581,699.741007229989,1735389
2022-11-24,715.35986328125,717.8233933151789,706.6389308742757,711.4674737986869,1654760
2022-11-25,715.606201171875,717.9711538676361,709.5951519291689,711.4674587733244,1466688
2022-11-28,705.210205078125,714.1774312784163,699.642602563195,708.0186055516276,2418509
2022-11-29,721.863525390625,725.1646915714834,703.4363095534031,704.0768513907443,3306817
2022-11-30,732.5553588867188,734.7725360502442,720.4347422769558,723.3909784949897,3962572
2022-12-01,735.4129638671875,741.9659777277365,732.2596334369626,736.2506001543901,1942307
2022-12-02,732.2103881835938,740.3400373347323,729.7468581377942,735.757907536411,1392199
2022-12-05,745.562744140625,747.9277571539643,735.117400312065,735.5608477701635,2129340
2022-12-06,735.8564453125,744.725153726042,729.4020084404889,743.9368361182384,1468238
2022-12-07,727.3819580078125,740.0444793014631,725.5096509796301,736.1520895185246,1162282
2022-12-08,733.8363037109375,735.8071276445537,725.3124661401382,727.3818673572993,1053397
2022-12-09,729.59912109375,739.8473705406108,727.4312025095821,737.5316762327283,1338271
2022-12-12,730.04248046875,731.1757283644225,716.8872538882983,727.234080233078,1224081
2022-12-13,733.3928833007812,735.1173543061911,724.9183641321054,733.6392363015541,1201367
2022-12-14,746.89306640625,748.5682789001985,734.9695446567865,737.0389460239386,1471083
2022-12-15,732.5060424804688,751.7708966779842,730.1903481602745,744.9715292971223,1690335
2022-12-16,732.6045532226562,736.6447183084604,724.2778099097054,729.0077754148547,1498658
2022-12-19,738.5170288085938,739.8473109387584,728.9585204653249,731.1756974454493,944749
2022-12-20,734.9202880859375,736.2506304280404,722.4055431373531,729.6483577249498,1512103
2022-12-21,732.2597045898438,741.9660498237727,728.8600809739573,739.059072111179,1605753
2022-12-22,726.7905883789062,738.0735674943908,723.7358353216854,732.2596127980074,1403642
2022-12-23,717.2321166992188,725.8052133260817,711.8616692910635,719.3015180338556,1687270
2022-12-26,721.5186767578125,726.5935124591932,712.6992273492846,716.9364869105153,1168456
2022-12-27,753.7909545898438,758.0774729205068,723.7358872676566,725.1647467594703,4992699
2022-12-28,750.5883178710938,755.9095064810226,746.1047053870097,749.8985174555175,1917734
2022-12-29,758.176025390625,760.1961079844044,741.5225383452921,744.9714803841074,2103907
2022-12-30,756.845703125,766.1578589052801,754.0865614498593,761.7235047379827,2190914
2023-01-02,763.9899291992188,772.0703198146194,754.9734452780392,760.6395644087783,3360043
2023-01-03,756.6979370117188,765.1724565811062,752.4606170822466,764.8275864216275,1635681
2023-01-04,725.558837890625,756.4515399356304,723.8343669041259,755.2197749452739,2819669
2023-01-05,739.748779296875,741.8673789494886,725.8051758372857,731.0278472591368,2452379
2023-01-06,717.724853515625,743.3948859257996,715.3599006463912,739.0590487817019,3536096
2023-01-09,731.5206298828125,735.75794992151,724.4257110580112,726.0023463202382,1761359
2023-01-10,734.3290405273438,740.487865578491,724.3270845863702,733.3928870906142,2289489
2023-01-11,743.19775390625,747.3857549709257,737.1374459547498,739.0590114133798,2794465
2023-01-12,752.3128051757812,753.24895860691,741.6210488640903,747.3364865931816,2422254
2023-01-13,757.2891845703125,760.6888682801632,750.588394445621,753.8402422853468,1816006
2023-01-16,748.1248168945312,759.7526666904097,742.7050507897359,757.5354896475388,1673126
2023-01-17,746.4496459960938,752.6084714581077,736.398430813131,747.3857994952758,1480994
2023-01-18,755.9588623046875,758.2745565155376,744.1831765260756,747.927730208308,1740579
2023-01-19,748.96240234375,762.708912209031,746.0061662499165,751.8201212923666,2185302
2023-01-20,730.6337280273438,752.8547562516274,727.6282335031999,748.9131083131372,3001352
2023-01-23,723.2431640625,736.2506147546378,715.409126475037,726.7906232763664,3335294
2023-01-24,711.5167236328125,727.135539942985,708.5112290572825,724.2778210808104,3146984
2023-01-25,714.0789184570312,716.2960957321269,706.5404916637932,712.4529643973814,1567673
2023-01-27,710.8269653320312,717.6263326030719,701.219197748262,717.1828851471729,2706934
2023-01-30,691.463623046875,714.4237109704885,682.6934320542922,714.4237109704885,2277856
2023-01-31,705.9984130859375,709.2995191048527,693.8778579671485,698.3614703708959,2294866
2023-02-01,719.0551147460938,727.9238223306548,709.2995123451675,711.4674306725702,3271508
2023-02-02,716.788818359375,726.1502337372467,711.2212156819902,719.1045128423033,2299091
2023-02-03,721.1737670898438,723.5880385822302,709.0039526280103,716.394542822187,2558496
2023-02-06,700.6771850585938,720.6317779016046,698.7556196447562,717.2320944993959,1202963
2023-02-07,703.6827392578125,710.1372364700068,695.7994426515587,697.671749653456,1946683
2023-02-08,721.2723388671875,725.2632455125881,702.1553216531026,707.3287347494901,1793312
2023-02-09,713.1919555664062,726.6428538122017,711.9109319584203,722.3070168292585,956700
2023-02-10,708.4619750976562,716.0496595873235,701.6133496139024,711.4674696927493,997205
2023-02-13,707.5750732421875,717.0843230822389,704.569578676787,705.5549906749364,863438
2023-02-14,713.2904663085938,715.409126208582,705.0130414310629,711.1226079813587,931784
2023-02-15,716.5424194335938,717.9712188365685,709.5952161401602,709.5952161401602,859372
2023-02-16,717.3306884765625,720.7796305296797,713.3890404158573,720.1390886619046,649802
2023-02-17,717.774169921875,725.1647603858779,714.8179337362739,715.4091569154824,1142716
2023-02-20,712.7977905273438,722.307040977386,710.8762851235136,717.7741695530385,606435
2023-02-21,709.59521484375,725.2632909757302,706.8360730483419,719.3508184949497,1749017
2023-02-22,689.7391967773438,712.6992861908299,684.8613949569675,709.5952140838323,1810091
2023-02-23,691.0694580078125,703.879814646167,689.8869515199318,691.6607413241421,1824396
2023-02-24,675.0072021484375,696.4399125816178,667.3210007806655,694.715441627224,2142286
2023-02-27,670.5728759765625,675.0072300425353,656.1365659038737,674.514524035205,1814311
2023-02-28,657.4669189453125,673.972570460374,655.2004833035431,673.972570460374,1915622
2023-03-01,666.828369140625,668.8977104587058,658.2552719825547,658.2552719825547,1464537
2023-03-02,665.2516479492188,673.7262276285331,663.7735298807686,670.2280268954901,1091983
2023-03-03,672.3466186523438,675.9926552064653,666.1877934409146,671.5583010542363,1084202
2023-03-06,664.4140625,673.8247353755681,663.5271676133906,673.5291237949574,1215223
2023-03-08,665.54736328125,667.1239985996435,654.3136411671541,660.226113828303,1539129
2023-03-09,670.2772827148438,681.8558742034635,662.7388565388098,667.2224692990645,6336933
2023-03-10,669.489013671875,671.410519176519,656.3829844523316,658.5016445533266,5369878
2023-03-13,665.7443237304688,681.3631400311377,663.231535157203,672.8393021656942,1602921
2023-03-14,662.2461547851562,672.8393343004478,657.9596364345542,668.1093684993198,1555671
2023-03-15,669.7353515625,674.8101877431936,664.8575496841394,671.0656338271525,1173429
2023-03-16,652.7369995117188,665.8429684210711,639.5817118815099,665.3502623707586,2512474
2023-03-17,666.5327758789062,668.1094111984529,654.8063477011385,660.2261143111555,1667707
2023-03-20,658.403076171875,663.0837833447274,650.3719440173857,663.0837833447274,1480884
2023-03-21,656.0380249023438,661.704143780584,652.3427299817522,661.704143780584,1133592
2023-03-22,652.589111328125,661.4578195228447,650.4211928515715,656.2844064092583,949388
2023-03-23,658.0581665039062,661.014402705761,648.6474932902913,652.244271393793,1099501
2023-03-24,648.2040405273438,661.3593276048263,646.1839578348943,661.3593276048263,1563002
2023-03-27,649.2387084960938,656.7771347761168,646.2824723305598,651.4558856202442,1134491
2023-03-28,650.3719482421875,653.2789257973772,646.3810414978387,652.4906081920998,1190600
2023-03-29,668.9962768554688,675.4507138702954,648.9923637642579,653.6238125116532,2208428
2023-03-31,678.06201171875,682.3978488233369,666.9268675141986,669.094786066492,1447293
2023-04-03,672.2481079101562,681.5602637474926,666.2863770776618,680.328498693474,1335604
2023-04-05,676.53466796875,679.9343517564888,665.2024287728085,668.6021125605473,1188370
2023-04-06,672.7408447265625,677.9635167657143,670.3265730812168,677.9635167657143,726290
2023-04-10,678.4561767578125,683.1368838596275,672.8393162066792,674.0710812334726,600036
2023-04-11,703.1900024414062,704.5696033450278,678.4561844797925,683.629597651207,4076632
2023-04-12,707.772216796875,711.9602180796968,701.0221681989447,709.3981707645881,1810361
2023-04-13,710.1372680664062,711.4675503699883,703.8306064428866,706.5404897718582,835749
2023-04-17,710.6791381835938,713.0934095845382,703.5841598369552,703.5841598369552,1253589
2023-04-18,708.8561401367188,714.4237423244693,702.0075744468108,709.5459406065396,837349
2023-04-19,711.8123779296875,722.9968409045722,704.9144935053597,704.9144935053597,2268330
2023-04-20,705.35791015625,716.3945367821239,702.3031569596563,715.4091247645418,1033900
2023-04-21,700.2831420898438,708.5113091746405,692.8432325216278,708.5113091746405,1416385
2023-04-24,709.841552734375,713.3398136600998,694.8633375514646,698.2137024656297,729151
2023-04-25,714.4237060546875,719.9419892435443,707.328727565603,709.8415161579436,1079227
2023-04-26,712.8963012695312,714.0788076617297,701.6133221912924,709.4966179462507,1277410
2023-04-27,721.420166015625,724.0315321083616,707.1316907307373,712.4529400671595,1247848
2023-04-28,714.7192993164062,725.2632195645743,711.0240043797661,725.2632195645743,1593083
2023-05-02,727.1356201171875,735.6101402063268,717.8727222241247,721.2724060330032,1965606
2023-05-03,721.7650146484375,724.7705091496068,715.3105782274536,720.3361552527024,1215913
2023-05-04,727.923828125,731.1756755696028,719.5970850198147,723.2431213070005,1464468
2023-05-05,722.6519165039062,730.8308847897212,719.8435161660982,725.5588941354495,945667
2023-05-08,722.1099243164062,730.1903149998813,719.400041231049,724.86906597436,1132367
2023-05-09,714.029541015625,729.6976165290554,711.9601997869581,722.8982493866736,1179219
2023-05-10,713.783203125,718.9566164510306,708.905461533423,714.4237450232773,919645
2023-05-11,700.2337646484375,718.7595589332423,698.1644234427918,716.8872520178278,1284636
2023-05-12,692.3998413085938,698.5586669797199,681.0676020737218,689.6899580132983,1499306
2023-05-15,695.2574462890625,700.1352478703873,686.8321854548345,691.6607284635758,998259
2023-05-16,692.498291015625,700.6771986813403,690.3303725615764,700.085975532407,874913
2023-05-17,684.9598999023438,691.1187252868231,681.7080521282945,691.1187252868231,1686465
2023-05-18,681.9544067382812,699.1498592809113,679.1952649885386,690.5767622967139,3667407
2023-05-19,683.7280883789062,686.4379713639913,671.1148268772837,685.8467482251555,2329260
2023-05-22,694.3212890625,697.4746195728425,677.4215089131825,681.9051215999493,2182824
2023-05-23,693.82861328125,701.5148755303579,692.2519780297702,699.6425685425435,2324758
2023-05-24,685.8467407226562,696.2428251227589,684.3686227469608,689.7883886578439,1185182
2023-05-25,686.4873657226562,692.3998383416018,679.9343511787455,682.8905874882183,1213068
2023-05-26,691.463623046875,695.1589181036188,684.0237743615859,686.487304399415,1461749
2023-05-29,691.9563598632812,698.6078912615748,690.8723705115068,692.9910304962822,1467219
2023-05-30,694.3212890625,707.4273171165866,687.7190766079175,690.872346973483,3317461
2023-05-31,686.1423950195312,694.6662332681209,680.9197232091116,690.921679525449,14943096
2023-06-01,683.7280883789062,691.6607030510661,681.0675241093701,688.704467067337,1995511
2023-06-02,696.2921142578125,698.706385753048,685.6004178221972,687.8175948830666,3405152
2023-06-05,701.76123046875,703.5842187423133,692.744685960569,698.6078998123776,2454283
2023-06-06,702.450927734375,707.0331176418108,698.4600211201953,703.5841756045337,2436996
2023-06-07,719.1044311523438,721.5187026623862,703.5841916310701,704.8159566724411,3667486
2023-06-08,737.8765258789062,753.2982484120553,717.2321315460381,719.1044384859271,9618332
2023-06-09,737.5809326171875,745.9076766175733,730.6830481438137,740.537168820062,2408734
2023-06-12,736.3983764648438,746.8930383354917,733.7870707485396,743.5918720446198,1703619
2023-06-13,745.612060546875,751.4752141981954,740.1922942074983,743.9861065871503,3419413
2023-06-14,761.57568359375,767.6359917974307,748.075586539323,750.44053938739,4758206
2023-06-15,759.3585205078125,766.6505939166022,757.2891792093943,766.6505939166022,2222061
2023-06-16,764.7782592773438,770.3951199276252,761.4278944321915,765.6158955972152,2285788
2023-06-19,760.3932495117188,770.5922404002812,756.648635521827,769.1141222920965,1422461
2023-06-20,761.871337890625,775.0265644822216,757.3384064488721,760.9351844296821,2282549
2023-06-21,747.681396484375,762.7089303181631,741.0791236890992,761.8713541296012,2768203
2023-06-22,741.374755859375,752.6084776524597,735.068154621234,743.1978042980037,1972478
2023-06-23,735.610107421875,747.6321466585293,732.9987413885206,739.0590496535918,1704679
2023-06-26,737.8765258789062,740.3893145599734,726.39651166312,738.9605152132339,1602537
2023-06-27,751.376708984375,753.8402391777663,738.1229045149732,739.059058017418,2783577
2023-06-28,771.9718017578125,779.9043565025158,750.8839604382501,756.7964325676852,8340755
2023-06-30,773.351318359375,777.4900607497353,768.621352832438,774.8294363455913,2515440
2023-07-03,782.4171142578125,796.5084935813599,775.568488949145,776.5046423616578,4781944
2023-07-04,785.0285034179688,791.0394926332602,777.7856890429007,786.3587855762587,2473106
2023-07-05,780.3478393554688,791.8771124152752,776.6032253877312,785.07780524472,2526894
2023-07-06,783.9445190429688,792.8132272066886,777.4900823527724,792.7147100627801,3316923
2023-07-07,776.8988647460938,790.2019270866448,772.9572166451898,784.3879720799006,2547821
2023-07-10,798.7750244140625,801.9283551638556,776.2583819809997,777.4901471063266,4777540
2023-07-11,789.0773315429688,807.186317112107,785.0200881806069,807.0378585459039,3085989
2023-07-12,797.2906494140625,806.2956454853545,780.4186180947122,796.1031621392045,25929716
2023-07-13,793.7777709960938,805.7019898575464,788.4835741319331,802.238520289599,3049961
2023-07-14,796.4495239257812,799.4677385133409,783.8325993583661,799.4677385133409,2011903
2023-07-17,789.8195190429688,803.5249387277862,788.6814977414355,797.2412395361441,1769593
2023-07-18,782.6452026367188,792.6397622461184,780.2702278789817,791.4522748672498,1527919
2023-07-19,783.634765625,789.5226156670585,780.8144755495628,787.6919487394109,1563134
2023-07-20,790.7100830078125,793.0850577060861,777.5489108503255,786.7023660528268,1780010
2023-07-21,778.2415771484375,814.7564035849331,774.431724614173,789.6710139550058,8469798
2023-07-24,767.5543823242188,780.7650210689906,765.1299414719474,780.7650210689906,2710762
2023-07-25,792.1943969726562,797.0927443527708,768.8902077741811,769.8797704611492,4850069
2023-07-26,797.0432739257812,800.5562093656247,791.7490773406761,799.0223992888607,3062011
2023-07-27,785.4653930664062,805.9988190898745,782.7440956416092,797.5875361405019,2865447
2023-07-28,795.7568969726562,797.5875638719248,777.7963091852765,786.7023737942682,2111325
2023-07-31,808.225341796875,812.6289079273042,797.7854673066087,797.7854673066087,4226070
2023-08-01,812.3320922851562,816.3892754341273,808.4233073110299,814.4101499179234,2406158
2023-08-02,795.8557739257812,809.3138020206746,790.0173300386383,808.4726979140357,1975596
2023-08-03,796.0537109375,800.5562090571482,785.9106934556264,795.8557863216457,1829238
2023-08-04,797.5380249023438,806.2956301413018,794.4208784149258,799.5666162426442,1275614
2023-08-07,804.56396484375,808.0769004525567,795.1631189169656,799.5666851412403,1422051
2023-08-08,792.9365844726562,807.9779496879271,791.1553836809525,806.5430716841798,933777
2023-08-09,814.8554077148438,820.2485364454009,792.9860360657647,793.3324192455183,3133311
2023-08-10,822.8213500976562,826.2848194005328,810.6992075375886,816.3891928208857,6313077
2023-08-11,812.0846557617188,822.6729283573156,807.0873157968587,821.3370428685221,3239511
2023-08-14,791.1058959960938,806.4935835786154,785.267452029347,806.4935835786154,1866848
2023-08-16,786.9992065429688,795.3115574172022,780.7649735863507,795.3115574172022,1317570
2023-08-17,781.5071411132812,788.3351478919401,775.4213063584716,786.5538867162107,1434401
2023-08-18,778.884765625,785.6138402051255,775.1244394995913,781.6555894629872,1546387
2023-08-21,786.4549560546875,789.2751855912655,779.577483208056,784.7232213291817,1033216
2023-08-22,786.9002685546875,791.6006913643663,784.030512574796,791.5512253091504,823108
2023-08-23,789.5721435546875,794.519957312022,784.7727279712027,790.6606384220543,1274976
2023-08-24,779.676513671875,798.2802812633233,777.9447788620678,791.6501987690094,1726077
2023-08-25,765.0804443359375,779.3301113248305,762.5075450142779,772.84848756127,1502054
2023-08-28,764.9319458007812,772.7989811263496,762.9528204558892,767.4058524818963,1769280
2023-08-29,774.4813232421875,777.6974022328213,767.4553913622398,770.7704628683792,1807893
2023-08-30,778.934326171875,783.6842151907217,775.9161115303963,776.5098854065744,1978468
2023-08-31,771.5126342773438,783.5357856392359,768.8902687895351,778.9343550185555,3999415
2023-09-01,797.9833984375,799.2698178888315,769.8797931404782,770.869355856597,3513798
2023-09-04,801.3478393554688,817.9724801581747,800.061419962054,803.4754232585831,3571051
2023-09-05,807.4336547851562,809.4622461341098,792.1448997926099,800.5067162485564,1770212
2023-09-06,806.3947143554688,808.9675533628805,794.9157501422749,807.5326752864665,2225037
2023-09-07,810.7487182617188,812.8268361968122,797.0927649090086,803.5743885961814,2652562
2023-09-08,807.2357788085938,815.3996711471422,802.1395067046783,810.7487143413159,1866220
2023-09-11,815.6470336914062,820.6937791673765,807.92845691717,811.4413923287268,1715172
2023-09-12,807.6810913085938,831.2326715907076,803.4259837598356,825.0973707445819,2776481
2023-09-13,802.2384643554688,811.5898436165476,799.5666330811446,809.4622597281884,1380634
2023-09-14,801.8921508789062,816.3892693360601,800.4078067528408,804.4650502696235,2398032
2023-09-15,804.3660278320312,811.1445686610955,796.5979846871847,804.5639524544337,4454542
2023-09-18,800.3582763671875,806.4441109541623,799.1213230282181,804.3659931058262,1335464
2023-09-20,778.5384521484375,802.3374229403368,777.0046420471514,799.6161255225952,3359951
2023-09-21,770.2261352539062,783.3378415714038,765.9215614900498,781.7545653451413,2875491
2023-09-22,765.9710083007812,775.5203126701829,764.6351227933216,771.8589185410701,2147621
2023-09-25,771.760009765625,775.272945434306,766.2678882068246,768.8407875852979,2326745
2023-09-26,771.5126342773438,780.1713084754241,769.8303654963788,771.7600249687174,1727679
2023-09-27,771.4630737304688,777.4994425721179,766.5647865762134,771.8589229784218,2612372
2023-09-28,760.0830688476562,779.1816768524284,756.3722088049849,772.5515948298996,3157286
2023-09-29,771.4630737304688,775.7182417525601,763.3981737869352,767.7522135238418,1704218
2023-10-03,762.2106323242188,768.4448649490985,759.9841163583252,768.4448649490985,1099773
2023-10-04,748.703125,759.9841640950316,745.2891819563463,759.9346980389713,1654158
2023-10-05,747.6146240234375,754.6900215271803,745.0417851483206,754.046781609344,1459736
2023-10-06,757.21337890625,763.1012889636803,750.7317553968575,752.4139636434548,2026927
2023-10-09,749.6431884765625,753.4530409944099,741.3308982885643,748.6041597528268,725323
2023-10-10,763.843505859375,766.1194880897792,749.3958535655472,751.7213622516193,1351582
2023-10-11,769.1375732421875,774.3822432316339,766.4657419953039,767.9006199240109,1841618
2023-10-12,775.2728881835938,781.7050455576136,771.3146374918892,774.2338594566438,2139718
2023-10-13,769.1375732421875,771.858870542176,764.9319319603873,769.8797452330934,998547
2023-10-16,782.4472045898438,786.0590720472743,764.9319334898207,769.1375747800299,2157341
2023-10-17,781.9030151367188,787.6919329469949,779.9238896770529,784.4263880181695,1050381
2023-10-18,776.2130126953125,792.6397294969269,773.0463999485358,784.8221599406452,1250892
2023-10-19,772.30419921875,774.5307152301064,761.1221531080051,772.0073424968583,2130597
2023-10-20,761.3695678710938,771.6115176882162,753.9478475983632,771.4630591235159,1501944
2023-10-23,741.1329956054688,766.7131672191628,738.3127056740326,762.7549164225765,1715908
2023-10-25,740.48974609375,753.8983084137654,733.7607319063956,746.2291975947843,2417579
2023-10-26,721.0942993164062,737.2241580779529,717.9276868262481,736.9273013690871,2519570
2023-10-27,724.35986328125,727.7738665197797,717.6803153616482,722.0838812549339,1588987
2023-10-30,726.8338012695312,729.10978339402,718.422518341293,727.1306579991405,1162173
2023-10-31,728.6644897460938,730.841539824755,719.4121024094278,729.3077296777831,1363728
2023-11-01,716.888671875,729.6045277328315,715.4537939568751,729.2087389128006,1845107
2023-11-02,725.69580078125,726.7348899617967,717.4329761803501,720.4016643576481,1095177
2023-11-03,738.2632446289062,740.1929039849605,727.3285888087513,728.2686854589433,2526039
2023-11-06,746.1302490234375,748.5546896310539,737.1252529358477,740.2918051437176,2782755
2023-11-07,740.78662109375,751.6718109117876,739.1538788599132,749.0989720231337,2288975
2023-11-08,748.8020629882812,749.841091682353,737.2241680017855,742.1719812098512,2664277
2023-11-09,743.0131225585938,751.9687132328099,741.2319217939838,748.802100541218,2579350
2023-11-10,746.8724365234375,751.0780779347983,737.2736663990619,744.0522070303584,1108868
2023-11-13,753.1561279296875,755.2837118405961,745.1406944198741,748.6536298371846,942603
2023-11-15,764.7835083007812,774.3328125120929,760.9737160661973,760.9737160661973,2443652
2023-11-16,761.1221923828125,766.2184041662424,755.4322067268474,762.4580778993146,1699954
2023-11-17,760.7758178710938,766.8121867877721,758.0050542953293,763.9424306997314,1567731
2023-11-20,753.8983154296875,763.9424009485546,752.7108885135434,761.8643434471887,1024654
2023-11-21,767.7027587890625,771.4630851076103,757.9555899951554,758.8461602190104,1846834
2023-11-22,760.429443359375,768.6428014139473,757.5102214127797,767.702704800893,1312655
2023-11-23,767.455322265625,769.8302968502825,759.1430320155491,763.8929207867515,1068229
2023-11-24,773.8875122070312,778.043687705878,768.2965190843255,770.8693579941228,2069730
2023-11-28,774.1843872070312,777.3510000617196,770.6219854943298,776.8067526331287,858569
2023-11-29,784.9705810546875,786.4054589931555,775.0254883885177,775.0254883885177,1481172
2023-11-30,792.7386474609375,799.7151127497469,781.358676516446,785.712776515323,3142500
2023-12-01,802.33740234375,806.4935776455951,788.5825174424042,796.5979509260173,2064512
2023-12-04,811.0455932617188,814.8059799723538,803.8712634346056,811.4414425148749,2789349
2023-12-05,813.1236572265625,817.3787646237952,805.701937208792,807.4831379334345,1338828
2023-12-06,816.0923461914062,824.7015535017459,806.6915008245311,816.3397368589556,1543909
2023-12-07,810.600341796875,821.3370733555901,809.3138619177045,820.2980445592816,1717648
2023-12-08,830.5894165039062,844.542286618214,813.5194601669319,816.1912914992984,7142037
2023-12-11,836.2794189453125,838.1596122465517,823.1182470309813,832.7664834175266,1630946
2023-12-12,844.9381103515625,853.794708838484,836.4278950579857,837.7637805802873,2518863
2023-12-13,842.5137329101562,850.2323101284625,831.2326936231669,845.9276760119016,2170707
2023-12-14,838.5554809570312,852.5577573375725,836.9721443513026,851.0239471868009,2711444
2023-12-15,858.1487426757812,861.4637533960308,842.7115290876295,845.13596966121,4058044
2023-12-18,845.9772338867188,856.5160411191282,827.4229320006618,835.190975564377,4324786
2023-12-19,849.7374877929688,852.5082512251632,838.7533057751116,846.6203411829293,1285256
2023-12-20,833.4591674804688,854.7347651068624,830.9357947253329,850.0343423754498,1764901
2023-12-21,833.1129150390625,838.8029009311624,811.5403984687806,821.3370939900781,2106856
2023-12-22,846.3729858398438,848.5995019690602,834.3003085262471,836.1805018612761,1846933
2023-12-26,843.404296875,853.9926300925024,841.0788486348055,848.5500351150878,1294151
2023-12-27,866.7579956054688,872.2995225823104,846.719350872296,849.4901143607168,2466359
2023-12-28,871.6068115234375,886.4007859246608,864.8777972628005,873.6849294262096,4482599
2023-12-29,871.0625610351562,878.2368905637048,864.1850882350628,872.7942957489438,1906630
2024-01-01,868.4402465820312,875.5651104726588,865.8674075873045,871.0626120328283,778184
2024-01-02,861.117431640625,874.6249255982738,850.1332499672294,874.6249255982738,1615515
2024-01-03,828.9072265625,860.9195560088715,827.2744239349615,860.9195560088715,3983411
2024-01-04,828.3629150390625,834.9929972329234,826.2848575207112,831.4800617147038,1878399
2024-01-05,820.7433471679688,836.9721395972247,818.5662970962801,830.1936590993575,2060548
2024-01-08,813.3710327148438,827.9176157578308,812.1340794016324,827.0269852130742,1107367
2024-01-09,812.8268432617188,823.2667178895842,810.6992592521314,819.8527144222043,1458862
2024-01-10,821.1390991210938,822.6729091942323,802.7332574472064,815.2511891002272,1265739
2024-01-11,813.4700317382812,828.0166159778986,811.5403723313119,826.0869565709293,1205504
2024-01-12,817.1808471679688,822.1286605564866,812.6783490640402,815.8944277665767,1326357
2024-01-15,816.5377197265625,821.8318562305712,811.4414474522197,819.0610926359675,1497605
2024-01-16,823.613037109375,830.7379007499264,810.7981878472486,819.0116067151444,1920936
2024-01-17,804.1681518554688,821.3370405314283,801.5952525980682,821.3370405314283,1433551
2024-01-18,795.2620849609375,805.9988160554695,784.3273688494287,804.0196906630681,1991900
2024-01-19,808.1264038085938,812.1341206674144,796.8453648596554,796.8453648596554,1358166
2024-01-23,782.150390625,807.4831718573575,780.2207312596885,799.8140608501338,1533222
2024-01-24,803.7228393554688,805.5040401410226,775.8171590547441,786.7023487863796,1490515
2024-01-25,807.186279296875,812.430949350698,784.5252700704792,806.4935733505712,3240065
2024-01-29,803.22802734375,815.0037868196089,795.6083827428342,810.5012887730124,1574830
2024-01-30,803.52490234375,820.6937908146328,801.6942355309067,809.4622784694427,1892910
2024-01-31,810.1055297851562,813.4205406761113,799.6161289098319,803.5249136605869,1954023
2024-02-01,793.3323974609375,813.4205074010741,791.7490609643555,813.4205074010741,2287350
2024-02-02,814.954345703125,817.6756431154286,796.6969018936842,800.8036112387695,2871131
2024-02-05,806.1472778320312,825.2952919205834,802.535349817258,815.5481234834048,2056107
2024-02-06,810.2044677734375,812.1835931908993,796.6969126400146,806.1472848268866,1547506
2024-02-07,827.8681640625,834.1024576425244,814.4101349587586,818.7642351736778,3647454
2024-02-08,813.5194702148438,832.6675446682099,809.4622873105523,832.6675446682099,2294805
2024-02-09,803.2775268554688,816.3892327142121,792.0954803536727,816.2903006028258,1396058
2024-02-12,803.0300903320312,811.0455236363598,794.0745604307479,809.462247555886,1408603
2024-02-13,804.1681518554688,806.1967433096887,782.2987799590768,804.4650085856766,1675844
2024-02-14,804.7618408203125,807.285213547443,788.2361321631319,789.6710101132609,1546826
2024-02-15,803.8712768554688,812.1836281255959,797.1917282842256,809.4623305595339,1482200
2024-02-16,811.3919067382812,815.7954726092701,805.0092155678019,809.6107060483619,1774587
2024-02-19,811.6393432617188,817.3293288192622,805.5040424070057,817.3293288192622,829517
2024-02-20,812.62890625,816.3892324531918,803.3269926543179,816.3892324531918,1384043
2024-02-21,819.6052856445312,841.1282738277713,812.3814901959859,812.4309562501179,6419882
2024-02-22,820.0011596679688,826.4333172505509,811.4908841659915,822.3266078655028,2366934
2024-02-23,812.4309692382812,827.5712663296033,810.6992345291862,826.2848469110412,1736000
2024-02-26,800.308837890625,819.1599953464784,797.7854650717983,816.5871564720107,1188689
2024-02-27,810.40234375,811.9856198296867,797.290638646352,800.5067172566808,1331211
2024-02-28,790.2647705078125,814.1627345508673,786.70236884587,814.113268494085,1851909
2024-02-29,791.7490844726562,797.4885963957778,781.7545254583206,792.6397150533098,3155812
2024-03-01,827.4723510742188,830.9358205629549,795.855810375991,795.855810375991,5377896
2024-03-04,815.696533203125,830.2431171809118,809.9570815406154,830.2431171809118,3821690
2024-03-05,810.7487182617188,818.0220404373737,802.5353598276921,816.4881699145257,2630517
2024-03-06,804.4155883789062,814.41014805361,791.6502046693657,811.8373090476815,2041620
2024-03-07,821.3370361328125,836.0815444346831,809.5117498582656,811.4414091914533,5074846
2024-03-11,821.1390991210938,827.8681132600358,813.5689808640763,823.3161490949578,1622850
2024-03-12,809.2643432617188,820.6443140203705,806.4935798522782,820.3474572975935,1231413
2024-03-13,784.6737060546875,812.0350767625526,780.2206741827059,809.8580872769609,3047464
2024-03-14,777.2520141601562,784.6737342131247,753.7993667131537,783.7336375934595,5262918
2024-03-15,772.502197265625,781.952509599203,766.4658281554945,773.9370149575119,3992861
2024-03-18,796.0042724609375,800.0614554350045,770.374573971739,772.5021579691858,3561533
2024-03-19,792.689208984375,801.4963413983738,785.4654131696504,793.6293056529886,2192986
2024-03-20,786.3560791015625,801.5458434572142,781.0618820447951,793.8272659331758,1538050
2024-03-21,803.8712768554688,810.8972086285355,794.7178214059875,795.6084520414,2783067
2024-03-22,816.1912841796875,824.2562441591476,798.3296899335577,799.5666432802165,3983433
2024-03-26,813.3216552734375,825.2953404906131,809.5118024147961,811.9857093107512,2454193
2024-03-27,809.5117797851562,823.7120412098452,806.8894747876201,816.3892528432773,1884038
2024-03-28,821.5349731445312,832.0737797571937,811.4414214324557,818.3683603959036,3722941
2024-04-01,862.8491821289062,867.302214143611,829.2535174050116,829.2535174050116,6053539
2024-04-02,870.072998046875,872.6458368900996,852.5577262965901,862.0080379375788,2784783
2024-04-03,859.9299926757812,870.3698671585628,858.0497993725953,868.6875984764672,1980049
2024-04-04,853.497802734375,869.4792640114867,844.6412047597117,867.1537554985025,2790334
2024-04-05,848.1541748046875,855.5264290757482,838.1101495344162,851.0239308236876,1847243
2024-04-08,867.30224609375,868.8360562090292,851.2713181706348,854.9821783195914,2462906
2024-04-09,865.4715576171875,882.1457262056266,861.4638405564101,872.5964215019679,2512308
2024-04-10,874.7239379882812,879.721217413652,866.2136627508115,872.1510387963481,2519596
2024-04-12,857.4066162109375,874.6744974602659,853.0030501023639,874.6744974602659,4129109
2024-04-15,851.46923828125,872.7943024113373,841.3756866499315,853.893678978682,1974756
2024-04-16,836.4278564453125,854.5863074895829,833.9539497418363,850.529124655127,1706563
2024-04-18,835.9825439453125,849.0447834628247,832.914923782023,837.268963355785,3437879
2024-04-19,855.7738037109375,858.2477104402118,824.5036468121559,834.0528905482865,3157898
2024-04-22,845.878173828125,861.8101693476607,844.542288358246,858.0497828138572,1584578
2024-04-23,842.4641723632812,855.971727247296,839.6934089096178,849.5395697593106,1755588
2024-04-24,873.4869995117188,876.752544312719,841.1282874331954,842.4641729069322,4257548
2024-04-25,896.3458862304688,899.9083482078186,865.2241270743915,873.4870119011264,4893459
2024-04-26,877.989501953125,904.4603040689278,875.416663102984,900.5020532852564,3626999
2024-04-29,886.4007568359375,893.0803048221419,876.9009794148027,889.0231220564328,1956431
2024-04-30,872.9921875,893.3276880081002,870.8646036296312,893.0308312908214,1831578
2024-05-02,881.05712890625,885.2627703961455,873.7838671947355,873.7838671947355,2448369
2024-05-03,865.07568359375,894.2677818660753,856.9612577570746,886.4996787988101,3672279
2024-05-06,871.4584350585938,883.6795105128228,865.2241415931466,870.5183383933188,2556178
2024-05-07,848.4015502929688,871.8541981858737,836.922647218709,871.4584093477243,2369111
2024-05-08,855.6254272460938,857.5550262253746,841.5241585315994,841.5241585315994,1849894
2024-05-09,825.8395385742188,859.732061023316,822.3760691268657,855.6748781156623,2282517
2024-05-10,844.6907348632812,847.0162435525999,827.2249886551649,827.2249886551649,1947295
2024-05-13,851.61767578125,853.4978691595148,821.3370798868375,839.000750758892,1735081
2024-05-14,872.2994995117188,875.7135028259589,852.2113892543159,855.1306112302057,2706050
2024-05-15,861.859619140625,874.2786185640919,854.3884330650025,872.7942745597385,2194086
2024-05-16,877.1484375,879.1770290387753,855.4275232624011,863.6903479878514,3282175
2024-05-17,897.9786376953125,905.4003575609995,869.5287115435123,878.7316320973421,4635724
2024-05-21,913.8116455078125,919.2542401083377,881.5024006745408,882.6898879397322,5938708
2024-05-22,906.2415161132812,917.6214872578744,896.5932797080827,915.3455051085787,2938404
2024-05-23,907.4290161132812,911.2388084339,881.4035286031777,902.481202503067,3800388
2024-05-24,899.1661987304688,915.3455252059438,896.5932993937231,905.44989790642,2113036
2024-05-27,892.5360717773438,909.556561961962,890.7053445795085,900.9968206161928,1893682
2024-05-28,897.8796997070312,906.2909827321741,891.7939252865319,896.3953556437708,1931419
2024-05-29,892.4866333007812,900.5020671014494,887.0935044456605,890.2105907467583,1740879
2024-05-30,874.4765625,891.3980603642789,864.1356202948901,890.6064222907543,3993159
2024-05-31,871.3594360351562,886.1039446381137,867.8465004788613,882.6899411940072,5249761
2024-06-03,905.7467651367188,908.1217398753593,888.4294171619716,902.4812201696755,2541803
2024-06-04,833.0633544921875,904.4603291410707,815.2017594153594,904.4603291410707,4022430
2024-06-05,869.23193359375,872.4974785509366,820.4959687262076,848.0552668321601,1969854
2024-06-06,878.8306274414062,883.580576815729,868.3412867690265,874.773444448797,3095781
2024-06-07,902.6296997070312,905.8457786913324,867.9454764963044,878.8306669047083,3609817
2024-06-10,906.3405151367188,910.3976981103558,891.348615840112,897.5333828109704,1765715
2024-06-11,900.6010131835938,909.2102209833386,895.6037334946406,906.3899913722001,2003998
2024-06-12,907.330078125,914.6528059818302,898.572411852761,900.551537284031,1782777
2024-06-13,906.1920166015625,915.3949373686718,898.5723719499149,907.9732173309849,1788757
2024-06-14,911.5357055664062,913.8611537529315,894.1688318571581,904.4603080998152,2625892
2024-06-18,915.6918334960938,917.7699514349424,904.7571775829664,911.5357184146262,2395045
2024-06-19,905.400390625,927.1213036380846,903.7675880356768,919.3037342681629,1793533
2024-06-20,919.9469604492188,928.2097845855919,901.7884492133945,905.4003771186282,3120339
2024-06-21,927.1212768554688,934.1471475560205,913.5147903312153,919.3037077113804,4299319
2024-06-24,925.5874633789062,931.8217568157929,912.3768252634591,926.2307033043359,1857847
2024-06-25,920.1943359375,930.1888945817402,918.2646766829475,927.1212745141726,1733931
2024-06-26,909.6060180664062,922.7177234399102,908.5174628908707,921.1839133815001,1341496
2024-06-27,933.3060302734375,935.7304104286593,905.7466744456614,906.6373049830032,4700053
2024-06-28,921.7776489257812,939.4908452973417,919.0563515188613,933.3060784634329,2402672
2024-07-01,934.0482177734375,937.6106191857695,921.8765487520618,925.2410859511286,2562034
2024-07-02,928.4572143554688,943.7459703325519,926.7254796098017,935.1367626601843,1936180
2024-07-03,940.4804077148438,943.449095794249,929.2488349088923,929.6941502004257,1369238
2024-07-04,934.4935302734375,949.3864975247532,933.1576447609685,940.4804330466527,1384884
2024-07-05,944.09228515625,946.0219445076195,935.334679389876,938.1054428799407,1583550
2024-07-08,929.3972778320312,945.9229866089123,924.301005888901,945.9229866089123,1569620
2024-07-09,932.7881469726562,938.2733761775188,929.7962037700039,936.4782224301755,1489629
2024-07-10,922.9147338867188,932.7881095364727,916.4321905411401,928.4996699590298,1483892
2024-07-11,922.5158081054688,929.4970088154561,912.9914678825196,924.6600583863177,2348723
2024-07-12,931.8905639648438,935.2315427282009,921.5184702541803,927.4525028808223,1498780
2024-07-15,929.1978149414062,936.1790155632482,923.6627323369079,935.4310297823366,1337839
2024-07-16,931.8406982421875,936.8272703114907,925.6573975732445,929.646655228687,1442535
2024-07-18,928.948486328125,932.83797586604,918.8755746226515,931.8406614915123,1812254
2024-07-19,887.061279296875,925.0090789321905,884.1690432730121,924.5104217467823,3001973
2024-07-22,886.1636962890625,891.0007076427638,862.8265758954356,873.1487555676421,2725373
2024-07-23,891.5491943359375,893.7432981268928,869.6581317131759,887.6097903953286,1640412
2024-07-24,878.9830322265625,892.5963982920266,877.6366821195346,892.5963982920266,1519772
2024-07-25,872.1514282226562,877.6366573309749,860.0839485328511,867.6635134976683,1636466
2024-07-26,898.1314697265625,906.3593135172257,872.949281155139,877.6366710040678,2056457
2024-07-29,896.1368408203125,907.4563957688406,892.6462404246962,907.4563957688406,1066351
2024-07-30,899.6773071289062,905.5116329645239,887.7594485970386,892.646252695333,979026
2024-07-31,925.757080078125,933.835302267343,900.2757096550165,906.5089245760919,2716481
2024-08-01,932.0401611328125,955.3773424610157,925.2584353813338,935.0321043353391,4039078
2024-08-02,897.1341552734375,921.3688829902226,893.5937013319174,917.4295398119233,3306705
2024-08-05,861.4801635742188,881.6259265589774,851.8561161701595,881.6259265589774,4059902
2024-08-06,881.6259155273438,890.6515985290263,864.7214245429279,864.7214245429279,2665068
2024-08-07,904.015625,908.2043575381598,892.5963632622299,896.58562075167,2262055
2024-08-08,885.1663818359375,900.5250479147663,881.0275636066764,897.5829582662013,2796559
2024-08-09,902.6692504882812,912.2933589182879,886.6125127940508,893.6435672285743,1722454
2024-08-12,914.8863525390625,923.7126216180342,895.6880500862522,902.3700688284915,3822527
2024-08-13,905.411865234375,925.0091177927115,902.569543506635,922.5158317609253,1329629
2024-08-14,887.9089965820312,909.5008776525013,883.0221925533816,909.5008776525013,2024615
2024-08-16,906.01025390625,908.2542112444602,880.1797873090245,897.5829352840575,2208842
2024-08-19,915.2852783203125,917.529235690207,901.4724984141242,907.5560918240091,847523
2024-08-20,914.6869506835938,921.4188230629885,908.3539675520847,921.4188230629885,696605
2024-08-21,923.3136596679688,924.5104491226346,905.6611826075604,907.5561043167178,1600466
2024-08-22,930.74365234375,932.3393310156132,922.3163335932314,924.5602909656112,1073406
2024-08-23,938.522705078125,941.4149411901107,926.6547002265498,932.0900150161156,1441218
2024-08-26,960.9124145507812,966.2979366040765,934.6830582738766,942.9607555347833,2364465
2024-08-27,941.4647827148438,964.3531601044579,940.2181397292574,960.8625597448159,2480788
2024-08-28,946.70068359375,948.9446409686101,932.4889535529695,944.9553834133033,2285575
2024-08-29,937.1763305664062,947.9473136445107,928.3002082784724,942.4620845808128,2233515
2024-08-30,938.5725708007812,952.1859369023196,936.1291991831256,945.3543575139415,2896103
2024-09-02,937.92431640625,948.8947745343291,933.6358767667941,938.5725342274387,1316611
2024-09-03,928.4498291015625,939.0213371226138,927.452514727077,934.5832759819053,1116938
2024-09-04,930.544189453125,932.189782562872,909.5507334914143,917.5292486974795,3020790
2024-09-05,922.964599609375,942.0132798046268,921.2691529992964,932.040136064445,1482001
2024-09-06,930.2948608398438,936.8771724074988,909.2515513326395,922.9646243428707,1984209
2024-09-09,931.740966796875,934.1843992212191,916.581775928153,920.5211799341886,1793548
2024-09-10,936.2288818359375,945.9526971199858,927.3029058881273,931.5913455827417,1388455
2024-09-11,925.2584228515625,941.763963787736,921.7678224958843,938.5226920288919,1087490
2024-09-12,952.2357788085938,955.0282469598085,926.5050794125052,933.2868051715242,3061006
2024-09-13,951.9864501953125,969.8384023384922,948.795031934864,955.4271970562454,2445329
2024-09-16,968.3922729492188,975.9219844214863,954.5295785760121,958.8180791511518,2186706
2024-09-17,961.660400390625,971.9327264315945,959.1172608708142,968.3922725219568,543055
2024-09-18,954.1306762695312,968.3424061361119,947.4486577720489,959.4662838358572,644373
2024-09-19,945.8529663085938,963.3558212066782,941.4647587624768,957.4217885720103,1278919
2024-09-20,978.9139404296875,985.3466305055151,962.6078742834821,967.3949712452933,8035572
2024-09-23,979.4624633789062,985.2967892339036,973.57834484861,983.3520139489045,1714600
2024-09-24,987.0420532226562,1007.0880478951499,982.5042849717547,988.6377318808065,5545642
2024-09-25,980.010986328125,995.9680161878656,970.0876962098512,993.3251087688508,1309311
2024-09-26,1002.8494873046875,1005.2430662240648,972.8303480767172,981.3573740612328,2706617
2024-09-27,998.8602294921875,1016.1636709302257,994.8211183288598,1005.2929195744267,2757284
2024-09-30,1027.28369140625,1030.1260129455484,1001.3036039804839,1001.3036039804839,4250590
2024-10-01,1024.5411376953125,1027.1839234764911,1011.675757513001,1026.2365234880476,1392457
2024-10-03,1036.309326171875,1057.1532206251488,1022.6959608219333,1025.2391611345784,6615927
2024-10-04,1030.9737548828125,1060.1452009097263,1024.5411257379722,1039.2015986339934,4855592
2024-10-07,1016.0140380859375,1041.295933605396,1009.780823128355,1037.1570545250652,2708970
2024-10-08,995.5192260742188,1011.6757312009605,981.3573497070441,1011.6757312009605,4115797
2024-10-09,991.8291625976562,1008.7835072574452,982.3546758760094,997.2146846616146,2138939
2024-10-10,1004.6945190429688,1010.2296016131664,994.0730966713484,996.3170540001776,1368830
2024-10-11,1009.33203125,1023.194664954613,1003.2982912749306,1004.5947878269822,1957211
2024-10-14,1009.7808227539062,1029.2284534143519,1006.6891724845877,1014.2687375217014,1831080
2024-10-15,998.162109375,1017.8590691002727,989.3359011377415,1009.7808466753662,1444250
2024-10-16,986.6929931640625,1002.1015130661816,979.4126101011938,992.3278439632043,1248745
2024-10-17,976.8694458007812,992.5272939107845,967.1456304903601,988.4382683857096,1079467
2024-10-18,989.9342651367188,995.5691159365466,970.4866340215045,975.8721562172911,1291683
2024-10-21,978.814208984375,1002.3009504245533,977.4179445059348,994.3224353962981,953143
2024-10-22,961.06201171875,980.6592024588365,957.8207400340581,978.3653915946868,1318146
2024-10-23,951.88671875,968.3922595055325,949.5929078584777,961.062023187328,1306503
2024-10-24,955.5269165039062,959.4663206167486,949.8921265828392,951.886755412507,650392
2024-10-25,941.315185546875,957.3719841391386,924.3109869580612,955.5269159500207,2541293
2024-10-28,964.65234375,969.8383907523689,906.558780531145,933.4862690617731,1737402
2024-10-29,956.2250366210938,970.187438251397,944.4567388498004,969.8384025591356,1032874
2024-10-30,954.7290649414062,965.9488519648588,949.7424929309828,963.6051874684559,733890
2024-10-31,961.06201171875,965.2506833527459,951.8867073909131,955.4271612107135,1445602
2024-11-01,965.6995239257812,975.3734858058749,962.4083985712365,967.2952634927886,136508
2024-11-04,952.3355102539062,966.2479969306518,938.5725233377361,962.4582145228064,957723
2024-11-05,996.8157348632812,1000.3063352354889,949.443301240464,952.3355373259319,5177028
2024-11-06,1005.941162109375,1012.323937544863,982.055470810185,997.3143684735833,2761749
2024-11-07,987.1417846679688,1016.2135238860857,983.0029664151066,1011.2768054132227,2477876
2024-11-08,993.7240600585938,998.86019252813,973.8774797981846,991.3304812282596,3568198
2024-11-11,976.3707885742188,992.7766224768077,969.3895878387544,985.3466180912442,1336153
2024-11-12,954.67919921875,985.1471416395742,951.0888917655352,984.3493023023309,731821
2024-11-13,933.4364013671875,955.6764997533357,925.5575934569374,950.9392564725339,1167594
2024-11-14,936.528076171875,946.800402328882,929.9458254731592,932.5388185675041,1662673
2024-11-18,947.299072265625,953.4824338097817,932.3892704658225,932.538831105253,1143965
2024-11-19,944.7559204101562,958.3692863397536,942.4621094608489,947.2990599598502,617409
2024-11-21,941.6143798828125,948.3961053748609,933.9350471158474,938.472815291842,1669641
2024-11-22,974.7252197265625,978.6646238423839,936.5280897837854,945.354358884485,1889389
2024-11-25,950.7398071289062,977.8169174881866,943.1103884773411,972.3815418237443,4563438
2024-11-26,961.0121459960938,964.2035642985101,948.0470586004112,952.4352663751388,1184177
2024-11-27,966.248046875,969.3896116315617,952.6845951759767,960.7628175910766,1327011
2024-11-28,951.5875244140625,972.3316510034933,946.5011846367639,966.2479968625563,2959350
2024-11-29,963.4057006835938,969.0904048805089,950.8395637188254,956.4244999540025,1326686
2024-12-02,987.1417846679688,988.8870848745497,959.1671278167327,963.3060069408352,1272868
2024-12-03,996.1176147460938,1012.7727774705718,988.388428113502,992.3278321843613,2118830
2024-12-04,992.17822265625,1000.3063594971711,982.70373570189,993.4248656765606,1030877
2024-12-05,996.5165405273438,1007.2376701108063,974.376149120271,988.3385504382687,2221958
2024-12-06,1001.1041870117188,1005.2929196846528,991.9787967337542,997.2146973571117,1218982
2024-12-09,1009.1824340820312,1012.7727414610196,991.1310074849953,1002.7995977735649,1457470
2024-12-10,1010.2296142578125,1020.7512688015483,1003.9465458326956,1018.2579828494195,2227505
2024-12-11,997.5138549804688,1017.7593247188047,994.4221438799416,1013.1717029196212,1246315
2024-12-12,1003.0988159179688,1010.2296382589678,988.3385749049384,1002.3009765685803,1510341
2024-12-13,997.164794921875,1000.8050168903515,970.4367807357232,992.3278443506723,2444182
2024-12-16,987.6903076171875,1003.5974847279256,981.3573854235706,1001.3036737451878,1220082
2024-12-17,964.25341796875,988.1391103865707,958.4191529884407,987.6903067254913,1673092
2024-12-18,944.30712890625,966.8963247404305,939.0213746842895,964.4528922509538,1612799
2024-12-19,923.4632568359375,940.1682726014576,919.1249027860295,931.5414789173353,1926448
2024-12-20,914.8863525390625,939.1709950215957,909.6005983237059,923.5131465611594,29003345
2024-12-23,934.533447265625,948.3961417877663,919.1249275962101,933.4862793188423,3988457
2024-12-24,919.374267578125,935.431066155454,915.9834350955538,934.5334588349622,2048135
2024-12-26,911.994140625,926.9040026765933,910.6477296986169,919.3742304629496,2056005
2024-12-27,910.8472290039062,924.0117912532136,908.8027466589216,912.193639966145,1917836
2024-12-30,896.5357666015625,914.2380966989926,893.1947269336706,910.8472034867642,1959379
2024-12-31,899.0789184570312,903.9657832940899,894.1920536199726,895.6381716530809,1031176
2025-01-01,903.018310546875,907.5560787664597,888.3079235558802,898.7298709203582,1020555
2025-01-02,910.0493774414062,913.240795651613,899.0290656477335,907.0574342826948,1636373
2025-01-03,912.592529296875,922.2166376027465,906.0601321529045,911.5453613514086,2691743
2025-01-06,898.4805908203125,917.3796504978789,895.488647542018,912.592553426856,1104617
2025-01-07,909.3512573242188,911.2461790318365,896.78512023854,899.1287847289575,688211
2025-01-08,899.8767700195312,909.5008783181215,892.7460085896149,907.5561030658752,744601
2025-01-09,888.5572509765625,906.5089096537516,886.413000730514,898.580248230412,1459142
2025-01-10,897.6826782226562,905.5614864288486,877.8860114856762,888.5572878722468,1614629
2025-01-13,881.3765869140625,896.286449130025,877.6366579738332,893.5438345738567,1416585
2025-01-14,903.61669921875,908.8525998145375,880.1299572918942,880.1299572918942,1948192
2025-01-15,901.6220703125,910.2488642130235,899.0789307690984,907.556103161264,1581897
2025-01-16,904.3646850585938,911.9443110155787,897.6826664094228,907.5561033104168,1946590
2025-01-17,906.1598510742188,915.0359736961711,902.8188721400097,904.3646973055207,911260
2025-01-20,916.7313842773438,923.1640741605394,898.0815933190142,906.1598153957093,1299378
2025-01-21,924.36083984375,930.4943478355353,917.0804567991349,922.5158325271921,1474919
2025-01-22,916.930908203125,929.4970456303171,904.7138064767609,929.4970456303171,1080075
2025-01-23,927.4026489257812,934.8325922205114,910.3485368247274,916.581751582882,1267989
2025-01-24,929.94580078125,950.4405990052799,922.6654180208299,927.5023683892027,3538998
2025-01-27,916.8809814453125,924.510461054942,898.6799934040475,898.6799934040475,3908402
2025-01-28,913.6896362304688,923.114208864354,902.0708988126876,920.920165822942,1101031
2025-01-29,935.0819702148438,938.5227171173808,905.5614879090368,911.1464242789222,1298065
2025-01-30,948.29638671875,953.4325803021377,933.6857670684545,935.3812137474242,2020147
2025-01-31,942.4620971679688,957.3221059056738,938.0240359647288,947.1993405135221,2037829
2025-02-01,931.740966796875,952.6347153954147,909.2016859812184,945.3044181223825,1339508
2025-02-03,931.4417724609375,934.932372772521,911.5453385106638,912.5426528854019,1130056
2025-02-04,941.714111328125,946.9001583225013,931.790820988439,933.835303310588,1262634
2025-02-05,947.3489379882812,952.2357418454047,938.5725228947964,938.5725228947964,1209743
2025-02-06,945.8529663085938,953.981041845082,939.4701300362851,947.997155666507,3060140
2025-02-07,978.1160888671875,982.3546750284779,945.2545675130528,948.3961321928581,2846285
2025-02-10,956.5740966796875,971.3841906381497,945.7033457624491,971.3841906381497,1665049
2025-02-11,951.9365844726562,964.9016715320009,946.0025516827852,947.4985232665557,2535726
2025-02-12,953.8314819335938,960.3638788425565,935.5805803781682,950.3408816601226,2768806
2025-02-13,967.1954956054688,981.357372298661,950.6899544143278,951.4379402163846,1414535
2025-02-14,962.0094604492188,981.05820230022,951.6872806015133,970.287218791475,2690126
2025-02-17,970.9354248046875,972.3815428631937,951.5376474933224,962.0094487241568,1321057
2025-02-18,976.1713256835938,978.5649045997839,960.2142952323009,972.3815431256597,1800070
2025-02-19,974.7252197265625,987.2415643391865,968.4920046291368,972.9799194992834,1581818
2025-02-20,978.5150146484375,984.9975580280936,972.3815069484214,974.3761356806233,1474610
2025-02-21,979.2630004882812,988.2886833278487,972.9300177403752,976.470471566022,1599075
2025-02-24,964.2035522460938,982.2549794556483,955.1778690769366,968.3922849112039,1898963
2025-02-25,956.1751708984375,970.8357045978036,954.9285279116077,964.4030146115141,1095348
2025-02-27,972.3815307617188,978.3654171048678,956.1253183704117,956.17517191569,2049890
2025-02-28,948.1467895507812,965.9986803605718,938.0240242846758,965.5000231725122,2553800
2025-03-03,973.4287109375,978.9139401543583,950.4406261210962,956.4245125394871,1744769
2025-03-04,971.4839477539062,975.4732054157578,957.371985297851,957.4218388443759,1077034
2025-03-05,1000.0071411132812,1005.292895153631,968.2925559999443,972.3815206099109,2472192
2025-03-06,1008.3845825195312,1013.4709225681656,994.422180683756,1010.2795042600259,2203409
2025-03-07,1008.4344482421875,1017.6596061525041,1002.8494512548203,1008.2848267383897,759943
2025-03-10,1010.7781372070312,1029.976439270411,1007.536865430097,1008.4344727322054,1855010
2025-03-11,1015.914306640625,1018.2579710599955,998.7604873143383,1001.1540052779263,1595868
2025-03-12,1007.6864624023438,1022.1973134202817,991.4301894968439,1021.9479848281267,1263600
2025-03-13,998.5111694335938,1013.7202137286447,996.1175905730901,1012.1743886138873,1218174
2025-03-17,1002.9990844726562,1012.7228996808789,997.4640018360697,1004.8440917277721,1522656
2025-03-18,1002.9990844726562,1002.9990844726562,1002.9990844726562,1002.9990844726562,0
2025-03-19,1030.5748291015625,1044.1881952506042,1021.24996364529,1033.2177366567582,2652155
2025-03-20,1047.429443359375,1049.9726437636427,1024.4412978573998,1035.2123420205012,2301795
2025-03-21,1055.856689453125,1059.6964472248144,1044.8862312311062,1049.1747317785232,2630144
2025-03-24,1058.4996337890625,1069.121056695212,1053.662683207548,1060.1452269281813,2267252
2025-03-25,1058.8486328125,1072.0132557269947,1049.1747319845388,1058.49959712659,1571677
2025-03-26,1053.61279296875,1065.1817378835133,1049.374206592604,1065.1817378835133,1254060
2025-03-27,1056.9039306640625,1066.129088822725,1047.1801153076344,1049.124829681928,2514499
2025-03-28,1060.3446044921875,1065.3311764127536,1051.1194464391401,1056.9039185639883,1674204
2025-04-01,1053.413330078125,1067.5751457949643,1050.5210939831422,1060.1452022466717,1776263
2025-04-02,1053.0643310546875,1063.4862181518786,1043.4402224560583,1055.258374103838,878958
2025-04-03,1041.24609375,1052.9645373392657,1038.7528078799435,1042.193493683632,1607693
2025-04-04,1003.0489501953125,1036.1597393272884,995.1701421465502,1029.5276960115543,3818643
2025-04-07,927.8015747070312,956.4245101785949,902.7690076003838,903.5668469466184,4581682
2025-04-08,952.0363159179688,967.8437859136063,931.2921882665911,946.8004152408276,1717533
2025-04-09,943.0106201171875,950.8395746913174,935.5307621063095,942.6117308793515,1773658
2025-04-11,987.590576171875,994.322448314425,965.7493666497724,969.8383921776207,3641633
2025-04-15,1005.2929077148438,1012.9722407119134,999.508496412161,1007.2875364999921,1287903
2025-04-16,1006.6891479492188,1012.373791152886,989.435560676547,1000.3063116420899,1281034
2025-04-17,1004.4950561523438,1005.8912597622149,984.4490005827777,993.3251229171799,2074019
2025-04-21,1031.2230224609375,1040.9967516415988,997.8129922361392,998.3116494036735,1345056
2025-04-22,1041.3956298828125,1057.552195930591,1034.2150150232299,1057.1532458289523,2153582
2025-04-23,1036.4090576171875,1051.06965208571,1025.737842421221,1048.1774160279078,893969
2025-04-24,1041.69482421875,1044.6867672275162,1026.7351091749192,1032.7189951924515,1242921
2025-04-25,1025.63818359375,1054.0616448330438,1014.8671390587083,1047.1801509213497,2784217
2025-04-28,1051.568359375,1056.0562743101473,1016.4628792635997,1018.6569831839201,1485915
2025-04-29,1032.8187255859375,1058.748898913762,1031.3227540477938,1052.1666484944249,1206750
2025-04-30,1027.034423828125,1039.5008539010898,1018.2580083597653,1027.2338380122999,1755328
2025-05-02,964.9016723632812,1034.2150224710313,945.7532239002737,1018.457467282654,6209775
2025-05-05,952.9338989257812,969.7885364525562,950.1414308101367,957.2223386252966,1646426
2025-05-06,964.9016723632812,969.2898800279512,952.4352424877867,957.4218144379845,1462046
2025-05-07,963.5054321289062,972.3815547722468,955.3275026216608,955.3275026216608,1014461
2025-05-08,950.6400756835938,966.8962878433812,946.451343128797,959.9150872091329,1646385
2025-05-09,954.4298706054688,956.4244993841636,932.4889540398258,932.4889540398258,1481537
2025-05-12,1002.5004272460938,1004.9937131968295,967.0957667456456,970.386892026369,1335817
2025-05-13,987.2415161132812,1008.1851178175549,985.4463015559244,1002.5004137521473,934177
2025-05-14,986.6431274414062,1009.3818836723304,984.3493164870624,992.5273067719426,1650066
2025-05-15,1035.5115966796875,1037.8053467685147,987.3412621620611,990.333205380734,5297654
2025-05-16,1019.0558471679688,1041.7946034347096,1017.5598755600089,1040.5978748453342,1048380
2025-05-19,1016.8617553710938,1031.2231073264577,1013.9695800841222,1031.1234002332399,1434608
2025-05-20,1009.9802856445312,1031.721726972458,1008.0853639724515,1028.23112663954,1624336
2025-05-21,998.2119750976562,1016.1636337183825,996.416760538593,1013.2713977032147,875245
2025-05-22,1002.8993530273438,1008.7835324340318,985.2469365497619,999.3090454759267,1283310
2025-05-23,1005.7915649414062,1019.753966437866,1002.4006716580558,1008.2848509229169,1568154
2025-05-26,1029.5277099609375,1033.2177245659664,976.869460629695,1006.4897106607087,4716572
2025-05-27,1010.9776000976562,1030.32546256447,1006.2902103331548,1029.22844109397,1158374
2025-05-28,998.3117065429688,1015.1663441188135,995.8184205625918,1012.1744009423611,1790498
2025-05-29,1003.4977416992188,1020.950743355636,995.5192266562851,1017.6596180746736,3282246
2025-05-30,990.8318481445312,1009.7808215866511,987.8399049694597,1000.3063348655911,1710817
2025-06-02,976.1713256835938,984.3493159641295,966.6469853072264,984.3493159641295,1790184
2025-06-03,971.1847534179688,984.6983514036863,969.4394532128072,977.4179684364032,1138571
2025-06-04,965.9488525390625,976.8694574226295,959.5660768846707,970.3869138052256,2398032
2025-06-05,966.1483154296875,974.2764520576693,962.0593507786874,970.1874265354295,2182562
2025-06-06,1002.2012329101562,1007.935790527063,965.0512726962824,966.1482941527605,2089570
2025-06-09,1005.2929077148438,1014.2687372480119,999.2591678140175,1003.5974610732195,1864322
2025-06-10,1000.4060668945312,1016.4130119771793,998.1122559107105,1012.2741327999931,1747781
2025-06-11,1004.3953247070312,1013.2714473641308,1001.2538208171804,1001.2538208171804,1003090
2025-06-12,992.97607421875,1007.2875110419899,989.8843631571652,1004.3952750281264,2223026
2025-06-13,984.5986328125,991.380358499103,978.7144535553248,982.0554932889289,1044815
2025-06-16,1001.1041870117188,1008.284862898,981.5568490330133,984.5986457923349,871032
2025-06-17,996.96533203125,1007.736315028286,995.2200318877549,1001.8022823661552,1075499
2025-06-18,983.7010498046875,996.2672479681582,981.1080566717643,994.3224726828453,854561
2025-06-19,993.375,995.2699217162299,982.3546880092711,984.2496097255008,1391083
2025-06-20,1002.8494873046875,1021.2499502425837,990.9315679962608,991.280664560592,9697195
2025-06-23,994.3224487304688,1002.5004389183474,980.8587044397352,1002.3009638657182,1132847
2025-06-24,1004.2955932617188,1019.8038198910654,998.6108890501403,1003.2982788692046,1434360
2025-06-25,1021.6986694335938,1025.0397700056108,1005.2928965548633,1005.2928965548633,2029126
2025-06-26,1029.7769775390625,1037.7055778995466,1014.4183122490463,1027.2337772576002,3892783
2025-06-27,1026.1368408203125,1042.891650189757,1020.4521363981397,1035.661120576169,1941604
2025-06-30,1017.7593383789062,1030.3254753861909,1011.7754520190106,1030.275682712013,765716
2025-07-01,1026.8348388671875,1028.8294675836128,1013.4708629898814,1020.9507206764758,988673
2025-07-02,1057.0535888671875,1062.0401610179501,1028.231177487282,1028.231177487282,3166924
2025-07-03,1043.29052734375,1064.9323219949342,1039.7999270847663,1062.1397930907572,1703765
2025-07-04,1038.603271484375,1048.8755370652525,1029.328198590758,1048.8755370652525,961108
2025-07-07,1039.7999267578125,1042.193505568858,1032.5196049797066,1038.204248131274,871937
2025-07-08,1045.0,1049.5999755859375,1039.300048828125,1042.0,828011
2025-07-09,1040.4000244140625,1052.0,1033.4000244140625,1051.699951171875,1666607
2025-07-10,1043.300048828125,1049.5999755859375,1034.0999755859375,1040.9000244140625,1101654
2025-07-11,1037.199951171875,1051.199951171875,1034.0999755859375,1043.0,931901
2025-07-14,1038.9000244140625,1044.9000244140625,1031.800048828125,1040.0,1238524
2025-07-15,1035.0,1044.699951171875,1028.199951171875,1044.699951171875,982842
2025-07-16,1029.800048828125,1035.0,1020.5,1034.0,1099243
2025-07-17,1034.199951171875,1041.699951171875,1023.5,1030.5,1553977
2025-07-18,1034.4000244140625,1053.5,1027.0,1039.0,1694015
2025-07-21,1034.800048828125,1053.5,1018.2999877929688,1051.0,2771028
2025-07-22,1030.699951171875,1043.199951171875,1028.5999755859375,1038.5999755859375,1237568
2025-07-23,1033.800048828125,1037.800048828125,1025.0,1034.0,1192492
2025-07-24,1033.800048828125,1048.800048828125,1031.800048828125,1039.0,1462398
2025-07-25,1026.9000244140625,1035.0,1020.0999755859375,1033.800048828125,912255
2025-07-28,1028.800048828125,1034.0,1017.4000244140625,1029.0,1839488
2025-07-29,1034.9000244140625,1051.300048828125,1023.7999877929688,1023.7999877929688,2215340
2025-07-30,1037.9000244140625,1052.300048828125,1031.699951171875,1046.4000244140625,1781038
2025-07-31,1048.300048828125,1058.5999755859375,1018.0,1018.0,3144726
2025-08-01,1027.800048828125,1054.0,1023.5999755859375,1054.0,1604653
2025-08-04,1055.9000244140625,1058.9000244140625,1026.4000244140625,1029.699951171875,1835680
2025-08-05,1053.4000244140625,1063.4000244140625,1048.699951171875,1059.0,1524968
2025-08-06,1052.5999755859375,1061.5,1045.800048828125,1059.0,1797515
2025-08-07,1064.800048828125,1074.9000244140625,1046.0,1052.5999755859375,1837589
2025-08-08,1049.199951171875,1071.4000244140625,1041.699951171875,1070.0,2234463
2025-08-11,1052.699951171875,1065.0,1046.300048828125,1049.199951171875,1492814
2025-08-12,1048.199951171875,1059.9000244140625,1045.5999755859375,1054.800048828125,1231299
2025-08-13,1053.699951171875,1059.5999755859375,1050.300048828125,1052.199951171875,1125769
2025-08-14,1045.5,1058.0999755859375,1038.9000244140625,1055.0,870899
2025-08-18,1079.800048828125,1084.0,1050.0,1060.0,3252940
2025-08-19,1073.4000244140625,1088.0,1070.699951171875,1080.0,1867228
2025-08-20,1082.5999755859375,1089.199951171875,1067.300048828125,1072.0,1321114
2025-08-21,1071.800048828125,1086.0999755859375,1069.300048828125,1080.5999755859375,2069244
2025-08-22,1054.5999755859375,1071.4000244140625,1051.300048828125,1068.5,1950366
2025-08-25,1057.800048828125,1062.699951171875,1049.800048828125,1059.5,1552036
2025-08-26,1047.0999755859375,1057.0,1044.699951171875,1051.199951171875,1758169
2025-08-28,1035.800048828125,1055.0999755859375,1033.9000244140625,1047.0999755859375,1313061
2025-08-29,1026.5999755859375,1038.300048828125,1022.2999877929688,1032.0,1062037
2025-09-01,1035.5,1038.5999755859375,1026.0999755859375,1026.5999755859375,624424
2025-09-02,1044.0,1049.5,1031.199951171875,1035.5999755859375,1071341
2025-09-03,1072.199951171875,1079.9000244140625,1040.0,1042.0,3357124
2025-09-04,1072.4000244140625,1076.4000244140625,1066.0999755859375,1075.0,922622
2025-09-05,1073.0999755859375,1076.5999755859375,1063.0,1069.0,748933
2025-09-08,1101.4000244140625,1112.300048828125,1080.0999755859375,1080.0999755859375,3219380
2025-09-09,1104.5,1110.0,1095.699951171875,1100.0,1058374
2025-09-10,1101.199951171875,1115.5,1097.300048828125,1108.0,1305818
2025-09-11,1099.0,1108.0,1095.199951171875,1101.199951171875,852085
2025-09-12,1099.0,1107.9000244140625,1093.0,1099.0,1057815
2025-09-15,1100.9000244140625,1105.0,1090.5,1100.0,565667
2025-09-16,1115.199951171875,1117.9000244140625,1100.0,1100.5,1644497
2025-09-17,1111.0,1122.5999755859375,1107.0999755859375,1119.5,950577
2025-09-18,1121.0999755859375,1122.9000244140625,1105.0,1111.9000244140625,824725
2025-09-19,1122.800048828125,1126.0,1113.699951171875,1121.0999755859375,1351221
2025-09-22,1117.0,1126.800048828125,1111.5999755859375,1122.0,786218
2025-09-23,1138.4000244140625,1148.0,1117.0999755859375,1125.0,2075493
2025-09-24,1149.0999755859375,1161.0,1133.0,1138.4000244140625,2111388
2025-09-25,1148.5,1157.5,1140.0,1149.0999755859375,1581307
2025-09-26,1130.800048828125,1167.9000244140625,1127.9000244140625,1155.0,2999892
2025-09-29,1122.199951171875,1143.9000244140625,1119.699951171875,1130.0,2615670
2025-09-30,1142.699951171875,1149.9000244140625,1127.0999755859375,1128.800048828125,2771126
2025-10-01,1146.0999755859375,1148.5999755859375,1132.199951171875,1145.0,1129506
2025-10-03,1161.699951171875,1175.800048828125,1145.9000244140625,1146.0999755859375,2179883
2025-10-06,1159.9000244140625,1164.9000244140625,1149.199951171875,1161.699951171875,1013304
2025-10-07,1156.800048828125,1173.0,1154.199951171875,1159.9000244140625,1565661
2025-10-08,1145.199951171875,1162.699951171875,1142.699951171875,1158.0,737972
2025-10-09,1175.199951171875,1178.800048828125,1146.0,1146.0,2001612
2025-10-10,1167.800048828125,1175.0,1156.4000244140625,1174.0,1457768
2025-10-13,1161.4000244140625,1164.9000244140625,1153.5999755859375,1160.9000244140625,488298
2025-10-14,1147.800048828125,1169.5999755859375,1139.4000244140625,1165.0,1408990
2025-10-15,1160.800048828125,1163.699951171875,1145.0,1147.800048828125,1284749
2025-10-16,1172.0999755859375,1173.5,1158.5999755859375,1165.0,655759
2025-10-17,1163.300048828125,1178.0,1149.5999755859375,1175.0,2207267
2025-10-20,1145.199951171875,1174.5999755859375,1139.4000244140625,1174.5999755859375,1214428
2025-10-21,1152.5,1154.699951171875,1148.5999755859375,1150.0,115719
2025-10-23,1138.199951171875,1162.5,1135.0999755859375,1161.0,1740322
2025-10-24,1141.4000244140625,1151.0,1131.5,1140.0,1320560
2025-10-27,1150.5999755859375,1156.699951171875,1143.199951171875,1147.800048828125,1275776
2025-10-28,1184.199951171875,1186.4000244140625,1145.0,1145.5999755859375,3451230
2025-10-29,1207.9000244140625,1223.9000244140625,1185.5,1189.199951171875,3819737
2025-10-30,1210.0,1211.5999755859375,1199.4000244140625,1207.9000244140625,1273913
2025-10-31,1206.0,1216.0,1199.0,1210.0,1337807
2025-11-03,1195.0,1217.5,1190.0,1213.9000244140625,1486643
2025-11-04,1181.4000244140625,1202.5999755859375,1175.199951171875,1202.5999755859375,1110884
2025-11-06,1168.800048828125,1183.5,1161.5999755859375,1181.4000244140625,1304994
2025-11-07,1171.699951171875,1182.9000244140625,1151.199951171875,1160.0999755859375,845047
2025-11-10,1179.300048828125,1185.0,1172.0,1174.0,740226
2025-11-11,1191.5,1206.699951171875,1166.0999755859375,1187.0,1588730
2025-11-12,1181.800048828125,1194.9000244140625,1178.0,1192.0,976290
2025-11-13,1183.9000244140625,1200.4000244140625,1178.0999755859375,1191.699951171875,1427189
2025-11-14,1167.800048828125,1182.9000244140625,1159.0,1182.0999755859375,1059030
2025-11-17,1175.5,1178.0,1165.4000244140625,1173.9000244140625,1102752
2025-11-18,1163.0,1179.9000244140625,1152.9000244140625,1179.9000244140625,1912105
2025-11-19,1164.9000244140625,1170.9000244140625,1157.5999755859375,1167.5,522344
2025-11-20,1170.0,1174.9000244140625,1161.0,1170.5999755859375,908758
2025-11-21,1140.300048828125,1166.9000244140625,1133.0999755859375,1166.0,1045627
2025-11-24,1106.0,1145.0,1104.300048828125,1142.0,2209717
2025-11-25,1112.0,1123.9000244140625,1107.300048828125,1107.300048828125,1394051
2025-11-26,1154.4000244140625,1157.0,1112.0,1112.0,2167703
2025-11-27,1160.5999755859375,1163.0,1136.300048828125,1159.0,2342042
2025-11-28,1160.300048828125,1172.5999755859375,1153.300048828125,1160.0,1243394
2025-12-01,1168.4000244140625,1185.0,1157.300048828125,1164.9000244140625,3039396
2025-12-02,1162.0,1172.800048828125,1159.300048828125,1168.4000244140625,2834317
2025-12-03,1143.5999755859375,1171.199951171875,1104.9000244140625,1162.0,6026786
2025-12-04,1150.5999755859375,1165.0,1143.0999755859375,1159.0,2285777
2025-12-05,1162.199951171875,1170.0,1143.4000244140625,1150.0,2326439
2025-12-08,1119.0999755859375,1168.0,1114.800048828125,1164.9000244140625,1727184
2025-12-09,1107.800048828125,1120.5999755859375,1099.300048828125,1118.0,1947088
2025-12-10,1096.800048828125,1113.0999755859375,1090.0,1101.300048828125,1222924
2025-12-11,1105.4000244140625,1111.300048828125,1095.5,1100.9000244140625,759090
2025-12-12,1125.5,1128.800048828125,1108.800048828125,1110.0,827546
2025-12-15,1114.800048828125,1122.5999755859375,1110.0,1120.0999755859375,1017965
2025-12-16,1082.5999755859375,1114.0,1080.5,1114.0,2000325
2025-12-17,1079.300048828125,1093.699951171875,1075.5999755859375,1088.300048828125,1781774
2025-12-18,1082.199951171875,1091.5,1073.199951171875,1079.0,1134603
2025-12-19,1079.5999755859375,1091.0,1075.699951171875,1091.0,1068212
2025-12-22,1094.9000244140625,1100.300048828125,1077.699951171875,1085.0,1086319
2025-12-23,1096.800048828125,1102.9000244140625,1092.0,1095.0,961759
2025-12-24,1091.300048828125,1103.300048828125,1088.0999755859375,1099.5,806530
2025-12-26,1094.4000244140625,1099.699951171875,1082.0,1092.0999755859375,1317269
2025-12-29,1092.5999755859375,1111.0,1089.4000244140625,1100.0,3084525
2025-12-30,1111.5999755859375,1114.0,1089.5,1093.0,1609086
2025-12-31,1164.800048828125,1169.0,1132.5999755859375,1156.0,5881898
