Price,Close,High,Low,Open,Volume
Ticker,LT.NS,LT.NS,LT.NS,LT.NS,LT.NS
Date,,,,,
2015-01-01,848.3334350585938,850.56296739083,842.1527667030298,843.168727338385,674298
2015-01-02,866.2262573242188,868.6816158955094,847.5149098551705,847.5149098551705,1936584
2015-01-05,878.2772827148438,886.7439656993921,872.2658551133633,872.2658551133633,2176527
2015-01-06,848.9826049804688,871.9273489392613,844.438790475723,869.8106780026496,3048025
2015-01-07,846.950439453125,852.3127060523922,838.5119724980458,845.9626942978873,2063635
2015-01-08,852.3409423828125,859.9327412905251,849.0107001337578,857.6749420523734,1455954
2015-01-09,846.8095703125,860.2151367469204,839.8950941465994,859.0862627168606,1735729
2015-01-12,865.9721069335938,867.5525299097588,843.9023059667599,848.8694012826547,1535320
2015-01-13,857.6749877929688,873.2819205680963,855.8123071978948,872.0401335047137,1318348
2015-01-14,856.8281860351562,865.9157611503276,846.6681680189291,859.3681905392131,1476891
2015-01-15,888.267822265625,895.3234252003632,866.7060497656994,872.0682645878178,3419091
2015-01-16,898.4561157226562,909.8861374226826,880.5350050390673,893.2350291502078,4195027
2015-01-19,911.4948120117188,916.0950566681868,904.185270266402,904.806112091866,2087947
2015-01-20,919.792236328125,922.3040258141467,903.6773234181962,915.4742487160399,2088778
2015-01-21,933.9033203125,941.6079809246033,920.4694894895132,922.1910414207218,3705237
2015-01-22,938.8422241210938,942.0595014469576,933.2259156253256,934.7217444260332,1811173
2015-01-23,965.9354248046875,968.5600752012126,945.4459951075071,945.4459951075071,4374211
2015-01-27,983.2642211914062,987.7797168668119,969.7175274590473,970.8463497013632,3390609
2015-01-28,958.6258544921875,982.4173122149869,951.090590631591,979.425758305334,3463524
2015-01-29,973.0475463867188,978.5791048320466,952.9250181336967,955.2391962161192,3460012
2015-01-30,959.8677368164062,982.5867022431943,950.1592674968055,975.7004948250183,2282494
2015-02-02,979.3695068359375,982.0506923229514,957.2996977801224,957.2996977801224,2125707
2015-02-03,972.2573852539062,987.7231364672543,963.7059534482898,983.2640722441275,2930722
2015-02-04,953.0098266601562,977.7326032615994,949.6231534287036,976.2367743529442,1846012
2015-02-05,949.6231689453125,962.9441389949887,944.9382777887906,954.4492403908282,2015947
2015-02-06,950.2722778320312,956.1707403756666,938.6728604443083,949.3973941707695,2210620
2015-02-09,887.5623779296875,942.059515783421,874.8905694200928,938.842238408596,5339823
2015-02-10,887.1390991210938,909.3217675659265,864.8152503888099,872.1247925921009,10472047
2015-02-11,910.28125,916.4901850854648,893.9123990475949,895.7750278967044,4675647
2015-02-12,931.3634033203125,936.4151980480883,906.0479989049988,913.2728952908734,3162283
2015-02-13,938.19287109375,944.8815695415781,931.3348803725232,936.9792997419506,2363568
2015-02-16,930.4602661132812,947.1395906369836,925.7471595900638,939.8018329985277,1676532
2015-02-18,938.870361328125,945.3896649441269,933.5927412411291,934.0442907115993,2187792
2015-02-19,958.7390747070312,965.2019490859981,938.3343875066174,941.9467841242475,2808871
2015-02-20,946.9136962890625,967.9110047666275,943.4705928655629,959.5572879985659,5372566
2015-02-23,952.2196655273438,966.274443248013,947.9016774813997,951.9092962484723,3558913
2015-02-24,971.4669799804688,973.3860391820451,953.9408886347485,954.7311259599992,3186507
2015-02-25,958.3718872070312,979.1999024216,951.6549729650101,973.6683442257665,2760175
2015-02-26,947.1678466796875,959.9808369012321,942.6241356368818,958.9929882524334,2867676
2015-02-27,992.8314819335938,996.2463706529525,959.5574784605171,961.1378502231064,6404554
2015-03-02,1042.022705078125,1044.2241250326015,1005.8417996845321,1005.8417996845321,7276993
2015-03-03,1045.1556396484375,1049.304335203684,1031.8628846388954,1044.2243251408686,3566704
2015-03-04,1037.39453125,1068.9469825763415,1025.5976053987013,1055.5131508391037,4956996
2015-03-05,1030.705810546875,1042.2204789444231,1013.1797144386434,1039.8497663244577,2831550
2015-03-09,994.7223510742188,1028.1939629687533,990.6018712852646,1025.7103889412483,2366515
2015-03-10,989.1629638671875,1010.1320676783646,973.1326913063599,998.504533836694,2668429
2015-03-11,981.9658813476562,996.5285339606584,977.732540081893,996.1616306038844,2817523
2015-03-12,986.3121948242188,996.2463885444693,982.2199300237805,987.7797050629212,2488366
2015-03-13,955.1263427734375,998.7015381858643,950.0745491309817,996.9799864621713,3480124
2015-03-16,948.1557006835938,965.1454986432697,943.3578444130836,958.4285825470124,1994878
2015-03-17,968.3909912109375,972.5395830430463,950.0746585483032,957.299554214062,2178091
2015-03-18,959.0211791992188,975.079662134493,955.4369981552131,973.6967980851031,1931079
2015-03-19,949.6231689453125,981.5426266851485,942.6240992742486,971.4390375991494,3146062
2015-03-20,942.8216552734375,958.1181166218089,933.0567536865976,950.074767153723,2528511
2015-03-23,944.2326049804688,953.9128590708767,938.6728305944914,949.5666562884267,1682382
2015-03-24,943.837646484375,953.2356439406716,934.7218028926096,944.6277806581263,2093748
2015-03-25,921.5983276367188,946.4903931695426,917.9858284502345,944.3172919222958,2524261
2015-03-26,922.5579223632812,939.8017599948736,910.7045668318144,915.5306378814608,5232288
2015-03-27,946.99853515625,951.4293845561556,926.8195720020021,931.3916016934863,4774842
2015-03-30,975.7852172851562,978.7485563398183,950.2440913126616,953.9129183830576,3359008
2015-03-31,970.6486206054688,986.0861552523447,965.9072995511165,979.34102531294,2813583
2015-04-01,978.8895874023438,981.627203236669,969.7174168030905,971.7776566868657,1500330
2015-04-06,992.2387084960938,995.8511043933975,972.0879638148931,980.1877425534975,2732079
2015-04-07,998.8992919921875,1006.2370494033254,986.7918940784002,999.2096612402635,2142483
2015-04-08,1004.4024047851562,1008.8050375482215,994.1012073699087,1001.8341851145283,2066943
2015-04-09,999.5201416015625,1009.2286116463061,990.9405970723215,1007.5352750495841,1702879
2015-04-10,995.681884765625,1003.5841563973247,987.7796131339254,999.0685578430591,1415592
2015-04-13,1017.9774169921875,1019.9529071912875,999.7740509888868,1004.854060106087,2358313
2015-04-15,1009.0309448242188,1027.262525750393,997.8830784183649,1018.2595451386159,2280493
2015-04-16,990.2069091796875,1009.2287327896984,982.1353439899749,1009.2287327896984,2251882
2015-04-17,981.9942016601562,997.0366207768428,976.5472882024553,993.4806550748646,1497997
2015-04-20,958.6824951171875,983.2076588365978,942.0594994487631,983.2076588365978,2375331
2015-04-21,953.207275390625,971.0719529735987,948.2683433181604,958.4283612822836,2067291
2015-04-22,985.2960205078125,988.9085199536825,951.5140398801976,956.6222647854165,2776149
2015-04-23,973.1604614257812,994.778716168269,966.9233113834727,990.6018058844177,2547232
2015-04-24,947.4782104492188,974.1200451623931,942.6240273400201,971.9751591346461,2187252
2015-04-27,941.3259887695312,957.2150776306842,935.5686021840901,948.2404130676787,2775021
2015-04-28,940.0557250976562,950.8083696824986,923.4327306428199,950.8083696824986,3310885
2015-04-29,934.29833984375,943.8939470344395,929.0772538334738,937.8825202533222,2125135
2015-04-30,920.780029296875,935.1169602103387,917.5626482840568,934.6089798801747,3737527
2015-05-04,919.65087890625,931.588982188472,913.3290833296348,926.1138547395012,2455548
2015-05-05,927.0452270507812,939.8016805255564,918.2116419188883,922.8683169124834,2135422
2015-05-06,883.15966796875,927.892010172092,879.5190563527958,927.1017726585196,4843735
2015-05-07,885.5584716796875,894.6459951049536,871.2779743726502,880.5348934430993,3978019
2015-05-08,903.818359375,911.5794505704482,892.6988105550582,896.9039364318936,3842286
2015-05-11,911.7489013671875,921.1751142524586,907.4873444629028,909.4910503223689,3087799
2015-05-12,880.1964111328125,911.5231406217763,877.7128368163409,911.5231406217763,3287785
2015-05-13,897.299072265625,900.2906265906813,880.9865487283435,886.2076352662211,2439559
2015-05-14,890.0457153320312,898.5407153948529,886.405104372437,895.2951197677659,1777146
2015-05-15,898.5689697265625,904.241605121593,889.2838352431944,895.6902772793486,2762061
2015-05-18,910.0838012695312,912.313333626452,896.904011485587,901.6453334248481,1792155
2015-05-19,914.7969360351562,922.8685007416523,908.192881569355,911.5513395784666,2281797
2015-05-20,910.1966552734375,923.122506465116,907.6284349379158,918.8891648842489,1442643
2015-05-21,924.7311401367188,926.2551845237816,908.3905028237817,914.4018275006254,2451279
2015-05-22,933.282470703125,938.1084384768089,921.6266226795515,925.6906716964872,2647665
2015-05-25,920.1873779296875,931.222281369192,917.2240388385892,931.222281369192,1397434
2015-05-26,913.4987182617188,923.8280307835703,907.9107278260766,923.8280307835703,2059530
2015-05-27,923.0942993164062,929.0209775825139,908.3340344256438,914.4017896280174,1575588
2015-05-28,918.2118530273438,926.170556425904,905.9351615853,924.0538854876206,2633245
2015-05-29,933.8467407226562,942.4827143880187,917.6189691972539,920.3282658973163,4191568
2015-06-01,962.6898803710938,964.6372584136985,927.3838606480244,944.881634238463,5386807
2015-06-02,944.627685546875,969.6043978738436,940.9306434692465,965.7661755251005,4373604
2015-06-03,933.3951416015625,952.5298198292327,927.9482297571933,945.4460025582929,3209997
2015-06-04,938.3624267578125,948.2684035609328,928.823249942947,935.850637489129,1967170
2015-06-05,950.300537109375,961.8152055189179,936.2740791426328,936.9795671695201,2404830
2015-06-08,947.56298828125,962.9441993244482,943.2450002406796,950.3570352591285,2129532
2015-06-09,940.8743286132812,951.5423287592839,934.721823932056,945.9825539130437,1416730
2015-06-10,962.9722900390625,969.6609900041659,942.6240362907502,943.1884473498139,2389308
2015-06-11,946.0953979492188,973.3580759680465,942.7651555099217,967.9676968971775,2981295
2015-06-12,935.5401000976562,950.0745357061247,931.3349746853887,945.2203531603984,1835109
2015-06-15,941.7210693359375,956.396585754385,932.4641478918296,939.9147676580835,1700772
2015-06-16,946.8008422851562,951.0906139076402,934.637015325358,942.623932191409,2043630
2015-06-17,965.6815185546875,972.2573565115138,946.0106421569053,951.6550624058037,3984108
2015-06-18,969.2374877929688,976.2083404022359,964.4960636480439,968.0239163763302,2842159
2015-06-19,968.6448974609375,983.320514740623,963.6495341736453,973.6684761326964,2126232
2015-06-22,977.9017333984375,981.5706632417131,968.89885611209,973.6683925612149,1613481
2015-06-23,997.1212158203125,1000.1975197700021,980.7241488650897,982.6996393302121,2350728
2015-06-24,989.6140747070312,1001.7213682711241,984.9573994855214,997.9395766555731,1816593
2015-06-25,1021.5054321289062,1025.5976972100932,982.1917820187386,982.1917820187386,4201746
2015-06-26,1005.108154296875,1018.2597286035506,1001.890876702611,1018.0340055072136,1818054
2015-06-29,1010.6678466796875,1013.1796360399106,970.2818125759935,986.086252093635,3110302
2015-06-30,1006.2933959960938,1021.0254437114277,997.9395753217964,1007.8738709027023,3076677
2015-07-01,1022.6060180664062,1026.72639468355,1006.378140017789,1006.378140017789,2471292
2015-07-02,1016.1993408203125,1026.1618514711342,1011.4862349858766,1022.7751786940019,1335757
2015-07-03,1020.1223754882812,1030.112998785093,1011.7685545620443,1016.0018957945215,1830951
2015-07-06,1025.0611572265625,1028.1374608386268,1001.8907464125912,1001.918961795964,2029512
2015-07-07,1022.408447265625,1029.5486973516804,1013.2927066294602,1025.5693975107097,1728982
2015-07-08,1019.6426391601562,1024.2993146463343,999.0685588527277,1010.3575035732702,2385891
2015-07-09,1043.6033935546875,1044.788749922134,1024.6097863464663,1024.6097863464663,2888308
2015-07-10,1059.125732421875,1061.1577572425165,1043.9703474656474,1044.224389325631,2696910
2015-07-13,1048.5704345703125,1061.157597049181,1040.8375586164505,1059.125572535296,2160397
2015-07-14,1048.48583984375,1056.6138349449193,1044.845124771413,1049.699411534529,1669578
2015-07-15,1055.1744384765625,1061.1575468404787,1051.2514665613928,1052.6908645607755,1757511
2015-07-16,1054.412353515625,1059.464147198096,1048.1752037140793,1055.5129601345132,2124406
2015-07-17,1056.416015625,1065.6729344317177,1052.1544595305288,1056.0210002879383,2513529
2015-07-20,1053.9888916015625,1061.1009241004317,1044.2239933624846,1057.2061682739543,1654725
2015-07-21,1041.37353515625,1062.8507099300052,1037.5070979929317,1055.4564201568846,1305582
2015-07-22,1046.7359619140625,1054.384191279224,1033.5278549972616,1040.6116733333404,1643224
2015-07-23,1033.5279541015625,1052.4369139491232,1028.984243343298,1049.8686936586037,2011395
2015-07-24,1017.328369140625,1036.8581703512384,1014.3368147749791,1035.7575635991304,1986279
2015-07-27,984.0259399414062,1014.8728979691787,980.9215243766771,1014.3649177281212,3556780
2015-07-28,992.8314819335938,1000.1975584420957,984.1955062787355,987.7796873234569,1856446
2015-07-29,1010.5265502929688,1015.1267938901879,987.807589446033,997.2621184010187,1687711
2015-07-30,1001.1852416992188,1021.6463573604444,998.1936873316324,1018.8241986607964,2621203
2015-07-31,1011.06298828125,1024.9483685383038,996.8108080142797,1007.2529810776532,2882673
2015-08-03,1004.3743896484375,1006.9708252164156,961.8433653092201,965.2300383723324,4953312
2015-08-04,1001.7496948242188,1013.0668555429281,992.8596775056752,1004.7130339303999,2105218
2015-08-05,1004.4871826171875,1011.4298205813963,998.5605051613328,1001.7495669564265,1552152
2015-08-06,1033.3583984375,1036.7732861590941,1001.8906023748484,1003.0758550122155,2809791
2015-08-07,1034.8826904296875,1040.8375838355826,1025.0894709861968,1032.935312024809,2368350
2015-08-10,1027.7142333984375,1040.9504535186954,1019.4450581508993,1033.8102037823978,2166975
2015-08-11,1016.6511840820312,1030.0566974337953,1005.8420032122624,1028.5327564104675,1658853
2015-08-12,994.8353271484375,1011.8815559733674,988.9086486037233,1011.7969098076287,2478813
2015-08-13,993.5088500976562,1012.5871028259631,986.6508573255207,994.8352833617296,3626170
2015-08-14,1015.7196655273438,1018.6830044686532,987.8078280375676,1004.0074900423035,1955958
2015-08-17,1004.910400390625,1016.0017319605865,996.5565808114715,1011.9942178048277,1508725
2015-08-18,1016.086669921875,1024.4404919002527,1006.4628454138008,1012.1638007798535,2073873
2015-08-19,1024.2994384765625,1027.2909931694387,1008.0997744891341,1015.9456163063845,1626091
2015-08-20,1005.7572631835938,1026.7263589777833,995.6818900541008,1013.1796665960948,2032938
2015-08-21,982.135009765625,990.6016908842943,973.6683286469558,990.6016908842943,3087904
2015-08-24,920.9209594726562,958.4284020605945,905.9349736791838,958.4284020605945,4809892
2015-08-25,917.0263061523438,940.0839585722925,889.0016094212,931.3068040105267,5436565
2015-08-26,898.7102661132812,927.1018721102266,894.4204934534854,918.8610148117922,3418867
2015-08-27,914.4298706054688,924.5616736137224,897.5247220029753,920.0460754332121,6486766
2015-08-28,912.39794921875,934.1573864075823,906.0479370075649,925.6342726867556,3557331
2015-08-31,904.7498168945312,920.0462786260157,902.5484997608514,912.708520396058,2546173
2015-09-01,888.355712890625,904.9493224838924,877.2933064951135,900.9577723744633,4791088
2015-09-02,871.1063232421875,903.2385650927255,866.7155558547324,903.2385650927255,4657150
2015-09-03,894.5711669921875,896.3958635532824,876.7800622868082,879.4600984123623,3510199
2015-09-04,874.6416625976562,892.2331313638724,866.7440242639339,888.9258951417839,3262708
2015-09-07,860.756591796875,884.4210009058231,857.6203819166634,877.8919375429911,1831632
2015-09-08,892.1192626953125,894.6852816675905,849.6373756412248,863.8930540002547,2772253
2015-09-09,908.08544921875,910.9366158405726,889.5531272058173,904.0938994774509,3469864
2015-09-10,921.1152954101562,926.617994445882,886.9587179301157,896.0538017524374,2940453
2015-09-11,914.0444946289062,929.241078819473,908.1141254038844,926.6180509721721,2370705
2015-09-14,915.7551879882812,923.1967062014711,905.5196157084309,916.1543534851737,1564111
2015-09-15,888.498291015625,920.5735251900146,883.8509320537041,915.7835400240501,4171896
2015-09-16,883.1096801757812,896.7381057908995,875.4116233614192,896.3959490501677,3774322
2015-09-18,878.49072265625,903.2385607810091,875.3259558941751,890.1233196021772,3023722
2015-09-21,883.9934692382812,888.0420279191653,871.0208013443863,872.4463847344431,2421045
2015-09-22,846.7576293945312,890.6365889990017,844.0775411741687,889.7241363446686,4925386
2015-09-23,852.6595458984375,857.6205575428727,825.2601732356904,839.9435210289957,4148463
2015-09-24,833.9274291992188,848.154547025973,832.5303504521111,848.154547025973,3337753
2015-09-28,815.4521484375,837.6909755688644,812.9146864841872,834.8113569312186,3741877
2015-09-29,824.6900024414062,835.3817481420045,805.3592948912509,809.7215584605688,4576866
2015-09-30,836.0942993164062,837.662404214989,824.7753039578075,835.26746423355,3287628
2015-10-01,849.6943969726562,852.288920185169,833.7280400428234,845.6457859691234,2706871
2015-10-05,884.2216186523438,886.1318283729208,857.6775344042662,857.6775344042662,3955770
2015-10-06,886.616455078125,891.6629793213071,877.8635290476652,891.6629793213071,3646411
2015-10-07,880.8572387695312,887.215276853053,878.1485938461773,883.8509272762927,1399029
2015-10-08,874.5562133789062,883.2236265852803,867.0007311817992,879.8592769932238,1634403
2015-10-09,881.7980346679688,892.3757612208594,877.0081542477269,882.3112174966442,2046471
2015-10-12,886.1317749023438,893.1170130988446,883.5657562491516,886.7019664658643,1188325
2015-10-13,881.4559326171875,893.3736778993067,873.8719461140654,889.5531541865803,1813896
2015-10-14,878.3482055664062,886.0747658809098,875.3259605753457,877.5213703732256,1693611
2015-10-15,889.83837890625,891.549058196418,881.0568431579846,883.9365144728548,1884301
2015-10-16,915.1848754882812,917.4372419445089,885.3049979505248,892.6894020507585,2580712
2015-10-19,901.4138793945312,918.0644964674622,898.277564731447,916.8670002003701,1893249
2015-10-20,897.2797241210938,910.5374876161549,894.1720181556594,904.2079538394246,2194296
2015-10-21,884.107421875,899.5605421321548,881.5984119982454,898.6481938881647,2086108
2015-10-23,861.2128295898438,895.1698190768014,858.9034546435454,890.7220953240924,4297068
2015-10-26,860.157958984375,872.4463124208066,857.6204447750599,866.7725358956335,2636010
2015-10-27,852.3458862304688,868.4547641528495,849.6943544310822,858.2477501785029,3801229
2015-10-28,851.2054443359375,854.7693243994989,845.6457371427662,849.5802782740815,2522211
2015-10-29,838.6605834960938,853.0302801459443,836.2941471182384,852.4885928407615,2901601
2015-10-30,804.4468994140625,854.0280922008504,798.3169481693542,839.9434930617856,11414433
2015-11-02,791.8448486328125,800.5978269304217,783.6336097517369,798.3169040386636,7422958
2015-11-03,783.0918579101562,796.5492035670173,779.841578079876,796.5492035670173,5215915
2015-11-04,780.126708984375,791.4742106467623,778.3590210997571,791.4742106467623,3886504
2015-11-05,780.6114501953125,786.6558360793327,777.7887877667652,781.2101461472726,3723427
2015-11-06,785.34423828125,790.6187970828666,782.4075587307171,782.9207415505589,2817822
2015-11-09,774.9661254882812,777.7887355214435,759.0283266127375,769.8055839050959,3894880
2015-11-10,768.8933715820312,779.7847004342026,765.8141173785751,772.685339251835,3552916
2015-11-13,759.0853271484375,774.93761278173,758.4010659668286,774.93761278173,2728915
2015-11-16,773.8828125,777.1045884178302,756.1202623070344,758.116037452672,3453009
2015-11-17,770.8035278320312,782.635707834523,766.9544997607139,780.3547849088513,2795227
2015-11-18,766.640869140625,780.6399550325283,764.6735985117854,772.0865590760206,2537497
2015-11-19,774.9092407226562,778.3591037823112,769.8627157608722,774.3675012327794,1806705
2015-11-20,779.4139404296875,783.1488989012549,766.6693597999126,776.8764260471622,2543665
2015-11-23,780.5830078125,789.1364050149416,778.3876497854183,781.2102604210653,2178064
2015-11-24,764.9871826171875,780.5828777310568,762.6778075220125,777.2185803429935,2611854
2015-11-26,759.9122314453125,772.257594811457,758.4866480329463,769.6630716332324,4076958
2015-11-27,778.3590698242188,779.7846532880973,761.8225209075384,762.0506079970644,3462969
2015-11-30,783.8333129882812,789.1649338709594,777.7888742265692,778.2736050019338,3613390
2015-12-01,778.2735595703125,788.5661396142067,775.8215580917647,784.0613543224673,1377124
2015-12-02,772.0864868164062,783.4909962891392,770.8604862558387,780.0696382267412,1781221
2015-12-03,768.5797119140625,778.3021007954693,766.5269280036401,770.0908085364063,1776231
2015-12-04,764.017822265625,770.5468865038109,762.9628999773483,764.4169876942469,2201155
2015-12-07,764.7590942382812,770.6609581966852,761.8794753609562,767.2110955332686,1649014
2015-12-08,753.8963012695312,764.1033149623958,749.2774468109858,762.9343752718506,2217838
2015-12-09,741.6935424804688,755.5214986156084,740.381976445361,752.7558969474227,3327682
2015-12-10,747.5382080078125,751.4157400585373,741.8644317091773,746.7683815864539,2893311
2015-12-11,733.1685791015625,749.1348827986515,727.9224720885529,747.6237863851976,4114018
2015-12-14,726.6964111328125,736.931980675717,721.051191370939,732.3986918116939,4010256
2015-12-15,731.7144775390625,735.1928444393156,721.3933942680649,727.038614391616,3333246
2015-12-16,730.4029541015625,740.7240372346372,727.6088484345656,736.0196697926158,3351052
2015-12-17,739.1273803710938,741.1231550892334,730.7735160574244,735.0217091023352,3764286
2015-12-18,734.1095581054688,746.1983836998173,732.2278003027806,736.6470728719403,3934995
2015-12-21,735.76318359375,739.9828731576478,732.4558424093577,733.5678257283936,1760169
2015-12-22,730.0038452148438,739.5265982644644,727.6089047728053,736.1623007842185,2622499
2015-12-23,736.1622924804688,740.724086233171,731.6004465219809,734.4516132974821,2420179
2015-12-24,738.157958984375,742.1495605600287,733.4820962772377,739.4694725378295,2227447
2015-12-28,738.52880859375,741.4084278345641,734.5372059988262,739.6692441041034,2357763
2015-12-29,735.33544921875,741.8645135194383,732.9119522654576,741.2943219351926,2280091
2015-12-30,731.8856201171875,740.153868320241,730.7451324847897,737.587849456027,1811727
2015-12-31,727.2952880859375,733.6248223271858,725.413530429962,733.3111699482955,2324868
2016-01-01,735.1358032226562,736.1622210740446,725.6415033545397,729.3195050058297,1127733
2016-01-04,716.1758422851562,735.5635574399372,714.6647457936285,733.311138779479,2767263
2016-01-05,716.7175903320312,723.6173159876755,714.2085802006017,720.0818878746804,2470134
2016-01-06,705.284423828125,718.3711076881008,704.2295016350123,717.9149335839082,2728635
2016-01-07,687.921142578125,700.4376367319269,684.2716970078026,700.3235670863914,4689760
2016-01-08,672.3538208007812,693.9083855227473,670.015889475123,692.8819677348866,5356012
2016-01-11,669.0751342773438,675.6612594845168,652.9376996915527,662.603078710204,4304283
2016-01-12,672.38232421875,684.2715635171718,669.0180273156939,676.4879953644748,4095195
2016-01-13,659.6093139648438,680.8502270119934,643.2722985510133,680.8502270119934,5619939
2016-01-14,647.0073852539062,658.6114783315384,633.0082995813497,646.8648112549365,5099718
2016-01-15,631.7537841796875,650.9134113893622,627.248999267628,650.0010631048398,3987867
2016-01-18,617.86865234375,632.9511615930539,612.4230158116576,630.6702391043074,4166632
2016-01-19,640.335693359375,645.7813305478758,609.628984044389,618.2963965759882,4372536
2016-01-20,636.4295654296875,640.0790103032562,614.3333135010336,627.7906577866233,5856754
2016-01-21,628.7886962890625,648.6895948221254,622.1740663514845,644.3558357555827,3802062
2016-01-22,651.3126220703125,652.9092316791634,633.1224028033736,636.3156742268634,3694869
2016-01-25,635.317626953125,660.2365405586916,632.3239388861898,656.3304521299779,2472816
2016-01-27,631.6968383789062,639.7940607249674,625.9090435381172,639.7940607249674,2618145
2016-01-28,612.708251953125,629.2448524259416,610.1422331424245,627.8192690180682,5794726
2016-01-29,628.18994140625,632.3810742156807,610.2563137679546,612.4231671752144,4848987
2016-02-01,639.822509765625,660.8638947428582,633.0082974887978,641.5046845659247,7053951
2016-02-02,639.7369384765625,652.9091354775627,633.5214749120688,640.9343824553188,4505643
2016-02-03,632.2669677734375,638.6535096567565,622.8582332893262,631.1264803048434,3731595
2016-02-04,647.6060791015625,655.6747435333178,637.6271007434586,638.0832748549703,5956549
2016-02-05,650.0011596679688,656.9008859548037,642.3886154978944,651.0845864682373,4000879
2016-02-08,644.5267944335938,660.2365571952057,638.8815748188651,650.628240343596,2539246
2016-02-09,635.34619140625,643.1868211537184,628.6175448105929,635.8023655274015,2523124
2016-02-10,638.9955444335938,644.3556678928288,628.9595585981755,631.6396464306802,3203877
2016-02-11,622.9151611328125,641.6471146016684,615.2741153494853,637.9121047664469,4395021
2016-02-12,600.8189697265625,628.6745112466534,579.3784220338225,627.0208410143504,6160240
2016-02-15,655.4182739257812,658.4404671305327,607.0345738766334,611.4537940317933,5939226
2016-02-16,629.5299072265625,660.2651222346188,626.849818947229,660.2651222346188,3548740
2016-02-17,640.050537109375,646.4655833563736,617.0704402494911,630.4422199168187,3479412
2016-02-18,655.560791015625,669.9874944922502,646.0664901852458,646.8648210623245,5457168
2016-02-19,656.0455322265625,666.537695450191,645.1542035262484,653.5650262810689,3036894
2016-02-22,655.6177368164062,666.1669067431191,650.1720996121575,655.7603108038553,2054481
2016-02-23,644.44140625,659.1817627735135,641.5617349690873,658.7540929560146,2045679
2016-02-24,634.6049194335938,644.3557587042986,632.9512490954962,639.793965301934,1816150
2016-02-25,619.5224609375,638.6535844727521,616.9849465004204,637.513096870554,2655282
2016-02-26,633.3219604492188,637.2279973391057,622.8583026053676,622.9723200414477,2277972
2016-02-29,613.5634765625,640.6492430009591,600.4767935217933,635.232110595578,5500993
2016-03-01,640.906005859375,643.785677265182,616.4148077581527,619.8361664465314,3647113
2016-03-02,648.8605346679688,656.2734945271886,646.1804986995691,651.7687098989114,3652203
2016-03-03,688.3203125,690.6582442936825,646.8933493196753,655.1331454207022,5552958
2016-03-04,680.3941650390625,697.9286272925888,676.858736904919,692.8250939198151,3438969
2016-03-08,677.1154174804688,691.1144523632432,668.9896906271881,684.8419788608865,3022782
2016-03-09,691.5990600585938,695.6761752482481,671.7266669766846,674.2356770028673,3121141
2016-03-10,676.3740234375,696.5315122361422,673.5799176299392,692.2548143464284,2932767
2016-03-11,676.0889892578125,685.4121601835253,667.9062015988985,677.9707469419254,2996377
2016-03-14,675.2620849609375,688.0636741300382,671.5556308994294,682.5609756512405,2726301
2016-03-15,673.2947998046875,683.0456393506543,670.3296157374211,677.828088978269,2444158
2016-03-16,674.69189453125,679.5388365378662,664.2567405294136,676.8587479819853,2704711
2016-03-17,680.4226684570312,687.1228114191248,675.4047003768895,683.1312613252675,3872653
2016-03-18,683.8724365234375,685.9822809234573,678.6263820851439,683.7013581818018,2566830
2016-03-21,700.3234252929688,702.8324349288786,681.0497833569923,684.841802165023,3575446
2016-03-22,705.5410766601562,709.9318441553829,696.8166547978141,703.6593713679864,2979816
2016-03-23,708.5347290039062,712.2127307373172,701.5494909988267,707.0806935715699,2438136
2016-03-28,687.892578125,710.6160848231685,683.1597062615904,707.65090076773,3717456
2016-03-29,680.8218383789062,693.4238456905587,678.569419666273,688.8334951849517,2703178
2016-03-30,700.2664794921875,702.4618370179373,685.1269594599681,688.8334133326891,2874000
2016-03-31,693.79443359375,701.3784197864662,690.8292495737192,699.0689925972324,4945963
2016-04-01,705.88330078125,711.8136696299455,691.1144395872872,691.1144395872872,2539944
2016-04-04,704.71435546875,712.7830211812665,696.5886288289015,707.0237307491284,1740162
2016-04-05,681.506103515625,704.0870906674813,678.597927886475,700.4661494140756,3151113
2016-04-06,691.0287475585938,692.8249394823488,674.2925677321302,683.7583623911864,2583834
2016-04-07,674.520751953125,689.9454205012048,671.6126287906193,688.8334373154697,2707579
2016-04-08,679.8524169921875,682.5610098299496,673.4373699073196,675.148049129951,1565038
2016-04-11,691.8840942382812,693.3381295223746,676.0603145905059,681.9906297598505,2529934
2016-04-12,697.0447387695312,704.1725510964972,688.291760382064,692.8250496484836,2837052
2016-04-13,704.1724243164062,714.4935059840816,700.8651362803471,704.7996767000033,4955905
2016-04-18,714.49365234375,716.7460709566458,689.4322128365252,703.1461506142881,2644515
2016-04-20,721.8779907226562,723.0184259195883,711.6424216871391,716.7744583819983,2522848
2016-04-21,713.8948364257812,727.0385282003546,710.5304873541372,724.0163357889978,1723543
2016-04-22,721.3935546875,723.6174171202089,707.9362060187473,712.7830963886604,2008374
2016-04-25,721.6214599609375,728.5211848422122,716.8315273198111,724.1874785239684,2128689
2016-04-26,730.4600219726562,731.8571010221896,718.68485023545,719.1125200375417,1877685
2016-04-27,727.865478515625,734.8792735156168,724.7862247029095,730.4600016152357,1557685
2016-04-28,718.2285766601562,731.5433474007672,714.7216534449442,728.1789981684468,2789970
2016-04-29,715.4060668945312,721.9636357325837,710.2169683371242,718.5707816701282,1689373
2016-05-02,713.2107543945312,716.2044434226596,704.7999311936259,710.5022134110395,1344315
2016-05-03,713.581298828125,731.6860040583218,709.9318534234424,716.2043262927251,2525149
2016-05-04,710.958251953125,717.2877333668883,707.0807195793747,711.1007737424502,1644345
2016-05-05,726.3828735351562,731.315328213874,709.4756649441646,709.6467432983538,2821255
2016-05-06,718.741943359375,725.5561566336991,715.0639930706247,724.7578256544998,1610382
2016-05-09,738.1866455078125,739.526663746711,720.3100775845294,720.766251784759,2788513
2016-05-10,752.7272338867188,754.2383301285,734.4515050058546,738.4430543737632,3676146
2016-05-11,757.1181030273438,760.6819831435841,738.4431540421785,741.2087555005596,4603557
2016-05-12,750.47509765625,764.0464636341127,747.7094957241097,755.6071360203298,1553274
2016-05-13,733.5962524414062,749.8477042087013,730.1463898164885,746.9965375158462,2103742
2016-05-16,731.742919921875,739.0133054500293,723.4746209389108,736.6183653642636,2410951
2016-05-17,736.2192993164062,746.4263656703437,732.541349523544,735.0218030090625,2223565
2016-05-18,746.9110107421875,748.251028783897,728.2075580503135,732.968986501853,2603508
2016-05-19,721.963623046875,745.8561228612989,718.5137603262161,743.575199884871,2005083
2016-05-20,715.6911010742188,729.7186902784249,713.4101782540974,725.3279229857031,1672558
2016-05-23,707.7649536132812,721.8210470828285,705.9402049279212,720.5665421502275,2198760
2016-05-24,708.3067016601562,711.9847037036557,697.5579479450004,707.7650144234086,1858491
2016-05-25,736.50439453125,740.5245010389851,713.3817212792925,718.4852544522445,3721570
2016-05-26,840.5992431640625,846.7291943593146,792.61471253864,800.5978647280164,20691907
2016-05-27,841.02685546875,848.1261632145328,827.9686752960505,840.513672626706,5885740
2016-05-30,847.9837036132812,853.3153239543586,836.0374535261471,838.175802534446,3487939
2016-05-31,840.2570190429688,847.9836313797966,836.6361304227536,847.4703963380518,3809605
2016-06-01,835.41015625,846.3014834292005,833.1577377192215,838.2612707064006,2486295
2016-06-02,842.3668823242188,845.4746403836564,822.0668202009151,832.5304775042655,3103587
2016-06-03,832.8726806640625,847.3279407402741,830.2496531539713,842.2244075157796,2250340
2016-06-06,837.206298828125,840.1429783897269,833.1291839926982,834.1270974859077,1901931
2016-06-07,848.4398193359375,855.3395444059366,833.27179460142,841.0838679305767,3348535
2016-06-08,861.72607421875,863.7218490583546,849.7228164125937,852.6024351412485,3325263
2016-06-09,850.4641723632812,863.1517448434938,847.9837187927249,861.7831701302125,1813729
2016-06-10,848.3257446289062,858.1906536879726,841.825185012598,845.246543169767,2152996
2016-06-13,836.0374145507812,840.4566341580542,829.8504548948152,838.2327721754125,2209357
2016-06-14,832.843994140625,840.0858747743149,829.7362365875827,837.092186838659,1689316
2016-06-15,863.208740234375,865.0334368828586,834.5263590932844,834.8114548931634,2960616
2016-06-16,852.0323486328125,860.471675360459,842.7946387828011,860.471675360459,2447025
2016-06-17,844.0775146484375,856.9646680985862,839.8863824113109,852.203239918978,2653944
2016-06-20,859.359619140625,861.041793810273,832.7015202505589,834.4692079891934,2975367
2016-06-21,852.3743896484375,861.5550378875923,849.9224405662483,861.0418550256271,1195078
2016-06-22,850.5211791992188,857.0502959696724,844.0491233541248,853.0586936896411,1813926
2016-06-23,854.541259765625,859.872880027657,840.1715650840565,847.983691041254,2053992
2016-06-24,815.7659301757812,837.0924124731167,798.8872244514531,825.9729971434926,6840802
2016-06-27,836.379638671875,837.890735303025,814.2833808579473,814.8251203549742,2560092
2016-06-28,840.542236328125,850.4926591764861,837.0923735649277,837.4915390061584,2342134
2016-06-29,845.759765625,851.3479772493475,842.3669116661208,847.4704447837098,2000545
2016-06-30,853.3438110351562,858.1336918344452,846.7291814230329,848.6109389533912,3960568
2016-07-01,879.65966796875,880.9996859319594,855.7386662993413,858.0765977488664,3497923
2016-07-04,894.172119140625,899.247148478596,882.9100771200466,883.8510342939303,2718052
2016-07-05,898.7337036132812,902.0980530076979,884.9912624676558,893.1454923309717,2636760
2016-07-07,886.4169921875,902.0696445487129,884.2216344230175,898.6767904368106,2084571
2016-07-08,873.95751953125,887.3578578092915,867.9131333980364,886.673544340349,1915600
2016-07-11,889.4391479492188,895.9397078908629,886.4454594118696,888.412677803757,1815517
2016-07-12,894.1148071289062,896.2531555958826,882.1115513617152,894.0006853088669,2383048
2016-07-13,884.6492919921875,895.1414021408153,879.9163153876447,894.1720450969906,2036055
2016-07-14,892.0906982421875,895.7972046452198,879.8593002002813,888.9544878467431,1909636
2016-07-15,904.2933349609375,909.5109891688267,887.9278678884859,893.0314002671663,2428458
2016-07-18,897.7643432617188,914.4434639751416,892.4042712656233,905.5194076889821,1855422
2016-07-19,896.8518676757812,902.9532609025207,890.4653265110888,896.3956936219853,1926168
2016-07-20,895.7400512695312,904.3790643687145,894.4285375695212,896.966051895717,1790911
2016-07-21,888.1561889648438,898.1066121580475,884.9913696845792,898.1066121580475,1678212
2016-07-22,897.536376953125,899.7602390024385,885.3049790645438,889.6101813688466,1877206
2016-07-25,904.322021484375,905.9755874172051,891.2637892819746,896.395826456343,2209774
2016-07-26,908.1995239257812,911.2217165352084,901.5848427652205,905.8045315583589,1729183
2016-07-27,913.5881958007812,920.9155910384169,904.7497563059843,910.2523505152612,2467012
2016-07-28,899.3896484375,916.1257804545459,890.3515733257681,914.6432404426297,2811580
2016-07-29,888.8973388671875,908.6272619971102,883.8509189610925,906.659939232262,4228011
2016-08-01,851.7470092773438,904.3789417286282,849.6371650179469,889.0113360656999,9155449
2016-08-02,857.249755859375,863.2086279629003,849.7797874631917,853.0585714556039,2410914
2016-08-03,843.13671875,865.1189558742649,838.5178642455548,859.9013532369052,2619658
2016-08-04,837.7481689453125,853.0587171830741,832.7586529064141,853.0587171830741,2254336
2016-08-05,862.2964477539062,864.8909710976112,842.7946617226568,844.134732142182,2805628
2016-08-08,859.4166870117188,869.3956660854193,853.6859014390583,866.7440820891634,1403923
2016-08-09,855.88134765625,861.0418896650021,848.1547346170862,860.9848287402115,1865400
2016-08-10,845.759765625,857.6205023018069,841.8537288008217,856.1094058586656,1683261
2016-08-11,840.912841796875,843.3647907948375,834.1556385136703,841.1123722985084,2240371
2016-08-12,850.720703125,858.5898374962464,843.0797080278497,843.3648038117947,1659132
2016-08-16,858.96044921875,862.5528855955464,839.3731535921136,851.889646095653,2610843
2016-08-17,856.76513671875,863.4652791517458,850.207516074131,857.4779022779843,1384653
2016-08-18,855.5240478515625,865.1062331744316,854.3118802955657,860.66147787526,1780732
2016-08-19,862.5951538085938,864.124830178516,854.1097702541342,858.9296909189258,1392250
2016-08-22,861.6139526367188,868.1656402057894,853.7346780654573,862.9705001769935,1837995
2016-08-23,852.666748046875,862.7972812377147,844.6142919174313,861.6139156520685,1273489
2016-08-24,850.5599365234375,859.1896492463387,845.68230497866,851.425793280281,1230627
2016-08-25,839.678955078125,856.2167967678548,837.2834217517566,852.060695212877,2616154
2016-08-26,823.8336791992188,842.7381968713024,819.9084697583023,839.8808807331917,2788650
2016-08-29,842.4784545898438,844.9316972904979,819.2157990739768,826.6044348633493,2094229
2016-08-30,851.8009643554688,853.0420397302943,841.5261560775057,847.3851162814752,2598309
2016-08-31,873.3318481445312,876.2180191782331,848.7126448707306,851.4256340159179,4152240
2016-09-01,869.955078125,875.987220085824,867.0399990957291,873.3607951837806,1905766
2016-09-02,868.7716674804688,873.072095846029,858.2371135746258,869.9550330758877,1755505
2016-09-06,875.3233642578125,879.8546842534244,867.6749286107636,872.8989762051588,1960860
2016-09-07,876.3912963867188,889.783167376082,871.6290845969218,878.9600116106054,2648263
2016-09-08,888.6575317382812,892.3806517263542,878.0651628887505,880.6050230253976,1692184
2016-09-09,876.0736694335938,889.5810636724011,871.6289672137948,888.9460458150685,2262933
2016-09-12,844.6142578125,861.007823519323,842.709362724421,858.9297465418382,1953571
2016-09-14,851.5988159179688,855.4663157548523,840.5158620728695,844.6142534785453,1718754
2016-09-15,848.6837158203125,852.608924994182,841.1218986964002,851.4833220888013,1126282
2016-09-16,850.3865966796875,865.2792869280428,847.673554851751,852.6378025504325,2112271
2016-09-19,854.1963500976562,860.0841641279756,845.0760013912948,852.0028538617152,942540
2016-09-20,851.9740600585938,856.8228359961804,847.7024866364329,853.1573727781415,1097205
2016-09-21,849.7517700195312,858.8721200360824,846.4037626590997,854.3119450278068,1337071
2016-09-22,865.8276977539062,868.1655210154444,852.580103068777,860.0841579594531,1952950
2016-09-23,864.1248779296875,875.9582689574478,860.4305599974563,868.7427621330536,3121780
2016-09-26,846.0574340820312,872.7546636419967,843.6907556740721,861.2387805648659,2122144
2016-09-27,829.1443481445312,852.1761678888063,826.2870316269407,848.5684140517827,2819209
2016-09-28,840.4003295898438,846.8076890715877,830.327560110452,832.3767292424742,2393218
2016-09-29,829.8370971679688,847.9623256551334,819.9374546293003,843.6908046141939,3040345
2016-09-30,827.2682495117188,831.5397698692598,814.7710388263056,828.3361428130269,3497865
2016-10-03,848.943603515625,851.2814270760534,828.4516448684764,830.0967936678104,2181718
2016-10-04,836.5040893554688,854.0521139584555,833.1561349673398,852.4647277142568,2289637
2016-10-05,839.2747802734375,843.8638096208163,831.8861444346971,842.7670614657387,2059848
2016-10-06,839.5923461914062,847.0675470572252,834.6858075766133,845.0760873389778,1627375
2016-10-07,841.0064697265625,842.7093280148125,831.7995564516023,838.7264089609905,1098751
2016-10-10,836.9947509765625,845.8842087594203,835.2918925761247,843.3154937382646,875911
2016-10-13,830.2988891601562,835.5517391964083,826.2004971407451,830.5874904524414,2659995
2016-10-14,851.339111328125,852.8110781812879,830.4142249744368,833.5313405777868,2632323
2016-10-17,835.8114013671875,852.5801864273526,831.7996271333699,851.3679659961255,2140920
2016-10-18,859.0740966796875,861.1809757063901,837.600810160865,841.4394552804769,1983013
2016-10-19,860.6903076171875,866.4338476752405,852.0317416938764,859.0740666404259,2146896
2016-10-20,867.9635009765625,870.1858520782072,855.7837464810583,863.5476007648645,1502340
2016-10-21,872.1197509765625,873.995791479727,861.8737974389413,868.1656860607405,1670799
2016-10-24,861.6139526367188,877.4014094696283,858.2371433266198,875.4676593801745,1517035
2016-10-25,856.678466796875,865.4813062340953,853.5613515989068,862.9703540207277,838206
2016-10-26,855.639404296875,859.5069037118315,848.856826478363,854.138582839613,867619
2016-10-27,851.5988159179688,855.9858085727114,841.093117418696,854.167530862512,2440678
2016-10-28,854.7160034179688,857.1403915185002,844.4988524587981,849.1167899193025,1212981
2016-11-01,844.5855102539062,854.9180282301471,842.7671794557142,854.8891733861964,947158
2016-11-02,836.2154541015625,839.8809172981739,829.2020366528924,835.7248161120104,1493443
2016-11-03,833.646728515625,846.6057227469045,832.3767984489174,832.4634158180116,1411942
2016-11-04,819.5621948242188,827.9898699541816,806.3434531559376,823.6605865945328,18639006
2016-11-07,806.9783325195312,826.4312507289146,803.7169429248743,822.5637509587497,2158653
2016-11-08,806.5166015625,811.5962691645867,798.8970737355223,811.3076679018292,1881726
2016-11-09,802.6202392578125,813.3857374245672,747.5806337012361,761.9538325859386,4757398
2016-11-10,815.1174926757812,823.7182968681136,808.4503857276221,808.4503857276221,2766432
2016-11-11,801.667724609375,813.3279336540685,800.0514836480997,806.3433713022393,2518285
2016-11-15,790.9888305664062,812.4620629065921,786.9192941228478,796.0107880967229,3958053
2016-11-16,794.019287109375,801.3790675611838,779.848126666382,800.801812262793,3299710
2016-11-17,791.3930053710938,798.8971142122477,785.0434073348545,795.5491068647723,1377642
2016-11-18,791.0755615234375,797.9446525350667,785.6206220776781,791.9702730601233,1654947
2016-11-21,778.0587768554688,795.8377461513026,773.4986019498652,795.8377461513026,1962840
2016-11-22,767.4664306640625,785.0433625399667,753.0066672140213,784.0331788552323,3084870
2016-11-23,783.4559326171875,799.47428046686,778.1165185657602,783.3116584088972,7493139
2016-11-24,779.0689086914062,788.4490043074479,773.4985504332594,781.5221514592465,4315369
2016-11-25,791.2197875976562,793.8173575194132,771.4205570785215,783.7734416276975,3065824
2016-11-28,783.2827758789062,792.0856161812526,779.2709489240403,791.0754853681467,1777818
2016-11-29,780.6851806640625,790.6425313543143,778.7225230875586,783.3116052490453,1741327
2016-11-30,798.175537109375,803.0820759439797,779.2710170884978,787.9295839450367,4335631
2016-12-01,801.4080810546875,809.5760099717209,792.4320579771535,800.2824779205233,2151997
2016-12-02,786.1112060546875,796.3571579157901,784.4660574221209,795.4335916612854,1217827
2016-12-05,782.8209228515625,787.8140256702471,778.7514391516652,785.1587462170027,1062822
2016-12-06,786.284423828125,793.1247126857822,783.773471184354,783.9755079312893,1771909
2016-12-07,781.4644165039062,793.7595904813487,779.2709202192775,789.6611991555345,1557765
2016-12-08,789.0551147460938,794.1348350217877,786.0823263050999,788.0160762490025,1388842
2016-12-09,786.3132934570312,792.7206008202262,783.3116500887421,792.489709241719,1211254
2016-12-12,787.900634765625,793.6441219073491,782.7920597928435,785.0433186146166,1636279
2016-12-13,794.1060791015625,795.9532119063135,788.0450821024982,788.506865303686,2168125
2016-12-14,785.0144653320312,797.6848051547588,783.3693166839219,797.6848051547588,1360938
2016-12-15,783.22509765625,789.1418203593447,778.6937773867611,779.1267057383193,900523
2016-12-16,785.3896484375,787.6409073134448,780.454255231894,782.9075508383427,1577425
2016-12-19,776.3558959960938,784.4660612979555,774.393238424037,783.6002047181565,1148169
2016-12-20,782.4457397460938,785.7359841497331,775.8940529304949,776.384743742872,1177779
2016-12-21,774.6531372070312,785.3608736240682,773.498626387168,784.0043789008122,950224
2016-12-22,758.8655395507812,775.8074515769508,757.3647180409204,773.9314114777026,1357563
2016-12-23,772.0266723632812,774.6530971439357,751.8521702270734,759.5006058342404,2136648
2016-12-26,772.1132202148438,776.3847936702405,761.0014111102615,770.9587623273154,1198728
2016-12-27,782.5035400390625,784.7547462475876,767.2067212150852,773.4986095095677,1222356
2016-12-28,779.2420654296875,786.9193024263805,776.9619517784954,783.3116019161876,1294264
2016-12-29,773.0368041992188,781.5799513053387,767.9571365302603,774.3932988540406,2010627
2016-12-30,778.75146484375,782.4457828977032,775.8075311978946,776.3847865602197,1280979
2017-01-02,784.8124389648438,790.2384701044784,778.7802976390795,782.7632168376002,1476811
2017-01-03,789.199462890625,793.7019279332368,780.540896596254,785.0433616388658,1363398
2017-01-04,794.62548828125,797.36738520312,791.104352107352,793.7019219761675,2144739
2017-01-05,803.6880493164062,805.2465805156083,795.4335573653647,797.8867999410032,2781498
2017-01-06,802.9088745117188,810.2686561607975,800.9751244376046,805.2466980756714,1462912
2017-01-09,796.9632568359375,806.9494621529277,794.6831432236687,803.5148907388275,819484
2017-01-10,800.9173583984375,805.2466414168075,795.1738182651433,796.732402429911,1359729
2017-01-11,815.2617797851562,818.4366052506173,805.246718206986,806.9784315794741,1514451
2017-01-12,836.6194458007812,839.4767617840251,816.214107642825,816.7336004224371,2707455
2017-01-13,830.5007934570312,842.7670598666782,826.71985817741,842.7670598666782,1400770
2017-01-16,832.8385620117188,836.9947158951207,826.7775659207313,828.336150050853,1052802
2017-01-17,834.54150390625,842.7382874392874,831.2224042828252,831.2224042828252,1423840
2017-01-18,838.408935546875,847.9622129910159,834.6857627349196,834.6857627349196,1538178
2017-01-19,836.67724609375,844.498810559197,834.1373859012567,838.7264682915052,1019914
2017-01-20,816.6470947265625,839.2459306780545,814.4824532427915,836.6772157376206,2177485
2017-01-23,804.4097290039062,815.6370112583157,797.6849121582543,815.0597558425164,3534069
2017-01-24,819.5621948242188,821.9865829360826,806.9784182385326,807.1227452997533,1879687
2017-01-25,836.850341796875,839.3035843655875,819.9084296735283,822.4482367567398,2294773
2017-01-27,831.1646728515625,848.6838425622072,827.3837373011199,837.6008351835785,1871125
2017-01-30,832.8385620117188,846.8077395693937,830.0678632197065,832.9540342185652,2601585
2017-01-31,834.8301391601562,839.8809520116818,823.7182769000257,831.2223854960974,1894153
2017-02-01,860.2285766601562,862.8838562783159,834.8589875355408,835.8114087057994,3577633
2017-02-02,852.29150390625,862.393181953328,848.712658110354,861.0078325189863,2257914
2017-02-03,854.7160034179688,858.9298145394048,841.0354257872682,852.2915624697403,1650459
2017-02-06,856.5054931640625,865.8567353361527,853.9656326476895,857.1981679827912,1526715
2017-02-07,866.02978515625,868.6273549660482,849.7805464248032,854.4272855334076,2499546
2017-02-08,869.8107299804688,872.2062632312902,859.6513415844163,868.6274172001483,1689792
2017-02-09,860.48828125,872.1196357064155,852.2337886834125,870.4744870221007,1529256
2017-02-10,866.9822998046875,870.5611988131769,861.383086119871,863.1147995132081,1300986
2017-02-13,865.9431762695312,871.0517514179185,855.2065859924792,869.0602917804381,930046
2017-02-14,861.5850219726562,869.8684221557014,857.7752846620895,868.742766303698,926545
2017-02-15,854.3118286132812,869.1468095782737,852.0894246742946,861.6427545783338,1952469
2017-02-16,848.6837158203125,857.1979539762343,843.3731045071617,856.5629890056654,2071947
2017-02-17,853.157470703125,857.1981530133642,845.653414359724,849.1456960848999,1028691
2017-02-20,855.8416748046875,861.2388519883112,851.454628582394,855.9570941841761,1105371
2017-02-21,856.2167358398438,860.1419983683512,852.0029248979313,852.0029248979313,970615
2017-02-22,852.5513305664062,859.3627114423651,850.1557445483655,856.0436119527766,1291317
2017-02-23,858.1215209960938,869.3199460808211,847.5003512072628,854.3117840167029,2175397
2017-02-27,846.1439208984375,865.8565856417008,842.8248216027083,862.7972327521256,1553899
2017-02-28,848.07763671875,858.9008436043731,846.3170687783806,849.6938776180812,1773558
2017-03-01,852.08935546875,857.1113654171821,849.203184768391,849.6938226894379,1219411
2017-03-02,850.8196411132812,863.1725259459154,848.53952724516,855.4952353711162,1920216
2017-03-03,848.7415161132812,853.359400425986,842.7670843540742,849.3187714702544,1205019
2017-03-06,857.54443359375,859.5070384458705,847.3850455396049,847.3850455396049,821986
2017-03-07,858.0062866210938,860.9790225590106,853.9944592179351,856.6208841818041,991566
2017-03-08,852.1760864257812,862.6817851119722,847.8756582149373,856.8516804127796,1424362
2017-03-09,852.5223999023438,855.9281166723891,845.653309528473,850.2134841664601,1111050
2017-03-10,861.0079345703125,864.4135988786502,854.3408273259732,854.831465369494,1836264
2017-03-14,899.3939819335938,905.5127929582003,875.6695449401284,875.6695449401284,7224810
2017-03-15,894.08349609375,900.4908560160178,889.0615912755069,898.7591428313717,2408866
2017-03-16,906.8695068359375,909.1495680433677,899.3364898549085,899.9137981394896,2396146
2017-03-17,896.1906127929688,907.9373888929827,891.3418360146559,906.8695481999844,1927983
2017-03-20,887.5895385742188,897.8355431000072,886.2041892172056,897.0273962179042,1442107
2017-03-21,894.1701049804688,903.1461802850253,890.677823597846,894.7185583594351,2415213
2017-03-22,883.0870971679688,895.7285813823806,880.5183824127965,887.7049282033746,3371401
2017-03-23,891.1974487304688,899.567361222867,876.8530512895414,887.214423532985,2511771
2017-03-24,895.4111328125,899.3363423048118,889.8119198212726,893.5640002738555,1347655
2017-03-27,891.1974487304688,897.6047034664698,887.791731770663,894.6608753749637,1583550
2017-03-28,891.3994140625,899.2209786920654,889.5811362510865,893.5640556702283,2628958
2017-03-29,898.4993286132812,904.8778335892794,894.7184990663794,897.0274147089968,2280357
2017-03-30,899.01904296875,906.2632997608033,896.0173993988478,902.2226704416797,2288326
2017-03-31,909.0918579101562,919.9150670482456,895.9307721809986,895.9307721809986,3543100
2017-04-03,958.7919311523438,961.6780494181935,910.0730160748526,913.1323690817017,6576885
2017-04-05,979.2550659179688,981.275433435453,951.2012878976608,958.7920142383967,5179798
2017-04-06,971.6066284179688,982.6607815174133,963.4098446821077,972.6457198662705,2740816
2017-04-07,972.934326171875,992.8201764400427,964.622122568023,966.8733289634866,4096639
2017-04-10,966.324951171875,986.5571646478077,959.9464451701742,974.3774609194322,2406430
2017-04-11,984.132568359375,986.4992993838584,964.5642307771205,966.3247987779611,1974126
2017-04-12,982.9203491210938,987.9423595723582,967.6235847451363,978.4179371750787,2135064
2017-04-13,968.9222412109375,978.1291534560581,965.4011056719061,978.1291534560581,1975483
2017-04-17,970.5386352539062,975.3008463143323,964.5064941976746,969.7593432140332,1135260
2017-04-18,963.6983642578125,980.6979867626393,960.0618089349925,972.0682758854005,1839489
2017-04-19,964.3045043945312,966.8732194907506,959.282599264849,963.9871011342775,1158162
2017-04-20,970.4522094726562,973.5692723823817,960.0619293099742,966.238345443463,1044189
2017-04-21,974.088623046875,982.2854054693911,969.7593402777778,978.4179058159723,2415931
2017-04-24,1000.1798706054688,1002.315657432244,976.1091186596412,977.2635237530267,3238530
2017-04-25,1007.9149780273438,1010.1661844635839,1002.0849251696243,1004.3938412971263,2879794
2017-04-26,1010.9163818359375,1018.2473077076288,1004.3936028408584,1007.857029057551,2885722
2017-04-27,1019.8348388671875,1024.0197421272999,1006.7026094774842,1008.9249607414919,2126127
2017-04-28,1010.0506591796875,1019.257573574147,1004.5091553592907,1017.6990949872628,1637739
2017-05-02,999.8045043945312,1019.9790040533646,995.7350209349485,1010.2236377121587,1861141
2017-05-03,992.9642333984375,1007.423994042952,990.5397930254724,1002.0845810897267,1296282
2017-05-04,999.57373046875,1005.5193072804519,994.0033722747247,995.1578829679306,1255336
2017-05-05,995.3887329101562,999.2562327958391,983.1513210666876,998.621320609419,1555141
2017-05-08,986.845703125,1003.7010540948074,984.2481329998111,997.4669280725138,1246116
2017-05-09,1007.0778198242188,1014.177907569454,984.1903289343234,988.2310636496243,1836462
2017-05-10,1003.9607543945312,1018.824591191287,999.2562526500574,1012.8791198898178,2010127
2017-05-11,1002.5752563476562,1012.7634447310479,992.6179066586515,1010.1658752469597,1270446
2017-05-12,1004.7401123046875,1014.2068260958534,996.6587480620201,1002.9218344163211,1803768
2017-05-15,1005.779052734375,1011.0607571037576,1002.3733358547798,1009.3578986639601,1195701
2017-05-16,1004.7976684570312,1009.1558060327503,997.206943400028,1008.4342236780966,1654389
2017-05-17,1013.3121337890625,1018.2474746789904,998.9099732330494,1006.6449738114259,2502879
2017-05-18,994.3497314453125,1010.2236985025758,990.7708857169561,1004.1916628936773,2155830
2017-05-19,995.4752807617188,1000.9302195651846,979.8898621179702,998.0439956956585,2268141
2017-05-22,1011.2915649414062,1015.3610483250383,998.0439178493675,1000.3529390430411,2839224
2017-05-23,1004.826416015625,1018.7666838018866,997.1202724271425,1013.0520523380278,1463805
2017-05-24,972.3280029296875,1014.1489145133953,968.3739389721201,1005.6057687886624,2173069
2017-05-25,1021.0469360351562,1024.5970327236214,976.6862646513625,976.6862646513625,5404771
2017-05-26,1031.8699951171875,1038.4505890193323,1012.3882240275101,1021.7106615919666,3066081
2017-05-29,1028.86865234375,1044.7714754246729,1019.4019388067337,1029.7345090002407,3033658
2017-05-30,1020.296630859375,1058.6251617519717,1012.4750662578422,1048.263736913755,6550440
2017-05-31,1016.3424682617188,1030.369302198368,1010.5700207550036,1023.1537956626643,3000732
2017-06-01,1034.871826171875,1037.8734696059744,1009.0116517259157,1015.9385049283926,2898184
2017-06-02,1029.7921142578125,1041.9141062194417,1026.3863976615896,1039.027882425355,1425321
2017-06-05,1041.8564453125,1044.4540151401613,1029.5035083631078,1036.1417071353355,1906419
2017-06-06,1024.68359375,1043.6747295905845,1022.9518805207113,1043.4726400096274,1431069
2017-06-07,1032.447509765625,1035.8532267449016,1023.4425792993775,1024.0197818449622,1327540
2017-06-08,1024.1641845703125,1038.4508198788249,1022.5767454153457,1032.6783715127983,1428979
2017-06-09,1026.4443359375,1029.7346339094422,1016.862201869388,1025.751608250121,1632207
2017-06-12,1002.43115234375,1026.328882730468,986.4417633236618,1026.2133576561084,4068957
2017-06-13,1003.81640625,1012.8790452831246,1002.4020963599537,1007.0200332410546,1412274
2017-06-14,1018.507080078125,1022.4899989831538,1001.3919333177181,1005.5480869462388,2079657
2017-06-15,1001.7095947265625,1017.0352153859956,998.6213867207464,1014.2933711845145,1481092
2017-06-16,996.7164916992188,1010.7434338059799,993.2530648622998,1001.4209939120868,2243152
2017-06-19,1013.5140380859375,1015.9384789229015,999.8912764609581,1002.0847728725682,1781056
2017-06-20,1010.4546508789062,1021.1047293231364,1004.5090740479102,1015.1880073324102,1565472
2017-06-21,1012.5904541015625,1028.6376562834182,1010.7433215125284,1015.0726045776943,3556927
2017-06-22,1002.3155517578125,1019.1709001590373,999.9489264400318,1015.9384182648079,1761759
2017-06-23,994.4074096679688,1006.2696023255996,992.2716230954592,1004.3936150006393,1716825
2017-06-27,982.2854614257812,1003.2102941032849,973.1651122523632,991.4346654396118,2317045
2017-06-28,983.1799926757812,985.9218361847585,970.5385097258485,980.6401330126718,1578525
2017-06-29,983.4111328125,994.6672688310575,978.735485942637,983.6708263803109,2709552
2017-06-30,974.1463623046875,980.7268511744579,958.965017313092,980.7268511744579,3251535
2017-07-03,973.9445190429688,987.3652979723566,965.9497190947983,974.3774473955297,2170096
2017-07-04,971.6929931640625,981.3040850316377,964.5641571856132,981.3040850316377,1640038
2017-07-05,978.5911865234375,980.7269734002497,969.8172002702614,972.0684065200373,1034440
2017-07-06,979.9188232421875,985.3160529510124,975.705064884015,980.8424953091118,1417581
2017-07-07,983.843994140625,991.6367031614051,975.6472116798162,979.5724210291096,1845099
2017-07-10,999.8624267578125,1003.8164912872791,988.2310719005637,988.2310719005637,324259
2017-07-11,1005.028564453125,1010.1082846730469,998.6213101932069,1004.0472884955354,2123947
2017-07-12,1004.1339111328125,1014.0335528884317,1001.9115598318191,1009.0116477536413,2036904
2017-07-13,1029.9012451171875,1036.3869012454163,1016.6670659151653,1021.1368738592981,1643754
2017-07-14,1026.48291015625,1036.824908931916,1016.2725053070325,1036.824908931916,1401864
2017-07-17,1026.52685546875,1035.948553395144,1018.7704092709207,1032.4428053295092,1646087
2017-07-18,1032.355224609375,1040.3307803825685,1023.766098707816,1025.3437281956762,2375324
2017-07-19,1035.3350830078125,1040.3307311714843,1025.518924300804,1037.7014201407223,1827242
2017-07-20,1039.147705078125,1046.8602876336356,1030.6900653721952,1035.9486881547066,1845852
2017-07-21,1033.538330078125,1042.9600278083262,1025.6065324500175,1042.9600278083262,1912305
2017-07-24,1032.4427490234375,1036.5182023248644,1026.3953125426365,1031.5663120548268,1313657
2017-07-25,1026.17626953125,1034.1518250629736,1021.4873528439407,1032.4428156586548,2182162
2017-07-26,1034.4146728515625,1037.7013112952764,1021.9254467654496,1025.3435721442977,1161591
2017-07-27,1035.9923095703125,1047.2545026546031,1028.0605126075118,1034.8967634145074,3881208
2017-07-28,1017.8939208984375,1043.310593091937,1010.9700474207523,1037.7013750725364,3278658
2017-07-31,1046.421875,1058.2976387094848,1034.2832443923132,1046.202765758031,5000536
2017-08-01,1043.00390625,1050.1906469351895,1026.9212015315013,1050.1906469351895,2721660
2017-08-02,1031.3909912109375,1044.5813024212825,1027.6222697297378,1043.8363524504202,2154488
2017-08-03,1029.5943603515625,1038.2711080034558,1023.3716790815774,1034.108032275284,1426006
2017-08-04,1030.55859375,1035.9048389277664,1025.1684839202778,1028.9372064319746,1082867
2017-08-07,1034.1517333984375,1038.227186601662,1027.1841024606488,1031.3033133190884,1035670
2017-08-08,1026.48291015625,1039.4542197745159,1020.1726069287829,1034.195598089316,1531255
2017-08-09,1011.32080078125,1026.307853937516,1006.1498004442941,1026.307853937516,1439328
2017-08-10,1014.6510009765625,1022.7142850034764,999.1381099588165,1008.7789162829805,1713614
2017-08-11,1004.2269897460938,1014.9617794180134,998.2386223507257,1009.5943845820536,2001103
2017-08-14,1017.4900512695312,1022.9017387222797,992.7381141632532,1014.2518757972647,1866838
2017-08-16,1013.3648681640625,1022.3696203218374,996.5087224033996,1019.3532357369295,2143899
2017-08-17,1006.0455932617188,1026.4503980633233,1003.4284985731807,1015.8044129494426,1508949
2017-08-18,1003.0293579101562,1009.2839184107831,996.2869213307241,997.1740868884541,1230709
2017-08-21,999.9242553710938,1011.3687124608871,997.7063415279778,1005.5577348732934,1651344
2017-08-22,991.584716796875,1006.9327214199606,987.4594843551753,1004.2712252399959,1361351
2017-08-23,997.3071899414062,1001.4768247715327,988.6573256966432,993.6254311932942,1710949
2017-08-24,1004.0050659179688,1007.6425307896167,998.9482663253544,1002.4969280174516,1316100
2017-08-28,1010.392578125,1024.6759177433253,1001.4322302871595,1006.6664189007336,1884734
2017-08-29,1002.5413818359375,1010.2596780997194,996.5973082140741,1007.5094868043814,1045267
2017-08-30,1011.05810546875,1016.6028894145308,1005.158433691127,1011.3685917104015,895791
2017-08-31,1008.086181640625,1015.8044780240144,1002.9405785206536,1014.9173125410241,1926054
2017-09-01,1010.6588134765625,1015.2721386856571,1003.872084581435,1006.8883604030201,976551
2017-09-04,1003.0739135742188,1010.4373238564172,995.3999086618475,1000.6785012224775,1006945
2017-09-05,999.5250854492188,1010.4815582982294,995.6659369780709,1003.5173304117666,1110437
2017-09-06,991.49609375,999.0370001395661,989.9879557907126,995.3996434227354,891224
2017-09-07,1001.6985473632812,1003.3397818838376,992.0728233190302,994.6012233422196,1038623
2017-09-08,1040.113037109375,1048.6298057505696,1006.090255849459,1009.1509340450701,4947759
2017-09-11,1080.4344482421875,1086.777703025281,1022.5026079078409,1046.8552567916993,4364705
2017-09-12,1091.4354248046875,1094.7622956382722,1081.8983950817446,1081.8983950817446,2451814
2017-09-13,1085.313720703125,1090.3262266427705,1071.2521714167171,1084.1160691273112,2233311
2017-09-14,1077.1961669921875,1094.7620849312627,1074.800863771657,1085.4912499779794,1440488
2017-09-15,1075.5992431640625,1083.8055222789742,1066.4171038677678,1077.0186860003055,1723247
2017-09-18,1098.2664794921875,1105.4082050343516,1081.0555555534665,1081.0555555534665,3005809
2017-09-19,1087.5760498046875,1098.1333393773111,1082.785335142697,1095.649233020263,900287
2017-09-20,1096.4920654296875,1109.4003657023052,1089.572240081772,1089.572240081772,2347635
2017-09-21,1089.483642578125,1100.0852270524622,1072.3613049997286,1097.3350356441451,2216227
2017-09-22,1051.11376953125,1090.4595393620853,1043.351071097455,1089.48367893258,2968531
2017-09-25,1033.7252197265625,1053.0654713651238,1015.8045195560798,1053.0654713651238,2720490
2017-09-26,1031.6845703125,1037.9834224131334,1021.1272813653987,1021.1272813653987,1809036
2017-09-27,1008.8846435546875,1040.5565194026465,1003.827843120964,1040.5565194026465,2317721
2017-09-28,1005.4691162109375,1014.6512585582889,1000.7228018861309,1011.6792754425003,3474398
2017-09-29,1013.1873168945312,1023.8333019940549,1003.428497219968,1011.3241828648661,3193745
2017-10-03,1006.8441162109375,1027.1158255944515,1000.7670543847644,1025.1641048739436,1413186
2017-10-04,1009.8605346679688,1014.7842382281879,1005.4690004532885,1006.9328451915152,1155472
2017-10-05,1004.3156127929688,1016.5141367806657,1001.1661323720685,1013.1428650145347,1303081
2017-10-06,1012.965576171875,1015.7600607629352,1006.9328076619698,1006.9328076619698,1814990
2017-10-09,1012.21142578125,1027.5594321266778,1010.3483999055187,1013.1429928674002,1737288
2017-10-10,1013.7639770507812,1024.8979474330622,1009.8161338807037,1023.7889905542122,2347406
2017-10-11,1005.9127197265625,1021.5712146278963,1000.146143178511,1017.933857233827,1638071
2017-10-12,1014.60693359375,1016.7804459383364,1006.2675555122913,1013.1430887326751,1151274
2017-10-13,1010.1708984375,1020.2402040090607,1007.9529849505237,1014.6067254114524,1762307
2017-10-16,1015.5381469726562,1021.0829304873942,1011.9451922330379,1014.0300091752688,1189499
2017-10-17,1019.1314086914062,1024.676193287116,1011.368710257413,1013.14304132804,1123634
2017-10-18,1012.6106567382812,1026.36172108358,1009.6829674622701,1020.2402578770055,1263098
2017-10-19,1011.1467895507812,1017.6231404488927,1008.7070846407005,1014.0300771717859,264888
2017-10-23,1007.59814453125,1022.0145828747524,996.4641749842588,1014.0300939460434,1077546
2017-10-24,1013.631103515625,1016.1595038260791,999.0371643612801,1010.4816223048215,1281327
2017-10-25,1068.32470703125,1077.906138245395,1020.3290726584039,1020.3290726584039,6377478
2017-10-26,1085.4471435546875,1103.1904560770363,1072.7163384792193,1073.4260060021622,5486055
2017-10-27,1086.46728515625,1101.8595854025182,1082.696831663528,1093.8306940582102,2036609
2017-10-30,1097.3792724609375,1099.9964755459541,1086.0236195505395,1089.4391849123278,1808153
2017-10-31,1084.38232421875,1098.4881676038476,1074.1799220013309,1097.4236124302188,1815888
2017-11-01,1078.1722412109375,1097.1132023747962,1076.397910267315,1087.75356332856,1929731
2017-11-02,1074.31298828125,1078.7932172471615,1067.9254401819658,1078.3496345098065,1183382
2017-11-03,1095.6494140625,1106.4284967589476,1074.3574416434717,1074.3574416434717,1797145
2017-11-06,1086.511474609375,1101.415897368835,1081.0110921819778,1086.7776675608723,1691967
2017-11-07,1074.4017333984375,1094.4072487939784,1067.3487032777452,1087.2656320864828,1658527
2017-11-08,1080.744873046875,1086.7776412311084,1071.8732188327435,1075.2444907527376,1905789
2017-11-09,1078.7044677734375,1092.1893389880267,1069.8328134752705,1082.4749208501585,1733475
2017-11-10,1122.2198486328125,1131.0915027847666,1079.6803102928163,1080.2569894720052,5671395
2017-11-13,1100.572998046875,1117.7839188835203,1071.873112864265,1091.0359707095417,5216845
2017-11-14,1073.6475830078125,1098.3108258074121,1070.8530984808524,1095.6493294605445,2519826
2017-11-15,1073.026611328125,1086.7776757973982,1069.9659338455251,1073.9137767777554,1801470
2017-11-16,1081.7208251953125,1085.8017644124322,1072.5829781751145,1074.4460038724344,2003168
2017-11-17,1084.8258056640625,1099.5970217280433,1077.9058727917184,1091.2133527027272,2261694
2017-11-20,1091.0361328125,1107.182500966299,1085.8905297938702,1100.085177242156,2799314
2017-11-21,1084.69287109375,1096.0929255929718,1075.4663286524321,1096.0929255929718,2192795
2017-11-22,1084.7373046875,1092.9879878494758,1078.039269577571,1086.7778288276038,2266995
2017-11-23,1078.748779296875,1090.5037214405943,1074.6235466157636,1084.1161735565947,1654930
2017-11-24,1081.010986328125,1085.8903957863151,1076.5751595479521,1078.7930729380384,1637839
2017-11-27,1086.555908203125,1094.7621887917178,1077.9060448800137,1077.9060448800137,1464649
2017-11-28,1074.978515625,1089.4393582427838,1072.5832118204605,1089.4393582427838,4940494
2017-11-29,1080.4344482421875,1085.0033720815663,1075.2445518911352,1078.3052294504166,2046078
2017-11-30,1079.281005859375,1085.8016492567212,1072.5828644213343,1077.9058563043186,3419336
2017-12-01,1074.9339599609375,1095.6492500330198,1071.6957846476826,1078.926204191827,1772981
2017-12-04,1080.1240234375,1086.866459747898,1066.1955680555388,1079.6804406763347,1796642
2017-12-05,1073.3817138671875,1077.4626540924528,1056.9247481661614,1077.4626540924528,2139688
2017-12-06,1056.8359375,1075.2446222455405,1054.8398150577125,1069.8329341724311,1696890
2017-12-07,1080.92236328125,1089.8383107239483,1061.0498363261966,1061.0498363261966,2476888
2017-12-08,1082.6524658203125,1088.552138433649,1080.3014554349586,1086.7778073196575,2316890
2017-12-11,1083.9830322265625,1090.3262865537827,1078.1277621924203,1085.8904595132874,2227028
2017-12-12,1067.1712646484375,1083.6725191713508,1065.0420460623877,1083.4063262368861,2009798
2017-12-13,1055.0614013671875,1073.4700825346201,1051.2909485979544,1068.5906730685535,2262858
2017-12-14,1054.66259765625,1064.5988098966488,1043.395528606889,1061.4937300344504,1709762
2017-12-15,1067.748046875,1079.0150050479326,1065.485731603344,1066.3728970751201,2161729
2017-12-18,1080.4788818359375,1085.890569715237,1042.4194603067024,1060.1627702693695,2851823
2017-12-19,1082.2532958984375,1084.1163219281966,1076.442318121026,1084.1163219281966,2878543
2017-12-20,1093.431640625,1100.4845640755086,1072.5832482885396,1079.8579631468829,3293207
2017-12-21,1116.7637939453125,1122.2641758363243,1097.4235458573385,1099.197876570123,3664052
2017-12-22,1123.284912109375,1126.7004785148445,1111.6186610859056,1118.1837091554692,2490561
2017-12-26,1126.4339599609375,1131.1359802956954,1115.4331947113935,1128.2970940951484,2493302
2017-12-27,1115.9210205078125,1131.978693218437,1110.1101518877892,1125.724241881012,1675081
2017-12-28,1111.3966064453125,1122.2199824830059,1108.4689169073506,1115.61064267011,2850194
2017-12-29,1116.2760009765625,1126.7001957005639,1107.13815292115,1119.6028716331587,1819413
2018-01-01,1118.449462890625,1130.2488069410535,1114.191133619493,1118.7156558498184,2048058
2018-01-02,1108.735107421875,1126.6115142898718,1102.6136436811755,1124.0387126253374,1512324
2018-01-03,1131.402099609375,1139.0759938291137,1110.2875193663256,1114.1910688604053,2720736
2018-01-04,1167.2435302734375,1171.058384997737,1135.6604621555384,1139.9631928956492,4546456
2018-01-05,1166.5341796875,1178.9987925712041,1160.4127148078649,1175.4945314376307,2418902
2018-01-08,1187.2490234375,1194.0801532782061,1167.9531771757659,1167.9531771757659,3513256
2018-01-09,1182.369873046875,1191.46331982889,1176.7363935290393,1188.8018232097636,1703294
2018-01-10,1174.385498046875,1185.6968597844368,1168.9738093846918,1181.8820042719583,1098019
2018-01-11,1174.2078857421875,1177.091173481885,1164.8926484293188,1171.2357948194015,1232290
2018-01-12,1179.1761474609375,1181.9707406857465,1161.9651136204898,1175.937971447955,1825056
2018-01-15,1176.3369140625,1198.7378403220673,1174.252097040228,1184.2327077499363,2386631
2018-01-16,1176.5587158203125,1188.491155485639,1174.030316077463,1180.861554668254,3139385
2018-01-17,1200.6455078125,1203.8836838166433,1171.280348974888,1173.7200543031827,2724814
2018-01-18,1207.2547607421875,1228.7241208345347,1198.072511902312,1206.5449850793987,4966982
2018-01-19,1216.703125,1223.0907818054948,1200.7785470263334,1208.3194540449695,2127776
2018-01-22,1241.0115966796875,1245.270034942759,1143.7338655083631,1143.7338655083631,3067658
2018-01-23,1251.5244140625,1255.3392692948894,1235.9103218422465,1247.354779242837,4804202
2018-01-24,1243.0963134765625,1250.726023771001,1232.9827129403532,1248.3306118309188,2147973
2018-01-25,1256.6697998046875,1266.029438173039,1234.9342473195377,1234.9342473195377,6113475
2018-01-29,1270.376708984375,1278.982280088472,1258.0007924617926,1258.0007924617926,2945415
2018-01-30,1268.55810546875,1274.5907665345135,1248.020200292972,1268.6023987705344,1988140
2018-01-31,1256.6697998046875,1277.2519939413899,1252.6775554706805,1270.3321687403793,2614515
2018-02-01,1291.3580322265625,1304.1332366118695,1246.644871026271,1294.2857215865624,8187730
2018-02-02,1255.7384033203125,1284.6156845760627,1250.9477961062516,1284.6156845760627,3621563
2018-02-05,1209.783203125,1242.031645988312,1202.197895111231,1224.2883367599077,3060688
2018-02-06,1200.3792724609375,1217.5015009107701,1148.2138999426752,1171.0140090123255,4230633
2018-02-07,1183.2567138671875,1215.4164558560801,1179.9298440062676,1215.4164558560801,2927403
2018-02-08,1195.3668212890625,1206.101502224019,1182.591616377063,1193.2376024209675,1932082
2018-02-09,1179.2647705078125,1191.4632964393397,1169.3728532749324,1175.3169272522382,2029257
2018-02-12,1198.116943359375,1202.1091878948191,1183.9666977134823,1183.9666977134823,1543603
2018-02-14,1207.609619140625,1217.6346324752599,1193.7698591849194,1201.8430434677002,2310144
2018-02-15,1197.9840087890625,1215.4168339425173,1194.4797480974216,1210.4487283973963,1861841
2018-02-16,1178.5107421875,1210.0938142129207,1171.457711063665,1204.7708208952686,1424576
2018-02-19,1149.3228759765625,1180.7728488318987,1141.7819694186305,1178.1557539921846,4275673
2018-02-20,1144.9757080078125,1161.831851556298,1142.0037254098922,1153.315084896376,2063972
2018-02-21,1138.0557861328125,1152.9600994517916,1134.6845143898893,1152.4278218862128,1584305
2018-02-22,1146.2177734375,1151.5407661934016,1132.0231260884289,1133.7974570070626,3028574
2018-02-23,1154.8233642578125,1157.7510539196885,1135.9268028384488,1146.7501793342396,2176017
2018-02-26,1192.572265625,1195.6329433898045,1158.6381840477961,1158.6381840477961,2239306
2018-02-27,1187.1162109375,1202.819106284599,1181.0835501239071,1195.4555888380605,2243499
2018-02-28,1169.4171142578125,1181.3494457792674,1162.7189720512636,1178.1556719423502,2439968
2018-03-01,1166.800048828125,1182.5029435133354,1164.9370228950518,1170.1713211234553,1927606
2018-03-05,1153.93603515625,1164.5820203501444,1151.4963302159824,1164.5820203501444,1302005
2018-03-06,1138.588134765625,1170.082507537383,1131.1359234927136,1161.0333551715044,2381856
2018-03-07,1120.75634765625,1147.9035934019291,1117.8286578527645,1139.1206322880553,2156582
2018-03-08,1138.943115234375,1144.2661082484694,1117.163158833077,1128.385824097107,3588828
2018-03-09,1144.886962890625,1149.8107742402776,1135.5717260751646,1140.1849428937214,2508919
2018-03-12,1162.2313232421875,1163.9612528221858,1150.6537689865663,1153.3152657536903,2267260
2018-03-13,1155.7547607421875,1173.6754590600951,1148.0364648411173,1163.4287633498166,1915199
2018-03-14,1156.1983642578125,1164.8482273320606,1146.2177530182958,1155.9765728969344,1714051
2018-03-15,1148.968017578125,1161.8319173302236,1146.3065210776908,1157.6622827981714,1178352
2018-03-16,1126.0791015625,1156.7750031799849,1118.183307730833,1153.2263415294883,5152611
2018-03-19,1135.1724853515625,1146.2176508198663,1123.0182548811908,1135.5716664469264,4452882
2018-03-20,1147.548583984375,1153.3151597832916,1131.1360220951512,1131.1360220951512,2831066
2018-03-21,1161.6099853515625,1165.3804382707945,1148.8791836247617,1148.8791836247617,2835466
2018-03-22,1149.9884033203125,1172.3006397094307,1143.5564527520794,1166.4453684376658,1834024
2018-03-23,1124.837158203125,1138.4995285514324,1119.159277348385,1134.3297857268497,2280525
2018-03-26,1151.008544921875,1153.4038484606608,1124.9258574818307,1124.9258574818307,1697069
2018-03-27,1160.0130615234375,1165.7352345387412,1154.2020853385864,1159.5250772771194,2003736
2018-03-28,1162.9852294921875,1175.49424088684,1146.5726683930127,1154.2909646183227,3989865
2018-04-02,1185.208740234375,1188.358221167895,1164.005570816454,1164.8483347468803,1302024
2018-04-03,1180.2850341796875,1187.9146360228347,1169.3285616232574,1182.3698515006968,1123582
2018-04-04,1149.899658203125,1182.325494328968,1144.6209581617713,1180.8173562009108,1285513
2018-04-05,1178.865478515625,1184.4102625086873,1163.0738903847584,1165.7353867014285,1758313
2018-04-06,1167.9976806640625,1173.719854322293,1157.9282664783955,1157.9282664783955,1492796
2018-04-09,1178.067138671875,1182.5916612529127,1169.151081703139,1169.2841781930524,1118116
2018-04-10,1197.5845947265625,1202.5082977170132,1178.1556508136227,1178.1556508136227,2177789
2018-04-11,1200.1129150390625,1206.012586216029,1188.8015569413,1205.125420875028,1536552
2018-04-12,1204.28271484375,1207.787083401741,1193.7255324676814,1203.2625611982023,1695410
2018-04-13,1201.97607421875,1210.4041458952024,1189.3339667040714,1208.3193287713925,1320241
2018-04-16,1213.7313232421875,1217.1912909910573,1194.2580802362945,1195.8106201482728,1304778
2018-04-17,1206.1458740234375,1222.4253389541232,1202.286617540598,1215.8602927299053,1058589
2018-04-18,1206.6339111328125,1216.7032190354332,1198.5607258305758,1209.2954079333244,1459202
2018-04-19,1228.7242431640625,1231.474434612191,1208.142046452795,1211.069627686001,2229317
2018-04-20,1211.0252685546875,1228.7241763685906,1205.6578741407325,1228.7241763685906,1091415
2018-04-23,1206.5450439453125,1222.5140224681181,1202.552799314611,1215.4166986802045,1364935
2018-04-24,1222.513916015625,1226.2399673612008,1199.4476157134434,1202.7300843609003,1002866
2018-04-25,1209.1177978515625,1221.405017516091,1203.8390985142855,1220.6509485526406,1536003
2018-04-26,1195.189208984375,1212.0897535324914,1180.018701980993,1211.424379468338,4513014
2018-04-27,1222.2923583984375,1226.9499776193352,1200.7785934257197,1200.7785934257197,1746280
2018-04-30,1242.8302001953125,1246.467557172587,1225.441777640689,1225.441777640689,1309980
2018-05-02,1244.8262939453125,1263.1018816001072,1233.2487408427469,1259.775010972539,3975516
2018-05-03,1222.2923583984375,1247.8427700145646,1219.4977652065834,1247.0885926463,1278892
2018-05-04,1214.263427734375,1230.2768090032544,1208.319461952358,1224.2884416257373,1274703
2018-05-07,1232.40625,1236.6202870619575,1212.1345354770601,1218.96566802728,1250082
2018-05-08,1210.892333984375,1235.8216653738787,1203.1296350812727,1234.3135271913368,1604486
2018-05-09,1220.42919921875,1226.5949559103283,1207.6539948044801,1208.4967586814932,1270004
2018-05-10,1208.496826171875,1228.9016331005796,1202.242374243411,1224.3771106148336,1262157
2018-05-11,1230.8533935546875,1232.7164193805843,1210.3598928766912,1213.198779059337,1033691
2018-05-14,1225.8409423828125,1241.1445474170832,1221.6269062139554,1225.6635525995941,1265158
2018-05-15,1219.1427001953125,1244.6931080992972,1214.4407883571942,1225.1754684854807,1824434
2018-05-16,1208.6298828125,1219.0097840163157,1205.3917071169092,1210.8921981290746,1491335
2018-05-17,1202.9520263671875,1219.8525726007572,1197.673434917107,1213.642414049335,1833028
2018-05-18,1167.1107177734375,1207.0774620267537,1163.9612366574477,1197.673528572831,2070654
2018-05-21,1165.070068359375,1186.007152059499,1163.0739460263778,1163.0739460263778,2047129
2018-05-22,1171.1915283203125,1189.6002120026333,1167.5984648130882,1169.195405993314,1375132
2018-05-23,1177.1800537109375,1197.67355736656,1166.6227614348345,1168.397092630933,1851368
2018-05-24,1187.072021484375,1195.4556934182842,1176.7365201750963,1185.2532886136014,1482329
2018-05-25,1190.575927734375,1195.5440321520482,1181.4824826827526,1189.6443607763188,1696915
2018-05-28,1221.1387939453125,1228.6796999838489,1192.4390143873711,1194.1246503376499,2127978
2018-05-29,1224.8206787109375,1264.166447332241,1220.20746138787,1236.4425252066649,6814062
2018-05-30,1211.5574951171875,1224.288297420179,1204.0165889374255,1224.288297420179,2286366
2018-05-31,1215.771484375,1222.0259354596353,1202.9962809708652,1216.259360366486,2930988
2018-06-01,1217.5458984375,1238.4829816251452,1208.8516336146288,1220.5622826595104,2234018
2018-06-04,1204.6375732421875,1228.7241366414387,1201.2220079512692,1220.6952460761675,1346919
2018-06-05,1183.2567138671875,1208.1417437454866,1176.9134603397245,1208.1417437454866,1905926
2018-06-06,1198.1614990234375,1202.1093424752971,1180.817368881639,1180.817368881639,1581905
2018-06-07,1202.242431640625,1211.8681563180967,1196.7419401845145,1206.9000508358445,2272271
2018-06-08,1192.30615234375,1202.1093754399553,1180.906096162178,1196.8307834937407,2483519
2018-06-11,1191.684814453125,1202.1090069488066,1186.1400312107412,1191.4630231234296,1417401
2018-06-12,1212.2227783203125,1214.0414023435185,1192.882530013979,1195.8989139190796,1853562
2018-06-13,1205.436279296875,1213.864352638785,1200.335077010982,1212.5780058157586,1253808
2018-06-14,1191.4632568359375,1206.0570858739377,1188.8017603575252,1201.222077256783,1325652
2018-06-15,1179.84130859375,1191.4631538859692,1173.9416369170578,1189.6888230536745,2660969
2018-06-18,1173.897216796875,1186.495030485239,1171.989897819514,1181.0389416027485,951701
2018-06-19,1162.541748046875,1177.7122571577274,1159.5697651401047,1170.0382535591173,1607343
2018-06-20,1159.3033447265625,1170.348510240423,1153.3149784920843,1163.1181991278886,2207289
2018-06-21,1144.26611328125,1167.5098062263996,1140.8948410388678,1162.1868131888932,2161971
2018-06-22,1153.1820068359375,1157.7509306353056,1138.676873157406,1143.2900902520394,3364048
2018-06-25,1125.0589599609375,1156.6420303676548,1121.5989928224794,1154.2023252221047,1622133
2018-06-26,1126.7445068359375,1138.6768386476679,1118.8043111950499,1125.635550039436,2003243
2018-06-27,1093.6531982421875,1131.1359381535501,1090.3263278358536,1129.361607270172,2332129
2018-06-28,1095.604736328125,1100.0849643807126,1069.9213443896285,1089.4389808544477,4677061
2018-06-29,1131.224853515625,1133.7532538579148,1093.9196043996953,1096.4922980447648,2324572
2018-07-02,1114.2354736328125,1133.7531147593952,1102.6580287606682,1133.7088214620499,3832519
2018-07-03,1110.28759765625,1121.3771661506191,1105.452589111332,1117.163130122759,2096700
2018-07-04,1117.3848876953125,1119.070523714785,1102.9240474974224,1110.6424519139866,1842579
2018-07-05,1112.90478515625,1122.2644250633537,1105.053391667889,1122.2644250633537,2006459
2018-07-06,1123.417724609375,1134.019309097289,1104.4323611040354,1109.8440490363453,2064484
2018-07-09,1142.6690673828125,1145.7297447803921,1120.6673215245191,1128.297030816653,2021357
2018-07-10,1139.65283203125,1151.5408719370646,1129.1399420322798,1148.391390948653,1923397
2018-07-11,1130.914306640625,1140.8505176733372,1128.119713444994,1138.7214069495974,1326221
2018-07-12,1153.0933837890625,1157.3074200060257,1131.1360371848853,1135.6605596743104,2777124
2018-07-13,1151.8956298828125,1170.1712163022153,1142.003713559535,1159.5252310136432,2360493
2018-07-16,1138.3218994140625,1154.335278151105,1133.708682667545,1153.31501628508,1593400
2018-07-17,1141.6488037109375,1145.3305618782238,1125.6355327927452,1140.051970926379,1598278
2018-07-18,1146.350830078125,1160.4123804603237,1138.2332447481615,1148.8792298899994,1855985
2018-07-19,1116.142822265625,1150.343093414555,1111.6183001652864,1148.2582762826555,1468552
2018-07-20,1127.0107421875,1143.5564014630181,1113.8807569391834,1115.6106864544183,1937969
2018-07-23,1134.8179931640625,1138.2335593484634,1119.780470017007,1127.1439884272975,1229445
2018-07-24,1174.60693359375,1178.1555950245468,1136.4588232126841,1140.007484643481,4071039
2018-07-25,1171.6795654296875,1185.2088408392522,1165.4251129232152,1181.2165956364297,2254936
2018-07-26,1158.5938720703125,1194.9233683704235,1147.3269122682748,1181.5271894689429,7489743
2018-07-27,1163.47314453125,1170.6148700811418,1153.758725684369,1165.4692668940256,1785314
2018-07-30,1149.18994140625,1167.953515556273,1145.508182496984,1164.404853146683,3090391
2018-07-31,1155.3558349609375,1162.586148156185,1140.0078263536514,1153.270909108159,2304148
2018-08-01,1151.541015625,1161.1667412842735,1147.0607857663751,1158.6383408368645,1924210
2018-08-02,1137.700927734375,1150.6091192937083,1135.5717091204626,1148.3469125073793,1415162
2018-08-03,1144.4434814453125,1151.2746123957772,1138.2777246119672,1140.185043777121,1279748
2018-08-06,1144.8427734375,1153.137858204617,1140.7175401492211,1147.99225454875,842106
2018-08-07,1149.1455078125,1160.4124662688064,1146.5283046269951,1150.3874528669696,1458197
2018-08-08,1151.7626953125,1161.1223353463606,1144.5766758918762,1151.2304176325608,1308818
2018-08-09,1139.7413330078125,1156.7749734706592,1138.0114038162487,1153.2706052028605,1035908
2018-08-10,1121.953857421875,1149.2341962110252,1119.6028472165044,1137.656643259929,1784956
2018-08-13,1125.8575439453125,1134.5074085141712,1110.7313272011372,1121.8208971612125,1627092
2018-08-14,1126.037109375,1138.1218044787806,1123.206832586114,1135.830711595888,2146242
2018-08-16,1106.6295166015625,1134.4828144821588,1101.553006503578,1121.2300356518751,2292161
2018-08-17,1114.266845703125,1121.1403435909606,1106.4498856756165,1113.2335561404816,1750983
2018-08-20,1189.3359375,1196.7036508465417,1151.8687981556195,1168.0416829971182,11227838
2018-08-21,1188.3026123046875,1199.4888124138733,1181.5189425649762,1199.4888124138733,3057182
2018-08-23,1214.8082275390625,1225.4553539900478,1184.8433804114293,1194.2775625263707,8248115
2018-08-24,1206.5870361328125,1224.6467349396244,1204.879876415287,1216.290700873489,3506532
2018-08-27,1218.447021484375,1227.3421291291672,1208.8331848424518,1217.4587005637054,2595682
2018-08-28,1217.997802734375,1227.3421573469786,1214.763247974462,1224.062634038981,1889337
2018-08-29,1214.35888671875,1219.0759774108787,1208.2041187388509,1219.0759774108787,1435495
2018-08-30,1209.866455078125,1224.5568017310306,1207.5752528026176,1213.9995032039244,2288925
2018-08-31,1230.5321044921875,1234.5303576302165,1212.0230463213084,1212.0230463213084,3549583
2018-09-03,1224.6466064453125,1248.9059302707149,1222.0409534318935,1235.4285281454913,2347852
2018-09-04,1221.3223876953125,1232.3737931074436,1216.6501551931403,1226.4437573156422,1517216
2018-09-05,1211.1693115234375,1225.4553809765428,1205.239275999334,1220.0644196492872,2413590
2018-09-06,1210.360595703125,1217.9977906032302,1202.9031653141826,1212.7865940084362,1586350
2018-09-07,1210.72021484375,1219.2559046701067,1204.88000601519,1212.0679553426485,1307928
2018-09-10,1201.106201171875,1214.7632590288472,1199.488868937508,1210.9446615060124,1228247
2018-09-11,1194.6820068359375,1210.9447186470534,1192.121322076847,1205.3741023402818,1617176
2018-09-12,1214.9879150390625,1218.312297335282,1186.4607445435993,1199.4889011478265,1319469
2018-09-14,1220.91796875,1228.420368142618,1213.4605379077523,1218.3572840048944,1462192
2018-09-17,1208.2491455078125,1216.3805556311706,1203.621882003343,1214.3589452371252,912431
2018-09-18,1193.109619140625,1213.101100831871,1190.7285892729808,1207.3956886671012,1501479
2018-09-19,1197.6021728515625,1206.6769365141888,1191.4025449127435,1197.6470317251049,867001
2018-09-21,1194.7269287109375,1215.1676586697677,1176.6223699194918,1205.958099017987,2309530
2018-09-24,1184.529052734375,1202.903313237661,1170.108295810222,1197.9615982828416,2425415
2018-09-25,1185.158203125,1197.422554844575,1175.22980349739,1182.4177533658756,2684511
2018-09-26,1197.3775634765625,1201.1063339941356,1176.1281670932005,1194.0980397760607,2846089
2018-09-27,1176.936767578125,1201.2859217678322,1164.896931617049,1201.1511257943582,3847372
2018-09-28,1142.9735107421875,1183.0462971998672,1123.2516231287696,1181.0696554557926,4301355
2018-10-01,1121.4100341796875,1144.6810443804472,1093.9611157598451,1144.6810443804472,4955435
2018-10-03,1119.02880859375,1133.8989215235222,1102.137194746361,1120.511344967437,4302314
2018-10-04,1130.215087890625,1161.6623629589262,1124.2400836917695,1130.3049153120846,7398229
2018-10-05,1102.81103515625,1139.0202603969947,1092.4333905001563,1130.304916597057,4206887
2018-10-08,1091.9840087890625,1117.7258684509177,1080.9774638625966,1105.146959963528,3957900
2018-10-09,1097.10546875,1110.5828704724304,1092.0738176967918,1098.6778322842836,2559815
2018-10-10,1123.7010498046875,1137.4030772903943,1099.486581325588,1102.4516540958925,4134413
2018-10-11,1101.41845703125,1111.4366835113112,1096.2521183649687,1105.1472277436644,3942878
2018-10-12,1109.8641357421875,1118.6244476818647,1095.0389924596568,1100.4749222016726,2773440
2018-10-15,1092.927490234375,1111.2567791492786,1085.7395423994622,1105.1469796178508,2945137
2018-10-16,1100.3402099609375,1104.2036666360573,1092.1639401309828,1096.1621927820777,2336499
2018-10-17,1088.8843994140625,1112.3350600858087,1086.00915412963,1111.1221156799136,1746801
2018-10-19,1083.628173828125,1088.8843390820364,1065.6133345452138,1078.1922440592384,2006965
2018-10-22,1084.1224365234375,1094.9493290811215,1078.282227688707,1090.7713115942418,1452784
2018-10-23,1078.8211669921875,1086.3236759156055,1062.46862817241,1074.5084637383177,2109820
2018-10-24,1095.173828125,1098.2287281813499,1081.8760794935433,1088.2553618680622,1484693
2018-10-25,1079.5850830078125,1089.0192662801928,1073.8347017440055,1085.380323146229,3063065
2018-10-26,1075.901123046875,1089.8727424713366,1070.375475121637,1078.7313998374818,1101325
2018-10-29,1133.269775390625,1136.1449104143499,1076.6197223440054,1079.0905792073027,2140956
2018-10-30,1142.2100830078125,1148.8589581309168,1121.544728506983,1130.6644612334471,1957735
2018-10-31,1165.7952880859375,1171.635495694846,1122.398009212605,1137.4927435196894,3117499
2018-11-01,1192.076416015625,1243.515176005747,1187.4491519146952,1201.6902539236792,8903105
2018-11-02,1220.3338623046875,1230.8013338112873,1203.9813240144542,1203.9813240144542,2665756
2018-11-05,1213.1009521484375,1226.4435579307094,1207.1709173206916,1220.4236956939355,1457946
2018-11-06,1225.4105224609375,1230.7566253981447,1213.0113761025204,1213.1012035301628,1616734
2018-11-07,1227.2972412109375,1230.9361840208576,1225.2307718191207,1230.9361840208576,255086
2018-11-09,1229.6783447265625,1239.022700297755,1221.9513215409331,1227.2973147009159,1247358
2018-11-12,1228.42041015625,1243.9643933599891,1223.7482872923836,1233.5418895010137,2174698
2018-11-13,1249.8944091796875,1253.3985561111456,1220.3339481785354,1225.5452548642313,2068670
2018-11-14,1244.1439208984375,1256.093928467341,1239.0225517571268,1252.4999544230855,1364551
2018-11-15,1256.543212890625,1265.078901501609,1245.4018710835687,1247.109030741643,2890196
2018-11-16,1257.03759765625,1270.4700339882547,1250.253926658173,1260.3619803232139,1732865
2018-11-19,1273.344970703125,1275.72600046332,1253.4434270094089,1257.8909260547773,1932311
2018-11-20,1269.6612548828125,1278.6461906751745,1264.8093676190585,1267.1005701178676,1889461
2018-11-21,1259.77783203125,1270.245304219405,1251.8261857497337,1266.875953279831,1320423
2018-11-22,1267.0108642578125,1275.4117580938073,1254.476811817266,1262.3835999449097,1723570
2018-11-26,1277.657958984375,1284.8459081207147,1267.0556901365142,1267.0556901365142,2630117
2018-11-27,1286.283203125,1288.4396093442967,1271.682684539334,1275.3664857543038,1956946
2018-11-28,1260.94580078125,1288.4396799659867,1256.9924074424096,1286.2832736284936,1390580
2018-11-29,1278.062255859375,1289.7876419305037,1264.6298195870315,1270.1555775019244,2816724
2018-11-30,1287.092041015625,1292.1685516298546,1266.8759356593587,1280.4881352017894,2018571
2018-12-03,1282.599609375,1293.7858107829052,1268.6729586252188,1289.3832799022962,1115862
2018-12-04,1275.7711181640625,1284.621258421188,1271.368477472272,1278.6013950144563,1061729
2018-12-05,1253.218994140625,1274.9624967246334,1248.1424830528813,1268.673041138254,1582751
2018-12-06,1239.4718017578125,1255.2404067900225,1232.7780689546146,1246.9293417909216,1574405
2018-12-07,1257.8011474609375,1261.4849490943523,1232.8229828022709,1246.2105586850903,1185686
2018-12-10,1228.9144287109375,1245.671353659395,1220.3337723045936,1235.1589143800684,1657418
2018-12-11,1223.2093505859375,1230.8015785131265,1207.2610873396186,1220.154450056395,2302505
2018-12-12,1258.1605224609375,1264.764427910357,1226.8929040302294,1229.6782120119603,1751549
2018-12-13,1281.6561279296875,1283.9473304386863,1263.2819780243478,1270.2003347434782,1863210
2018-12-14,1268.134033203125,1283.5432221315195,1262.4286201301165,1278.9608165068385,2189734
2018-12-17,1265.0789794921875,1279.8142963596515,1253.443531329553,1253.7579821513607,1610515
2018-12-18,1283.498046875,1284.8457872112356,1262.3834482739762,1262.3834482739762,1568498
2018-12-19,1289.1136474609375,1292.0337515586884,1281.6112480995173,1285.7442965789173,2073536
2018-12-20,1303.5345458984375,1305.5111879271892,1278.7810035907585,1285.3849095497626,2782410
2018-12-21,1275.8607177734375,1311.5308643915494,1271.5479052782268,1303.5343603123872,1975704
2018-12-24,1262.203857421875,1283.677766791007,1257.8910442555266,1282.6894457635424,1390194
2018-12-26,1278.2418212890625,1286.6427137200028,1243.784616918262,1256.812772888192,1712084
2018-12-27,1280.3984375,1288.7543627528426,1265.5283235152274,1284.1270984555115,1872745
2018-12-28,1293.2918701171875,1301.018894099299,1281.5216244338005,1281.7462478616492,1918767
2018-12-31,1291.6295166015625,1302.815718032915,1285.9239945066615,1298.323250039698,1487860
2019-01-01,1295.537841796875,1298.323149801749,1280.532934050358,1298.323149801749,786846
2019-01-02,1280.8026123046875,1298.2334098832957,1273.2552442142248,1294.7292629470744,2058504
2019-01-03,1253.3985595703125,1283.9473416673668,1249.8045852059531,1281.2518608940973,2290756
2019-01-04,1247.154296875,1264.7197839265525,1234.1261374653627,1259.5984134097018,2711485
2019-01-07,1243.3355712890625,1265.6181482621332,1239.0677264016276,1255.1956437360677,1851513
2019-01-08,1241.89794921875,1252.365422767643,1235.4288384455615,1246.6600097041576,1437271
2019-01-09,1245.357177734375,1252.0958801650013,1232.7332979759078,1248.4569369807025,1413005
2019-01-10,1251.241943359375,1256.9024959065237,1242.841051626206,1247.1088954687684,1063647
2019-01-11,1230.576904296875,1252.4103442751314,1222.894849252231,1251.6016780390103,2489197
2019-01-14,1198.5006103515625,1228.420380809196,1195.894957029219,1228.420380809196,3080984
2019-01-15,1204.7901611328125,1211.1694441326458,1194.9965583801327,1203.9814949093065,3079248
2019-01-16,1205.9130859375,1223.2989134137094,1200.3873289171618,1206.5869560697513,2454470
2019-01-17,1209.4173583984375,1214.5836966165782,1201.2409788662117,1208.5637236678033,1610419
2019-01-18,1184.124755859375,1214.763366161747,1179.7221152147736,1213.730076569739,2135781
2019-01-21,1181.11474609375,1201.5105059118039,1144.1865732554731,1149.1732563553542,8813681
2019-01-22,1169.074951171875,1187.3592737081576,1166.3345018632583,1183.2262251491006,2544978
2019-01-23,1169.344482421875,1174.2413384775448,1162.2464705398063,1168.9402041630626,1821323
2019-01-24,1163.86376953125,1173.028470899139,1156.3613692192826,1172.5342555020695,1654706
2019-01-25,1154.9686279296875,1180.7104931477736,1151.4196218550358,1168.0417545154478,3136788
2019-01-28,1168.4459228515625,1202.0945729598534,1160.5392452187225,1163.9534549876564,8004136
2019-01-29,1148.3197021484375,1175.9483782503178,1139.4694531170092,1171.6355654260747,3685535
2019-01-30,1163.054931640625,1176.1280566616756,1150.9702372678428,1153.9353098538713,2385425
2019-01-31,1180.8900146484375,1187.538778600702,1164.941755513319,1171.6354880109552,5852257
2019-02-01,1190.1444091796875,1199.0844848692402,1179.721907032111,1181.968140670786,2515736
2019-02-04,1174.6905517578125,1192.1662083641309,1170.377738616401,1192.1662083641309,2308931
2019-02-05,1172.1746826171875,1188.7069861441867,1168.0416341552852,1177.655471426192,1447400
2019-02-06,1180.9801025390625,1187.8086324995484,1161.7972846081766,1175.229721111505,2034886
2019-02-07,1164.4925537109375,1186.7751268786649,1158.3377854439955,1180.6204682911061,1556295
2019-02-08,1133.6741943359375,1167.0532504066114,1128.1035784059218,1163.549103756718,2993525
2019-02-11,1119.97216796875,1131.2033369215053,1097.0605833051293,1131.2033369215053,2981408
2019-02-12,1120.2867431640625,1136.5045968044813,1115.5247928069416,1118.17530510236,1571390
2019-02-14,1102.99072265625,1106.7194930362941,1079.1806422296522,1095.2636996234971,6974738
2019-02-15,1116.9173583984375,1126.6211330300778,1105.9557804858823,1117.7260245643063,3620228
2019-02-18,1118.175048828125,1131.6974185213787,1114.1318284828244,1118.6242955331584,2186849
2019-02-19,1130.574462890625,1141.086793414897,1118.624454961848,1118.624454961848,2389086
2019-02-20,1146.971923828125,1152.4527122543445,1135.8754413351292,1136.5942800084686,2433082
2019-02-21,1153.755615234375,1160.4044898414322,1136.684236754323,1151.868800601406,2392129
2019-02-22,1150.38623046875,1153.1266797529597,1137.0436227735051,1151.8687668080865,2390188
2019-02-25,1146.343017578125,1155.8670276357007,1135.6958905401893,1150.3862387074216,5873730
2019-02-26,1137.3580322265625,1145.5792701008106,1125.8124121069143,1135.516186266582,2417931
2019-02-27,1154.2945556640625,1163.5490825865036,1139.2897580847,1141.5809603816233,3555914
2019-02-28,1161.707275390625,1170.692211538677,1144.05196360322,1161.7522439431239,9321535
2019-03-01,1175.723876953125,1178.7786675348345,1165.5708551181094,1168.3113045463226,2831577
2019-03-05,1173.253173828125,1177.3862231112648,1147.421478709236,1169.8388537319504,3948051
2019-03-06,1183.3162841796875,1192.7954372375548,1177.476074728535,1177.476074728535,2776738
2019-03-07,1215.122802734375,1219.5254434412636,1177.0266510248662,1189.4707658192876,6207580
2019-03-08,1203.4423828125,1224.6468104187202,1201.285976177424,1212.966393298072,4868283
2019-03-11,1209.866455078125,1213.864707244298,1203.9812788359432,1207.1709746031192,2661353
2019-03-12,1247.917724609375,1260.586461840965,1217.4587710580954,1217.4587710580954,6631152
2019-03-13,1238.663330078125,1255.6898506374453,1233.4969915650825,1254.0275496332063,2241672
2019-03-14,1239.696533203125,1254.2970540688984,1237.2256758258402,1244.14403261048,1838850
2019-03-15,1254.746337890625,1267.5948405034048,1238.663280188013,1245.3121548989661,5723980
2019-03-18,1238.932861328125,1268.4033859418855,1231.2506970873742,1255.1955737406392,2450686
2019-03-19,1220.1092529296875,1235.3836430365577,1209.8215458176971,1231.8346374423043,4053209
2019-03-20,1231.7449951171875,1241.7182529262282,1222.849885841242,1223.7483795119556,3871744
2019-03-22,1253.1287841796875,1271.3682452805517,1236.5066551777863,1239.0224807363115,3788604
2019-03-25,1237.0009765625,1248.0075223862812,1231.0259726079987,1246.2105353130107,1666203
2019-03-26,1233.4520263671875,1247.827923599069,1228.9145899316181,1239.7414814061356,2021089
2019-03-27,1227.74658203125,1249.8944720402455,1224.7816188473564,1239.0227210071719,2558997
2019-03-28,1245.94091796875,1251.152224246702,1225.5451589748664,1231.8346136030366,3184285
2019-04-01,1268.8526611328125,1279.454929844576,1248.9959738344469,1248.9959738344469,3842703
2019-04-02,1266.6512451171875,1282.105289854063,1261.035660593703,1271.4581635334132,2737093
2019-04-03,1238.1690673828125,1271.3683598332038,1235.4286182124772,1266.3368179421796,2366304
2019-04-04,1229.7681884765625,1252.4102937780115,1227.0727075844422,1244.3238511016507,1980318
2019-04-05,1234.3504638671875,1251.3768725059244,1231.2057364905795,1234.3054953186243,2037782
2019-04-08,1234.2156982421875,1246.030910469208,1226.8479852568073,1239.6515184620378,1013017
2019-04-09,1235.6085205078125,1246.2107902810299,1227.3424221513242,1236.2375319197815,2209945
2019-04-10,1232.3287353515625,1241.7179480333202,1226.4435593816802,1230.9360266321626,2014958
2019-04-11,1238.124267578125,1247.0642356529552,1232.4188547541207,1232.4188547541207,3110225
2019-04-12,1222.7598876953125,1241.5832835969868,1220.4238264134851,1239.9210924741128,2751659
2019-04-15,1219.166015625,1229.1392728769379,1216.5603621896007,1226.4437920153655,1933204
2019-04-16,1241.178955078125,1249.714643412316,1221.9511720525973,1221.9511720525973,3217456
2019-04-18,1222.580078125,1246.7495755379935,1219.6151153425008,1246.210501366574,2594906
2019-04-22,1222.08642578125,1231.745234619494,1215.212925927917,1223.7486174593885,3101477
2019-04-23,1211.34912109375,1226.4438586099411,1200.9266164656194,1223.4787856294527,2016454
2019-04-24,1222.5355224609375,1225.0512391112854,1212.9665422473263,1215.6620234523205,1753395
2019-04-25,1217.5936279296875,1240.415387379674,1214.8981471209347,1228.1059592120657,2886022
2019-04-26,1220.3338623046875,1228.2406491998202,1213.8647527936776,1220.3338623046875,1767153
2019-04-30,1211.66357421875,1227.7914902815362,1203.98141015533,1226.443749897034,1905624
2019-05-02,1220.8282470703125,1236.7765093595474,1205.7784784311752,1212.4722122526432,1985540
2019-05-03,1225.1859130859375,1233.8114301469843,1221.95135789797,1223.7483451889964,1239667
2019-05-06,1215.39208984375,1226.3088075914418,1212.876373900507,1215.9312736767265,1515052
2019-05-07,1227.88134765625,1234.8446731460342,1212.9663756398174,1219.615250301426,2596385
2019-05-08,1222.2657470703125,1231.834725848119,1217.4588282452232,1225.4554432227128,1601700
2019-05-09,1218.7615966796875,1229.8580803543543,1201.8250142995985,1219.2558120301605,2464425
2019-05-10,1217.9080810546875,1224.1975362869875,1208.5637256308198,1221.6368514497158,1466154
2019-05-13,1183.900146484375,1217.4588614299787,1178.8236355691013,1208.473925183263,3422913
2019-05-14,1205.5986328125,1210.854797898015,1154.8337496144436,1176.128001880636,3132767
2019-05-15,1191.22265625,1217.4586210382624,1186.4605971077679,1210.719920183807,2054728
2019-05-16,1201.420654296875,1211.1692872322662,1175.4991377040797,1191.4024294287722,2058450
2019-05-17,1223.6585693359375,1232.2840867605387,1197.2878016645113,1199.4890673170391,2776586
2019-05-20,1304.118408203125,1307.3081041502983,1257.8909593198746,1257.8909593198746,6210427
2019-05-21,1302.0072021484375,1313.642761401594,1291.8991479969307,1307.3083369282201,2961180
2019-05-22,1312.7889404296875,1323.8404552733805,1295.2683157180807,1302.9055111051914,3304912
2019-05-23,1326.2662353515625,1403.8062683865876,1317.1914729241823,1326.3560627658173,10485813
2019-05-24,1387.408935546875,1391.9462624884752,1339.0699352574943,1341.450965269706,5626500
2019-05-27,1433.995849609375,1437.5898241697994,1376.5820840707138,1387.0045883600649,6730594
2019-05-28,1414.67822265625,1443.8792656771,1404.6151378562088,1433.9958357315816,4987068
2019-05-29,1394.8663330078125,1434.8492978512154,1389.2507480578963,1410.8145942655742,3070738
2019-05-30,1400.3922119140625,1410.0510188650999,1383.6802515904737,1392.665188289113,2675199
2019-05-31,1399.44873046875,1420.9676080081822,1379.008001362088,1410.5899632053504,3945900
2019-06-03,1401.111083984375,1410.6350951751542,1389.4306659988483,1404.9745410488674,2617068
2019-06-04,1410.4552001953125,1424.1122581047516,1399.8529325723678,1402.5484131870771,3854101
2019-06-06,1362.0264892578125,1412.252304137353,1358.1629228519262,1410.3205209344098,3268594
2019-06-07,1360.1845703125,1378.0196470694434,1343.6972340109337,1364.4075562136543,2572146
2019-06-10,1376.58203125,1385.477139881617,1366.878366116832,1370.2027485859053,1608705
2019-06-11,1369.57373046875,1383.8596898399119,1367.5071514797792,1383.8596898399119,1745105
2019-06-12,1356.0513916015625,1371.0113311588852,1351.0647085226587,1369.3939988956222,1495586
2019-06-13,1363.5091552734375,1373.7968642437884,1351.8735960766785,1355.8269902837649,1828211
2019-06-14,1371.3707275390625,1383.5902176898494,1359.465688189923,1366.608667927652,1854211
2019-06-17,1346.6171875,1380.984565262719,1343.4724601230191,1374.6951105087574,2048759
2019-06-18,1352.50244140625,1365.6652847222454,1345.763739498651,1347.7403815197895,2098714
2019-06-19,1352.36767578125,1374.6952200002775,1345.0449309414478,1360.274353722634,2140698
2019-06-20,1399.0443115234375,1404.3454455056901,1354.0747742936055,1356.05141626965,3483179
2019-06-21,1383.4554443359375,1410.5899056883713,1374.6951322188565,1401.6499387329518,3028524
2019-06-24,1384.5787353515625,1404.7498742238915,1381.1195566832225,1388.6219568370147,1941777
2019-06-25,1379.1876220703125,1394.4620126730456,1366.698539582788,1388.8913964426285,2384122
2019-06-26,1393.7432861328125,1405.0194251512698,1373.7967712590194,1377.3907458077676,2789166
2019-06-27,1393.4736328125,1409.6913751655,1384.2640741617258,1401.6499019714563,3763146
2019-06-28,1395.5401611328125,1414.1390437339016,1390.5535876552449,1398.235641827516,3002811
2019-07-01,1398.639892578125,1409.7362650805826,1394.6864993443812,1404.7495824126565,1537022
2019-07-02,1405.1092529296875,1406.9960676323713,1395.3606188996553,1401.650074361534,1294135
2019-07-03,1417.8677978515625,1423.1239632106258,1401.8296001568206,1406.142413091092,2800104
2019-07-04,1412.1624755859375,1429.1440281051043,1409.0627162559883,1422.27052950456,1981745
2019-07-05,1400.1676025390625,1430.0874859173637,1388.6669492571043,1420.5185063014635,3693134
2019-07-08,1339.06982421875,1393.7881026922305,1313.1932760972695,1392.5751583501808,4697122
2019-07-09,1371.6402587890625,1382.2425267617975,1334.5773991140304,1335.70051607388,4329323
2019-07-10,1347.3360595703125,1374.3357251966033,1332.1963553655153,1369.124528364744,2823544
2019-07-11,1343.4276123046875,1359.375874006889,1338.845316793737,1358.5223489424736,2156264
2019-07-12,1317.955322265625,1346.8419135958377,1313.5976502182218,1346.8419135958377,3495971
2019-07-15,1294.3697509765625,1324.3344881178962,1286.552901176001,1321.6839760892674,3950399
2019-07-16,1312.8787841796875,1315.3946100926053,1282.0605199831043,1295.6277511977712,3654380
2019-07-17,1307.7122802734375,1321.2796194474895,1304.612521666024,1312.69896291602,2225647
2019-07-18,1289.5179443359375,1307.2631925710978,1286.6428087468078,1298.1435704621115,2342881
2019-07-19,1268.2685546875,1299.9404508344696,1259.777725231959,1299.581031495507,3199700
2019-07-22,1261.2154541015625,1274.962450398335,1252.5001098345872,1266.5165884104865,2646126
2019-07-23,1266.4266357421875,1271.1886953425221,1245.4916925353546,1271.1886953425221,4013444
2019-07-24,1262.649658203125,1292.5469524514974,1252.4564014417322,1283.4913409133924,5434450
2019-07-25,1249.04345703125,1276.8020002852243,1245.949039825928,1269.7030497023188,4181824
2019-07-26,1267.0184326171875,1271.6600035398328,1240.5795095929573,1247.6784611910136,3019850
2019-07-29,1248.224365234375,1272.3424444751413,1238.2130870589626,1268.201371336044,1987927
2019-07-30,1252.63818359375,1267.9281774337178,1248.9522803078257,1252.319665200865,2714475
2019-07-31,1262.6043701171875,1272.2970197007428,1244.219954450355,1248.3610279978477,2693653
2019-08-01,1235.9832763671875,1261.4209782055893,1218.64551934869,1255.9602813302404,2774996
2019-08-02,1247.0865478515625,1253.1388419509324,1219.5555366692893,1231.0229769586385,2776965
2019-08-05,1224.83447265625,1236.6659837030777,1205.9040105420565,1233.2074975731973,2287548
2019-08-06,1253.68505859375,1273.6166254835855,1219.601251530777,1222.0129705689565,4152548
2019-08-07,1237.8035888671875,1264.9705353628017,1231.250685533251,1255.9603627149952,2247223
2019-08-08,1238.349609375,1248.6794058554096,1219.6466773334528,1246.859173485358,2788577
2019-08-09,1241.9444580078125,1267.3367204431459,1238.7590515291402,1248.6793396394944,2419380
2019-08-13,1195.210205078125,1246.859303984033,1189.521978326373,1246.859303984033,3135817
2019-08-14,1213.822021484375,1220.4203644235265,1197.7130079894414,1201.353473059318,2798429
2019-08-16,1215.232666015625,1219.4647285999642,1201.8084519555384,1215.005136963759,2654524
2019-08-19,1230.658935546875,1238.6224513543582,1218.6454475679914,1218.6454475679914,2509331
2019-08-20,1221.8310546875,1233.7081160829498,1214.0950666317506,1231.341724975593,2145169
2019-08-21,1192.84375,1221.2848795869504,1185.471831430695,1220.6477316253051,2361165
2019-08-22,1177.91796875,1208.1337841233624,1167.8157004901104,1184.971369760479,3780476
2019-08-23,1170.8643798828125,1180.8301068852256,1159.4879284653734,1174.0497862796954,5252370
2019-08-26,1213.7764892578125,1222.4680322867714,1161.8088765898221,1192.252218963007,3759248
2019-08-27,1234.9820556640625,1255.9147269506807,1222.877577622437,1223.969672554648,5431422
2019-08-28,1223.7877197265625,1246.8591422187883,1216.006182100457,1239.669202317748,2272465
2019-08-29,1221.7852783203125,1233.2072794809658,1212.5021388107134,1219.4645489919894,2421312
2019-08-30,1208.8619384765625,1234.9367918931516,1185.790513197323,1224.0608357821125,3715119
2019-09-03,1178.054443359375,1207.7242095584336,1174.0499098194266,1207.7242095584336,3617815
2019-09-04,1190.4775390625,1196.1657653087407,1176.2341983222793,1179.5105944204802,2786181
2019-09-05,1201.62646484375,1217.7354771651878,1191.023588880488,1194.8460324861335,2758679
2019-09-06,1209.2259521484375,1214.0950517630852,1201.6719429943007,1209.0438622433926,1694661
2019-09-09,1235.027587890625,1239.396189752052,1204.129189729383,1210.4544523909587,3508361
2019-09-11,1241.0799560546875,1259.4188193748791,1234.1175450301275,1241.3984744993318,2545642
2019-09-12,1239.9422607421875,1255.7327536710916,1233.52589746735,1246.9501106339733,2249695
2019-09-13,1240.89794921875,1244.0833560747426,1223.2872221059688,1239.5783251033943,1771658
2019-09-16,1222.83203125,1234.9820595765268,1218.2814505211015,1232.2972613857416,1835805
2019-09-17,1195.61962890625,1224.1063109155227,1192.4342221492207,1223.1961946992287,2210178
2019-09-18,1199.533203125,1208.9984342312052,1195.255701240531,1201.4444250074612,2081625
2019-09-19,1183.7882080078125,1201.5354755735218,1181.3309384764475,1201.3534967557093,1808736
2019-09-20,1284.629150390625,1289.1341816115962,1173.2308936631514,1187.7017649732666,9975807
2019-09-23,1391.11279296875,1411.590410137083,1320.5787782778254,1321.488894596418,12082820
2019-09-24,1348.1552734375,1387.0171936767038,1342.9221048918039,1387.0171936767038,3831602
2019-09-25,1319.75927734375,1348.5189226409825,1316.619421373733,1347.7908964513454,2746428
2019-09-26,1355.9365234375,1360.6236438281794,1325.402193273364,1325.402193273364,3560962
2019-09-27,1340.2825927734375,1357.6202390599433,1330.58983339535,1350.6579392753597,2167976
2019-09-30,1341.73876953125,1350.6124022278277,1318.030198759076,1340.60112431374,2961398
2019-10-01,1332.45556640625,1361.9432401804522,1309.7936525183156,1346.9718742605367,2578275
2019-10-03,1326.9949951171875,1342.8764786703266,1294.4127900975072,1315.5274419002935,1966976
2019-10-04,1296.824462890625,1341.5111415180324,1292.4558611384132,1332.2280016672792,3266487
2019-10-07,1272.2059326171875,1300.5560750165025,1256.916046819633,1292.3650290576863,2192329
2019-10-09,1298.05322265625,1304.560575667815,1273.3435457511705,1275.0727887406879,1818865
2019-10-10,1297.006591796875,1303.286415880739,1280.579060825437,1295.095369970874,1626821
2019-10-11,1299.372802734375,1319.6684376281987,1292.5469315052635,1302.3762305144498,2024214
2019-10-14,1295.9599609375,1310.4763814611877,1290.863332270439,1306.0167897156948,2220364
2019-10-15,1303.513916015625,1314.9359186646993,1292.9565904078672,1300.6470277911394,1797471
2019-10-16,1296.1873779296875,1312.2055110672359,1288.9519989678622,1310.5672575560257,2446615
2019-10-17,1296.3240966796875,1309.29325362448,1292.5470919112174,1299.6460433097436,2304434
2019-10-18,1317.6661376953125,1326.039161399409,1297.2795147788063,1299.6457944257763,3516394
2019-10-22,1312.88818359375,1335.8686179035838,1309.7937662591285,1318.30333060571,2858390
2019-10-23,1303.1046142578125,1318.667581382984,1291.0910119643122,1315.1181054531276,2410781
2019-10-24,1303.513916015625,1335.1404536881982,1298.1442082630942,1328.7696403440827,3646005
2019-10-25,1296.9156494140625,1312.1145462696802,1292.4560575929336,1310.5218428405753,2013793
2019-10-27,1305.470703125,1309.6116651875982,1300.4195137617048,1307.5639037319115,398258
2019-10-29,1329.770751953125,1333.1382485377253,1302.376276669097,1306.4717995517042,3351491
2019-10-30,1341.73876953125,1357.8477813719248,1333.3201949216764,1337.8252255437494,3722066
2019-10-31,1340.6466064453125,1352.8876239245044,1335.3678884650044,1347.88198522179,2210277
2019-11-01,1319.122314453125,1347.9275116066535,1315.1177813422091,1343.9684176424255,2287220
2019-11-04,1321.6707763671875,1336.050657584272,1319.6685650525847,1326.7675162555859,1459894
2019-11-05,1310.3853759765625,1328.4056104458987,1303.2864250322302,1324.2190980599826,2401916
2019-11-06,1322.4443359375,1335.09486173281,1308.5195141953727,1310.5672755634405,2434431
2019-11-07,1306.062255859375,1328.7240596426739,1302.3762409269195,1328.7240596426739,1999085
2019-11-08,1295.0953369140625,1317.8482416384838,1292.3649883471319,1301.4205999881844,2217408
2019-11-11,1289.6346435546875,1302.1487411897454,1281.4891480787717,1291.6368547370296,2097492
2019-11-13,1267.7918701171875,1292.2284679353472,1264.196955556482,1290.9542830321786,2929404
2019-11-14,1256.36962890625,1279.5775876662997,1253.1842228019295,1271.4320936387965,3000518
2019-11-15,1253.8216552734375,1267.518837972106,1243.4007577079417,1259.2368024406503,3409434
2019-11-18,1241.8536376953125,1268.5200885724523,1238.8957598481086,1263.2413698212486,2733161
2019-11-19,1242.9910888671875,1254.3219901034843,1239.1230953634822,1241.8534437190388,2396206
2019-11-20,1256.6883544921875,1268.1102448807762,1242.6269940975478,1248.679288378196,3914075
2019-11-21,1267.518798828125,1290.4537939356076,1260.51094846366,1278.7132726292002,5719318
2019-11-22,1254.7318115234375,1273.2071050523,1247.769399873436,1268.4745449114525,2363205
2019-11-25,1256.7340087890625,1264.1514784886708,1247.860375300751,1254.5952578089507,2956576
2019-11-26,1240.488037109375,1255.9600082251925,1237.3481815280672,1255.3684106393719,4853977
2019-11-27,1215.46044921875,1246.8594649417353,1196.0294863460485,1242.308882952897,7904745
2019-11-28,1228.56591796875,1232.2973722826152,1207.9062129414453,1223.1962100057865,4503913
2019-11-29,1210.9552001953125,1228.8388953238434,1208.6343593581792,1228.6569165162214,2515083
2019-12-02,1213.5035400390625,1222.1951950978798,1201.672028200938,1210.9552810712978,3044008
2019-12-03,1195.1644287109375,1213.594279899859,1192.252101604297,1213.594279899859,3068849
2019-12-04,1169.59033203125,1194.0724805673956,1166.9055336216818,1192.2522481275064,10230371
2019-12-05,1185.1531982421875,1194.9824970363593,1169.6357846463477,1177.690290300875,6644324
2019-12-06,1174.778076171875,1191.3421471474908,1167.7701145297508,1191.2056074931181,3302384
2019-12-09,1161.308349609375,1182.1500342162005,1157.4859057505582,1177.6904423154633,3038475
2019-12-10,1164.03857421875,1168.589155040559,1153.2537198906955,1162.2183418900263,2759100
2019-12-11,1150.6600341796875,1172.9123323403958,1142.1959085060691,1167.6336135829297,3949135
2019-12-12,1164.675537109375,1167.5424250646306,1154.2092018840806,1155.8474553151289,3264836
2019-12-13,1187.974609375,1190.4318784462907,1169.772287074598,1172.1840059008744,3655956
2019-12-16,1185.8814697265625,1199.533213430245,1183.151120985826,1196.302256314437,3969819
2019-12-17,1199.487548828125,1205.9039121964358,1186.6094940405585,1191.5240324268277,3719446
2019-12-18,1200.76171875,1206.7684631126992,1196.4386670430185,1205.6763681733585,2961222
2019-12-19,1193.844970703125,1202.2635458729392,1189.6129079927189,1198.3955518759976,1936623
2019-12-20,1193.6630859375,1208.5434653255004,1189.7950916358207,1194.9827101423296,3297390
2019-12-23,1193.3900146484375,1203.1737650068517,1187.7017876958712,1190.3411472214984,3394916
2019-12-24,1184.06103515625,1200.4431248048377,1181.3306868814855,1196.48414202606,1803814
2019-12-26,1164.311767578125,1189.2488640462623,1162.2184557557396,1182.8326111177923,3723801
2019-12-27,1182.7869873046875,1184.8347487477697,1165.0852717137548,1166.3594566090842,2459664
2019-12-30,1185.244384765625,1189.703865316252,1179.965666308164,1184.8803160619777,2072838
2019-12-31,1181.512939453125,1192.2523562617785,1175.09668617948,1183.1511932368794,3043254
2020-01-01,1192.206787109375,1200.3523945464501,1185.8815233466062,1190.7961735217846,3123998
2020-01-02,1224.37939453125,1226.8366638846287,1193.1623637631662,1194.0724799826653,4335359
2020-01-03,1215.05078125,1224.0608435226698,1210.5911892686531,1224.0608435226698,2059871
2020-01-06,1198.3955078125,1212.274779879438,1195.983677659923,1211.3646636783274,2646905
2020-01-07,1201.8082275390625,1219.1004322518547,1195.6649442858336,1208.6340978204278,2077893
2020-01-08,1175.4608154296875,1191.069221942323,1167.997794706185,1184.9714868410183,4147568
2020-01-09,1197.8494873046875,1201.2624231357622,1187.7926586165188,1193.1623665437105,2067779
2020-01-10,1205.5399169921875,1215.8697138198538,1200.443288404343,1200.443288404343,2360798
2020-01-13,1214.732177734375,1219.0097909911829,1209.2714799498228,1209.5445592783226,1825244
2020-01-14,1206.9051513671875,1211.36474326526,1196.8938724972265,1210.2726481914437,2046500
2020-01-15,1204.6298828125,1216.0518865356587,1201.3534864327735,1206.450115367701,2127677
2020-01-16,1200.7164306640625,1213.0939896258544,1198.9871875440806,1208.3613183975792,1773135
2020-01-17,1186.9735107421875,1206.7685382112847,1184.9712995294087,1201.8994387316236,2941837
2020-01-20,1191.8883056640625,1201.2625481616758,1189.0669673030336,1195.8472894205208,2542477
2020-01-21,1185.2900390625,1195.8019276356945,1183.560795729923,1187.4743405826925,1361576
2020-01-22,1177.8721923828125,1194.0723031297803,1175.8699814357287,1193.1621870450776,2449753
2020-01-23,1212.5478515625,1219.4191621788225,1188.6117511843743,1189.521867379768,10056067
2020-01-24,1237.0299072265625,1244.9024346565477,1212.2747907731653,1212.2747907731653,5837319
2020-01-27,1227.3826904296875,1242.2176289933686,1219.5557132953363,1219.5557132953363,2510013
2020-01-28,1225.6080322265625,1233.207480458462,1217.7355046888724,1229.4760261689598,2352852
2020-01-29,1242.94580078125,1251.3643766531764,1230.5682411783785,1231.478357488857,3678474
2020-01-30,1247.041259765625,1253.0481159830601,1231.387304473233,1243.1732656458828,2743506
2020-01-31,1246.2220458984375,1253.229895573857,1238.1674293686185,1252.274229209864,3939306
2020-02-03,1171.001220703125,1186.7007276971328,1157.6679939929245,1174.0500882475412,5767353
2020-02-04,1175.642578125,1189.7949291946857,1171.8201345997804,1179.5105718985872,3604309
2020-02-05,1192.2977294921875,1205.9039217549873,1178.6004367341195,1181.2397958391032,4220104
2020-02-06,1199.1690673828125,1205.9039493952953,1191.3876406324075,1203.9927276196606,2354458
2020-02-07,1182.2410888671875,1196.2569022866353,1179.5107399321594,1195.028267485509,3053804
2020-02-10,1169.7723388671875,1185.3807420523297,1158.6688551134316,1183.1510019110704,3039992
2020-02-11,1171.228515625,1182.1953487605954,1168.5891565253644,1175.87008584951,2200796
2020-02-12,1180.6937255859375,1183.0144551090516,1164.948671754984,1173.2307064986094,2568696
2020-02-13,1176.0977783203125,1183.0146399197783,1169.4994352034062,1182.2410632912254,1545536
2020-02-14,1178.737060546875,1187.6561329649946,1174.5959872504163,1178.600520892388,1780119
2020-02-17,1165.130615234375,1181.1941870112946,1162.2182880825158,1180.4206105270346,2155085
2020-02-18,1170.7279052734375,1173.8678726979529,1152.6165713912617,1166.313864097928,2347917
2020-02-19,1166.222900390625,1182.2409230093008,1161.854298268183,1181.330806825306,1820353
2020-02-20,1165.4947509765625,1173.0487596650312,1160.6712019100678,1164.857714093607,3034681
2020-02-24,1146.473388671875,1157.5768735128515,1140.0571358075333,1157.5768735128515,3414064
2020-02-25,1130.4097900390625,1151.8885086077682,1128.680547162742,1148.7485412827798,3133077
2020-02-26,1102.287353515625,1126.7239533868099,1097.6002324592025,1123.9936045498466,5721483
2020-02-27,1101.5592041015625,1107.5659492580744,1092.1395229358761,1103.379436639789,4003149
2020-02-28,1080.80859375,1088.9085394711533,1057.555079195881,1082.7198156493937,6286647
2020-03-02,1056.553955078125,1103.3793907366846,1047.1342743043188,1096.6900586566294,3177486
2020-03-03,1075.120361328125,1080.1260006601226,1057.6006236661335,1061.1955383834804,3134527
2020-03-04,1070.8880615234375,1081.0813167401525,1053.9143751445283,1078.4875082437532,3135151
2020-03-05,1076.1668701171875,1080.5354723727446,1061.3774816766256,1074.0281192392633,2625152
2020-03-06,1054.733642578125,1059.3752127856458,1029.2048397895144,1044.813354190654,3956575
2020-03-09,1002.9025268554688,1033.710049862893,971.367088627184,1033.710049862893,8038295
2020-03-11,1016.5543823242188,1020.1948476154619,988.2043477472104,992.026791863742,5628125
2020-03-12,925.1786499023438,973.8699241461829,913.847691638327,973.8243738950493,9200130
2020-03-13,956.9415893554688,965.1326347728948,810.003380167686,864.610349617193,8117911
2020-03-16,881.6296997070312,948.3412155654958,875.4409197747716,923.0854874158388,6671806
2020-03-17,870.753662109375,914.6667681420662,855.6457556213883,884.6329339642671,4720207
2020-03-18,823.2456665039062,887.1358402011803,819.1046485571297,880.9925553370017,5586097
2020-03-19,767.3189697265625,804.5427456771891,762.4043754240495,795.3505939925933,7251950
2020-03-20,786.9776000976562,798.9001017773378,756.5796925163982,772.6887626352195,6130185
2020-03-23,658.9696655273438,737.1486743130064,642.5420781794571,736.2840527580464,7308612
2020-03-24,653.2941284179688,697.4530590820982,620.1633552142507,696.7609124802966,7110384
2020-03-25,706.6815795898438,715.218053127168,610.0117846671717,643.419400478646,16122446
2020-03-26,773.3584594726562,777.3267553381951,695.9764929500304,726.9846377680012,9028497
2020-03-27,772.4816284179688,821.3471827467928,749.3639465060627,800.9519550093966,6573448
2020-03-30,737.0438232421875,752.1325957300077,729.9839057944001,739.2125266009033,4474168
2020-03-31,746.1339111328125,759.5154098482433,730.1684101377381,756.7468239071196,8045468
2020-04-01,714.6182250976562,749.7331721057693,707.419912179551,744.6112425289538,4104403
2020-04-03,714.8950805664062,730.0761156115238,703.9591319212624,730.0761156115238,4268480
2020-04-07,739.8124389648438,750.2869014668081,729.9839348834504,742.9040045274053,5768998
2020-04-08,744.8419799804688,767.8212688506833,736.1671100180388,741.9811299951315,6151091
2020-04-09,750.102294921875,769.9899616809961,742.3502871679302,769.9899616809961,6410296
2020-04-13,798.6910400390625,805.1049430948407,745.6264676726806,750.1023264632053,9462711
2020-04-15,812.2569580078125,855.1238500056807,801.9670248588491,822.2238556819656,10435477
2020-04-16,841.3272094726562,848.8485013755293,803.0284344404765,808.3810230590861,6980512
2020-04-17,860.9380493164062,867.4903474953996,845.3416577721129,858.2617267773635,5827648
2020-04-20,844.9724731445312,870.2589159260032,840.7273302318016,868.2286081441209,4958362
2020-04-21,803.2129516601562,836.6667005134022,796.4299382165855,827.8072474858368,5122305
2020-04-22,786.8321533203125,817.1943369882364,784.4327345454556,805.6585614802149,6090168
2020-04-23,775.7578125,802.4285481314427,770.5898075787862,793.6613587038996,6321888
2020-04-24,785.5402221679688,801.9671561023575,769.8054348009871,773.3584313161974,7960368
2020-04-27,789.2777709960938,807.412032872212,786.509184836505,795.4609580179145,4224177
2020-04-28,791.0313110351562,800.7674954107931,786.3708121358719,797.168310510304,3772704
2020-04-29,807.8272705078125,814.9333195368529,788.1241883303651,795.5070847081671,4837925
2020-04-30,828.3148193359375,846.0799137474754,815.9023135336389,821.5318058187075,6332497
2020-05-04,785.0326538085938,812.1186334267295,779.8184605063482,812.1186334267295,4678576
2020-05-05,772.34326171875,802.7053889564475,770.5898013166791,794.5842142918092,4296433
2020-05-06,772.71240234375,782.5870377888026,754.53200824292,773.3584170601611,5081524
2020-05-07,759.3770141601562,771.5588044670894,756.8391435265047,768.7440864842636,3529134
2020-05-08,753.00927734375,770.4513357454385,747.518237053078,768.7440635373011,4394509
2020-05-11,758.2234497070312,763.668358418714,753.378423868121,757.8543386774278,2882920
2020-05-12,751.947998046875,756.0547454947058,741.9810990268458,753.9783058519067,3024381
2020-05-13,796.3377685546875,804.6896597131025,784.8942554100178,797.0760470063034,8625444
2020-05-14,804.4127807617188,811.749489475043,776.5884656126966,792.6462888584962,6778584
2020-05-15,797.721923828125,816.7328582231879,788.124136635709,813.9181404291797,5653901
2020-05-18,750.6098022460938,802.8899582663148,747.518237006569,802.7976945950263,6211249
2020-05-19,734.9212036132812,769.4824001855204,730.6299286864892,763.299212910614,5533176
2020-05-20,770.5897827148438,776.1269548062079,738.2896121818862,738.2896121818862,5949898
2020-05-21,757.2083129882812,779.8184332420446,754.9934215346518,771.4665429443256,4701930
2020-05-22,752.7785034179688,762.7454012064413,747.6104427049295,752.1324887879609,4607479
2020-05-26,761.8688354492188,777.6959438272328,757.6698239388381,758.5004224033246,4335209
2020-05-27,785.2172241210938,791.0774324677518,763.2069847577452,767.7751635860915,5159287
2020-05-28,835.6516723632812,841.6502763062534,789.0471340371126,789.0471340371126,11481079
2020-05-29,860.338134765625,865.1831604642247,822.2700757051991,824.3003834538275,10166556
2020-06-01,856.5545043945312,899.0061621715404,852.724604042531,871.7817294667193,7617144
2020-06-02,872.5199584960938,879.4875558843358,842.6192047893607,862.8760385643799,7325471
2020-06-03,887.1472778320312,897.806323249321,881.333258179603,882.2099883929363,4651554
2020-06-04,858.9077758789062,893.3305212698696,856.9697316543117,886.9166183486515,5355931
2020-06-05,881.56396484375,885.8552958660805,864.3525652448035,867.4903187156503,6071040
2020-06-08,887.1934814453125,918.2478144861346,875.7961567309967,903.9434515469034,9858804
2020-06-09,879.764404296875,895.4069277240148,876.4421233597086,890.1004707959931,5117749
2020-06-10,873.5350952148438,885.4861704799534,863.5220641242832,883.1790152676555,5175923
2020-06-11,858.677001953125,878.5646677787184,856.6005623496563,871.18177141083,3602957
2020-06-12,854.939453125,858.1694704037992,821.347250894675,821.347250894675,5411314
2020-06-15,830.4835815429688,857.7541438621936,825.1309365899456,850.6942266470357,4982324
2020-06-16,826.0076293945312,853.3705104757772,822.4085013578065,849.0330477706739,4661460
2020-06-17,816.5482788085938,830.345076846836,813.1336781746603,823.8389110722077,4681085
2020-06-18,827.4842529296875,830.5758181664962,806.5814056416863,808.4271296820563,5869802
2020-06-19,828.9147338867188,845.2494040147361,826.0538276343364,832.4215985353194,5409996
2020-06-22,837.4512329101562,845.3416926845454,826.8844504861929,835.1902094754515,6839642
2020-06-23,892.9613037109375,895.1761951782729,838.881609708299,839.804471765184,14580218
2020-06-24,881.8408203125,913.5411655154479,878.564671301519,903.4819466430536,11985132
2020-06-25,870.3511352539062,890.3772520478116,864.0295530441535,876.6266419557949,7508087
2020-06-26,887.977783203125,900.8055305646061,867.9516675404551,881.333165870425,6554103
2020-06-29,864.3526000976562,882.348410626436,858.2617329110356,876.7189744790148,4575801
2020-06-30,870.8588256835938,878.7031533758511,859.5537651859288,875.5192679294698,3656480
2020-07-01,853.0014038085938,868.4132117111694,846.2645219332013,868.4132117111694,6426017
2020-07-02,868.6900634765625,877.3649895477707,854.5702849368565,863.7989057245117,6542705
2020-07-03,871.4125366210938,881.7024715515098,868.9669295289401,874.8732694909154,3928063
2020-07-06,877.826416015625,885.4861599640822,873.6274048445157,879.5798201599293,3900219
2020-07-07,870.8126220703125,887.7010429227386,867.4903411668686,881.3332721429356,4051767
2020-07-08,868.6438598632812,890.0081377522167,865.6445583551213,872.0584605379765,5227021
2020-07-09,872.05859375,878.5647605961507,867.4904148743504,872.1047255917672,3777760
2020-07-10,860.2459106445312,878.5647004068661,858.7692975198976,867.4903554437543,4537688
2020-07-13,856.5545043945312,871.920124989337,853.6474661681182,867.4903980519255,3821300
2020-07-14,842.4808349609375,862.8299330329002,835.9746120839621,856.4160301622911,3646237
2020-07-15,841.8347778320312,853.647400870564,839.1584553417333,847.2334983229413,3229770
2020-07-16,850.094482421875,852.7246169889165,829.1455005875845,842.5731334533342,3134451
2020-07-17,854.155029296875,858.2156451813421,847.1874315122626,850.9711436973535,2040517
2020-07-20,848.6639404296875,860.0151889976346,844.4187974215499,857.3388664531365,3035845
2020-07-21,865.6907958984375,869.6129598880398,849.5868407227819,855.4931807908786,4756570
2020-07-22,849.8637084960938,868.413213696742,839.8044893347877,866.7520732250025,4977432
2020-07-23,845.8491821289062,865.5984520969968,841.0502883086477,841.6501711588156,9075059
2020-07-24,834.636474609375,843.9573589405636,828.7762666969484,843.8650952648213,6059379
2020-07-27,834.0827026367188,844.4187687767692,827.1612373188764,837.9587344801163,3615970
2020-07-28,843.0344848632812,846.2645020466655,829.6529851035466,838.6970219516165,3793721
2020-07-29,850.8327026367188,868.274762085164,846.4952396120575,848.6639429608726,7245021
2020-07-30,838.189453125,860.7534414109467,834.4518731047947,857.3388405759703,3364408
2020-07-31,842.98828125,851.7093381679906,837.081942086751,843.4035804036233,2943858
2020-08-03,845.2493896484375,848.8023860753749,833.852009325412,842.5730671234762,3583167
2020-08-04,852.9552612304688,858.2617180896251,845.8953439218227,847.1873733400815,3860346
2020-08-05,861.7989501953125,869.9444979287276,857.1908861137856,860.1233060253478,3007723
2020-08-06,858.4476928710938,869.199804903909,856.678922571828,862.0782459007172,2188023
2020-08-07,852.396728515625,862.8229847094696,850.9537573859309,858.8200409758862,2461109
2020-08-10,893.7294921875,902.9921550385172,861.1007664027097,861.1007664027097,11861641
2020-08-11,895.4517822265625,912.0221433745769,890.9833217121371,902.6198192625455,5427516
2020-08-12,884.1410522460938,889.9593008131251,879.7191833351499,886.235621730225,3672458
2020-08-13,922.2622680664062,925.0084928724594,885.8167347403977,890.890259073812,8816193
2020-08-14,914.907958984375,946.7454271917586,906.1573470426351,930.8732561232547,13443785
2020-08-17,931.66455078125,937.4362650679781,919.4695237844645,932.7816659365582,4735094
2020-08-18,935.1554565429688,938.3671411577219,926.6375746207841,936.4587669665549,4362050
2020-08-19,939.3911743164062,954.1462308408251,935.9468164129756,946.9781936309078,4914223
2020-08-20,926.96337890625,935.5743869452988,913.2323120331722,917.8869109731986,4791040
2020-08-21,925.473876953125,940.2289320201663,923.4723767960446,940.2289320201663,2806380
2020-08-24,922.8673095703125,932.2230988994846,921.6105905834145,927.196109314223,2026255
2020-08-25,912.6737670898438,930.8267026417257,910.2533415916259,924.4033334881416,2914757
2020-08-26,902.0147094726562,919.7487194711626,898.3375650705182,918.8177997146129,4482066
2020-08-27,908.205322265625,912.3013920595487,898.6168598148886,907.8795230674234,4466609
2020-08-28,914.0234985351562,935.295048093025,910.6256756700875,919.748677504238,7821191
2020-08-31,879.6727294921875,926.6376476018982,875.4370555101864,919.8418871964726,8489726
2020-09-01,889.214599609375,899.2685220323045,878.1366313205733,898.2910676112538,5099949
2020-09-02,889.5404052734375,893.4968144312086,882.5119721333996,890.3782558226173,2107714
2020-09-03,894.7534790039062,903.9230151842688,887.4457253768763,893.6828986373821,3278899
2020-09-04,877.3919067382812,890.0989846668525,875.0646072509119,882.511965610494,3130721
2020-09-07,867.7568969726562,885.0719821794241,852.9552497206388,881.7206936938672,3470806
2020-09-08,853.3742065429688,871.3409476248855,849.8832572335741,871.3409476248855,3738931
2020-09-09,846.6715698242188,863.8935863626992,838.7587514146466,844.8562648253143,5656245
2020-09-10,857.3306274414062,859.2390017261096,848.998883612364,854.3051379987087,2948599
2020-09-11,854.02587890625,857.8891621281605,848.9988890723654,856.4462477484387,2632298
2020-09-14,839.7826538085938,859.5646977908492,838.7586648476326,858.6803695149421,5006356
2020-09-15,847.0904541015625,851.9777828826751,837.8277910478776,847.1369887261873,4488829
2020-09-16,858.121826171875,860.169861014247,848.393703284733,851.7915831472251,3596197
2020-09-17,843.692626953125,854.5378656537281,842.5289771706069,851.7916408032181,4512652
2020-09-18,838.4794311523438,850.9537217253796,835.035016709619,848.2540885385768,7496145
2020-09-21,820.9315185546875,841.3652174289651,813.9030861506009,838.7586536205473,4597697
2020-09-22,797.3328247070312,826.610264368564,793.1436855229313,826.610264368564,5089087
2020-09-23,801.1495361328125,813.344619284153,795.517482854347,806.3627209673361,3709291
2020-09-24,791.9335327148438,800.4980067522097,784.7654384612167,796.8673965869532,11609426
2020-09-25,827.8203735351562,833.545552627312,793.143613440487,800.6840405590436,4961967
2020-09-28,840.4808959960938,854.1188934251848,831.3113589413515,835.9659578156031,3853608
2020-09-29,833.5921630859375,849.7901338413224,830.7528690024407,847.0905004581765,3362381
2020-09-30,839.3172607421875,842.0169508633131,823.0261644015485,835.7797769005587,3582787
2020-10-01,840.4343872070312,850.4883097207172,838.479478347283,847.0904865293609,2506154
2020-10-05,834.988525390625,845.7871723355493,833.2197550443261,845.2286431834735,2788003
2020-10-06,830.93896484375,842.0634674706546,826.8894865675471,838.8052482722461,3497325
2020-10-07,826.563720703125,833.1732286160081,815.5322868809858,833.1732286160081,5073845
2020-10-08,820.1868896484375,832.2423125871529,818.325050022963,828.7978979162576,3918217
2020-10-09,845.694091796875,851.7450704118953,824.4225405743105,826.0982416458453,9668150
2020-10-12,843.1806030273438,861.7989988987729,839.7361884273624,853.6069160791111,6188905
2020-10-13,834.5230712890625,852.4432775510536,827.4480466735463,845.2286490559662,4548652
2020-10-14,851.9778442382812,853.6534885772827,825.9120888618756,835.0350918798501,5286914
2020-10-15,827.4014892578125,855.5152779829336,824.2363960965102,849.9297593018699,4927777
2020-10-16,832.3353881835938,841.0860572175422,828.0531797399046,832.2423189291453,2373435
2020-10-19,840.5275268554688,843.4133555652988,822.9331195581944,836.8969168357656,5800391
2020-10-20,853.9327392578125,870.8754913403335,849.9297953968193,855.5153143150898,13188572
2020-10-21,860.5886840820312,866.6861964418904,845.8801649369009,861.0541439082621,6390783
2020-10-22,871.6201782226562,874.13367299119,856.5858578743319,858.3080367389534,6151367
2020-10-23,876.2282104492188,882.9773786040732,863.8935238213811,875.0645607673473,5102184
2020-10-26,886.0028686523438,892.984766750471,877.8573208711954,884.2340984066186,6975809
2020-10-27,914.11669921875,917.886913004749,889.1680602087571,893.6829984630416,9638520
2020-10-28,914.9544677734375,925.9393664491496,906.9020459021456,921.5640321924141,7369181
2020-10-29,869.9446411132812,892.5659831781409,862.0318220127324,885.3978886291695,11852038
2020-10-30,865.2898559570312,881.3947553066131,860.3559929404073,875.9954324427825,4797473
2020-11-02,865.103759765625,873.1562387723686,857.051337577717,865.7554149901374,3682174
2020-11-03,882.2792358398438,887.0734955123266,868.0827089640246,879.6261371512411,4049112
2020-11-04,891.8634643554688,902.1120882989388,882.516405167204,886.5494102445809,3369408
2020-11-05,909.1817626953125,910.7949764875862,896.08636811594,903.393236761754,2889134
2020-11-06,911.6964721679688,918.1018337991255,901.5902117601587,910.0358228561875,3419233
2020-11-09,916.5360717773438,924.8393184831136,913.2622665541509,921.4231487202808,3040456
2020-11-10,980.9218139648438,983.9584994614313,921.9925079995368,925.2189356606641,12149416
2020-11-11,1005.3569946289062,1008.5360443873922,969.1074407328989,986.9001110033928,10254627
2020-11-12,1018.405029296875,1020.9197500514686,998.7144727190115,1001.0394513115514,6743163
2020-11-13,997.8129272460938,1013.6128412730217,985.0970759995272,1010.6711430192929,5025096
2020-11-14,1005.1198120117188,1013.2808098761624,1000.1853575316534,1005.926505776665,911852
2020-11-17,1025.7120361328125,1040.8476236276795,1006.8755494869031,1008.7259411435668,7611327
2020-11-18,1089.5283203125,1095.3168462130986,1024.0512898696118,1025.7119391924386,13436421
2020-11-19,1076.337890625,1116.9051772233856,1051.1434241919783,1067.607667095629,10841151
2020-11-20,1074.4876708984375,1101.7222751197146,1061.3922176756253,1081.794482029694,7009257
2020-11-23,1068.3668212890625,1089.2435549374572,1065.5199939733723,1080.6556953710785,4998877
2020-11-24,1077.524169921875,1085.5901808812198,1070.6918305031584,1077.0496986889723,4623887
2020-11-25,1059.019775390625,1089.196191669632,1055.650983354257,1083.21780789283,4651911
2020-11-26,1061.72412109375,1077.002069703132,1045.3074880037723,1072.3048514235645,7360928
2020-11-27,1065.0928955078125,1081.604515235151,1036.2450254771743,1071.3558917250273,18995549
2020-12-01,1058.97216796875,1081.7942777959238,1054.464691811267,1081.7942777959238,3551604
2020-12-02,1056.884765625,1074.250460634328,1047.7274468450835,1062.8631500282672,4434968
2020-12-03,1067.70263671875,1079.3745595253135,1063.1002889351078,1077.0496968231992,4087608
2020-12-04,1090.8092041015625,1102.670983180527,1071.1186508304818,1072.304828738378,6542918
2020-12-07,1109.9779052734375,1112.0656481055757,1085.5901313500412,1095.8387558482152,5484461
2020-12-08,1111.5911865234375,1122.124424336989,1089.4334039334562,1114.9598626499057,4982626
2020-12-09,1120.7010498046875,1124.4968196600803,1106.7990195417713,1117.854222413143,4304573
2020-12-10,1129.5736083984375,1132.8000358565846,1110.3101464012555,1121.6499622052215,4921373
2020-12-11,1133.3218994140625,1154.67310237335,1121.6498621279095,1127.343516250386,6689415
2020-12-14,1185.8460693359375,1199.3685005429952,1136.9280350202332,1136.9280350202332,9723233
2020-12-15,1182.6195068359375,1188.0759258243481,1154.0088693204711,1186.1780409588139,6953407
2020-12-16,1203.4962158203125,1212.7484043511604,1183.3786829908806,1192.1089068592687,5729223
2020-12-17,1213.507568359375,1218.4420224266485,1190.021244328955,1205.1568290357038,5345257
2020-12-18,1216.1173095703125,1234.5741948960504,1205.1569773389579,1218.3946789045665,10315248
2020-12-21,1171.801513671875,1270.1594177912752,1095.0795428697284,1211.0877526754687,21153346
2020-12-22,1198.2296142578125,1203.2590556995247,1151.5891843825252,1172.18118971044,7998730
2020-12-23,1200.222412109375,1206.3905378031866,1184.6122398893413,1203.2589815004803,4057070
2020-12-24,1197.755126953125,1215.59529154032,1189.4993738843023,1209.901636779007,3277840
2020-12-28,1223.56640625,1225.0846909876345,1201.8356011896508,1209.90161193589,3405825
2020-12-29,1219.248779296875,1228.9280625482945,1202.9743918360186,1228.8330756256871,3778319
2020-12-30,1226.0811767578125,1230.1615599163233,1206.1058912327624,1222.427655542215,2866392
2020-12-31,1221.8582763671875,1237.4209557263787,1216.5442218107496,1226.982588768564,3889877
2021-01-01,1230.7783203125,1233.5776541199975,1217.4931264155261,1217.4931264155261,2058419
2021-01-04,1247.479736328125,1255.0238983972995,1235.523084484525,1238.3699118681297,4014636
2021-01-05,1239.603515625,1245.9613834323409,1228.9279135201914,1240.2677289764429,2833637
2021-01-06,1246.9102783203125,1262.0933562907273,1233.6250850961997,1241.216624081407,4615963
2021-01-07,1270.5865478515625,1278.035839344962,1257.3488459593764,1262.093558585638,4270598
2021-01-08,1303.277587890625,1312.3399188125748,1278.2254839682503,1280.882569171268,4984995
2021-01-11,1281.072265625,1314.2377568333236,1276.3275535300925,1311.4384230324074,3252470
2021-01-12,1280.882568359375,1297.061967667329,1275.4261492590344,1284.8680803236734,2836161
2021-01-13,1283.4447021484375,1302.8980229573417,1275.6634201599577,1284.8681158661623,4389762
2021-01-14,1306.3140869140625,1318.745209207855,1287.0031322084644,1288.663781411314,5168591
2021-01-15,1285.010498046875,1313.810879496686,1276.375144541668,1306.4090817278195,2587576
2021-01-18,1267.8345947265625,1284.7257006749871,1258.44004139243,1276.517325392192,3185998
2021-01-19,1299.9088134765625,1311.4384876024021,1268.7360766457393,1271.6303975012167,3885798
2021-01-20,1312.0552978515625,1321.9243224704562,1292.9815778294676,1299.1022102791208,3957992
2021-01-21,1301.2847900390625,1324.7236215348653,1291.5581302104576,1323.7746791125624,2985423
2021-01-22,1292.554443359375,1304.7958237093515,1279.6488496524075,1292.4595722851902,3282665
2021-01-25,1291.79541015625,1325.1032671548178,1273.480774442084,1300.0511631785807,4847989
2021-01-27,1290.41943359375,1321.5921715061868,1262.188394259523,1298.9125384591082,8896211
2021-01-28,1276.65966796875,1295.401280857546,1271.5828491638815,1276.0428322251232,2962948
2021-01-29,1266.553466796875,1299.1022398124285,1257.4436422637589,1292.4596425306995,5130876
2021-02-01,1374.875244140625,1387.3538605131916,1268.9257965364925,1277.039300810963,11317043
2021-02-02,1442.582275390625,1511.6653325279894,1398.741180255026,1398.741180255026,14349665
2021-02-03,1450.506103515625,1478.452413782529,1428.1584613239447,1451.882023804409,6197782
2021-02-04,1451.6922607421875,1470.860852615383,1432.9031531930505,1447.1372904764253,3957579
2021-02-05,1439.0711669921875,1468.013910541981,1433.9468548027176,1456.0572593250154,3270494
2021-02-08,1472.5689697265625,1489.8396763272492,1442.3925528773368,1443.4838598842255,5223019
2021-02-09,1486.470703125,1494.1097354048259,1466.1159359799656,1477.5032442205868,3825206
2021-02-10,1473.565185546875,1484.1459164950534,1450.6482033746329,1480.350146887649,2578777
2021-02-11,1452.3563232421875,1480.2552525863484,1448.6080471487733,1470.2913575232692,2720190
2021-02-12,1443.6737060546875,1465.1672776935768,1438.6917577335144,1456.62679485728,1867284
2021-02-15,1459.141357421875,1465.1671187127718,1443.673549406084,1449.0350973279808,1917477
2021-02-16,1470.3388671875,1493.6354512146524,1460.4224646882785,1461.3714071604606,3838556
2021-02-17,1469.295166015625,1486.99296764299,1454.7289211210616,1465.1672891134504,2340184
2021-02-18,1446.7576904296875,1471.9995373800043,1437.7902302755308,1463.4590550093005,2446843
2021-02-19,1431.7642822265625,1468.013834122567,1422.3222362213498,1446.0457952731044,3044240
2021-02-22,1378.05419921875,1434.753511415308,1373.214615822233,1433.7571913312122,6168108
2021-02-23,1410.4132080078125,1421.5157883238596,1385.4559752689154,1387.3538601665439,3733776
2021-02-24,1448.655517578125,1453.7798299635524,1410.7926907450849,1410.7926907450849,2380414
2021-02-25,1429.5343017578125,1461.9407094634205,1425.311554207259,1455.6777124859755,3168105
2021-02-26,1368.849609375,1417.2456787532496,1361.8749048968534,1406.3328395797228,5579058
2021-03-01,1397.64990234375,1410.1285190683222,1364.7690223890509,1381.6602447937262,2494481
2021-03-02,1409.79638671875,1413.5921565529673,1383.7004691085065,1403.7706252744706,2089473
2021-03-03,1420.471923828125,1432.903046293997,1405.7158229434622,1417.2454964503872,2184001
2021-03-04,1387.9232177734375,1418.052140855535,1383.558105628296,1397.792242517476,3530366
2021-03-05,1388.8248291015625,1401.777801434139,1365.623115692929,1379.3827818130576,3306902
2021-03-08,1437.837646484375,1447.1373294282434,1394.9454913177165,1402.5370314065203,4150049
2021-03-09,1431.2901611328125,1454.0647833930693,1415.632608328886,1447.1374561204868,3779948
2021-03-10,1446.378173828125,1456.389563965022,1430.5308797375928,1445.2394891146628,2210547
2021-03-12,1436.6988525390625,1485.0949169244602,1426.4028502442188,1448.3708908729739,4885349
2021-03-15,1407.993408203125,1450.078984128294,1388.5875807739249,1442.3925731887111,3181450
2021-03-16,1387.1641845703125,1420.566914036215,1382.6092142623681,1412.311160670486,3233903
2021-03-17,1364.247314453125,1416.7237692840204,1358.6485300999072,1400.6392389924658,5178384
2021-03-18,1355.1846923828125,1394.660675214078,1347.4982816900083,1381.233232189934,3381940
2021-03-19,1339.195068359375,1349.2538354307069,1308.212073371155,1342.753602641995,9920812
2021-03-22,1328.56689453125,1345.0310225127432,1321.1650972473255,1337.0598829387552,2964175
2021-03-23,1332.6473388671875,1344.177013082346,1326.716448410594,1330.3224761432846,2564844
2021-03-24,1299.244384765625,1335.161827972472,1290.6090329263748,1328.519231813405,4237815
2021-03-25,1301.0950927734375,1318.0811873984546,1291.5107962917903,1291.5107962917903,3894604
2021-03-26,1326.9063720703125,1336.1110681793618,1311.4385626590044,1315.5190618301474,3093766
2021-03-30,1350.8671875,1355.2796776027697,1324.2967966091865,1336.111084795196,2801282
2021-03-31,1346.45458984375,1358.5061137368616,1338.3885782736972,1350.9145734356355,2400871
2021-04-01,1370.84228515625,1373.92634822011,1347.9727945271668,1358.8856330608257,1380763
2021-04-05,1332.12548828125,1365.528216954364,1310.8691537448574,1365.528216954364,2548649
2021-04-06,1329.46826171875,1343.987126329556,1322.1614517974137,1334.1181025040055,1824079
2021-04-07,1332.45751953125,1344.8411485847305,1318.3182543341416,1330.4172701648129,1841308
2021-04-08,1346.6917724609375,1361.542745758093,1338.0089254156983,1338.0089254156983,1644834
2021-04-09,1332.41015625,1344.6515378068918,1325.7675586743837,1341.8047102744847,2015002
2021-04-12,1276.469970703125,1322.778293156595,1263.9913542113509,1322.778293156595,3755497
2021-04-13,1303.562255859375,1311.4385248837013,1278.462773263073,1278.462773263073,2063654
2021-04-15,1304.4637451171875,1320.073801881858,1288.7587014385897,1308.5441280965692,2625838
2021-04-16,1289.755126953125,1322.1615341064485,1286.10172176502,1291.036176066136,3752588
2021-04-19,1243.54150390625,1277.4661942195985,1239.3187566219037,1271.5827977590743,4157065
2021-04-20,1263.5169677734375,1271.061014486644,1250.4215146375473,1252.6041287727658,2989204
2021-04-22,1268.5462646484375,1271.1083628297008,1240.504969995615,1243.11456163263,2398100
2021-04-23,1255.3560791015625,1275.995578849514,1247.337445329043,1262.0935478057656,2062964
2021-04-26,1267.6922607421875,1272.7215862984365,1255.450879789848,1262.1409704956914,1431562
2021-04-27,1310.157470703125,1317.5591526152534,1267.6922943172074,1270.6339928657856,4303909
2021-04-28,1305.64990234375,1328.4718981032781,1302.423474939566,1314.1428906904262,3220346
2021-04-29,1289.2806396484375,1318.6029835382085,1284.3935630271928,1313.2888133261574,2221346
2021-04-30,1272.0098876953125,1295.3064716710717,1267.8820111179675,1281.0723346197412,1968093
2021-05-03,1273.955322265625,1282.30606270569,1251.7975377796083,1257.82329956282,1653245
2021-05-04,1269.305419921875,1281.9264010604022,1263.042422811014,1281.0723296730794,2029558
2021-05-05,1270.3017578125,1277.9881680298072,1256.399728584715,1273.670433805711,1813150
2021-05-06,1271.488037109375,1287.287952382395,1267.5499026963244,1275.378678063904,2333882
2021-05-07,1274.14501953125,1290.466899663873,1270.633978695925,1278.225518523832,2362325
2021-05-10,1323.7747802734375,1327.4281857109518,1278.2255405220933,1278.2255405220933,3929224
2021-05-11,1312.9566650390625,1328.4244723005404,1305.839597128142,1309.5404956093594,1975828
2021-05-12,1314.5701904296875,1352.2431641772948,1306.6939207523753,1309.540748466433,4283174
2021-05-14,1343.22802734375,1351.1991670282011,1303.8944094376445,1322.8257648302279,4558155
2021-05-17,1315.946044921875,1367.4261768396768,1298.3431147697358,1359.8346366490332,9620003
2021-05-18,1344.9361572265625,1349.3961403285743,1325.6725794929805,1333.2641189603705,3312380
2021-05-19,1331.7933349609375,1361.7325178380354,1328.5195295980834,1341.8047248940643,3215258
2021-05-20,1337.7716064453125,1354.0933700984285,1330.0851958393416,1338.7680423436254,1996254
2021-05-21,1345.6478271484375,1351.9582014874895,1335.2568382847915,1342.7535064707895,2185322
2021-05-24,1369.5611572265625,1383.5580580192816,1338.0088215412807,1347.4982458075308,5035538
2021-05-25,1376.8680419921875,1387.306409249226,1368.469924230202,1385.4560177523783,2892219
2021-05-26,1397.6973876953125,1401.2084285003984,1378.6236672095106,1384.4121931108948,3230579
2021-05-27,1407.139404296875,1409.1796538993556,1387.116740126184,1400.5916776869722,3747221
2021-05-28,1402.6317138671875,1423.0814685664475,1398.646202191612,1411.1721953185863,2315923
2021-05-31,1392.7628173828125,1400.6390862217154,1383.1311439790254,1397.1280454165392,2405318
2021-06-01,1399.3580322265625,1416.2966320961518,1388.3028293177017,1391.1021632604654,2077742
2021-06-02,1395.94189453125,1399.3105708639796,1380.7588147099395,1393.3323026869623,2469417
2021-06-03,1433.709716796875,1437.6478512400902,1397.9820094054467,1404.5297356578435,3025466
2021-06-04,1459.046630859375,1468.2513270496625,1439.4509444806029,1441.3962071611734,5677538
2021-06-07,1478.2625732421875,1489.3651534091061,1462.083058372144,1466.543041486585,3131245
2021-06-08,1470.05419921875,1502.1758775386925,1467.1125008320448,1481.299143927921,3945382
2021-06-09,1441.7283935546875,1475.6055946333738,1436.0347385271632,1470.860882110437,3025732
2021-06-10,1442.107666015625,1455.6775881726498,1437.6476832343967,1447.137106886109,1584311
2021-06-11,1426.6875,1449.1775058810458,1422.1326456791435,1443.3414865646737,1909384
2021-06-14,1438.359619140625,1441.9181535768957,1402.537039148833,1426.6875798545732,2005404
2021-06-15,1433.6622314453125,1445.9034957965498,1428.9648970391368,1442.3924552340188,1831871
2021-06-16,1414.7783203125,1438.5967526136956,1412.0263640429941,1428.964963589276,1504791
2021-06-17,1411.5992431640625,1423.2711646002383,1404.6719176539327,1405.383624418493,1675778
2021-06-18,1400.638916015625,1414.82555788816,1385.5507094032032,1411.5992465512297,4649835
2021-06-21,1392.14599609375,1394.3759875691562,1373.3568902138563,1385.455905829836,1970012
2021-06-22,1422.6544189453125,1427.9685891271897,1394.5183690757397,1395.0402179001655,3862264
2021-06-23,1403.72314453125,1430.0562979946553,1400.7339525921877,1428.1584130603558,1818874
2021-06-24,1427.2568359375,1435.9395660623736,1406.3326100799777,1413.92414913574,2762042
2021-06-25,1446.0458984375,1451.217704182366,1430.5307128783002,1433.37754016761,2099002
2021-06-28,1437.1260986328125,1449.9368239502985,1433.2354570743055,1448.0864321839724,1173658
2021-06-29,1433.757080078125,1451.6921144149073,1427.1144833487756,1435.749835929391,2174022
2021-06-30,1423.9356689453125,1445.6189812058774,1419.1434631392492,1438.5967837640267,2139362
2021-07-01,1416.10693359375,1426.2605719692936,1404.5772590959177,1420.6617880734627,2060651
2021-07-02,1409.79638671875,1424.0305235970648,1400.1645975968834,1423.413687831464,1814564
2021-07-05,1430.957763671875,1436.698912000088,1412.0264075667972,1413.9242925232043,1605396
2021-07-06,1428.6328125,1441.4435351627367,1423.4136291929592,1429.107283709731,1072506
2021-07-07,1439.0238037109375,1442.1078668271957,1418.669033478717,1418.669033478717,1096808
2021-07-08,1424.077880859375,1446.1882861626907,1420.5668401479975,1426.2604948179292,1456033
2021-07-09,1423.0340576171875,1426.1181205423343,1409.6539924017823,1421.420901806806,1248405
2021-07-12,1424.1253662109375,1438.5967384146468,1415.442519721172,1427.589029282972,865284
2021-07-13,1436.3193359375,1437.647878596814,1424.6947903844894,1437.647878596814,995833
2021-07-14,1465.8314208984375,1470.7659913589266,1431.0052777808949,1436.2719549460066,4010254
2021-07-15,1527.1805419921875,1542.031514825587,1470.8133360673298,1470.8608295259446,9066480
2021-07-16,1536.1005859375,1539.9438491825708,1513.6580739005099,1527.1805037689944,4157388
2021-07-19,1527.4178466796875,1555.696379919249,1516.0305365168106,1518.308021716928,3027093
2021-07-20,1509.1505126953125,1539.8013983477545,1501.2268668752356,1527.6548893729782,1847026
2021-07-22,1558.3057861328125,1563.0504981352644,1510.2893238355384,1527.7972647895078,3231269
2021-07-23,1529.4580078125,1561.911793565018,1524.8081665973211,1560.0614021056306,2259058
2021-07-26,1516.030517578125,1544.2141793817925,1511.4756630725003,1529.458077144985,2219416
2021-07-27,1526.13671875,1536.3378502448313,1503.3620995987487,1527.9397326003482,3984778
2021-07-28,1529.927490234375,1536.7413372550454,1490.3885742735315,1528.248043998072,4119892
2021-07-29,1531.6549072265625,1542.5472918149728,1522.0580719682507,1529.7355401749003,1672177
2021-07-30,1536.885009765625,1559.3896568933428,1521.098263917632,1533.5741487320984,2536568
2021-08-02,1548.881103515625,1552.7678684637226,1537.4609638387208,1541.5396186230043,1083353
2021-08-03,1568.4586181640625,1572.6332177287125,1545.3783015531835,1559.4856013644448,1777140
2021-08-04,1557.7581787109375,1578.007593868875,1548.5452407277746,1573.8809080431192,2067087
2021-08-05,1561.7890625,1567.0192910877486,1543.9389715591797,1554.6873806647197,1831728
2021-08-06,1545.42626953125,1572.9212246798,1543.4589886853669,1561.4050229127727,1192143
2021-08-09,1533.04638671875,1558.5260309437879,1525.8967913796937,1554.687296877424,1223794
2021-08-10,1524.4093017578125,1544.9945843785547,1508.622554078814,1541.2517950703404,1429931
2021-08-11,1519.467041015625,1533.4783976873339,1499.7454968214536,1526.0887639198304,1370930
2021-08-12,1557.998046875,1561.404969975116,1518.2192148129277,1525.896682397317,1645811
2021-08-13,1601.1358642578125,1609.1972285308802,1559.4855798043436,1560.4452632380694,5439442
2021-08-16,1589.331787109375,1609.4372262959782,1586.692657540519,1606.510144823702,1794407
2021-08-17,1572.681396484375,1597.8730893342392,1559.5337788851366,1591.1553045742753,1838525
2021-08-18,1567.0191650390625,1594.1302236630906,1561.500984965145,1580.5987098681271,1570228
2021-08-20,1529.3514404296875,1557.56615577554,1525.8966036248357,1553.631477271435,2416059
2021-08-23,1517.0196533203125,1553.7275462442421,1504.6877440945948,1535.5895051344105,1973841
2021-08-24,1541.0596923828125,1548.3052319600458,1518.986973584061,1525.8966473919538,1580003
2021-08-25,1529.5435791015625,1560.4453403347475,1525.896735013683,1549.840791008598,1795313
2021-08-26,1531.4149169921875,1538.3245912057077,1521.0983195567082,1529.543581061111,2051262
2021-08-27,1572.0574951171875,1599.504419389291,1533.6222417890183,1539.3323116716465,4903187
2021-08-30,1593.170654296875,1617.0187673296673,1578.7754008989473,1580.3108711649518,3345934
2021-08-31,1604.7825927734375,1608.4294366851302,1578.679250207064,1593.1225327599905,3264644
2021-09-01,1618.4102783203125,1648.7362534997312,1604.782702326863,1604.8307333614234,3530101
2021-09-02,1618.21826171875,1641.0587757495466,1614.1876379010162,1619.849793948872,2400278
2021-09-03,1623.3045654296875,1635.5885605230474,1604.6866829580379,1628.5828244364052,2336258
2021-09-06,1625.8956298828125,1646.8167756403504,1622.056896140061,1631.4618406693448,1850835
2021-09-07,1613.899658203125,1636.2603301015947,1611.7403703774778,1625.8957016789432,1734879
2021-09-08,1599.3604736328125,1626.3754685781341,1591.1551334133878,1614.1875358270918,1644392
2021-09-09,1602.719482421875,1612.8440730979057,1588.4680886709868,1588.4680886709868,1225239
2021-09-13,1604.3028564453125,1608.0936765510182,1593.55444812928,1595.042004410446,1578773
2021-09-14,1628.054931640625,1630.3102814530093,1607.8536654346535,1608.4294520712558,1407269
2021-09-15,1647.7764892578125,1655.0700600728628,1628.5828201924915,1631.4618705522896,2757989
2021-09-16,1651.8551025390625,1658.8128074008828,1640.3389013884632,1640.6747671589178,2128381
2021-09-17,1647.0087890625,1671.4807185089585,1637.31600906446,1654.4943672821396,3473932
2021-09-20,1635.636474609375,1665.05079596205,1631.413843973705,1631.6537648376766,1820374
2021-09-21,1651.519287109375,1660.9721457455246,1624.1683085430036,1630.1182991259686,2029747
2021-09-22,1641.922607421875,1660.2525397780903,1637.220134601978,1651.519442911922,1487933
2021-09-23,1698.351806640625,1703.4381759410078,1645.90519821032,1649.0241695183809,3702946
2021-09-24,1697.440185546875,1737.0271298034452,1679.4461199757068,1708.236624889576,3612494
2021-09-27,1669.4652099609375,1710.8755718712835,1666.970056564532,1700.5589753784402,1650711
2021-09-28,1667.1141357421875,1688.131226817034,1649.6958576202644,1674.9355793229802,1442615
2021-09-29,1651.615234375,1671.7685870315224,1647.3926037219567,1662.1717524331784,1698747
2021-09-30,1634.29296875,1664.3311091463959,1628.5828987870457,1650.607588242858,1792078
2021-10-01,1628.4869384765625,1643.4579774987492,1619.4658902359938,1629.0627251410958,1563937
2021-10-04,1646.09716796875,1654.4463677853887,1616.155088817147,1628.1031018562799,1588493
2021-10-05,1647.4886474609375,1669.8493202759028,1637.2200806843048,1645.3773905822043,1705242
2021-10-06,1626.71142578125,1665.914470006682,1621.8649776571115,1647.4884780777143,1845661
2021-10-07,1643.4100341796875,1659.5807955769703,1631.46202094467,1641.0588563619917,1378863
2021-10-08,1657.27734375,1670.808856724488,1650.655504633038,1669.8491732915616,1755402
2021-10-11,1647.6805419921875,1676.4230145169672,1645.857120003811,1663.8511847268846,1528151
2021-10-12,1648.9281005859375,1655.9818678492734,1631.4619081930623,1641.538584684843,1671988
2021-10-13,1681.4134521484375,1692.785677714227,1654.5423152812882,1657.3733346273905,2105025
2021-10-14,1717.1617431640625,1744.6086679902046,1696.192564850853,1703.4382221765586,4440909
2021-10-18,1716.345947265625,1737.5070157754615,1710.1560354111418,1734.2920994080255,1918546
2021-10-19,1771.6236572265625,1809.0032802696742,1729.3975859629732,1736.8351326059917,6639827
2021-10-20,1733.860107421875,1793.3125696731863,1723.8794928858445,1780.2128666585677,3295376
2021-10-21,1732.9483642578125,1752.8617955513746,1718.8410646105908,1741.82543603928,2774633
2021-10-22,1719.9927978515625,1757.6603762115424,1709.5322239982531,1742.7852815725694,1520637
2021-10-25,1712.21923828125,1739.7141923533413,1689.3787254779995,1719.992650739883,2488386
2021-10-26,1723.8314208984375,1738.8504905283826,1709.7241208479152,1713.034981936652,1930107
2021-10-27,1712.603271484375,1740.8659042724712,1703.5341919363034,1728.3900185196915,1408879
2021-10-28,1741.1058349609375,1786.930723272573,1718.7931930081515,1726.9985340051749,6379424
2021-10-29,1695.4249267578125,1751.3264922172177,1665.8187133734634,1748.543386558564,3984689
2021-11-01,1722.9676513671875,1732.2286200509711,1680.5976037960029,1704.3978001166342,2316925
2021-11-02,1742.449462890625,1750.8946078505276,1723.0158709818968,1727.4303918869448,1687119
2021-11-03,1813.322021484375,1837.7939513853285,1744.7046494091526,1744.7046494091526,11580233
2021-11-04,1831.9876708984375,1843.407927357529,1823.3985508997948,1823.3985508997948,764191
2021-11-08,1846.9588623046875,1875.1255486165771,1835.1066777743717,1866.1525316346103,3674523
2021-11-09,1865.2408447265625,1884.9143566617367,1852.4771243457444,1855.5480647151035,3550645
2021-11-10,1871.5267333984375,1875.221491310295,1854.1084550724106,1854.7801866386171,3208195
2021-11-11,1853.820556640625,1901.8527623266878,1848.0145417970675,1869.3194684829502,7061537
2021-11-12,1880.931640625,1885.7780891895882,1850.3657443903007,1861.7860015408658,2026320
2021-11-15,1868.5517578125,1894.895022355158,1864.6649928772206,1882.1792163049145,1127678
2021-11-16,1876.46923828125,1900.125343390236,1865.624767618161,1871.382868752785,2279531
2021-11-17,1874.165771484375,1899.117540366253,1865.1927549508553,1870.4229827223223,2166686
2021-11-18,1820.51953125,1875.221488699262,1816.6807973939115,1874.1658603186097,1883794
2021-11-22,1789.329833984375,1823.3985972487596,1763.7542460195082,1821.7191511723463,2407464
2021-11-23,1810.298828125,1819.1758999180827,1770.136099712554,1775.414358616549,2028470
2021-11-24,1787.4105224609375,1825.7019176202093,1771.5277136434165,1817.6405527736997,1361828
2021-11-25,1775.3184814453125,1791.585069465147,1764.0901145135922,1780.2128437314595,1930012
2021-11-26,1706.4613037109375,1767.4971531973304,1697.2962790786005,1746.624036280245,2796595
2021-11-29,1696.0006103515625,1717.8814403012275,1665.1947944307701,1706.3172076418607,2111420
2021-11-30,1693.6014404296875,1726.3746550710619,1680.6937443376653,1696.0006491567449,3385628
2021-12-01,1713.9947509765625,1721.6722190660432,1691.0103777432262,1692.8817137304907,1359786
2021-12-02,1717.065673828125,1721.6722014943448,1691.922012951243,1713.9467024486062,2813690
2021-12-03,1728.6300048828125,1770.4242705974043,1724.1195390301064,1727.3823694007253,3612772
2021-12-06,1710.7796630859375,1747.5834986194034,1706.3171117766608,1726.4704634905584,1566109
2021-12-07,1725.606689453125,1737.0269452856019,1700.6549211783042,1718.0251672013899,2097201
2021-12-08,1751.470458984375,1766.7773643033388,1729.3497069389553,1729.3497069389553,3433206
2021-12-09,1804.0130615234375,1808.1876612523988,1754.253379119209,1761.0191945463573,3791595
2021-12-10,1797.87109375,1814.617523978683,1786.0190259454105,1804.0130915846248,1771926
2021-12-13,1786.4508056640625,1819.7998067367598,1780.2608940511213,1817.3525669927433,1857829
2021-12-14,1790.4814453125,1798.446865160751,1771.767617206505,1775.414461337988,1685243
2021-12-15,1804.9727783203125,1822.1990503302482,1788.5141828230405,1790.7694156240912,2176709
2021-12-16,1798.350830078125,1831.0760121057997,1791.0572593296974,1815.7210769938015,2469902
2021-12-17,1772.6312255859375,1799.1184646069453,1757.8520774553697,1791.2491074050242,2352938
2021-12-20,1726.8065185546875,1755.8849760748226,1700.0793559482438,1747.5836901957393,2488158
2021-12-21,1753.8695068359375,1777.525609767241,1739.4262242932973,1744.6085382671702,2077840
2021-12-22,1795.567626953125,1803.772966816647,1753.8694304181636,1753.8694304181636,1692505
2021-12-23,1802.7174072265625,1811.7384554738228,1787.0266055748543,1807.0840139711684,1677127
2021-12-24,1784.4354248046875,1812.6021105447307,1775.414376972999,1812.6021105447307,1203991
2021-12-27,1790.9613037109375,1800.030383089792,1771.3838539986514,1784.435526189797,1139744
2021-12-28,1822.918701171875,1832.0356938863433,1796.6233513866891,1796.6233513866891,1916098
2021-12-29,1818.4561767578125,1831.9876900843246,1813.8497664492443,1818.6001527062683,1287946
2021-12-30,1809.675048828125,1825.0299841471062,1805.0686385217464,1816.0090533662924,1805349
2021-12-31,1819.4638671875,1830.2122749142147,1811.2106129885378,1811.258526871483,1145546
2022-01-03,1845.3272705078125,1859.338625236238,1817.3045610509616,1818.6001102591058,1906676
2022-01-04,1859.4346923828125,1864.6649202610063,1837.3619733061253,1845.3272755531807,1643920
2022-01-05,1870.0391845703125,1872.3424483260624,1849.9338627510097,1862.457661734197,1711667
2022-01-06,1846.910888671875,1874.2618683170547,1842.2084161101238,1866.1045585983168,1372015
2022-01-07,1828.10107421875,1856.9394923415327,1820.6635272905046,1851.2774535604094,1447123
2022-01-10,1874.3577880859375,1880.9315965177607,1830.3563237997737,1832.9954533792463,2397846
2022-01-11,1882.0831298828125,1890.5763045725685,1859.5305699044088,1870.4229531025055,2232435
2022-01-12,1894.6070556640625,1904.012000509997,1881.2675491779653,1898.7337414360024,1585970
2022-01-13,1937.025146484375,1947.1977678744495,1895.9027330716533,1895.9027330716533,2373324
2022-01-14,1962.3128662109375,1967.303173626631,1926.0848135397246,1932.802598141009,3124945
2022-01-17,1985.9688720703125,1988.4161117696958,1959.6736388044635,1962.3127683376233,1858651
2022-01-18,1940.6717529296875,1994.7500070276271,1929.49153487568,1991.9667845484041,1460676
2022-01-19,1939.424560546875,1945.2786069258066,1906.891263917897,1938.4648769716773,2336679
2022-01-20,1922.725830078125,1952.9558593506285,1904.1079473503664,1938.5606073161032,2031107
2022-01-21,1877.18896484375,1914.376700623453,1864.7130792918497,1902.2366808681768,2209132
2022-01-24,1823.3026123046875,1880.0198808389705,1805.6924444055185,1876.1811470342968,2307120
2022-01-25,1847.6787109375,1853.4368120045897,1775.5104406073233,1818.6002536891508,2998042
2022-01-27,1833.8111572265625,1844.511651475247,1791.7290599918242,1837.362056397492,2932713
2022-01-28,1821.047607421875,1869.4635967302102,1815.0495851017704,1838.8496673786215,2233620
2022-01-31,1832.2275390625,1846.4309005415928,1775.8461381234051,1813.9935540779416,3161064
2022-02-01,1910.25,1919.2710482978964,1839.7132629992464,1850.8935991645128,5392787
2022-02-02,1902.764404296875,1927.044443396425,1891.1522575249064,1914.6645029747133,3579380
2022-02-03,1855.6920166015625,1904.9717407214348,1852.189148409254,1901.6128484833869,2262217
2022-02-04,1869.4154052734375,1878.8683813578405,1845.759300992026,1869.463436307426,1440816
2022-02-07,1808.5235595703125,1868.983620198028,1798.9747555846877,1854.5883676676197,2641464
2022-02-08,1799.982177734375,1820.4713950781459,1773.4949390868744,1813.8016422479398,2040523
2022-02-09,1812.650146484375,1823.302609345283,1799.9822546601977,1808.5234607915054,1390810
2022-02-10,1824.3582763671875,1833.9551110666466,1805.164606968269,1815.721125137674,1288856
2022-02-11,1795.8077392578125,1812.8421212868445,1775.4144649977036,1812.8421212868445,1744894
2022-02-14,1726.470703125,1772.4874823993282,1722.631968932393,1768.9367001307148,2290199
2022-02-15,1800.414306640625,1806.1243766999758,1733.3324054577547,1737.0271635637387,2602134
2022-02-16,1785.6829833984375,1811.2106573856308,1767.8809253428915,1800.4142183624663,1898439
2022-02-17,1793.3604736328125,1808.9074163104085,1779.3491182435191,1793.648425536585,1459905
2022-02-18,1807.179931640625,1819.5598719204893,1789.9536600924837,1794.6081015249551,1912482
2022-02-21,1788.802001953125,1807.9477579495776,1774.3108046221096,1799.3585203881364,1262585
2022-02-22,1770.088134765625,1780.2128422644635,1727.9100929903864,1739.906136401872,2288298
2022-02-23,1746.9119873046875,1777.3339085339774,1742.929277200823,1774.454857926201,1583872
2022-02-24,1686.499755859375,1727.4302800924493,1680.405789134377,1711.3555816527,3616355
2022-02-25,1705.405517578125,1726.1825705015399,1693.84128517391,1710.1559037846503,2476882
2022-02-28,1743.5048828125,1748.7831417118912,1682.1331739236682,1693.7453200725572,2553662
2022-03-02,1712.55517578125,1753.293692783803,1697.2002400499528,1727.4302697709443,3152628
2022-03-03,1681.6533203125,1740.4339303672814,1675.1754571636056,1737.0270073331353,2259979
2022-03-04,1642.73828125,1683.3329413982137,1634.3410503687746,1669.8493409522418,3906819
2022-03-07,1568.5545654296875,1599.6004187055405,1540.8198074890975,1591.395078361906,6318251
2022-03-08,1591.635009765625,1598.8326356765338,1530.6951103865974,1562.268719478889,4421730
2022-03-09,1622.776611328125,1631.269903205025,1583.5256536737932,1608.9092329469368,3306502
2022-03-10,1658.52490234375,1687.1235162014757,1638.1796599294194,1669.8492139878088,2776325
2022-03-11,1658.9569091796875,1665.4826867040376,1637.0281645885275,1650.6556234575262,1577597
2022-03-14,1676.3271484375,1683.284853790969,1646.3370391553062,1665.050867347395,1558334
2022-03-15,1673.16015625,1693.8413825967757,1656.9895126561155,1677.526763047685,2062332
2022-03-16,1685.3958740234375,1699.2633688980777,1675.7990404003708,1690.0024010220486,2101909
2022-03-17,1715.8182373046875,1731.8449056818476,1697.152322024109,1709.3403733617065,3383036
2022-03-21,1685.4921875,1732.2287273563852,1674.6477170287492,1732.2287273563852,2301462
2022-03-22,1702.526611328125,1705.3576308788718,1651.7593292188396,1685.4922286899146,3986030
2022-03-23,1696.0006103515625,1719.320965504525,1688.2271976835286,1708.2365745795905,1574226
2022-03-24,1700.1273193359375,1707.9486459948682,1680.4057769219967,1684.2445108498596,1580887
2022-03-25,1680.5018310546875,1706.221396902405,1668.889683598012,1704.0140778908872,1483897
2022-03-28,1671.3846435546875,1684.24442498721,1655.5498669095084,1681.3653746880866,1799629
2022-03-29,1676.231201171875,1683.3807963551992,1663.1314980259715,1678.1984820487153,2071779
2022-03-30,1702.0946044921875,1705.405582802666,1683.380776546496,1695.66477200629,1712835
2022-03-31,1696.384521484375,1709.5321382592306,1687.1235525019044,1708.1885579617094,1401916
2022-04-01,1717.9293212890625,1721.672110175738,1688.0831894086527,1688.0831894086527,2050573
2022-04-04,1752.7177734375,1756.0766653744429,1704.9735237623847,1712.075204430263,1955281
2022-04-05,1762.02685546875,1770.6159755366061,1753.341673336249,1765.8175582587292,1718581
2022-04-06,1778.1015625,1783.0918696351291,1754.013413922009,1759.0997831222776,2245496
2022-04-07,1752.669921875,1781.0284973759206,1737.1710108136785,1775.3184277396294,2003954
2022-04-08,1756.9405517578125,1764.761995641949,1744.7526182774295,1761.4031034222835,1903321
2022-04-11,1709.676025390625,1755.9807507485243,1707.276816822858,1746.8637581910104,2262446
2022-04-12,1677.23876953125,1709.6761179837508,1663.707255905973,1708.2365927651285,4215141
2022-04-13,1689.8106689453125,1701.374784251257,1676.6629353651208,1683.4766644437593,1673417
2022-04-18,1668.2657470703125,1679.39805196211,1645.8571613355455,1675.895300993809,1808707
2022-04-19,1636.9801025390625,1689.7626941495848,1618.9860372172934,1677.8146816354754,2737766
2022-04-20,1623.400634765625,1643.3620990349998,1603.9670432969226,1641.0108040988482,3832617
2022-04-21,1645.37744140625,1656.2219123473908,1631.4620299741177,1634.2930495783482,1797489
2022-04-22,1626.0396728515625,1647.200740340259,1622.2489699838895,1632.421591391714,1474689
2022-04-25,1590.531494140625,1607.4699320785703,1585.397210623163,1607.4699320785703,1964344
2022-04-26,1631.413818359375,1634.4368446277238,1596.9132455215033,1612.2681805745947,2440990
2022-04-27,1609.437255859375,1623.4005804544947,1599.5044379441365,1607.469857830544,1346726
2022-04-28,1649.9359130859375,1661.212194591687,1612.2683344390723,1621.8651697631144,3117433
2022-04-29,1626.0396728515625,1668.8895634510234,1619.1299986893434,1661.2120956490635,2404830
2022-05-02,1611.7403564453125,1617.978298998816,1588.3241735020188,1601.3278142280826,1399802
2022-05-04,1568.07470703125,1614.0915981835428,1559.5336181501166,1611.7883345020268,1777673
2022-05-05,1571.625732421875,1603.8230440741695,1567.1631806454993,1584.1495320085035,1707752
2022-05-06,1557.0384521484375,1567.163159961809,1547.1057513249314,1550.8485404153603,1439520
2022-05-09,1550.9925537109375,1564.1401711553547,1527.0964104878274,1542.7392988185145,1400010
2022-05-10,1543.123046875,1563.9002182131985,1536.4532933667144,1546.0501284283428,1176030
2022-05-11,1507.4708251953125,1544.1306864923934,1494.5630123744102,1535.9733770858145,2988788
2022-05-12,1464.6209716796875,1492.2597857134033,1452.0970553612678,1487.509399329927,3407191
2022-05-13,1472.6343994140625,1511.40563805161,1441.4446842097893,1468.3158234627017,4328846
2022-05-16,1480.6956787109375,1504.303869112208,1477.384700384339,1487.5094080535391,1775914
2022-05-17,1539.42822265625,1543.0750666825088,1482.7109533089608,1482.7109533089608,1608711
2022-05-18,1509.1024169921875,1557.5664373789,1501.9047902020816,1557.5664373789,2984009
2022-05-19,1485.5419921875,1499.7453545145315,1478.2484211880223,1487.5093901759872,1798843
2022-05-20,1545.186279296875,1548.4011953827448,1498.1138769765737,1506.1272102499681,2175224
2022-05-23,1577.8636474609375,1593.0746074821234,1540.867801734864,1563.324419029144,4177811
2022-05-24,1560.7332763671875,1587.02850976395,1545.1863338414914,1578.4874205877443,1970395
2022-05-25,1511.261474609375,1573.592866248565,1507.758606675826,1567.1630341559671,1417130
2022-05-26,1501.472900390625,1524.8411707088824,1474.6977067115677,1511.501546330541,3578710
2022-05-27,1535.781494140625,1541.2516430253177,1510.5417721804795,1511.6933454776167,1279218
2022-05-30,1593.890380859375,1596.6254555132475,1548.5453336831326,1554.6873317568843,2119326
2022-05-31,1587.7962646484375,1606.8939886925966,1578.6792718928255,1593.5543653361924,3534742
2022-06-01,1581.558349609375,1594.0342346487694,1572.3933256631988,1586.884639697276,1425466
2022-06-02,1571.1458740234375,1582.9499108484952,1558.2380605887224,1566.20348054171,1852251
2022-06-03,1585.4451904296875,1606.2222447135566,1578.6313437858357,1591.1072294227183,2928263
2022-06-06,1574.07275390625,1595.2818519522025,1568.2187082684256,1585.541041467332,1538005
2022-06-07,1525.368896484375,1572.3454742301633,1522.1539801801507,1564.2841093778297,2157491
2022-06-08,1520.66650390625,1542.9791447988289,1506.79900734176,1530.6951494048749,2122442
2022-06-09,1530.7911376953125,1535.4936103066498,1493.459425864959,1493.459425864959,1361104
2022-06-10,1521.1943359375,1530.2153845253408,1505.7914856111847,1506.7031381027189,1337799
2022-06-13,1470.2830810546875,1502.8162563928865,1457.0874335756996,1497.2501626547016,2460367
2022-06-14,1482.3751220703125,1491.6360911524214,1463.7092079532288,1470.283133560247,1983405
2022-06-15,1497.442138671875,1503.8240574315266,1477.000950235418,1485.542039739772,1461683
2022-06-16,1465.820556640625,1511.5014664181572,1455.5999042474539,1505.1675789410342,2329325
2022-06-17,1429.88037109375,1468.2677107481893,1421.6751475319318,1460.6382738514149,4548572
2022-06-20,1412.462158203125,1437.461841956818,1397.6349785101822,1429.9283502527082,1837431
2022-06-21,1439.813232421875,1454.11242315581,1417.3566146162045,1420.3316100994773,1458922
2022-06-22,1419.132080078125,1430.840172780336,1408.815481693787,1429.928520247781,1906619
2022-06-23,1434.05517578125,1450.8016068710317,1421.7711794803595,1421.7711794803595,1828491
2022-06-24,1434.5828857421875,1451.0414815319295,1428.9687605827005,1441.2047254567296,1731440
2022-06-27,1473.8819580078125,1482.4230473914818,1448.8821561115353,1462.557645910899,2389778
2022-06-28,1488.9488525390625,1494.7069531611924,1462.6535029348984,1468.3156586430973,2072405
2022-06-29,1485.4940185546875,1491.3480641024094,1463.9011411786873,1469.515265866676,1480197
2022-06-30,1495.4267578125,1503.7280432060636,1479.9278464387703,1486.5977168030404,3308971
2022-07-01,1508.7664794921875,1512.461237639134,1472.7303162155404,1498.0179537069541,1294305
2022-07-04,1517.931396484375,1523.449576796209,1487.7013652108508,1508.7184580022176,1269969
2022-07-05,1501.8087158203125,1532.8544532690842,1498.641713446109,1520.1386470359864,1445200
2022-07-06,1493.411376953125,1526.3764789891043,1489.2367775073205,1502.4324245278174,2422594
2022-07-07,1546.14599609375,1549.073077500837,1502.52842977761,1502.7683506421629,1697912
2022-07-08,1619.4178466796875,1633.3812882181835,1552.7678756386726,1555.646926087941,6516138
2022-07-11,1595.95361328125,1620.7614075925003,1586.740675383602,1617.0186186234635,1316037
2022-07-12,1587.0765380859375,1605.4544999612704,1582.5660726376943,1588.276142423115,781516
2022-07-13,1580.838623046875,1615.3872285589027,1578.1035485402788,1596.9133214448323,1914814
2022-07-14,1579.7830810546875,1600.1283252206526,1568.698689320391,1585.2532303670937,1170472
2022-07-15,1616.922607421875,1619.80165771867,1582.7098696318574,1587.2204520528167,1345141
2022-07-18,1657.9971923828125,1664.6669457282994,1621.8650858279382,1627.6712177580507,3200640
2022-07-19,1660.060546875,1665.002823126472,1644.8975008824657,1650.6075707850268,1351783
2022-07-20,1669.80126953125,1676.4231091529232,1658.2850674583804,1670.1851663634523,1509911
2022-07-21,1715.678466796875,1719.3718936578289,1667.03116212086,1678.5004930001353,2827327
2022-07-22,1718.2054443359375,1729.674774354274,1703.4315007029827,1716.0185048649967,1495629
2022-07-25,1732.4935302734375,1735.4580959030477,1710.7214261738022,1715.5326459080813,1916615
2022-07-26,1702.1680908203125,1730.8413006299909,1693.0801650002802,1730.8413006299909,1585897
2022-07-27,1746.295654296875,1768.5052179427084,1700.9530812859246,1704.8409740431496,5369460
2022-07-28,1750.7666015625,1765.103205239417,1736.8673383347445,1754.4115008023941,1831059
2022-07-29,1757.3760986328125,1781.1407946543866,1743.7198284365454,1764.0826184383156,1747781
2022-08-01,1763.839599609375,1766.9013387126752,1740.1235500482805,1757.32742706825,1341943
2022-08-02,1742.7965087890625,1760.8751856982317,1725.9326796716186,1758.2994331139398,1749346
2022-08-03,1739.6375732421875,1753.4395443690587,1723.3083770323399,1742.7964859468436,1264299
2022-08-04,1730.2093505859375,1763.936889495592,1725.2523113366983,1743.5254536994958,1856927
2022-08-05,1737.353515625,1756.3556398746414,1725.544135710572,1732.979636056967,1430542
2022-08-08,1778.37060546875,1780.7033646376751,1740.0748416134963,1746.052499906036,2625195
2022-08-10,1803.156005859375,1814.673863911755,1771.1780656203512,1778.7108575032198,3422074
2022-08-11,1814.8197021484375,1826.1432131468564,1803.2045517435606,1817.638448030951,1918049
2022-08-12,1794.6998291015625,1816.617871750042,1786.4867031977406,1812.729979033616,1041383
2022-08-16,1797.0811767578125,1811.757947560274,1790.3745383079531,1807.870054968943,1426893
2022-08-17,1803.6905517578125,1815.0140628405834,1798.198998304173,1809.2793974470403,1748371
2022-08-18,1841.451904296875,1845.3397971618556,1798.150450053524,1804.95426256724,2519639
2022-08-19,1881.7886962890625,1887.571889169579,1839.702210723852,1841.0143507686928,4134598
2022-08-22,1827.94140625,1889.5158841992084,1822.449733988434,1882.8092454483167,3175874
2022-08-23,1824.4422607421875,1858.3640289824457,1813.4102704974193,1817.589802529708,1811509
2022-08-24,1840.2852783203125,1844.8049770465773,1799.705400663993,1823.4215684612113,1534933
2022-08-25,1825.268310546875,1864.2444081767544,1820.505618620991,1846.748892354449,1121363
2022-08-26,1851.9976806640625,1858.412679782872,1834.3076979829652,1837.223617459612,1119310
2022-08-29,1828.7674560546875,1837.0292277137173,1808.84200675938,1817.589764986588,1183546
2022-08-30,1868.618408203125,1873.9642606063069,1836.203126906372,1840.8199994363927,1394462
2022-09-01,1859.3360595703125,1876.3942364522336,1839.0704423625305,1851.60892019762,2014905
2022-09-02,1886.114013671875,1903.9011708713629,1846.9920919762847,1847.2350852787417,3201140
2022-09-05,1913.183349609375,1917.4600552518018,1887.6690541079888,1893.355073375627,2474746
2022-09-06,1907.3031005859375,1929.464018853395,1896.6113951462037,1918.4807926365681,1172733
2022-09-07,1903.2205810546875,1906.3794937586094,1879.7960521184943,1886.6970376803263,1238549
2022-09-08,1919.0638427734375,1921.5909492753467,1892.9663869948834,1912.7460171941304,1632797
2022-09-09,1895.104736328125,1931.6995508376567,1889.5158904587126,1921.93117277149,980869
2022-09-12,1906.9141845703125,1911.8712240039051,1893.306560200178,1895.1046868335607,791708
2022-09-13,1935.538818359375,1939.0865442880122,1908.0805753136926,1913.7180673632317,1761021
2022-09-14,1899.1383056640625,1917.654322437595,1894.7644266176915,1909.5870167192818,2322752
2022-09-15,1902.637451171875,1929.0750735318522,1900.013171112644,1904.1925844902735,1566565
2022-09-16,1866.1884765625,1902.054310076249,1861.3286107381184,1892.43175201416,3881617
2022-09-19,1857.149169921875,1877.8036006903667,1851.6089700694856,1867.2577150630927,1755456
2022-09-20,1878.532470703125,1900.9851455207381,1871.0483248632986,1876.8801637979375,1666658
2022-09-21,1842.5208740234375,1891.7513364246145,1838.5843354163487,1867.2575425398484,1618385
2022-09-22,1835.2796630859375,1852.1920197060658,1820.5057185954038,1829.253476986946,1875115
2022-09-23,1804.8082275390625,1842.3263654803486,1800.6288143972622,1837.0291595434057,1948766
2022-09-26,1799.5595703125,1824.199183614921,1767.0471171836791,1797.1782836483073,1529101
2022-09-27,1789.596923828125,1811.7579592007219,1781.1408048472763,1803.9821739681008,1443698
2022-09-28,1784.0081787109375,1803.982275612287,1774.4342663336504,1778.4193327600913,1853503
2022-09-29,1764.6171875,1805.342884684095,1747.0244978760531,1792.950227487386,2377718
2022-09-30,1795.914794921875,1830.1768494729101,1765.1519387336052,1772.8304319264964,2339518
2022-10-03,1768.3109130859375,1800.0943896773058,1763.1594075996936,1800.0943896773058,1850414
2022-10-04,1819.0963134765625,1828.2327657511155,1783.8622883940834,1783.8622883940834,1637532
2022-10-06,1859.3360595703125,1865.2165448079961,1825.4628177521543,1829.2535369091447,2771898
2022-10-07,1870.611083984375,1874.8876711781863,1849.7136600227827,1851.6089603178095,1469264
2022-10-10,1856.128662109375,1863.2726414649894,1830.711538966775,1851.6089629581663,1656954
2022-10-11,1826.2889404296875,1869.8820320262546,1818.8047944798323,1869.8820320262546,1047963
2022-10-12,1857.683837890625,1862.3007107382275,1805.9749094571064,1827.3096744195552,1907748
2022-10-13,1823.5675048828125,1858.412719646368,1815.8888930331207,1847.721014669323,1303645
2022-10-14,1858.0238037109375,1882.4689515567445,1845.2423333757442,1846.7489391804904,1819114
2022-10-17,1830.4197998046875,1860.3566204672352,1825.7543998456204,1849.5677421661258,2588147
2022-10-18,1864.3416748046875,1877.0744993365927,1840.0423460609502,1840.0423460609502,1401849
2022-10-19,1851.51171875,1892.4317655542561,1848.3528059415503,1866.1884899148288,1636141
2022-10-20,1850.78271484375,1864.05017219681,1833.4330176816254,1845.4368624680828,1374019
2022-10-21,1824.150634765625,1871.0483399087937,1814.7710700071777,1860.064995700611,2225676
2022-10-24,1856.2257080078125,1866.0912591293152,1846.7489698729382,1852.5808087251687,269400
2022-10-25,1894.472900390625,1899.8673989963554,1838.5359151011116,1861.3286387002413,2136147
2022-10-27,1909.00390625,1916.585225604877,1895.2504624942792,1897.3887559574089,2245395
2022-10-28,1919.6956787109375,1930.3387375839095,1908.7609804240194,1916.7311130490784,2013794
2022-10-31,1966.3988037109375,1977.6251407543402,1922.7571867073916,1930.3386245352822,3176507
2022-11-01,1967.7110595703125,1998.3768609022488,1934.275277050348,1975.0495045493044,4464211
2022-11-02,1956.87353515625,1984.7691163147608,1943.9462451662691,1979.4232641405536,1889651
2022-11-03,1952.4024658203125,1965.8157430719764,1937.1425344585657,1949.778185711933,1052241
2022-11-04,1958.623046875,1972.473664093063,1948.5631486253778,1953.6660076004537,2312753
2022-11-07,1961.1016845703125,1975.0494757900992,1937.1425222685373,1964.7465839473857,1395070
2022-11-09,1947.34814453125,1979.8605979124388,1940.3013394162754,1968.2942127119375,1301233
2022-11-10,1922.2227783203125,1945.7444817575017,1914.9815069580902,1939.0864892210677,1261210
2022-11-11,1954.7352294921875,1962.2194941328792,1936.1219194517967,1947.4454306760347,1203125
2022-11-14,1943.751953125,1965.232536013451,1939.3294278322016,1956.6305973644571,1175155
2022-11-15,1940.593017578125,1960.4698208053956,1922.6600419792367,1946.8621968632658,1450841
2022-11-16,1947.4454345703125,1953.5202669292544,1929.415403318415,1930.3387303773463,1195832
2022-11-17,1972.668212890625,2001.2927755524245,1945.0155047587518,1945.8903043496618,3786182
2022-11-18,1967.7110595703125,1993.4683488766889,1950.6043553079674,1981.8533168189133,1248459
2022-11-21,1955.0753173828125,1976.0213859279013,1950.7500843862754,1962.413762020872,714687
2022-11-22,1972.9111328125,1976.1672191112277,1962.9969355660112,1964.892354384004,1337869
2022-11-23,1968.2457275390625,1986.7132183159722,1961.4419151475695,1981.8047062024805,1046988
2022-11-24,1994.683349609375,2002.264788013911,1971.550458684871,1973.5915786709932,1611889
2022-11-25,2004.9376220703125,2037.0613822481182,2000.7580900512858,2003.236669051952,2652761
2022-11-28,2006.5899658203125,2013.9284107224858,1994.4889472985235,2006.4929108820752,1105372
2022-11-29,1993.0797119140625,2013.9284897952184,1981.464560872759,2011.9845433764972,1413764
2022-11-30,2016.69873046875,2027.536136952665,1987.685234932023,1995.4610206921482,2104550
2022-12-01,2045.2742919921875,2050.8631370338676,2021.1693128745374,2026.8068040283754,2614357
2022-12-02,2027.0498046875,2040.0741486955221,2011.1579503308838,2037.3528139820432,1957264
2022-12-05,2027.1473388671875,2038.0333909147603,2010.8667882649013,2037.2071188007624,1767537
2022-12-06,2034.8258056640625,2041.1436311891716,2009.0685169847704,2022.6761411926982,1530731
2022-12-07,2064.47119140625,2083.910656485405,2037.547579731252,2037.547579731252,3438327
2022-12-08,2106.9462890625,2114.041740986129,2060.5832142025715,2060.5832142025715,3743754
2022-12-09,2093.678955078125,2132.849523174242,2077.592750880682,2107.237933992664,2573609
2022-12-12,2103.058349609375,2108.2098549903726,2074.7254259611036,2088.6730988976224,1536090
2022-12-13,2112.000244140625,2114.7218162674526,2092.1720879131003,2109.1816170831257,1233124
2022-12-14,2133.91845703125,2148.0607141701425,2114.0902992043193,2115.9369533153463,1516631
2022-12-15,2116.520263671875,2147.088772984709,2112.681017037665,2135.1334553088236,1323412
2022-12-16,2114.04150390625,2149.615814477438,2100.4338804328304,2100.4338804328304,2822390
2022-12-19,2122.789306640625,2126.1425664648414,2094.650732109753,2110.1536560058594,1592779
2022-12-20,2102.62109375,2118.8043531406606,2078.0787696463653,2118.8043531406606,1747181
2022-12-21,2086.14599609375,2113.9929316121666,2082.7927362231853,2092.7554608998385,1979681
2022-12-22,2050.814697265625,2088.138608547772,2038.1304002177787,2083.910430432446,1993744
2022-12-23,2004.9376220703125,2045.177215699701,1992.642256599703,2035.797769689138,2026125
2022-12-26,2032.4444580078125,2048.919355077869,1993.5168867479647,1995.2178397230057,1154610
2022-12-27,2064.568359375,2068.3589599179986,2026.5641125136403,2042.6503163579696,1059351
2022-12-28,2061.652099609375,2076.1344029126985,2054.410710659609,2069.330591667198,1153883
2022-12-29,2051.73828125,2061.117965686803,2035.4577289733243,2050.5233146621886,1517150
2022-12-30,2027.3416748046875,2073.2187607282644,2022.7734483892923,2055.7232437600933,1189427
2023-01-02,2030.88916015625,2038.810883354032,2016.8928423402485,2034.2424199144461,807344
2023-01-03,2030.4033203125,2038.0334046699954,2009.9918835987373,2029.4799932541243,1260225
2023-01-04,2012.5191650390625,2042.55304212396,2000.3208538690078,2032.3473234817711,1015547
2023-01-05,2028.8482666015625,2040.366006146861,2010.5264776510194,2021.704168969843,1881403
2023-01-06,2028.0706787109375,2062.235440942713,2013.7827204772466,2031.6182858856014,1877917
2023-01-09,2062.2353515625,2067.6784960337727,2041.8725618587598,2048.919367082359,1844365
2023-01-10,2047.607177734375,2072.1495002058364,2038.422078764089,2072.1495002058364,1425414
2023-01-11,2065.783203125,2080.022514673019,2038.3249619850405,2047.0727202243197,1455621
2023-01-12,2099.218994140625,2103.981567618775,2058.73640768196,2058.73640768196,2726901
2023-01-13,2093.046875,2104.17615734597,2057.8614946194307,2101.3086467304324,2180210
2023-01-16,2077.301025390625,2100.434034451336,2072.5384517449515,2086.826409980111,1009649
2023-01-17,2151.073974609375,2155.6422011701447,2076.523440650743,2079.9253468361458,4645453
2023-01-18,2202.97705078125,2211.0444750427646,2138.3408390552613,2158.7522743371524,4090049
2023-01-19,2209.39208984375,2219.7921542778813,2178.1916592432426,2196.51344661083,2176835
2023-01-20,2186.89111328125,2233.254188720947,2175.713421177639,2218.480243139282,1962410
2023-01-23,2170.902099609375,2209.5866796700566,2164.5842739333234,2191.7995229993912,1466706
2023-01-24,2145.630859375,2189.1753066081287,2138.3410603057755,2181.7882152987227,1036962
2023-01-25,2113.75,2143.200834436234,2094.602176058995,2139.312941766055,2134447
2023-01-27,2099.316162109375,2133.480921120602,2067.484043582405,2113.7498200396813,1647900
2023-01-30,2053.681884765625,2112.3405567467235,2025.3976097045672,2069.719441045998,3441304
2023-01-31,2064.85986328125,2072.975934782594,2014.560247937211,2060.5346298079153,4516463
2023-02-01,2085.4169921875,2153.8438054777257,2021.9957455870974,2073.2186819717817,6868872
2023-02-02,2084.78515625,2106.217212096164,2048.7737401601116,2075.7459956125554,3488506
2023-02-03,2105.82861328125,2120.699850908229,2071.323564200145,2115.9370397829343,2045634
2023-02-06,2095.67138671875,2120.456701843692,2082.2581098973906,2103.5928729080574,1332484
2023-02-07,2104.613525390625,2111.1256980862368,2089.7909347387763,2101.6489598006283,1089248
2023-02-08,2071.129150390625,2114.2846647648103,2065.9776450648883,2099.996706444853,1452145
2023-02-09,2087.215087890625,2091.637613268565,2075.8430492745906,2089.7423130489155,1563181
2023-02-10,2103.2041015625,2109.1329951336807,2077.641161400185,2080.216795213337,1454665
2023-02-13,2141.548583984375,2148.4494512770393,2099.656444439231,2112.0977487715127,2978938
2023-02-14,2130.224853515625,2153.892494573353,2120.991108615604,2152.9205214259823,1874906
2023-02-15,2114.090576171875,2126.5318818864994,2096.7894039513953,2124.733636360065,1946344
2023-02-16,2117.2490234375,2140.5763775317337,2110.833906142339,2125.5107946792077,2464602
2023-02-17,2163.95263671875,2185.967734860672,2099.462119741686,2108.9875045964395,3753179
2023-02-20,2163.126220703125,2188.8835088849414,2152.920502744292,2171.096352982778,1779752
2023-02-21,2166.965576171875,2198.603350895719,2160.40475715395,2176.247967575382,1882604
2023-02-22,2133.238037109375,2178.1917945834875,2120.894025759893,2166.5281169685827,2103097
2023-02-23,2098.635986328125,2146.3113225750967,2093.144432284118,2142.229082309819,2000556
2023-02-24,2074.2392578125,2111.4172291796176,2059.3680218060285,2099.4619124960573,1479060
2023-02-27,2054.459716796875,2079.925367318757,2023.7455058850846,2074.2394664460476,1398112
2023-02-28,2050.037109375,2078.370269559717,2026.564052321324,2055.7232473187532,2108587
2023-03-01,2056.0146484375,2070.3026048706474,2041.143413252751,2041.143413252751,1389077
2023-03-02,2062.138427734375,2088.770398387862,2048.482156869744,2070.2542615428033,1727640
2023-03-03,2091.734619140625,2099.364465092747,2072.489505572278,2080.0222965996836,1821066
2023-03-06,2081.140380859375,2123.6158007338704,2079.8283593813194,2097.7612179666257,1821012
2023-03-08,2109.959228515625,2128.232370043727,2080.605688695033,2091.686086987523,2965342
2023-03-09,2131.7314453125,2137.3689369897434,2110.6396756131094,2113.992935489825,1873933
2023-03-10,2097.372314453125,2120.8453706341556,2073.2186872422794,2110.639652764468,1900535
2023-03-13,2074.045166015625,2117.881016188435,2047.9475899430795,2103.39871002077,2334468
2023-03-14,2084.104736328125,2110.153663652274,2074.5793522016215,2084.2506746763925,2871343
2023-03-15,2115.645263671875,2150.4419499285345,2099.462005631055,2103.5442454046,3044201
2023-03-16,2112.680908203125,2125.7052533363226,2072.2467307329857,2123.6640148267616,2946792
2023-03-17,2134.2099609375,2166.430774685029,2125.4135568131896,2125.4135568131896,3286473
2023-03-20,2116.520263671875,2143.2008802314544,2091.6863012508347,2129.6905478331523,1996773
2023-03-21,2146.55419921875,2164.5843498167274,2120.8455551414904,2121.5258889323645,3178680
2023-03-22,2151.89990234375,2183.2946824661053,2146.0194173420336,2157.29440077174,1956033
2023-03-23,2144.804443359375,2179.163788920165,2138.875549559657,2151.948540887264,2455799
2023-03-24,2105.439697265625,2157.1488624494514,2092.7069904523432,2144.172925032826,1449544
2023-03-27,2093.630126953125,2128.621159715573,2089.742234423964,2114.0902088474595,1540581
2023-03-28,2073.802001953125,2108.9873824249885,2062.9643589820885,2106.9947900134407,1627243
2023-03-29,2087.263671875,2098.781648502378,2061.5550297835766,2077.738287644097,2372385
2023-03-31,2103.544189453125,2115.9368467956247,2090.276851217464,2096.0600438510055,1489542
2023-04-03,2109.32763671875,2122.3035744218596,2094.6023370181397,2118.9016680740347,1231654
2023-04-05,2194.472412109375,2199.089284640665,2104.321901103664,2109.181766926074,2763363
2023-04-06,2210.509765625,2227.4220022092723,2191.2646512820643,2194.4722098889056,2389899
2023-04-10,2244.96630859375,2254.8803871382565,2214.2034537060617,2220.8613273201554,1955914
2023-04-11,2236.996337890625,2264.6975743146454,2223.194365798637,2254.977842236042,1342440
2023-04-12,2224.360595703125,2247.882298916871,2217.9941239909936,2239.4261798121042,1165839
2023-04-13,2195.4443359375,2230.6783623581905,2179.6011262528464,2230.4840151892886,1956668
2023-04-17,2151.948486328125,2210.072526327236,2139.4585368247213,2195.4442834208003,4125850
2023-04-18,2154.4755859375,2167.499930059871,2126.677061421972,2157.7801994317997,2848601
2023-04-19,2157.391845703125,2172.3601383140835,2146.2141537162743,2146.2141537162743,1970015
2023-04-20,2170.173095703125,2188.348946525727,2159.9673774163116,2162.6403036342863,1898996
2023-04-21,2153.114990234375,2180.13589271743,2140.284991423888,2177.3656741716695,1009316
2023-04-24,2166.4306640625,2170.1242091595805,2125.2677472449573,2157.780198725592,1239073
2023-04-25,2184.947021484375,2190.8275065725575,2155.933764985177,2168.5207699701436,1350118
2023-04-26,2212.356689453125,2223.194332939474,2181.1564923208393,2184.8500379157467,1894812
2023-04-27,2240.9814453125,2245.258032359644,2203.560478106506,2211.967951143922,1252989
2023-04-28,2298.133056640625,2302.6042277302213,2247.4934015248787,2247.4934015248787,2884961
2023-05-02,2317.621337890625,2348.627423859294,2306.6866399161695,2306.6866399161695,1840153
2023-05-03,2290.26025390625,2323.015699786715,2282.6788162966945,2317.2811534387065,998235
2023-05-04,2290.843505859375,2314.8998421991737,2277.187472442366,2295.606316846947,1230912
2023-05-05,2310.8662109375,2339.490773325237,2290.940760958859,2290.940760958859,2425866
2023-05-08,2299.105224609375,2318.1559935215105,2288.0734715893173,2310.8175486819723,1583576
2023-05-09,2307.8046875,2334.582359613427,2301.292277150483,2301.292277150483,1417301
2023-05-10,2298.181884765625,2321.9952271241095,2284.136920099533,2320.099926926632,1675409
2023-05-11,2179.3095703125,2249.1945843235953,2174.6442888876654,2235.5383136868804,9470848
2023-05-12,2158.849609375,2172.3599409340413,2135.765247586551,2160.355977884797,5367292
2023-05-15,2183.8779296875,2196.6592814723913,2152.920490469622,2158.6550370374007,2662740
2023-05-16,2164.778564453125,2191.7994656354413,2160.793616894486,2191.410771292498,2528855
2023-05-17,2157.391845703125,2181.107897260315,2148.2551550915055,2162.008718480303,1961004
2023-05-18,2126.871826171875,2170.9509081440533,2119.8736662052443,2167.500355633973,2290757
2023-05-19,2128.669677734375,2137.417435398571,2107.7236105343713,2130.5649777686613,1729803
2023-05-22,2154.4755859375,2159.724145557414,2117.346025099779,2128.6210075475865,1112099
2023-05-23,2136.056884765625,2166.1396462243997,2132.5092773774895,2163.22372651969,2265389
2023-05-24,2123.906982421875,2146.6026498445763,2115.013523233778,2138.3408782694446,2648479
2023-05-25,2142.9091796875,2145.4364048242815,2116.957543759442,2128.6212216864915,1689521
2023-05-26,2156.27392578125,2158.509511629599,2139.3130406829882,2147.088826382881,1249128
2023-05-29,2162.202880859375,2178.969417406607,2157.974702810822,2162.640221309677,1369656
2023-05-30,2148.83837890625,2174.3040290601107,2145.339180498117,2167.500216720629,1716729
2023-05-31,2143.832275390625,2161.6680758820066,2138.3407225451506,2139.409987825667,2809284
2023-06-01,2145.92236328125,2159.7243345210836,2140.430572617023,2154.864468781837,1049488
2023-06-02,2171.922607421875,2174.595533532231,2150.1502669077345,2158.752324036677,1399950
2023-06-05,2204.72705078125,2209.1009305656466,2177.2201593441882,2182.0800257712954,2344944
2023-06-06,2214.10595703125,2216.7788829130077,2200.2553410985056,2205.40684571206,1677680
2023-06-07,2250.603759765625,2253.0336925660627,2214.1547677590556,2214.1547677590556,2128603
2023-06-08,2274.708740234375,2279.3256125544535,2247.930833318294,2252.013072962738,2556995
2023-06-09,2296.772705078125,2302.458843300265,2272.716368027476,2279.2771872231074,2501720
2023-06-12,2274.36865234375,2303.576494597751,2267.710778272007,2298.7166285753933,1172382
2023-06-13,2288.413330078125,2291.81523586622,2261.8786547694767,2280.103150062843,1688768
2023-06-14,2289.04541015625,2293.8566297802727,2274.4171668160334,2286.955525508715,1013564
2023-06-15,2295.1201171875,2303.0902491086276,2283.164800656749,2288.9966392280307,2561534
2023-06-16,2300.46630859375,2313.2963078837265,2286.324050512393,2297.5017427563694,1794542
2023-06-19,2300.02880859375,2352.077782073122,2294.828657208563,2312.3241742902037,3111256
2023-06-20,2315.239990234375,2322.6754897421997,2288.462083106002,2298.6678009470857,1771306
2023-06-21,2327.341064453125,2344.399240716472,2315.2400461801976,2315.2400461801976,1607299
2023-06-22,2348.5302734375,2356.0630658303157,2313.2962445033627,2327.4871483174743,1741775
2023-06-23,2322.57861328125,2358.9789622519193,2316.4551346464305,2351.1545305128802,1212955
2023-06-26,2310.914794921875,2336.4777360570315,2301.5837578244823,2330.888890481583,793572
2023-06-27,2321.12060546875,2329.7710718720296,2305.0830479606784,2320.5373266401093,1012317
2023-06-28,2353.58447265625,2364.7135184074355,2323.06460890131,2332.735694843218,1734938
2023-06-30,2406.168212890625,2413.8953520825203,2347.363836485957,2352.175056186712,2690699
2023-07-03,2385.2705078125,2422.5455318542595,2379.3900234077732,2408.7435620212377,1078456
2023-07-04,2392.85205078125,2414.7698541611435,2389.304206617585,2389.304206617585,1441581
2023-07-05,2401.55126953125,2415.304594472899,2385.562358919369,2392.0258853481737,1191896
2023-07-06,2418.8525390625,2429.88429222369,2398.392456262032,2398.9270889680947,1796824
2023-07-07,2380.70263671875,2433.8208768309673,2376.0857640490426,2413.1664464664873,1837661
2023-07-10,2370.3994140625,2394.310047407556,2352.1749183111224,2381.3341115133267,1178479
2023-07-11,2405.1962890625,2409.5215222701177,2378.612727570397,2378.612727570397,1219658
2023-07-12,2386.145751953125,2416.276923578533,2379.1962379329816,2410.785369475748,1822435
2023-07-13,2381.47998046875,2415.2560483093857,2377.6893800044522,2396.8858502160365,1141663
2023-07-14,2402.960693359375,2407.626212081264,2380.0220314006688,2381.577283407345,845623
2023-07-17,2399.607177734375,2424.1008517924624,2395.9136325855734,2405.6333633465697,878697
2023-07-18,2405.342041015625,2420.164632379931,2398.927160246682,2399.8018412112187,720865
2023-07-19,2424.246826171875,2432.8002376655836,2397.274570268951,2405.2449402301295,1431080
2023-07-20,2419.921630859375,2425.753470064867,2399.8504791797304,2424.10116308294,1045704
2023-07-21,2513.765625,2522.2703902851617,2450.4416675388784,2451.3163484775255,4610417
2023-07-24,2532.23291015625,2564.065029072906,2511.481189622633,2563.724743569816,2155297
2023-07-25,2489.1259765625,2544.3827457617876,2481.4474834991283,2542.6817927276616,2068876
2023-07-26,2572.083984375,2598.910538611685,2512.5506280999057,2518.382467081956,5820099
2023-07-27,2585.64306640625,2601.340576009005,2572.278434868901,2594.1478319300177,2117794
2023-07-28,2575.29150390625,2593.370062095357,2551.42951564318,2585.594276904825,1325724
2023-07-31,2606.200439453125,2614.607912729074,2557.3587860647845,2580.5888506675433,1284981
2023-08-01,2591.912109375,2613.635804228994,2580.9290026022054,2606.2003045397114,1298745
2023-08-02,2577.658203125,2600.071388900892,2558.538271749699,2593.2393620081925,1479486
2023-08-03,2554.016357421875,2597.908654353044,2542.4165280878956,2570.629507570981,1612618
2023-08-04,2582.327392578125,2590.2900500214596,2554.409371909208,2560.79908171002,1101278
2023-08-07,2591.1748046875,2608.9677857364222,2578.592182949216,2583.4089453335787,1163125
2023-08-08,2587.53759765625,2604.5441046141023,2583.703867647575,2594.2714649771096,767310
2023-08-09,2606.608642578125,2609.950856526968,2570.875321104389,2590.290209773469,906865
2023-08-10,2598.64599609375,2616.4389774833166,2577.1666434216595,2595.3037821301805,1040041
2023-08-11,2593.73095703125,2611.818656980212,2586.6039722146966,2597.2207700100184,1320121
2023-08-14,2614.767578125,2618.3557901003232,2571.612555174645,2592.256233943249,1364413
2023-08-16,2645.38916015625,2649.2720898021607,2607.0508998585565,2623.7132496036984,1703875
2023-08-17,2607.493408203125,2645.389354746101,2597.1715681329524,2645.389354746101,1629067
2023-08-18,2597.122314453125,2629.3166244780414,2588.0784646747607,2605.035773008495,1898966
2023-08-21,2617.077880859375,2621.354167592683,2578.936177576682,2597.0241168644384,1376318
2023-08-22,2633.346923828125,2640.080550957905,2616.8319334983844,2622.7301271877122,1497180
2023-08-23,2671.48876953125,2679.7461451458007,2636.9350389579504,2643.914664535535,1990672
2023-08-24,2642.538330078125,2719.8539688265487,2635.1166277936177,2700.8813963683565,2619182
2023-08-25,2593.632568359375,2637.180951346529,2586.3582246541696,2632.0200312859306,1408427
2023-08-28,2649.616455078125,2654.1874597039136,2605.0850396990195,2608.52565307271,1551734
2023-08-29,2672.81591796875,2675.912614053112,2650.550329924836,2664.0178259159998,1101830
2023-08-30,2663.03466796875,2691.1984491335065,2661.0686032452586,2676.7479214154737,1920079
2023-08-31,2656.841552734375,2678.3701057524145,2632.9048583946064,2673.848060826761,2439625
2023-09-01,2656.251708984375,2669.8665625206936,2642.6858150652083,2664.017568257907,1263430
2023-09-04,2665.09912109375,2695.4747249489537,2659.102527712225,2686.627433729209,1548282
2023-09-05,2686.578125,2692.525518522466,2673.8479044837923,2674.3394206427047,1066447
2023-09-06,2684.12060546875,2696.2611508702375,2665.983706790542,2693.508612317878,1747425
2023-09-07,2798.103271484375,2807.4912787165313,2683.6783984086255,2686.6274955497342,4100519
2023-09-08,2852.366943359375,2879.006977732233,2823.711404543645,2838.9976065536307,3638510
2023-09-11,2845.09228515625,2876.3527630482,2841.01279675132,2855.709082930629,1545803
2023-09-12,2894.145751953125,2957.9444579889237,2882.6932806243726,2901.5184948693486,7788759
2023-09-13,2857.42919921875,2893.752195482007,2839.439659743868,2893.5556370174218,2458417
2023-09-14,2869.078125,2881.9065043296982,2856.69182220112,2875.2710364013233,1910041
2023-09-15,2859.19873046875,2885.1506879728545,2850.7937560504242,2883.233822929619,1655275
2023-09-18,2870.306884765625,2880.284566359742,2857.6748240299553,2860.62392085558,736631
2023-09-20,2840.96337890625,2894.980956398286,2837.080449277266,2877.2863747995616,1399240
2023-09-21,2850.15478515625,2855.8072208617195,2797.7591157476663,2836.097375315198,2444711
2023-09-22,2868.97998046875,2886.625363563662,2853.0057044082337,2859.3462152141647,1965569
2023-09-25,2853.25146484375,2874.190102404505,2822.285945070252,2868.439267018743,1049532
2023-09-26,2863.131103515625,2894.0474249159984,2860.6243228619414,2865.5394849287145,953456
2023-09-27,2914.739990234375,2944.0833606031206,2862.2459210351394,2872.42040141311,2903693
2023-09-28,2958.92724609375,2998.7400545544797,2927.715970325153,2938.283567632631,4081102
2023-09-29,2972.24755859375,3006.4571329344913,2954.258018294054,2988.418393016862,2698016
2023-10-03,3021.104248046875,3025.232936024404,2944.2803638997502,2988.909937748808,3254492
2023-10-04,2976.376220703125,3012.1095429008956,2939.315948821484,3012.1095429008956,3100946
2023-10-05,3043.517333984375,3062.047349653723,2981.0947801948587,2981.0947801948587,3413447
2023-10-06,3041.207275390625,3062.0967138048354,3021.00591165396,3062.0967138048354,1898118
2023-10-09,3022.529296875,3032.654577337045,3003.7043247523643,3022.8242545579947,1181760
2023-10-10,3023.8076171875,3046.417362049435,3020.0228465048326,3021.694193558358,1551789
2023-10-11,3036.2919921875,3057.2306293851666,3032.064905053997,3037.5699822508573,2066921
2023-10-12,3029.4599609375,3052.364662815554,3015.009433314256,3041.502107289892,1870280
2023-10-13,3037.1767578125,3046.417165639326,3011.51951821106,3015.6974055792325,1437808
2023-10-16,3049.26806640625,3060.4255800022383,3022.529633469217,3046.3681688631154,818794
2023-10-17,3014.272216796875,3061.3593715184847,3011.0281619626157,3057.1322843100943,1847182
2023-10-18,2993.92333984375,3026.9038822919865,2985.6165247133586,3016.5820428973298,1350839
2023-10-19,3002.573974609375,3017.810976342754,2956.1256951318155,2974.262834354896,1599104
2023-10-20,2961.237548828125,3004.3925723133916,2926.7822175042998,2988.3690972614277,1667471
2023-10-23,2908.104736328125,2955.8799659738224,2898.962487198978,2952.0462356929575,1614030
2023-10-25,2866.62060546875,2915.182305418815,2860.9189700904612,2908.7925954254843,2108353
2023-10-26,2815.99462890625,2866.669755685704,2808.572686497823,2856.6920731088903,3286109
2023-10-27,2852.66162109375,2861.164995339321,2809.1624374618655,2816.0436642510904,2399538
2023-10-30,2876.69677734375,2882.2508140523414,2807.687715240719,2850.0073053770957,1693052
2023-10-31,2879.35107421875,2901.4693030267013,2858.608994759592,2880.2357073718113,1556467
2023-11-01,2846.173583984375,2932.532831114658,2822.335049722768,2897.438624551836,3875595
2023-11-02,2868.586669921875,2888.0015579774495,2853.939344554493,2885.1998199043587,1451606
2023-11-03,2861.852783203125,2898.028419840576,2855.708831328494,2884.2167680267817,1136175
2023-11-06,2924.963623046875,2928.453435966839,2877.581510719681,2883.233946858254,1235499
2023-11-07,2911.0537109375,2932.975380077677,2905.941990778791,2919.6060442797034,1112206
2023-11-08,2945.607177734375,2951.8003294140635,2910.75872962952,2924.226224553206,1013438
2023-11-09,2973.525390625,2977.309921034546,2946.147844684323,2952.0460385675747,1719911
2023-11-10,2981.782958984375,2992.350557042261,2954.258052414998,2969.790011978774,947753
2023-11-13,2996.774169921875,3002.5250052663955,2980.209978543521,2998.248718471943,531769
2023-11-15,3012.945068359375,3018.9416619229605,3003.163944102434,3010.389328150513,1160184
2023-11-16,2999.379150390625,3029.8041945516875,2993.3335972525724,3006.0638185745934,1597607
2023-11-17,3056.24755859375,3062.5880692152014,2993.480847407553,2998.248650276918,1325050
2023-11-20,3036.390380859375,3059.147483838917,3024.004077208596,3042.5835326847646,1231164
2023-11-21,3022.67724609375,3046.4173823577844,3010.487500435866,3036.09554224331,1884782
2023-11-22,3030.000732421875,3036.2428439938585,3010.5366434296247,3022.677189239935,1104208
2023-11-23,2993.972412109375,3035.6039285667907,2979.620283648063,3027.739669684493,1514688
2023-11-24,3002.426513671875,3014.9601759619027,2988.025185941801,2998.248626241866,915121
2023-11-28,2998.248779296875,3007.243429635509,2983.5032934970545,3002.180908843494,1210508
2023-11-29,3031.426025390625,3037.4715783759366,2997.2656510469446,2998.2486834021583,1801107
2023-11-30,3056.444091796875,3071.5337341572085,3006.8009588174195,3024.1024239342632,3131624
2023-12-01,3136.511962890625,3143.6881467966937,3068.093057699292,3076.8419493120086,2112908
2023-12-04,3257.326904296875,3290.7500043298023,3194.8551502062915,3229.2612825931287,3095974
2023-12-05,3259.194580078125,3268.582587087281,3223.4122982818967,3262.733592562646,1659309
2023-12-06,3334.74072265625,3343.2930561881835,3264.650467392225,3273.4977586317705,2057233
2023-12-07,3298.66357421875,3352.0420408408468,3280.428275438048,3334.7408148264217,2128823
2023-12-08,3321.125732421875,3371.8011001630207,3308.887027157063,3319.7003834549623,2428891
2023-12-11,3328.35107421875,3347.2252478811833,3302.9887908607275,3320.6341740503703,1534238
2023-12-12,3285.687255859375,3317.734206714598,3275.46381534016,3317.734206714598,1888423
2023-12-13,3342.113525390625,3352.1404076425965,3289.422893951591,3296.0583625004438,1509107
2023-12-14,3374.8486328125,3381.6314603820315,3342.4085635704632,3367.819807144505,2425646
2023-12-15,3428.81689453125,3439.5318513274055,3374.6027555151954,3376.8635379597545,2632935
2023-12-18,3432.35595703125,3446.5115273164656,3407.1902320818226,3436.681203507805,1767429
2023-12-19,3439.5810546875,3465.189095863652,3417.0697094682364,3429.750731011291,1311700
2023-12-20,3360.49609375,3454.9655987325427,3354.6470992579452,3445.528392158476,1876048
2023-12-21,3366.05029296875,3381.582252872266,3276.446985800964,3332.529032162412,2292802
2023-12-22,3418.937255859375,3436.681037476406,3350.764107538747,3365.9027094734593,1681707
2023-12-26,3430.83203125,3448.821570888279,3418.937244057978,3418.937244057978,1072263
2023-12-27,3483.86669921875,3488.781861040447,3444.692763500572,3450.4435988312116,1389266
2023-12-28,3458.357177734375,3499.546139234552,3441.1049111401144,3484.8498528757905,3371121
2023-12-29,3466.172119140625,3479.934572251223,3435.6981158243007,3471.0872809658385,968577
2024-01-01,3465.63134765625,3477.968451638937,3436.730292587616,3477.968451638937,777080
2024-01-02,3379.763671875,3465.6314050038186,3373.7670784461066,3465.2382880568675,1511464
2024-01-03,3381.975341796875,3407.042665984193,3353.7131625660754,3374.749958237751,1283859
2024-01-04,3400.013916015625,3421.0509521502554,3364.919709377571,3382.6634911645956,1651616
2024-01-05,3462.1416015625,3494.6800689491574,3401.2919939702065,3406.1579561931667,2069018
2024-01-08,3441.694580078125,3499.545888590757,3430.7828252364316,3479.9344416438303,1993855
2024-01-09,3495.61376953125,3532.77243964386,3460.372204462653,3467.597348096857,1807271
2024-01-10,3485.34130859375,3498.563046125242,3460.2739828656045,3489.715754691779,1534821
2024-01-11,3445.380859375,3499.1526782902665,3441.1537724771306,3485.3410264487006,1105348
2024-01-12,3508.245849609375,3517.928574122562,3434.7641824746715,3445.5775381734243,1782631
2024-01-15,3482.932861328125,3544.5197428637716,3478.0176995136876,3515.4221289211832,1783518
2024-01-16,3512.865966796875,3528.1029676322887,3477.968319722217,3487.798642841839,1791818
2024-01-17,3510.359375,3553.12128286779,3487.5038725189397,3494.6800567814375,2699076
2024-01-18,3534.984375,3555.5788549915437,3465.189077273359,3510.2120074684813,2148898
2024-01-19,3584.135986328125,3593.818951078156,3541.865594827272,3541.865594827272,1913923
2024-01-23,3490.747802734375,3599.2255163150785,3476.198876255316,3575.8784984849062,1742142
2024-01-24,3528.2998046875,3556.5619858879777,3461.945118390726,3509.425630807157,3711521
2024-01-25,3532.4775390625,3556.856789265897,3504.3137583223156,3538.818049700548,2206540
2024-01-29,3645.083740234375,3670.495220992268,3539.0146518832207,3542.8483818243494,2072982
2024-01-30,3571.651611328125,3674.4766547688023,3563.393995297765,3652.8991419242775,1454989
2024-01-31,3420.706787109375,3477.9684209477605,3329.5797371378712,3460.273838817444,9637606
2024-02-01,3340.343994140625,3434.4693435929394,3313.8021201436277,3420.952648501876,6149780
2024-02-02,3318.766357421875,3378.0432551299355,3303.9716728034773,3344.9640731096847,7579802
2024-02-05,3285.04833984375,3350.1250331017454,3262.1436381990698,3318.2256814969937,2954238
2024-02-06,3366.1484375,3369.5890506360884,3280.9195829570976,3289.226158100314,2545192
2024-02-07,3337.099853515625,3388.5124931578844,3331.4966171488454,3386.546428467918,2099940
2024-02-08,3278.904541015625,3359.8081548151595,3237.961337919304,3355.089551337529,3471727
2024-02-09,3268.140380859375,3332.479802798737,3252.8049795729025,3279.641811825158,3121873
2024-02-12,3243.564453125,3282.4923903623385,3231.2273490770262,3273.497740318375,1922273
2024-02-13,3265.14208984375,3281.9028401260325,3228.376774384282,3255.803282120277,2151493
2024-02-14,3252.85400390625,3260.669062987632,3207.683716009988,3234.2255891152977,2502138
2024-02-15,3244.3017578125,3265.5843124866537,3234.373034940201,3252.854091376783,1999189
2024-02-16,3329.28466796875,3340.343781429929,3247.987944124862,3248.8725772025077,2768329
2024-02-19,3283.1806640625,3350.1742221834957,3278.904377374721,3342.8506792338067,1216447
2024-02-20,3299.7939453125,3310.6073015047805,3271.9740809272776,3283.1807940708886,1578162
2024-02-21,3240.4677734375,3299.941231179559,3234.2256619543627,3299.941231179559,2430672
2024-02-22,3306.675048828125,3311.8359686367753,3221.3477933254794,3253.83706031099,2521388
2024-02-23,3330.46435546875,3342.2115438868536,3284.0652771991845,3306.675020932053,2107176
2024-02-26,3411.26953125,3432.404726266313,3335.428683272108,3342.3099095564894,4122419
2024-02-27,3446.95361328125,3452.4094906296773,3393.329152492944,3416.0372949709936,2122286
2024-02-28,3411.318603515625,3453.392433511921,3387.6766289501143,3445.528175194786,1666903
2024-02-29,3418.544189453125,3436.681088272327,3378.1414639550185,3425.8677324453834,2119512
2024-03-01,3571.847900390625,3596.276349307091,3440.6130869319354,3442.2349942450974,4407803
2024-03-04,3582.6123046875,3617.3625952750995,3560.5924754030525,3607.7288299638517,1307501
2024-03-05,3551.302734375,3582.612170465882,3529.3810651508325,3569.586991935605,1981370
2024-03-06,3580.400390625,3590.476472250364,3525.20321996433,3556.6110556652293,1500196
2024-03-07,3614.560546875,3642.2820095773072,3581.432406553522,3598.6354717054296,2344401
2024-03-11,3578.827880859375,3637.2199099001346,3569.832990326545,3637.2199099001346,1748541
2024-03-12,3560.198974609375,3609.6947488782403,3551.8431997277125,3577.3038813071857,1470377
2024-03-13,3478.50927734375,3575.0922087091567,3452.3113204096185,3573.2243031876847,2503293
2024-03-14,3546.977294921875,3574.3056423875005,3462.2399539298067,3467.204315321638,4528490
2024-03-15,3477.1328125,3541.8655893368423,3464.2552325964903,3536.950427542037,4054210
2024-03-18,3500.774658203125,3511.5880137485115,3466.860043083504,3477.132682851996,1354787
2024-03-19,3442.284423828125,3489.273419411317,3421.9357016398912,3480.9176442134026,1447405
2024-03-20,3450.148681640625,3465.139925372857,3428.571168989598,3443.3166546278585,1442811
2024-03-21,3499.59521484375,3534.9843799376754,3465.3364409688484,3465.3364409688484,2504962
2024-03-22,3556.41455078125,3585.4140056521824,3486.0293371969537,3486.0293371969537,3020545
2024-03-26,3607.8271484375,3614.511576464763,3538.9164842314067,3543.831646015062,2320963
2024-03-27,3643.51123046875,3663.9583526078504,3607.827345964249,3620.508368061104,2387693
2024-03-28,3700.035400390625,3748.646542546278,3634.8113473636895,3643.658638595526,4278668
2024-04-01,3772.878173828125,3786.493267927305,3716.697970808546,3716.697970808546,1905190
2024-04-02,3742.79736328125,3794.5049621323606,3707.2608389745246,3784.478079921172,3608162
2024-04-03,3718.270751953125,3735.2280603905624,3706.1794057633247,3735.2280603905624,1684618
2024-04-04,3733.409423828125,3754.93773581746,3667.7428163016702,3740.339609743757,2339529
2024-04-05,3679.58837890625,3725.692498789113,3653.19386507257,3706.1302515889165,1645597
2024-04-08,3743.239990234375,3754.9871793202697,3679.5886428462886,3681.45630839201,1083395
2024-04-09,3721.0234375,3762.998873492511,3710.9473552770623,3755.1838138167886,1997057
2024-04-10,3689.516845703125,3735.522806157532,3686.469589518029,3735.522806157532,1951581
2024-04-12,3616.82177734375,3737.5873976609155,3601.3390178158124,3686.3221165584205,3437544
2024-04-15,3539.702880859375,3617.411634962523,3525.3505127651024,3564.5244473250796,1719910
2024-04-16,3483.325927734375,3537.0977492045167,3469.56347485363,3519.3050076932896,2291042
2024-04-18,3490.69873046875,3556.266941251657,3479.6396163562536,3501.5120864898577,3273257
2024-04-19,3458.65185546875,3482.785106901113,3413.4813284132993,3465.188924390691,2759031
2024-04-22,3551.40087890625,3558.5770629720905,3480.8683086664028,3508.1966556579137,2605754
2024-04-23,3548.89404296875,3571.1106694558407,3527.1199730252715,3571.1106694558407,1434580
2024-04-24,3573.175048828125,3592.933854043625,3539.997708729366,3555.1855097527296,1501234
2024-04-25,3590.3291015625,3603.7965967640926,3550.3197328986516,3554.7433784756945,2420380
2024-04-26,3544.0283203125,3598.783176372282,3524.1711140571897,3590.0342841106994,1973113
2024-04-29,3572.634521484375,3587.9696821621487,3544.0281840690564,3544.913057183897,1396979
2024-04-30,3533.313232421875,3587.035854484185,3523.2371508092306,3577.254730576903,1571996
2024-05-02,3538.425048828125,3572.4870247671647,3515.372987536179,3529.1354408445814,3748847
2024-05-03,3440.416748046875,3560.5432560635268,3429.2592346107563,3548.7468675840228,4079696
2024-05-06,3404.5361328125,3467.1552482126867,3382.712861699477,3463.026560163976,2614667
2024-05-07,3369.58935546875,3436.681317691999,3366.8860163315494,3420.362883628184,3376013
2024-05-08,3427.6865234375,3438.057322967009,3310.6564715126897,3370.818004699296,4116670
2024-05-09,3219.873291015625,3319.700275032287,3211.2225582602136,3256.5404459914744,12120574
2024-05-10,3215.941162109375,3250.0523369591824,3179.716563687459,3225.919084549805,4132191
2024-05-13,3237.961181640625,3258.7522197128437,3170.4758672395483,3211.615866827031,3557067
2024-05-14,3322.108642578125,3327.466120910786,3237.51866046963,3244.006770008901,2870328
2024-05-15,3353.418212890625,3359.4145660646263,3296.254739284734,3332.4795764021014,2718682
2024-05-16,3401.8818359375,3409.647695479342,3321.3713427214498,3370.768718156894,3398714
2024-05-17,3392.198974609375,3416.9713425077857,3354.253828861537,3416.9713425077857,2676919
2024-05-21,3382.565185546875,3411.417281605587,3375.7331585750126,3399.3259354549778,2100848
2024-05-22,3402.127685546875,3413.7764751730087,3376.7654023130335,3391.510887914321,1409992
2024-05-23,3524.56396484375,3540.538239956345,3396.3766470163896,3402.1764416734054,4525637
2024-05-24,3564.376953125,3596.915420377188,3521.516886047509,3525.1540577951887,2740360
2024-05-27,3590.033935546875,3632.3043241636647,3538.916256289362,3583.05431026439,2570708
2024-05-28,3596.12890625,3622.7199794020107,3584.1851591586255,3590.0341536601704,1440187
2024-05-29,3573.1259765625,3599.7170492038185,3549.0908839895046,3549.7297590075214,1506146
2024-05-30,3573.027587890625,3582.120637009393,3546.534914403679,3564.5244541734073,2701849
2024-05-31,3607.040771484375,3681.259716412045,3574.6988620799234,3574.6988620799234,6432341
2024-06-03,3831.0244140625,3853.3883999506247,3736.6043491575165,3789.9828135864914,5767666
2024-06-04,3345.45556640625,3831.8600096832693,3263.667324820024,3786.6405226526304,9920882
2024-06-05,3351.157470703125,3383.106023885246,3121.1770874117606,3383.106023885246,10372458
2024-06-06,3423.45947265625,3478.165128758799,3327.8595734307237,3379.6653320036944,8374602
2024-06-07,3472.561767578125,3487.798768964526,3387.5294695185335,3406.25628373822,5879660
2024-06-10,3483.620849609375,3524.170933573082,3461.3060635247307,3461.3060635247307,3151257
2024-06-11,3537.638427734375,3577.2546789663015,3490.944391666527,3509.4254476256383,2548176
2024-06-12,3568.702392578125,3587.03584992884,3517.2897526104916,3553.661949605066,2242274
2024-06-13,3640.8076171875,3652.849763309984,3573.3225432840154,3603.305029548159,2965500
2024-06-14,3625.226806640625,3656.88040082014,3612.643944358606,3654.9143360885164,1746508
2024-06-18,3626.602783203125,3647.0499034376567,3612.6437722731503,3645.083838799685,1936792
2024-06-19,3529.037109375,3636.2368403818305,3514.340823023802,3627.3895487993927,2936151
2024-06-20,3561.236572265625,3579.9124915512257,3531.6625368886803,3551.8243540135686,2618715
2024-06-21,3502.336181640625,3576.643172764542,3483.5117438892325,3570.7481998456587,4508508
2024-06-24,3498.967529296875,3534.0403306945373,3472.6132209375814,3487.8214811554917,2330559
2024-06-25,3554.648193359375,3558.7597499311096,3495.400706699931,3523.6373620686804,2158039
2024-06-26,3569.658203125,3591.4053337598266,3559.057120958622,3567.7262697674155,2480187
2024-06-27,3531.46435546875,3568.0235395085265,3517.1975102093993,3564.209017285815,5519875
2024-06-28,3515.66162109375,3542.9075160367374,3505.407402127858,3507.289749024576,3141514
2024-07-01,3493.964111328125,3508.676749607373,3481.530027139966,3502.5340870656305,2961120
2024-07-02,3592.990478515625,3600.4211771476025,3502.385541573321,3502.385541573321,5087748
2024-07-03,3580.952880859375,3616.7687518854223,3571.689179714271,3616.6202346651207,1923801
2024-07-04,3540.2822265625,3610.3288997028403,3532.851527674528,3582.686796593475,1851947
2024-07-05,3593.634521484375,3604.3843626954545,3535.0311726490877,3540.2822482724014,1635209
2024-07-08,3598.439697265625,3612.0130585397096,3560.7908237810175,3606.464948630707,1706210
2024-07-09,3632.224853515625,3650.950118291094,3612.4096561300557,3616.2735228663482,2425176
2024-07-10,3616.322998046875,3659.866844585888,3567.7261795760105,3650.999592405431,2231438
2024-07-11,3587.640625,3650.553876095973,3569.707774784106,3626.1810867915146,2942924
2024-07-12,3615.629638671875,3633.809937207494,3579.3181442017562,3596.45833837869,2001185
2024-07-15,3617.858642578125,3640.051565713179,3603.3934525037653,3636.0885264472968,943302
2024-07-16,3602.94775390625,3617.8587379140035,3587.541389977207,3612.4095587798215,2220953
2024-07-18,3622.416015625,3645.2530779167314,3565.397739447795,3606.3657548731135,3240772
2024-07-19,3585.064453125,3625.1406399640023,3576.6429945505733,3617.264147674278,2432533
2024-07-22,3617.7099609375,3628.0140083802585,3534.634893678459,3584.4699200062273,3639057
2024-07-23,3505.35791015625,3679.682056118013,3428.02905604963,3635.6924158520765,6957691
2024-07-24,3486.9296875,3525.0739415258454,3468.6502167398844,3516.2066892915877,3184060
2024-07-25,3585.70849609375,3597.349924596564,3499.413456322879,3506.2991890603626,4691483
2024-07-26,3645.89697265625,3666.8021016568177,3562.8714930705823,3595.4673944643587,2617659
2024-07-29,3740.06884765625,3754.979831776795,3652.535360033135,3666.802205120295,4159919
2024-07-30,3749.67919921875,3759.9336605012822,3704.054901273021,3739.969946119707,1979989
2024-07-31,3779.748779296875,3786.6840981579703,3728.3284404949313,3742.1494918483113,2703636
2024-08-01,3744.378662109375,3803.477389028954,3731.0529908147664,3774.7949404176857,1998663
2024-08-02,3631.828369140625,3714.259541086526,3623.307979478477,3695.881139197811,2512525
2024-08-05,3495.400634765625,3574.5622473988606,3479.0530977833027,3563.7630621462454,2900685
2024-08-06,3543.1552734375,3601.3128273732077,3513.2343747983955,3515.215894468333,2125532
2024-08-07,3604.632080078125,3621.970377721598,3576.9899765889945,3596.458311189059,1613097
2024-08-08,3520.714599609375,3595.2196895455763,3514.6708679657236,3587.5413009561235,2038088
2024-08-09,3558.85888671875,3572.234144389889,3542.6598667853705,3566.7353789703648,848232
2024-08-12,3538.944580078125,3577.6338004034938,3530.0773278420515,3545.9294853625324,1965035
2024-08-13,3518.98095703125,3573.6708535154207,3512.4418451309184,3546.9203370072655,1316218
2024-08-14,3512.441650390625,3545.6321042179725,3503.822088370616,3526.0645978570737,1584372
2024-08-16,3535.3779296875,3547.811772023547,3500.3544730069766,3544.9386652756757,2808865
2024-08-19,3522.200927734375,3566.636362817366,3514.2252623959716,3566.5870183316038,1898535
2024-08-20,3539.687744140625,3546.920339578724,3515.2160236942213,3529.086661893691,1285569
2024-08-21,3562.822021484375,3581.894148674575,3548.8026244189223,3556.827875990509,1714248
2024-08-22,3573.17529296875,3578.7729892012117,3550.8336106374327,3573.7202592470203,1734927
2024-08-23,3565.298828125,3588.532097719208,3553.905090100767,3573.1753203821986,1825180
2024-08-26,3608.248291015625,3614.292023005356,3561.4844733054415,3577.6339076404442,1606911
2024-08-27,3668.486328125,3702.469438244461,3602.4026966702863,3608.9911527032123,3315435
2024-08-28,3654.962646484375,3689.985861796769,3650.950020744061,3670.7652176002025,1278175
2024-08-29,3649.414306640625,3675.7190289308087,3617.809164304788,3656.3992119323852,2165489
2024-08-30,3670.41845703125,3710.3957145547793,3632.5218919894023,3683.992060763176,2592912
2024-09-02,3649.067626953125,3687.5585012212314,3632.4723997991414,3671.7559303082635,1277813
2024-09-03,3656.05224609375,3679.6323781420283,3633.0170803223837,3659.8171817795624,1211993
2024-09-04,3617.066162109375,3646.9870616437684,3597.5482411534276,3616.2735058407375,1930121
2024-09-05,3590.662109375,3634.107024290044,3575.0576421905484,3634.107024290044,2958770
2024-09-06,3541.71875,3590.315568693052,3503.5249096620782,3581.6960064328896,3096557
2024-09-09,3545.236083984375,3560.7909655347785,3521.012053589111,3550.883366854938,1454589
2024-09-10,3562.9208984375,3591.5044165479167,3538.003385239341,3551.8740229860086,1203483
2024-09-11,3504.26806640625,3570.6489775558207,3483.907902743875,3561.7817251150263,1865165
2024-09-12,3588.5322265625,3604.4339707528998,3501.3453585510424,3525.12359528144,3751523
2024-09-13,3579.615234375,3601.164260488384,3566.7849430660444,3588.5320727667454,1752455
2024-09-16,3628.41015625,3636.088544866544,3579.615235041641,3585.708311189913,1045964
2024-09-17,3661.0556640625,3670.7651587432733,3625.883690206795,3634.1070451471865,1289060
2024-09-18,3695.97998046875,3723.2258759487204,3650.1573380706172,3654.9130336586118,2249929
2024-09-19,3649.662109375,3715.7457447730767,3640.051786948083,3715.349537576296,1711564
2024-09-20,3758.84375,3774.6959078186196,3646.243988248508,3665.8114955558667,5401701
2024-09-23,3752.700927734375,3803.328851369825,3714.358571017065,3764.8873219164702,1937874
2024-09-24,3756.565185546875,3796.3936835802774,3740.118475101147,3752.7010769583158,2676546
2024-09-25,3758.79443359375,3777.9654919680165,3743.0907928834763,3752.5525980290936,2113862
2024-09-26,3727.386962890625,3767.810011954277,3701.874897506245,3765.8780786807533,2750597
2024-09-27,3671.4091796875,3703.460357923151,3617.2642500742177,3703.460357923151,4095425
2024-09-30,3641.58740234375,3681.3167270593494,3631.134837585759,3664.820672368274,1837697
2024-10-01,3619.7412109375,3689.5897822721363,3605.7220554306127,3633.116469278175,1674100
2024-10-03,3465.3310546875,3583.578338245253,3453.194246657778,3549.397123794199,5315877
2024-10-04,3461.665283203125,3520.7146662267596,3436.4504937350202,3482.5208261434614,3445879
2024-10-07,3436.302001953125,3480.4897458680553,3397.3155053348632,3472.6132534846006,2304227
2024-10-08,3499.760009765625,3505.803741625895,3436.9459318073277,3460.6745819218163,2249452
2024-10-09,3454.878662109375,3524.826160210482,3448.834930458676,3509.3208657946843,1645791
2024-10-10,3428.3759765625,3522.052127770106,3423.5706944900494,3482.5209061300893,2686116
2024-10-11,3450.370849609375,3464.7864541615186,3415.1492876909674,3437.3422121277545,1280465
2024-10-14,3522.200927734375,3540.8272616859044,3468.947584668747,3477.5671471693995,1974378
2024-10-15,3519.079833984375,3537.012684122755,3487.623208572359,3537.012684122755,1231552
2024-10-16,3499.958251953125,3548.802517781621,3481.0842289239285,3517.19737614145,1961835
2024-10-17,3537.31005859375,3549.892660730696,3489.258204269039,3517.09841185004,2968537
2024-10-18,3544.74072265625,3559.255258044508,3507.5376410412273,3536.9631608978584,2102609
2024-10-21,3552.468505859375,3588.482480170472,3538.300592062359,3546.920154115808,1750549
2024-10-22,3479.449462890625,3558.462561891636,3467.6595172857465,3551.874105562686,1363574
2024-10-23,3423.471435546875,3481.4804722366666,3411.186110352357,3468.699767124874,2125268
2024-10-24,3410.83935546875,3442.4943266909463,3385.1787716967206,3412.1769780415616,1924421
2024-10-25,3295.66357421875,3403.260194141124,3284.4185946906396,3393.3525953226635,3236774
2024-10-28,3309.9306640625,3341.833083904265,3232.403703251498,3285.3597705978486,2991674
2024-10-29,3349.659912109375,3353.1275716175005,3285.3596939840263,3285.3596939840263,2253467
2024-10-30,3376.8564453125,3406.6285854189828,3322.017790636822,3348.7187203265817,1785128
2024-10-31,3588.829345703125,3621.177557084316,3475.93231254891,3497.3821659060313,7637083
2024-11-01,3592.842041015625,3608.248163013316,3586.5506192804,3591.4548321093766,212796
2024-11-04,3541.42138671875,3591.454757579255,3498.273748223489,3591.454757579255,1724189
2024-11-05,3541.768310546875,3551.874012498377,3509.1721668076166,3523.141977250831,1251506
2024-11-06,3611.765380859375,3626.0818120535296,3524.5289292827542,3560.7908358845502,1819732
2024-11-07,3612.85546875,3629.1534203086458,3586.550745704968,3613.64812502655,1581009
2024-11-08,3626.478271484375,3633.116314000204,3587.1944989060057,3606.762005642167,1622142
2024-11-11,3595.319091796875,3627.171925224892,3572.6801317566133,3612.3105270062706,926127
2024-11-12,3558.16552734375,3617.264256361415,3546.920306155537,3616.2734964993606,1116206
2024-11-13,3515.166259765625,3571.540638731014,3502.979865586132,3551.8739595234183,1568694
2024-11-14,3493.6669921875,3532.802007059221,3467.8080628221655,3525.1236180654023,1291765
2024-11-18,3509.419921875,3535.3284372010994,3478.4093319368303,3488.5646204454893,1233217
2024-11-19,3473.5048828125,3573.670801019988,3462.7056971346988,3527.0059150429074,1826460
2024-11-21,3451.31201171875,3497.9273120409725,3420.5488693375355,3497.3823457348035,1510581
2024-11-22,3570.203125,3580.110723515332,3441.008137113958,3467.65948036631,2534018
2024-11-25,3718.32177734375,3726.247856272274,3620.2365506032675,3626.18110979966,4753829
2024-11-26,3668.387451171875,3720.203996884119,3655.9037805332373,3720.203996884119,1141534
2024-11-27,3664.5234375,3685.6266708471194,3650.950075825708,3669.774513123046,971816
2024-11-28,3632.17529296875,3686.1221198575586,3614.2920288241835,3665.811542392949,2124283
2024-11-29,3690.38232421875,3715.349423970889,3601.511214374312,3601.511214374312,2094305
2024-12-02,3669.823974609375,3683.4965085580607,3638.96166095972,3672.5981504936294,1158369
2024-12-03,3752.05712890625,3763.7481434838655,3667.29757557445,3686.61739260098,3252670
2024-12-04,3754.880615234375,3799.5639807052953,3723.3250595085055,3740.118390394391,2510166
2024-12-05,3796.14599609375,3848.1113024577694,3725.2570796192617,3774.795072699305,2765170
2024-12-06,3830.970947265625,3848.0615541590573,3764.8873156546315,3796.591629891723,1856562
2024-12-09,3910.826416015625,3922.418257918458,3831.7637313714667,3831.7637313714667,3332753
2024-12-10,3886.8994140625,3926.8766708182884,3865.251456441381,3918.4552120818294,2349493
2024-12-11,3880.55859375,3911.1729759766104,3865.9448861460396,3886.8993599564724,1237958
2024-12-12,3824.23388671875,3922.4182855950135,3811.403594909171,3893.6862496560757,1899867
2024-12-13,3851.08349609375,3861.981854328129,3759.1409346122255,3823.342220588058,2300361
2024-12-16,3842.01806640625,3878.230144335169,3821.6083173515144,3846.1296229071436,918660
2024-12-17,3772.020751953125,3839.59052354427,3761.9150501295635,3827.354784853903,1690180
2024-12-18,3723.424072265625,3783.7119065193083,3710.395676856457,3772.020891790718,1318341
2024-12-19,3682.010498046875,3727.4366924425294,3665.8114776014195,3667.941514543971,1856838
2024-12-20,3596.309814453125,3690.5805194235677,3573.770027388189,3682.0105432934306,2796593
2024-12-23,3606.861328125,3665.8115407395962,3583.628057412665,3636.0887444633295,1217612
2024-12-24,3606.1181640625,3645.0054881752694,3598.835982411058,3614.2423464556105,627922
2024-12-26,3595.962890625,3631.283382671433,3576.989936171985,3624.1995464681772,1124705
2024-12-27,3574.7607421875,3609.9820616491907,3570.2031500845333,3598.836013241129,1309122
2024-12-30,3545.8798828125,3589.522902163864,3533.0495912548545,3574.562331818288,1591690
2024-12-31,3574.314697265625,3587.1452309068904,3517.19748832877,3529.6315728968502,1267628
2025-01-01,3633.61181640625,3654.9131535712763,3566.6859389363945,3566.7355253067485,1202029
2025-01-02,3679.186767578125,3689.6889189264243,3616.3231023687426,3642.627825225075,1882900
2025-01-03,3626.081787109375,3685.5273766150435,3617.7099149642713,3673.7374314503086,1290107
2025-01-06,3569.90576171875,3658.132972725863,3552.3693611506756,3650.702274020346,1212012
2025-01-07,3609.635498046875,3616.1250235998264,3562.4752312810992,3573.770038977811,1453540
2025-01-08,3563.119384765625,3629.99567654501,3556.8279627850775,3628.1626740164215,1813201
2025-01-09,3495.301513671875,3572.977229611797,3453.7887734755,3566.6362215577715,2921681
2025-01-10,3503.475341796875,3519.377085743505,3460.030667567546,3467.60988365528,1794238
2025-01-13,3432.289306640625,3501.8405979080853,3416.734425780858,3473.158149380393,2137212
2025-01-14,3430.605224609375,3459.683881679932,3416.734586421315,3433.825194188746,2924491
2025-01-15,3469.04638671875,3493.5676926152337,3439.224660840124,3439.224660840124,1155446
2025-01-16,3475.486328125,3510.7078886329764,3451.559574865827,3502.336016404937,2305460
2025-01-17,3535.675048828125,3546.7717526774995,3479.499013600767,3491.437718193442,1600246
2025-01-20,3559.800048828125,3583.7268018318755,3523.6373152399738,3541.86719925381,1593334
2025-01-21,3508.3798828125,3609.635493449755,3495.500004464314,3579.3677309545706,2576596
2025-01-22,3485.691162109375,3549.24854990768,3457.8509562042627,3530.0772505720984,1626055
2025-01-23,3470.87939453125,3495.2025968754374,3428.6235842911324,3459.7333463792547,1993204
2025-01-24,3426.24560546875,3488.5645440837366,3414.2079702539204,3482.0254324332586,1206454
2025-01-27,3425.70068359375,3461.6157279989393,3369.722752313938,3415.3472915835446,1552938
2025-01-28,3382.35498046875,3449.9743407371952,3372.5961410040695,3432.933319566636,1657689
2025-01-29,3417.82421875,3423.0752943512766,3380.4726206444443,3399.2970578637423,1238704
2025-01-30,3389.33984375,3485.295031502735,3363.629674146357,3423.07526485292,2717740
2025-01-31,3534.4365234375,3556.827792366174,3448.884557183705,3468.6997537985585,3995513
2025-02-01,3415.64453125,3595.6655448971665,3370.5649587563453,3544.938689720812,4752505
2025-02-03,3258.80712890625,3388.3985608380526,3239.7845888714714,3388.3985608380526,6077580
2025-02-04,3407.37158203125,3417.1306631376783,3276.6904568460677,3285.359605382587,4742516
2025-02-05,3351.938720703125,3419.0627014329593,3348.2233712162338,3412.8208659180355,2670316
2025-02-06,3321.77001953125,3372.546460811088,3311.8128348643077,3372.546460811088,2874856
2025-02-07,3306.06640625,3338.811067268702,3280.504995940615,3335.8883741239174,1722789
2025-02-10,3297.892578125,3318.054637216108,3263.61243348346,3316.8657738090396,1236663
2025-02-11,3209.715087890625,3329.9438938126723,3201.1451118443156,3329.894307442661,2593537
2025-02-12,3259.2529296875,3269.507390529868,3192.475814889354,3228.8862381020726,1632415
2025-02-13,3233.493408203125,3284.269852407941,3222.892325789994,3259.253165263129,2127644
2025-02-14,3207.733642578125,3255.4388761369437,3191.782553572095,3244.7882073809574,1378340
2025-02-17,3192.079833984375,3209.4674764678302,3165.0320407321565,3183.8564785574367,1966689
2025-02-18,3190.395263671875,3211.0527034889406,3153.5886316585306,3197.1820654609105,2428215
2025-02-19,3245.630126953125,3272.331298674196,3181.9244614956297,3190.395264786494,1677978
2025-02-20,3245.53125,3255.091986048982,3217.740387102775,3229.9267819538545,1236693
2025-02-21,3284.468017578125,3294.177270429151,3240.676239472465,3245.531107782703,1706850
2025-02-24,3227.598388671875,3294.771956412763,3219.9695860296133,3259.302704595859,1512844
2025-02-25,3196.092041015625,3218.929103489593,3176.7722243174926,3203.1265325672966,2529084
2025-02-27,3179.84375,3228.3909828244273,3154.5793737342265,3208.0804058264525,2572065
2025-02-28,3134.61572265625,3170.233491733098,3111.976762791947,3170.233491733098,2494680
2025-03-03,3167.756591796875,3197.1821116617484,3130.801200139797,3136.696173009949,1352460
2025-03-04,3183.311279296875,3191.2373578011934,3138.52898412442,3141.7489535167992,1442098
2025-03-05,3209.715087890625,3215.0157499024463,3158.3939205833267,3183.3114343410048,1945855
2025-03-06,3229.77783203125,3236.2673572122503,3185.292812983288,3220.068579328378,1854837
2025-03-07,3214.718505859375,3258.60921653258,3210.1611555824775,3229.778007525388,930240
2025-03-10,3148.337646484375,3216.3038715283815,3139.7676702104354,3216.0065951851507,1777752
2025-03-11,3165.923583984375,3174.7908364600885,3131.891127518692,3141.006069962357,1274649
2025-03-12,3164.14013671875,3192.1786891920365,3123.9154314498933,3175.3853579070405,1360149
2025-03-13,3157.848876953125,3203.2750703502657,3148.6843484605674,3172.6606881398275,1414376
2025-03-17,3144.126708984375,3210.1114098884045,3129.8102779323476,3160.523832416647,2805790
2025-03-18,3144.126708984375,3144.126708984375,3144.126708984375,3144.126708984375,0
2025-03-19,3288.876953125,3295.8618585393383,3238.29861371843,3244.7385528309187,1616312
2025-03-20,3320.0859375,3327.863257411344,3246.6209474165394,3304.4318830508832,2434722
2025-03-21,3384.385986328125,3423.07520599131,3301.954817009418,3325.980742840182,3042073
2025-03-24,3449.67724609375,3484.502357720259,3414.1584090713714,3417.130688591747,1955564
2025-03-25,3437.54052734375,3492.4285271585327,3403.607001938025,3472.613329841321,4235900
2025-03-26,3412.969482421875,3464.4889931540906,3386.912450732291,3440.9088610189397,2315715
2025-03-27,3469.244873046875,3495.4008369778494,3419.1123266469835,3428.029165516825,3467864
2025-03-28,3460.03076171875,3481.5302026409804,3440.463254176872,3477.46799039738,1348143
2025-04-01,3405.04345703125,3469.244742861873,3398.3062417610176,3447.8442336234234,1935147
2025-04-02,3388.299560546875,3425.7999181355394,3376.5096149247106,3401.2786115130666,1338839
2025-04-03,3388.547119140625,3431.001274401036,3361.648086642424,3368.583405418285,1200631
2025-04-04,3230.025634765625,3372.3484326372195,3207.3869172781106,3368.583496822648,2366979
2025-04-07,3040.146484375,3062.0423729831123,2937.900120111403,3020.8762544006017,4953864
2025-04-08,3131.89111328125,3164.3878434209587,3064.122993226975,3096.0749989474543,2877816
2025-04-09,3025.92919921875,3129.6123660818375,3019.8361226935876,3129.6123660818375,4451381
2025-04-11,3087.158203125,3127.8289446209496,3071.5041486267314,3085.2262697338097,3979116
2025-04-15,3227.499267578125,3241.7661121490983,3146.752342718665,3150.6162092402606,2161492
2025-04-16,3197.87548828125,3246.5218931957247,3194.3088979868703,3239.7846779044826,1578260
2025-04-17,3217.29443359375,3219.870264012315,3133.178779176769,3184.401255724522,3209331
2025-04-21,3250.187744140625,3259.59996287842,3195.2997442551673,3219.4741882594,1643003
2025-04-22,3227.697509765625,3254.646129492851,3217.9880147923227,3249.692330208996,2060322
2025-04-23,3270.498291015625,3284.368929026597,3236.515179511797,3245.134741898812,2381699
2025-04-24,3270.10205078125,3276.442817054013,3249.6923011603153,3276.442817054013,1993448
2025-04-25,3241.865478515625,3304.8776613332107,3200.2535638327017,3279.415180963702,2004819
2025-04-28,3296.55517578125,3319.8380313981165,3224.7250893036817,3229.876991956853,1689485
2025-04-29,3291.6015625,3345.201526303951,3284.3689670763993,3304.1841644644924,1843861
2025-04-30,3310.128662109375,3323.999300023033,3272.777064104542,3293.2857446427906,1930714
2025-05-02,3304.0849609375,3343.7153553444255,3294.2765350756786,3294.2765350756786,1411889
2025-05-05,3299.428466796875,3319.045560576633,3270.2010506664237,3319.045560576633,1947332
2025-05-06,3303.193359375,3322.017796635985,3272.2817002496968,3315.082477645096,1695516
2025-05-07,3290.709716796875,3308.939843432301,3253.7545673632976,3301.211868113193,2422707
2025-05-08,3293.1865234375,3334.897609303595,3269.30935651123,3279.5142312030375,3204333
2025-05-09,3412.07763671875,3444.871883412516,3300.220950142965,3300.220950142965,5637694
2025-05-12,3554.0537109375,3569.5096614618274,3457.7519012063494,3480.539377919171,3147384
2025-05-13,3534.040283203125,3572.67991624067,3512.243567130664,3554.0535832199857,2374439
2025-05-14,3540.084228515625,3583.578490549433,3534.0404964859904,3553.8556941113675,2440116
2025-05-15,3584.767333984375,3614.9855101940984,3510.2622397065293,3560.7909933686897,3720879
2025-05-16,3571.39208984375,3608.3474817321217,3566.7355667862817,3608.3474817321217,1278520
2025-05-19,3566.93359375,3586.45151458307,3553.855611996377,3571.3920131126943,1519244
2025-05-20,3534.8330078125,3600.4212608859257,3523.1419933160023,3596.458221523366,1532347
2025-05-21,3555.837158203125,3577.138495316908,3522.1513227673754,3532.7524049540325,1563885
2025-05-22,3518.58447265625,3558.8094197559362,3504.2184546756093,3551.8741007307995,1597159
2025-05-23,3566.63623046875,3598.043510721428,3518.3862749189907,3537.012608179345,1119217
2025-05-26,3614.9853515625,3638.565483947053,3575.0576819457824,3582.389449835285,1678934
2025-05-27,3606.365966796875,3631.134963821579,3569.7078512003136,3614.985529384525,2013954
2025-05-28,3612.607666015625,3629.153307026433,3586.5506337525767,3626.181027495699,1293244
2025-05-29,3621.5244140625,3634.9986024674436,3584.569024444051,3630.044803373408,1972248
2025-05-30,3641.1416015625,3661.1549020460297,3620.7318520103017,3621.52450826291,2571304
2025-06-02,3645.60009765625,3663.1364988977325,3572.2838676131,3641.1416782617343,1954517
2025-06-03,3644.800048828125,3669.199951171875,3615.300048828125,3655.0,2472483
2025-06-04,3626.5,3661.699951171875,3615.300048828125,3645.0,1086783
2025-06-05,3642.60009765625,3677.39990234375,3612.0,3629.89990234375,1466416
2025-06-06,3656.300048828125,3667.0,3623.0,3645.0,1172711
2025-06-09,3678.89990234375,3708.89990234375,3662.199951171875,3664.0,898170
2025-06-10,3679.800048828125,3704.0,3667.199951171875,3704.0,1454535
2025-06-11,3684.800048828125,3692.0,3656.10009765625,3689.89990234375,1265737
2025-06-12,3603.89990234375,3708.0,3585.0,3684.800048828125,2335718
2025-06-13,3587.39990234375,3596.0,3485.89990234375,3501.199951171875,1981445
2025-06-16,3628.699951171875,3653.699951171875,3561.800048828125,3575.5,1322630
2025-06-17,3622.300048828125,3627.60009765625,3602.0,3622.0,930603
2025-06-18,3601.5,3639.10009765625,3587.199951171875,3622.0,743311
2025-06-19,3621.10009765625,3643.0,3591.10009765625,3607.0,1580819
2025-06-20,3662.0,3669.89990234375,3614.0,3614.0,2575277
2025-06-23,3583.699951171875,3660.0,3574.60009765625,3645.0,1867977
2025-06-24,3604.800048828125,3684.0,3597.0,3637.10009765625,2751637
2025-06-25,3619.800048828125,3642.0,3608.89990234375,3640.0,1405262
2025-06-26,3659.60009765625,3669.0,3620.10009765625,3620.10009765625,2578926
2025-06-27,3679.199951171875,3731.39990234375,3665.0,3665.0,2720600
2025-06-30,3669.800048828125,3717.5,3652.699951171875,3682.0,1508882
2025-07-01,3666.699951171875,3678.89990234375,3645.0,3669.800048828125,1054380
2025-07-02,3596.800048828125,3674.199951171875,3583.89990234375,3666.60009765625,1330176
2025-07-03,3582.89990234375,3625.0,3576.0,3605.0,1229034
2025-07-04,3594.60009765625,3600.0,3570.10009765625,3590.0,696402
2025-07-07,3581.39990234375,3609.800048828125,3575.10009765625,3599.89990234375,719539
2025-07-08,3606.39990234375,3614.0,3560.0,3580.0,1513912
2025-07-09,3579.699951171875,3605.10009765625,3568.199951171875,3605.0,1008876
2025-07-10,3574.699951171875,3589.89990234375,3569.0,3575.0,1063910
2025-07-11,3540.60009765625,3586.60009765625,3535.5,3575.0,1439747
2025-07-14,3495.89990234375,3548.699951171875,3488.0,3540.60009765625,1358844
2025-07-15,3494.0,3521.0,3481.699951171875,3519.0,1585193
2025-07-16,3503.800048828125,3516.0,3477.0,3504.0,1266964
2025-07-17,3474.0,3515.0,3467.5,3515.0,2217275
2025-07-18,3464.800048828125,3499.0,3450.0,3489.0,1818696
2025-07-21,3502.800048828125,3508.10009765625,3444.89990234375,3467.60009765625,1521623
2025-07-22,3464.60009765625,3507.60009765625,3454.10009765625,3502.0,2586522
2025-07-23,3484.89990234375,3490.0,3458.60009765625,3476.199951171875,1192261
2025-07-24,3477.5,3493.39990234375,3461.0,3484.89990234375,1083671
2025-07-25,3442.89990234375,3477.0,3437.39990234375,3470.0,1338744
2025-07-28,3422.199951171875,3446.10009765625,3405.10009765625,3430.10009765625,2256080
2025-07-29,3495.60009765625,3504.300048828125,3406.5,3418.0,1241060
2025-07-30,3665.10009765625,3685.300048828125,3590.0,3622.0,8760659
2025-07-31,3636.5,3662.89990234375,3621.0,3625.0,1927627
2025-08-01,3587.300048828125,3636.0,3578.10009765625,3636.0,1205945
2025-08-04,3631.10009765625,3636.800048828125,3577.0,3595.199951171875,1033049
2025-08-05,3652.60009765625,3657.699951171875,3608.300048828125,3630.0,1158433
2025-08-06,3628.39990234375,3671.0,3622.199951171875,3650.0,931383
2025-08-07,3641.60009765625,3649.0,3599.199951171875,3610.300048828125,1211790
2025-08-08,3607.60009765625,3662.300048828125,3600.0,3641.60009765625,1337067
2025-08-11,3668.39990234375,3676.89990234375,3600.0,3610.0,1822410
2025-08-12,3686.10009765625,3727.89990234375,3673.10009765625,3680.0,2280103
2025-08-13,3693.699951171875,3716.0,3681.300048828125,3696.0,1227196
2025-08-14,3677.0,3708.5,3641.699951171875,3700.0,1769702
2025-08-18,3635.10009765625,3701.5,3621.699951171875,3699.0,1950151
2025-08-19,3613.0,3654.0,3608.199951171875,3648.89990234375,1352944
2025-08-20,3592.300048828125,3619.89990234375,3580.0,3613.5,1325096
2025-08-21,3612.60009765625,3648.0,3588.0,3599.0,1624009
2025-08-22,3595.800048828125,3634.5,3582.0,3610.0,1060447
2025-08-25,3603.10009765625,3617.89990234375,3584.300048828125,3616.0,980393
2025-08-26,3541.300048828125,3600.0,3531.0,3599.0,1787363
2025-08-28,3560.10009765625,3576.89990234375,3537.199951171875,3540.0,1695226
2025-08-29,3601.0,3615.0,3540.199951171875,3575.60009765625,1678055
2025-09-01,3598.39990234375,3628.60009765625,3581.89990234375,3601.0,1094155
2025-09-02,3574.89990234375,3619.89990234375,3560.0,3598.39990234375,1230950
2025-09-03,3600.800048828125,3606.300048828125,3560.0,3594.0,1314831
2025-09-04,3592.60009765625,3624.89990234375,3572.5,3622.89990234375,1434998
2025-09-05,3553.60009765625,3609.10009765625,3549.10009765625,3592.800048828125,830812
2025-09-08,3529.60009765625,3579.89990234375,3525.0,3570.0,1039999
2025-09-09,3525.0,3550.0,3516.39990234375,3547.199951171875,1522116
2025-09-10,3550.0,3577.39990234375,3541.10009765625,3559.0,1136732
2025-09-11,3539.699951171875,3564.699951171875,3533.0,3548.0,1177793
2025-09-12,3579.800048828125,3595.39990234375,3548.10009765625,3556.39990234375,1146873
2025-09-15,3586.199951171875,3607.0,3575.5,3581.0,1177076
2025-09-16,3667.800048828125,3674.0,3593.10009765625,3603.89990234375,2928060
2025-09-17,3685.5,3704.0,3662.699951171875,3672.0,1610471
2025-09-18,3686.0,3700.0,3672.5,3691.0,1270148
2025-09-19,3675.39990234375,3705.0,3671.0,3679.0,2227521
2025-09-22,3644.5,3693.60009765625,3633.89990234375,3693.60009765625,839430
2025-09-23,3657.60009765625,3673.5,3613.199951171875,3646.89990234375,1262120
2025-09-24,3673.800048828125,3709.199951171875,3637.10009765625,3657.60009765625,1745130
2025-09-25,3644.39990234375,3704.0,3635.699951171875,3684.0,1999071
2025-09-26,3729.5,3794.89990234375,3661.0,3664.0,5870301
2025-09-29,3688.39990234375,3740.0,3679.60009765625,3738.0,2599630
2025-09-30,3659.0,3696.60009765625,3648.0,3695.0,1676302
2025-10-01,3670.300048828125,3688.0,3615.0,3658.89990234375,2005028
2025-10-03,3733.10009765625,3746.0,3666.300048828125,3690.0,1959124
2025-10-06,3737.0,3767.0,3703.0,3720.0,1581506
2025-10-07,3729.699951171875,3766.0,3725.0,3748.0,1673945
2025-10-08,3729.800048828125,3760.0,3715.0,3730.0,1424633
2025-10-09,3769.199951171875,3796.39990234375,3730.10009765625,3735.5,1827249
2025-10-10,3784.0,3799.0,3760.0,3765.0,1129678
2025-10-13,3769.5,3784.0,3745.0,3780.0,1191248
2025-10-14,3744.300048828125,3786.800048828125,3730.199951171875,3775.0,1364583
2025-10-15,3828.699951171875,3843.89990234375,3744.300048828125,3747.0,2575918
2025-10-16,3861.800048828125,3885.89990234375,3830.0,3830.300048828125,2330283
2025-10-17,3839.39990234375,3869.5,3830.10009765625,3860.0,1337364
2025-10-20,3872.699951171875,3887.60009765625,3845.39990234375,3862.0,1223232
2025-10-21,3888.199951171875,3895.0,3877.199951171875,3892.0,260327
2025-10-23,3918.699951171875,3966.199951171875,3890.0,3890.0,2815778
2025-10-24,3904.89990234375,3939.89990234375,3897.5,3929.300048828125,1146636
2025-10-27,3923.800048828125,3948.0,3907.0,3912.0,1057688
2025-10-28,3972.800048828125,3986.0,3917.300048828125,3922.10009765625,3391806
2025-10-29,3958.10009765625,4016.699951171875,3920.0,3988.0,2563641
2025-10-30,3987.5,4062.60009765625,3975.60009765625,3980.0,4959400
2025-10-31,4030.89990234375,4045.89990234375,3980.199951171875,4001.10009765625,2328183
2025-11-03,3980.5,4041.0,3974.89990234375,4030.0,1154072
2025-11-04,3924.39990234375,3990.0,3916.800048828125,3985.0,2042881
2025-11-06,3881.60009765625,3978.0,3872.10009765625,3945.0,1749063
2025-11-07,3882.5,3892.89990234375,3831.10009765625,3877.10009765625,1577294
2025-11-10,3918.5,3943.800048828125,3894.0,3895.0,1397176
2025-11-11,3955.0,3966.800048828125,3897.0,3929.0,1775462
2025-11-12,3954.60009765625,3973.800048828125,3936.89990234375,3970.0,981350
2025-11-13,4002.5,4022.89990234375,3925.60009765625,3954.60009765625,1834962
2025-11-14,4004.39990234375,4011.5,3971.60009765625,4002.0,1916910
2025-11-17,4027.699951171875,4030.0,4000.10009765625,4004.39990234375,1206133
2025-11-18,3999.60009765625,4026.800048828125,3978.89990234375,4020.0,1748928
2025-11-19,4019.60009765625,4026.5,3980.300048828125,4007.0,923032
2025-11-20,4037.39990234375,4048.0,4007.699951171875,4035.0,1463574
2025-11-21,4024.89990234375,4057.0,4015.199951171875,4026.0,1241149
2025-11-24,4013.300048828125,4038.0,4003.699951171875,4025.0,1584741
2025-11-25,3996.699951171875,4055.5,3981.60009765625,4013.0,1749083
2025-11-26,4062.0,4074.60009765625,3998.0,3999.0,2058237
2025-11-27,4081.300048828125,4140.0,4059.60009765625,4071.0,2225064
2025-11-28,4069.60009765625,4104.2001953125,4054.699951171875,4085.0,1318133
2025-12-01,4073.199951171875,4103.39990234375,4050.0,4087.0,1251770
2025-12-02,4030.5,4088.60009765625,4023.800048828125,4066.5,1490917
2025-12-03,3988.0,4046.89990234375,3970.10009765625,4032.0,1123990
2025-12-04,3983.60009765625,4009.199951171875,3961.699951171875,3990.0,1026968
2025-12-05,4038.199951171875,4048.0,3975.10009765625,3999.0,1073758
2025-12-08,3996.699951171875,4047.89990234375,3976.89990234375,4047.0,1127841
2025-12-09,3997.5,4019.89990234375,3949.10009765625,3990.0,1788464
2025-12-10,3991.300048828125,4030.0,3970.0,4000.0,957277
2025-12-11,4003.89990234375,4015.0,3984.60009765625,3993.199951171875,841371
2025-12-12,4074.10009765625,4114.0,4048.60009765625,4061.0,2207898
2025-12-15,4092.300048828125,4096.0,4063.800048828125,4072.800048828125,1064975
2025-12-16,4063.800048828125,4103.7998046875,4051.199951171875,4083.699951171875,2199214
2025-12-17,4062.39990234375,4079.0,4040.0,4079.0,1087334
2025-12-18,4031.10009765625,4071.800048828125,4023.39990234375,4067.0,1004303
2025-12-19,4073.5,4091.5,4040.10009765625,4040.10009765625,1327935
2025-12-22,4072.39990234375,4098.5,4068.5,4081.0,764774
2025-12-23,4058.800048828125,4095.0,4053.300048828125,4089.0,1867147
2025-12-24,4053.60009765625,4080.699951171875,4048.10009765625,4065.0,1021436
2025-12-26,4047.300048828125,4061.5,4030.199951171875,4052.0,594330
2025-12-29,4038.699951171875,4061.10009765625,4033.39990234375,4053.0,952143
2025-12-30,4052.0,4063.89990234375,4006.199951171875,4039.0,1362208
2025-12-31,4083.5,4094.5,4048.0,4058.0,1160164
