Price,Close,High,Low,Open,Volume
Ticker,M&M.NS,M&M.NS,M&M.NS,M&M.NS,M&M.NS
Date,,,,,
2015-01-01,559.4361572265625,562.4887370836641,556.2930974362688,559.8657574950804,713338
2015-01-02,553.8284301757812,562.4434555470425,552.856115945314,556.3609297682802,1279856
2015-01-05,551.0245361328125,564.3880739068172,550.3688188658626,551.7707333290881,1456708
2015-01-06,547.9494018554688,553.6927522520388,543.1330981457786,549.4643748935229,2579114
2015-01-07,553.602294921875,556.8809916160197,543.8114172012489,548.1076404556454,2189814
2015-01-08,559.684814453125,563.8227667943099,556.2478469276127,556.2478469276127,1672412
2015-01-09,559.9562377929688,563.483685837418,554.0771945217919,562.0365588062559,1532294
2015-01-12,557.6045532226562,559.7752986259438,550.3688088174961,558.1924795373151,897684
2015-01-13,564.7498779296875,570.3123233680402,556.247856096233,556.247856096233,1478978
2015-01-14,559.3909301757812,570.9455331461447,553.7380041050274,563.1671289545299,2831716
2015-01-15,578.0003051757812,585.1908373244243,566.8301466687163,569.3626462066848,2859036
2015-01-16,589.9844970703125,593.715427770847,576.3948977624901,577.5028490403033,2131084
2015-01-19,602.4661865234375,603.7324639603012,586.0953357996632,590.1202299336023,1362458
2015-01-20,599.3232421875,605.5414610745614,594.8235349655151,602.9184812077305,1838290
2015-01-21,599.232666015625,605.9935420334396,594.7103261497037,605.0890740602553,1391960
2015-01-22,601.4486694335938,604.2299199592716,594.6877922799094,599.2101329056122,1815350
2015-01-23,615.8976440429688,622.1158630412644,602.0592913494518,604.1847695798529,4563196
2015-01-27,598.9613647460938,615.0383072866887,593.8285193254171,614.8800364102426,2382932
2015-01-28,595.275634765625,603.2801544634999,589.2609004992057,598.9612976927614,1659912
2015-01-29,586.4570922851562,596.9262655609203,579.944911433268,595.3660802921028,2952528
2015-01-30,572.1212768554688,588.7635117224319,569.8148942766477,588.3564900427926,1628740
2015-02-02,561.3128662109375,581.0981053849664,557.8758985610049,572.2117506965685,1455970
2015-02-03,542.3189697265625,564.817610355701,539.108119491715,561.7198186164773,4694416
2015-02-04,547.6326904296875,551.68021748431,542.6807506616364,543.9922401832702,1828968
2015-02-05,533.50048828125,549.5774308880432,531.4880688345384,547.6554361698583,4854858
2015-02-06,519.9561157226562,533.726620906629,516.9035357869068,532.3247063473777,4184102
2015-02-09,503.51751708984375,513.0144343047067,500.3066656437868,512.3812954495096,5283110
2015-02-10,515.63720703125,521.3127660585848,498.3618895654395,501.5727400635124,4016676
2015-02-11,512.5620727539062,521.3127904003021,507.8588276899061,516.6321791200764,2159236
2015-02-12,513.0370483398438,522.0591534399963,511.7934043329158,518.6447632665015,2265072
2015-02-13,539.311767578125,542.2286552766453,508.13019502154657,512.8334404367938,5989004
2015-02-16,547.40673828125,555.3434687312614,532.0986252044071,542.5226431772377,4291626
2015-02-18,555.4337768554688,561.6746281387487,546.3213059166943,548.1076081353973,3603180
2015-02-19,565.247314453125,569.3399992246523,552.1777401923064,559.4134845355306,2829468
2015-02-20,566.1970825195312,572.2796089680503,561.6747416048386,568.3225606676941,1295648
2015-02-23,570.3801879882812,576.3722890712106,564.410720689292,567.9381131098398,2705104
2015-02-24,569.2269897460938,573.8850226499743,563.1896760805994,570.2671501667593,1833458
2015-02-25,573.0256958007812,579.4021842204654,569.814845411159,569.814845411159,1399182
2015-02-26,565.1116943359375,574.3146468069247,563.0087948267549,572.9805783550067,4445506
2015-02-27,579.085693359375,582.4774486894768,565.3604011644334,567.9607469175114,2313528
2015-03-02,578.02294921875,591.8839335844661,569.159173076358,585.6882941143716,2758186
2015-03-03,556.9940795898438,568.9104357850107,551.5220586172017,568.9104357850107,2632558
2015-03-04,547.7005615234375,570.1087772890666,545.0323700035585,567.553644264061,2727706
2015-03-05,555.6373291015625,557.8532867981088,544.4897496806043,551.2732598510437,1604900
2015-03-09,545.7559814453125,555.7051288649335,543.1330023165845,553.5343837098246,1868972
2015-03-10,555.4564819335938,562.8052853786749,547.2936351020855,547.2936351020855,1823950
2015-03-11,569.95068359375,572.3022789363195,550.9115829757228,553.8511047561148,1966554
2015-03-12,561.2903442382812,570.3802382832321,557.7176839348233,569.9506379852962,1995764
2015-03-13,555.2302856445312,566.649193982975,551.9515891909186,566.649193982975,1215886
2015-03-16,551.6124877929688,557.1523549587519,546.0952544116442,557.1523549587519,1130904
2015-03-17,557.265380859375,559.9787850266756,545.2811791204637,554.0997426641909,5156560
2015-03-18,549.6904907226562,557.5593742757227,547.2032034343184,556.2705182671816,1164304
2015-03-19,546.02734375,557.0844429907218,543.1330351032517,555.3433531280542,1550130
2015-03-20,526.9884643554688,544.9421375953292,522.0591011985887,544.9421375953292,3144054
2015-03-23,536.12353515625,542.6809297237453,523.80015571044,530.2218579637607,2470122
2015-03-24,539.0855712890625,553.240462616091,531.0131500832206,531.3749593713397,2037534
2015-03-25,547.3614501953125,549.4643494873067,539.0856005231752,539.0856005231752,1495138
2015-03-26,543.17822265625,552.6299238846716,527.6892088321501,544.6479830921135,5380628
2015-03-27,537.4802856445312,544.9421490968954,530.154114518501,544.1281055476192,1580906
2015-03-30,542.8165283203125,548.2885490427408,535.2641868962914,541.7763679695161,1381266
2015-03-31,537.1637573242188,547.2033335943694,533.636308794509,543.8115773944043,1622908
2015-04-01,543.6305541992188,546.2987462025023,532.7995705098094,537.254064973984,1379942
2015-04-06,561.9686889648438,563.0314280089696,538.5203630239758,540.7815334175862,1813774
2015-04-07,573.8172607421875,580.5781940603803,556.9489609353735,562.534041360412,1322082
2015-04-08,576.236572265625,579.6057488726856,568.5033814831233,576.5983815671714,1054736
2015-04-09,576.3948974609375,578.7917046659026,570.2671043530413,576.5983806900298,1213928
2015-04-10,581.9122314453125,583.3819922785725,572.5510076044461,576.146246637908,928554
2015-04-13,564.2976684570312,580.1710725369918,561.2224548419102,580.1710725369918,1573142
2015-04-15,546.7056274414062,563.4834957689394,544.421823936209,562.6242402321158,3648224
2015-04-16,555.5695190429688,558.5090403077463,543.2461414329395,547.2258230731479,2282350
2015-04-17,553.760498046875,559.86565666152,549.0798874831822,557.1522528327889,914614
2015-04-20,537.118408203125,553.7606448461905,534.8120253781609,550.8211232524786,3364204
2015-04-21,538.3619995117188,547.090138706109,531.3750055628668,538.15851627218,1125000
2015-04-22,548.5372924804688,552.1777988214344,532.0307489448567,540.419713015245,1662436
2015-04-23,542.1607666015625,552.1777616060476,534.9928681244508,552.1777616060476,1658818
2015-04-24,530.0635375976562,544.9420494065566,528.2093889683471,541.4372353958506,4042390
2015-04-27,527.2822875976562,534.653724961163,519.5943084694348,528.2320233005078,2429722
2015-04-28,534.6310424804688,539.062958008926,520.0691289515645,527.6214150902521,1349770
2015-04-29,530.312255859375,535.7616428962864,525.0437182742371,534.9928671131977,1009096
2015-04-30,517.80810546875,530.9002621235285,514.5067740682952,529.1139592999453,3247284
2015-05-04,543.8114013671875,546.7282886732393,520.5213496662227,520.5213496662227,1616036
2015-05-05,533.2970581054688,543.5853837971366,528.4129077832856,543.5853837971366,1315182
2015-05-06,526.0160522460938,536.3495893645659,523.890519064449,533.2970094925499,2243846
2015-05-07,529.4530029296875,532.7316997234011,517.3557423459855,525.7899182424086,1957782
2015-05-08,533.79443359375,546.5700451165424,531.374992540923,531.827226577128,954900
2015-05-11,540.0805053710938,547.2031915419916,534.9928723918811,534.9928723918811,707060
2015-05-12,532.32470703125,540.080532289211,529.1138562096519,540.080532289211,1630000
2015-05-13,545.8011474609375,555.0040970018484,532.3019755354126,537.7061489795867,2096774
2015-05-14,554.9591064453125,556.8811014381569,540.6685194217422,546.2535997130178,2122604
2015-05-15,564.8628540039062,568.0962826783849,555.0493438766091,556.2477749203545,1670000
2015-05-18,571.465576171875,573.6589003036277,556.9940863731237,563.0087661981181,942950
2015-05-19,567.0336303710938,577.5028592599415,562.8730993555811,571.4655459694721,1390012
2015-05-20,565.6316528320312,573.1387258903125,558.9612015993529,567.0335671349796,1165122
2015-05-21,564.817626953125,571.0358443951598,561.471139547797,567.5536647093584,1292072
2015-05-22,567.8477783203125,569.6792933659614,562.5113936742414,567.5538151042869,1502662
2015-05-25,569.7698364257812,575.8975762486061,564.7047806471485,567.8478412214905,756930
2015-05-26,571.1943359375,575.6488310456157,566.1971267546066,569.7697873972053,705404
2015-05-27,552.9918823242188,569.1366176931267,548.9895663557388,568.0060324374789,1997572
2015-05-28,541.8441772460938,553.5117813042191,535.4676888974927,553.5117813042191,2378236
2015-05-29,568.9557495117188,573.3198199193604,528.9556626825051,540.4197868693636,6907312
2015-06-01,568.9557495117188,574.3373467147211,560.7703227765782,568.9557495117188,1242246
2015-06-02,553.8058471679688,571.9630566467665,551.2281349758337,569.3174983012898,1425648
2015-06-03,544.874267578125,555.5696155400572,542.7261555115273,554.5520887716688,1276568
2015-06-04,540.6910400390625,550.708035674631,533.6588334123498,545.8465194492134,1169336
2015-06-05,545.3264770507812,556.5644833661958,538.2037899939802,540.9850407427455,1311658
2015-06-08,545.5751342773438,552.1777399467298,537.5479804001493,546.2986976704747,1142562
2015-06-09,545.0325317382812,552.5622407721032,541.5503511446067,545.4395534814748,962068
2015-06-10,551.9515991210938,556.2478221376037,542.7712268040763,543.5852700889428,936760
2015-06-11,537.0731811523438,554.4389808259358,535.8973835878744,554.4389808259358,1028418
2015-06-12,539.4926147460938,542.2286529666582,531.827269298407,538.1585463138642,1206728
2015-06-15,551.8612670898438,555.4565059257567,538.6107865317127,540.4197228424825,1435222
2015-06-16,557.5819702148438,560.3180083989369,550.7532468514983,558.4864383478525,1340132
2015-06-17,566.8980102539062,569.3400299380019,553.3083550944476,558.735163644618,2391462
2015-06-18,567.0789184570312,573.1840787084556,563.0540791955038,567.6216324908831,1893300
2015-06-19,590.4141235351562,599.074360512067,566.9205340029856,567.1014386446984,3766568
2015-06-22,593.3310546875,598.1247244238308,586.9997781893102,592.42658661633,1686240
2015-06-23,604.2298583984375,605.5413480871433,591.0698595592952,593.7832636582667,1157398
2015-06-24,588.9669799804688,606.8528580109888,584.9195074796148,605.9709685268084,1481094
2015-06-25,587.8138427734375,592.7431497759349,577.7290013337764,579.1987620025316,2473112
2015-06-26,589.7583618164062,595.99921324055,584.7385753427325,587.9494257751294,1320310
2015-06-29,580.736328125,585.6430562036746,577.2767268293364,583.3818861025022,1287240
2015-06-30,579.92236328125,583.1784817901614,572.1439591623914,582.5453430352878,2502056
2015-07-01,582.4774780273438,588.8087549624236,575.7166008105537,578.8596054930124,1826964
2015-07-02,593.98681640625,599.1197172577221,583.0427740078749,584.2864176987972,1513902
2015-07-03,593.625,601.426036879248,591.5221007568982,596.948909020723,1733252
2015-07-06,597.740478515625,599.4137227629948,585.6432151902662,587.4521517622825,1210678
2015-07-07,595.9540405273438,603.2802099001632,592.87882697085,596.0444652536845,1246580
2015-07-08,578.4752807617188,593.3763728083428,576.3723810805764,593.331160437596,2030192
2015-07-09,571.6237182617188,584.1279981395619,570.2670163987558,584.1279981395619,958292
2015-07-10,565.089111328125,575.1738980928269,563.1896950877218,568.9104671857467,3604156
2015-07-13,573.2518920898438,575.2417330248255,565.7674514061976,574.3372648911387,1739946
2015-07-14,574.3145751953125,576.1461450694626,565.7447625446607,574.3372089781927,913798
2015-07-15,582.4774780273438,585.1908824280923,574.3598986101794,575.2417329586812,1395890
2015-07-16,582.8654174804688,588.7312643126891,578.4831534050577,583.3903886775804,1644288
2015-07-17,591.8810424804688,594.209115072839,580.6514732463502,586.0836797775553,2085314
2015-07-20,600.0064697265625,601.193324674613,590.1920001134234,595.7154811696051,1363818
2015-07-21,592.7940673828125,603.9323624610375,588.3205277616554,601.1478026223605,836144
2015-07-22,612.7197875976562,616.257562493452,591.1507729103855,592.5658717239995,1867150
2015-07-23,620.3201293945312,624.4741495075192,614.2260397381172,615.3444104796315,2399756
2015-07-24,606.99072265625,622.0547931858481,604.3887691269049,622.0547931858481,719700
2015-07-27,600.7140502929688,611.6925850225161,598.5000994694925,602.106357943805,900076
2015-07-28,599.8239135742188,611.4643319883303,596.4231077387158,602.5628355540097,1242534
2015-07-29,600.531494140625,605.7582479925278,593.4330990130264,604.3431494395834,1372156
2015-07-30,601.5357666015625,613.2903072883317,598.5457543510569,605.1420251802642,1368146
2015-07-31,622.4657592773438,630.8651325339321,603.932395327346,606.4887117819113,2508732
2015-08-03,610.7340087890625,618.0834388298549,608.0407241664452,618.0834388298549,831716
2015-08-04,622.7852783203125,625.3415945477221,610.2546758925453,612.2860766134219,1124208
2015-08-05,633.0790405273438,634.4941392071951,616.0977449220966,623.5612968843177,1282268
2015-08-06,637.8265380859375,642.482683761087,627.0762456430691,632.9193022409393,1255418
2015-08-07,634.6538696289062,658.2770708083777,632.2344663491416,636.7993361422763,4958870
2015-08-10,620.6854248046875,636.7765934522324,617.1704967795953,629.952134286865,1431622
2015-08-11,611.4872436523438,624.9079182016486,609.4102053073951,622.1462050124552,1486050
2015-08-12,593.1592407226562,611.46435895003,591.1506867042096,611.23611544165,1515180
2015-08-13,611.5100708007812,615.3445733521305,593.8896809578055,594.8482926647629,1535240
2015-08-14,629.107666015625,630.7738549641084,613.9751085160461,615.344569724632,1466162
2015-08-17,616.7368774414062,629.9065182497279,614.0663835064315,629.9065182497279,790168
2015-08-18,623.0819091796875,626.1860430731724,616.7595753660784,618.1290363678787,844484
2015-08-19,623.4014282226562,632.0974713787003,615.6639408146419,624.0176744741073,1065202
2015-08-20,609.2960205078125,627.7608972853055,606.0549739671013,625.3871871853929,1406780
2015-08-21,603.5899658203125,607.0364651314184,587.9552852914067,603.9323310873689,1548770
2015-08-24,567.5275268554688,592.5201929285329,559.1966381644474,586.5402236977634,2079760
2015-08-25,571.0423583984375,581.5415588107803,559.6530306753208,570.6087180621133,2133382
2015-08-26,554.8599853515625,576.0866322613508,550.1125090915522,572.9597072483751,2001506
2015-08-27,561.5702514648438,569.2392548947697,554.6316717699641,569.1022865135717,4865668
2015-08-28,563.2822265625,569.2622520643373,556.4577668061728,564.4919285046092,3995432
2015-08-31,557.3250122070312,566.9568771557148,553.1252982013996,561.9355199506319,3746160
2015-09-01,537.37646484375,556.1609157145217,533.6332937977038,551.2080429946342,3174664
2015-09-02,517.9072875976562,542.260855056098,513.7760584411798,540.9370317661467,4493220
2015-09-03,520.69189453125,528.6119326363238,498.5522755909549,522.1982681590614,2712720
2015-09-04,506.9744567871094,521.0799163912867,502.592192682266,519.4822118732232,2989644
2015-09-07,507.1114807128906,512.3610818471369,498.8262295171811,507.15711827370234,1389426
2015-09-08,523.0885620117188,530.620598916602,503.505254914318,507.1571515954736,2745142
2015-09-09,534.3636474609375,540.4349465822689,525.507788907258,531.8529690717943,3132170
2015-09-10,534.135498046875,540.2752824412685,524.0927827215056,532.263912244578,1425516
2015-09-11,532.4921264648438,545.4563694068905,529.5478073777404,539.9785249854776,1622658
2015-09-14,535.3451538085938,538.5634095956334,526.3523817854608,534.3636955688679,1439596
2015-09-15,525.827392578125,534.8886484891163,522.7232586525131,532.30948576433,1468462
2015-09-16,533.1539916992188,534.089812377833,525.4394056547939,529.0684551674431,1953384
2015-09-18,547.4420166015625,554.5860490594304,533.9756505479907,536.3950538571885,5269170
2015-09-21,541.0740966796875,546.8486130061635,537.3080786979784,539.5676671975982,2274848
2015-09-22,542.03271484375,548.8800203477804,538.0840908583895,546.4149792216265,4025672
2015-09-23,551.5504150390625,557.5988677593336,535.4820950074445,536.3722223636652,3068924
2015-09-24,557.37060546875,562.8484492571407,546.6431613831517,550.0668137508958,4290468
2015-09-28,557.6444702148438,565.9525664851822,553.650209235885,559.1736904163722,1689472
2015-09-29,570.4718017578125,583.8925311764914,548.514787427064,550.5233414427017,6506062
2015-09-30,576.9083862304688,579.2136125193371,568.6002880521511,571.1109669583672,5297210
2015-10-01,570.631591796875,583.3903810491963,567.4818203789026,582.9338940530702,2110700
2015-10-05,580.0579833984375,584.303334603318,573.1194035894265,573.1194035894265,2226118
2015-10-06,577.1137084960938,588.8682491279105,574.8312734219546,582.9339179351487,2787718
2015-10-07,587.88671875,592.9537128480143,575.173568092032,575.6529016881776,1427976
2015-10-08,580.9483032226562,591.0366567146727,578.4604151609358,590.8996882989738,9205452
2015-10-09,581.2677612304688,587.7727015503699,578.1179895098135,584.3034111911257,1427498
2015-10-12,581.9752197265625,585.4445093781767,575.1735530732965,579.8069067288656,1496340
2015-10-13,585.6500854492188,588.8683416990757,579.7385999673071,580.6972117044386,2852984
2015-10-14,588.0009155273438,588.8682520044559,581.1079727144748,585.649996244794,567184
2015-10-15,581.9524536132812,594.0722060194248,578.5060101215362,589.7812169802838,2148492
2015-10-16,588.3432006835938,591.1277599638084,578.9395805572681,583.3903283675842,1478824
2015-10-19,584.8740234375,593.3875179282397,582.4546198218741,588.8682850609756,1646242
2015-10-20,570.9054565429688,586.1292862842321,569.2621145485558,585.2163123180572,3016880
2015-10-21,573.6444702148438,576.9083638107879,562.3920531368423,569.6729993925104,1502156
2015-10-23,569.0795288085938,584.280512450818,566.2264850630362,578.1864221550092,1629182
2015-10-26,568.4633178710938,575.1280173306571,564.514693936877,570.6087846118286,1165248
2015-10-27,570.631591796875,575.333374422868,562.9854346117623,566.9568491886556,1624822
2015-10-28,560.0639038085938,572.069478310799,557.0054075161879,566.9568462699108,3883340
2015-10-29,560.4747924804688,564.6744508277775,554.1752492359918,560.5660675962092,2387748
2015-10-30,540.298095703125,560.041161875116,535.596312222289,558.055454225643,1933272
2015-11-02,551.8243408203125,564.446218476024,547.807288348567,547.807288348567,2576854
2015-11-03,562.82568359375,563.9897478556633,552.5775716546178,553.2166646665797,1311030
2015-11-04,572.5716552734375,574.9453653379497,562.8256134338396,562.8256134338396,908280
2015-11-05,575.0595092773438,579.6243793648797,568.600206958778,571.0652479507497,1734508
2015-11-06,570.4034423828125,579.2820936325322,553.7188176329878,572.8912746326462,2328754
2015-11-09,570.197998046875,577.4561537325654,554.4264029343784,557.3707222983893,1149942
2015-11-10,575.6986083984375,578.825533297178,563.9897053538355,569.2849435673721,1205674
2015-11-13,571.2478637695312,574.9453974596225,567.2763932906449,568.5089416696838,3279020
2015-11-16,583.3447875976562,588.2520231770202,565.2222190471987,570.6087882981388,4053098
2015-11-17,588.3204345703125,592.5200924430637,579.5102136798686,583.8468399342669,3017600
2015-11-18,583.5274047851562,595.2590994089479,581.7014566274602,586.5858456598911,1383404
2015-11-19,589.826904296875,592.497342386235,582.0894711132264,586.6314949569702,921622
2015-11-20,600.3945922851562,604.845341020971,589.4617497312028,589.8269059369544,3969672
2015-11-23,604.16064453125,609.0907272369311,596.7198829098742,600.394626157708,1826316
2015-11-24,602.357421875,605.2788939930576,598.8196477498904,604.1605231719426,2482202
2015-11-26,614.5457763671875,618.0607048506856,601.1935283012709,604.8225785631103,1818860
2015-11-27,616.8053588867188,626.3003130355596,615.9837155253055,618.9965192975355,3275350
2015-11-30,623.3330078125,625.29592423123,617.0334648289816,617.626920227252,4884086
2015-12-01,624.8851928710938,630.6369190992818,619.2247417721142,625.3873175287847,2366346
2015-12-02,625.5925903320312,628.5597558484961,622.4200279538309,627.6696284829611,2032040
2015-12-03,614.2945556640625,624.8166036812133,611.9664830251858,624.7024819271163,1129668
2015-12-04,600.41748046875,613.1534254612887,599.0251725810394,609.6841347872725,1567306
2015-12-07,604.2517700195312,607.7667530651623,596.9479786189548,601.8780601037464,1126844
2015-12-08,599.9380493164062,608.428696507093,594.3917210332643,602.5628496082604,1853618
2015-12-09,598.9566650390625,606.580032435729,596.2405892998949,599.3675145410297,2248652
2015-12-10,589.187744140625,602.4487136794227,586.1293035532326,599.8239134493361,1494658
2015-12-11,576.0409545898438,591.5615125398674,567.8698261714527,587.0422801097172,1292080
2015-12-14,586.4945068359375,591.7441072190984,560.7942670185373,561.9811220474196,2761612
2015-12-15,588.4346923828125,595.4645488314493,583.4589720693267,591.1507682176476,1552806
2015-12-16,556.0240478515625,573.0053430375579,551.6645744360794,573.0053430375579,6682490
2015-12-17,569.4904174804688,572.571704937917,545.7302452414058,554.631742340701,4996832
2015-12-18,567.5503540039062,574.4660880187358,563.7843359578637,568.3492063167032,2740974
2015-12-21,583.7783203125,586.1292392313766,566.0438135879338,566.0438135879338,1876456
2015-12-22,573.5986938476562,582.8653454102771,572.0466270877407,582.8653454102771,1222278
2015-12-23,571.4532470703125,579.8297724821031,569.353417988319,575.4018708152144,1002636
2015-12-24,574.1465454101562,580.1949983830718,571.6358668176252,571.6358668176252,693062
2015-12-28,570.3349609375,577.958272777706,568.3264066688258,575.1737127732696,1232286
2015-12-29,577.2734375,579.692840840975,570.6087385781096,570.6087385781096,862010
2015-12-30,576.5430908203125,581.9752973575419,574.7399894290044,577.4789114756567,940950
2015-12-31,580.8112182617188,583.3218967399168,573.0281484134109,574.7171280093401,1163700
2016-01-01,577.6158447265625,584.0523006208489,575.1736502926417,580.6286479405355,486818
2016-01-04,567.1851196289062,576.5431034940109,565.9069336896331,576.5431034940109,727368
2016-01-05,570.2435913085938,580.6058806093977,565.9069644040301,568.7828550617261,1466066
2016-01-06,559.7215576171875,569.7870627384923,556.9141513651933,566.0895291077372,1178150
2016-01-07,546.620361328125,556.4805255663274,536.3722499900607,556.4576789258587,1954754
2016-01-08,546.871337890625,551.5959664347126,543.9954479645708,547.327824817078,3530992
2016-01-11,530.7117919921875,542.3065733069201,526.8316523683585,542.3065733069201,2263750
2016-01-12,539.5220336914062,541.8272597664445,527.7218550714656,531.3509046825981,1162522
2016-01-13,550.089599609375,554.3805321906973,537.2394813308981,541.8956257471639,1652518
2016-01-14,542.5576171875,547.6930956634611,526.1468769791018,544.6345994925618,1620082
2016-01-15,537.37646484375,547.57899369662,534.0897807898318,546.8714165694176,925828
2016-01-18,532.1041870117188,541.8958127919257,527.7675596615393,535.778874648021,1228894
2016-01-19,526.101318359375,532.6291053798349,517.4509111625254,532.6291053798349,2012000
2016-01-20,525.302490234375,529.7988766815101,502.59225874259994,519.4822801535684,2616840
2016-01-21,519.8017578125,531.0770208668046,516.8345921229748,527.2425186771767,1634526
2016-01-22,547.2822875976562,550.066847214788,520.7831943698129,521.536409081241,1505188
2016-01-25,537.878662109375,556.0240206198085,536.0070208037034,550.5233299014549,1650040
2016-01-27,537.1483764648438,546.7802993590504,525.0514676801172,538.3809251336295,2116716
2016-01-28,549.6788330078125,553.8784911246205,537.5134432951147,537.5134432951147,1347616
2016-01-29,562.962646484375,566.0439340284817,548.8343947752479,553.2622968084837,2034158
2016-02-01,559.8128051757812,565.3134956566978,551.3677959191017,559.6530458750865,1027972
2016-02-02,550.8199462890625,566.6372290143801,547.784297164244,560.5430841296277,1032894
2016-02-03,549.1538696289062,560.5660448082268,543.2195385356596,545.4106984594937,1042488
2016-02-04,549.8385009765625,557.7813846135768,542.7629536414552,551.4362052135222,887888
2016-02-05,556.6859741210938,558.4206472523708,545.3422817340966,549.6104246345197,1290006
2016-02-08,548.583251953125,564.9939373048397,544.9998401497663,560.5660356966403,1042654
2016-02-09,540.1154174804688,555.4534258661315,537.7417072759563,543.6760385107503,759394
2016-02-10,539.7045288085938,548.6744525568673,530.1867315773975,538.6545865623337,1233280
2016-02-11,514.2782592773438,539.1111640053583,510.3296354580889,537.2852159477618,1382986
2016-02-12,531.9215087890625,537.9928085441575,498.1414687543999,514.2326364736142,4933968
2016-02-15,560.0182495117188,561.9126259004477,530.2552649731999,530.8943578900822,1493674
2016-02-16,550.546142578125,566.2264591411615,547.8528582609152,561.0224964428,1198744
2016-02-17,547.9669799804688,551.4362698713818,541.165312858049,551.4362698713818,1079510
2016-02-18,553.99267578125,558.2608185775136,542.4663777053763,553.4905511681926,1406810
2016-02-19,561.5931396484375,570.0609959069366,548.4462915741315,552.3492777684287,1361338
2016-02-22,564.697265625,570.1522629854566,562.3007088750612,562.3919839856545,1101500
2016-02-23,551.755859375,566.5460505196424,549.4734241898242,564.6744648125014,1709506
2016-02-24,556.2750244140625,558.7400652584338,545.3649744134159,547.7843777043469,1284148
2016-02-25,561.0453491210938,567.2535609493475,555.5675053214271,555.6587804286847,2585106
2016-02-26,561.5018920898438,569.6273277687369,560.5432247505097,565.1309416795596,1777842
2016-02-29,560.6116943359375,579.2820244727076,554.6545721992265,558.8313838252432,3427866
2016-03-01,578.8712158203125,584.1664544451811,551.4819928742507,555.6588605182285,3171988
2016-03-02,547.396484375,579.7385823312146,543.0598571843335,579.7385823312146,4975766
2016-03-03,554.79150390625,560.7030444123216,547.9441984174902,553.2622834917966,2128882
2016-03-04,555.2479858398438,561.0225578937047,552.600394509279,554.6317394962175,1402812
2016-03-08,556.6403198242188,563.3050196084321,554.6089190179389,559.1966361590999,1459818
2016-03-09,564.0125122070312,565.1308830221548,552.8970096301716,554.586044895603,1762268
2016-03-10,559.8128051757812,569.4218785383257,557.3706109408488,562.3919677961717,1316558
2016-03-11,557.1423950195312,564.058184357225,555.0882034770586,556.2750585568959,1353850
2016-03-14,553.2850952148438,564.1950900262563,550.0668395488258,561.4790146431998,1425720
2016-03-15,550.089599609375,555.658717889497,546.688738532409,554.5859847441664,1281014
2016-03-16,553.3079223632812,554.631745905619,540.4806478619365,550.0212380102835,970990
2016-03-17,547.0768432617188,559.1965958530825,543.2195502572802,556.5033113079447,1315728
2016-03-18,558.0783081054688,560.2009284720895,545.5020666231991,547.8301396122006,1669452
2016-03-21,560.543212890625,561.4790335693124,555.1566994986207,561.0225465501503,986906
2016-03-22,572.0466918945312,577.8440544716817,557.8271107818628,561.4790067607947,1927934
2016-03-23,570.31201171875,575.9953081973589,567.093811862595,572.8911743655758,1591314
2016-03-28,567.80126953125,577.9124664033071,564.8113135064724,576.0865186421593,2335552
2016-03-29,562.506103515625,572.0694838382333,560.2693060798078,566.1351528618054,1942358
2016-03-30,556.800048828125,570.0838101129352,554.9512540871893,567.8698591860524,3656452
2016-03-31,552.6687622070312,560.0182471347207,549.6103217425515,556.4576264154239,5135346
2016-04-01,545.59326171875,551.1624367734229,542.3065774779856,550.8428624266597,4983622
2016-04-04,568.7372436523438,570.334948374855,541.7131760546141,546.6204119880415,2898226
2016-04-05,554.951171875,569.5816011504754,554.2664414388344,568.7371114239055,981922
2016-04-06,557.0738525390625,564.628734044236,554.449052509414,556.9140932471764,1253168
2016-04-07,553.55908203125,563.3050702791385,551.8928930044395,559.1510488958525,824062
2016-04-08,562.506103515625,565.4047848094087,551.7558124189228,554.586065241787,971094
2016-04-11,564.2179565429688,565.7700235551844,552.3721406670908,565.541780045256,998468
2016-04-12,566.02099609375,570.0609503565678,561.0681236145494,564.6743818218155,2127960
2016-04-13,608.2462158203125,616.1434649619849,571.1110012753282,572.4348250137649,5955162
2016-04-18,611.9893188476562,618.4029278804321,600.7825405040186,607.1277210643559,3446600
2016-04-20,605.3246459960938,613.9522062497219,595.3960531333657,613.9522062497219,3542876
2016-04-21,597.3817749023438,610.9394176751023,594.4146091479979,609.3873505973568,1693322
2016-04-22,605.3017578125,609.4557783390602,594.6427975809413,597.997965863028,1421344
2016-04-25,605.530029296875,608.9308352911198,601.3075243809337,604.9822671647527,1211802
2016-04-26,618.014892578125,623.5612205823254,606.2831993704818,608.9536370840572,2435670
2016-04-27,632.1204223632812,634.2202515817277,615.8922859630144,618.0834460226632,1671196
2016-04-28,613.7467651367188,637.7123323882455,612.1490606532836,634.2201957297495,3997186
2016-04-29,607.5613403320312,614.2717325553742,601.7868244561555,613.5185178731049,1806098
2016-05-02,610.1177368164062,613.9750297697931,599.4587205311842,602.1063674842803,1204758
2016-05-03,605.233154296875,617.3072664170475,600.7367694091432,610.3229944529062,1916636
2016-05-04,603.0193481445312,607.0820937316913,596.1720429044344,605.2561456676655,1044784
2016-05-05,602.9508056640625,607.5841595733541,596.2861070193042,604.8452377420692,1343540
2016-05-06,607.4930419921875,608.9537783915742,596.4003834097389,598.7740939896227,1092306
2016-05-09,616.0748901367188,619.2246618170188,607.5386048876226,607.584242446334,1891170
2016-05-10,616.2118530273438,618.5170790950555,608.0407240445053,615.1162730104886,1346258
2016-05-11,615.4357299804688,616.7139158259882,598.97940762958,610.7795850297352,2414330
2016-05-12,609.13623046875,622.2830219121429,607.6982853530722,620.0690712285158,1287602
2016-05-13,599.2532348632812,607.858002600449,594.3460002224278,607.5841215791486,1207170
2016-05-16,600.8739013671875,602.5628810929664,595.9438191415665,602.5628810929664,1124564
2016-05-17,612.582763671875,616.896599652528,601.8781648272659,603.9323565160962,1869828
2016-05-18,605.3017578125,609.3645032290959,599.1391833551329,609.3645032290959,1679064
2016-05-19,598.477294921875,606.8081825505258,595.9437698193744,605.3017531830644,1311608
2016-05-20,590.2833862304688,603.4987196058137,588.0922818504877,599.2762144432428,1558094
2016-05-23,586.5629272460938,593.912412260343,584.3718231590733,593.8895656217611,732148
2016-05-24,591.0593872070312,594.7569207455488,574.8312521412741,580.5373396153785,1391044
2016-05-25,598.7968139648438,601.649857675368,593.433091789058,594.3004282217594,1755228
2016-05-26,611.2818603515625,616.2347342085267,596.1721485879507,601.6271471068311,2812820
2016-05-27,608.8167114257812,621.7353162780863,606.0093608539966,611.2361149018778,1473552
2016-05-30,607.5158081054688,617.0335524038021,599.276249897047,608.9537535257394,4824894
2016-05-31,603.61279296875,614.1119941527664,599.9380502649395,609.2731872891495,2957786
2016-06-01,608.839599609375,615.8010270838215,605.4159467530899,606.6712861337278,1890434
2016-06-02,608.6112670898438,614.3629919026384,607.4015654461449,612.6055281714384,1523970
2016-06-03,618.1746826171875,620.1832365927783,612.9479286762123,613.9750244420075,3376508
2016-06-06,625.250244140625,632.9648858633136,621.3016760271524,621.9635599115982,2434724
2016-06-07,629.0162963867188,633.1246797591815,626.7567078212705,627.66968190404,3529094
2016-06-08,632.8279418945312,638.1688174334328,629.9292049046344,629.9292049046344,2266562
2016-06-09,626.9393310546875,635.9777412890041,623.1961037780972,631.3215956280093,1386668
2016-06-10,628.0576171875,641.3185866027175,622.4428606165283,624.8165706869946,2835080
2016-06-13,619.6126708984375,628.3544088351442,609.5243184868335,620.0235203780128,2380866
2016-06-14,618.8136596679688,623.9491375350701,615.846494678088,621.2787001888777,1174906
2016-06-15,618.7910766601562,624.839530402484,616.3488262306646,619.9094477042353,1365592
2016-06-16,613.4957885742188,622.7396519396627,611.3274749452875,619.4529672546909,1998934
2016-06-17,613.5185546875,620.7310718906422,611.3273947027822,616.3944452020029,1931630
2016-06-20,616.6454467773438,618.0833919579894,607.1505507042666,611.7154206596432,2144048
2016-06-21,623.9492797851562,626.1175931567162,618.4486445608859,618.4486445608859,1986504
2016-06-22,620.5941162109375,630.2944655816491,615.846639962451,623.470006784366,1218652
2016-06-23,627.5556030273438,629.9750068014179,620.1376880979425,622.1233957189552,1998834
2016-06-24,634.014892578125,638.0776385811752,600.2804874972633,610.7796899401812,2768948
2016-06-27,635.3386840820312,639.6753109587592,629.0391406453781,636.8679045201743,1746496
2016-06-28,643.007568359375,645.4726092707403,633.1018228827429,634.5625589735838,2010980
2016-06-29,647.1845092773438,650.8820432041598,642.7337605801446,645.7009263782774,2111922
2016-06-30,652.753662109375,655.9719182356381,646.1574462509017,653.232995821293,4694178
2016-07-01,667.8861694335938,673.2727387333366,653.9176773142027,654.1459208315899,2329862
2016-07-04,668.9361572265625,674.436792934178,663.0246162915913,672.2684793720865,1728496
2016-07-05,666.3340454101562,677.42670169634,664.3255472076546,672.2683763549355,970110
2016-07-07,665.0103149414062,670.8989529375618,661.9061809070575,664.1886160136336,1597782
2016-07-08,663.4810180664062,668.9817087904233,660.559545800276,664.5994446677165,1428498
2016-07-11,671.9260864257812,675.4182234794292,666.9275755514042,670.1001382380978,1316600
2016-07-12,673.38671875,675.7376376289427,671.0586465073928,672.5193824217926,940948
2016-07-13,668.5023193359375,675.6007139919449,666.5850963559037,672.8617921784639,1505342
2016-07-14,660.6508178710938,666.9503608284002,652.6166577291964,664.4396823013378,1832622
2016-07-15,668.6621704101562,677.9744604993325,661.4952911776506,665.5123990101066,2521152
2016-07-18,670.4425048828125,676.3768365048176,668.0687945234171,671.0359603344197,1474504
2016-07-19,664.9189453125,673.3183171593938,658.802008439028,670.2141833061363,1392118
2016-07-20,667.1101684570312,671.8347981554804,665.6037389422722,668.297023611091,1445068
2016-07-21,660.4132690429688,670.1018997685742,657.7437574873983,668.3068494730989,2491952
2016-07-22,663.0366821289062,665.844295496354,661.2185964200503,661.4027141884585,2033726
2016-07-25,673.6689453125,675.8552107699924,661.978167208094,662.7836334292754,1919612
2016-07-26,666.9030151367188,676.4535434713206,664.71674961434,675.6711130214684,2004548
2016-07-27,669.1353149414062,673.7609585515077,660.9425505456554,667.6394491410766,1342568
2016-07-28,668.5369262695312,673.3697233269013,665.6142459527607,673.3697233269013,3059592
2016-07-29,675.095703125,681.1482171716491,668.5369073046276,669.2273068646668,3784502
2016-08-01,676.6607055664062,687.5229821137913,670.170960118657,677.9264382531429,2556022
2016-08-02,671.0453491210938,685.1985403667109,668.2607712210842,681.1942453175051,1498848
2016-08-03,665.7753295898438,676.5455742954662,663.0597466663314,672.771356206646,1345026
2016-08-04,660.804443359375,674.1982404530823,658.6872291712356,671.896908469265,1361794
2016-08-05,683.0352783203125,685.7968764806371,664.6246239181477,664.8547570981748,1870776
2016-08-08,689.4100341796875,692.8160168664607,678.3176248842029,688.0982861420753,3560014
2016-08-09,681.5394897460938,694.5189800939205,675.6250775873299,693.6214830642332,1546836
2016-08-10,666.9949951171875,687.637929763684,660.4822150005934,685.3365980041001,6602056
2016-08-11,654.314697265625,668.6289709431367,649.4358847053778,665.1769729734058,3344252
2016-08-12,667.7774658203125,679.813442887693,655.4423605539845,657.2603902800445,3848548
2016-08-16,664.4636840820312,672.6103779239196,658.8023841682644,668.4219643883449,3017988
2016-08-17,667.6163940429688,670.3549565704413,660.7814494360679,664.4635805304104,1181104
2016-08-18,672.10400390625,675.4178994793003,668.6520059406298,670.193887128301,1371966
2016-08-19,671.5056762695312,675.8552276836799,668.122729292882,672.9095113355252,1527874
2016-08-22,664.4176025390625,672.886459585004,660.5053380310417,672.1730803562249,1207950
2016-08-23,664.0262451171875,666.8108790272755,658.6411512600733,666.4196638641274,900824
2016-08-24,660.4132690429688,668.1227316660228,659.1935517790646,664.0954004450244,1003038
2016-08-25,650.7476806640625,665.0849911921327,648.055133286175,665.0849911921327,1965574
2016-08-26,655.810546875,659.2165293580885,651.3689650265384,653.0719843605133,1336100
2016-08-29,654.6829833984375,657.6286997969924,650.58660092114,657.2604641778478,1113022
2016-08-30,660.9425048828125,662.3002681953619,655.8795748314817,657.2373381440312,2720064
2016-08-31,661.2188110351562,666.6269421514709,658.3881609585787,663.7042612532456,2587538
2016-09-01,669.020263671875,674.2902915998529,661.8861343068254,662.3233649229954,2331330
2016-09-02,678.2485961914062,679.3532468541587,660.7584719499035,671.9889840156312,2816632
2016-09-06,685.7279052734375,688.098288541171,680.7800413257334,681.1942923350723,2300042
2016-09-07,685.2216186523438,690.3996157706234,681.5394873682337,688.0982837180546,1940376
2016-09-08,686.7634887695312,690.3996045906815,682.367978331222,687.6380061723188,1721426
2016-09-09,677.7193603515625,689.0189249820309,672.4033161843687,687.6611613312662,1298158
2016-09-12,656.31689453125,671.0684561124702,651.7372660186954,670.378056466264,1374956
2016-09-14,649.6890258789062,659.2855685868836,647.042494215431,659.2855685868836,2284122
2016-09-15,647.2495727539062,655.0050497309102,642.3247451453844,653.0719534808953,1365672
2016-09-16,647.4337158203125,658.7332217585773,644.8562353246812,649.8961297207383,1548846
2016-09-19,652.1975708007812,657.9509015241473,647.5949062220884,652.6118218498377,1107456
2016-09-20,648.9066772460938,656.6391764846031,646.904529320816,654.959192617233,1226474
2016-09-21,647.548828125,656.3168695876662,644.9252758582052,648.0551099426698,2095174
2016-09-22,650.6325073242188,654.728889115233,648.1470577735585,653.5782232292659,1936070
2016-09-23,649.0216064453125,656.8001194472876,647.6178277075152,653.0719730335777,1472766
2016-09-26,635.2597045898438,649.0216820920015,633.3266080566409,649.0216820920015,1781186
2016-09-27,631.347412109375,640.1155096936308,629.9436332698241,635.167645786238,1958762
2016-09-28,633.6718139648438,639.7243288180422,630.5650155306598,633.165532123654,2085302
2016-09-29,627.9874877929688,651.7141870170124,625.2028535972674,638.343481799499,5270206
2016-09-30,646.9965209960938,651.4381034392181,621.3597024148509,630.7951645626318,2137750
2016-10-03,664.5556030273438,668.3067852697903,644.395969248717,650.3563964092381,3603220
2016-10-04,651.4380493164062,669.5725570283169,649.435901678608,667.6164247943451,3167876
2016-10-05,644.0048217773438,656.2939702263382,641.9796942590422,656.2939702263382,2300598
2016-10-06,631.8997802734375,648.0091049994018,628.4937975229748,648.0091049994018,2127622
2016-10-07,632.4060668945312,638.8497968337768,630.5650011976039,632.866333318763,1374730
2016-10-10,633.7409057617188,638.8498522771047,632.8433524456518,634.2932030447822,729386
2016-10-13,630.4498901367188,637.4229372091147,622.7404280744519,625.9853286104255,1654226
2016-10-14,624.6275024414062,633.7868147779288,622.7864368937579,633.7868147779288,1595846
2016-10-17,604.3758544921875,626.1464796993534,602.0515426681666,625.8242594786384,1865522
2016-10-18,613.6961669921875,614.4096023556622,606.4239918936986,607.7357398407014,1576968
2016-10-19,611.187744140625,616.1585873898402,603.8925331722182,616.1585873898402,2310602
2016-10-20,610.9577026367188,618.4600121304193,608.932519000951,612.1543841808501,1040256
2016-10-21,610.6585083007812,612.154374252903,607.7358276005325,610.7275595047761,812896
2016-10-24,616.4117431640625,618.2297728726818,607.7126974333061,611.463879629238,1778610
2016-10-25,600.141357421875,617.1481780659086,598.0241432639164,616.756962871209,2905508
2016-10-26,602.4656982421875,609.852996637669,594.9633894284317,598.3923517280334,1250544
2016-10-27,598.2313232421875,605.7566685237823,595.1245246794756,602.9490543929722,1908564
2016-10-28,603.777587890625,605.1813669366162,593.7437562033175,597.4258880247335,1498016
2016-11-01,610.4743041992188,615.7443879811908,600.1873618040435,607.9658748926171,1854896
2016-11-02,630.2427978515625,638.159357380462,601.3380457393246,607.0913756832523,6050492
2016-11-03,626.3994750976562,633.1194088471483,622.7403800392182,626.4455466811701,2224808
2016-11-04,631.6466064453125,640.6908527808077,619.6336641926454,625.9623274295247,3198050
2016-11-07,634.22412109375,641.3122355354427,630.8411739830169,637.0087555409798,2123570
2016-11-08,637.2848510742188,639.1259166882912,629.2072094033939,637.0087024690806,884762
2016-11-09,613.6961669921875,625.502010884935,577.1049897549893,604.7900237695397,3743020
2016-11-10,608.1499633789062,634.4541408806666,602.9489310417781,625.0186805094021,2512840
2016-11-11,570.8223876953125,606.1708709828364,566.8641077474318,598.3463418964975,4555506
2016-11-15,569.9479370117188,578.9921273223795,538.1665178658565,571.6509003116474,4130936
2016-11-16,569.5105590820312,588.3814795031564,561.317851732067,576.2534723719169,2696932
2016-11-17,561.364013671875,573.0317574971929,557.3826974530928,566.1277604189135,1058432
2016-11-18,570.6613159179688,573.9522320943765,561.9853050418875,562.5606380732571,1094450
2016-11-21,552.0435180664062,573.3538181608941,547.7170027739089,572.7784851747871,1510636
2016-11-22,561.1107177734375,563.1819164286313,545.415645867718,556.9223050632395,1287998
2016-11-23,548.5454711914062,564.5166914347777,546.3821855850623,563.8032561017036,1161412
2016-11-24,535.6118774414062,552.227536024197,532.9883819729928,546.7963711432776,3266868
2016-11-25,539.8924560546875,542.4239211086524,530.8021951790864,538.4656415339703,1527176
2016-11-28,535.0597534179688,544.9324463941846,532.0680214633736,540.8130840998824,1327884
2016-11-29,545.806884765625,552.7799317781502,533.9320456706502,534.3692762651394,2076356
2016-11-30,545.4617309570312,551.3531636917857,543.3675524268047,548.6375805377212,1876180
2016-12-01,533.9550170898438,549.5580586347886,532.4821871453364,547.716993111724,1331604
2016-12-02,527.2582397460938,535.7501330407041,525.4631894035714,532.988534416783,2193510
2016-12-05,543.7127685546875,545.6918805376184,529.3064064952605,532.9194868156676,1325654
2016-12-06,540.9971313476562,548.8446396631869,539.45525016301,545.8759438925225,1087404
2016-12-07,544.034912109375,550.4326266274991,538.5117150321224,544.4491631271421,1875400
2016-12-08,556.55419921875,558.8555315942574,546.3363059454464,546.3363059454464,1803138
2016-12-09,546.9575805664062,561.0647573596325,544.4951664942126,561.0647573596325,1954666
2016-12-12,536.486572265625,550.2025351894508,534.9216550712823,546.428316522522,1082646
2016-12-13,537.3150024414062,540.5828826191599,530.7331704983645,535.7500854565366,1501832
2016-12-14,540.3297119140625,544.9554116575671,533.4717875767349,540.7209832976865,1104776
2016-12-15,546.1290893554688,550.8468196959817,536.716608282261,538.5116583805013,1923330
2016-12-16,543.5745849609375,547.2336801418958,537.5451067288254,545.4156504476807,1602460
2016-12-19,541.756591796875,547.6249884315696,539.4322239891877,544.6332568138822,1482614
2016-12-20,542.4700317382812,545.8990505333417,538.5117514687329,542.2398985111579,1064722
2016-12-21,547.9241333007812,554.4829297389264,540.813039636528,545.8759702203592,1676032
2016-12-22,544.7713623046875,549.051862789735,539.9155849385018,546.3362794812033,1711402
2016-12-23,539.2481079101562,543.9428589437962,531.6076968376016,538.971959304616,1540542
2016-12-26,528.7078857421875,539.8923795051088,527.3501226069723,539.4321131969203,2124360
2016-12-27,537.2459716796875,539.1790681443191,525.3480961161293,528.8461096251539,1161856
2016-12-28,540.3988037109375,545.3697036241463,538.5117225867097,539.0180044222536,2138830
2016-12-29,540.7901000976562,542.6542018910795,537.752352443638,542.1019045666673,1667556
2016-12-30,545.277587890625,547.1647251002657,539.4322270171999,542.3088920503548,1023018
2017-01-02,566.0357055664062,567.5085357399587,538.6268158553826,545.1856128012823,2106528
2017-01-03,562.6987915039062,567.1633537582637,559.2237572053483,566.1277542078835,1553022
2017-01-04,562.4224243164062,566.4727905292534,558.3030631013482,562.744644461096,1130816
2017-01-05,564.907958984375,568.4290082074099,555.7256667103546,563.3660777699349,2508486
2017-01-06,561.732177734375,570.270143027664,560.2363117417682,570.270143027664,2254066
2017-01-09,554.1607666015625,563.3430591556073,552.7799673492331,561.202865262389,1042782
2017-01-10,558.5333251953125,559.9601399229911,552.7799946926825,552.7799946926825,558120
2017-01-11,567.0482177734375,569.6947496339873,558.6023403771778,560.2592882181143,1411696
2017-01-12,558.4871826171875,568.4979754122425,557.0142966329788,568.4289242249607,655710
2017-01-13,560.535400390625,564.7468490101915,559.5228368272243,562.3534863049566,787588
2017-01-16,557.3826904296875,564.6549230677889,555.7257423887535,559.22375629403,980302
2017-01-17,554.3678588867188,558.9935588131739,552.6648956318802,556.9223599538414,957954
2017-01-18,559.0396118164062,561.7091796663702,553.3783682643959,554.6670805970689,1958376
2017-01-19,557.2905883789062,558.6023364026116,553.5854213265538,557.8428855936672,787858
2017-01-20,548.66064453125,560.0522391757013,546.3822918914381,556.9224048398437,1537666
2017-01-23,547.2107543945312,554.3908992625778,541.8946548043687,550.4786347181761,1086802
2017-01-24,561.8472290039062,563.4581615673309,546.3362722243078,549.9723883901544,1587220
2017-01-25,572.4793701171875,574.596584317712,557.8428761405448,567.5084705291185,3701216
2017-01-27,576.1155395507812,584.4693875303851,572.3413768297138,572.4794792498226,1632060
2017-01-30,573.3077392578125,576.8287879797588,567.9916967659202,576.1153526820634,880280
2017-01-31,570.7763671875,574.6656520859738,566.2427542590983,571.2826490045283,1846324
2017-02-01,599.4509887695312,601.8443516481416,565.2071563344452,571.6508861297891,3047124
2017-02-02,582.2139892578125,597.2416992046493,579.3143445040417,596.9655505878425,2895658
2017-02-03,580.2578735351562,586.2643730003929,576.3916804196916,582.6742723247555,2265052
2017-02-06,582.6512451171875,584.9985925126417,579.0151293319459,580.8561949260062,1710456
2017-02-07,579.4523315429688,582.5591295807099,572.9396072709998,581.8457504088855,2674292
2017-02-08,587.8983154296875,589.6012786943589,579.9816993662757,580.0967659702364,1681180
2017-02-09,594.5260620117188,595.9298969480625,582.0068389193474,588.6807014455084,1524034
2017-02-10,588.0593872070312,601.9594102496948,585.7120397640468,595.1244653303216,3535424
2017-02-13,597.7249145507812,599.7040261709791,558.6713254749844,591.8794981177433,1752192
2017-02-14,599.1978759765625,604.7441092589164,591.442397410911,599.4510450019317,1834652
2017-02-15,598.737548828125,606.999364607052,597.4718161993216,598.4383644243441,2093830
2017-02-16,607.4825439453125,608.288010075228,598.5764011172183,598.8065342971942,1932262
2017-02-17,606.2399291992188,612.0852902868412,603.8235304828221,608.4722101097739,1750224
2017-02-20,605.6875610351562,609.645897117345,600.4635485076789,606.1708632406151,940842
2017-02-21,603.70849609375,606.6081409972438,599.7271800925395,606.6081409972438,1125370
2017-02-22,603.5012817382812,605.7105829341749,600.3484681324734,604.9971475396004,1207634
2017-02-23,600.57861328125,605.4804617800684,595.8148671792463,604.790062165724,4754094
2017-02-27,595.5157470703125,599.6811810005199,589.6013343058579,599.6811810005199,1495124
2017-02-28,603.9385375976562,606.5390538637316,594.157877089967,595.9989425972967,1350030
2017-03-01,620.7843627929688,625.4100630026487,597.5639432999799,605.7106368382183,5875460
2017-03-02,609.85302734375,626.4226190300708,604.3298301149764,623.6150050090844,1599896
2017-03-03,608.4953002929688,613.0749291289551,604.951214814559,608.9325309591649,714316
2017-03-06,612.0623168945312,616.2967455475732,605.8026485415245,608.5412674921816,2634892
2017-03-07,607.666748046875,612.9828477334263,604.1917140616587,608.9784961221029,1357652
2017-03-08,599.9802856445312,608.9554804063941,598.3232816636815,608.9324446125468,1755722
2017-03-09,600.1642456054688,603.7773811660463,597.4716988699216,599.2667487552376,1947556
2017-03-10,599.6121215820312,607.5517178954375,598.0472044050235,600.1644188516246,921202
2017-03-14,610.313232421875,624.7425724944244,605.3423329417792,610.0370838251724,1826798
2017-03-15,609.1856079101562,616.1356192186764,606.1248251548045,610.7735044946185,2281418
2017-03-16,607.9659423828125,613.5351549832716,606.8382559114202,610.4974077634637,1868436
2017-03-17,600.1183471679688,613.0518220461003,598.3463327272494,608.9324601524238,2367164
2017-03-20,598.4383544921875,605.917683538257,596.6893758723324,604.7900533252566,1482690
2017-03-21,595.7689208984375,601.1080006318534,584.9986744280901,598.9677503420935,7791312
2017-03-22,584.9296264648438,592.8232075854283,578.8541315939726,592.8232075854283,2647756
2017-03-23,586.6325073242188,589.6012028505771,583.3415916373006,587.2998710673976,1991010
2017-03-24,587.2080078125,592.3629700036952,585.1368086166829,586.4255210720447,1450556
2017-03-27,582.5822143554688,591.1661942258445,579.498451851195,586.8396786910706,2196248
2017-03-28,587.7601928710938,590.8209756684366,584.5383280707041,585.5048762738484,1746870
2017-03-29,584.8375244140625,591.3042337560208,581.3164751447403,591.3042337560208,2308496
2017-03-30,589.072021484375,592.5010403449434,580.3729740959507,584.8605721105877,8849392
2017-03-31,592.31689453125,596.0450414687139,585.6890465397207,587.7602455255194,2188282
2017-04-03,592.1326904296875,600.6476183526951,589.1409589972794,597.2416359465201,1935486
2017-04-05,594.0889282226562,595.5847942050104,584.4923838497582,592.5930622403021,3975030
2017-04-06,593.2374267578125,595.5387589617105,586.9087631970929,592.7771603170329,1084388
2017-04-07,587.0928955078125,593.6286566543271,583.963061159277,590.9821245544919,1710604
2017-04-10,589.5093383789062,590.4528509653002,583.3877716345507,589.1411027157594,1087208
2017-04-11,589.8544311523438,591.8105633648076,584.5613675186177,587.7601965450544,1414324
2017-04-12,589.117919921875,591.9025539443128,583.9859948258444,591.9025539443128,1663874
2017-04-13,589.3711547851562,589.923452018935,584.1011267145575,585.9191566118734,1104418
2017-04-17,584.2391967773438,588.427610161578,582.5362334162944,584.5614169975885,2118848
2017-04-18,581.3855590820312,586.287407855758,579.2913243271239,586.287407855758,1951614
2017-04-19,579.6824340820312,584.0319848158159,576.7137385879834,581.7766684558748,1718390
2017-04-20,585.3207397460938,587.7601740622702,579.0151127410618,579.0151127410618,1324892
2017-04-21,579.107177734375,586.6785939309297,577.6803630925959,584.5383438758287,1331830
2017-04-24,582.0528564453125,584.9985725321714,579.2912581485438,579.2912581485438,1137378
2017-04-25,601.7752685546875,603.3632213095825,588.9798966358705,591.4423105830376,11584768
2017-04-26,622.6253662109375,625.7781797816123,605.020176591593,606.5160423762431,5752818
2017-04-27,615.4683227539062,627.6653846358522,613.0749595000777,623.0627197747406,2318584
2017-04-28,614.7088623046875,619.1503884730874,606.470081846816,615.7444617877612,1052588
2017-05-02,617.1942138671875,622.625379925029,610.4513559757501,613.5811338216532,1634378
2017-05-03,620.7383422851562,623.2927873028289,613.9723919417451,617.6775592382464,1811584
2017-05-04,614.40966796875,621.8199462466329,611.9932692139056,617.2172819516911,1479754
2017-05-05,608.1270141601562,612.6146118048575,601.568217602516,612.6146118048575,1791334
2017-05-08,613.6961669921875,619.3804455524404,604.3297573891977,608.7022880024477,1159430
2017-05-09,618.4368896484375,622.234087018954,611.5328944293165,614.7777384713892,1183118
2017-05-10,633.5107421875,635.0295877356147,620.4391639939766,622.2802297625047,2141724
2017-05-11,633.3956909179688,645.3855983149856,627.2511450036574,637.791201835869,3489420
2017-05-12,629.5753784179688,634.2470935734979,626.7447288461073,634.2470935734979,3499498
2017-05-15,633.1654663085938,638.2283965639551,630.564949985913,631.9457491464661,1116380
2017-05-16,628.8850708007812,635.3978524924956,627.3892047952755,633.7869198711818,1032024
2017-05-17,634.6152954101562,637.1697400607112,626.1463829387585,627.3430642675206,1841768
2017-05-18,622.67138671875,631.4854994975433,620.2089727208015,630.1047003003913,2435692
2017-05-19,613.71923828125,624.8576628558055,611.4639216501591,621.3596493998607,1953484
2017-05-22,601.2230224609375,617.6545114908035,598.8526391162712,616.8260656301028,873594
2017-05-23,612.9598388671875,615.9975861708733,598.3463792208325,605.2503759041499,1560364
2017-05-24,602.3276977539062,616.2047423829142,599.0137456210065,612.8447748422386,1251366
2017-05-25,611.0036010742188,614.8698497869144,600.1873414695151,603.4092060326183,2913396
2017-05-26,617.1482543945312,620.8534217678588,611.003708562347,613.9954404686787,670446
2017-05-29,625.9853515625,633.2115117044068,610.9576420830057,619.0583196383261,2117528
2017-05-30,626.4685668945312,634.7073464428355,617.8155925466191,627.8033506512165,4447770
2017-05-31,652.1744995117188,666.6959279411672,640.6908744867826,640.9210077031931,7883572
2017-06-01,655.99462890625,663.2438240686942,651.783180479668,658.1808941139712,3424678
2017-06-02,652.887939453125,660.3672690379775,648.5154083112112,658.1810034670206,2884778
2017-06-05,655.2813110351562,659.331678198912,654.0846295228685,655.8566440876859,2303902
2017-06-06,649.6429443359375,658.1118567662226,646.2830335516801,654.982079166566,1607632
2017-06-07,659.0554809570312,667.8925735180916,650.6096036058603,655.0281498863906,3809378
2017-06-08,652.4276733398438,662.7836681547619,649.0216904748527,659.7919363193411,1698402
2017-06-09,656.6619262695312,660.3440567734549,650.8625819628221,652.6576318204554,1817262
2017-06-12,655.2122802734375,671.5056664843397,651.2769799348672,660.4823082731692,3822974
2017-06-13,652.4967651367188,662.7146581825208,650.8167813030288,659.5618441352477,1966036
2017-06-14,646.766357421875,659.4927352999808,644.8792763178485,658.1809872267469,1884770
2017-06-15,638.6886596679688,650.8166676621836,634.6382930105538,648.5153357397572,3134784
2017-06-16,638.5275268554688,648.6763661147937,636.6864614640422,643.5443850992207,3300750
2017-06-19,638.9649658203125,646.6744296614723,636.8937665794039,641.1512316857161,2225100
2017-06-20,639.5171508789062,643.9127176369359,637.4689877963947,641.8875341643641,1879408
2017-06-21,638.4585571289062,642.2557549832179,635.6048716971717,641.0130019745247,2989436
2017-06-22,642.6700439453125,647.6869031254984,635.9501090643942,637.4690107697782,2256732
2017-06-23,633.4185180664062,652.7727402422247,630.6109046141636,644.3728794917077,2441604
2017-06-27,630.7030029296875,641.8414261443012,628.2635687966806,641.2891289973239,3336218
2017-06-28,624.1443481445312,632.8663749839991,620.7843805524864,630.5650427113301,1655834
2017-06-29,623.9601440429688,634.7533684353247,622.3492116748641,625.9622916063548,1873788
2017-06-30,620.7152709960938,625.4330017115683,619.1043385566634,623.6609872651678,1909516
2017-07-03,628.9310302734375,631.4855313911308,618.1378051445253,624.1212686343829,2047918
2017-07-04,623.7300415039062,633.7868514021084,622.1420886663807,628.2636544399984,860360
2017-07-05,637.4689331054688,642.255714670453,626.652673229672,628.2636055515991,2433212
2017-07-06,633.349609375,641.4732664792172,630.5649751494818,641.4732664792172,1561776
2017-07-07,633.3265991210938,641.5423435485911,630.7491183848997,630.7491183848997,1316700
2017-07-10,629.3681640625,634.2469757156499,625.0416495078756,628.2635136805966,866646
2017-07-11,639.83935546875,642.0716363006361,632.3830059814371,632.4060417756803,4146842
2017-07-12,633.648681640625,642.5778603504104,632.8662512947859,642.0715785863464,1472052
2017-07-13,636.7620239257812,640.7580380546888,634.7407898271365,636.4367320061593,1589676
2017-07-14,639.1549072265625,642.3609748255924,636.1114004820159,640.2700315807648,1307346
2017-07-17,643.3599853515625,653.0248122657124,640.4326988730928,641.2225880687597,2626156
2017-07-18,641.2923583984375,651.4217836030386,639.8286866600231,642.1287017343383,1645736
2017-07-19,642.3378295898438,647.2631516321827,639.8983956012803,644.9398811668841,3795788
2017-07-20,647.4722290039062,649.493519702943,641.8267270997497,644.4752327653919,1804436
2017-07-21,644.0338134765625,649.5864070720017,634.6013129174438,647.7277907427543,1401986
2017-07-24,645.3812255859375,646.7751877478745,638.8993242211168,643.9176106922761,1161322
2017-07-25,645.7761840820312,648.7034703956897,644.1498950009559,646.4266543380919,1441876
2017-07-26,656.78857421875,659.9017340188993,645.4278040950189,646.1944379881578,2535586
2017-07-27,649.6793212890625,661.5512558915822,648.1924508999172,659.8088030665823,3867130
2017-07-28,646.891357421875,649.5863736488047,639.4801478785175,649.5863736488047,803316
2017-07-31,652.0491333007812,654.6976390316701,641.269123948743,647.40259221468,1021808
2017-08-01,664.1068115234375,666.0351372056956,652.0490614223755,657.4854912056421,3883480
2017-08-02,657.2996826171875,666.1513659656069,654.3723958012051,664.7341482635755,952938
2017-08-03,658.1824340820312,660.575413682758,652.4207127607999,659.0652880839112,1126038
2017-08-04,658.9027709960938,661.8533131950728,648.2389253396324,659.8088238053845,4474648
2017-08-07,650.8641357421875,664.45526618692,643.5225793436853,645.8691048949781,2987954
2017-08-08,650.5157470703125,658.2057951970824,645.9853695460728,650.5390024637537,1705654
2017-08-09,646.9378662109375,653.5823851933641,643.2670878167619,649.3540446190078,1542222
2017-08-10,644.4984741210938,648.5641973827194,641.2226401192532,644.0105646415108,1632346
2017-08-11,626.3768920898438,644.0569440193129,622.6364044347187,641.2225657611282,2253020
2017-08-14,629.9547119140625,636.9942319326882,626.1677701608976,629.466802486058,1370684
2017-08-16,637.1336669921875,639.5731009703248,626.5163323552455,632.8124179774834,1489816
2017-08-17,635.18212890625,638.8761061630549,631.2790232806548,637.5053993119056,1223074
2017-08-18,636.5760498046875,640.9902632887346,632.2315457723763,633.7881254989735,1357710
2017-08-21,640.5953369140625,647.2398559994342,636.6457773686052,636.6689760395337,1405084
2017-08-22,638.7367553710938,643.9176598122677,637.0407566006014,642.4771867586768,584698
2017-08-23,638.527587890625,644.4751825591702,635.2053567310948,640.2932960104806,1578484
2017-08-24,638.968994140625,642.6165168945967,635.5537983992689,638.8992846927479,1580092
2017-08-28,637.993408203125,641.4318035629218,634.949900809262,641.2227318820209,2070446
2017-08-29,639.8053588867188,640.7579223586863,635.2053292584844,639.0154697054265,1075712
2017-08-30,631.0698852539062,645.195379178611,629.0718502270161,643.5458346759135,2110352
2017-08-31,624.8668823242188,632.0690211733847,619.3839410282771,631.000294010803,3116004
2017-09-01,626.167724609375,628.0495960142489,621.1959494534641,624.866727430112,2174602
2017-09-04,617.2000732421875,626.353736465249,615.2484919597899,626.353736465249,814606
2017-09-05,615.5040893554688,618.6637033286785,610.299929196489,617.5485788207653,1547776
2017-09-06,611.7404174804688,615.5041045890094,608.6969102410734,613.9939786666556,1298532
2017-09-07,622.6131591796875,624.0303766920807,612.7160621445487,612.7160621445487,2328682
2017-09-08,601.9129028320312,625.8193324111393,598.5673594445602,624.9597337125799,3938974
2017-09-11,594.8501586914062,617.9899556591636,593.8279423551962,604.0503325991824,3330838
2017-09-12,604.3988647460938,606.3271907461152,594.2693819376154,596.6159080022943,2122904
2017-09-13,607.4654541015625,613.3665945025717,605.444220350854,608.6967986643275,4776058
2017-09-14,599.7523193359375,610.0908737463382,598.5906840089261,610.0908737463382,1431844
2017-09-15,601.3785400390625,605.9089172964555,597.0804898205101,599.4037602089169,1680374
2017-09-18,601.7269897460938,606.9310923746309,599.8683735615498,604.5149140229096,1302442
2017-09-19,601.61083984375,606.2341250192017,598.5208790229541,605.9088898677351,975052
2017-09-20,600.5421142578125,606.9311075519496,599.2178615373027,604.0967291437347,1676474
2017-09-21,600.0775146484375,602.4937500002839,594.8037019584842,601.030078241454,970210
2017-09-22,598.0795288085938,602.6563602932495,595.4774772246676,598.4744734446456,1716992
2017-09-25,585.4640502929688,600.3329785543774,578.9588941786025,595.9652195334967,2290416
2017-09-26,579.4933471679688,587.9964827989813,577.2629848959665,587.9268300633621,1314494
2017-09-27,572.453857421875,583.3267748241445,568.7366245814732,582.2115936279297,1420550
2017-09-28,571.7800903320312,580.3529352624122,569.2012375472018,572.4538160474715,3082168
2017-09-29,582.7924194335938,585.6965076308909,571.9892113396483,571.9892113396483,2433430
2017-10-03,587.4622192382812,600.0775330617249,582.0954415313832,587.7874544300139,3570708
2017-10-04,598.822998046875,600.2402158031871,583.7217391242574,587.3228085596508,2356486
2017-10-05,604.3988647460938,611.4848402889559,600.7977952079179,608.6969154852069,4212796
2017-10-06,605.4442138671875,613.9008947034707,603.7017612179151,608.6503380859415,1825894
2017-10-09,606.3038330078125,610.0443208429757,603.5856181270839,604.5381816290966,835364
2017-10-10,606.4201049804688,612.8788088515055,604.584743821075,612.4141547128767,1387442
2017-10-11,613.0878295898438,618.1061165583026,606.8382546326955,608.2322169327706,3285560
2017-10-12,621.7769165039062,623.3799505154901,610.6252177228762,613.4595964856267,1648332
2017-10-13,615.8059692382812,625.2616667995652,614.7372423494901,621.7070523534525,1083280
2017-10-16,635.9255981445312,639.3175958066108,618.1293799165379,622.1253938841505,2340580
2017-10-17,638.1326904296875,639.1317080786665,624.2627770292173,638.3882728702882,2047488
2017-10-18,636.8316650390625,640.525642246311,632.9517581372933,637.5053907594768,1196844
2017-10-19,639.2478637695312,640.7579895607367,631.9760159231707,635.065976963116,350390
2017-10-23,635.2053833007812,647.7045326872011,625.7031733242934,641.2226309537905,1199328
2017-10-24,627.5850830078125,634.6710581626429,625.8658287740293,632.1851700261902,781906
2017-10-25,634.1134033203125,638.2488359961831,626.7951015253144,629.1416273287236,1328304
2017-10-26,637.9468383789062,641.5479077355981,634.0205338330248,638.6438195447176,3304178
2017-10-27,644.8004760742188,646.1944383832821,637.2963576868049,637.9468280546572,1549084
2017-10-30,638.7833251953125,647.1006462473525,636.5994732674521,644.9399929958856,1126068
2017-10-31,624.8668823242188,640.2933763968236,623.6122821698218,640.2933763968236,1599456
2017-11-01,627.6315307617188,633.4164516663366,620.7778827300805,626.0052413982792,3930716
2017-11-02,620.475830078125,627.0042427554412,618.4778515158697,624.0304452241286,1740658
2017-11-03,618.3384399414062,624.007197239906,613.3898624613918,622.1718362438797,2168762
2017-11-06,634.7871704101562,640.153890897667,624.1698362324114,626.2839782230789,5150692
2017-11-07,629.0254516601562,642.1519292294264,626.3536907389774,641.2226210829294,4427324
2017-11-08,635.18212890625,638.899361555299,629.1416258515453,632.3942044194632,1371018
2017-11-09,632.5336303710938,641.2458944892562,622.6364756446735,637.9700604926393,968514
2017-11-10,647.2398681640625,656.1612603961087,625.9819443286841,632.9053013590539,5939800
2017-11-13,655.7198486328125,665.2685131546509,654.232978188754,654.232978188754,6476230
2017-11-14,664.2694091796875,668.2654226093107,657.5087268796906,659.3440876631536,3592110
2017-11-15,657.6017456054688,663.9907397775763,653.7683491022042,663.9907397775763,1994072
2017-11-16,656.99755859375,662.5966624760707,654.2328897379435,657.5087234152289,1744892
2017-11-17,658.2986450195312,662.1320410466434,656.0915382160424,662.1320410466434,2896880
2017-11-20,654.23291015625,659.8320142133161,650.562131773638,659.6925953084772,2529602
2017-11-21,657.9501953125,660.7381198689089,654.3258707009803,659.8088116834393,1707526
2017-11-22,664.2229614257812,669.9382289027304,659.6228750078056,661.6673641625131,2879234
2017-11-23,659.1815795898438,666.4998819899217,656.3472007980354,666.4998819899217,980022
2017-11-24,666.3604125976562,669.0554289814455,659.832056729386,662.1320717641685,1933116
2017-11-27,664.919921875,670.9604243099232,662.1552530641243,666.7785380088225,1735164
2017-11-28,666.7786254882812,669.7756217090822,662.9684846022507,665.6866997104956,1487160
2017-11-29,666.03515625,670.5422780473629,664.4553210656106,668.6139523099671,1383574
2017-11-30,653.5591430664062,664.4552572897206,650.7712189099459,664.4552572897206,5367350
2017-12-01,654.8834838867188,663.0381291102359,653.3036486412165,657.0208813504125,2154686
2017-12-04,650.9804077148438,659.8088357994848,647.1470113096707,659.8088357994848,2925628
2017-12-05,645.0328369140625,654.8602830518382,642.6166581399763,650.5157783051097,2599242
2017-12-06,635.3911743164062,646.9843271941756,633.5325580686324,644.4751839155876,2369644
2017-12-07,641.0136108398438,642.3843177990375,635.6932871592422,639.735812016012,3113720
2017-12-08,645.0095825195312,647.5651799992452,640.9438592563499,644.3358000607794,2399392
2017-12-11,658.99560546875,663.4562729982688,647.0307636983848,648.5873434195627,2646642
2017-12-12,659.4138793945312,663.7583838988473,655.6733911897969,659.7159159045578,2812240
2017-12-13,656.3239135742188,665.3846684872788,655.1622783289546,660.6452193747896,3787148
2017-12-14,665.1987915039062,667.2432808673711,656.5562366752057,658.4148530564519,5505930
2017-12-15,689.2679443359375,692.334650234492,669.5665979784584,670.2635791699696,7105514
2017-12-18,706.9478759765625,715.1025771764092,676.071637291537,689.5466046327429,8530702
2017-12-19,723.1412353515625,725.3018316502361,707.2035762215855,713.24407982926,11347974
2017-12-20,716.3804321289062,730.1574370274817,712.3611629687496,724.860369139675,9660028
2017-12-21,689.7325439453125,712.7793755121727,686.7122923541592,712.7793755121727,6803736
2017-12-22,693.4498291015625,700.1408598611677,690.4760313505741,694.193264359191,2338232
2017-12-26,689.1284790039062,696.9346905113558,684.6213569571639,695.1225281913618,3887128
2017-12-27,693.9608764648438,701.5347607441778,687.1769381628802,692.1487141878989,2523905
2017-12-28,696.9345703125,700.6518024424736,692.6597193307539,694.1931002725523,5643656
2017-12-29,698.0033569335938,699.769065178008,691.3123833600608,697.9104488030332,2055582
2018-01-01,692.0093383789062,705.2519795507221,690.4759572392455,697.9104224585105,2476302
2018-01-02,699.6760864257812,704.4155350154035,693.5426189751624,700.698302640652,3020597
2018-01-03,701.5347900390625,705.3449310098201,696.9811571243281,702.4640982485615,2256643
2018-01-04,702.5569458007812,707.2034864476118,697.4457510892676,707.2034864476118,1663380
2018-01-05,702.8822021484375,704.8802373749984,700.3266047156343,702.5569669815409,1255982
2018-01-08,706.1812744140625,706.2741825393676,703.0680581297994,703.5327121972596,2309604
2018-01-09,708.551025390625,711.8500580492398,703.6721574992954,706.2742090305774,1947163
2018-01-10,706.1347045898438,710.9206637727077,700.8841480988326,708.1791936598186,1275821
2018-01-11,712.4541625976562,714.5915601387009,702.0923533575983,706.5530214259678,2291617
2018-01-12,713.2440185546875,715.1026348896835,707.9004965915742,712.8722725995007,1363265
2018-01-15,705.5308227539062,720.8179545507029,702.2317898665667,715.5673403392451,2127778
2018-01-16,693.9143676757812,708.6438783314512,688.6173001764845,705.3448459297595,1611817
2018-01-17,692.6597290039062,700.6982662854184,686.6192267083422,694.2395640253,1940533
2018-01-18,705.5771484375,710.9206698119032,692.3345085096313,696.9810488351992,2810014
2018-01-19,711.29248046875,713.9874400705999,695.4012770765951,706.2741937721814,2005133
2018-01-22,705.9024047851562,714.6379235479201,702.5569183383973,708.2256750177568,934811
2018-01-23,714.6843872070312,718.3551655679332,707.5752142320729,708.0863223460165,2775928
2018-01-24,701.9994506835938,716.4966361986459,699.2115260291243,714.6844738291463,2080315
2018-01-25,704.2295532226562,708.132657957062,695.4475817503574,703.02146423165,2878048
2018-01-29,710.3165893554688,717.4258186664495,703.7649789099258,703.7649789099258,2074165
2018-01-30,710.8278198242188,714.3127253533861,699.8619383827313,709.9914198090315,1648188
2018-01-31,709.108642578125,716.6360733691669,703.161103862749,710.7349320013134,2242045
2018-02-01,742.284912109375,745.816271865144,709.0621445251369,714.5450854999544,6896060
2018-02-02,715.799560546875,743.4464763875364,711.4318011540053,742.2848412681809,3783976
2018-02-05,706.73876953125,715.3348689634183,692.3344948070759,708.9691315315649,2018332
2018-02-06,698.6538696289062,706.1812998249032,679.0919440290234,691.2194042820267,5626253
2018-02-07,694.2861938476562,717.3795386561643,691.1730337953901,713.151197322923,1909559
2018-02-08,699.025634765625,706.9247544134354,693.2639126195985,700.6983781704789,3024010
2018-02-09,697.027587890625,700.0478394705368,689.5466683983221,694.1932092904941,2214895
2018-02-12,693.263916015625,715.5673127775218,690.4759914203879,715.5673127775218,2662221
2018-02-14,694.146728515625,700.6518855143541,689.5930959283276,698.6538503194146,1207191
2018-02-15,696.3770141601562,698.1891763307715,690.9405843687766,695.2153790149498,1652980
2018-02-16,691.1729125976562,700.4659937754399,689.5466233915441,699.4437775340701,1042980
2018-02-19,673.4232177734375,692.1487441923622,665.431133126743,691.4053089676742,1185926
2018-02-20,658.8795166015625,681.3687864812814,653.3036673778539,675.4211912878037,2981323
2018-02-21,658.3218994140625,665.3846184863454,651.4449965906817,665.3846184863454,2290218
2018-02-22,670.9140014648438,673.2837258016259,650.8874230352653,652.3742933233145,3325355
2018-02-23,667.8473510742188,672.8191271849804,663.5260453177846,671.4716189701429,1648932
2018-02-26,683.4132080078125,684.9000782982928,668.4048593162104,670.9604566232936,1525511
2018-02-27,687.5022583007812,689.5467478730716,679.3243567320961,689.4538397327078,1429191
2018-02-28,676.8616333007812,682.9951017114922,673.8413815235256,682.1122475401997,1814444
2018-03-01,680.7647094726562,684.4354882008555,676.071714414287,676.5363685135409,1831321
2018-03-05,687.3162841796875,690.4759545738655,671.0999023591387,675.6070241927324,2170367
2018-03-06,669.0089111328125,690.475905145656,665.384586923674,690.475905145656,1763292
2018-03-07,657.7642211914062,674.4917659577795,652.7924458518078,670.0310986975056,2343794
2018-03-08,675.2818603515625,677.6515850372504,657.1138387468492,660.3199635430029,2500680
2018-03-09,677.0009155273438,687.4091770483836,672.3079212112947,675.5140453331076,2191343
2018-03-12,684.9929809570312,686.9910160693623,679.5100971742152,683.0879106874048,1867680
2018-03-13,681.1829223632812,688.6173880916663,678.813197756453,684.8537011607658,1823994
2018-03-14,676.72216796875,682.3909246755247,671.9826626390449,679.2777652369699,1366237
2018-03-15,682.9020385742188,685.7364736720994,678.2090439859785,679.3242250565667,1249262
2018-03-16,688.3850708007812,698.8397883795984,683.5526566647001,686.758781399632,4929069
2018-03-19,690.1972045898438,696.0518348472688,686.7587529400956,689.3143504645682,2081202
2018-03-20,688.5708618164062,691.4052402340251,680.2999968727321,688.0597536952728,1248986
2018-03-21,692.6597290039062,697.6780151376364,687.2232996260834,690.4758777852333,2788242
2018-03-22,679.1847534179688,695.9588087946332,674.6776321448549,694.2395549008304,1877037
2018-03-23,681.0900268554688,685.1789490495951,670.2171091820561,673.7484691244066,2276332
2018-03-26,693.728515625,696.9810940639651,675.6534612415145,682.4373992129771,1890961
2018-03-27,692.2416381835938,698.8397031179303,689.1748760249214,696.0517787703855,2422064
2018-03-28,686.665771484375,693.2638362457127,683.0414472394086,691.4052200627483,3301815
2018-04-02,695.1690673828125,698.7004276036688,685.0860949447595,695.9590134756804,3567965
2018-04-03,715.6602172851562,716.8683633133513,692.3810583769036,695.1225288924319,2500384
2018-04-04,703.0680541992188,731.1331710610017,696.1446972886755,718.3551842772855,3295198
2018-04-05,719.8421020507812,725.78969716129,712.4076365228807,715.5673070604266,2224647
2018-04-06,717.37939453125,719.8420269481531,710.03783790022,719.8420269481531,1194886
2018-04-09,730.6221313476562,732.4807477811428,715.5673268923207,717.4259433258073,1813902
2018-04-10,722.6299438476562,729.5068463614145,714.0803548462887,721.6077276428514,2193150
2018-04-11,733.2241821289062,734.711052585719,719.2381048278295,726.2543705117114,1448946
2018-04-12,732.1553955078125,738.4282254536436,725.4644222753001,733.64232256429,1146053
2018-04-13,733.7815551757812,739.2644949224716,727.7875641068299,738.7998409344625,2183881
2018-04-16,744.7940673828125,748.0931001449476,727.8341927521972,727.8341927521972,2896629
2018-04-17,752.1355590820312,760.9175328005351,749.48705343508,758.3154812188782,4339790
2018-04-18,741.8665771484375,755.5274163152029,739.450398997237,755.5274163152029,1503151
2018-04-19,745.2122802734375,747.6284589441733,737.5919415665809,744.7476261659519,2590266
2018-04-20,742.9818115234375,747.5818978732101,735.9190927887612,735.9190927887612,2561105
2018-04-23,766.0287475585938,774.8571755697251,743.4930234249165,747.070894072237,2751312
2018-04-24,779.2713623046875,784.3361032252956,763.9842314131337,765.657031512028,2872669
2018-04-25,793.4898071289062,801.5283459826021,779.2714025964399,782.4775273244649,3602302
2018-04-26,797.4859008789062,807.3365456833711,790.8413241744447,798.2757902066369,5461957
2018-04-27,801.714111328125,805.524251859986,791.0270681499445,799.1120599853567,1087577
2018-04-30,811.5647583007812,816.815371792235,803.0151123743765,803.2939501827808,1137366
2018-05-02,802.13232421875,817.6052703411177,800.1342890781617,817.326489249992,1341643
2018-05-03,803.9445190429688,813.6093472264808,791.3988580634627,801.9929944676791,2126154
2018-05-04,793.907958984375,807.1041463540621,792.095796707189,803.8051136917576,961238
2018-05-07,822.9952392578125,825.1326932864838,797.811012173261,801.063590557194,1916654
2018-05-08,804.13037109375,823.8317162038009,798.7403948981014,823.3670621055472,1834833
2018-05-09,799.2979125976562,807.2435426115076,793.3968285667816,803.8515451950408,1630905
2018-05-10,795.9525146484375,811.0537736829233,791.9100464566263,799.2050935174036,1369399
2018-05-11,807.6617431640625,811.1001948874612,788.8432518989514,797.2999906479017,1304682
2018-05-14,792.3746948242188,812.2154030925815,789.9120052959888,810.356786609532,1492933
2018-05-15,787.1704711914062,803.8515641263297,777.9238435894431,793.536266165035,2060487
2018-05-16,792.7927856445312,797.1140913695814,775.2288950753733,785.7300661649444,1559853
2018-05-17,788.9825439453125,798.7402785877457,786.1946197617601,794.6048463713838,1065979
2018-05-18,776.901611328125,793.4432850099173,769.5136002112341,788.2856361352656,1983383
2018-05-21,767.5620727539062,787.3563248737379,763.5195482958944,775.042991967775,1670673
2018-05-22,771.5116577148438,777.8309419565378,754.8305646406186,764.0771923197992,1937535
2018-05-23,772.99853515625,776.4369867769144,762.5438180991102,769.5600835355855,1315364
2018-05-24,783.4533081054688,787.8675222889518,773.0915551596825,777.8310045421798,1394760
2018-05-25,797.067626953125,800.0878784988046,784.336093708782,785.2654018766834,2069467
2018-05-28,789.865478515625,803.5263197525613,785.3118458631568,801.4353764016159,3096495
2018-05-29,808.73046875,813.7952098323161,789.9119775208273,793.6292103562196,4666224
2018-05-30,834.4722290039062,837.3066073962822,813.1910505894438,816.861828969292,8212884
2018-05-31,857.7049560546875,867.5091455521313,828.0135497449909,836.3773229747383,9417129
2018-06-01,837.8641967773438,861.9333003042144,833.635856082209,857.2867596017659,3431462
2018-06-04,849.8523559570312,853.4301698685524,841.9532361914384,843.811852606872,3364222
2018-06-05,837.58544921875,851.1533826454815,834.9833976652783,847.5290580642558,1836194
2018-06-06,849.6663208007812,852.2683719416565,833.4498843271605,838.6075892719465,2102493
2018-06-07,855.2423095703125,862.3515398592778,851.2462957270416,854.034220276366,2668799
2018-06-08,847.2037353515625,852.7795838416412,839.2581058768291,852.1755109003637,1335422
2018-06-11,852.0361328125,854.9634760981968,845.6703948362599,847.7148840579794,1747134
2018-06-12,852.733154296875,860.911111571102,849.434121636722,854.9635165935678,2032546
2018-06-13,852.7796630859375,856.2645687160705,850.0846467104469,853.1048982565621,1353228
2018-06-14,856.8685913085938,859.6100617685984,845.2522391225316,849.4805799741644,1385264
2018-06-15,845.1593627929688,859.0525318743336,839.0258945756699,857.3332776538264,2619109
2018-06-18,849.2947998046875,855.9393195051791,844.7411668660656,850.3170161523102,1496081
2018-06-19,828.3854370117188,850.3635441604415,823.3671495295555,850.3170900897779,1878313
2018-06-20,840.4662475585938,844.6016231250284,829.3610046939334,832.6600370233147,2671370
2018-06-21,821.1367797851562,845.484668251028,812.3083510577945,845.484668251028,4202520
2018-06-22,843.9976196289062,848.1795060385975,819.6961903599586,820.3931714282405,4589148
2018-06-25,841.5814819335938,849.8523475890237,837.3066869083765,847.5290770926075,2984963
2018-06-26,834.5187377929688,850.3169767044169,828.1064887230756,841.0238949918004,2106484
2018-06-27,829.5469970703125,842.2320201156252,822.9488747412579,836.3773897315984,2168303
2018-06-28,843.5795288085938,852.8261568551343,828.0600703357707,829.5469975061355,4493297
2018-06-29,834.2398681640625,850.2239783577747,831.5913061247254,844.7410380409408,2441612
2018-07-02,823.9710693359375,843.5329939665074,816.5366043574431,842.8824669367959,2180118
2018-07-03,830.9873657226562,834.9833794555338,816.9083244493254,824.203427517473,1406654
2018-07-04,836.4702758789062,838.886511195795,822.9023990458417,831.7308268165198,1457165
2018-07-05,847.854248046875,851.2462454028788,837.8641856690573,837.8641856690573,1935437
2018-07-06,859.5635986328125,861.4686690271283,839.0258541523116,850.2705169820345,2998570
2018-07-09,866.8121948242188,873.5496790509414,862.0262350646349,865.1859055281133,2472960
2018-07-10,864.7677001953125,871.2264032756901,860.9111053490935,871.1334951475283,1617650
2018-07-11,865.1858520507812,873.2708439672073,860.9575114863557,863.2807817657616,2732003
2018-07-12,857.97216796875,872.2123815527735,852.5384180591019,872.2123815527735,2173358
2018-07-13,849.44677734375,867.4344119248108,845.0435456585304,860.5016592986256,2296504
2018-07-16,843.4976196289062,857.8783823347451,838.4854668059173,847.8540195076595,1901810
2018-07-17,864.2022094726562,866.872224287245,844.2003138944596,845.9803618915929,1791101
2018-07-18,845.4651489257812,871.0881206905335,843.169841809078,868.0901720389894,1442856
2018-07-19,855.348876953125,864.1553395225668,848.7908899447222,848.7908899447222,2040980
2018-07-20,852.3041381835938,857.4100111785966,846.9172200252473,855.3489180122243,1667834
2018-07-23,852.9131469726562,855.3489480486517,846.9172497655871,852.5383819542968,1179253
2018-07-24,862.2816162109375,866.4974649397763,853.6625362624233,856.145168427408,1982289
2018-07-25,852.6320190429688,866.5911864319937,851.3204558802793,866.49752377077,1433236
2018-07-26,855.9110107421875,859.0026790909826,848.7909330723038,856.6605407546904,2785063
2018-07-27,852.3977661132812,858.0657863851386,845.7929477288191,857.2225937483522,1658854
2018-07-30,874.3202514648438,875.9597483199882,854.4589066977296,858.1594967498494,2458481
2018-07-31,876.8497924804688,882.3303735068521,866.169618420562,875.9597684452908,2011316
2018-08-01,871.041259765625,883.8293581377213,867.6217148731267,880.1755994082331,2000884
2018-08-02,853.7562866210938,867.2938581439271,852.5852174094492,867.2938581439271,1652795
2018-08-03,862.515869140625,866.5911668908567,856.3325897492779,856.3325897492779,1575164
2018-08-06,873.52392578125,876.7091995698485,862.422155898292,863.7337762225513,1702042
2018-08-07,868.4649047851562,884.391445649609,864.9985285725529,881.5340482836796,5202007
2018-08-08,869.6827392578125,879.6602707965183,865.6542730165761,877.7397289213935,2056171
2018-08-09,874.2733764648438,880.6439810618351,868.9332898243108,870.3385727728137,2452570
2018-08-10,886.21826171875,892.5420348456669,870.479104483534,873.1491191535666,3163115
2018-08-13,894.228515625,905.3771182103204,879.3324912874532,884.391533525406,4285645
2018-08-14,890.4341430664062,901.1611478291217,888.1388361149083,898.3505818920491,1801054
2018-08-16,891.18359375,904.2995677973062,884.3913929040735,885.3282481931669,1832039
2018-08-17,900.786376953125,907.6254092524806,890.1530920997053,894.2752211385107,2246030
2018-08-20,908.328125,920.2261997983394,901.3485409615906,906.5481340812656,1877608
2018-08-21,897.320068359375,914.9798265186878,895.1653124292062,911.5602815213163,1557070
2018-08-23,902.285400390625,908.7497254336816,894.0410844208517,899.3811715632314,1978510
2018-08-24,907.1570434570312,910.9981847832172,900.4585618692968,905.1896700522116,1634893
2018-08-27,914.79248046875,921.7720647395191,906.6886582649179,912.7782184561323,1635797
2018-08-28,918.5866088867188,925.2851470610899,912.5907121775848,919.991891817193,1460036
2018-08-29,921.72509765625,930.2973468364017,913.8555471578418,919.382959320811,1795568
2018-08-30,920.8819580078125,928.9857223031888,916.1508500278014,922.7556686677069,1831626
2018-08-31,904.346435546875,925.6130629019995,898.5848095955748,919.9919309410561,2243187
2018-09-03,887.951416015625,913.3870595414946,882.5176668702675,913.3402282140819,2189450
2018-09-04,872.9149169921875,895.3526126376531,869.4953723091493,892.0736191206446,2067396
2018-09-05,870.7133178710938,885.3282373291636,856.6604887071387,871.2754081652085,2133045
2018-09-06,875.912841796875,884.1103253688902,868.9332586336233,875.9596731239221,2144816
2018-09-07,912.216064453125,915.9166545166627,876.0065823539128,880.7376904285615,3132025
2018-09-10,878.1612548828125,914.5112847071819,875.5849029184162,909.3585807783891,2151834
2018-09-11,883.5951538085938,900.3179990771762,877.1776602973466,883.4546026324424,3909701
2018-09-12,878.910888671875,890.9494573098731,854.7868628824647,888.5604875514164,2787531
2018-09-14,891.7926635742188,894.5095098811977,869.4486283403085,881.7682995216401,2803861
2018-09-17,890.8088989257812,896.0084919346781,877.4587100046847,887.8110075094434,1978897
2018-09-18,886.7803955078125,900.3179663760154,881.0187695738023,889.4972988198932,2227889
2018-09-19,888.9820556640625,904.674382620812,878.9576920823345,887.2020076442849,2083160
2018-09-21,899.2874755859375,915.0266340690677,815.0641565379085,902.1917043057539,4633394
2018-09-24,839.4692993164062,897.6948873507037,829.1170582178197,894.6969385288337,4569708
2018-09-25,836.6117553710938,843.1697422553016,810.6140216515553,839.4223211786114,4269089
2018-09-26,836.939697265625,859.8926531545629,829.3980231954821,845.9803741922842,2357565
2018-09-27,822.0437622070312,838.9071589975886,811.785184389886,831.9275750008295,2588148
2018-09-28,806.5855712890625,825.3226770409143,786.5368452621375,822.0436835343402,4188699
2018-10-01,794.0785522460938,809.8645988137829,787.8484986305766,806.1640088361281,3060818
2018-10-03,741.6146850585938,792.1112121724276,737.3051732462454,792.1112121724276,6680994
2018-10-04,744.5189819335938,749.4843040114466,717.1159620681752,730.8877475906085,5036305
2018-10-05,720.9569702148438,745.5025900186282,705.3583640914508,741.0525274329059,5157618
2018-10-08,725.92236328125,731.6372153682465,705.7331414186251,720.2075683753675,3874262
2018-10-09,716.5068969726562,733.0424153124328,712.2910482699366,726.5780910958198,2933355
2018-10-10,715.8511352539062,725.6881162254109,703.4846906346182,719.5048939157668,7578601
2018-10-11,684.044921875,708.7310362191791,669.8515411721257,699.8309108469621,6199047
2018-10-12,719.9732666015625,726.9060183911837,689.1038743787159,691.8676088292178,4477653
2018-10-15,701.7046508789062,726.4844861011728,691.399242121005,726.0628897612181,5282462
2018-10-16,728.5924072265625,730.7471630660477,702.7351656094045,706.014159289829,4357854
2018-10-17,711.447998046875,740.8183913210165,703.7657724989451,739.3662769190508,2634539
2018-10-19,694.3971557617188,710.1363132740511,685.8717382725863,700.8614229854951,2985488
2018-10-22,687.4176635742188,701.7047087115365,684.8413111724074,699.8309978738555,1842855
2018-10-23,683.8576049804688,688.0266229120297,670.9758433375707,684.3728640099616,2967082
2018-10-24,689.759765625,701.8920540932686,679.829121583184,694.0224461189555,3729119
2018-10-25,687.4176635742188,697.4888593267542,678.2833232405239,682.0307449158859,3966709
2018-10-26,682.2181396484375,694.9593507003052,677.0654347525749,684.8413234319258,1813847
2018-10-29,702.173095703125,705.311538301801,682.0307053660774,682.0307053660774,1954444
2018-10-30,699.175048828125,714.5863288444727,690.4623065989857,703.578279858668,2756355
2018-10-31,717.5843505859375,720.5354105632184,688.7292178928939,701.7046413253303,3093083
2018-11-01,708.3094482421875,729.5292439626126,703.5783403458576,721.8470189567021,4171044
2018-11-02,734.0729370117188,745.6431339307237,716.7411144780107,716.7411144780107,4117317
2018-11-05,726.4845581054688,735.1036395389289,721.3786845513171,734.4946606340683,2168486
2018-11-06,729.2482299804688,732.6208863803629,720.3012156103451,730.7471756735077,1839552
2018-11-07,742.8325805664062,743.863098510539,734.1666691542872,738.2419667837592,731279
2018-11-09,745.0341186523438,755.0116496840408,741.052483940904,749.4841809768941,3085813
2018-11-12,731.59033203125,756.6980428199685,728.9670914270399,747.6105349068091,2101138
2018-11-13,740.16259765625,743.6758054077807,724.9855287334145,726.5313630165343,3010295
2018-11-14,721.0038452148438,747.0484693547784,717.1627612016885,743.0199456566984,4237768
2018-11-15,718.0995483398438,726.812290719096,707.3257129766237,725.1259627071612,4315301
2018-11-16,719.130126953125,727.4681622453814,711.7758355002298,719.1770154644175,2373384
2018-11-19,732.0118408203125,734.1197651734304,721.4722190547228,726.3438778848168,2681651
2018-11-20,733.1829223632812,742.3641498910843,724.5170109865493,730.7471214974,2902880
2018-11-21,720.5354614257812,738.054668748595,716.4133319964292,738.054668748595,1851514
2018-11-22,698.98779296875,724.1423948358381,696.1772267611054,721.4723226299063,2578750
2018-11-26,700.6741333007812,707.3257833579275,692.5703117183416,700.767795962556,2676798
2018-11-27,704.281005859375,706.2952677243011,691.4929075230385,699.8309429690098,2179714
2018-11-28,701.142578125,711.2606046320263,698.4725060257522,707.0447554890059,2007876
2018-11-29,724.3765869140625,731.0282371997812,704.5152415407856,708.2626630383429,5038807
2018-11-30,740.9589233398438,745.7368627791747,727.655565859068,728.8734663846708,5214780
2018-12-03,712.9937133789062,750.2337114886249,708.8246958649926,749.4842386861606,5839713
2018-12-04,693.5540161132812,713.8837889946265,691.8676878904615,713.8837889946265,7101096
2018-12-05,672.7089233398438,693.5539533499648,669.9451888236284,693.5539533499648,4837874
2018-12-06,666.057373046875,676.4096140134897,661.8883549868842,672.1937646186686,3970063
2018-12-07,675.5663452148438,680.9064319500501,664.7925090853141,680.9064319500501,2716587
2018-12-10,665.6825561523438,679.6885550425795,655.798743666169,665.1672971471143,3150111
2018-12-11,676.7374267578125,683.8107302651556,650.1776009460767,655.7050702818957,4383980
2018-12-12,703.3910522460938,705.4521456483551,675.7069854566747,679.2201933533299,3460143
2018-12-13,711.2606201171875,716.7880325830414,699.1283314385798,707.3258160618127,3510371
2018-12-14,709.4336547851562,715.7574278717192,704.1403996254419,705.545682533567,1760631
2018-12-17,708.5905151367188,714.8206260342326,703.1099342577871,712.0100600078857,2022203
2018-12-18,722.2685546875,723.2522412477947,704.889901518609,707.8877925250107,3600834
2018-12-19,733.2298583984375,737.3051562754183,718.6617120435313,726.0628921390713,3361238
2018-12-20,745.2215576171875,746.6736718916708,729.3418488929307,730.4660866858276,2707144
2018-12-21,731.8245849609375,762.6002605645941,728.5924225432065,744.8000087823739,6125095
2018-12-24,738.8510131835938,742.4578834991249,726.0629144628666,733.464094785966,2034516
2018-12-26,737.9609985351562,743.3947483343958,723.2523575477676,736.0404564312588,1683700
2018-12-27,745.4089965820312,751.3580052976657,738.3356928072183,744.3315900361539,3156130
2018-12-28,752.81005859375,756.0422207879874,746.6736678662031,748.8752549303788,1820270
2018-12-31,753.0911254882812,758.8528085739724,750.6084932009958,757.8222905952668,2232551
2019-01-01,724.51708984375,754.9648898867788,722.5965477387973,754.1685856811763,3442903
2019-01-02,694.8656005859375,724.0017780944507,688.6823211803477,724.0017780944507,10596260
2019-01-03,672.9431762695312,697.8166739988216,670.9758029367941,696.4582795067997,11084172
2019-01-04,679.7822265625,682.3117474715374,667.5094442149925,674.5358594172556,5919404
2019-01-07,683.4828491210938,689.431915250117,677.8617166924132,688.1671261449942,2792255
2019-01-08,677.7211303710938,686.902300651055,672.1936613633974,674.5357995563012,4764487
2019-01-09,680.4380493164062,683.8575943171007,674.67642305282,682.9675702721556,2569424
2019-01-10,686.90234375,688.4481207456397,677.1590253837428,682.0306845668714,2550750
2019-01-11,681.9369506835938,688.5886000016435,675.7068404778032,688.5886000016435,2215240
2019-01-14,678.7984619140625,680.5316784402381,669.1956955737955,679.2200582140028,1713221
2019-01-15,681.0001220703125,683.9043505495179,677.674240100151,681.5622123627045,2138402
2019-01-16,680.3911743164062,686.2465200506266,678.7985088404762,681.3748609635331,1288969
2019-01-17,688.2606811523438,693.2728334950358,681.983740007452,682.9674265106502,3318440
2019-01-18,688.5418090820312,691.3055436328257,682.030653358935,688.1202127639255,1601885
2019-01-21,684.1854858398438,691.3992838418969,681.4217509790493,691.3992838418969,1341152
2019-01-22,663.7620239257812,681.749658311016,660.6235813357688,681.749658311016,5097285
2019-01-23,651.9107666015625,664.9330787226799,649.8028420828925,663.7620095456409,4714919
2019-01-24,653.2692260742188,655.8455782944305,642.7296033551703,654.8618916102087,3891245
2019-01-25,640.3406372070312,659.0777443674418,637.99849881198,657.672461330411,3421228
2019-01-28,630.5504760742188,640.3406258277788,625.3509403658264,640.3406258277788,5762442
2019-01-29,627.365234375,634.1574359480509,619.823502745548,629.5199903343656,4860919
2019-01-30,635.796875,637.0616067880912,627.9740989020979,629.4731016973241,2738163
2019-01-31,637.1083984375,639.87213284869,630.2693665797309,635.1878566199294,3496189
2019-02-01,644.9312744140625,670.2263699858574,637.5769252817419,645.4933647765451,8005192
2019-02-04,631.8621215820312,644.9312655507384,628.0209802208044,644.5565005268236,2652101
2019-02-05,641.6522216796875,648.8659617879398,630.1757441860552,632.6115451081781,3550741
2019-02-06,651.2081298828125,654.159247103091,638.9821790208676,644.4628171183689,2221744
2019-02-07,656.6419067382812,664.1367491850308,649.3343896078126,651.1144375613595,2710457
2019-02-08,639.0289916992188,662.0756669087252,635.7031667452791,657.672435462993,10858152
2019-02-11,606.66064453125,630.8783886024969,604.4590574252777,627.1309673626391,7931599
2019-02-12,607.7381591796875,616.263521145324,603.3349270029142,606.145493433052,3357448
2019-02-14,594.3411254882812,601.8359691530459,592.373694717609,600.2433034380596,3530468
2019-02-15,587.923583984375,596.6832161213963,579.7260993856495,594.9031680217986,5765467
2019-02-18,585.2535400390625,590.2188618853678,576.728122169829,590.2188618853678,4750172
2019-02-19,592.6547241210938,601.461188064896,585.7688595600875,587.4083565680527,3526711
2019-02-20,593.5447387695312,597.0579465878118,588.4857538198776,596.7769013985727,2369483
2019-02-21,594.1536254882812,595.793122215798,585.534545541686,593.5446466884747,2813880
2019-02-22,605.7706298828125,607.644340531607,592.3267788501565,594.903130992249,4053346
2019-02-25,609.6117553710938,612.6565350972169,601.742147975747,608.8622825670392,1863303
2019-02-26,610.1738891601562,614.5771208217789,599.587434948077,604.0843292739648,3862642
2019-02-27,614.7176513671875,620.1982322083666,606.2859533462279,613.1718171909001,3193418
2019-02-28,605.1149291992188,621.8377753125795,601.9295979485233,621.8377753125795,3955320
2019-03-01,608.6749267578125,610.8296826068597,600.5242738512225,608.9559719240166,3957539
2019-03-05,615.2797241210938,616.3571305987746,601.507939644019,608.815399617229,6039244
2019-03-06,617.2940063476562,622.8682498753079,612.7033923095892,618.3245243491266,7495708
2019-03-07,629.37939453125,634.7194813083692,612.8907637195213,619.9171786417542,8703088
2019-03-08,627.8336181640625,636.7805750708008,624.3204106995493,629.566777640778,3877059
2019-03-11,638.0453491210938,640.6685327653502,629.0983916221103,629.5199879819817,4027884
2019-03-12,644.4627685546875,649.334370254993,640.2000312952578,643.5259132767659,3876498
2019-03-13,640.9965209960938,645.86818085341,638.2327859363655,644.9313253878153,1808059
2019-03-14,642.5890502929688,644.5564234805681,634.3915667094586,639.8721471471338,1901877
2019-03-15,650.7396850585938,652.9881607082258,643.6196074699442,644.7906766247294,5208071
2019-03-18,640.9965209960938,659.733630307987,638.9822588726173,652.0514040538868,2600716
2019-03-19,645.8681030273438,649.9902322705785,632.4710257387705,642.6827719557012,2331409
2019-03-20,635.75,650.5054713531404,633.4547502010671,645.4933182421371,2369729
2019-03-22,635.9373779296875,641.2774646743741,627.6930625738943,635.8437152704043,2770303
2019-03-25,622.634033203125,632.3773515663701,621.5098525452297,629.5667855594085,2337486
2019-03-26,627.3182373046875,629.9414776859156,619.2613052226443,622.6808496746063,2434715
2019-03-27,618.371337890625,630.1757491427323,616.9660549211677,629.6136016462832,2426853
2019-03-28,614.5302124023438,620.9008166633092,612.328568257152,617.4344408036186,3910004
2019-04-01,619.1677856445312,645.4934007413615,617.3877374289655,635.328542049159,5458057
2019-04-02,626.3814697265625,628.5362827956794,619.6829882229616,623.0088133089145,3802792
2019-04-03,616.8724975585938,634.0169412761998,615.4203830118431,630.3163507220725,2745080
2019-04-04,612.0944213867188,620.8540532370153,610.0802166884878,619.2613877023147,3684739
2019-04-05,616.6382446289062,621.1351391776797,612.7034404558108,615.9824344032043,2694077
2019-04-08,624.8825073242188,626.1472391517557,616.7318544881153,618.6992849967536,3413270
2019-04-09,625.6788330078125,627.505712406851,618.7461376114362,625.6320016757579,2401571
2019-04-10,627.9273071289062,632.3773701037102,621.2287684101772,630.1288943597849,2499060
2019-04-11,630.2694702148438,636.8274580134374,627.0373076493137,627.0373076493137,4863931
2019-04-12,635.3753051757812,636.5932056856831,625.3977728985498,631.4405012982345,3302657
2019-04-15,640.0595703125,642.6827537897052,630.7846797104373,637.0616218323607,2408677
2019-04-16,644.6500854492188,651.5828372877718,641.5584745086614,643.8537813458248,3002929
2019-04-18,641.4180297851562,648.2570623136791,638.232698764748,646.0554179615666,2996875
2019-04-22,630.8783569335938,642.4484965584113,628.5362187762536,637.998434059465,1483513
2019-04-23,623.7114868164062,633.1737035486848,621.8377760035894,628.6299777000504,3248237
2019-04-24,625.9598999023438,626.94358654422,620.4324306862995,625.8193487330284,2247998
2019-04-25,623.1493530273438,630.5036445827964,622.0719465125954,629.3794067372138,3169504
2019-04-26,617.809326171875,626.1941937258998,610.3613140500067,624.5078082031239,3632433
2019-04-30,604.552734375,620.3856123601204,599.587412551034,618.0434740298429,5042085
2019-05-02,605.1149291992188,618.9803777624323,595.0905649255649,605.208591867309,3007579
2019-05-03,605.0211791992188,611.2981215385963,602.2574444548906,604.3185376802089,2330580
2019-05-06,598.18212890625,604.2716885583889,594.9967979080712,599.5874119028974,1498420
2019-05-07,595.8399658203125,602.3042902087312,594.1536377306278,601.2268837502918,3160875
2019-05-08,582.3961791992188,596.7768866406404,579.9134895299159,595.418434881609,3853705
2019-05-09,585.9561767578125,588.2983150795072,577.1965451260073,581.6934964485503,1366143
2019-05-10,589.0478515625,591.9520805228065,579.9135111207753,586.7057129876988,2093110
2019-05-13,578.601806640625,589.0009347115882,576.1660057489269,589.0009347115882,1463136
2019-05-14,575.4634399414062,581.3656176327871,571.9970634619868,577.9461296691151,2756314
2019-05-15,571.1539306640625,588.7199698194677,568.6244095894607,578.9766505621561,2805369
2019-05-16,567.03173828125,573.9644912045537,559.4900636486356,571.4818014895704,1940170
2019-05-17,580.5223999023438,583.1924145906769,568.6711576811902,568.6711576811902,2599966
2019-05-20,612.0007934570312,620.6667059552748,592.3268299475055,594.9031823118482,4938702
2019-05-21,598.7911376953125,620.8540704100378,594.3410746500044,618.324549453324,2150188
2019-05-22,600.1026000976562,603.1942108893048,591.3898579826086,603.1942108893048,1458607
2019-05-23,599.1189575195312,613.6402145039765,594.9967713740838,608.9559380573812,3161573
2019-05-24,623.430419921875,625.3509620019128,597.573177296723,604.0375022482896,3165620
2019-05-27,636.45263671875,639.8721814981757,623.0087857925137,625.5383065845851,2987573
2019-05-28,628.2083129882812,639.1695314870142,625.1167019196924,637.0616070519159,5411769
2019-05-29,629.7073974609375,634.7195511176112,619.1208854022001,625.8194245705746,5418102
2019-05-30,619.9171142578125,625.3508631304403,614.9049044918493,618.3244489379634,5394745
2019-05-31,606.1922607421875,623.8988502542622,604.3653813193363,618.0435041432738,4226041
2019-06-03,612.1412963867188,617.3876633699215,594.9499667474934,606.1922307238804,4170532
2019-06-04,609.6585693359375,617.7623903255621,606.8948348424112,613.4528217580494,1640476
2019-06-06,594.0599365234375,614.1086632770865,591.4835843891706,612.9844254550025,3846513
2019-06-07,603.3816528320312,604.9274869707476,590.2656784515398,599.5874002510398,2173168
2019-06-10,606.0985717773438,608.3938787894773,597.901087577661,602.7727467668377,2306052
2019-06-11,596.6363525390625,607.0354820303783,595.8400483029284,607.0354820303783,2274832
2019-06-12,592.280029296875,598.5569722732228,589.7036767990629,593.0295022236511,1734002
2019-06-13,600.5711059570312,602.1169401448163,588.4388178337443,592.092576542448,2141936
2019-06-14,597.0110473632812,600.524254782053,593.4041772857864,599.6342307997421,1338649
2019-06-17,585.5814208984375,601.4142990727875,582.9582373733975,600.5242750604224,2647789
2019-06-18,586.3778686523438,590.0315707209546,580.94406111559,584.5978203653216,2252507
2019-06-19,576.3065795898438,592.4204455340373,569.6080411024607,590.0783072071357,2316163
2019-06-20,587.548828125,591.1088668521516,572.6528058847562,575.97863078537,2283701
2019-06-21,587.829833984375,593.4509654455096,582.9581752818372,587.4082376885686,2713987
2019-06-24,594.7625122070312,596.7767737979434,586.4713664011186,586.4713664011186,2166403
2019-06-25,601.13330078125,603.9438670303366,594.9031893899947,594.9031893899947,3352119
2019-06-26,602.866455078125,606.6138767103123,599.5874611499612,599.5874611499612,2124949
2019-06-27,616.3571166992188,619.0739627250991,604.2716606144854,604.2716606144854,3744033
2019-06-28,613.9681396484375,620.6198470385099,610.3612693711074,618.1371574525826,3503838
2019-07-01,618.3245849609375,621.5567476367296,613.1250487508986,615.7950638589647,3547891
2019-07-02,624.1798095703125,626.2877338803061,614.8580884076753,619.261319513661,2275170
2019-07-03,626.9903564453125,632.3772739642674,621.4160564459991,626.7093113153271,2615478
2019-07-04,629.7073974609375,631.627939648022,623.2899034841407,629.0984185615881,1777421
2019-07-05,601.5079345703125,632.6583733285358,598.1821096879872,629.5667622714603,3039710
2019-07-08,595.699462890625,604.4590948903914,586.6588428977857,599.9153120467685,3903971
2019-07-09,592.7483520507812,598.1821012840148,590.2188313373991,592.0925419130734,1260744
2019-07-10,582.3961791992188,595.933693912658,580.0071521969737,590.2188988753586,2081711
2019-07-11,594.1068725585938,595.5121556533335,584.2230023806983,585.9093878392785,1399434
2019-07-12,591.9989013671875,596.7768406411637,588.8135703971293,594.0599373325193,1806912
2019-07-15,591.9520263671875,597.7137096065292,585.9561864729053,592.1394088722521,2223638
2019-07-16,583.567138671875,588.2514147659466,579.7728292907933,585.2534666295198,3177195
2019-07-17,578.9297485351562,586.8930186465583,576.4470590985692,583.6608564004143,1881478
2019-07-18,567.4832153320312,585.5792111187623,565.2033801868897,583.1569225136844,4915489
2019-07-19,542.6902465820312,571.3778930402933,541.4553599883079,571.0454436422742,6294798
2019-07-22,536.6107788085938,547.8198430073157,531.8611704211168,542.6902427573934,4198301
2019-07-23,531.10107421875,538.6054770731157,528.0138294207119,537.750524552986,4805198
2019-07-24,522.4569702148438,529.9613753421063,518.6572831587358,529.1064225630327,3041526
2019-07-25,520.129638671875,525.3067237658341,514.7626156122544,522.456958537448,4763735
2019-07-26,536.1832885742188,538.0356473930939,517.7073008296218,518.5622535086769,5063750
2019-07-29,525.44921875,536.7057678578719,524.4992970369773,535.7558461448491,2984154
2019-07-30,521.2694702148438,533.1909745210735,520.1295527161458,524.1667194558506,3186153
2019-07-31,522.4569702148438,526.0666613224216,514.6201156616211,519.2272130257027,2986522
2019-08-01,521.0794677734375,524.16671288865,512.292693214756,518.6571793556855,2737518
2019-08-02,528.5839233398438,535.6133088903613,515.0000550938188,517.6123396787704,5848740
2019-08-05,518.134765625,526.4940643885355,515.1899737794556,522.8843737836697,3152495
2019-08-06,521.9345092773438,524.5942785415858,515.8075024863397,515.8075024863397,2811436
2019-08-07,492.3443298339844,523.8817370219624,489.2096003015605,523.8817370219624,8411409
2019-08-08,512.5302124023438,514.382571207401,490.49201862377345,492.53437335371643,5648169
2019-08-09,518.229736328125,520.8420208241209,503.4584665010347,513.8126355129738,4313483
2019-08-13,486.7398986816406,517.7073226818018,484.69754385025567,517.7073226818018,3618940
2019-08-14,497.3314514160156,499.51625954128787,477.3830974417123,490.0645858268309,4641413
2019-08-16,501.41607666015625,505.2633053948479,489.7320529652189,498.4238585070322,3120580
2019-08-19,494.481689453125,508.9205097241769,492.05940090923684,500.608695519629,2998027
2019-08-20,501.36865234375,508.2081000523274,491.58447061136343,496.71407088745104,3175896
2019-08-21,494.8142395019531,508.77804218752425,492.1544123441113,501.8436253342816,2709407
2019-08-22,486.1698913574219,497.5214667286241,484.3175615240459,495.4316274922268,2516270
2019-08-23,506.5457458496094,509.4429954350225,483.7476250800067,485.40998805279025,2807785
2019-08-26,517.0423583984375,525.0217236952511,502.4135993257699,525.0217236952511,4036331
2019-08-27,526.3040771484375,531.0062008988103,517.232337011453,519.6071411299629,4144339
2019-08-28,512.6727294921875,531.8611585448473,507.97060569785845,528.8213976490151,3322911
2019-08-29,501.55865478515625,516.9473978345155,497.99644843014806,509.1580283425071,4399017
2019-08-30,502.3185119628906,506.2132251664535,493.05677670438746,504.02835918412285,2929342
2019-09-03,489.6370849609375,495.76409068452017,487.30976551819845,492.6768455813347,3379359
2019-09-04,480.3753967285156,493.72178450221224,477.9530790935055,490.1595782648226,3431149
2019-09-05,491.1094970703125,493.4843012147531,481.32531559094065,481.4677980417454,2329699
2019-09-06,502.9835205078125,504.40840300216894,488.829664539092,493.436819391348,2670087
2019-09-09,505.8807373046875,509.8704196268804,495.85907600415754,497.4264698381448,3061953
2019-09-11,518.4197387695312,520.7945428866615,506.49823369726073,506.49823369726073,3224627
2019-09-12,516.3773803710938,524.3092608531624,513.1951660681792,518.752184471363,3726538
2019-09-13,523.6443481445312,525.1167152147917,514.3826113746279,514.857572234623,4358612
2019-09-16,510.0603942871094,522.9318198558686,508.8255078522909,517.7072512651197,2441611
2019-09-17,495.81158447265625,512.4826967470174,493.9592257802577,510.5828535709395,2445056
2019-09-18,500.6087341308594,504.7408703198088,492.2494347961249,498.7088907375734,2401637
2019-09-19,493.2942810058594,502.93600854913643,487.3097864521696,502.5085322284556,2336366
2019-09-20,540.4104614257812,545.2550387528702,492.6768974931476,498.18643158517085,14378491
2019-09-23,536.7056884765625,572.0427825702108,524.356708033739,547.3923061674675,9599883
2019-09-24,530.7687377929688,546.5849569293877,526.8265396362583,535.6608576280559,3615703
2019-09-25,507.923095703125,530.7212143090304,501.5586093299203,530.7212143090304,5044376
2019-09-26,538.55810546875,541.2178745641711,509.15801801912363,510.96289239384754,6270296
2019-09-27,527.301513671875,539.3655308849006,521.6495259269797,534.6159223741519,4326078
2019-09-30,519.7496337890625,530.5787053910246,513.2426359522848,529.8187796962821,3381186
2019-10-01,528.8214111328125,537.7506401423879,509.72795056749266,523.4068459582107,5664019
2019-10-03,534.5208740234375,536.6581975358995,519.7020628832012,530.0562310905725,3797753
2019-10-04,535.9932861328125,546.2049437773454,527.6339872846389,536.7532118501708,4653685
2019-10-07,525.2592163085938,534.7109488318754,519.1322097397294,533.0010433867081,2367535
2019-10-09,547.6773681640625,549.8146920812587,523.3593947865223,528.1564879827274,4863273
2019-10-10,537.7031860351562,547.1549188859415,531.2437298384771,547.1549188859415,2156410
2019-10-11,532.0510864257812,545.5399852855012,526.3515565959235,540.0779358652209,3133395
2019-10-14,540.1730346679688,543.6876988143291,526.7791029990241,534.7109845211473,2630640
2019-10-15,554.184326171875,557.1765446489972,536.8957401602382,539.5555092438859,4967499
2019-10-16,554.99169921875,557.5090146702378,546.5373737199927,553.3293364055145,2279203
2019-10-17,563.5885009765625,566.4857504011418,549.7671526229738,551.9994452996293,3744228
2019-10-18,563.5885009765625,565.6783401934875,554.3742494146313,559.5038494944822,2955289
2019-10-22,565.9632568359375,571.0928564784242,558.0314349595667,563.6834798670855,3494913
2019-10-23,562.2110595703125,569.620494219725,557.7464745618353,567.0082098949891,2371317
2019-10-24,551.951904296875,565.6782822718209,549.6245849067517,562.3535568512476,2212393
2019-10-25,548.769775390625,556.3691489588424,541.6928471594987,556.3691489588424,2284548
2019-10-27,561.878662109375,565.2033879206731,550.9545630151099,555.1817259994837,851951
2019-10-29,581.162109375,587.0516357631705,562.8286313748843,565.6309121057241,6543163
2019-10-30,585.6741943359375,588.8564667192009,574.7026106376691,586.2916666131936,4296705
2019-10-31,576.0800170898438,590.5188382881903,573.5152169462857,586.6716090835441,4595842
2019-11-01,560.2163696289062,579.21480522463,551.9045540557771,578.5023638897904,7558094
2019-11-04,557.0341186523438,564.7759458672286,552.7594709211465,561.4037353638971,3128961
2019-11-05,551.0970458984375,561.0236803520336,548.1997386015477,554.0892641863825,2653917
2019-11-06,550.7645263671875,560.7387030636527,548.1997264780881,560.6912185798683,2763550
2019-11-07,551.2870483398438,554.2793249565071,543.3552251501663,550.7646029883081,3279435
2019-11-08,550.95458984375,566.628298003098,547.9623132764265,549.0547464304957,8374614
2019-11-11,546.2049560546875,557.5565315197214,541.4553477411685,552.5694427905264,3492576
2019-11-13,545.9198608398438,551.8093853384938,543.3550613670409,545.2549042389536,3342543
2019-11-14,549.4822387695312,550.6221564463491,539.3180646173894,546.3949931332362,2193683
2019-11-15,553.8517456054688,561.26112206595,550.7170161004893,554.5167022831577,3063043
2019-11-18,544.9700317382812,553.4242991635393,543.1651575127227,551.0494951712849,3212994
2019-11-19,532.5735473632812,546.2048985977101,531.6236258005026,545.0174966442369,3208662
2019-11-20,532.383544921875,539.9829173308485,529.581264750344,534.093392118172,2876499
2019-11-21,524.1668090820312,534.4734948375875,522.6469574762993,532.4311398874268,3346254
2019-11-22,518.6571655273438,527.2064594646076,512.1977105926886,526.9689790774614,2798026
2019-11-25,520.3670654296875,525.1641581402409,518.8946984759594,520.0821005319685,3054435
2019-11-26,511.6278381347656,525.2117657225749,510.06050201368066,522.4569694196402,4408905
2019-11-27,512.9102172851562,526.7315659872033,508.2080934231809,514.8575451128299,6630809
2019-11-28,514.8101196289062,516.0924908388678,509.3955538938897,514.76263513569,2426425
2019-11-29,503.9809265136719,516.5673885435456,501.7961182853418,515.8074628091634,3328894
2019-12-02,507.4007263183594,510.58294099169586,497.2840364821447,498.70891910816806,4087250
2019-12-03,496.7140197753906,510.34537132286255,495.8590671578116,510.34537132286255,3052238
2019-12-04,499.2312927246094,502.74601429271394,493.1518291811716,496.619008285677,2612985
2019-12-05,498.4713439941406,504.5508652352517,495.8590596759245,499.2312696546266,2332044
2019-12-06,484.6500244140625,501.46364876338134,482.65518320475746,501.3686218137628,3409528
2019-12-09,487.9272766113281,492.5343734025283,484.50752389889504,484.65003533722745,2566094
2019-12-10,480.4228820800781,489.0671460402451,478.5230387500531,488.82966562399196,2462096
2019-12-11,482.32269287109375,485.78990091661893,477.47808690850064,482.22769491313966,2148791
2019-12-12,486.264892578125,488.49721427984207,482.7501998252144,485.40996888089313,2994158
2019-12-13,490.3495178222656,496.618976887883,488.0221984189979,488.78212406655604,4066433
2019-12-16,483.36761474609375,493.76923893250995,482.1802127392444,490.15954842741064,2346317
2019-12-17,480.5178527832031,487.07230610207364,479.7104136158892,484.3650237125186,3521314
2019-12-18,496.4765625,498.6138861648699,481.13530500293234,481.51526785660326,10092679
2019-12-19,508.5880432128906,511.81774183639334,498.23387467547286,498.23387467547286,10732682
2019-12-20,504.0283508300781,512.6251872334992,502.0335387681389,506.7831465142897,4746509
2019-12-23,499.5638427734375,509.0630597268885,498.4239251432996,503.41101404386137,2963573
2019-12-24,501.0837097167969,505.9758297898405,499.84882307056495,502.5085923036693,2372038
2019-12-26,501.8910827636719,509.34800253569597,500.6561962090372,503.45847668441905,4623580
2019-12-27,503.60101318359375,506.0707864157612,498.7563777193308,503.36353275824615,3017840
2019-12-30,510.012939453125,512.8151618409021,504.74082809490795,504.74082809490795,4697710
2019-12-31,504.9308166503906,511.675294821149,504.0283795315115,511.675294821149,2502181
2020-01-01,509.7279357910156,511.057849296617,503.0309997333167,506.2132720579284,2611808
2020-01-02,512.815185546875,513.9076186485729,506.7832061904134,510.1079320042212,2776519
2020-01-03,506.07073974609375,512.0077498322751,503.83844714513526,511.96026534730845,1930883
2020-01-06,498.23388671875,503.45845559759294,494.43420026140967,503.3634866276051,2059404
2020-01-07,500.2762451171875,505.35830260038847,496.85649249287326,502.41356876540345,2111349
2020-01-08,498.3764343261719,500.0862817603586,493.0093536241724,494.8142280138585,1612378
2020-01-09,514.1451416015625,515.2850592849023,499.3738701452697,503.31601057776675,2897598
2020-01-10,519.2271728515625,520.1770945420913,512.2452716176238,516.8523686252406,2355888
2020-01-13,527.1589965820312,529.1063242406955,519.2271165391908,521.4119825733441,3442869
2020-01-14,534.3309326171875,535.5183346896702,527.1590356951157,527.1590356951157,2793249
2020-01-15,541.2178955078125,542.4052976480227,528.8214287597419,533.8560022385093,2564513
2020-01-16,539.0330200195312,541.2653125736072,535.8032634090343,540.7428672927184,2243200
2020-01-17,540.7903442382812,545.2549872628107,536.84820446597,538.4155402867882,2646260
2020-01-20,538.7955932617188,545.2550491471811,536.0882816625798,540.5054407051325,1847978
2020-01-21,525.11669921875,536.6107864676709,522.5518990571813,535.755833754275,3101684
2020-01-22,525.8766479492188,528.6314441650675,521.507031170929,525.7816789674121,1862669
2020-01-23,538.130615234375,538.9855679116308,522.0294316559109,525.7816337726858,2113303
2020-01-24,539.3179321289062,543.3550985076783,535.8506954592239,537.7505384609989,2284717
2020-01-27,549.339599609375,553.3292815614193,534.8058120499211,536.7056550767414,3654906
2020-01-28,543.8301391601562,560.216287457995,540.0304525983386,552.1419535141324,3689004
2020-01-29,548.8171997070312,551.6194799987915,543.4976619839642,548.5797193090619,1934080
2020-01-30,539.4129638671875,558.1264312083625,535.6132774214103,549.0546914147925,2901951
2020-01-31,538.7481689453125,548.1048754297428,536.990778838302,542.215348708083,2352196
2020-02-03,530.72119140625,537.418126862012,508.3980345679694,517.7072543345939,3818209
2020-02-04,548.009765625,549.8145817836196,530.8161507753492,533.8559113323946,2793702
2020-02-05,555.086669921875,560.3112387797911,548.4847611115813,551.1920145101468,3320830
2020-02-06,551.0970458984375,559.6463403987614,547.202332505566,555.7041425210554,2207104
2020-02-07,540.6004028320312,552.379454810495,533.1910253520509,550.0046506195642,4083215
2020-02-10,501.9385681152344,538.6055166006607,499.706217694891,538.4155206957322,9648880
2020-02-11,497.8063659667969,510.77281803664596,496.5239950933432,506.4981711536551,5404802
2020-02-12,504.4084167480469,507.5431467253336,497.66399594907796,500.2762805932533,3426829
2020-02-13,506.87811279296875,511.05779077888684,501.8435402044378,503.8858947159089,3392352
2020-02-14,496.8089599609375,510.0603768940495,494.57666755791035,508.4454986980723,3507540
2020-02-17,496.571533203125,499.0888487197519,490.159562186155,497.85390421507293,2652464
2020-02-18,496.99908447265625,498.6139630865209,488.35476152955664,494.43428408341515,2868873
2020-02-19,500.0387878417969,503.1260332542468,495.66911339392817,501.701150756193,1952880
2020-02-20,498.56634521484375,506.30822970477755,496.8090133876147,499.563809311038,2077458
2020-02-24,487.4997863769531,495.8590850268944,485.5049451795582,495.8590850268944,1911411
2020-02-25,483.4626159667969,493.4842773765065,480.7553335750509,489.73207541382084,2105613
2020-02-26,477.8105773925781,486.78734834488137,474.9608125174733,482.27522062596535,3058370
2020-02-27,468.7863464355469,478.76052401928195,463.1343008757068,478.76052401928195,6039260
2020-02-28,434.1616516113281,460.7119716779774,430.8844395156562,460.7119716779774,8613275
2020-03-02,435.3490905761719,448.7905054231553,422.0977006485747,430.83696263526747,9225488
2020-03-03,442.9010009765625,447.4131291366454,432.4518620795283,438.86383367543567,4582866
2020-03-04,450.8802795410156,453.1126010884742,434.58912997479445,442.71094802122377,5912943
2020-03-05,455.29742431640625,458.337185119137,445.5132431520731,449.02796476839876,4081050
2020-03-06,447.4131164550781,450.02540110529355,433.63925193576046,435.8715737074428,4502562
2020-03-09,440.0036926269531,442.3784966048851,418.9154217071949,430.8369260806908,4540694
2020-03-11,428.984619140625,446.1306931756301,427.1797738194626,439.6712376085304,5104905
2020-03-12,402.1492919921875,414.11830926057763,379.6361397733274,406.4714234274899,9408350
2020-03-13,407.3739318847656,427.22728986262075,328.34043387087587,380.44364555859835,6230411
2020-03-16,372.17926025390625,407.1363914914569,369.32949553836545,399.916981747559,3156508
2020-03-17,354.7007751464844,387.56807344749177,351.42356250724305,372.36932546915875,4526913
2020-03-18,329.0528564453125,364.484951672819,322.1184399394909,360.02030828568996,6595508
2020-03-19,298.46539306640625,315.1839908612234,286.87633737793215,315.13650637459926,10486153
2020-03-20,306.4447021484375,311.76426870129933,292.8133219158871,300.17521403218274,8819518
2020-03-23,278.7070007324219,288.68117785773876,266.5480154515681,284.0265676637857,6001358
2020-03-24,255.5288848876953,294.3806686508262,251.15924016610447,284.97645154761557,6690908
2020-03-25,263.9356994628906,273.9098753976857,233.11073462106418,250.20932193785575,9393732
2020-03-26,271.2026062011719,279.27693948562006,259.4235846193674,263.9357120430296,7557558
2020-03-27,279.7519226074219,289.7260998141381,266.7379845610309,282.12672670425906,9505126
2020-03-30,260.65850830078125,270.5852016469819,256.47885862475823,267.5929540942216,8942833
2020-03-31,270.68017578125,272.81749941493115,263.8882130427732,269.63525620692224,6236559
2020-04-01,259.1861572265625,268.8278572634127,252.2042265139084,266.92801374918366,5980392
2020-04-03,266.6429748535156,275.47723314841585,257.7612030903526,260.27848925057225,6961905
2020-04-07,304.9248352050781,307.58460410335607,278.0895498638212,280.7018342775719,10795407
2020-04-08,310.0544128417969,332.85253185941883,297.13547293394964,299.22531210628796,8451195
2020-04-09,362.30010986328125,372.03680673146874,315.75394922511657,318.9361925359956,11027315
2020-04-13,344.6790771484375,360.970227678707,337.2221863840552,360.970227678707,7717484
2020-04-15,335.4648132324219,360.87521648616695,331.8076092092551,354.3682476121129,11300538
2020-04-16,338.83709716796875,342.39930370258026,325.8231576991304,325.9181556712489,6155773
2020-04-17,345.0115661621094,352.1834632585008,337.7446421104395,352.1834632585008,6178483
2020-04-20,338.02960205078125,349.0486982421619,336.2722413194708,348.6212219328977,4834154
2020-04-21,315.4214782714844,331.5701466278841,307.2996596056068,331.5701466278841,8003757
2020-04-22,323.16339111328125,328.43544523279024,304.5449190057655,310.6244124110554,9071476
2020-04-23,330.0977783203125,332.14010410054766,314.9465161801028,321.0735225101169,6738333
2020-04-24,317.5588073730469,327.4855005668072,315.37399909551846,324.87321593574495,5754928
2020-04-27,313.75909423828125,326.15558856536137,311.71676858732906,320.6460258680013,5770537
2020-04-28,319.126220703125,321.07354867778366,312.0492921321063,317.70133809064964,4244512
2020-04-29,330.5727233886719,334.1824139448942,319.4111443662095,320.12358558040927,7748491
2020-04-30,348.28875732421875,349.5711573133111,337.22217621256914,337.8396194697448,7422465
2020-05-04,339.1695251464844,344.2516119458049,324.01829170394547,332.52007336887493,7125034
2020-05-05,349.7136535644531,362.68007843424215,343.3491958317921,345.53400405552634,13401536
2020-05-06,367.7621765136719,373.31922419845733,340.3094454684411,352.8959078619005,7015473
2020-05-07,380.5861511230469,383.2459494710294,365.81487920418243,368.0946856529448,12971483
2020-05-08,367.3346862792969,387.4730063651334,361.6351568039893,384.71823958326263,9444781
2020-05-11,370.564453125,381.8685153178917,365.1024034656023,369.0445726393058,7658595
2020-05-12,373.36669921875,375.40905399205957,361.1602290023201,369.42453010278376,4686856
2020-05-13,392.3651428222656,397.9221905117756,384.0058435382453,394.21750171520546,7361621
2020-05-14,380.3961486816406,387.09308493572524,376.16898560625077,381.39355485078204,4765875
2020-05-15,362.20513916015625,383.72088924544306,354.5107964425495,382.5809715891183,14226503
2020-05-18,358.3104553222656,364.29495007722437,348.8587233790369,362.96506557493444,7717665
2020-05-19,363.7250061035156,371.41937752269155,352.6109398218697,364.76992575118555,5950003
2020-05-20,384.7657165527344,392.9825612439544,360.6852281812522,363.72495978180564,10608175
2020-05-21,387.8529968261719,391.5577144404579,377.87881953391155,380.1111412019457,6249309
2020-05-22,404.99908447265625,408.7987709150139,378.7337577377205,383.7683306781216,10016203
2020-05-26,407.65887451171875,413.40591794718415,400.5344620631067,405.6165487409783,5895376
2020-05-27,410.8411560058594,413.1684758841604,394.2175254160269,405.1416255179168,7591278
2020-05-28,418.3454895019531,421.76521324504483,402.6242977661325,407.9913492989792,7449375
2020-05-29,414.498291015625,427.4647149031596,409.5112026750881,412.26596948438055,9539035
2020-06-01,438.0089111328125,446.93816950790324,419.3904396126233,419.7229180126698,9668047
2020-06-02,439.67120361328125,454.8699487035842,437.7713604769934,441.8085271416051,8520940
2020-06-03,460.8069763183594,467.9313883548544,443.1384286699904,446.4631542870214,9873294
2020-06-04,454.4900207519531,461.89939795635246,445.8932125069443,460.99696080164,5829493
2020-06-05,459.9521179199219,464.93920705292896,451.5927892176758,455.0125132781714,6265829
2020-06-08,447.2705993652344,469.4037614556531,444.8007973620524,461.18694526273663,5955200
2020-06-09,454.7749938964844,458.62216501675215,440.0986926804985,450.0728700923274,7656301
2020-06-10,448.4104919433594,459.47710207735446,445.37076013384024,452.3051764076974,4849036
2020-06-11,450.7852783203125,455.96236257443223,445.9881858931165,448.3629898648584,4331683
2020-06-12,482.9877014160156,487.21486458947635,433.25929447331686,434.1142182080309,18368009
2020-06-15,482.70269775390625,494.86171269833824,473.7259552369059,479.85293270292664,17605860
2020-06-16,481.3727722167969,493.00931185104605,476.19568788583683,491.20443761428857,6712936
2020-06-17,472.6810302734375,479.6154468904786,467.8364239433703,479.6154468904786,9273745
2020-06-18,481.23028564453125,483.41509371648993,467.361424564867,472.01603458076147,7114752
2020-06-19,475.0082702636719,481.230273950984,471.54106232533303,481.230273950984,9811021
2020-06-22,473.7734069824219,477.0981326454564,469.3562772565374,476.6231718364515,5149581
2020-06-23,490.53948974609375,493.86421502289716,472.6809480085389,474.96075382905764,9132472
2020-06-24,489.5421142578125,501.2261972966222,486.88234515137657,493.9592732582033,7568963
2020-06-25,481.8477478027344,490.4920114619632,478.14305923602086,484.3650343295199,5248401
2020-06-26,476.2907409667969,489.44716248602015,473.72596973600207,489.20968205783674,4079405
2020-06-29,482.03778076171875,485.3625067289687,468.3588850192997,469.3563202030606,4459947
2020-06-30,485.125,489.6846123407179,481.7052762498074,483.51012159345373,5487685
2020-07-01,473.9634094238281,495.28916163733044,469.49876616202215,488.022237968111,8990865
2020-07-02,503.17352294921875,505.35833120645543,479.14048717307077,481.1353284888528,16513522
2020-07-03,503.93341064453125,508.6830186619161,497.9489161383491,504.78836327910597,7982179
2020-07-06,541.977783203125,544.8275481394085,506.9257092740077,506.9257092740077,16728066
2020-07-07,531.9561767578125,539.5555507114955,524.0243533851046,536.7057854788644,9208254
2020-07-08,523.6443481445312,539.7930173843625,521.5070242745536,535.7558500744047,5172833
2020-07-09,532.2410888671875,536.0407754669584,520.6045486553891,526.2565940682715,4123902
2020-07-10,527.06396484375,540.4578938929633,524.3567115354195,527.4914411499633,5752443
2020-07-13,528.013916015625,532.431074796372,521.6969719492779,531.956113980318,3165043
2020-07-14,517.8972778320312,526.2090919911797,511.057830585352,525.3066548581778,3097258
2020-07-15,522.5994262695312,531.6711665585588,515.5699827694816,522.4569148285857,5671780
2020-07-16,544.63671875,548.071083449349,517.5908783901191,521.8361751902418,11751032
2020-07-17,561.7132568359375,564.0505604443458,539.4851449154801,545.6384354021588,9124092
2020-07-20,566.674072265625,570.10843729145,555.3692340138886,561.8087121078162,5771917
2020-07-21,561.2362670898438,570.013048690037,558.5650878795258,565.576940585028,3850519
2020-07-22,564.7660522460938,583.845986443597,555.2260851473421,561.5224401415829,11559026
2020-07-23,575.5938720703125,580.9839765890436,557.6110579906338,563.7643482058864,7605913
2020-07-24,571.1578369140625,573.3043294927402,562.9534303436029,566.7694171501411,3531702
2020-07-27,567.0556030273438,572.3979607029722,560.9500014889128,570.6330902817374,3345182
2020-07-28,591.8118286132812,597.0111222654837,561.6655562321389,564.3844235318817,10289416
2020-07-29,577.02490234375,596.1525834779496,573.3520382019447,591.4779761817067,5182915
2020-07-30,570.8239135742188,586.5171712486525,568.8205437550736,578.1220117661628,4958267
2020-07-31,578.55126953125,582.7488197786201,564.9091293294636,572.3026032326951,3962668
2020-08-03,569.6791381835938,591.9549372701919,566.8648363448194,581.93797217537,5002825
2020-08-04,574.87841796875,581.5563952153776,569.6791822657482,569.6791822657482,4889709
2020-08-05,585.9924926757812,591.4779738852004,575.4508404318435,578.0266432539083,3834812
2020-08-06,581.6041259765625,589.569975329644,577.6927044724381,589.569975329644,3857553
2020-08-07,572.8273315429688,588.1389669694554,571.1578373139395,582.0333647837847,7679198
2020-08-10,599.9686279296875,611.3211552372,577.1680804681879,577.1680804681879,12341769
2020-08-11,600.588623046875,611.1302751506731,593.7675814396356,601.0179332160685,5128836
2020-08-12,605.7401733398438,618.7621924346716,595.627774100805,599.1098850997224,8891590
2020-08-13,602.4013061523438,615.6141388736318,599.4916274846511,605.9311060465664,5773589
2020-08-14,586.1832885742188,608.5067765935206,579.6006880014731,604.8339125605472,3622823
2020-08-17,594.9124145507812,602.9260114111082,585.5632570319646,599.1100239971139,5687622
2020-08-18,594.0060424804688,603.641385436727,590.1423094331424,596.2479113361586,3989439
2020-08-19,595.1985473632812,602.8305207445584,593.3859303942936,598.1559137575917,2762486
2020-08-20,583.8936157226562,594.3398902872975,581.937934310195,591.4779004464277,3165784
2020-08-21,581.7471923828125,592.3842791780371,580.0300099199646,591.4779706420693,4191258
2020-08-24,574.25830078125,587.3757548482273,573.3519923093372,584.7999522223357,3707968
2020-08-25,581.31787109375,584.227607636847,573.8290202221847,577.1680087022804,4248590
2020-08-26,585.1338500976562,596.7249332429507,582.4149828054699,584.79997454505,5814785
2020-08-27,607.4573974609375,609.8900773954077,587.280344006989,590.6670788668116,7637436
2020-08-28,602.3535766601562,617.2359028031125,600.3978367231884,612.7044181998439,7809917
2020-08-31,578.9806518554688,611.0349194193162,574.4014208657699,607.6959307886095,5012805
2020-09-01,579.6006469726562,592.9565999323364,577.1679671861813,581.9379503860671,5572232
2020-09-02,613.181396484375,616.186509466366,574.3537180370183,580.030010210035,7887097
2020-09-03,614.9940185546875,625.8218582068115,602.9259365650988,611.0349088132054,9194655
2020-09-04,602.9259033203125,619.9070326227908,597.4881105847728,600.063913272906,5889085
2020-09-07,582.3673095703125,604.690797889608,577.4542031696825,603.2121146185658,9387992
2020-09-08,580.6023559570312,595.7709264547398,577.4541785595832,582.8919712791769,6825892
2020-09-09,585.6586303710938,588.6159970165452,569.9176839354811,578.8852184836073,6589023
2020-09-10,587.13720703125,595.1984897808023,584.7045273967847,591.0008815362631,4699612
2020-09-11,585.9924926757812,593.2905909670748,583.9413764108887,586.6126138425644,2837723
2020-09-14,586.994140625,600.4455286363465,583.7505868766631,586.7079532688726,4918699
2020-09-15,585.2293090820312,595.2939629968465,583.7983139786734,590.7624785028801,3805649
2020-09-16,610.033203125,619.9070457060066,587.6619688034905,587.6619688034905,18993356
2020-09-17,607.505126953125,613.8969169098536,598.7760915092266,601.9719573739202,6363964
2020-09-18,624.0569458007812,629.0654283249373,605.3585761075303,610.5578696114072,13518207
2020-09-21,593.8153076171875,635.9342305362746,587.1373301542556,626.7758847351906,9301954
2020-09-22,587.47119140625,595.5324756496186,575.2600445602243,593.8152931322204,5369370
2020-09-23,584.4183959960938,594.6738612382347,575.4985495182846,593.4336770869791,4116481
2020-09-24,548.6435546875,578.5037021052749,541.3932020566227,577.1680832497916,8991885
2020-09-25,565.05224609375,568.0573590552555,550.0744859314736,557.0387085753003,5415792
2020-09-28,586.9464721679688,589.5699631041116,565.8154218822826,567.6280389109165,5494528
2020-09-29,584.9907836914062,597.6789280606339,575.3553821573784,586.946465266249,5747565
2020-09-30,579.9346313476562,594.3399585776228,577.6927041116422,587.6142933242588,4990827
2020-10-01,582.0811157226562,593.2905770617905,580.1731223032292,586.4217891063853,3842191
2020-10-05,579.0759887695312,587.900458120632,569.6313982812022,586.7079622623752,5977261
2020-10-06,598.5375366210938,603.8798947051177,580.9839745267246,583.4643425884494,9071955
2020-10-07,602.5443115234375,607.6005407755374,596.2479563948438,600.9225636639152,6086867
2020-10-08,604.97705078125,611.4642169122295,598.7283256058885,604.97705078125,4683786
2020-10-09,604.0706787109375,617.6651307098051,599.3960719256567,604.9769871563287,4972397
2020-10-12,605.215576171875,610.2717474240562,601.0179670791158,608.5545648778701,3247640
2020-10-13,599.0145874023438,612.4659183938899,595.6278523309096,605.1678199071384,3769222
2020-10-14,595.15087890625,598.9191779023301,587.9482147296642,594.7216269291945,2776984
2020-10-15,588.9022216796875,603.879983306049,585.8494202291959,592.3843333419793,3794955
2020-10-16,578.7421264648438,595.2462578753534,574.353706669626,589.0929674604607,4274910
2020-10-19,569.96533203125,586.2309638916452,567.8188394864881,584.513781501303,3646287
2020-10-20,574.5444946289062,580.983972152767,563.1442227745301,569.9176340693629,4377671
2020-10-21,573.2088623046875,582.7011405918727,564.9568262410014,578.9805886033787,3684706
2020-10-22,576.5479125976562,579.0283390841729,566.7694459097137,572.2072390304279,3818694
2020-10-23,596.3910522460938,599.1099195134606,577.501871259182,581.6994799734596,6421723
2020-10-26,569.6791381835938,597.0587961942382,567.2464000786966,596.2002341225123,4800537
2020-10-27,569.6791381835938,577.1679887968834,566.197027026364,572.7796273796101,5712121
2020-10-28,576.3571166992188,584.7999640143644,566.8648381011528,571.4440105132206,6811118
2020-10-29,564.7183837890625,576.3571557017016,563.0965776801362,570.6808634341296,3680773
2020-10-30,566.674072265625,574.0675471142085,559.8052839866341,565.2907653259057,4209087
2020-11-02,568.6297607421875,572.3026832277787,561.9040951871979,564.7660854852651,4085120
2020-11-03,568.3912353515625,577.5973270102747,566.6740528973413,571.7302238787354,3669816
2020-11-04,569.34521484375,575.8801271284284,564.7660423619583,570.299211536929,2475177
2020-11-05,574.4013671875,579.4575960805055,571.6824999903698,575.5461748279415,3794240
2020-11-06,585.372314453125,590.8101069413902,574.0197893843847,575.2599733697316,5908936
2020-11-09,587.995849609375,593.3859543181521,582.128804772375,592.4319576070296,3819808
2020-11-10,591.4302368164062,598.8237108789513,582.8919551245164,593.3859183100641,7876161
2020-11-11,604.0706787109375,614.8985171875232,593.529027578335,596.2478946871751,7561527
2020-11-12,603.59375,624.2954909362746,600.5409487816942,603.927625568593,6913788
2020-11-13,600.874755859375,609.5561601539839,599.1575735658554,604.786176990133,4107823
2020-11-14,602.3057861328125,605.3108989932172,600.8747910997316,605.3108989932172,295788
2020-11-17,607.9343872070312,616.2818581965354,604.5000224337128,609.603881404932,6173551
2020-11-18,673.2831420898438,677.2899397031143,607.695871783536,607.8866827608031,32986476
2020-11-19,671.518310546875,694.8912300493192,660.4519137236003,666.8437033554508,15336768
2020-11-20,682.6800537109375,685.494355780044,665.3173593740929,677.3376951807301,6730897
2020-11-23,672.9970092773438,687.5931476974619,666.843718682658,683.443285185437,4484068
2020-11-24,695.7974853515625,711.2045556906593,673.7601843816608,677.3376720863421,16121626
2020-11-25,686.8298950195312,699.2318513829771,683.0615966328636,698.3255429263354,5423034
2020-11-26,694.9866333007812,702.9047946908607,686.8776609149794,688.7856544175211,6798860
2020-11-27,688.78564453125,708.7718878289752,678.291680417893,703.0002192120968,11302666
2020-12-01,700.7582397460938,702.618544891273,675.4773280833392,702.5231685155553,5710611
2020-12-02,718.9319458007812,723.129554898517,696.9423317992697,700.2336323159782,6337698
2020-12-03,711.5383911132812,721.5553561213181,709.4873332147037,715.5451887619631,2957787
2020-12-04,716.0222778320312,729.2828564806891,709.010424728778,714.638970843491,5356456
2020-12-07,717.6917114257812,721.0783880920283,709.8212385886978,715.4975306439408,3525945
2020-12-08,719.3135986328125,728.8535667844412,709.3443202688915,718.6934774120188,4333519
2020-12-09,720.2675170898438,727.8518025907607,715.6883445207005,721.9846995248552,3213975
2020-12-10,702.28466796875,720.2197936185935,697.4192500426634,710.7275151599168,3814006
2020-12-11,694.0802612304688,712.3493206365486,688.880967766331,704.9081583030007,4197494
2020-12-14,678.9594116210938,703.4771365999503,677.3376057084379,697.9916559903397,4183639
2020-12-15,684.9219970703125,686.8776788159171,668.751740069386,677.3377110545849,5495877
2020-12-16,698.2778930664062,711.9200341695137,692.7924120661052,703.1909411128821,11262389
2020-12-17,697.0377197265625,704.4788824220212,691.9814905797034,701.2829585058614,3630553
2020-12-18,699.8519287109375,704.0018491315374,689.3102772298769,692.6969537381812,6671658
2020-12-21,654.39404296875,696.4175856345161,629.876316322177,695.463588941866,9130116
2020-12-22,663.0753784179688,667.1775524818357,636.601970642614,657.1128991892853,7305751
2020-12-23,678.7686767578125,682.1076653293549,656.5882526754244,661.1197371653747,4383472
2020-12-24,678.1962890625,689.3103158735138,667.8930779422511,679.7226605179909,3373695
2020-12-28,678.2440185546875,685.7328699444417,674.7619070364228,682.489315847172,2484872
2020-12-29,674.5233154296875,684.015593682039,671.6136373112349,681.630602072269,2808820
2020-12-30,687.5454711914062,690.9798362095657,671.9475893511914,677.3376942939032,3219036
2020-12-31,687.4500122070312,692.1723076100828,680.6766587951697,686.6391382870685,3723205
2021-01-01,698.7548828125,710.4890303797496,689.7396025036038,691.6475958715253,9543128
2021-01-04,714.6389770507812,716.4515942552806,693.7941703357561,701.1876455094957,4547027
2021-01-05,706.0529174804688,713.5895145210237,696.4175743320151,713.5895145210237,3551554
2021-01-06,702.2369384765625,712.1108391299781,696.8468921278317,706.9115455369046,3601608
2021-01-07,710.1550903320312,720.267430972635,706.0528583817128,708.819471804858,4063641
2021-01-08,735.0545043945312,737.2486852994945,710.727586987574,715.4975707928597,5998381
2021-01-11,752.7987670898438,754.9930060654226,728.0902876796966,737.4871318139939,6643610
2021-01-12,743.9743041992188,760.0968717417196,741.6370588629625,753.6097058185098,5532160
2021-01-13,790.2431640625,798.9722573893914,746.2639383198226,748.5058073332034,19610461
2021-01-14,791.721923828125,805.0301318702961,789.2891855407822,790.7679270808817,8576718
2021-01-15,781.9434814453125,799.4492990097807,777.841248722935,789.9093312411676,4996951
2021-01-18,771.7833251953125,783.0404745353886,760.4784876660194,780.2739190600896,3955069
2021-01-19,770.8770751953125,781.8957261982088,764.6760962157134,772.7373805346606,3991167
2021-01-20,786.5703125,793.6775998618112,765.105385839903,769.8753695421467,4502291
2021-01-21,771.0678100585938,796.5872210317672,763.4835248715666,785.1392609690351,4455107
2021-01-22,761.6709594726562,788.6690534057748,758.4273475256376,770.829304151843,5588252
2021-01-25,757.9981689453125,775.551733892371,748.1720132506707,765.2008333598275,3353172
2021-01-27,734.52978515625,779.4153191224224,728.2811182946775,760.3353847497805,6585102
2021-01-28,729.8074951171875,742.3048289321802,721.3169009680257,723.1295180376839,4622634
2021-01-29,715.1159057617188,763.1496747266716,711.6815409195302,737.0101417558502,8761073
2021-02-01,758.5704956054688,771.6402037500142,707.4362377978357,718.3595116051612,6592083
2021-02-02,779.2721557617188,798.8768338910343,765.6777032288177,772.7373018701708,5334431
2021-02-03,794.8699951171875,819.3877198870218,780.3692348534179,783.2312247122935,8802838
2021-02-04,826.6381225585938,852.4437210864791,796.587227162638,796.587227162638,14706560
2021-02-05,825.68408203125,841.1388390596239,802.5019756023557,839.4216567736564,15668083
2021-02-08,885.6905517578125,908.2525385773793,850.0110522016242,850.0110522016242,21179625
2021-02-09,853.8271484375,895.8030082489526,844.4779913067817,886.7400385169343,9210613
2021-02-10,872.0961303710938,874.8149977492807,845.3364756246997,857.6430566811379,6465767
2021-02-11,872.1438598632812,877.7247176837799,860.8389631883275,874.2903525984487,3640848
2021-02-12,866.753662109375,876.2936288008597,863.3669855793651,873.8609489399983,2484145
2021-02-15,869.9019165039062,877.6770133369032,856.9275839455145,868.9956661698333,4178613
2021-02-16,870.2359008789062,879.3465587600537,860.6004981708951,872.9070802988327,4223635
2021-02-17,872.8592529296875,877.820047191339,862.9853525937656,863.366974547483,3903522
2021-02-18,853.3023071289062,872.8592382680538,850.6311281797579,872.8592382680538,4616205
2021-02-19,838.8015747070312,863.9871101643184,823.1560059794232,849.0570389414363,5171996
2021-02-22,798.590576171875,841.9020475760708,794.7745895539665,839.517055939878,5960870
2021-02-23,802.2635498046875,817.5274972576246,781.418686627867,803.3606110914642,7348084
2021-02-24,810.515625,816.5258511772508,801.3572793836944,802.4066525300459,3184114
2021-02-25,819.483154296875,826.7335058285901,803.312898803524,813.8545505515146,6134649
2021-02-26,769.302978515625,817.2413137091278,761.7663811345666,809.0369069784135,12073749
2021-03-01,781.7526245117188,813.4730154785902,778.6521351690923,783.2313077835037,9223619
2021-03-02,820.4848022460938,828.0690872133882,782.3249364758915,794.6315164777154,9706013
2021-03-03,812.8529052734375,828.0691648208555,808.0829216051146,827.0674798959756,5028771
2021-03-04,806.3656616210938,818.8153061532729,796.3963850670905,803.1220497474784,4574138
2021-03-05,801.7388305664062,821.1526396505976,799.783090796871,801.3572086047076,5179108
2021-03-08,811.8511962890625,817.90905207737,801.3572325297445,808.9415179830828,3474579
2021-03-09,812.8051147460938,825.8748799972193,803.2651486105763,813.7591113596455,3536262
2021-03-10,824.0623779296875,834.7471531352872,809.9432377278387,817.0028369424333,3971353
2021-03-12,816.4303588867188,835.8919147306527,805.3163323406486,829.5001252368965,4012449
2021-03-15,805.5548095703125,822.3451276324301,786.0932542565225,822.3451276324301,3069303
2021-03-16,804.0761108398438,817.098189337382,801.3572434832469,812.805204104436,2996797
2021-03-17,798.447509765625,812.18502662196,795.3470206457367,808.607539175935,2034583
2021-03-18,806.7473754882812,820.9618921367411,795.6332900521323,803.2652640574286,5033325
2021-03-19,811.183349609375,820.4371288711798,782.8019489304011,801.3095074540106,7538327
2021-03-22,813.8068237304688,819.8169909289951,793.8683288510823,810.7063346442818,2906300
2021-03-23,805.7933349609375,825.2071444912712,802.7882220686759,820.3894728076277,3925212
2021-03-24,774.0729370117188,806.1272024822066,771.4016996997306,797.7797314505862,4066262
2021-03-25,755.2791748046875,776.5532888867064,751.8447518584677,774.4544845685724,4501404
2021-03-26,762.5772094726562,777.1734050021482,755.7084800791723,763.054207804278,4170972
2021-03-30,758.4273681640625,768.4920215929735,746.979407889888,768.4920215929735,5670999
2021-03-31,758.6658325195312,768.6827972997326,753.7527265030702,758.5227097317375,3972382
2021-04-01,770.44775390625,772.5465584068863,743.878967644262,764.6283970078564,5678798
2021-04-05,738.8228149414062,771.5925809115132,733.8620200599137,771.115582523434,4176802
2021-04-06,745.1668701171875,755.1838364221232,739.3475129833527,747.933484101869,2984229
2021-04-07,759.6675415039062,761.8617222133851,739.7290459105806,745.3575913629536,2271095
2021-04-08,758.5704956054688,773.6913199359705,756.5193794195125,765.1053496777414,3324494
2021-04-09,754.754638671875,764.1514844468555,748.8875346951081,758.4275032899503,2065092
2021-04-12,716.9285888671875,743.1635006354478,704.5743187708472,743.1635006354478,4628388
2021-04-13,773.9298095703125,779.4152905010112,716.2606984012391,719.3134994342257,12501628
2021-04-15,768.062744140625,771.6879782970091,749.0305559563066,767.9673677585473,5256004
2021-04-16,783.8514404296875,799.3061409513851,766.2501890273767,768.0627478870705,6915568
2021-04-19,758.3796997070312,769.8753484693148,748.9827971344165,748.9827971344165,4317341
2021-04-20,773.83447265625,783.4221281699037,763.7220723579868,770.8293596587239,4830957
2021-04-22,762.9111938476562,767.8242420528574,749.3644286855308,758.42739758752,4576665
2021-04-23,742.114013671875,768.5396741648914,738.4887798378575,759.3813296609195,4796085
2021-04-26,744.5944213867188,756.8055674526543,739.9675607010674,744.1174230386171,3528851
2021-04-27,742.591064453125,751.7017214138995,741.255445764416,745.071432615198,3624649
2021-04-28,746.120849609375,764.7237866015194,743.0203601106844,749.8414602987407,5214319
2021-04-29,738.9658813476562,755.6131367782311,733.2419006765595,751.7494614707093,3642323
2021-04-30,717.9302978515625,742.5911506744865,715.9269278132284,733.051182439857,4466148
2021-05-03,718.3118896484375,731.2862226106918,706.0053078526352,710.6322271881568,3749870
2021-05-04,707.0546875,727.6133050304148,697.4669739474741,724.0835055450045,3820769
2021-05-05,713.1602172851562,714.5435241375656,703.4294393563735,708.9626667660108,3102424
2021-05-06,713.0171508789062,724.5604875609637,711.8246550139277,716.928514025101,3662506
2021-05-07,732.0970458984375,736.4854071579267,716.4514776886049,717.4054743300012,4833670
2021-05-10,744.5466918945312,747.7425573585907,733.2895431492761,736.4854086133356,2095644
2021-05-11,740.3013916015625,743.831190810078,730.9522361881436,734.5774117695917,2938331
2021-05-12,724.7513427734375,736.1993037758538,720.4106692054895,736.0084927803454,3480378
2021-05-14,707.3885498046875,728.5672880929926,702.1415679787593,727.9948551392162,4984389
2021-05-17,718.88427734375,721.2215811503542,701.569270351745,705.9576323429392,3479938
2021-05-18,761.0032348632812,763.1497275951856,719.3135643803822,725.991541768529,8634396
2021-05-19,748.6966552734375,757.4734372242754,742.2094888671111,757.4734372242754,4360320
2021-05-20,766.2978515625,772.3080191449736,746.0254216269841,747.9811032223546,10092542
2021-05-21,781.275634765625,783.2313164193772,763.9128826100077,767.0133719868201,5721630
2021-05-24,772.7373046875,786.0932581018518,769.8753146701389,783.7082664207176,3495533
2021-05-25,773.9298095703125,789.9092540206086,771.1631958969385,781.9434050034852,5044078
2021-05-26,783.4220581054688,788.0012303652721,775.599273955165,778.461263895959,3084558
2021-05-27,790.4816284179688,792.7712437486106,779.3199138062655,787.3334510088387,6902630
2021-05-28,806.9380493164062,813.75914870729,773.2142907705258,790.863228931235,11638455
2021-05-31,770.7816162109375,786.0932510204191,753.6573644491882,786.0932510204191,17596018
2021-06-01,769.20751953125,780.3692924501486,763.4358512019944,775.5993089999644,7230033
2021-06-02,769.1121826171875,774.6453520578469,765.3915720442003,769.2075590001502,4244490
2021-06-03,765.1531372070312,775.7902250322319,761.3848381256576,774.6454172037032,5001405
2021-06-04,767.5857543945312,776.5533470494288,766.1547592832608,776.5533470494288,5084092
2021-06-07,766.8701782226562,774.4067749936637,765.6776824188471,770.7339112088653,2994862
2021-06-08,770.6862182617188,772.7373344775017,760.8123756121082,767.1087306021006,2960405
2021-06-09,767.4426879882812,779.176836227227,764.151387594746,770.8293647647375,4176767
2021-06-10,769.82763671875,773.6436234593078,766.1070263557715,770.8293215926791,2264605
2021-06-11,771.7833251953125,778.318179256155,768.4443367673971,771.7833251953125,1783272
2021-06-14,770.3046875,772.2603691922021,757.4734195659153,771.7833708171605,1598770
2021-06-15,771.4017333984375,776.07634067129,768.9213651887644,770.2092374846832,1640381
2021-06-16,769.064453125,784.0421545408913,764.7237216138432,771.5925094111499,3863280
2021-06-17,768.6351318359375,772.6419295119371,756.0900522827408,765.1053324969059,1988175
2021-06-18,745.5960693359375,771.7356008079096,737.5347860069022,768.9212990480609,5793496
2021-06-21,741.1123046875,743.0202980658315,727.2793526945962,740.3014307926438,3024852
2021-06-22,739.5382080078125,753.2280365200261,737.1532164044768,744.2127566139501,2925669
2021-06-23,745.9777221679688,749.841397110667,739.3474335378714,745.9300339790143,2700327
2021-06-24,755.3745727539062,757.4733771319812,743.1634266823846,746.9794134689437,3251137
2021-06-25,757.7119140625,765.0100124463894,753.6574278997482,756.7102291265822,1763201
2021-06-28,756.9963989257812,762.2433808969115,752.9419128571807,758.4273940088168,1409432
2021-06-29,745.643798828125,755.565387817676,743.5450526660571,752.703397712306,3167773
2021-06-30,741.9232788085938,753.0850523491481,739.7767861364619,748.7920670048842,2393862
2021-07-01,743.5927124023438,762.0048363968891,739.2520392207613,742.2094055922125,5697553
2021-07-02,746.5977783203125,751.0815743608384,741.2554202043688,749.8413903225661,1963778
2021-07-05,755.3268432617188,756.996337389547,748.4103675892875,749.8413625559974,1320469
2021-07-06,745.9300537109375,758.427387369103,742.87725258172,754.2297785380116,1420179
2021-07-07,743.068115234375,745.9301055743805,733.1942136249504,742.0186838399675,3004815
2021-07-08,740.5399169921875,751.3677559336027,735.5314344618056,742.161722980826,2010027
2021-07-09,736.05615234375,740.3014493624948,731.7154789446308,736.4854625101109,1658120
2021-07-12,737.2963256835938,745.0714220729857,733.1464633330212,740.3014385769999,2681410
2021-07-13,745.2145385742188,746.2162234544473,738.0595633906757,742.1140493280168,2189466
2021-07-14,749.9844360351562,750.7953098387131,741.3030322048161,744.1173337664502,2067565
2021-07-15,752.3964233398438,756.3035860973896,747.8621596348506,753.4576076849042,2109663
2021-07-16,752.2998657226562,756.3517619381535,749.1162540114492,756.3517619381535,845054
2021-07-19,748.4409790039062,753.1682013902291,742.8455309370281,748.4409790039062,1265906
2021-07-20,733.39111328125,748.3444966978811,725.8179128019075,747.6691708315547,2179910
2021-07-22,731.7028198242188,740.0477370815927,729.0015752720209,737.2500426421688,2182264
2021-07-23,737.25,740.7712450380982,731.5098188568919,731.7510024437223,1179241
2021-07-26,727.6990966796875,737.1534813805032,725.9625866542659,736.0922971657209,1187498
2021-07-27,719.2576904296875,733.1981137103277,716.459996114894,729.339176269747,1732564
2021-07-28,703.0020141601562,724.2261723218681,699.0948513660212,724.2261723218681,4016758
2021-07-29,705.6550903320312,712.794090591037,700.4937252187184,704.2562134739287,2489035
2021-07-30,716.8941040039062,733.1981388013915,706.0408420808593,709.2727376275731,4642619
2021-08-02,730.979248046875,732.2816159006327,718.3411923989926,723.55078157945,2260861
2021-08-03,743.6654663085938,745.4502602245148,728.8568172673004,736.4782423510429,3235393
2021-08-04,739.2277221679688,748.4409237639599,737.5876619376764,745.7396792637388,2659372
2021-08-05,732.571044921875,739.3241857387904,730.0145340851003,738.9865522510306,1451370
2021-08-06,731.5098876953125,745.0643947741851,728.3745007714618,736.8641520502679,4471604
2021-08-09,747.6209106445312,754.4222761659038,734.6452216116825,735.1275887959318,6700633
2021-08-10,758.5706176757812,761.9471879455041,747.8138648604344,749.5503749368921,4724852
2021-08-11,751.2386474609375,762.0919088599993,740.4336110026625,758.5706049418857,3147983
2021-08-12,748.826904296875,766.6262669713833,746.463293078596,753.4576179572,3551026
2021-08-13,751.1904907226562,761.6578357803572,745.3538002897302,755.338837013061,3391864
2021-08-16,771.1121826171875,775.5982210632179,752.73400434844,752.8787380593625,7131928
2021-08-17,762.7672729492188,775.5982286259973,754.4222968794991,771.0639651930175,3835522
2021-08-18,763.4425659179688,768.8933389883505,759.1495448202547,765.9026858151335,2450964
2021-08-20,757.9436645507812,763.4426039572854,748.8751369241513,760.982542820262,3050982
2021-08-23,738.89013671875,765.4685589645513,736.7194842123879,762.1402133449193,2512960
2021-08-24,750.7080688476562,752.3963539845392,734.7416680183927,739.9512571367167,1662376
2021-08-25,744.8231811523438,755.387034600503,743.3760795534922,753.4093408586155,1693443
2021-08-26,753.8434448242188,755.2905463495665,740.192430215354,743.8101840287233,2576883
2021-08-27,747.8138427734375,757.316452413052,738.0217657273691,752.3963308612872,2907125
2021-08-30,763.6355590820312,766.1439040373747,755.3870911278685,756.3036006522686,3028708
2021-08-31,765.3237915039062,767.735627515757,753.7469786470231,760.2107109353259,3324467
2021-09-01,742.7490234375,774.1993407030038,741.7842890565616,765.3237726218285,6031309
2021-09-02,725.9144287109375,746.849177476618,723.550817596911,745.5949756199437,4879865
2021-09-03,723.454345703125,730.303936348286,718.8235735051809,729.3392019541668,4257842
2021-09-06,728.13330078125,733.0051978075493,720.7048339983927,726.4450155525423,3682183
2021-09-07,726.5414428710938,731.943990764758,721.7177709389189,728.4709116439636,2273976
2021-09-08,728.13330078125,731.0757289747404,722.5860778869245,729.3392188017556,2380939
2021-09-09,724.2743530273438,729.821575844403,721.1871911613069,723.5508022251187,3313559
2021-09-13,719.2576904296875,726.9273403693841,714.2410599803902,726.9273403693841,3139833
2021-09-14,723.7437744140625,726.0108767503365,718.3895101540312,718.5341849875522,3089381
2021-09-15,728.470947265625,733.1981695433994,720.174254689668,725.4802940745216,3336656
2021-09-16,730.2557373046875,734.1628999629008,724.8531891763819,733.053431817229,2686018
2021-09-17,727.554443359375,738.9865220070518,722.7307715447076,731.4616057527131,5504398
2021-09-20,712.022216796875,729.8215783697457,706.3785440730768,722.9719876380661,2933375
2021-09-21,712.4081420898438,714.7717531883012,703.8219822244973,713.9999185484421,2380834
2021-09-22,725.962646484375,732.2334201749377,712.4081397451635,712.8422820079762,2287017
2021-09-23,731.7028198242188,735.1276151787579,726.2038219498819,729.8215759615883,1890322
2021-09-24,751.9622192382812,754.4705050564199,726.0108410367634,732.7157567094623,4967824
2021-09-27,782.7372436523438,785.0526298002326,755.4352714985071,761.6578202485821,9210666
2021-09-28,777.6241455078125,793.0116708488805,768.1697602353055,791.0822020633601,3853344
2021-09-29,783.4607543945312,786.9338334387401,770.8227577640013,771.7874921291627,2291977
2021-09-30,774.72998046875,788.5739550160131,773.041695198307,779.5536526700158,3264689
2021-10-01,798.6553955078125,801.694332596011,759.2460165500129,771.7875644726942,7704216
2021-10-04,811.4863891601562,821.953734170152,798.8965577453909,803.141412789497,6544700
2021-10-05,813.3193969726562,816.1653754840441,805.6015210815542,811.4864367781515,2647442
2021-10-06,804.6849365234375,824.7514590757088,799.7648146546431,816.1652993942438,3288323
2021-10-07,847.2780151367188,856.491217188306,807.6274535237148,810.0875145494472,9515673
2021-10-08,846.8438110351562,863.4372538351224,841.7789556355648,862.1831109412899,3938358
2021-10-11,864.01611328125,870.6728042574681,848.0015456424537,848.0015456424537,5493159
2021-10-12,858.7101440429688,863.099733068662,846.0721458057992,856.6842251716645,3433345
2021-10-13,902.3643188476562,936.9018582913998,861.5078395935888,861.5078395935888,17519612
2021-10-14,898.5536499023438,912.8799322879375,889.6780815846656,905.4032406364379,3354982
2021-10-18,878.8247680664062,924.2155074654917,876.2681984853638,924.2155074654917,2885649
2021-10-19,885.143798828125,894.8875925700411,869.418640118675,878.8730253214407,3476818
2021-10-20,867.6338500976562,892.2828608684482,863.0996455708055,880.8024980743064,3551282
2021-10-21,865.3668212890625,878.9695537896824,861.8938007433312,876.2683090449226,2614538
2021-10-22,856.5393676757812,877.7152983997512,853.8863482176753,872.119850955561,1999394
2021-10-25,859.2890014648438,873.9529771386169,851.8605342929931,851.8605342929931,2833933
2021-10-26,863.0032348632812,868.2610496627834,852.8252976687784,861.8938255183447,3410657
2021-10-27,855.5264892578125,871.9269747309564,852.3428773836869,868.2609956370325,3362019
2021-10-28,852.6804809570312,864.4020275398146,846.9403583490719,855.719417888187,2171227
2021-10-29,853.0663452148438,869.7080126787466,831.6010060222735,852.3427944555436,2482056
2021-11-01,839.6565551757812,856.5876908746932,830.0574950741028,853.0663867880745,4146270
2021-11-02,831.1187133789062,848.2909744963206,828.7068772982942,844.1426282142112,3704926
2021-11-03,819.0595092773438,839.2224818809557,813.2711028513554,833.5305253423145,3288759
2021-11-04,842.068359375,844.1425617942078,822.9184059548106,825.5714254347353,973315
2021-11-08,829.1892700195312,847.2780411805159,824.1726390410079,847.036857565036,4481883
2021-11-09,860.6878051757812,873.4705357776987,832.1798569913714,833.5305086835275,15376349
2021-11-10,887.218017578125,892.3793230828696,863.4372909828846,873.9529195322986,17083220
2021-11-11,892.13818359375,896.0453463438944,878.8730848920317,886.5427355542961,4935551
2021-11-12,904.7279663085938,906.3680266698514,892.379376976703,901.061987131071,6239600
2021-11-15,895.659423828125,915.0987862963663,888.6168157331476,902.026647196426,3757546
2021-11-16,926.4343872070312,931.8851598533756,892.9098684476028,895.6593966826795,7368780
2021-11-17,920.790771484375,944.4749895269185,913.8446719401161,926.0968107513802,5416608
2021-11-18,891.1251831054688,921.3213582538964,885.8191438694515,921.3213582538964,3463426
2021-11-22,869.0809936523438,897.4442096412853,862.183177760329,893.7300056134864,3731367
2021-11-23,869.5632934570312,876.4611676969996,862.0866021530667,866.1867231907247,3195288
2021-11-24,861.7007446289062,875.6893928894966,858.6135828914058,875.6893928894966,2708554
2021-11-25,859.7713623046875,867.1998294212971,852.3428951880779,859.4819537433066,2288825
2021-11-26,823.6420288085938,853.7899800827004,813.2711335703011,853.7899800827004,3934155
2021-11-29,820.7960205078125,837.19650540301,799.1377213255528,815.3935313895394,3936245
2021-11-30,806.0355224609375,830.4432889228895,799.3306071761926,820.7959457456192,6067618
2021-12-01,805.2637939453125,812.9816689391428,794.2175735838503,806.5179368552673,5121634
2021-12-02,819.590087890625,829.6233490830945,805.6014392587917,806.3249900500934,4677008
2021-12-03,807.4344482421875,825.4267090354871,804.5402451124941,819.0112607609612,2933597
2021-12-06,793.1564331054688,810.9557361862948,791.1304554781316,808.4474502279343,1552749
2021-12-07,796.8223876953125,804.2508543354362,793.4940422461262,797.3529798375968,1976433
2021-12-08,811.1005249023438,813.9465034329312,797.7872006769226,805.0709343217435,2346456
2021-12-09,821.08544921875,827.1633232294733,806.5179828895023,827.1633232294733,4078098
2021-12-10,829.3822021484375,837.968303255134,820.1207162807475,820.1207162807475,3434165
2021-12-13,813.3674926757812,838.3059105158053,810.0874312728989,838.3059105158053,2683048
2021-12-14,807.3379516601562,812.2581323845241,796.8706070695321,810.3768885452868,1979863
2021-12-15,816.3583374023438,823.5938460790082,808.6404614805682,814.2359097473113,3208613
2021-12-16,823.2078247070312,831.8422090799971,816.3582342450768,822.8219662893329,3965285
2021-12-17,805.1673583984375,822.1949452051128,800.7296034265106,818.0948237417842,2675800
2021-12-20,785.583251953125,800.7295946157742,768.893357721412,796.870656810397,2907378
2021-12-21,783.5573120117188,797.8353697297342,779.0230484362278,793.3976149264039,1973119
2021-12-22,789.8280639648438,798.0283063535094,782.3995973185685,789.9245138516245,1979912
2021-12-23,797.6906127929688,804.3955286302302,793.7352253174294,795.8094278245504,1495208
2021-12-24,783.991455078125,802.7072676185323,779.5054164427872,801.6943082474705,1071730
2021-12-27,789.683349609375,794.1211632816536,778.4924538636078,779.5054132304953,1492196
2021-12-28,809.1227416992188,810.3768846250719,790.1656874522253,794.9411344417372,1677680
2021-12-29,803.3343505859375,813.7052454366652,801.5495566075786,813.7052454366652,1575343
2021-12-30,800.0542602539062,813.2711338739529,797.9801165351037,813.2711338739529,1874659
2021-12-31,807.62744140625,815.2005830328176,800.9225254260641,805.3602801948132,1528983
2022-01-03,800.53662109375,810.3769240914032,797.1600505767025,805.5532519241925,1537088
2022-01-04,802.5143432617188,812.3064216602355,796.5330366692081,808.399258843283,1886453
2022-01-05,809.89453125,817.1300392718881,800.7295544222752,800.7295544222752,2634010
2022-01-06,810.232177734375,812.5475638916049,798.3177312203063,809.4121770318272,2962301
2022-01-07,799.7648315429688,819.7830706919634,793.4940578336451,811.341644544797,2531717
2022-01-10,812.2581176757812,816.8888308927849,800.4401215985015,806.4697114338483,3403434
2022-01-11,811.7275390625,818.8183132738476,806.0838075530163,812.3063561432456,2117911
2022-01-12,849.4968872070312,853.0181914157195,812.7887540669599,816.9371003230432,9022415
2022-01-13,864.402099609375,877.4260151726859,837.389533996582,849.4969400214862,5658001
2022-01-14,850.1239624023438,864.3537947579164,848.6286358635554,858.4206546633545,2027852
2022-01-17,869.03271484375,872.1198766260486,851.5228212344812,853.0181477419765,3617269
2022-01-18,860.6878051757812,878.0047402812644,856.9735424637089,870.1904153154419,3468168
2022-01-19,862.8584594726562,876.8953330300018,849.7380364769878,876.8953330300018,4215758
2022-01-20,849.4486694335938,865.945604707667,842.06842745783,864.4020531658148,2486026
2022-01-21,844.3355712890625,853.693506885614,834.6882271447238,844.9143883846365,1872843
2022-01-24,824.5584716796875,847.3744040307776,818.1429646138425,840.4765886662346,3386669
2022-01-25,824.3655395507812,827.9832935277449,815.4417464076042,816.2617470892969,4742388
2022-01-27,827.7903442382812,832.4210576046451,811.534593070955,815.7793891223238,2927566
2022-01-28,838.9813232421875,864.4020519995795,830.0575297366115,833.9164674687526,4208702
2022-01-31,854.561767578125,857.5041958862864,841.3448937817586,847.9051351751444,2335040
2022-02-01,839.0294799804688,863.1478388457075,833.7234410301162,860.5430443117193,2921070
2022-02-02,838.6918334960938,849.2556870333643,834.6399960913019,844.8179323125376,1341479
2022-02-03,826.005615234375,851.2816686023631,822.0984526427749,837.389469518101,2630289
2022-02-04,812.0169677734375,831.0222474995337,806.6627035540405,831.0222474995337,2080640
2022-02-07,800.2471923828125,814.9111671783053,793.2046429726232,811.3416380879389,1801701
2022-02-08,802.707275390625,808.1580485050297,788.3327676293462,800.7295815741238,2729631
2022-02-09,810.5698852539062,816.1171082633026,803.7685192537115,808.4474577172459,2165223
2022-02-10,822.9666748046875,827.5009382979316,800.874292195497,814.2358401905616,6949276
2022-02-11,823.5455322265625,831.5528158544475,806.1320294517259,822.9184313225277,5146850
2022-02-14,795.9541015625,815.5864818487369,753.1681546573268,812.0651777506083,4202165
2022-02-15,824.4619750976562,827.7420955328064,791.4681065077641,798.8000642204705,2728328
2022-02-16,833.771728515625,847.5191941000597,824.462017742202,824.462017742202,4401342
2022-02-17,831.8422241210938,846.3614648502308,828.7068373673754,841.2483843822484,2041741
2022-02-18,821.9536743164062,839.077709197998,817.2747362257886,826.9703047624854,1616856
2022-02-21,811.4380493164062,820.5065758833698,802.6589901645664,815.3934955350659,2255753
2022-02-22,823.1596069335938,825.8126264695649,794.3140255166766,797.8353295447782,2768989
2022-02-23,820.3135986328125,839.0294684071617,815.8758442159063,825.8125961547779,2265060
2022-02-24,767.7356567382812,802.5626054046611,762.6225759750804,789.2492230063226,5677898
2022-02-25,779.1195068359375,795.9059095727403,773.7170175482881,784.039687788381,3470318
2022-02-28,762.9601440429688,778.5406274894295,759.0047567252896,778.5406274894295,5026913
2022-03-02,750.9010009765625,782.1584192682118,741.8807578381188,757.7988755290537,5779175
2022-03-03,735.1758422851562,765.1791176401366,733.2463734732366,764.0696495201967,2763929
2022-03-04,706.4750366210938,729.3392552077208,704.2561591291484,723.550848420358,4829850
2022-03-07,666.197265625,694.4639691158033,657.7076154782436,694.4639691158033,7008637
2022-03-08,675.9412231445312,678.2565505195593,647.4815565664286,666.197369766126,4000294
2022-03-09,708.93505859375,713.8070144770082,675.3140879128874,680.1377599694081,5490287
2022-03-10,712.7940063476562,735.6099990516565,709.0798023645475,735.0794068944576,4064470
2022-03-11,708.8868408203125,715.6399817677512,703.0019844049166,708.1150650600056,2364792
2022-03-14,716.9906005859375,719.6918450643279,699.866565398415,708.8868082680527,3563695
2022-03-15,734.3558959960938,742.073771815532,718.7271856851874,718.7271856851874,4811450
2022-03-16,746.3668823242188,748.6339848851507,738.0219052025004,741.7361095383392,2277631
2022-03-17,766.3850708007812,771.6911102769423,749.598667814021,757.3165434157098,3787641
2022-03-21,755.8694458007812,763.2014041086843,752.5893250993562,761.7543024255941,3008019
2022-03-22,757.8953247070312,761.2236701794722,741.8807571436229,755.3870388081363,5436875
2022-03-23,746.80078125,766.1919755727029,744.8713126934748,762.1400798274584,3277274
2022-03-24,738.6489868164062,752.4929032134631,735.7547833425083,746.4150876948216,2248114
2022-03-25,737.7807006835938,745.7397602202262,731.4617015552964,745.7397602202262,3148869
2022-03-28,742.1218872070312,745.4502324393605,724.8048941170458,737.9253164028188,4719388
2022-03-29,746.077392578125,755.3871039383718,743.5208815151176,743.8102900849101,3519610
2022-03-30,765.3720092773438,766.9638445833384,748.5374411785101,751.8175027942692,4407033
2022-03-31,778.1065673828125,784.3291164299258,769.8580995216245,769.8580995216245,7059986
2022-04-01,797.4012451171875,800.2472235114027,779.216024350576,782.3996362480381,3406177
2022-04-04,804.299072265625,806.5179495848299,781.4348554589859,789.1527305746301,4163250
2022-04-05,807.048583984375,821.9537428585292,804.2991143835337,807.4827262589072,2669967
2022-04-06,798.6553955078125,809.1227996806043,793.9282320050482,809.1227996806043,2049292
2022-04-07,804.8779296875,810.666336314354,793.3011164337921,796.8706456302288,2913537
2022-04-08,827.163330078125,830.2987169992895,797.8836045770055,800.7295829435288,4145522
2022-04-11,826.6326293945312,830.9739341016145,816.3582435840624,824.7996694033909,2922901
2022-04-12,830.4434204101562,836.8107032449367,813.5605671768067,820.0242999055472,2961076
2022-04-13,835.5564575195312,844.1426174096993,831.9387034449182,832.0834371609892,3695363
2022-04-18,843.2743530273438,845.107372022031,827.8386019401834,835.5564774837635,3076843
2022-04-19,841.7307739257812,856.4911986432949,834.5917157285107,847.133263076402,3301212
2022-04-20,850.1721801757812,858.5171561924363,842.647263719279,842.647263719279,2208791
2022-04-21,878.873046875,881.7672501029089,849.6898309935852,850.1721981982367,3206906
2022-04-22,888.1827392578125,894.3570040210642,857.6970972195875,871.9269294648975,4924905
2022-04-25,872.1199340820312,895.2735606505807,863.5337740097739,882.1049119866312,5476626
2022-04-26,906.9951171875,909.6481369263657,874.6282292671635,874.6282292671635,6384561
2022-04-27,894.1640625,907.5256693804037,890.4016336384365,897.2029994382804,3154605
2022-04-28,890.3533935546875,911.6740000558171,886.1085386785905,911.6740000558171,2869224
2022-04-29,889.5816040039062,906.1268232110464,885.6262163510679,896.1418453052733,3467791
2022-05-02,888.8580322265625,900.7725376152127,877.6189115895855,882.7319922270351,2740823
2022-05-04,864.4984741210938,891.3663625477274,859.6265771673002,885.529731191887,2408261
2022-05-05,867.3444213867188,888.5203525314095,864.0643598666105,877.9082744881462,2690817
2022-05-06,862.327880859375,882.5390797449875,856.0088818691216,858.6136767098413,4247088
2022-05-09,863.7266845703125,870.0939668516769,844.1425882983339,848.9662602314672,1790691
2022-05-10,857.0217895507812,878.824822545911,852.9216683083752,863.7267054766708,2436623
2022-05-11,855.7676391601562,866.7174099479122,845.5897029998499,857.2629657060888,3048794
2022-05-12,834.7365112304688,857.648955196633,823.5938397308361,853.693567370299,4908042
2022-05-13,858.1312866210938,873.084670480146,839.4154148831285,848.7733507521111,4956950
2022-05-16,871.4927978515625,876.8471208848898,861.2184118074608,863.4372891538832,2856221
2022-05-17,878.6800537109375,884.6614185902715,866.4761992421281,875.0140748760919,3469290
2022-05-18,881.0919799804688,890.2087325016789,873.2776543238424,877.908368004907,3203522
2022-05-19,851.4263916015625,880.8025678819456,849.1110642116795,869.2257542843735,2658159
2022-05-20,871.9269409179688,879.21067387792,857.3112500544999,865.2703088725235,3426756
2022-05-23,908.6834106445312,910.1787372796997,878.1495414587395,878.8730923031164,6613972
2022-05-24,913.458740234375,926.5309384197252,909.8409862456725,915.5329427409837,4546511
2022-05-25,895.659423828125,920.1636418020146,890.7874680927113,920.1636418020146,1363358
2022-05-26,897.0100708007812,900.5796000063805,882.5390541965008,897.2994793563233,2384886
2022-05-27,919.2470703125,924.215475597659,890.4497745058865,906.8502578933188,3269005
2022-05-30,963.142578125,976.0700428184542,923.2990586256329,937.9630334867726,11690785
2022-05-31,997.8729858398438,1006.2179618086965,957.0165082590862,962.7566896164168,13301109
2022-06-01,1010.4144897460938,1019.9653832869205,979.0123986841501,998.5000441730554,7889745
2022-06-02,1007.7134399414062,1020.6407876552362,998.5001786266469,1008.0992395178966,4081658
2022-06-03,992.3740844726562,1019.2901983379538,989.528047275009,1013.0675906710328,2660682
2022-06-06,999.4166259765625,1011.62054056155,982.099689365536,991.7470340547849,3443406
2022-06-07,1005.7839965820312,1008.1475489926316,982.1961674798287,998.3073042330428,2162861
2022-06-08,1008.1474609375,1019.6759900592731,997.7765660044109,1019.6759900592731,4293398
2022-06-09,1008.2439575195312,1012.2959128984421,995.6059596851425,999.4648975133795,2757706
2022-06-10,999.9472045898438,1006.7003453830216,990.3963104864062,996.5706341932547,2425545
2022-06-13,968.8828125,992.7117655885328,963.3355893200835,987.5504597481329,4047155
2022-06-14,983.3055419921875,988.8527648192221,963.8178952406705,964.7344047016802,3614327
2022-06-15,989.3351440429688,1002.6485260957946,984.0291047526358,988.5151433420945,3333753
2022-06-16,969.7992553710938,1001.1048395375327,961.8401965729723,1001.1048395375327,3255301
2022-06-17,962.46728515625,972.4040375700671,948.478636538753,964.7343874135863,5318310
2022-06-20,948.0445556640625,972.4523254692368,944.5714763148987,969.5581221196261,3722583
2022-06-21,962.7567138671875,969.3168960625031,947.176229630937,948.0445141508867,6263423
2022-06-22,949.105712890625,968.545135053229,938.3489594115142,960.0554839134569,2629024
2022-06-23,991.4574584960938,995.2199460677142,950.4563069204078,951.2280826348469,7303072
2022-06-24,1034.2435302734375,1036.6070823779007,995.2199542794344,1000.3330935555471,7273273
2022-06-27,1044.5179443359375,1056.3842252046852,1034.2436166319121,1051.3676531592027,6316257
2022-06-28,1072.78466796875,1081.9013610714846,1041.3825156985642,1043.842635559521,11020641
2022-06-29,1072.54345703125,1076.11292716458,1052.2357510354832,1066.996234294187,5052023
2022-06-30,1054.5994873046875,1078.0907476031773,1049.679365164015,1070.1799722213461,4165189
2022-07-01,1068.298583984375,1074.0869902201855,1026.4773724837294,1053.875852219651,2839545
2022-07-04,1052.718017578125,1063.1371950898915,1041.3342235349608,1062.1724607930769,2784613
2022-07-05,1043.79443359375,1063.1374072104243,1039.9837794671846,1052.5253278281061,3675577
2022-07-06,1065.5975341796875,1072.7847590654512,1042.4920723517018,1044.5179912392948,4957228
2022-07-07,1093.3336181640625,1098.784273688302,1075.293012978388,1079.537868184749,4917004
2022-07-08,1093.6229248046875,1152.7611923892762,1086.4357004171545,1143.1620141645965,10482265
2022-07-11,1123.9637451171875,1126.7132143234974,1083.0589871787408,1089.136742619202,4520273
2022-07-12,1106.2127685546875,1123.3849709177339,1101.7267298581326,1122.9508875261527,2452632
2022-07-13,1100.1348876953125,1115.715372349519,1097.9642352199244,1112.531701612776,3379695
2022-07-14,1113.6331787109375,1122.1122003458718,1102.4738725465597,1105.9825480910733,2423203
2022-07-15,1142.72509765625,1146.0387805821292,1111.4402808236669,1113.9742316597815,3879759
2022-07-18,1133.8563232421875,1149.5474516065299,1129.8116856929798,1149.5474516065299,3480683
2022-07-19,1156.1259765625,1159.2934449914385,1131.517183383825,1132.3943522813072,4056414
2022-07-20,1136.0491943359375,1164.653848751781,1132.979162488657,1164.653848751781,3028752
2022-07-21,1145.307861328125,1150.0346749692967,1135.2207165748082,1137.4622382030914,2062279
2022-07-22,1151.1068115234375,1155.7849666465536,1140.5811409520663,1150.0347690074311,1983433
2022-07-25,1107.0057373046875,1154.9076259207127,1103.2535295715163,1154.9076259207127,4380502
2022-07-26,1107.152099609375,1116.8981568242461,1096.5776513253247,1105.2028881664007,2598868
2022-07-27,1109.19873046875,1121.0889914670363,1098.1857573705804,1111.0505051046757,1647876
2022-07-28,1119.9681396484375,1122.7457420390856,1106.5185336920931,1113.0971220243534,1929675
2022-07-29,1134.8795166015625,1154.1279784442754,1123.9639807650012,1129.3730897823864,2230572
2022-08-01,1206.318115234375,1216.989999265532,1154.1767141719317,1159.1959569467917,12673841
2022-08-02,1222.6429443359375,1227.759624653007,1195.0615533243238,1206.2695197331425,5626351
2022-08-03,1221.8631591796875,1227.9544450074766,1199.739656641328,1227.9544450074766,3820503
2022-08-04,1229.7574462890625,1232.8761367543461,1207.5851679403183,1232.778699984259,3075648
2022-08-05,1204.5152587890625,1246.0334395509979,1199.9833183004819,1245.7410102406013,5766297
2022-08-08,1244.279052734375,1247.495299140641,1211.0937999480825,1213.3840995547641,5412651
2022-08-10,1235.848876953125,1247.202938838492,1228.2469044652676,1244.5715508844646,2530492
2022-08-11,1234.045654296875,1246.4718766148615,1222.1555126866558,1244.571443142631,3077633
2022-08-12,1227.467041015625,1236.6771358107185,1217.5748888226076,1232.8761499732393,3355489
2022-08-16,1255.5845947265625,1265.7203990225812,1242.2812028750072,1248.0800593118886,4085782
2022-08-17,1241.891357421875,1261.1398206818963,1237.7980609243702,1261.1398206818963,2197165
2022-08-18,1229.1240234375,1245.8871941769412,1222.837745182391,1241.6476831032874,2659857
2022-08-19,1207.92626953125,1240.331907477644,1204.1252836923265,1237.7491787043743,2513148
2022-08-22,1195.5487060546875,1215.7231144389812,1188.093067991135,1207.9262692208001,2443323
2022-08-23,1240.7705078125,1244.5714938823414,1187.0697568901267,1188.9701904398355,4449168
2022-08-24,1236.0924072265625,1250.9063656831038,1228.977738314292,1242.5734396947885,2570071
2022-08-25,1227.6619873046875,1245.0098958775777,1224.7868293568417,1241.6475540924152,1769049
2022-08-26,1242.2811279296875,1266.0127519492798,1236.5797086145305,1247.3978076431083,4325600
2022-08-29,1244.3765869140625,1248.2750096563116,1210.606476115246,1217.2825012672633,2554692
2022-08-30,1275.4664306640625,1281.6064941557913,1251.39371748748,1251.39371748748,5078317
2022-09-01,1278.7314453125,1292.034717827133,1247.4952853070724,1247.4952853070724,4913035
2022-09-02,1282.5323486328125,1296.8591240877513,1277.9029714664691,1285.1638554569888,2316436
2022-09-05,1287.015625,1290.8164921135444,1268.0594724540938,1285.5049385530303,2271837
2022-09-06,1273.2249755859375,1293.3018302417233,1267.5722146478022,1291.3526187417358,1930221
2022-09-07,1256.948974609375,1278.6339523126358,1248.6648258238597,1258.21600965886,3162428
2022-09-08,1288.331298828125,1298.1260147324228,1268.936621600969,1271.860438701432,4026323
2022-09-09,1268.2056884765625,1304.022448554575,1261.1885749065912,1304.022448554575,3415016
2022-09-12,1264.1123046875,1282.1911680951139,1262.1143155187826,1274.784188956423,3077887
2022-09-13,1266.84130859375,1276.6848032495748,1258.2160711718252,1276.6848032495748,2460291
2022-09-14,1265.0869140625,1280.4856119805809,1247.4952344571832,1251.3448791940993,2955136
2022-09-15,1264.1123046875,1280.8754742629808,1256.3154594951059,1271.8603720092751,2555055
2022-09-16,1218.3546142578125,1264.0636473508614,1203.1507884769765,1258.459664334464,9047956
2022-09-19,1255.9256591796875,1265.4767236580471,1218.3545618541073,1227.9057453028893,4476773
2022-09-20,1269.8624267578125,1278.6826557749157,1263.625045564515,1266.9873875818525,3780649
2022-09-21,1273.4686279296875,1289.4034081593397,1260.7499752950464,1275.7101497740111,2887754
2022-09-22,1277.123291015625,1287.0155623389353,1260.16512860001,1264.0635512716262,2010645
2022-09-23,1239.9908447265625,1284.6277131454103,1228.977753038997,1271.8604026295727,4639618
2022-09-26,1205.0025634765625,1226.9798515813975,1185.4130118519988,1218.2571777766873,3345338
2022-09-27,1204.3690185546875,1221.0835304476702,1190.188457739756,1211.0450439429612,3588217
2022-09-28,1210.8502197265625,1229.708817383936,1180.4912265157857,1201.7863385725727,3361451
2022-09-29,1226.3951416015625,1235.7513331591656,1214.066354870094,1223.1302360802154,3474302
2022-09-30,1235.994873046875,1250.1266553755363,1201.7375786471803,1225.0305591711897,3320684
2022-10-03,1219.5728759765625,1243.6943681804412,1210.5091139246347,1237.7005190508464,3150821
2022-10-04,1228.34423828125,1245.497274361428,1223.1301217158282,1232.8761784625679,3011962
2022-10-06,1224.98193359375,1244.5714844571348,1222.6428561092214,1235.8000331179694,3531469
2022-10-07,1207.3902587890625,1229.9036268726634,1201.6400613119326,1228.0031933283008,3501889
2022-10-10,1211.434814453125,1214.894712074524,1187.0696733740194,1202.663363664647,2230590
2022-10-11,1198.3265380859375,1217.5262236219226,1194.3793372412774,1217.5262236219226,1569478
2022-10-12,1216.21044921875,1227.3696366422919,1198.8624205643437,1204.2715296647375,2884899
2022-10-13,1216.5028076171875,1241.7938973399157,1208.9983911891088,1223.1301740768492,2137351
2022-10-14,1199.0574951171875,1239.6985070770615,1196.8158543165343,1235.5564326626925,1696759
2022-10-17,1198.7650146484375,1207.2928145493918,1166.1157235990695,1195.8411975395388,2158727
2022-10-18,1221.9608154296875,1235.166652808195,1202.1762698456741,1204.758999043159,2722206
2022-10-19,1216.69775390625,1232.6813108418266,1212.409465122985,1227.9543781205982,1449579
2022-10-20,1218.257080078125,1222.155502734375,1192.478807851839,1209.680502646208,1831346
2022-10-21,1224.835693359375,1236.6771762139854,1212.5556855351356,1221.278358818713,1750934
2022-10-24,1238.6751708984375,1245.5461892488988,1228.9778909568556,1228.9778909568556,318933
2022-10-25,1248.8597412109375,1251.2474775369815,1227.6132898146789,1238.6750404803117,2809493
2022-10-27,1261.285888671875,1266.8410931254389,1246.5693675834827,1250.7114414742455,3279938
2022-10-28,1278.341552734375,1282.483626837982,1257.241316153681,1267.6208903485683,2111224
2022-10-31,1314.353271484375,1324.001892062723,1283.1658879392833,1284.7740111974124,4306893
2022-11-01,1319.664794921875,1331.8473652417829,1315.0840770993416,1326.4382564315786,3405472
2022-11-02,1318.0079345703125,1326.438297285424,1304.6071068056729,1319.6648355671,2298917
2022-11-03,1301.4884033203125,1320.5906501857428,1294.812378440025,1305.9715654973397,1931917
2022-11-04,1304.3148193359375,1317.666869463487,1297.200150337205,1304.0223900459657,2204968
2022-11-07,1316.9847412109375,1321.1754743743638,1302.6579659167064,1310.8446776604922,2599224
2022-11-09,1303.583984375,1330.1906502917443,1297.2002690465913,1330.1906502917443,2459869
2022-11-10,1265.233154296875,1304.9971170267124,1257.8261742900627,1304.9971170267124,2792546
2022-11-11,1254.4150390625,1285.2613348940426,1246.0822312687617,1271.9579425909114,5308986
2022-11-14,1245.6923828125,1276.4411233279307,1235.848888376264,1270.8859180534457,3794391
2022-11-15,1258.898193359375,1263.381474963184,1242.8659764406273,1251.929857458242,3192070
2022-11-16,1254.025146484375,1262.1144216398122,1243.5969127508884,1256.218009379116,2478281
2022-11-17,1227.36962890625,1252.368288180354,1222.301727001392,1247.6901333678552,2319979
2022-11-18,1195.9874267578125,1224.0559999628988,1186.3388063868292,1218.3059214216928,4525364
2022-11-21,1187.3134765625,1203.540686389638,1171.4761328365482,1187.0698251205622,4120736
2022-11-22,1197.25439453125,1204.0766348298669,1185.071822569434,1189.6525410093343,2469455
2022-11-23,1204.3203125,1208.8522531625902,1192.9174724835507,1203.2482699380962,2396267
2022-11-24,1222.204345703125,1225.0793849770732,1207.195393883068,1210.3628624599778,2133523
2022-11-25,1228.782958984375,1235.5076433834095,1214.358746509891,1226.0540153366314,1370326
2022-11-28,1218.939208984375,1239.6983564086281,1214.3586101298354,1226.9310465007038,2126619
2022-11-29,1225.1767578125,1232.8761663609325,1216.843950758082,1224.1047153749653,2435651
2022-11-30,1272.4451904296875,1282.5811136017803,1225.7128942509835,1230.0498420697502,7536690
2022-12-01,1260.6036376953125,1283.5068706027785,1255.2920844602586,1281.6064371624534,2613761
2022-12-02,1232.4864501953125,1260.9450104598197,1228.0032873846615,1253.7815627737298,2892150
2022-12-05,1227.8082275390625,1237.2130767479716,1220.790995579225,1237.2130767479716,2764806
2022-12-06,1230.9757080078125,1233.3146663804346,1216.7951482791086,1216.7951482791086,1686075
2022-12-07,1234.4356689453125,1236.6773098488975,1220.596314325291,1229.9525061085756,1731982
2022-12-08,1241.9886474609375,1249.4444042444663,1237.261834000273,1240.6241757995053,1906386
2022-12-09,1233.26611328125,1252.0272735646606,1224.5920984989905,1248.957241724199,1308941
2022-12-12,1231.9014892578125,1244.8637914402245,1224.591947193387,1231.8040524910357,1723401
2022-12-13,1250.7601318359375,1253.2940827211219,1234.8253533200111,1235.7999589658832,2164600
2022-12-14,1253.781494140625,1258.215997801605,1244.0354368377466,1254.3175748804538,1436837
2022-12-15,1254.268798828125,1260.6525139589558,1249.2008966114354,1253.2455341920918,2417555
2022-12-16,1219.8165283203125,1254.3175955346999,1218.2571829202602,1245.497365942186,2136354
2022-12-19,1257.8748779296875,1262.0169521791559,1213.4328815412412,1219.1343011258366,2767603
2022-12-20,1242.8658447265625,1255.2920666597236,1231.0243623844083,1255.2432887894668,1286604
2022-12-21,1233.558349609375,1251.8809838036211,1226.5412363696826,1247.3978215132388,1251993
2022-12-22,1202.61474609375,1245.2050897592455,1198.0829244253111,1233.558479388779,1557590
2022-12-23,1193.5020751953125,1198.7649695875855,1177.3236449282954,1189.018912924272,1913648
2022-12-26,1205.635986328125,1215.7231311739174,1185.4129187650888,1193.5020744080523,1677560
2022-12-27,1202.9071044921875,1216.7952359396363,1192.8686180332302,1211.6785559326813,1304940
2022-12-28,1220.5474853515625,1223.130214379198,1193.8920419239182,1198.6188560101027,1959508
2022-12-29,1230.29345703125,1235.4101368540669,1207.0979132167317,1216.0154600173053,1289676
2022-12-30,1217.4775390625,1233.217446801839,1213.3842422190921,1233.217446801839,1372710
2023-01-02,1230.78076171875,1238.7238218211285,1211.044996658264,1219.2317081811423,1718385
2023-01-03,1217.574951171875,1232.8762131060498,1215.0408811701807,1230.9270017019296,1510751
2023-01-04,1204.8074951171875,1223.9098616387953,1199.7395931647732,1220.5474006575032,1344532
2023-01-05,1220.83984375,1223.1301433318758,1199.739606726326,1208.511057953407,2745160
2023-01-06,1232.77880859375,1242.5735247735442,1216.4541626570006,1220.8398884310527,2214972
2023-01-09,1277.074462890625,1280.5343604637035,1239.3572726150915,1240.624188551262,3634805
2023-01-10,1281.5089111328125,1292.7168753919923,1272.5912462107747,1277.2206227526099,3139930
2023-01-11,1279.267333984375,1286.47943948466,1267.474629583182,1282.0937141227803,2041750
2023-01-12,1286.3822021484375,1293.3018794425516,1276.733581062353,1282.581215784776,2448619
2023-01-13,1294.4224853515625,1303.0477213434858,1278.2927146607535,1291.352453837037,2600139
2023-01-16,1282.191162109375,1301.342186817872,1269.862376912374,1299.1493241177484,1651972
2023-01-17,1287.3079833984375,1290.2318006536727,1270.983337056707,1285.456208676036,1607137
2023-01-18,1288.574951171875,1291.352553625211,1274.8816934867746,1286.8206133221775,1179938
2023-01-19,1286.041015625,1294.958562718781,1278.9751242087846,1284.140463103212,2066881
2023-01-20,1281.36279296875,1291.3525009953175,1278.341539213335,1290.4266732054125,1332666
2023-01-23,1294.7149658203125,1311.7705665088206,1278.9751780755469,1287.7952887636322,1681075
2023-01-24,1290.280517578125,1301.196053893862,1287.502915110948,1301.196053893862,1408040
2023-01-25,1278.1953125,1298.1747283644681,1272.8837592851737,1291.2550520298819,1359090
2023-01-27,1286.67431640625,1305.7766820978754,1253.9763686156368,1284.6276683594087,1914769
2023-01-30,1297.784912109375,1307.920835072426,1271.8604245674485,1286.5769466821523,2402331
2023-01-31,1343.737548828125,1350.3161370091511,1301.3909806436122,1316.010065490337,5265862
2023-02-01,1317.715576171875,1354.70181186447,1288.4286297013161,1351.3394700634751,3010838
2023-02-02,1318.0567626953125,1343.201518186508,1296.7128742295802,1313.8172517258502,2029111
2023-02-03,1352.752685546875,1356.6023303995644,1316.2537503729893,1324.6839943392906,1803085
2023-02-06,1341.057373046875,1356.5536266603226,1325.463682662609,1356.5536266603226,1504382
2023-02-07,1331.99365234375,1349.828985443559,1326.4384470676418,1347.7823371297525,1413825
2023-02-08,1338.182373046875,1344.9558349171668,1325.4637213676426,1338.669675885613,1241238
2023-02-09,1337.3538818359375,1350.8034879622583,1328.387557065338,1337.159008285872,1866387
2023-02-10,1330.7752685546875,1351.7292905233217,1316.4973906221628,1343.542698046795,3282665
2023-02-13,1318.6416015625,1348.854380312269,1291.401417987574,1340.0829284171748,4401219
2023-02-14,1328.53369140625,1342.0319556189372,1315.7176035479777,1323.5144486060397,2373179
2023-02-15,1344.3223876953125,1348.0259370514602,1325.5125685191563,1329.5570871157383,2007214
2023-02-16,1333.4068603515625,1361.5242120168077,1328.5824905802706,1345.0533512985392,2646301
2023-02-17,1307.43359375,1337.6951494156492,1298.4672685744733,1325.4150219759833,2150027
2023-02-20,1312.0628662109375,1320.5418878417383,1298.7594751939912,1308.0182289388408,1497314
2023-02-21,1317.5206298828125,1327.802767123153,1306.9461823284516,1320.1033586606172,2118816
2023-02-22,1286.23583984375,1318.4952638987497,1277.8542548311234,1312.6964077194841,2196484
2023-02-23,1280.5830078125,1292.5707045360416,1271.8603350948422,1291.5960989152793,1847879
2023-02-24,1247.690185546875,1287.0156212223542,1245.7409741218867,1286.6744140466421,2824384
2023-02-27,1225.46923828125,1252.7581980439672,1216.697786928948,1237.7980242538479,2019964
2023-02-28,1237.359375,1260.4088236377204,1228.0031840584013,1231.609177566277,3407211
2023-03-01,1239.8447265625,1272.396582351606,1236.8234725366885,1243.5481570239879,2338935
2023-03-02,1219.767822265625,1246.082176399532,1218.2571358290277,1246.082176399532,1563750
2023-03-03,1236.3846435546875,1244.522576541594,1221.4244713501855,1225.956411195956,1493291
2023-03-06,1238.187744140625,1251.6373501733265,1235.8000078020464,1237.3106942010136,1570410
2023-03-08,1257.192626953125,1259.141838433479,1226.3464504528654,1237.749290024765,2370800
2023-03-09,1216.4541015625,1261.9194802641643,1213.335292008667,1258.215931097244,3596577
2023-03-10,1195.5487060546875,1224.7868756228668,1194.2330122182027,1217.2824596885341,2664696
2023-03-13,1163.14306640625,1199.7395561834403,1152.4224042470153,1191.6502816933057,3842775
2023-03-14,1131.3223876953125,1162.1199052066938,1127.472623649873,1162.0224684270277,5379592
2023-03-15,1130.8836669921875,1144.57692426325,1123.9152126477336,1137.364818500951,2226887
2023-03-16,1137.41357421875,1145.4052929802433,1111.196658375172,1130.5425567811806,3604480
2023-03-17,1141.7506103515625,1156.126044839557,1122.7457986555698,1143.115082164847,3683701
2023-03-20,1137.9984130859375,1149.2063790662023,1115.9235693394173,1140.2399348997344,2082268
2023-03-21,1130.8349609375,1145.1616161212341,1127.0339751835254,1140.873327551889,2209422
2023-03-22,1134.5384521484375,1150.5220091488245,1129.7142016042153,1137.8521352657795,2211909
2023-03-23,1135.3668212890625,1145.1616558056096,1124.5000633060502,1131.5171765023938,2594282
2023-03-24,1121.5762939453125,1140.824756636965,1117.9701814512048,1131.0786995779004,1839876
2023-03-27,1109.00390625,1121.3813516815933,1096.9187711610261,1112.5124631544302,2446528
2023-03-28,1099.647705078125,1119.82199632718,1094.8721131534885,1114.559101532079,1903339
2023-03-29,1115.2413330078125,1123.184274164754,1103.2536354933472,1105.1540689910553,4003003
2023-03-31,1129.275634765625,1133.466487078161,1116.7519746741093,1118.457534736351,2343070
2023-04-03,1140.1912841796875,1150.034778404146,1125.9620641053828,1131.8096985718446,2546562
2023-04-05,1126.1080322265625,1143.5048379699397,1122.6969125075339,1142.2378030575633,2028469
2023-04-06,1141.5069580078125,1145.161729484892,1119.1398041562566,1124.6950092132472,2029418
2023-04-10,1158.4163818359375,1160.755459452598,1141.5069957043286,1141.5069957043286,2586918
2023-04-11,1171.18359375,1173.6201079410173,1158.026417118507,1169.5268116882762,2443384
2023-04-12,1176.690185546875,1182.147953753709,1168.1623855454393,1172.937977340328,2469405
2023-04-13,1173.9613037109375,1191.162998556243,1169.088275376195,1182.6351989704442,4470196
2023-04-17,1182.14794921875,1187.995583483016,1172.8405360637141,1187.995583483016,1956198
2023-04-18,1174.107421875,1186.9722883074007,1172.0607737292878,1182.1966966537918,2075066
2023-04-19,1184.6331787109375,1187.0209149877164,1172.8404740291655,1174.0587311031175,1818732
2023-04-20,1187.6544189453125,1193.7944821163267,1183.7073374528743,1187.069679350553,2172677
2023-04-21,1181.953125,1190.91945032463,1178.347131308023,1190.91945032463,1015815
2023-04-24,1177.0799560546875,1186.1924949508232,1165.6283398397072,1179.6626847823618,1389756
2023-04-25,1179.126708984375,1184.1459522468315,1168.9421267775003,1177.080060762231,1360260
2023-04-26,1182.732666015625,1186.338659124739,1174.692169866289,1181.2219797569799,1708865
2023-04-27,1192.9173583984375,1193.8919640834035,1179.3216566813294,1179.3216566813294,1340045
2023-04-28,1195.7437744140625,1197.5467711910487,1180.7348226229547,1193.8919997632022,2333102
2023-05-02,1205.879638671875,1209.290758504408,1186.5823988882357,1198.7649697187105,2607580
2023-05-03,1204.0765380859375,1210.4602528691885,1198.862421499305,1205.879653767755,1307304
2023-05-04,1200.4217529296875,1206.6105940939158,1196.815759548531,1203.6379992202249,1541188
2023-05-05,1180.4422607421875,1210.8012491205584,1177.372348263925,1201.4938369785687,4753718
2023-05-08,1200.5194091796875,1208.364914076706,1182.8789499468369,1186.0464186310164,3513667
2023-05-09,1213.8226318359375,1218.2571353969518,1202.712221937456,1207.5364726054586,1846359
2023-05-10,1216.94140625,1223.9098606567936,1203.6380149225613,1218.2571001240499,2108081
2023-05-11,1219.524169921875,1228.8315830503593,1212.5557153160858,1218.2571349133957,4100467
2023-05-12,1243.548095703125,1246.3258171253035,1219.5241603671934,1224.4946256446128,2427624
2023-05-15,1253.0018310546875,1255.0484792127265,1240.28317919261,1247.3978483286357,2647630
2023-05-16,1230.3909912109375,1258.898209623448,1226.8824342773298,1254.3176101504644,1571371
2023-05-17,1231.0244140625,1239.405999139896,1228.6853366298633,1232.8761886537716,1643851
2023-05-18,1213.8714599609375,1237.7005229275996,1209.729385529116,1237.7005229275996,1900447
2023-05-19,1228.39306640625,1230.3909367388123,1206.0257938751943,1221.0835235471648,1588996
2023-05-22,1233.412353515625,1237.2132207612467,1219.5242215892165,1227.2722897073572,917769
2023-05-23,1236.3360595703125,1238.480144437595,1224.6407916314959,1233.4122425856083,1803955
2023-05-24,1243.304443359375,1245.5460840565659,1222.6428501165587,1228.00318146422,1369297
2023-05-25,1245.3511962890625,1248.2750133544114,1225.6154310979582,1247.4952812154831,2040166
2023-05-26,1249.2982177734375,1259.9702209302034,1236.1410416130743,1257.2412775458138,3508112
2023-05-29,1296.3717041015625,1315.7176020863042,1265.0381092652021,1287.9413415978156,6185862
2023-05-30,1294.7149658203125,1301.3911104090143,1286.4795947903187,1296.176874450756,2493657
2023-05-31,1285.5048828125,1294.51998528863,1270.1548434612514,1291.3525168510707,5629378
2023-06-01,1285.407470703125,1303.729986326627,1279.462399777257,1285.5049074782203,2364455
2023-06-02,1307.3360595703125,1310.8446161614938,1286.771903884093,1291.2062882665523,2313841
2023-06-05,1359.96484375,1365.422611980964,1312.1603856567149,1315.5228467686873,5105293
2023-06-06,1375.3634033203125,1378.969515496467,1352.8013783942254,1359.9647059069578,2335838
2023-06-07,1370.6854248046875,1386.6689814319436,1359.574896480228,1386.6689814319436,2491079
2023-06-08,1345.9791259765625,1379.6030195389967,1342.519228471104,1376.8252983727273,1776230
2023-06-09,1335.84326171875,1351.7780403469249,1328.3875046812248,1345.6867550173156,1881329
2023-06-12,1346.3204345703125,1349.6341179826404,1334.5277285465384,1342.9093143750636,1389300
2023-06-13,1338.2799072265625,1353.240081670607,1333.4555373896642,1348.0259647106864,2516583
2023-06-14,1343.64013671875,1345.930436259358,1331.3113511443034,1339.1081965389992,905086
2023-06-15,1357.382080078125,1371.4650847657624,1336.6717090842926,1346.7101953188835,1720070
2023-06-16,1368.2001953125,1373.9991706401072,1358.0156132823597,1363.4733814368428,2132678
2023-06-19,1366.9332275390625,1379.4081087099264,1360.5495128241057,1373.7066893449692,1476764
2023-06-20,1360.9879150390625,1374.0964314765088,1345.6378771491425,1366.9817631520652,1042428
2023-06-21,1339.351806640625,1367.7615849652334,1335.8432501153293,1358.6490459853744,2008628
2023-06-22,1343.688720703125,1356.651023037264,1339.7416393243805,1343.9811499772895,1296616
2023-06-23,1338.3773193359375,1344.5660419301887,1333.7479421163155,1341.9346540461531,1258590
2023-06-26,1362.1575927734375,1369.2234836438988,1335.1609452378398,1340.082751294396,2281046
2023-06-27,1366.787109375,1381.0163293412409,1358.2105313011532,1370.9778426618811,2737379
2023-06-28,1359.574951171875,1377.8488080424647,1354.8481373221002,1373.1706530954248,2611913
2023-06-30,1416.686767578125,1423.8988732765524,1364.4479278488525,1367.0306566492213,4114865
2023-07-03,1430.67236328125,1460.0080894853252,1422.2421193084185,1432.6703525174867,3615176
2023-07-04,1427.26123046875,1449.2386359866412,1424.9709309309114,1449.2386359866412,1595700
2023-07-05,1437.884521484375,1440.4672504297716,1420.097967140435,1426.7739925110618,1456527
2023-07-06,1509.4693603515625,1513.4652199396642,1435.2531122761425,1440.3210143434292,5628945
2023-07-07,1524.4296875,1551.5236573868146,1500.2107571380968,1507.6177374319586,6905845
2023-07-10,1512.0032958984375,1538.9023892308712,1506.6916234893904,1527.2071209149938,2276342
2023-07-11,1529.594970703125,1535.9786860537668,1511.0288022571317,1518.6794337203567,1563376
2023-07-12,1530.95947265625,1539.5360511472866,1502.5010313394673,1529.1564757491665,2658457
2023-07-13,1527.1097412109375,1554.3012648556387,1518.874251415144,1535.9786295545084,1859405
2023-07-14,1523.072021484375,1543.113066050839,1519.2803717898435,1538.976753716034,2174792
2023-07-17,1512.9775390625,1535.3328831810268,1506.2807215044133,1535.3328831810268,1520990
2023-07-18,1511.4017333984375,1518.7387073806087,1502.8338558327848,1512.68204623798,1059058
2023-07-19,1521.0037841796875,1525.9771686341608,1500.864282025467,1506.9701122512997,1081196
2023-07-20,1521.89013671875,1530.162641009638,1507.314886508302,1526.5188585113192,1538263
2023-07-21,1500.371826171875,1529.030036550234,1495.792393535268,1525.4354229659223,1668783
2023-07-24,1523.3673095703125,1533.3632468801777,1491.9515581180942,1498.8945804442071,2129706
2023-07-25,1541.9803466796875,1545.6734179235316,1524.5490984956086,1527.897386916297,1996604
2023-07-26,1521.397705078125,1550.1052048013298,1508.7428041649537,1546.313675453096,2100855
2023-07-27,1425.4271240234375,1477.2285822647543,1416.514463490239,1476.243763209911,11879512
2023-07-28,1445.5174560546875,1448.668828941724,1427.9876288004757,1437.8358193439274,4714146
2023-07-31,1452.8050537109375,1456.54741428888,1435.472262006242,1454.3808604072328,2460789
2023-08-01,1470.679443359375,1481.1677898508876,1447.8808592527453,1452.8049542987922,4184243
2023-08-02,1462.7518310546875,1474.2741662309459,1443.0061603673303,1470.6795525370485,3188395
2023-08-03,1446.846923828125,1478.755084925654,1425.6240253241049,1462.4562816460311,2222395
2023-08-04,1442.4151611328125,1479.6412469118986,1394.2574883653363,1458.516927613677,8066091
2023-08-07,1503.7203369140625,1507.7580712587137,1458.2709105266756,1466.3956682588012,9257291
2023-08-08,1476.93310546875,1510.7124475257176,1462.4563132827188,1506.773171260983,3426948
2023-08-09,1511.4510498046875,1514.2085912549394,1469.5962398247564,1482.1526828187357,3713003
2023-08-10,1521.9393310546875,1532.4276776163488,1508.545816483294,1511.2047797390774,3600607
2023-08-11,1522.9732666015625,1535.9236602580781,1509.776788416712,1525.0414826374567,2402812
2023-08-14,1523.3673095703125,1527.2081278737544,1500.8642185262624,1521.4961293489262,1875450
2023-08-16,1546.7567138671875,1549.1203035358499,1515.2425055307938,1535.382126426069,2361632
2023-08-17,1549.61279296875,1555.0785868458797,1536.4654825437171,1549.1203834380958,2377711
2023-08-18,1529.079345703125,1558.5254597975204,1521.151504140998,1544.9349086102084,2202570
2023-08-21,1515.193359375,1529.079283587498,1508.496541916479,1522.5302130261964,1487526
2023-08-22,1526.9619140625,1531.3935997208562,1511.4510142582535,1514.651676122622,975607
2023-08-23,1519.0341796875,1531.2459606270434,1512.7806024172023,1522.57962463753,1405076
2023-08-24,1518.7879638671875,1531.3444073585727,1504.8528698132334,1526.5188899552313,2111147
2023-08-25,1496.974365234375,1523.7613974582907,1485.3041623811162,1507.659628741382,1455320
2023-08-28,1525.73095703125,1529.4240285748144,1500.9627331689767,1504.8035516177183,2132512
2023-08-29,1537.15478515625,1540.6016518200543,1516.6213320738782,1531.2951599146502,1325882
2023-08-30,1559.1654052734375,1564.8774036063173,1536.120736661525,1545.1810234476475,3140040
2023-08-31,1551.4840087890625,1565.8623433702858,1543.359251347047,1564.8282352453416,3512885
2023-09-01,1567.7825927734375,1580.1421195768444,1551.0899584503147,1553.0595964927913,2147299
2023-09-04,1552.46875,1581.5209115172029,1540.453885649026,1581.5209115172029,2200142
2023-09-05,1547.2984619140625,1560.0518204213618,1541.4880055227075,1553.650496648228,1078759
2023-09-06,1553.0595703125,1556.9003884740168,1535.037334440778,1553.0595703125,1301466
2023-09-07,1541.9803466796875,1553.9459215531747,1536.563842188716,1548.332381132234,1514369
2023-09-08,1543.753173828125,1554.0444849731766,1536.3177417985776,1541.3402949879464,1223910
2023-09-11,1558.082275390625,1564.8775512298348,1540.2570737089122,1543.8516874704019,1921950
2023-09-12,1534.298828125,1565.3206289534437,1490.0805478797813,1558.180690667532,3770868
2023-09-13,1513.6175537109375,1544.7870999228867,1506.8715674272196,1540.2569564473572,2382637
2023-09-14,1542.2265625,1551.4838851944544,1514.9962929564874,1521.5453633860152,2220196
2023-09-15,1576.793701171875,1586.2479396742337,1547.9877449776664,1555.669381382988,5425897
2023-09-18,1616.53125,1644.6478831551813,1577.7786427846586,1584.327713787963,6887528
2023-09-20,1609.1943359375,1639.7237266437805,1595.5053270289918,1595.5053270289918,6116670
2023-09-21,1559.2147216796875,1631.0572214826257,1551.1884225807107,1612.936647592309,2898266
2023-09-22,1582.751953125,1593.3879266868128,1542.3250832176439,1556.0140919944465,3827771
2023-09-25,1565.320556640625,1595.4068260458248,1558.3283655822524,1588.4638038085736,3231962
2023-09-26,1570.9833984375,1582.2103603510318,1557.9838342537325,1565.3206885468812,1479841
2023-09-27,1565.074462890625,1575.3166055561126,1559.214837342763,1570.6387148393096,1991198
2023-09-28,1532.427734375,1572.6575686168849,1520.5606167082524,1571.7219183869247,2369699
2023-09-29,1530.655029296875,1552.5672534576313,1526.568006140311,1550.1052057991194,1254881
2023-10-03,1514.060791015625,1573.7407998058818,1509.776852306145,1572.9528965000889,3436776
2023-10-04,1498.9930419921875,1514.553230965569,1478.9519985014088,1508.545858843956,2580901
2023-10-05,1514.6024169921875,1527.2574380180095,1490.0805187054607,1509.7276107586022,1991367
2023-10-06,1525.3370361328125,1530.408878531742,1516.9660737985012,1521.5455066483535,1743027
2023-10-09,1492.19775390625,1517.852337857637,1491.0160191509892,1516.621314063754,2123175
2023-10-10,1514.5040283203125,1520.4129429180837,1496.1371280688052,1498.3529710429693,1956653
2023-10-11,1532.6739501953125,1535.480660471103,1516.621351440599,1516.621351440599,1536986
2023-10-12,1542.8668212890625,1546.2152301731664,1531.9845224700173,1535.3329313541212,1731806
2023-10-13,1538.73046875,1550.4991284678724,1526.7650135271667,1536.8101196991468,1465554
2023-10-16,1550.6468505859375,1553.3058138780348,1534.8404570796747,1539.124395813461,1089610
2023-10-17,1552.6656494140625,1559.8548763771432,1544.7870972209507,1551.0899630188733,997962
2023-10-18,1550.9422607421875,1555.4724043401252,1538.0411551982374,1552.6656940840137,1212994
2023-10-19,1545.7227783203125,1554.9308123366302,1529.768637680068,1529.768637680068,1239578
2023-10-20,1534.5943603515625,1551.0900802526623,1521.643965161891,1542.2267083655042,1435102
2023-10-23,1541.3895263671875,1550.9915118942338,1523.0226274438141,1524.7460607435405,4069167
2023-10-25,1545.279541015625,1552.6656838605315,1523.515064142734,1550.1051783843977,2510769
2023-10-26,1483.2359619140625,1534.5450108859563,1477.228589692746,1530.408818921685,3343802
2023-10-27,1487.8646240234375,1510.6630881706817,1484.4177574522314,1485.451745293294,3341111
2023-10-30,1475.06201171875,1492.4439716660613,1440.987176633503,1479.2966614762959,2637486
2023-10-31,1436.45703125,1474.5696003224757,1433.453405300879,1471.5165651171974,2555737
2023-11-01,1432.517822265625,1462.456346603158,1427.9876785014,1442.6615069652976,2627536
2023-11-02,1447.3885498046875,1455.0701866944103,1430.4497097621868,1442.7599482282985,2091122
2023-11-03,1446.6990966796875,1465.5091153500618,1438.278846226171,1457.5321055724557,2456723
2023-11-06,1465.7061767578125,1469.54687471283,1451.1800963990834,1459.304853209898,1271868
2023-11-07,1457.2860107421875,1474.2741396053757,1452.6081201856575,1465.6569727907151,1940908
2023-11-08,1464.8199462890625,1466.7895844795232,1451.623346369541,1462.505645458706,1342202
2023-11-09,1528.4884033203125,1535.0373536091959,1464.8198298320535,1464.8198298320535,4831782
2023-11-10,1500.962646484375,1527.4543022036812,1492.2963112262848,1526.4694831822733,4872228
2023-11-13,1516.8675537109375,1519.8712999239658,1490.0805234268025,1503.080086902333,1968032
2023-11-15,1520.708251953125,1527.2573222133103,1510.2691948089505,1525.484599962513,2782942
2023-11-16,1545.6734619140625,1559.904048758485,1515.144072096072,1520.7574924596104,3224223
2023-11-17,1560.4951171875,1571.7712475369076,1548.775746122957,1551.090046911422,2035309
2023-11-20,1528.6361083984375,1565.665401508038,1517.2122312595309,1565.665401508038,2918577
2023-11-21,1536.071533203125,1547.5446993281853,1525.6324751808734,1529.4240045292213,2213144
2023-11-22,1520.0189208984375,1540.8971569747619,1511.697247978518,1536.3177243299597,1269475
2023-11-23,1522.3824462890625,1537.253189333006,1511.7956419056654,1532.9692506724596,1552635
2023-11-24,1529.6209716796875,1535.825380070787,1524.0075509198737,1525.4847795637377,1239270
2023-11-28,1542.27587890625,1548.1355040056646,1518.7386802154026,1529.6208582881961,2596766
2023-11-29,1594.5205078125,1598.7552778356169,1543.4576638572123,1552.0748305879513,3581220
2023-11-30,1622.735595703125,1634.799629110719,1589.2024588384138,1590.5320607346189,5214960
2023-12-01,1600.8233642578125,1640.7085357450112,1596.5885942599582,1630.8603452543448,2489755
2023-12-04,1631.697509765625,1649.5720005614123,1614.5616332984475,1637.6064243945018,3001010
2023-12-05,1660.4542236328125,1682.070953905562,1615.694125240796,1635.6860002388369,3423953
2023-12-06,1676.555908203125,1684.483629110588,1658.5829612541622,1662.4729482603595,2279220
2023-12-07,1666.9539794921875,1680.1012896910606,1656.1209700041443,1677.146832557958,2461051
2023-12-08,1643.2198486328125,1682.2186583681807,1637.310934423903,1673.2075401561603,1942667
2023-12-11,1627.117919921875,1649.0301428901564,1622.0953670152749,1648.5870224226076,2037178
2023-12-12,1610.5731201171875,1644.6478356629375,1601.8082064106393,1637.754102220039,2051527
2023-12-13,1640.8563232421875,1645.1402621681823,1604.8119691980103,1614.1184613550738,2247441
2023-12-14,1677.6885986328125,1683.8928867317002,1645.6819784028555,1650.5567847817797,3326228
2023-12-15,1698.7635498046875,1713.1911727403274,1672.222724844117,1701.6688380941696,3858594
2023-12-18,1684.8284912109375,1705.5588602355112,1672.9613734843424,1693.888778450666,1739425
2023-12-19,1673.55224609375,1697.680313071336,1665.6245247885595,1693.888783732578,1660221
2023-12-20,1621.9476318359375,1685.9608679359903,1615.6940551219038,1684.0405189398548,3047660
2023-12-21,1609.0465087890625,1628.0535636903035,1595.800741246221,1610.1790746893105,3211338
2023-12-22,1609.4405517578125,1626.9210901048837,1598.115132547034,1605.2550707451335,2751274
2023-12-26,1637.0155029296875,1643.6630316677085,1609.6867736733789,1615.9896397795296,1203594
2023-12-27,1662.3253173828125,1666.116967013145,1635.0458769637958,1644.6478629902358,1793638
2023-12-28,1708.119384765625,1713.5358896407663,1662.7685388049726,1663.3101171621838,2963938
2023-12-29,1703.14599609375,1731.311795342002,1688.964578504854,1703.7368634480451,2273255
2024-01-01,1677.4423828125,1703.7370040951928,1673.207612692331,1703.1461366921203,1307485
2024-01-02,1631.0572509765625,1679.1164683632098,1624.4097224361217,1677.7376976595365,2857334
2024-01-03,1630.1217041015625,1652.7232528182788,1623.031055152011,1646.6174229015633,1927812
2024-01-04,1616.7774658203125,1649.0302912941872,1613.3305989757762,1641.5949792312783,2835768
2024-01-05,1617.0728759765625,1636.2768474025936,1611.6563712153743,1622.9325012222532,1709313
2024-01-08,1591.6153564453125,1628.2998666281358,1581.7178767520716,1623.1295665352548,1492195
2024-01-09,1605.156494140625,1611.9517692078443,1590.4826671617682,1600.3308570513148,2542484
2024-01-10,1608.0126953125,1622.440199139895,1596.7364443417152,1620.027440400637,1954233
2024-01-11,1603.9256591796875,1626.1825469061716,1601.1681175991987,1618.9441505288587,2228002
2024-01-12,1599.789306640625,1609.0466300373412,1577.187756838365,1605.255100622251,3061539
2024-01-15,1610.7208251953125,1615.989583003568,1591.5660227817682,1610.1791266377109,1405514
2024-01-16,1595.75146484375,1615.1031825068535,1592.9940437356227,1613.133544479406,2236688
2024-01-17,1573.4454345703125,1590.4828531585092,1566.8471946595594,1587.5283958461405,2548169
2024-01-18,1592.6986083984375,1598.6568117370045,1556.654255216716,1575.710479788221,2328588
2024-01-19,1630.417236328125,1633.8148139846246,1597.6227136748387,1600.281677039302,2836976
2024-01-23,1570.9833984375,1622.5879439189223,1564.1389537000575,1594.4221413759753,2772880
2024-01-24,1603.3839111328125,1607.5202233759715,1551.090042320858,1570.7864238106467,2543323
2024-01-25,1610.671630859375,1617.8115693024997,1579.5513714817423,1606.8308123430868,2038472
2024-01-29,1615.103271484375,1620.0273668242664,1600.330985464701,1610.6715856784729,3075670
2024-01-30,1595.75146484375,1634.3071532744655,1589.9410086193473,1624.9020836065383,2569098
2024-01-31,1626.4779052734375,1633.1254336776694,1584.6230968023472,1590.5320109394422,3154787
2024-02-01,1626.083984375,1676.752875972025,1620.5690217861732,1634.0609945675144,4065784
2024-02-02,1635.5382080078125,1661.4389966459999,1624.9514034098393,1629.8754985716873,3304158
2024-02-05,1677.6885986328125,1686.8473439836962,1639.8222327227595,1651.2461100537093,3525423
2024-02-06,1701.4227294921875,1703.7370303165237,1680.1013720924793,1684.9761785143187,2219874
2024-02-07,1694.8736572265625,1725.4030490766634,1689.6540679524176,1705.1649686504525,1213661
2024-02-08,1660.3065185546875,1717.4260254540604,1650.1136650738376,1702.7521970519936,2550690
2024-02-09,1621.4061279296875,1664.0980102294684,1603.2854331431126,1660.4049387464913,2033950
2024-02-12,1635.24267578125,1649.6211294896705,1615.6448736713983,1628.8906412586125,1197925
2024-02-13,1621.750732421875,1653.905097691101,1598.804401010017,1644.6477747955253,2075130
2024-02-14,1631.89453125,1654.1514187780244,1599.2477541714377,1606.239945710187,4368695
2024-02-15,1738.2550048828125,1757.8036400231963,1642.7767207690697,1655.530200276224,9887134
2024-02-16,1807.6846923828125,1836.342903282045,1749.8757408320787,1760.8564975081842,7188957
2024-02-19,1820.4873046875,1828.2672790161287,1792.3706726965193,1808.1770665508482,2682236
2024-02-20,1825.5098876953125,1831.763464727696,1792.8631115789087,1809.5065778556216,1830562
2024-02-21,1831.4188232421875,1861.0125644186473,1818.6653440462405,1821.8168372275138,4466234
2024-02-22,1881.34912109375,1887.898192073695,1824.8697704290855,1842.5472249753525,3360123
2024-02-23,1900.6513671875,1918.2796512031655,1872.2393632868586,1897.1060428566286,3323441
2024-02-26,1900.5037841796875,1921.3818992212118,1895.973520534701,1905.6247949733702,2436063
2024-02-27,1920.988037109375,1927.2416141057852,1885.977791607163,1896.761512242546,2821465
2024-02-28,1872.78125,1923.4994332286503,1868.25110622107,1922.3175781881637,2010429
2024-02-29,1903.064453125,1921.2836064773126,1863.8194360284535,1873.9630006294358,5539065
2024-03-01,1942.9986572265625,1952.206811331151,1901.193137488317,1904.2460524380012,3384932
2024-03-04,1891.8865966796875,1944.9682448484532,1889.9169586706894,1937.1389818495516,1645331
2024-03-05,1909.8104248046875,1938.1239737092303,1893.85640359578,1895.7767527389576,2208384
2024-03-06,1940.733642578125,1949.8432185918493,1892.8221727976443,1915.4730104533912,1673183
2024-03-07,1868.7435302734375,1902.8182470714323,1855.694677205549,1900.8486088725058,18323831
2024-03-11,1865.5919189453125,1884.6481432703602,1844.8615503440096,1883.9588180312358,3250782
2024-03-12,1866.3798828125,1869.531255746691,1848.1607300344995,1863.2776787014602,3186510
2024-03-13,1825.55908203125,1872.5350243167215,1816.2525898043596,1867.216977236853,4270994
2024-03-14,1861.8497314453125,1866.8229955933207,1816.5972232777083,1825.5590527258835,2388133
2024-03-15,1772.181884765625,1853.5279144491378,1761.6443689919804,1846.535723220643,5504948
2024-03-18,1827.8734130859375,1839.0510850597125,1773.708366306514,1780.5035214560173,3404076
2024-03-19,1815.9078369140625,1836.6874944431495,1799.0674555124674,1827.8734121947527,2189225
2024-03-20,1816.4002685546875,1830.8278915907963,1792.912358401855,1823.8355802055944,1550415
2024-03-21,1837.5245361328125,1846.5356541685883,1816.9910837018908,1831.7140798975956,2072960
2024-03-22,1850.278076171875,1876.523407637306,1819.2069871088088,1837.5245973651308,3786990
2024-03-26,1835.6534423828125,1888.3905512356087,1832.8467320997686,1849.6871140152023,4092744
2024-03-27,1852.59228515625,1871.0576413989024,1827.1347380598127,1841.5130714106588,4196597
2024-03-28,1892.18212890625,1933.1505788850948,1841.9563554654746,1852.5924496927435,3790854
2024-04-01,1886.864013671875,1934.036870283092,1863.0807297514152,1908.5793218447473,2765845
2024-04-02,1942.013916015625,1947.479709938224,1872.5841716158045,1886.864048123569,3431715
2024-04-03,1959.1005859375,1972.8880526493629,1926.5029791807171,1937.1390730167363,3615370
2024-04-04,1972.2969970703125,1984.4103190651194,1933.3966459025346,1968.653214794627,3007920
2024-04-05,1982.7362060546875,1996.6712991896732,1962.0057173354148,1965.0586322924783,2767027
2024-04-08,2046.552490234375,2055.317283289814,1986.2814944158458,1987.3647712883778,2781568
2024-04-09,2059.157958984375,2066.7903062642426,2038.6739160516756,2063.1958130739067,2853137
2024-04-10,2044.6812744140625,2076.589556064624,2038.5754443584076,2066.593498393277,2280814
2024-04-12,2039.5108642578125,2055.8096668289986,2020.5038094309232,2052.3628003217405,4008660
2024-04-15,2022.276611328125,2052.2643030348668,2004.1067481114756,2024.049333688506,2024919
2024-04-16,2000.462890625,2042.2684092519355,1996.9667350744362,2015.9737899357742,1981730
2024-04-18,1994.2093505859375,2055.317422667299,1985.8876774358453,2000.4630479259133,3539862
2024-04-19,2051.279296875,2055.317150747847,1967.8651798117228,2003.1217463445716,3253248
2024-04-22,2058.911865234375,2100.619048469854,2033.6513525973976,2092.2973755255125,2449171
2024-04-23,2031.2879638671875,2081.907569234921,2025.6252540643961,2064.180825504444,2886136
2024-04-24,2027.2008056640625,2059.1090884082537,2021.7843006745654,2023.803227893884,1929834
2024-04-25,2065.017822265625,2081.8580829534853,2010.9019459296137,2028.7271458374714,3084498
2024-04-26,2013.8565673828125,2071.074532076244,2007.8491950184177,2067.6769543258984,2952484
2024-04-29,2030.74609375,2036.9505016184803,1970.6228449222529,2014.4472909987348,2724604
2024-04-30,2123.61474609375,2136.072611439007,2041.5792676090612,2041.5792676090612,5745143
2024-05-02,2151.977294921875,2170.541230567572,2132.2318649132335,2132.2318649132335,3347541
2024-05-03,2159.7080078125,2176.4499303536822,2139.3715921935564,2176.4499303536822,3859227
2024-05-06,2191.173095703125,2205.9946704822955,2156.753718016173,2167.045028994725,2111447
2024-05-07,2158.23095703125,2202.9416459130557,2131.985625413572,2202.055404938113,1727823
2024-05-08,2149.26904296875,2161.6778594289585,2127.209191966538,2158.427908409919,1993202
2024-05-09,2178.96142578125,2222.4903794769825,2151.829613008622,2152.3713115701594,3998822
2024-05-10,2159.757568359375,2197.771441235866,2149.8600883495033,2178.2722154663875,3045912
2024-05-13,2151.091064453125,2174.529806523734,2127.209201885659,2174.4805174831176,2575573
2024-05-14,2235.440673828125,2245.7322252867993,2141.9814418053866,2141.9814418053866,3830189
2024-05-15,2267.348876953125,2281.973295133852,2221.7517082579507,2246.6676775411493,2569084
2024-05-16,2335.744384765625,2357.5580287089247,2251.493074059725,2284.238304709438,7444517
2024-05-17,2476.426025390625,2519.1177860180997,2388.530927091648,2388.530927091648,9796445
2024-05-21,2484.353759765625,2498.4367207179066,2429.548674054034,2465.00216098794,3747292
2024-05-22,2482.778076171875,2496.5162536226953,2452.1993970495114,2483.418112370865,2974921
2024-05-23,2569.58984375,2577.665311956656,2462.293855229622,2481.7440316682923,4715263
2024-05-24,2540.587158203125,2565.453841309871,2533.348641402269,2550.4846385760484,2919241
2024-05-27,2510.40234375,2550.4351420739204,2502.425213248318,2541.965602045822,3328559
2024-05-28,2514.046142578125,2542.753521981959,2509.318963006786,2511.2886011253154,1549203
2024-05-29,2495.186767578125,2508.3341984788726,2462.6386893092977,2472.1420972640717,2720451
2024-05-30,2455.646484375,2493.020322023854,2440.381787961199,2479.77455290004,3367101
2024-05-31,2468.202880859375,2530.19719540596,2457.271292624771,2479.5283005620713,8769724
2024-06-03,2594.01318359375,2614.0543459353344,2531.37860052687,2535.9581530272917,2701157
2024-06-04,2533.841064453125,2598.937705660658,2411.034166008779,2594.2598147542963,6372249
2024-06-05,2699.339599609375,2711.896041904246,2532.7575613378153,2533.84071798109,4242881
2024-06-06,2658.86376953125,2719.971598344896,2630.3530661021664,2703.3282528164086,4992660
2024-06-07,2814.0712890625,2824.067347187593,2627.842141522748,2627.842141522748,6447821
2024-06-10,2764.9287109375,2842.187715619287,2757.493279187111,2817.567239912259,2021106
2024-06-11,2792.50390625,2811.6585900639147,2770.690018462271,2778.174739954572,2298974
2024-06-12,2745.232421875,2805.3556736424357,2739.8159170389126,2792.5037368081244,2580846
2024-06-13,2818.256591796875,2835.3925873116177,2746.315513013741,2806.734257143888,2492637
2024-06-14,2884.14111328125,2901.2768682642704,2821.5065266724832,2831.354716992457,3515019
2024-06-18,2916.935546875,2967.7523077508945,2911.765246687281,2919.9885822072015,4887512
2024-06-19,2889.3115234375,2931.806370115794,2882.0237180620616,2929.83673197665,3512298
2024-06-20,2827.6123046875,2909.893981387593,2813.9234165677085,2900.3412850394106,4024418
2024-06-21,2796.8369140625,2876.5579709549406,2782.1632058608006,2840.9568571842437,8400461
2024-06-24,2871.535400390625,2879.5615793802335,2770.345244190196,2793.439202554911,2699784
2024-06-25,2865.232421875,2902.2617139924455,2847.1611367322216,2876.8533346463296,1910886
2024-06-26,2808.211669921875,2868.728755665164,2801.416514290439,2862.9184191359277,3282318
2024-06-27,2845.093017578125,2860.8994118128753,2750.6489644944254,2798.8558101109097,6900180
2024-06-28,2823.131591796875,2852.0361287087376,2811.6585453948364,2811.6585453948364,2548169
2024-07-01,2832.192138671875,2850.1157984186766,2795.162843896701,2797.871096453987,1718501
2024-07-02,2821.654052734375,2847.1117199774294,2806.734141105387,2846.323816693061,1507890
2024-07-03,2834.259765625,2851.0509774999036,2821.6049858576584,2827.415321727884,1019710
2024-07-04,2858.732666015625,2877.641142892323,2841.252128614414,2846.126934619717,1502213
2024-07-05,2857.6416015625,2862.998466472152,2817.365088281674,2862.998466472152,1966103
2024-07-08,2828.624755859375,2895.338771436734,2824.8053435915176,2857.6416325231335,1631998
2024-07-09,2902.18359375,2916.5680279012136,2814.6369514158905,2832.5927902342946,2902129
2024-07-10,2710.225830078125,2906.647760662118,2676.3975118218455,2906.647760662118,14481615
2024-07-11,2676.54638671875,2735.9688823290912,2669.552527310803,2735.9688823290912,4314565
2024-07-12,2682.3994140625,2700.603261060401,2665.7332619714625,2668.2133369196877,3398732
2024-07-15,2709.283447265625,2717.1700369404543,2686.5164083194895,2701.1488501029403,2017720
2024-07-16,2734.778564453125,2744.7981638252827,2718.162062791897,2732.992862104299,1925983
2024-07-18,2796.978759765625,2803.4269543614964,2714.689924861889,2734.034508649503,4122844
2024-07-19,2727.387939453125,2797.4747572444453,2721.1381024449315,2797.4747572444453,2042568
2024-07-22,2782.39599609375,2796.532422849909,2703.2816077566517,2729.1240363358197,2208103
2024-07-23,2798.86376953125,2831.749465181179,2721.5348419127736,2801.4925519956732,2572524
2024-07-24,2783.14013671875,2807.8415865898132,2741.6235847626963,2800.500661542339,2276082
2024-07-25,2788.992919921875,2804.468684105085,2759.628978556941,2777.4855177553463,1857122
2024-07-26,2864.7841796875,2874.3075220290307,2767.763600728381,2799.1118444819404,2352661
2024-07-29,2909.623779296875,2921.5281384348095,2852.5820584276044,2876.8867916675545,2388937
2024-07-30,2898.810791015625,2926.488329525416,2881.450267026915,2921.5281798143556,2290006
2024-07-31,2884.624755859375,2955.8525551728085,2850.0524149985067,2913.5919821493057,4238740
2024-08-01,2805.857421875,2903.175657131394,2797.6237670218666,2903.175657131394,4971708
2024-08-02,2727.735107421875,2787.9018703594743,2712.0612276673046,2787.9018703594743,3041513
2024-08-05,2657.5986328125,2707.448138675949,2614.7926365957437,2658.293005350739,3731770
2024-08-06,2611.96533203125,2726.842454117056,2604.7731145533608,2666.874289240377,3069277
2024-08-07,2659.483642578125,2683.193061988776,2639.791750791065,2676.0008447045843,2479171
2024-08-08,2661.566650390625,2694.8493029577785,2635.3275071994617,2639.295626916683,2673182
2024-08-09,2727.239013671875,2742.9627851045575,2683.440988682759,2712.209856953295,2279076
2024-08-12,2695.990234375,2735.0267117783114,2687.111614308192,2727.239179395318,2321474
2024-08-13,2696.38720703125,2716.8228798438963,2682.5484368824914,2696.43685697053,1292521
2024-08-14,2723.370361328125,2749.857513926392,2693.659111225326,2707.051516244151,2609359
2024-08-16,2817.8115234375,2822.3749582480204,2754.0239469407784,2766.7716291304046,4376092
2024-08-19,2743.111572265625,2837.1064118408203,2738.002714802525,2837.1064118408203,2500718
2024-08-20,2749.212646484375,2761.0177060011893,2726.5943152050722,2757.5952511156265,1762399
2024-08-21,2747.32763671875,2758.7856310387847,2733.0425023683247,2751.891071350175,1497501
2024-08-22,2711.168212890625,2753.6271433380057,2702.3392431826874,2749.014300932306,2346622
2024-08-23,2737.0107421875,2746.9310420866937,2703.5793799661824,2711.1683125111367,1943539
2024-08-26,2770.839111328125,2776.6919914955047,2731.1579110209364,2742.9133212950455,2765969
2024-08-27,2758.636962890625,2777.683889695287,2751.8414607825516,2775.6501798370828,1604159
2024-08-28,2775.699951171875,2804.4688212876663,2758.637083542164,2759.728171229661,1851275
2024-08-29,2735.621826171875,2779.3205507418925,2719.7987550653484,2767.118776384046,2237121
2024-08-30,2783.040771484375,2799.0622007622155,2742.962857710759,2757.8433072100943,4895220
2024-09-02,2754.8671875,2826.094986771696,2734.530573404303,2826.094986771696,2270687
2024-09-03,2762.65478515625,2775.7991823839957,2750.502417907957,2757.8433428779776,1592710
2024-09-04,2727.685791015625,2757.7441063274014,2709.333235974329,2738.9948361631423,1697000
2024-09-05,2701.39697265625,2738.0027825449547,2690.286042971224,2734.2330201300224,2360312
2024-09-06,2676.59619140625,2717.070820917417,2658.739651729622,2701.2976410809906,2835519
2024-09-09,2687.260498046875,2692.667012978482,2638.8493867668367,2666.7252837826136,1269082
2024-09-10,2668.560546875,2693.3612954519053,2655.664157615009,2669.8005843038454,2034126
2024-09-11,2633.095458984375,2686.4170680718426,2623.0264520067117,2660.1282747543005,2034245
2024-09-12,2719.054931640625,2729.669846402413,2614.5943663381445,2643.7599514765034,3730285
2024-09-13,2717.269287109375,2736.564220872597,2690.1371715564014,2733.042466170512,2102332
2024-09-16,2735.42333984375,2762.1090913287017,2710.275525444641,2718.360472814659,1234752
2024-09-17,2765.43212890625,2771.2356008566667,2723.4198068179862,2742.962747939389,1387175
2024-09-18,2785.818603515625,2825.301446038983,2755.512038511881,2759.3314508979747,2526756
2024-09-19,2775.203857421875,2829.2694911053395,2769.946050110941,2789.588292071604,2807727
2024-09-20,2927.331787109375,2936.4087646220855,2776.1959215523334,2776.3942791109785,12492909
2024-09-23,3025.492919921875,3032.5361870869665,2932.589171937808,2939.1366663341864,3925490
2024-09-24,3049.7978515625,3073.854578858387,2995.93057458058,2995.93057458058,3697722
2024-09-25,3066.414306640625,3123.9023953274877,3010.364612980414,3020.731277793649,4218815
2024-09-26,3155.74658203125,3171.718118966089,3021.375931070653,3047.5160172239202,4753617
2024-09-27,3158.276123046875,3196.4198692208993,3127.424136238795,3145.7270407807223,6803795
2024-09-30,3070.2333984375,3153.6632141935884,3062.396458702613,3137.9394425924897,3554400
2024-10-01,3140.270751953125,3160.0617006714733,3071.126314083089,3080.74895599129,4028211
2024-10-03,3104.905029296875,3145.7269647748267,3047.9623649708187,3060.4123892558628,3237011
2024-10-04,2993.40087890625,3132.4340289017414,2985.514288835084,3102.127463923846,4281562
2024-10-07,3035.81005859375,3042.5062608754542,2959.126093654679,3003.8667420740658,2732276
2024-10-08,3140.6181640625,3151.579901428586,3041.563875100811,3049.5001148271017,6060165
2024-10-09,3127.870361328125,3178.7615450465446,3119.9341219083262,3139.5763629112894,2432656
2024-10-10,3168.84130859375,3194.6340872194346,3129.854483232118,3130.84651317926,2507231
2024-10-11,3109.369140625,3184.912123709856,3096.1254440425046,3174.4958093354744,1652856
2024-10-14,3129.755126953125,3148.7029954799664,3090.173229653464,3125.886307106923,2425178
2024-10-15,3130.648193359375,3167.5020094619276,3061.950118691862,3151.679180053283,2245701
2024-10-16,3043.5478515625,3122.8109467770937,3027.8240801580882,3112.9899472630786,1972106
2024-10-17,2940.97216796875,3040.86953825705,2928.670850931719,3030.6515810505507,3622197
2024-10-18,2940.624755859375,2965.0287893128716,2891.469623789534,2921.8754868316764,3407751
2024-10-21,2974.30419921875,2977.4786466748255,2869.843395233673,2936.16069541889,5059952
2024-10-22,2864.18896484375,2984.968617229165,2855.2606948522202,2981.050147171847,4195638
2024-10-23,2771.235595703125,2901.588230980345,2759.0832291209294,2853.226772132832,7913897
2024-10-24,2803.823974609375,2819.547504160087,2740.978779759051,2740.978779759051,3992102
2024-10-25,2699.164794921875,2802.5342676017467,2657.945901929289,2802.4846176651263,4532596
2024-10-28,2758.83544921875,2812.305769713308,2692.2701388771093,2708.2419188663025,2813985
2024-10-29,2725.007080078125,2775.650259458735,2681.010695380092,2739.986829790899,3156567
2024-10-30,2686.119384765625,2733.8857710651882,2647.7775249669007,2667.816481052345,5677865
2024-10-31,2706.803466796875,2730.066521530106,2650.307407531937,2686.1195447104064,3833325
2024-11-01,2795.193115234375,2818.257811765744,2757.8432841808585,2757.8432841808585,1061709
2024-11-04,2860.96484375,2948.065125387942,2782.148109413808,2782.148109413808,7559263
2024-11-05,2876.34130859375,2884.823213454667,2799.6079341167238,2852.5822387513394,3562624
2024-11-06,2911.16162109375,2930.2581981749395,2862.403202346185,2886.8072366889055,2902347
2024-11-07,2868.305908203125,2948.8586921364476,2835.171962378425,2948.0650197332257,4251557
2024-11-08,2951.18994140625,2967.1120712981915,2828.5255291464473,2886.8072914743225,4455563
2024-11-11,2907.2431640625,2985.613532692672,2866.0242698439965,2938.740116011968,2628672
2024-11-12,2875.448486328125,2922.4209595736393,2857.046282148242,2907.838167614137,2414528
2024-11-13,2776.642333984375,2871.9268644011395,2760.7202039655695,2853.0782943066242,3949602
2024-11-14,2784.826416015625,2819.7458216764066,2714.4419397847905,2792.564298033508,2478112
2024-11-18,2824.2099609375,2851.7884419196735,2777.733503209442,2821.3331709673917,2405351
2024-11-19,2925.44677734375,2974.105896572196,2822.3253087884914,2822.3253087884914,5230405
2024-11-21,2912.847900390625,2950.297030485047,2894.7433540535867,2938.888686217872,3821808
2024-11-22,2988.9365234375,3039.0836847420433,2873.6130442955828,2920.536108333793,4827125
2024-11-25,3021.32666015625,3124.547187739079,2998.3113704363586,3050.4922452327405,6299837
2024-11-26,2961.40771484375,3043.6471418088117,2928.9683843937446,3029.1634078734287,2144702
2024-11-27,2980.851806640625,3045.5321145098164,2962.2512440520063,3001.8331443626566,3593911
2024-11-28,2875.59716796875,2976.0402004182206,2868.9506157419205,2971.129700604098,4457143
2024-11-29,2942.460205078125,2967.806377177945,2879.8630167914685,2879.8630167914685,3542836
2024-12-02,2992.359130859375,3002.1307230274538,2938.2934970204665,2960.217456427566,2318823
2024-12-03,3003.17236328125,3017.457497907875,2963.8382298285637,3017.457497907875,2308865
2024-12-04,3007.5869140625,3027.5268136855943,2979.066051927002,2979.066051927002,3364025
2024-12-05,3047.119384765625,3074.3009093514693,2992.012070913794,3025.6417903724314,3797063
2024-12-06,3048.508056640625,3074.3008355122997,3041.514197007612,3050.9881315321322,2688767
2024-12-09,3026.931396484375,3048.5080479791836,3015.7710595043013,3038.984463544929,1879542
2024-12-10,3042.45654296875,3056.6922695645653,2981.347643642983,3023.657623940532,2061909
2024-12-11,3047.565673828125,3090.1733119862115,3023.50894740255,3027.6754247775016,2409385
2024-12-12,3043.002197265625,3061.4044011293927,3020.731173505833,3060.214013637909,1958999
2024-12-13,3056.841064453125,3068.448008902681,2976.0899214620486,3026.683450126903,2467964
2024-12-16,3060.263671875,3067.5052967156726,3015.7710319759826,3064.777214367668,2300493
2024-12-17,3017.259033203125,3069.0925970646617,3003.8666291432064,3030.750737134003,2564201
2024-12-18,3026.8818359375,3037.595808193738,3000.444333766322,3001.9820286790614,2014105
2024-12-19,2990.623046875,3020.731253288993,2946.825020655157,2982.042084527656,2372390
2024-12-20,2883.186279296875,3000.890533424168,2863.345680728781,2990.622926787257,8046336
2024-12-23,2886.11279296875,2918.9488391219534,2868.0578962489317,2894.7434051276664,2142508
2024-12-24,2905.358154296875,2926.6867988691497,2877.680614729851,2886.2119272418695,1858546
2024-12-26,2951.933837890625,2960.6637499311414,2900.0508650145143,2901.6876175618804,2162163
2024-12-27,3025.145751953125,3039.5798364955513,2954.3149087769457,2963.39188614965,2290315
2024-12-30,2978.966796875,3020.334641724635,2967.2113866652467,3003.916496748452,2336275
2024-12-31,2983.13330078125,2994.839060204899,2947.519280960648,2970.53432690849,1536411
2025-01-01,3057.436279296875,3062.3467790676855,2971.328031947151,2983.1333335663185,1686613
2025-01-02,3185.507568359375,3202.3720780336876,3060.4621408352887,3075.292940609911,4298090
2025-01-03,3165.121337890625,3211.2507324964145,3150.389595638589,3189.376422744382,2257218
2025-01-06,3080.947509765625,3209.217036671877,3065.4719871467905,3184.0195716544536,2657204
2025-01-07,3084.072509765625,3106.3435344467307,3057.188400346321,3085.213247368235,1978328
2025-01-08,3061.503662109375,3110.013828780857,3032.635494284874,3110.013828780857,2715102
2025-01-09,3101.581787109375,3132.7314321521985,3060.7598495911584,3079.06275460563,2434207
2025-01-10,3068.199951171875,3124.497651264405,3030.6515203996364,3085.2131680664056,2341303
2025-01-13,2975.74267578125,3042.40728515983,2969.5921382550227,3029.3122954780797,2207294
2025-01-14,3025.1953125,3053.914530923433,2975.742522941923,2976.089830300049,2851530
2025-01-15,2936.65673828125,3039.5301984174966,2927.4804609975404,3032.7349383945593,2440803
2025-01-16,2956.8447265625,2973.5106368724996,2921.5283615450107,2954.4140592970352,2598449
2025-01-17,2894.0986328125,2946.6762194594685,2879.962206214023,2946.279262167889,2002830
2025-01-20,2865.081787109375,2912.550274761421,2854.3678152416883,2886.807146073031,2905527
2025-01-21,2798.814208984375,2883.83112916227,2786.5128920123034,2876.9862192320716,3381309
2025-01-22,2803.923095703125,2829.1702103197313,2783.4874233797523,2825.3013902657644,3133157
2025-01-23,2863.44482421875,2876.2915637376304,2787.60418235832,2803.923026730672,2650506
2025-01-24,2779.07275390625,2872.9188890808114,2767.7637087484336,2852.0862590149627,2665366
2025-01-27,2809.0322265625,2824.210091707678,2732.199309807606,2750.204799507101,2022141
2025-01-28,2847.721435546875,2901.6877710606364,2761.8115400454058,2812.405070412617,2432787
2025-01-29,2901.04296875,2910.1199461886313,2833.5352801753156,2860.9648122430553,1808565
2025-01-30,2947.767333984375,2984.9188070153195,2895.7354117665523,2901.042868854463,3055352
2025-01-31,2966.02099609375,3025.5427961683185,2931.5479535505624,2946.3291036911505,2412370
2025-02-01,3052.228271484375,3074.2512888216206,2966.169669858871,2966.169669858871,2674573
2025-02-03,3148.0087890625,3162.5419314150686,3020.4832864883597,3032.2389386482932,3664084
2025-02-04,3163.63330078125,3244.4837452916513,3112.8414135277903,3199.2967306263213,3862456
2025-02-05,3153.415283203125,3192.997182329855,3116.958181619888,3163.6332403851457,2264208
2025-02-06,3114.924560546875,3155.498733000355,3096.373647923391,3144.7351105861917,2341341
2025-02-07,3172.958251953125,3194.2868965961334,3085.213248360736,3142.7509873976887,4790111
2025-02-10,3112.24609375,3244.880455298883,3103.863488752934,3183.622603266351,3852783
2025-02-11,3061.354736328125,3128.8624219949743,3046.6232370772786,3121.769504821768,2470280
2025-02-12,2963.391845703125,3050.492124560431,2931.54782932948,3044.093579762511,4609887
2025-02-13,2954.26513671875,3022.715202008741,2947.370577132125,3000.8408935749344,2481783
2025-02-14,2919.1474609375,2995.9304830625683,2883.8807473750685,2975.0978538757095,1959802
2025-02-17,2809.379150390625,2931.4484833918077,2769.995610067944,2917.3617066313914,4773279
2025-02-18,2767.813232421875,2822.3252301684147,2733.9352640433867,2821.333200210535,2301836
2025-02-19,2735.42333984375,2760.472096562841,2706.2577556309325,2728.082414950537,2671072
2025-02-20,2816.8193359375,2821.8291355223178,2668.6101612924717,2723.2214573709143,3799854
2025-02-21,2648.0751953125,2792.7626155477847,2632.2027164037945,2792.7626155477847,8940621
2025-02-24,2687.607421875,2695.14694617592,2610.179437861698,2647.7278673659985,6167313
2025-02-25,2755.71044921875,2781.602285180946,2706.406367739902,2718.162019336489,4916248
2025-02-27,2704.8193359375,2817.365086463056,2681.9529969200253,2814.3889965829894,2669767
2025-02-28,2564.496826171875,2677.488945249453,2551.699493973278,2673.6201251631455,7549863
2025-03-03,2591.0830078125,2674.463176068161,2574.317798028891,2592.9680100913397,4340806
2025-03-04,2592.521484375,2606.360253299035,2529.6762921604645,2540.5886212639016,1984876
2025-03-05,2704.868896484375,2715.0866109790786,2621.5877903369205,2640.7340163715703,3665710
2025-03-06,2720.54296875,2744.7982959490487,2673.520843738065,2726.0984336149177,3706264
2025-03-07,2706.109130859375,2743.905328521271,2686.5165383703697,2699.6112859240566,1886774
2025-03-10,2681.060302734375,2712.854669622974,2643.859178735405,2673.520778059323,2520931
2025-03-11,2624.5146484375,2663.6005333147295,2592.3230813832943,2663.352525816283,3616140
2025-03-12,2632.153076171875,2656.6561671385602,2615.0902097210746,2624.514494107862,3447155
2025-03-13,2622.43115234375,2664.939732247182,2597.432046237956,2655.763455281349,2446428
2025-03-17,2683.58984375,2705.31544595459,2613.99903648766,2613.99903648766,2527623
2025-03-18,2683.58984375,2683.58984375,2683.58984375,2683.58984375,0
2025-03-19,2766.870849609375,2809.329538007949,2757.396915082217,2772.723729477036,2438912
2025-03-20,2805.56005859375,2824.3093281726065,2778.675949494721,2781.4040319156816,2354374
2025-03-21,2779.519287109375,2869.9427226081257,2759.0833727113204,2816.4724037416436,3824316
2025-03-24,2752.58544921875,2799.6572218284987,2687.805845153216,2792.8619619992596,5395134
2025-03-25,2714.194091796875,2780.114437144424,2703.3314116886268,2752.5856045247733,3576766
2025-03-26,2720.394287109375,2772.7238699865816,2715.2357795111557,2729.372207113055,3111504
2025-03-27,2711.2177734375,2729.074312011183,2674.0663013439935,2713.2018332790203,4325599
2025-03-28,2644.553466796875,2717.8643826043176,2613.9988961561635,2713.995562709942,6074446
2025-04-01,2616.875732421875,2706.257728621197,2602.243290524088,2631.657124130426,3300417
2025-04-02,2616.528564453125,2638.7995877225744,2604.3761979307183,2610.1300199068187,2243574
2025-04-03,2590.63671875,2631.2602991825,2579.5260310873678,2586.966256155402,2361203
2025-04-04,2575.85546875,2610.52686778552,2536.6702849090243,2594.108723332173,3598415
2025-04-07,2471.39453125,2504.5282336069004,2405.672549234822,2405.672549234822,3937471
2025-04-08,2503.536376953125,2529.676463958626,2434.4415853154774,2489.995264523981,4253527
2025-04-09,2502.990966796875,2551.451486533107,2495.8978070453895,2519.756176764347,3347213
2025-04-11,2559.78466796875,2583.24608022962,2511.869571267462,2528.684431069624,3600209
2025-04-15,2624.911376953125,2668.560696902459,2585.230176999185,2585.230176999185,3287861
2025-04-16,2613.602294921875,2643.7599095829037,2597.432157730115,2638.799759658733,3070954
2025-04-17,2658.044921875,2661.4179689847347,2581.658616566358,2611.0227996408507,2638979
2025-04-21,2741.970703125,2751.891002340358,2644.6524709444143,2678.3814882766324,3120955
2025-04-22,2794.647705078125,2799.5085550179124,2734.0345774731986,2742.9628471383867,3193757
2025-04-23,2894.545166015625,2899.703673547391,2803.476764093373,2807.444884070858,3906215
2025-04-24,2878.275634765625,2904.6637286318046,2842.165841028046,2894.5450714587305,2488496
2025-04-25,2841.3720703125,2916.1712721735707,2808.5360250244426,2878.2755351818114,2299310
2025-04-28,2907.2431640625,2921.528298934882,2859.3280674610387,2895.6362195095176,1864672
2025-04-29,2886.410400390625,2945.8328967146576,2878.6725184462334,2926.4883129510827,2051228
2025-04-30,2905.45751953125,2925.397177263029,2863.9906169910637,2885.616919482819,2689753
2025-05-02,2893.94970703125,2976.089834913834,2887.005497416451,2926.48833766527,2868096
2025-05-05,2997.41845703125,3019.7391306315158,2914.2862998055202,2925.396986669802,4049197
2025-05-06,3043.944580078125,3134.516962308668,3031.643505663436,3125.489635144685,5683215
2025-05-07,3095.0341796875,3100.0936293685554,2997.815243470502,2997.815243470502,2942902
2025-05-08,3008.92626953125,3111.998088956338,2984.5222348183433,3102.4745041428077,3323894
2025-05-09,2958.332763671875,3032.735013767293,2931.4486537594676,2937.996148645794,2308852
2025-05-12,3079.955322265625,3087.3955468542435,3009.521196160035,3020.4335255566752,2166730
2025-05-13,3029.461181640625,3086.205247688247,3010.8109696990773,3025.691419302203,2681662
2025-05-14,3077.07861328125,3085.213210606587,2993.9464532510224,3013.291037690517,2236302
2025-05-15,3119.23974609375,3145.4292392734196,3048.507963900762,3060.4123230178493,3590003
2025-05-16,3110.609375,3124.398495166941,3090.173460055571,3110.0140601201333,2269659
2025-05-19,3103.06982421875,3131.8386940724404,3078.864389219781,3090.173434284337,2011149
2025-05-20,3039.083740234375,3110.311538811685,3024.798605886781,3103.2680293156227,2667772
2025-05-21,3066.06689453125,3107.037779591259,3023.8065643019713,3038.587713565781,1395136
2025-05-22,2982.33984375,3065.174348925289,2956.7454212568737,3052.0796013365434,3870830
2025-05-23,2988.688720703125,3006.6445605098133,2960.4158658153005,2995.9305881133573,1828093
2025-05-26,3055.650634765625,3076.284906375374,3003.5690618585927,3013.787018886935,2164190
2025-05-27,3015.57275390625,3060.4124601508584,2990.573647079151,3055.6506678516926,2599143
2025-05-28,2973.907470703125,3020.5328789513123,2969.1456784430707,3015.4734292634766,1491995
2025-05-29,2985.01806640625,3004.759365181861,2963.391765442311,2975.097767082866,2093429
2025-05-30,2953.074951171875,2993.351223837699,2933.432708741338,2981.0501487209067,3700191
2025-06-02,3001.783447265625,3014.283122006738,2938.6904852731127,2953.0749201156655,2967741
2025-06-03,3022.21923828125,3040.3734347788195,3002.8746542843737,3017.7551035127403,3204094
2025-06-04,3029.064208984375,3062.39651280439,3015.870404158985,3020.8305540015576,1584653
2025-06-05,3017.3583984375,3070.332700988586,2970.931348251763,3053.468191807066,3504632
2025-06-06,3081.740966796875,3088.089861448809,3002.8745876369358,3017.358321442344,2028071
2025-06-09,3062.793212890625,3115.966115820114,3053.4682281102546,3105.0537862199794,1364639
2025-06-10,3043.052001953125,3082.137886779174,3035.413419449941,3077.277036693918,1787253
2025-06-11,3056.146728515625,3099.10167533552,3051.4842360217863,3060.4125058931113,1749787
2025-06-12,2995.13671875,3069.340606015715,2983.034002032726,3063.388426430681,2278398
2025-06-13,2982.0419921875,2994.44236640651,2908.631776810961,2908.631776810961,2003184
2025-06-16,2999.501953125,3020.731297880782,2964.2848887326295,2977.0819786339007,1673726
2025-06-17,2983.232421875,3018.747142579605,2970.1376749534465,3018.747142579605,1455355
2025-06-18,3016.8623046875,3050.3927224287986,2962.7966737231704,2976.0897778529916,2161043
2025-06-19,3070.13427734375,3082.13769418589,3010.0171666776564,3013.78692885251,2482920
2025-06-20,3159.02001953125,3177.4718731499124,3065.67014821891,3075.292790123237,8315834
2025-06-23,3110.013916015625,3159.0200990264307,3097.8118991023425,3138.386069671237,1731432
2025-06-24,3124.99365234375,3190.9636442292385,3111.79960552769,3129.9538021095764,2834887
2025-06-25,3189.872314453125,3199.792613984934,3135.310667028177,3154.655251115204,2078771
2025-06-26,3190.169921875,3212.192938051462,3158.1273064505344,3200.189278928195,2907261
2025-06-27,3177.76953125,3215.6650262329417,3161.6986947822907,3179.4559336963066,5098406
2025-06-30,3157.829833984375,3194.138228706202,3135.806816518025,3179.852851450725,2083572
2025-07-01,3150.786376953125,3192.352334398161,3142.94919514098,3162.5914363148963,1407074
2025-07-02,3139.97314453125,3177.1742675997393,3128.5648001235795,3142.7508768259927,1559309
2025-07-03,3149.099853515625,3195.3285471955746,3139.5765110793095,3139.973226191099,2102806
2025-07-04,3162.5,3177.0,3134.10009765625,3161.10009765625,968006
2025-07-07,3160.199951171875,3173.0,3152.10009765625,3162.5,853459
2025-07-08,3157.89990234375,3168.0,3123.0,3150.0,1513129
2025-07-09,3176.300048828125,3189.0,3141.0,3145.0,1245661
2025-07-10,3162.39990234375,3192.60009765625,3137.60009765625,3172.10009765625,1701384
2025-07-11,3073.199951171875,3162.39990234375,3062.39990234375,3158.0,3041614
2025-07-14,3092.10009765625,3104.800048828125,3053.60009765625,3072.800048828125,2958843
2025-07-15,3128.60009765625,3148.300048828125,3082.89990234375,3086.10009765625,2826720
2025-07-16,3196.5,3210.0,3082.39990234375,3128.60009765625,2892812
2025-07-17,3195.0,3238.0,3171.0,3186.300048828125,3267180
2025-07-18,3192.39990234375,3252.0,3176.699951171875,3208.0,2040381
2025-07-21,3246.699951171875,3253.60009765625,3152.800048828125,3177.0,2436535
2025-07-22,3257.199951171875,3271.89990234375,3210.5,3246.699951171875,1854072
2025-07-23,3268.800048828125,3303.0,3248.0,3260.0,2159800
2025-07-24,3260.89990234375,3286.5,3243.699951171875,3255.0,1469406
2025-07-25,3246.39990234375,3259.0,3214.0,3256.0,1475856
2025-07-28,3209.800048828125,3256.89990234375,3199.199951171875,3246.39990234375,1939520
2025-07-29,3199.39990234375,3225.89990234375,3186.60009765625,3203.0,1824673
2025-07-30,3208.89990234375,3241.60009765625,3151.89990234375,3195.0,2199654
2025-07-31,3203.10009765625,3238.199951171875,3135.60009765625,3225.0,4465859
2025-08-01,3159.300048828125,3205.0,3116.699951171875,3205.0,3781457
2025-08-04,3200.199951171875,3223.0,3160.0,3170.0,2684012
2025-08-05,3212.199951171875,3222.0,3170.10009765625,3195.0,1805644
2025-08-06,3227.5,3240.10009765625,3178.60009765625,3212.199951171875,1866321
2025-08-07,3211.10009765625,3229.60009765625,3161.10009765625,3198.0,2374621
2025-08-08,3144.199951171875,3214.89990234375,3135.60009765625,3207.0,1721037
2025-08-11,3186.199951171875,3230.0,3130.300048828125,3150.89990234375,2046761
2025-08-12,3236.5,3253.0,3185.10009765625,3186.10009765625,3315978
2025-08-13,3282.199951171875,3300.0,3238.699951171875,3255.0,2436029
2025-08-14,3265.39990234375,3313.5,3262.0,3273.199951171875,1508721
2025-08-18,3383.10009765625,3432.0,3335.300048828125,3350.0,5787481
2025-08-19,3354.0,3403.89990234375,3338.10009765625,3400.0,2596242
2025-08-20,3395.60009765625,3404.199951171875,3335.0,3354.10009765625,2957816
2025-08-21,3375.10009765625,3410.0,3370.0,3410.0,1964795
2025-08-22,3403.0,3420.0,3375.39990234375,3380.0,2509867
2025-08-25,3398.89990234375,3429.0,3381.800048828125,3428.0,1859862
2025-08-26,3330.800048828125,3414.0,3318.10009765625,3395.0,3122442
2025-08-28,3295.300048828125,3375.0,3287.300048828125,3375.0,2936428
2025-08-29,3199.5,3280.0,3187.0,3271.0,3017625
2025-09-01,3315.39990234375,3324.89990234375,3191.10009765625,3191.10009765625,3525726
2025-09-02,3234.5,3330.0,3223.0,3325.0,3073407
2025-09-03,3286.0,3293.699951171875,3232.800048828125,3269.0,2672659
2025-09-04,3481.5,3550.0,3463.39990234375,3527.0,7600320
2025-09-05,3561.300048828125,3577.800048828125,3481.5,3511.0,3700943
2025-09-08,3561.300048828125,3561.300048828125,3561.300048828125,3561.300048828125,0
2025-09-09,3696.300048828125,3723.800048828125,3673.10009765625,3702.199951171875,2879258
2025-09-10,3604.39990234375,3708.89990234375,3591.39990234375,3702.0,2298202
2025-09-11,3595.699951171875,3647.89990234375,3580.0,3620.0,1949934
2025-09-12,3589.89990234375,3641.0,3582.0,3594.89990234375,2839264
2025-09-15,3530.300048828125,3603.39990234375,3526.60009765625,3590.0,2550444
2025-09-16,3608.0,3619.89990234375,3528.89990234375,3545.0,2465043
2025-09-17,3633.199951171875,3644.89990234375,3593.10009765625,3608.0,2237804
2025-09-18,3642.199951171875,3650.0,3603.300048828125,3636.10009765625,2480472
2025-09-19,3592.10009765625,3636.699951171875,3584.5,3601.0,4018342
2025-09-22,3584.800048828125,3616.60009765625,3569.300048828125,3600.0,1664133
2025-09-23,3614.60009765625,3679.199951171875,3606.800048828125,3610.0,2523224
2025-09-24,3574.89990234375,3626.300048828125,3568.0,3614.5,1320014
2025-09-25,3530.0,3584.10009765625,3521.800048828125,3579.89990234375,2106344
2025-09-26,3396.5,3547.5,3391.60009765625,3510.0,3046760
2025-09-29,3418.10009765625,3458.0,3405.0,3419.0,3175716
2025-09-30,3427.0,3454.0,3393.10009765625,3420.0,2611078
2025-10-01,3463.39990234375,3501.0,3415.5,3419.199951171875,2364844
2025-10-03,3462.0,3492.39990234375,3404.199951171875,3462.10009765625,2357702
2025-10-06,3472.0,3480.0,3425.10009765625,3462.0,1156082
2025-10-07,3492.800048828125,3521.39990234375,3465.10009765625,3468.10009765625,1508939
2025-10-08,3426.5,3509.699951171875,3422.60009765625,3500.0,1444911
2025-10-09,3442.89990234375,3475.0,3424.0,3450.0,1997853
2025-10-10,3454.89990234375,3473.89990234375,3395.699951171875,3425.0,1416272
2025-10-13,3459.699951171875,3470.0,3432.0,3432.0,1090517
2025-10-14,3459.800048828125,3487.10009765625,3428.0,3469.89990234375,1518505
2025-10-15,3497.199951171875,3500.0,3460.0,3461.0,1319445
2025-10-16,3560.800048828125,3573.199951171875,3498.300048828125,3503.0,2125552
2025-10-17,3647.199951171875,3656.0,3560.10009765625,3561.0,3339579
2025-10-20,3599.10009765625,3676.0,3593.0,3674.0,2827250
2025-10-21,3621.199951171875,3628.10009765625,3604.300048828125,3608.199951171875,286950
2025-10-23,3623.60009765625,3650.0,3600.0,3632.10009765625,3724956
2025-10-24,3625.0,3655.300048828125,3615.10009765625,3630.0,1654500
2025-10-27,3611.60009765625,3635.300048828125,3593.0,3626.800048828125,1440893
2025-10-28,3579.10009765625,3624.89990234375,3562.0,3605.0,2851093
2025-10-29,3534.699951171875,3583.5,3522.10009765625,3580.0,2526473
2025-10-30,3502.10009765625,3550.0,3496.0,3540.0,2103351
2025-10-31,3487.199951171875,3526.699951171875,3483.699951171875,3516.10009765625,1915577
2025-11-03,3548.89990234375,3590.0,3511.0,3511.0,1776510
2025-11-04,3581.199951171875,3632.800048828125,3537.199951171875,3548.60009765625,3494428
2025-11-06,3618.5,3674.699951171875,3586.300048828125,3625.0,4535984
2025-11-07,3690.199951171875,3718.0,3566.800048828125,3615.60009765625,2595934
2025-11-10,3663.89990234375,3715.800048828125,3645.10009765625,3690.199951171875,1620889
2025-11-11,3749.10009765625,3759.0,3670.0,3699.89990234375,3044040
2025-11-12,3754.300048828125,3781.0,3740.0,3761.0,1984901
2025-11-13,3699.5,3754.10009765625,3690.199951171875,3748.199951171875,1599079
2025-11-14,3698.60009765625,3716.800048828125,3660.5,3700.0,1847028
2025-11-17,3734.89990234375,3754.5,3682.300048828125,3710.0,2094008
2025-11-18,3694.800048828125,3732.699951171875,3688.0,3718.5,2613743
2025-11-19,3722.5,3746.5,3667.800048828125,3695.0,1626043
2025-11-20,3716.699951171875,3759.0,3711.10009765625,3744.800048828125,1815617
2025-11-21,3749.60009765625,3779.0,3726.0,3730.0,3184145
2025-11-24,3690.800048828125,3749.5,3677.199951171875,3745.10009765625,4059935
2025-11-25,3669.300048828125,3695.800048828125,3653.0,3687.0,1714176
2025-11-26,3686.39990234375,3708.0,3669.300048828125,3681.0,2116524
2025-11-27,3681.199951171875,3717.60009765625,3665.0,3701.5,1993274
2025-11-28,3757.300048828125,3768.89990234375,3690.10009765625,3692.0,2944457
2025-12-01,3741.60009765625,3795.0,3730.0,3790.0,1830158
2025-12-02,3716.5,3748.0,3705.5,3722.800048828125,2285922
2025-12-03,3649.39990234375,3740.0,3640.0,3736.0,2002476
2025-12-04,3671.60009765625,3678.199951171875,3620.199951171875,3675.0,1984001
2025-12-05,3717.10009765625,3721.5,3642.5,3659.300048828125,2393280
2025-12-08,3681.699951171875,3725.0,3671.60009765625,3720.0,1500195
2025-12-09,3635.89990234375,3674.39990234375,3604.5,3658.0,3901255
2025-12-10,3630.0,3694.89990234375,3626.199951171875,3660.0,1593915
2025-12-11,3665.199951171875,3669.10009765625,3615.89990234375,3623.39990234375,981456
2025-12-12,3679.60009765625,3695.0,3661.300048828125,3665.39990234375,1078982
2025-12-15,3608.0,3665.39990234375,3603.60009765625,3632.0,1704069
2025-12-16,3621.0,3633.5,3577.89990234375,3581.0,1394406
2025-12-17,3612.800048828125,3647.89990234375,3594.0,3647.89990234375,1209367
2025-12-18,3586.60009765625,3611.89990234375,3540.10009765625,3600.0,2446168
2025-12-19,3603.60009765625,3615.0,3560.0,3571.0,1647819
2025-12-22,3616.699951171875,3625.0,3576.89990234375,3600.0,1400786
2025-12-23,3625.10009765625,3637.5,3605.0,3619.199951171875,1413628
2025-12-24,3636.699951171875,3658.0,3612.10009765625,3624.60009765625,842897
2025-12-26,3623.10009765625,3647.0,3614.60009765625,3636.699951171875,829910
2025-12-29,3592.10009765625,3640.199951171875,3588.10009765625,3622.699951171875,1034692
2025-12-30,3660.300048828125,3666.0,3575.199951171875,3590.0,2063179
2025-12-31,3709.199951171875,3723.60009765625,3640.39990234375,3653.0,1868363
