Price,Close,High,Low,Open,Volume
Ticker,POWERGRID.NS,POWERGRID.NS,POWERGRID.NS,POWERGRID.NS,POWERGRID.NS
Date,,,,,
2015-01-01,47.7459602355957,48.129043199471646,47.67631179350065,48.05939003384712,778837
2015-01-02,48.320579528808594,48.529534290084165,47.763373130112676,47.763373130112676,3612848
2015-01-05,48.37281799316406,48.790722759628046,47.415113075165294,48.233511680813905,7291352
2015-01-06,47.29322052001953,48.16386131970371,46.71859853693369,48.0767972397353,8288963
2015-01-07,47.972320556640625,48.233512813135626,46.49223110316892,47.014615616158935,3256180
2015-01-08,48.1812858581543,48.37282972231575,47.449946435100514,48.059395167057,2436600
2015-01-09,48.21610641479492,48.58177371882658,47.6937218527329,48.1638689032946,2079643
2015-01-12,47.53700256347656,48.47729662442178,47.18874620364932,47.92008550399236,3660975
2015-01-13,47.31062698364258,47.98972863274592,47.101672266723995,47.55440827396896,2850708
2015-01-14,47.380279541015625,47.67629832600693,46.94495918765434,47.29321547034337,3939014
2015-01-15,49.78325271606445,50.04444495834984,47.53699754299861,47.53699754299861,6425406
2015-01-16,51.31557083129883,51.87278179774353,49.03449419421544,49.73100672138934,8222495
2015-01-19,51.48971939086914,51.8553914468271,50.28823763894095,51.24594274376026,5082702
2015-01-20,51.333003997802734,52.2384715368573,51.124049223631765,51.8902151544155,6145107
2015-01-21,51.158878326416016,51.55937224124454,50.862859442054166,51.29817994154815,2865190
2015-01-22,51.66383743286133,52.72602208346227,51.07180450041397,51.22851701626967,7016755
2015-01-23,52.081756591796875,52.23847386027782,51.263353111952476,51.820564293348426,4549463
2015-01-27,52.22105026245117,52.58672225877117,51.263345313825305,51.6290173101453,6048058
2015-01-28,52.04691696166992,52.83049366061073,51.89020445599887,52.39517327231028,5448999
2015-01-29,51.820560455322266,52.221054338575186,51.40265091934483,52.186232480184856,6923717
2015-01-30,51.541969299316406,52.41261043324757,50.84545639217148,51.716097526102644,3094145
2015-02-02,51.48971939086914,51.7857382770647,50.84544882645086,51.28076932864146,2427202
2015-02-03,51.26333236694336,52.02949802175562,51.01955582115967,51.855369893255364,1320013
2015-02-04,50.932518005371094,51.97728731480249,50.81062730789805,51.367838550967505,1740828
2015-02-05,50.02703857421875,51.158871726896066,49.69619314787066,50.932506041066425,2453418
2015-02-06,49.95738983154297,50.49719006313271,49.313114573725294,49.59172251621567,2422833
2015-02-09,49.260868072509766,49.95738071635623,48.75589451630962,49.80066820560798,2511094
2015-02-10,50.53201675415039,50.91509975949473,48.75590807375755,48.82556124692197,3982617
2015-02-11,50.75838088989258,51.83797187491018,50.49718860831811,50.84544498375073,5670681
2015-02-12,52.325523376464844,52.93497190298923,50.862845023394954,51.82054985079042,7776840
2015-02-13,52.7608642578125,53.1787691471575,52.01211386464708,52.847928366867315,8270115
2015-02-16,53.196170806884766,53.77079283075436,52.93497854844141,52.93497854844141,3789682
2015-02-18,53.89268493652344,53.97974902499829,52.67378769787545,52.96980654339578,4034642
2015-02-19,53.7359733581543,53.99716565114025,52.6389666723192,53.91010155347826,2708022
2015-02-20,53.37030029296875,53.9100957509613,53.03945486805132,53.59666597781953,4586215
2015-02-23,54.293174743652344,54.850385812979226,53.10910417353818,53.28323233748229,5857600
2015-02-24,54.58919906616211,54.92003977686624,54.17128954118622,54.293180212931624,3786009
2015-02-25,53.823036193847656,54.93745850720346,53.14393908212447,54.885220994536986,3842514
2015-02-26,53.196170806884766,54.48471644775462,52.51706904552044,53.66631781678861,7368101
2015-02-27,54.71109390258789,54.85039551367393,52.969811955188355,53.265826107422605,4870174
2015-03-02,54.57179641723633,55.37278907704539,54.11906492691017,54.937468519604714,3288237
2015-03-03,54.171287536621094,54.467306378897646,53.683729591210394,54.39765321946938,3773373
2015-03-04,53.7882080078125,54.79815526573532,53.31806568429664,54.38024572979971,4927543
2015-03-05,54.031982421875,54.380238749274255,52.795674349019144,53.631488590071605,2511965
2015-03-09,52.559268951416016,53.9934991472095,52.36686949835145,53.62619368842937,2904210
2015-03-10,51.94710922241211,52.594262533148,51.31744461819742,52.559280375475495,4007085
2015-03-11,51.73721694946289,52.47182322425394,51.57979962463991,52.26193503936654,3350372
2015-03-12,52.34939193725586,53.31137517343228,51.7896916509181,51.7896916509181,4034334
2015-03-13,51.28246307373047,52.611751868769595,51.072579614446006,52.55928100394848,3743353
2015-03-16,51.33494186401367,51.66726052489207,50.91516543017412,50.91516543017412,1546607
2015-03-17,51.64976119995117,52.1220084047879,51.09006098476058,51.457361730395,4288235
2015-03-18,51.29996109008789,51.85966143545584,51.037601998005776,51.59730234337373,3493449
2015-03-19,51.10755157470703,52.20946334152672,50.722762110655964,51.299951051362214,2641643
2015-03-20,51.84217834472656,52.41937225838089,50.582853502093116,51.07259436757333,3763675
2015-03-23,52.19198226928711,53.13647693779537,51.96460532898128,52.29692875724957,4249360
2015-03-24,51.75471496582031,52.76917391784954,51.59730235730688,52.12202054161279,5170910
2015-03-25,51.247501373291016,51.96461448319102,51.14255486684094,51.68476662192068,6008163
2015-03-26,50.75775146484375,52.29692866177018,50.39045061922266,51.38741615757659,11848617
2015-03-27,50.63531494140625,51.05508660826557,50.093103347846444,50.757745378846344,3479176
2015-03-30,50.72276306152344,50.932646502347794,50.23302238058732,50.74025176671556,4359504
2015-03-31,50.81022262573242,51.22999430611572,50.54786354625647,50.8976756522244,4797950
2015-04-01,51.22998046875,51.36990432441726,50.75773330432255,50.75773330432255,2808077
2015-04-06,51.75471496582031,52.27943315012622,51.02010855886591,51.21250807322309,5315447
2015-04-07,51.75471496582031,51.84216799653796,51.07258417300096,51.49235587366735,2457023
2015-04-08,51.52731704711914,52.40184699808799,51.42237535085433,51.61477004221602,4009038
2015-04-09,52.8216438293457,53.03153204818751,51.56231926092533,51.61479012947816,2422269
2015-04-10,53.41630172729492,53.53873687149942,52.57675390859496,52.9965301902593,2200148
2015-04-13,53.99351501464844,54.465757573158335,52.734190454484306,53.45130339080934,2208671
2015-04-15,53.01402282714844,54.57068818052928,52.82162811813691,54.20338272064944,2330815
2015-04-16,52.71669387817383,53.25890546988322,51.59729802573895,52.87411121810272,2492100
2015-04-17,52.50680160522461,53.03151965741392,52.156984825802354,52.71668503039683,3666806
2015-04-20,52.401859283447266,53.38133590494306,51.99957636061406,52.54178315948102,2278982
2015-04-21,52.069541931152344,53.171453850490046,51.80718285409675,52.471829645008484,2312891
2015-04-22,51.43987274169922,52.31440284040141,51.28245542608105,52.1220081165387,4849646
2015-04-23,51.29996109008789,52.104527074620805,51.037601998005776,51.772208404761805,3515131
2015-04-24,51.020103454589844,51.75470978805099,50.39044359426892,51.072579063475004,2613457
2015-04-27,50.705284118652344,51.68476101612645,50.5478714929978,51.10756715483319,2052351
2015-04-28,50.530364990234375,51.247482581812584,50.19804636990972,50.477894128565204,3429520
2015-04-29,50.04061508178711,50.65278603463623,49.84822039445737,50.49536874890933,2061972
2015-04-30,49.74329376220703,50.65280620322344,49.11363385784282,49.7083116020467,4099911
2015-05-04,50.42542266845703,50.5828352515964,49.32351086333241,50.02313974092779,3652050
2015-05-05,50.07561492919922,51.29995726768906,49.51591462553496,50.04063277060203,7999174
2015-05-06,49.1835823059082,49.93568197298868,48.99118758550071,49.93568197298868,6031578
2015-05-07,49.07865524291992,49.341014346128475,48.29157793329426,48.97370875485804,5448071
2015-05-08,48.97369384765625,49.743282213997084,48.86875213616856,49.323505878787664,2987105
2015-05-11,50.02313995361328,50.14557038169895,48.90373943825704,49.23605805605074,3927933
2015-05-12,48.72883987426758,50.04063530332972,48.483969496323795,49.988164435093324,4551824
2015-05-13,49.27103805541992,49.498414940723336,48.2915662058223,48.798790835402286,4097879
2015-05-14,48.763816833496094,49.253552792518065,48.3615291491206,49.253552792518065,3467677
2015-05-15,48.991188049316406,49.56837696063267,48.72882902193362,49.04365890586709,6305129
2015-05-18,48.991188049316406,49.306017933249876,48.536429555075266,48.79878858245805,14967798
2015-05-19,48.536434173583984,50.337970128742064,48.309057277141946,48.973699260830145,6595326
2015-05-20,49.25355911254883,49.46344733467029,48.64138789906238,48.65887660730977,5168468
2015-05-21,48.798797607421875,49.306027052021896,48.518949824309615,49.148609708627326,2628801
2015-05-22,49.30602264404297,49.65583471397508,48.064191693635905,48.72883367758095,5380668
2015-05-25,50.05812454223633,50.1630710244529,49.34101159792711,49.58587723383807,5557091
2015-05-26,50.04061508178711,50.23300976911684,49.51589712220214,50.16305022128264,2220470
2015-05-27,50.093101501464844,50.2330253852605,49.60336553586505,50.04063063812023,1137269
2015-05-28,50.093101501464844,50.4604070341372,49.16610043360988,50.4604070341372,3848527
2015-05-29,50.26800537109375,50.530364421114534,49.410963909840596,49.84823373783838,3473570
2015-06-01,50.05812454223633,51.38741343789924,49.76078803753234,51.29996040836736,15815832
2015-06-02,49.848236083984375,49.98815996832179,49.445948392648006,49.848236083984375,4635659
2015-06-03,50.093101501464844,50.28550099323513,49.2360600031927,49.7258007134225,6029264
2015-06-04,50.495384216308594,50.775236727253535,49.81325350667967,50.02314170373088,8566490
2015-06-05,50.68778610229492,51.177522088802014,50.02314406741884,50.3729561641568,8696044
2015-06-08,51.12503433227539,51.31742902406487,50.35544607586017,50.88016404760819,4215142
2015-06-09,51.54480743408203,51.82465987432194,50.82769474868555,51.07256504081687,2699663
2015-06-10,51.474857330322266,51.84215809130579,51.14253397923839,51.61478120380981,2875048
2015-06-11,51.07257843017578,51.544820947245626,50.67029073840512,51.282461884593474,2113307
2015-06-12,50.86268997192383,51.05508471903625,49.760782863326284,50.89767212902518,2614529
2015-06-15,49.39348602294922,50.722775014318195,49.201091241979256,50.722775014318195,3574132
2015-06-16,50.40793228149414,50.6003317765291,49.148607816704775,49.25355428980478,2705206
2015-06-17,49.603370666503906,50.495389669516896,49.13112335829623,50.268012741751875,3030212
2015-06-18,49.65583801269531,49.91819708257335,49.2710437612815,49.428461101060385,4549773
2015-06-19,48.97369384765625,49.813246518075104,48.518940105037146,49.655829206214236,9119658
2015-06-22,49.42845916748047,49.743289090092325,49.11362924486862,49.271041833859556,1849073
2015-06-23,48.763816833496094,49.603364869623746,48.67636381421968,49.32351236116123,4200054
2015-06-24,48.921234130859375,49.16610450625799,48.641386340087024,48.641386340087024,3101425
2015-06-25,49.42845916748047,49.63834736409837,48.571417674886554,49.043664931119324,11124905
2015-06-26,48.658870697021484,49.41096571902644,48.58891112789892,49.14860665939936,4184617
2015-06-29,48.798797607421875,49.0436679761178,48.16913772310416,48.20411988215076,3452315
2015-06-30,48.658870697021484,49.11362924715307,48.15164602852045,48.798794579896594,2588831
2015-07-01,49.79576110839844,50.058120174100296,48.41400620914672,48.67636527484858,1988394
2015-07-02,49.49840545654297,50.02312817962347,49.18357561839763,50.00563473356451,2965570
2015-07-03,49.49840545654297,50.00563473356451,49.14859347090844,49.14859347090844,3051297
2015-07-06,48.97369384765625,49.743282213997084,48.86875213616856,49.14859986322195,2083899
2015-07-07,48.48395919799805,49.49841316540302,48.36152403503222,49.32350714534598,3234495
2015-07-08,48.274078369140625,48.69385477899166,47.71438281551282,48.30906052739991,2440394
2015-07-09,47.92427062988281,48.46648227058792,47.889293213075895,48.309064916434366,2478234
2015-07-10,48.50144577026367,48.67635176552261,47.871781340554236,47.959234338183705,2901055
2015-07-13,48.97369384765625,49.113622455812276,47.94175120259619,48.413998393549456,1612390
2015-07-14,49.04365921020508,49.30601823921592,48.55392330497738,49.00867705741108,2264950
2015-07-15,48.886253356933594,49.218576769449776,48.798800326758865,48.99119983992159,1504877
2015-07-16,48.833778381347656,49.0261778783316,48.65887233570596,48.86876053940202,1827243
2015-07-17,49.39348602294922,49.58588080391918,48.798803481464304,48.85127909866598,1696436
2015-07-20,49.04365921020508,49.58586597230906,48.991188353328795,49.58586597230906,1668294
2015-07-21,48.97369384765625,49.28852847137799,48.85126343246372,49.02616944802943,1315889
2015-07-22,49.95317840576172,50.110595742909105,48.553930056469746,48.86875998613442,1890132
2015-07-23,49.76077651977539,50.12807726094072,49.23605371940727,50.05811295565713,1225377
2015-07-24,49.69081115722656,50.00564103504531,49.39346998304191,49.74328201275814,1692284
2015-07-27,49.113616943359375,50.005635624773646,48.99118179727949,49.445935488857586,1296310
2015-07-28,49.44594955444336,49.56838473535163,48.7813075297515,49.32351437353508,1547151
2015-07-29,48.97369384765625,49.428452334904684,48.79878783209055,49.218564167299974,1900932
2015-07-30,49.813255310058594,50.110596537926554,48.93872507787646,49.043666807886254,2942993
2015-07-31,49.67332458496094,49.97066580030486,49.113629055642924,49.97066580030486,1956499
2015-08-03,49.1835823059082,49.988152829042605,49.07864059380036,49.340999618699314,1508372
2015-08-04,49.32350540161133,49.84822818786139,48.9562046703285,49.14859938773774,1001510
2015-08-05,49.236061096191406,49.480931456742226,49.00868418689715,49.32351411858382,1107859
2015-08-06,49.341007232666016,49.63834845569436,49.04366600963767,49.07864816728161,1295185
2015-08-07,48.833778381347656,49.778272925664865,48.7463253585268,49.16610176591893,2213871
2015-08-10,48.29158020019531,49.49842928482805,48.06420324900054,49.008693218109066,2570753
2015-08-11,48.2565803527832,49.253545575374645,47.43452114311555,48.97369310791903,3873211
2015-08-12,47.57444381713867,48.23909044536384,47.4695021098553,47.92425583425544,1472522
2015-08-13,48.2041130065918,48.48396074978817,44.076327954352884,47.504488903971264,2470225
2015-08-14,48.396522521972656,48.64139293054896,48.169145568083835,48.20412773282774,1304682
2015-08-17,48.30904769897461,48.78129484849465,47.906764847394165,48.448971550224904,813782
2015-08-18,48.064178466796875,48.51893213471247,47.80181948654668,48.30904400158661,1461999
2015-08-19,47.73187255859375,48.4140080532534,47.609437374343266,48.09917336671493,2417706
2015-08-20,47.60942840576172,47.906769584463056,46.99725734445929,47.25961637073176,2256015
2015-08-21,46.66493606567383,47.29459579454844,46.54250091155124,47.224631493727216,4024183
2015-08-24,45.860374450683594,46.35011041722286,44.67101431919395,45.7729214300648,7651174
2015-08-25,44.98583984375,46.752393534214384,43.77898637941917,45.82538781063556,12357515
2015-08-26,45.80789566040039,46.45504884991872,44.775948297820136,44.985836459911106,2616303
2015-08-27,47.17216110229492,48.431485317003464,45.5630248693134,46.33261320736561,5402025
2015-08-28,47.277122497558594,48.099177204625754,46.76989301288976,47.43453510875776,2205183
2015-08-31,45.70295333862305,47.382049123569516,45.51055388235828,47.04972580933073,2305711
2015-09-01,45.16075134277344,45.86037552409934,44.77595709411816,45.24820436543917,3973158
2015-09-02,43.79649353027344,45.47558998934724,43.28926400376622,45.230724325740795,4507483
2015-09-03,44.49611282348633,44.79345407289134,43.76150642631822,43.86644816392916,3114461
2015-09-04,43.236778259277344,44.391156084804265,42.83449536520762,44.391156084804265,3868544
2015-09-07,43.24031066894531,44.159560923521944,42.62157715843496,43.417090301818426,3112256
2015-09-08,44.5661735534668,45.078831791414515,42.81605265573543,43.13425514747128,2951677
2015-09-09,44.54849624633789,46.13951362688878,44.053514020368915,45.75060210356377,3201416
2015-09-10,43.61155700683594,44.10653914494437,42.674625674799316,44.10653914494437,3984541
2015-09-11,43.94744110107422,44.47778014330538,43.523167949106984,43.84137041535453,1783681
2015-09-14,45.09651565551758,45.23793846181188,43.66459715371458,44.12422726849163,2400945
2015-09-15,45.379356384277344,46.01576613729453,44.54849089296532,45.078829956085,3189547
2015-09-16,46.35164260864258,46.49306539343744,45.25560763443485,45.43238731429236,2668351
2015-09-18,47.20018005371094,47.6951669511083,46.493061395092205,46.66984105974689,2710372
2015-09-21,48.278541564941406,48.43764039468776,46.56377776352681,46.95269400644387,3040868
2015-09-22,46.316280364990234,48.437636278306876,45.69755155693955,48.33157040082311,2618545
2015-09-23,45.184898376464844,46.669844801341476,44.477779661155296,46.33396628884286,5775906
2015-09-24,44.33634948730469,45.98040424055901,44.03582788724827,45.2556047225063,9733917
2015-09-28,44.83134841918945,45.60917629185395,44.08887265333861,44.70760165897153,2407051
2015-09-29,45.379356384277344,46.13950808232437,44.336354308626255,44.49545794574454,2414852
2015-09-30,46.79359436035156,46.91734110209196,45.37935684436068,45.397037690584156,3047665
2015-10-01,46.157188415527344,47.34161326909264,46.05111772680837,47.0234059983916,2020545
2015-10-05,46.84662628173828,47.430003080667994,46.298611174480776,46.316287224861,1811432
2015-10-06,46.75822830200195,47.553736748882535,46.56377259983539,46.97036484692779,1868486
2015-10-07,46.86429977416992,47.0941123703327,46.563773396670086,46.88197582177663,1403044
2015-10-08,46.828956604003906,47.0234123664721,46.52843013845226,46.988060260900816,1318938
2015-10-09,46.86429977416992,47.20017824688317,46.63448717800715,47.02339858899563,1421375
2015-10-12,47.12947082519531,47.27089359710804,46.59913183393112,46.84662048591457,1574616
2015-10-13,47.04106903076172,47.270881576110426,46.828932529111356,47.02338819160932,715400
2015-10-14,47.02339553833008,47.20017518474895,46.740550022241806,46.988043445410156,1722301
2015-10-15,47.74821090698242,47.88963371224151,47.094125037770645,47.20019094285086,2959602
2015-10-16,47.730525970458984,48.08408535104822,47.23554379672525,47.871953559059484,3651488
2015-10-19,47.306251525878906,47.85426657734867,46.97036823920041,47.730519850916835,1640198
2015-10-20,48.04872131347656,48.47298958751673,47.20017517448661,47.37695482086705,3296804
2015-10-21,48.04872131347656,48.508346475883776,47.695162020715685,48.0840734063888,3504240
2015-10-23,48.20782470703125,48.632097816914396,47.9072983204853,48.26085764690283,2367650
2015-10-26,47.99568557739258,48.38460177467975,47.81890592366704,48.260855057980876,1788557
2015-10-27,47.34159851074219,48.17245893835294,47.18249492499089,47.924970332739626,1680870
2015-10-28,46.33395767211914,47.359278659547954,46.12182113788616,47.07643314420718,4725765
2015-10-29,45.30863952636719,46.17485696858517,44.61919694573309,46.17485696858517,6657486
2015-10-30,45.520782470703125,46.61681757291944,45.34400277019908,45.432392620451104,3034065
2015-11-02,45.59148406982422,45.7505876758878,44.955074441024905,45.52077029036152,1507300
2015-11-03,46.54609298706055,46.72287262838143,46.033430109048126,46.121819929708565,2879807
2015-11-04,46.387001037597656,47.34161325857696,46.10415545865499,47.09411978041021,10212719
2015-11-05,46.29860305786133,46.84661806904619,46.10414735594542,46.599129429830946,9402139
2015-11-06,46.422359466552734,46.84662784897477,45.62685085462336,46.81127574703163,4219805
2015-11-09,45.98041534423828,46.2809418123234,44.77830947189783,45.60917507350141,5260832
2015-11-10,45.3616828918457,45.94505493508524,45.149546295543274,45.67988538857125,1531108
2015-11-13,46.03343963623047,46.45771278139096,45.07882745734721,45.2556071352548,1386876
2015-11-16,45.609169006347656,46.2102218625629,45.450070164730164,45.78594869400438,1462412
2015-11-17,46.2278938293457,46.599134017902806,45.679878764204204,45.69755481322599,1602664
2015-11-18,46.280921936035156,46.52841054811412,45.874324938593794,46.19253211840956,1327429
2015-11-19,46.6168098449707,46.91733624509876,46.121827724706804,46.56377690270234,2523368
2015-11-20,46.280921936035156,46.91732670475765,46.10414230078396,46.669833297224166,2168468
2015-11-23,46.45771408081055,46.599136868001075,46.1395068153121,46.1395068153121,2177227
2015-11-24,46.6168098449707,46.88197935176802,46.298607395905016,46.31628344484264,1241516
2015-11-26,47.306251525878906,47.53606413470637,46.45771008034765,46.493062177509266,4171542
2015-11-27,47.20018005371094,47.37695971836562,46.846620724401575,47.25321778947159,1605635
2015-11-30,48.15479278564453,48.402286237553454,47.12947167643899,47.21786150991284,2006989
2015-12-01,48.08407211303711,48.79119067953899,47.854259538014944,48.119429000453145,2520479
2015-12-02,47.87196350097656,48.27855591400297,47.589113060489964,48.08409533702025,1390936
2015-12-03,47.306251525878906,48.08407918617614,47.129471858249254,47.730519850916835,1173194
2015-12-04,46.2278938293457,47.27089581256334,46.121827944303966,47.27089581256334,1376556
2015-12-07,46.36931610107422,46.61680473635679,45.8566531925986,46.31627836916263,1525844
2015-12-08,46.03343963623047,46.386998992045655,45.73291322469643,46.31628520270035,1469647
2015-12-09,46.015750885009766,46.56376581707384,45.62683474187347,45.85664730062763,2198948
2015-12-10,46.2278938293457,46.31628366536565,45.69755481322599,45.96272432128585,1086874
2015-12-11,45.2556037902832,46.316281779331,45.043467233382586,46.316281779331,1514970
2015-12-14,45.30863952636719,45.75058866896465,44.81365265029393,45.00811315030988,1552518
2015-12-15,45.78593826293945,45.89200892864177,44.99042984971886,45.30863705137097,1842404
2015-12-16,47.14715576171875,47.41232530734144,45.85666493211287,45.962730832179474,2623492
2015-12-17,47.57141876220703,47.783555312352796,46.58144979334518,47.12946961417634,1092627
2015-12-18,47.87196350097656,48.26087506402799,47.041097824948764,47.37697642898927,28017527
2015-12-21,49.303863525390625,49.462967153198804,47.87195005693967,47.87195005693967,6238035
2015-12-22,48.96796417236328,49.71043953305017,48.77350850917451,49.33920425043377,9652753
2015-12-23,49.515995025634766,49.67509384169157,49.07404587749615,49.07404587749615,3720080
2015-12-24,49.5336799621582,49.79884949862585,49.268510425690565,49.498323064871315,2224191
2015-12-28,50.25848388671875,50.47062049319424,49.37458535595123,49.65743096761426,5761043
2015-12-29,49.83420181274414,50.41757378022999,49.63974608873406,50.27615099954488,8576492
2015-12-30,49.851871490478516,50.08168887460646,49.58670201228932,49.58670201228932,8189382
2015-12-31,49.90492630004883,50.205447975138405,49.35690631365127,49.85188854989738,7159928
2016-01-01,49.851871490478516,50.15239785818393,49.76348166441545,49.9932990485434,3229824
2016-01-04,49.83420181274414,51.03630264175102,49.46296641401376,49.675098187313644,6809859
2016-01-05,49.19780731201172,50.18777178173603,48.86192394078922,49.869569259000116,4259054
2016-01-06,49.321537017822266,49.48064063738156,48.79119801323182,49.00333457415908,5320149
2016-01-07,48.8265495300293,50.11704000668853,48.61441299245884,49.32153158739046,6787347
2016-01-08,50.081703186035156,50.20544514152017,49.109414821498746,49.49832633094824,10345830
2016-01-11,50.64738082885742,51.44288920229973,49.14474910578957,49.67508802141778,8283638
2016-01-12,50.47059631347656,51.88483328516452,50.223102925249506,50.735765745668054,6611338
2016-01-13,50.523643493652344,51.05398250764511,49.5336744569259,50.6120333293178,7462021
2016-01-14,50.505958557128906,51.08933526161872,49.993300429079355,49.993300429079355,10278564
2016-01-15,49.180118560791016,50.647393772028224,48.89727298502201,50.25847750875398,7430643
2016-01-18,48.84423828125,49.8695594508344,48.57906876521322,49.49831925110952,7411237
2016-01-19,48.06639862060547,49.427602892527105,47.65980638235743,48.950296875690306,7282040
2016-01-20,47.606773376464844,49.60438247094184,46.15717928115638,47.58909253411606,15997901
2016-01-21,46.740562438964844,48.56139232169535,46.66984864343011,47.65981780363596,10416175
2016-01-22,47.05875778198242,48.01336989946094,46.70519844890969,47.09411467438077,8099084
2016-01-25,47.02339553833008,47.53605843112673,46.404666775864015,47.37695483116782,8893503
2016-01-27,48.87958526611328,49.23314458383627,47.16482641152092,47.306249179519085,14527719
2016-01-28,50.80649185180664,51.08934221880988,49.67509997470519,49.851879655786306,22594616
2016-01-29,52.273765563964844,52.46822610277165,51.08934546190041,51.19541135909971,11216960
2016-02-01,51.884857177734375,52.46822923810309,51.672720575203115,52.29144953523643,12278379
2016-02-02,51.70808410644531,53.15767881495418,51.26613479259853,51.796473969214674,18267134
2016-02-03,50.92594909667969,51.97468272827264,50.28603917156656,51.1392475832204,12098041
2016-02-04,52.18798828125,52.43684295535785,50.78374586075526,51.49475370468565,8726120
2016-02-05,51.63697052001953,52.401303156460294,51.317013062216404,52.27687579196259,6170693
2016-02-08,50.64155960083008,51.92137504678551,50.35715831143194,51.56587102412189,3820374
2016-02-09,50.463809967041016,51.72585220005566,50.12607920086602,50.41048532549553,7297377
2016-02-10,50.96151351928711,51.38812028578419,50.126078080965684,50.126078080965684,8119293
2016-02-11,48.597408294677734,51.13926092624642,47.673096931789594,50.78375692681495,7247688
2016-02-12,49.183990478515625,50.05497723328873,48.45520918545942,49.059563110429224,16065640
2016-02-15,49.30841827392578,50.00165302939233,49.09511490133364,49.45061891504329,8464543
2016-02-16,49.5217170715332,49.96609704761694,48.98846110023272,49.45061434662727,6766384
2016-02-17,49.62836456298828,49.71724055502796,48.82848063463112,49.71724055502796,7804863
2016-02-18,49.71725082397461,50.392707538623505,49.41507142425922,49.80612683437136,8779283
2016-02-19,50.12606430053711,50.481568234273816,49.43283452284895,49.69946247315148,6323086
2016-02-22,49.646141052246094,50.30381951464932,49.18398301545644,50.12606753630661,2293985
2016-02-23,48.73961639404297,49.877231295170056,48.59741573686017,49.77057718590871,3873885
2016-02-24,49.66392135620117,50.12607463662344,48.9351400704972,49.05956261549664,11387961
2016-02-25,46.83766555786133,49.85944981039019,46.588815630164035,49.8061251703002,19051305
2016-02-26,47.513118743896484,48.31300267054243,46.92653334022453,47.45978929132183,12511003
2016-02-29,46.23331069946289,47.76197606868945,45.93113131573246,47.76197606868945,11485783
2016-03-01,47.54866409301758,47.7619674324837,46.30440023826809,46.57102820714298,14281573
2016-03-02,48.13526916503906,49.13067872713997,47.65533766044887,47.99306366602493,13550709
2016-03-03,48.2241325378418,48.66851255108095,47.65532515652933,48.526307089379024,7057560
2016-03-04,49.29064178466797,49.46839377992055,48.15302708631888,48.49075780603137,29228314
2016-03-08,48.952903747558594,49.66391162228865,48.38409648340839,49.59280890608335,20131612
2016-03-09,49.681697845458984,49.841676587721714,48.561861115115875,48.66851521723503,7284193
2016-03-10,49.646141052246094,50.090520998102875,49.095107026285085,49.80611493965593,3713460
2016-03-11,49.13066864013672,49.9127794368075,48.93514335188503,49.64615141364683,4685588
2016-03-14,49.27286148071289,49.4150621061668,48.952908867983794,49.2728614807129,4423191
2016-03-15,49.39728927612305,49.770566523993004,49.11288802268225,49.11288802268225,11655129
2016-03-16,49.32617950439453,49.77055941304979,48.88179959573928,49.55726091435975,6170234
2016-03-17,49.0595588684082,49.85944282315949,48.66850834799486,49.503938843270035,7509036
2016-03-18,48.65073013305664,49.45061408578819,48.526302776043245,49.23731073402684,9195901
2016-03-21,49.0595588684082,49.21953758809099,48.43742690360165,48.54408099066728,4674151
2016-03-22,49.13066864013672,49.53949731128335,48.88181388978728,49.059565905227736,6628643
2016-03-23,48.864036560058594,49.46839529111227,48.686284559375935,48.810711924220115,11545428
2016-03-28,49.450618743896484,49.770571390761475,48.52630734708403,49.02401682202042,8691695
2016-03-29,49.11288833618164,50.126070821676436,48.89958498382383,49.77056684169052,11478000
2016-03-30,49.681697845458984,49.89500122786529,49.18399316773227,49.37952327736805,5797932
2016-03-31,49.450618743896484,49.93055012510985,49.23731537204257,49.23731537204257,15715729
2016-04-01,49.16621017456055,49.77056401309069,49.0951074538718,49.699466114233,3935188
2016-04-04,49.27286148071289,49.80611744253848,49.16621221708028,49.3261861125292,5649881
2016-04-05,49.43284606933594,50.05497809869231,49.308418699098304,49.699474081917245,7744995
2016-04-06,49.66392135620117,50.232728731835145,49.53949398937004,49.71724599289117,10418272
2016-04-07,49.8416748046875,50.090529545564344,49.6283714299119,50.001653541227164,12408704
2016-04-08,50.09053421020508,50.17941022281876,49.85945271994366,49.85945271994366,4133630
2016-04-11,50.5704460144043,50.81929586003532,49.96608743447246,50.001638790085586,12360599
2016-04-12,50.89041519165039,51.636974616024425,50.48158170132347,50.48158170132347,8901453
2016-04-13,51.54808807373047,51.67251060083728,51.1570327578535,51.31700664491839,10239725
2016-04-18,51.885826110839844,52.17023223539342,50.74821607812195,51.548100166587155,7347390
2016-04-20,52.614620208740234,53.290077020807175,51.60143257972341,51.79695790206312,7716065
2016-04-21,51.95692443847656,53.16563710522197,51.58364233576949,52.73903036550866,6315086
2016-04-22,51.92136001586914,52.36573991555341,51.299228156311166,52.01023599580599,4320738
2016-04-25,51.121482849121094,51.939140042213594,50.67710289160753,51.939140042213594,3605005
2016-04-26,51.6014289855957,51.992484424870305,50.85486947822282,51.352574209193904,8964411
2016-04-27,51.317020416259766,51.903605958405734,51.068170473434236,51.654751193747906,3177289
2016-04-28,50.42826461791992,51.7080802769329,50.25051257699681,51.26370017462511,9408511
2016-04-29,50.979286193847656,51.139260097901634,49.94832075473052,50.57045756548992,4383214
2016-05-02,50.78376770019531,51.19260124373762,50.3393876066342,50.83709716888873,3383764
2016-05-03,51.61918258666992,52.18798984320439,50.83707682803687,50.83707682803687,4572397
2016-05-04,50.74820327758789,51.58363370179338,50.4815704935218,51.47698444563167,4435593
2016-05-05,50.92594909667969,51.29922626995627,50.51711574653922,50.83707312001095,2770226
2016-05-06,50.64155960083008,50.96151225686096,49.94832482790325,50.89041434542738,3714029
2016-05-09,51.01482391357422,51.24590048329357,50.35714073681128,50.659320014981304,5027038
2016-05-10,50.42826461791992,51.10372623089393,50.12608518398409,50.89042281741965,7758595
2016-05-11,50.28605270385742,50.552680705614904,49.59281797055531,50.0549760667006,4574270
2016-05-12,51.157039642333984,51.31701355092744,50.197176903446675,50.44603163481202,4877581
2016-05-13,51.45921325683594,51.61918714754456,50.623777977031686,50.94373058028003,6719824
2016-05-16,51.352569580078125,51.86805236108605,50.83709162090228,51.53032159810402,4500368
2016-05-17,51.51253128051758,51.903586555148216,50.69486937504798,51.903586555148216,4754541
2016-05-18,50.85485076904297,51.51253401743375,50.7304234266181,51.19258143822035,2573082
2016-05-19,51.33479690551758,51.761398860654204,50.943741496934905,50.943741496934905,6035130
2016-05-20,51.47700119018555,51.60142857740217,51.08594575400439,51.40589844839535,3055890
2016-05-23,52.66792297363281,52.93455093248789,51.54808651080766,51.761385020427035,10093334
2016-05-24,52.15245819091797,53.05899645468704,51.97470615745335,52.97012043795473,3545037
2016-05-25,53.21895980834961,53.32561390031818,52.2768751827007,52.614605907853864,7201959
2016-05-26,53.53892135620117,53.823322646200616,52.82790848753872,53.325617977785626,11348343
2016-05-27,53.62779998779297,54.1788293223335,52.89901381100951,53.823325281511956,7635493
2016-05-30,53.94775390625,54.374355871990204,53.09454515293732,53.71667723874502,6049447
2016-05-31,53.32562255859375,54.16105804975206,53.165643805581524,54.0366306665017,4297008
2016-06-01,52.93455505371094,53.538913736233845,52.756803067301995,53.538913736233845,5018958
2016-06-02,53.39670944213867,53.538914891800125,52.65015011874137,52.93455619623295,3951078
2016-06-03,53.467811584472656,53.62779030268326,53.05898297572823,53.53891430852877,3453446
2016-06-06,53.05899429321289,53.57447227616167,52.81013952776706,53.39672024993816,2395810
2016-06-07,53.29006576538086,53.663343055310335,53.05898911819444,53.1123137564941,3771426
2016-06-08,54.232154846191406,54.35658222686922,53.076766694728676,53.325621456084306,3804592
2016-06-09,54.321022033691406,54.90760265093463,54.161048131805856,54.285470670439686,4520638
2016-06-10,54.88983154296875,55.156459545115,54.338802267265834,54.35657553867626,8988984
2016-06-13,53.96552658081055,54.65876139746103,53.8055526536212,54.65876139746103,7199310
2016-06-14,53.52113342285156,54.17881670963071,53.4322574333363,53.94774010125723,2914984
2016-06-15,54.88983154296875,55.01425890833666,53.73444353366836,53.73444353366836,5287666
2016-06-16,54.9609489440918,55.565303017189876,53.98331267524237,54.889846195805944,5385026
2016-06-17,55.8318977355957,56.151850268071165,54.356557575637126,55.10311669929991,8985642
2016-06-20,55.6897087097168,55.99188803940252,55.19200413120382,55.814136059802806,5237563
2016-06-21,55.458641052246094,55.920794345069616,55.12091030776072,55.65416633263332,5276594
2016-06-22,55.316429138183594,55.70747961927392,54.96092519404269,55.4764030199485,4797461
2016-06-23,55.6897087097168,56.11631538948853,54.338795593491405,55.28088012100367,5027803
2016-06-24,55.387535095214844,55.511962458139934,53.53891720972612,54.55209974052527,6010853
2016-06-27,54.74763488769531,55.81414697384205,54.39213085897973,54.409904131682715,5121198
2016-06-28,55.263092041015625,55.45862207633144,54.623186958853374,54.943139499934496,5842035
2016-06-29,56.614013671875,57.005068947870754,55.29864724038852,55.38752322030435,9838712
2016-06-30,57.98271560668945,58.24934359646641,56.63179756538736,56.88065228457842,18696297
2016-07-01,58.71150207519531,59.15588209770566,57.9471694008439,58.30267341885217,9960809
2016-07-04,58.80037307739258,59.475829689779026,58.53374508656913,59.26253115458541,5753019
2016-07-05,57.32503890991211,58.94258030658766,57.1650601687763,58.76482829280652,5510329
2016-07-07,58.071598052978516,58.35599934492828,56.951756514075456,57.23616262785716,5911690
2016-07-08,58.46265411376953,58.80038004908969,57.44946666414505,58.12492335661737,7803900
2016-07-11,59.226985931396484,60.844527314680406,58.99590927976049,59.04923391908696,11133401
2016-07-12,59.226985931396484,60.080194626115826,59.03145582475685,59.36918657687772,9182267
2016-07-13,57.538330078125,59.88465712638711,57.12949667573898,59.31584983865221,11106820
2016-07-14,58.67594909667969,58.871479194310396,57.55611243509183,57.78718907608112,7428442
2016-07-15,58.39154052734375,59.155873085248324,57.982711933286055,59.03144573353569,6629943
2016-07-18,58.018245697021484,58.9425567638632,57.804947223144964,58.51595499428013,3891623
2016-07-19,59.1558723449707,59.369175684975765,57.94715984738337,58.05380910647038,5987973
2016-07-20,59.84911346435547,60.435694096406834,59.33363073877094,59.36918210292015,7071425
2016-07-21,57.7694091796875,59.84910835376472,57.520554473724665,59.831330262292425,4189305
2016-07-22,59.13810729980469,59.74246122172762,57.89384326887712,58.12491991025447,7206087
2016-07-25,60.06241989135742,60.2934965373677,59.067005753558945,59.20920639557821,3967394
2016-07-26,60.933380126953125,61.502187314197364,59.44026668499587,60.16904772932654,8278821
2016-07-27,61.30667495727539,61.751054912067,60.986722354191656,61.50220020865125,8851677
2016-07-28,62.63981246948242,63.58189697389848,61.20001857692421,61.46664653978711,31420184
2016-07-29,62.568721771240234,63.1019777994142,62.10656847555555,62.95977715626751,12377513
2016-08-01,62.99531555175781,63.95517331173682,62.44428154300367,62.56870888832434,11965659
2016-08-02,63.59968566894531,64.06184380977045,62.58650302178117,63.10198098191462,6487056
2016-08-03,62.533172607421875,63.670787436326,61.7510666316533,63.63523606882924,10713465
2016-08-04,63.350826263427734,63.75965488014777,62.69314292948782,62.85312165081936,9047354
2016-08-05,62.7464714050293,64.41734215878073,62.58649749573289,63.63523141833715,8816394
2016-08-08,63.45747375488281,63.99072971529785,62.390961834052746,62.92421779446778,9540514
2016-08-09,62.6042594909668,63.86629655381275,62.39095616182685,63.457467985695814,6314021
2016-08-10,61.999916076660156,62.74647550093833,61.715514782569414,62.60427485389296,3789657
2016-08-11,61.875484466552734,62.764244407775955,61.306677139803625,61.89325773664469,5017074
2016-08-12,63.29750442504883,63.63523033123734,61.92881306357017,61.92881306357017,4369997
2016-08-16,63.10196304321289,65.09278604721416,62.65758312365148,63.56412105265519,22372774
2016-08-17,62.08879089355469,63.56413644113509,61.94659024923529,63.261957058311445,11599079
2016-08-18,64.70172882080078,65.12833545956802,62.65758125188305,62.92420919565493,20664320
2016-08-19,64.32847595214844,65.05725734529297,63.7418952184184,65.05725734529297,16563739
2016-08-22,64.68395233154297,64.98613161713313,64.2573457140239,64.50620037788175,11335483
2016-08-23,64.75505828857422,65.19943822809829,63.99072575695901,64.5062084155393,7423678
2016-08-24,64.80839538574219,65.05724528813974,64.38178866472995,64.80839538574219,5319170
2016-08-25,64.7906265258789,65.76826264750332,64.16849444848154,64.87950253693566,12995397
2016-08-26,64.27513885498047,65.19944537301643,64.06183549626775,64.9328173800834,7097916
2016-08-29,64.07959747314453,64.4706527582231,63.13751302852159,64.41732813340117,2956326
2016-08-30,65.16390228271484,65.34165428741785,63.88408688448689,64.31068880267506,5212793
2016-08-31,65.30609893798828,65.59050019942995,64.64841559634405,65.09279558099131,6435761
2016-09-01,65.51939392089844,65.76824378739634,64.7906079461248,65.2349878739755,6116318
2016-09-02,65.3416519165039,65.76825381921289,64.80839592174404,65.60827991388385,3858397
2016-09-06,66.33706665039062,66.72812204317385,65.34165730678966,65.67938323823229,9001076
2016-09-07,65.67938995361328,66.47927409352268,65.37721053639213,66.15932140192541,5024999
2016-09-08,66.81204223632812,67.26008424117236,65.1094777563531,65.91595336507274,5980354
2016-09-09,65.88009643554688,66.9016329081954,65.73671914273855,66.66864723816467,5051740
2016-09-12,64.60765075683594,65.7367152710263,64.42843401294651,65.44997042542933,4144478
2016-09-14,64.21339416503906,64.89442190609299,63.98041329331548,64.5001439669478,6680869
2016-09-15,62.654197692871094,64.6614215442987,62.38537254902999,64.6614215442987,8920122
2016-09-16,63.10224533081055,64.69727174553688,62.06278412429199,63.191853720229986,21690721
2016-09-19,63.58612823486328,63.87287800466659,62.45706347402659,62.97679408946821,4266806
2016-09-20,63.83705139160156,64.30301321219042,63.442773387182214,63.675754297476644,4769662
2016-09-21,62.83342361450195,64.55390284124864,62.56459843147487,63.837035686509765,4957941
2016-09-22,63.998321533203125,64.62558018375054,63.15600180158346,63.47859099240899,4676363
2016-09-23,63.06639862060547,64.30299143094582,62.97679023457068,63.89079382749904,7599534
2016-09-26,62.9767951965332,63.9087234570351,62.672125687696706,62.9767951965332,6333433
2016-09-27,63.156005859375,63.85494834080997,63.030553148892004,63.317298034367994,6069513
2016-09-28,63.962493896484375,64.19547476944223,63.156018278237795,63.156018278237795,4515648
2016-09-29,62.15239334106445,65.27076727899839,61.543059201840734,64.07001387248054,13380901
2016-09-30,63.281455993652344,63.69365357283064,61.48928837847207,62.40329191758769,11831869
2016-10-03,64.94817352294922,65.55750761974672,62.94094474067852,63.49651477916536,9403402
2016-10-04,64.87648010253906,65.48581901611742,64.67934361603375,65.05569685811321,7967290
2016-10-05,65.0198745727539,65.73674183802805,64.66144094011683,64.93026616459464,5347763
2016-10-06,63.76531982421875,65.32450619294252,63.62194742674673,64.98399735664204,5654229
2016-10-07,63.424827575683594,64.37467542661348,63.19184676116354,63.765336501038824,3980080
2016-10-10,63.81911087036133,64.15961982480769,63.514441381544785,63.514441381544785,4458994
2016-10-13,62.72587203979492,63.74740840494814,62.25991047189736,63.63988030822258,14897308
2016-10-14,63.69366455078125,63.980409474005825,61.84773256130227,63.0126417119479,4958871
2016-10-17,63.10224533081055,63.67573513384197,62.65420338371333,63.191853720229986,4534814
2016-10-18,63.22768783569336,63.729498663226266,62.725881869726294,63.35314054257658,7289895
2016-10-19,63.998321533203125,64.78687234838047,63.120157477810466,63.42482693753235,9020687
2016-10-20,64.03414916992188,64.60764365968272,63.747404355823846,64.28505452843123,4037879
2016-10-21,63.424827575683594,64.28506704706224,63.12015811289626,64.28506704706224,10350237
2016-10-24,63.120155334472656,63.926630714934284,62.779641562540434,63.29937208568636,2945373
2016-10-25,63.92665100097656,64.14171214299212,62.94095855650841,63.28147243649696,3002870
2016-10-26,62.905094146728516,63.90871086864611,62.65419361242325,63.80117790117342,3927291
2016-10-27,62.905094146728516,63.38898034644186,62.25991578815439,62.761721718330435,7017500
2016-10-28,63.0484733581543,63.442751224841274,61.66850811709892,63.01263389337314,4282450
2016-11-01,63.406917572021484,64.35677050306711,62.421225170161705,62.81550310321899,5277438
2016-11-02,62.76173782348633,63.26354388242976,62.52875695985903,63.066407350491296,4859666
2016-11-03,62.707977294921875,62.97680250540599,62.474996418149054,62.779661100777425,4078615
2016-11-04,62.20615768432617,63.030552872630835,61.38175763445554,62.72588339466921,4179894
2016-11-07,62.36744689941406,62.58250798315728,62.206154732780966,62.474979872068545,7660803
2016-11-08,63.442752838134766,63.65781394012066,62.33160786251276,62.45706057713505,3265787
2016-11-09,64.58973693847656,64.9840147834316,59.840492790744726,60.933713083898205,13247214
2016-11-10,67.54681396484375,68.10238398108268,64.93024632899052,66.31021636538833,18046820
2016-11-11,65.62918853759766,67.56472843964382,65.05569397288183,66.66864470151454,8770575
2016-11-15,66.29230499267578,66.88371940811338,65.43206540098777,65.43206540098777,11489252
2016-11-16,67.56474304199219,68.28161018742766,65.71881111480916,66.8658004921325,10203154
2016-11-17,69.141845703125,70.39636304528214,66.02347207942236,67.36759780316214,9392264
2016-11-18,68.80134582519531,70.00209935359703,68.60420929046425,69.44652922003363,12168642
2016-11-21,66.32814025878906,69.4106694975789,66.05931511927075,69.4106694975789,12187225
2016-11-22,65.86217498779297,66.91955583412886,64.78687440978325,66.6328109579526,11976002
2016-11-23,65.1094741821289,67.22423621815611,64.37468727914766,66.02348273877624,13625626
2016-11-24,66.32814025878906,66.99124324191406,64.62558104183974,65.21699537646688,18404432
2016-11-25,67.6185302734375,68.17410051693227,66.31024348957368,66.70452149861889,14716858
2016-11-28,68.28160858154297,69.82287582492073,67.00917137294748,67.02709110653534,10318399
2016-11-29,67.90526580810547,68.65797738208387,67.56475192463017,68.33538809654088,12406804
2016-11-30,68.7834243774414,69.07016930474173,67.24215702389378,68.38914645622845,7446808
2016-12-01,66.05931854248047,68.99847549814817,65.77256879519537,68.99847549814817,11056167
2016-12-02,65.88009643554688,66.63280777652818,65.41412995705102,66.31021372927505,9676372
2016-12-05,66.3460693359375,66.68658317191998,64.82272666408211,65.84426331046313,12282830
2016-12-06,65.55752563476562,66.88373203255163,65.41415315268351,66.4536145863053,4550359
2016-12-07,65.39620971679688,66.48942996576777,65.23491269442681,66.20268510551607,4265108
2016-12-08,66.543212890625,66.65074102046646,65.0736342339144,65.93387385734583,5413273
2016-12-09,66.11306762695312,66.66863754029046,65.86216226260181,66.66863754029046,3451184
2016-12-12,66.22062683105469,66.47153231328615,65.73674046478955,66.04141001847998,3689403
2016-12-13,66.39983367919922,66.86580023890751,65.39622162401689,66.4894420720393,4417447
2016-12-14,65.21699523925781,66.4535928230667,65.03777847995599,66.31021552637264,7312670
2016-12-15,65.71880340576172,66.57904290706186,64.69726687103272,64.87648363636883,5253972
2016-12-16,65.88009643554688,66.75825561538706,65.12738509456557,65.79048805832447,26025533
2016-12-19,65.9876480102539,66.31023731066132,65.53960596480823,66.0055677474448,3627943
2016-12-20,65.21699523925781,66.11307903576693,65.14530659091078,65.951782007769,5757036
2016-12-21,65.68296813964844,65.84426519532406,65.14531776948515,65.25285076045775,5279390
2016-12-22,65.14531707763672,65.75465610197718,64.91233622535354,65.59335904801455,2653684
2016-12-23,65.34245300292969,65.48582544916016,64.15961938300448,65.09154757585176,4805945
2016-12-26,64.08792877197266,65.36036578153934,63.89078742551045,65.36036578153934,5932940
2016-12-27,64.89441680908203,65.12739766250658,63.281465707820004,64.05209692833189,4555998
2016-12-28,64.51805114746094,65.59335175684032,64.19546193696031,64.89440927768331,3739977
2016-12-29,64.53598022460938,65.03778623820091,64.15962206824099,64.23131072513962,14737238
2016-12-30,65.77257537841797,66.34607006882364,64.60766626354285,64.6614303273007,4872601
2017-01-02,65.82633209228516,66.38190698659388,65.44997882643565,65.77256803453037,1811713
2017-01-03,67.40342712402344,67.56471925802889,66.13098547185733,66.27436273972629,7819727
2017-01-04,66.9374771118164,67.69018850612129,66.68657655475874,67.40344362332226,7829503
2017-01-05,68.40706634521484,68.55043880918802,66.70450678931253,67.04502064511968,6362320
2017-01-06,67.6722640991211,69.12391786805318,67.4751227519454,68.51458381880758,6298387
2017-01-09,66.86580657958984,67.81565466145263,66.3460759072063,67.81565466145263,2956484
2017-01-10,66.86580657958984,67.49306538895146,66.3281561715656,66.88372631523055,4626997
2017-01-11,68.03069305419922,68.60418760335159,66.63280343296643,67.13460934038778,21835704
2017-01-12,70.96986389160156,71.59712261775984,68.10239056759745,68.10239056759745,26857806
2017-01-13,70.66519165039062,71.65088389606757,70.27091377980663,71.65088389606757,23933005
2017-01-16,71.47166442871094,72.06307878149984,70.52181654555714,70.61142492814837,8473484
2017-01-17,70.88024139404297,71.91969753246856,69.93038876566749,71.47165567439156,10193606
2017-01-18,71.13115692138672,71.56127914049284,70.62935090680715,70.96986473539667,21229809
2017-01-19,72.33189392089844,73.01291656204724,70.70102352802378,71.29243779898025,8756982
2017-01-20,71.47166442871094,72.61864880893907,70.77271709987303,72.61864880893907,12987134
2017-01-23,71.75840759277344,72.47527463636435,71.34621001502182,71.63295488783187,7334154
2017-01-24,72.8874740600586,73.37136029905048,71.90178185015753,72.04515915175949,7122776
2017-01-25,72.79785919189453,73.13837296051452,72.3677419101048,72.99500053325127,10336365
2017-01-27,73.31758880615234,74.17782822069255,72.60072181710794,72.9412355815302,11095330
2017-01-30,73.72980499267578,73.99863018153097,72.58282043716697,73.22799894579276,5832917
2017-01-31,74.2674560546875,75.00224782793538,73.28176368646963,73.65812187127464,7593736
2017-02-01,73.76564025878906,74.76925709079197,73.38928698526675,74.76925709079197,7325455
2017-02-02,73.1025390625,73.837330757047,72.85163849440306,73.80148642972853,7773806
2017-02-03,72.29605865478516,73.76563708230105,72.08099756707647,72.83370894327396,4479429
2017-02-06,72.08100128173828,73.19214624085734,71.59711988641442,72.4932037467417,6337200
2017-02-07,71.65089416503906,72.9770955505353,71.39998870373522,72.2781529567319,6562928
2017-02-08,72.08100128173828,72.65449592466096,71.07738930279817,72.04516181657806,9024346
2017-02-09,72.45735168457031,73.69394436286541,71.97346547933937,72.54696006103657,12790725
2017-02-10,71.65089416503906,73.76565140471872,71.41791330043793,73.55059027525354,16817238
2017-02-13,72.77996826171875,73.10255756610593,71.50753078158199,72.29608187435429,9508762
2017-02-14,71.99139404296875,73.10253901979513,71.72256888058654,73.08461928692945,9403263
2017-02-15,72.20645141601562,72.61864900473344,71.59711732969195,72.18853168407543,7302351
2017-02-16,72.45858764648438,72.92687373493376,71.72013049369235,72.04433381657643,6272531
2017-02-17,72.96292114257812,73.21507828074957,71.88225606896229,72.76480116674297,4966775
2017-02-20,74.36779022216797,74.71000280827045,72.69276021222477,73.44922679646936,9917513
2017-02-21,74.25971984863281,74.85408465908066,73.6833641683303,74.36778440114357,7428835
2017-02-22,72.6207046508789,75.25032578583605,72.36855241217503,75.16027036790915,26345564
2017-02-23,71.7381820678711,72.764815061003,71.52204803471379,72.764815061003,13404307
2017-02-27,69.43275451660156,72.0443619280495,69.12656508430236,72.0443619280495,14798634
2017-02-28,69.21661376953125,70.18920936548824,69.00047978626775,69.12655835032305,10051421
2017-03-01,69.39672088623047,70.13517332980709,69.10854062872772,69.70291027228136,10348326
2017-03-02,68.3520736694336,69.88302058845882,68.08190742827954,69.88302058845882,10629352
2017-03-03,68.7483139038086,68.89240157902987,67.72168127840182,68.08190290936429,8454072
2017-03-06,69.82898712158203,70.67550903242838,68.83837751833651,69.10854377376711,14858083
2017-03-07,70.08114624023438,70.58545562087981,69.72092455608488,70.08114624023438,11746802
2017-03-08,70.45938110351562,71.17982451321801,69.93706256297314,70.35131654638809,7938282
2017-03-09,70.04510498046875,70.53140510547358,69.34267580952222,70.53140510547358,9777769
2017-03-10,69.3606948852539,70.4953920825039,68.46014077857633,70.24323986412541,16388459
2017-03-14,69.7569351196289,71.5760523421426,69.3786994880026,71.48599693734849,11886293
2017-03-15,69.50477600097656,69.90102074765622,69.34267920857461,69.88301162155098,7772586
2017-03-16,70.27926635742188,70.40534492429859,69.43274930657664,69.93705868826424,5161993
2017-03-17,69.8830337524414,70.96369892062432,69.55883029333069,70.89165262175088,9522200
2017-03-20,69.7389144897461,70.04510381415585,69.43273005115427,69.88300703239864,9378518
2017-03-21,69.61285400390625,70.08114019860236,69.4867754481592,69.88302024372759,8126819
2017-03-22,69.1986083984375,70.45938442484744,68.96446525641103,69.00048840575813,8203222
2017-03-23,69.54081726074219,69.70291898120472,69.01849383775807,69.52280812994393,5875356
2017-03-24,69.79297637939453,70.29728580001415,69.61286552304327,69.82899464200905,6164329
2017-03-27,70.18920135498047,70.63947839963252,69.75693832360568,69.88301687327198,7104197
2017-03-28,70.85562133789062,70.96369077379413,70.1171688454033,70.1171688454033,6020578
2017-03-29,70.90965270996094,71.12578669319643,70.5134127741516,71.07175441884235,6451066
2017-03-30,70.40534973144531,71.23386259476219,69.97308661155009,71.0717608711642,13016042
2017-03-31,71.07174682617188,72.00832406292398,70.4773821001353,70.4773821001353,8522874
2017-04-03,70.6755142211914,71.8282256166512,70.60347281261235,71.8282256166512,9945512
2017-04-05,70.24324035644531,71.28788215034922,69.95506010879747,70.90964649140244,7061975
2017-04-06,71.03572845458984,71.3058947014565,69.55881866122168,70.74755307892634,7466431
2017-04-07,70.24324035644531,70.69351741294,70.06312953384744,70.62147112957334,9205565
2017-04-10,70.35131072998047,70.47738929341855,70.00909818433698,70.26125531121315,5763232
2017-04-11,71.7381820678711,72.62072244835127,70.0631518610876,70.36933644842176,10668096
2017-04-12,71.17981719970703,72.58468561293634,70.60346643981907,72.04435311117709,6620702
2017-04-13,72.04435729980469,72.42258811869871,70.89164594137252,71.25186763015515,5910355
2017-04-17,72.87287139892578,73.17906083747619,71.68414167963572,72.02634938145812,11138596
2017-04-18,72.89087677001953,73.5933110407003,72.63872451102554,72.9449139337792,7675098
2017-04-19,76.07882690429688,76.90733960696602,72.74677673760299,73.07097523611758,29099215
2017-04-20,75.25032043457031,76.51109619588964,74.00755380122804,76.3670085146169,11822555
2017-04-21,74.06158447265625,75.80866039565888,73.41318747801257,75.43042962975318,7938078
2017-04-24,73.79142761230469,74.54789412597395,73.52126134926704,74.38579729964293,7520828
2017-04-25,75.14227294921875,75.61055924109122,73.77342745191021,74.20569547965393,6293621
2017-04-26,74.09761810302734,75.10624176458933,73.57529958501823,75.10624176458933,5977354
2017-04-27,74.83607482910156,75.70060589856095,73.89949746809586,74.20568687843878,13646716
2017-04-28,74.92613220214844,75.17828445748951,74.18767479493232,74.56591050667309,5477289
2017-05-02,74.20569610595703,75.23232901614834,73.66536350962686,75.23232901614834,5123042
2017-05-03,76.02481079101562,77.01542051054027,74.3137576391094,74.52989164598782,10859280
2017-05-04,75.88072204589844,76.63718861673694,75.28635719946094,76.00680062200813,12952295
2017-05-05,75.28636169433594,76.36702689267646,74.76403822747672,76.36702689267646,4993008
2017-05-08,75.64656829833984,75.82667912870903,74.45783388641173,75.32236978083907,6855459
2017-05-09,75.05220031738281,76.18689752289424,74.83606635304284,75.66457418289086,4729357
2017-05-10,75.8266830444336,75.98877986864525,75.28635052542298,75.53850276946974,4623710
2017-05-11,74.9981689453125,76.18690339794058,74.2777255991691,76.00679256140474,4946190
2017-05-12,74.29573059082031,75.50247402621083,74.06158262310655,74.92611844213283,5386419
2017-05-15,74.45785522460938,75.28636821323505,74.33178151587579,75.25034505967388,5353854
2017-05-16,74.70999145507812,74.90811141535482,74.29573751988748,74.47584835134593,4077710
2017-05-17,75.21427917480469,75.5384776010285,74.25969301977217,74.78201623511214,3694898
2017-05-18,75.01618194580078,75.43043588706628,74.6019280045353,74.92612652875094,5797418
2017-05-19,74.11563110351562,76.27696120976803,73.5212614156408,75.53850382530689,17793954
2017-05-22,72.94490051269531,74.81805008017199,71.7561661876284,74.56589786757134,7423973
2017-05-23,72.54866790771484,73.30513444405133,71.0897671121046,73.10700958039543,6465473
2017-05-24,72.00835418701172,73.44924134300757,71.5040446595773,72.90890865950914,6650433
2017-05-25,71.66612243652344,72.38656582254744,70.4773928039116,72.29651039929443,9992276
2017-05-26,72.83683776855469,73.44921655753369,71.43197424269475,72.04435303167375,6466364
2017-05-29,75.32237243652344,75.91673722053388,73.16103751007064,73.17905152523407,14504778
2017-05-30,73.52127075195312,75.25033798801724,72.78281815953672,75.25033798801724,10884114
2017-05-31,74.90811920166016,75.39441947431014,73.82745410057998,73.82745410057998,7781359
2017-06-01,74.80006408691406,75.5385167115296,74.33177777166813,74.76404093516743,6369921
2017-06-02,74.24169921875,75.05220283365331,73.9535238471809,74.9621474193106,6713770
2017-06-05,73.95352935791016,74.6919867420387,73.55728452811184,74.47585275434695,5093948
2017-06-06,73.287109375,74.07959893846522,72.872855465569,74.04357579724977,5324457
2017-06-07,73.86347198486328,74.09761509625027,72.8368392348228,73.44921803612951,7605903
2017-06-08,74.6919937133789,74.81806740596511,73.34115738568065,73.84547169930443,7487370
2017-06-09,74.6379623413086,75.10625354233916,74.38581005074148,74.71000864479642,6432439
2017-06-12,74.2777328491211,74.89011170744247,73.84546973073506,74.34977914509523,3684911
2017-06-13,75.73662567138672,76.78126753736925,74.20568357367223,74.36778039370348,15775215
2017-06-14,75.8266830444336,76.72723724278462,75.46646136509318,76.0067938841038,13639132
2017-06-15,75.77265930175781,76.45707959240701,75.41243758185615,75.64658072262827,5595511
2017-06-16,75.62857055664062,76.18691718241472,74.78205338041737,75.64658457504497,6127735
2017-06-19,76.51110076904297,76.7092207319075,75.62855572904125,75.64656974391379,6393073
2017-06-20,75.03419494628906,77.44768220207706,74.06159443764153,76.457072563418,12876594
2017-06-21,74.09761810302734,74.92613091993391,73.75541042967365,74.92613091993391,13855413
2017-06-22,72.87287139892578,75.17828942514214,72.04436339891389,74.15165654803539,33713902
2017-06-23,74.20569610595703,74.56591783684381,72.90889689760063,73.12503091329668,9034020
2017-06-27,74.11563110351562,74.4578387721807,72.58468894492017,74.20568652460948,6947747
2017-06-28,74.78204345703125,75.26833883047786,73.2691104028303,74.20568777515378,7103873
2017-06-29,74.92613220214844,75.82668644083678,74.52988735996168,74.92613220214844,7577681
2017-06-30,75.84468841552734,76.02479924627201,74.85407884643168,74.89010198974441,7751039
2017-07-03,76.16889953613281,76.60116755576797,75.46647011150043,75.64658097204511,8768284
2017-07-04,75.89872741699219,76.72724024336743,75.55651973972756,76.72724024336743,4530105
2017-07-05,75.6645736694336,76.1688829922588,75.466453720194,76.1688829922588,6062229
2017-07-06,75.59253692626953,76.00679086388631,75.28634753383314,76.00679086388631,5577232
2017-07-07,75.44844818115234,75.79066073462495,74.99817107701432,75.53850360197994,7641379
2017-07-10,76.13288116455078,76.36702430576236,75.64658086460686,75.64658086460686,2844699
2017-07-11,76.34900665283203,76.85332094628343,75.97077581856301,76.5471315212078,13833624
2017-07-12,77.08746337890625,77.44768507907273,76.34900596207325,76.34900596207325,9211263
2017-07-13,77.48369598388672,78.16811612890126,77.24955289293683,78.15010700106617,9596900
2017-07-14,77.51972961425781,77.89796043652153,77.26757247553574,77.89796043652153,4889330
2017-07-17,78.06007385253906,78.33024016202775,77.53775036653289,77.53775036653289,6302565
2017-07-18,77.59175872802734,79.24877922582624,77.35761564249262,78.15010519364559,7549621
2017-07-19,78.76249694824219,79.06868638470094,77.82591950735298,78.31221980222043,8521832
2017-07-20,78.78050994873047,79.2487962202209,78.40227421946236,78.88857450805297,10233967
2017-07-21,77.55574798583984,79.05067191840197,76.90735089365388,79.05067191840197,4948380
2017-07-24,78.07806396484375,78.25817479395926,76.81728816103528,76.81728816103528,6137724
2017-07-25,78.16812896728516,78.74448466831272,77.91597182126701,78.34823981849256,6113154
2017-07-26,78.27619171142578,78.51033972123001,77.64580374679471,78.47431657465863,5258903
2017-07-27,78.04205322265625,78.92459837988524,77.71785465589733,78.4202889553914,21380991
2017-07-28,77.32158660888672,78.09606208777699,76.38500945230905,77.84390989404108,8260545
2017-07-31,80.43751525878906,80.76171866544183,77.32159883853181,77.32159883853181,17403810
2017-08-01,80.83377838134766,81.26604643094433,79.48294683363324,80.61764435654932,15263765
2017-08-02,79.89718627929688,81.41011929088091,79.50094633962321,80.92381904531325,12014487
2017-08-03,80.31145477294922,80.88780562204418,78.97863244132249,79.60902045761246,5285543
2017-08-04,80.90582275390625,81.10394275518112,79.82515754152698,80.8337764520863,7975937
2017-08-07,81.3921127319336,81.50017728510882,80.32945678715986,81.04990017051307,4619568
2017-08-08,80.2934341430664,81.62625636493445,79.77111561835984,81.59023321837758,3229672
2017-08-09,79.93321228027344,81.12194679922217,79.53696744062387,80.18536941981937,4573769
2017-08-10,78.31221008300781,79.89718446313167,77.57375760950826,79.89718446313167,6813656
2017-08-11,78.8525390625,79.42889468924908,76.3670106133272,76.5471214413226,8860877
2017-08-14,80.23939514160156,80.67166309241847,78.88856390257251,78.97861931850778,4990789
2017-08-16,79.5009536743164,80.92382651127953,79.12271794361506,80.58161881491509,5221989
2017-08-17,79.05068969726562,79.8251655331763,78.79853250147121,79.42892060513674,2837686
2017-08-18,80.31145477294922,80.61763932934849,78.78051244767357,78.88857701042393,7721084
2017-08-21,79.35684967041016,81.0318843061593,79.08668342410468,80.6896717731781,5203218
2017-08-22,79.06867980957031,80.09531259429197,78.54635640929213,79.95122489671088,6646897
2017-08-23,79.15874481201172,79.53697567466746,78.40227820088033,79.1047125296066,5312780
2017-08-24,79.59101104736328,80.04128820028112,78.90658586627232,79.06868759565067,5492256
2017-08-28,78.20415496826172,79.57299553305734,78.04205324193238,79.57299553305734,9753985
2017-08-29,77.55574798583984,78.7264684864896,77.01541544707841,78.27619137085507,12235532
2017-08-30,77.663818359375,78.33022947569486,77.17751809147568,78.11409548042633,9313551
2017-08-31,78.97862243652344,79.2487886949952,77.46568943475386,77.89795740263637,8143692
2017-09-01,77.9880142211914,78.78050388125313,77.73585708776652,78.78050388125313,8803556
2017-09-04,78.38426208496094,78.97862691010153,76.65519500131074,78.02404038659458,6239751
2017-09-05,77.87995910644531,78.38426854858001,77.77188965653224,78.34824539860898,3937595
2017-09-06,77.19551086425781,77.82589870015046,76.72722471192206,77.44766795294224,4800221
2017-09-07,77.7718734741211,77.8619288874004,76.92535161213183,77.62778579003798,5008597
2017-09-08,76.76325988769531,78.04204488669356,76.51110275947238,77.87994806353812,8588797
2017-09-11,78.90421295166016,79.05060192568646,77.09263512700865,77.22072734072636,6205180
2017-09-12,78.79442596435547,79.16040092066984,78.42845100804111,78.9042214295616,4307268
2017-09-13,78.22716522216797,79.08720734528652,77.95268401035479,78.79442440770737,3679773
2017-09-14,78.30036926269531,79.0506159904728,77.82459880764449,78.06248155324322,6793237
2017-09-15,77.76969146728516,78.11736963179693,76.15940278903334,77.84288347402006,9054445
2017-09-18,78.81272888183594,79.54467880552903,77.76969924780268,77.76969924780268,10470233
2017-09-19,78.99569702148438,79.19698121567639,77.87947068283697,79.19698121567639,5530915
2017-09-20,77.91608428955078,79.12380458072677,77.76969530500448,79.01400911942739,5687495
2017-09-21,77.42200469970703,77.91607178664091,76.98283781653961,77.91607178664091,5113744
2017-09-22,76.6900634765625,77.34882132050065,76.15940281311933,76.87305093923655,5195124
2017-09-25,76.9096450805664,78.26375421341322,75.99470781887324,76.48877493295802,13057600
2017-09-26,77.12924194335938,78.13567307380708,76.90965597667291,78.13567307380708,6570371
2017-09-27,76.17770385742188,77.97098009969538,75.68363668764935,77.58670839201281,7885119
2017-09-28,76.4887924194336,77.18414390451763,75.02489246605522,75.39086745439981,11633088
2017-09-29,77.22073364257812,77.82459131212426,75.42745243188863,77.22073364257812,13782560
2017-10-03,75.44574737548828,77.67819534341461,75.20786467418479,77.64159685924812,12296210
2017-10-04,76.50708770751953,77.09264867034635,75.04318778237918,75.04318778237918,12075908
2017-10-05,75.006591796875,76.63518250353371,74.71381378760881,76.48879349890062,17352392
2017-10-06,74.9333724975586,75.33594087278425,74.49420067968295,75.02486621262837,13466622
2017-10-09,73.54267883300781,74.96998006282024,73.06691341102123,74.96998006282024,21446056
2017-10-10,74.9333724975586,75.3908410729075,73.56096677151186,73.57926352898512,14560236
2017-10-11,74.238037109375,75.4274557388125,73.7073763914763,75.17127624309168,11830976
2017-10-12,74.0367431640625,74.7320945096952,73.74396521764425,74.31122435027429,5518551
2017-10-13,75.26277160644531,75.79343729963801,73.26820603007627,74.07335295136454,11394674
2017-10-16,75.29935455322266,76.34238399745735,75.07976862330185,75.64702772539943,11521216
2017-10-17,74.98828887939453,75.72023880635162,74.64061067854867,75.11638110938264,4936452
2017-10-18,78.1539535522461,78.41013795397826,75.39084519172293,75.46403718946641,18484486
2017-10-19,77.09263610839844,77.95267816704852,76.69006270181195,77.8977829215714,559370
2017-10-23,78.1539535522461,78.39184119550539,77.2207195930898,77.93436763131167,14162373
2017-10-24,78.70294189453125,79.01402163838759,77.36713413264026,78.06248564229618,7050716
2017-10-25,79.08720397949219,80.14853029389795,78.24545865410968,79.05060549337074,16306452
2017-10-26,77.58670806884766,78.9591141103589,77.1292393883439,78.46504694264428,23524154
2017-10-27,77.4952163696289,78.1539693013278,77.00114918892824,77.71480233481287,9985329
2017-10-30,77.73308563232422,78.5016338954164,77.5318014280189,77.56839494600013,4118717
2017-10-31,77.53180694580078,80.11192812281925,77.11093182054242,77.84288165389262,16442260
2017-11-01,76.98284912109375,78.0990706973895,76.36068974043046,77.89778646686166,12417385
2017-11-02,78.75782775878906,79.16039621572556,77.51350901019458,77.58670598264816,16259892
2017-11-03,76.873046875,80.69748662823257,76.70836114561178,80.69748662823257,26293141
2017-11-06,77.1109390258789,78.0624748909173,76.671772063144,77.1292407517343,7985183
2017-11-07,75.9947280883789,77.6599123632617,75.57385782851495,77.44033133296999,9702210
2017-11-08,76.17770385742188,76.83645677454997,75.81172891149451,76.12280860830336,12777065
2017-11-09,76.12281036376953,76.78156329608912,75.02488550066822,76.78156329608912,9492091
2017-11-10,77.34883117675781,77.58671391577602,75.57385156987037,75.75683905586179,8999608
2017-11-13,77.22073364257812,78.08077576046644,76.59857424737733,77.5501101019803,7885278
2017-11-14,75.73853302001953,77.2390313125532,75.42745331876147,77.22073455053629,4927717
2017-11-15,75.75682067871094,75.95810487893253,74.80528498960919,75.6470252354384,8653007
2017-11-16,76.23259735107422,76.43388654501076,75.07977729072047,75.79343040438614,18027175
2017-11-17,76.34239959716797,76.8364618356306,76.03131987986887,76.59857909787948,9193722
2017-11-20,76.41555786132812,76.96452007391048,75.26273820767537,76.96452007391048,8277194
2017-11-21,75.61043548583984,76.47047253314379,75.31765258637587,76.47047253314379,15596732
2017-11-22,75.77513122558594,76.17770466313453,75.06147808793828,76.17770466313453,8665005
2017-11-23,76.50708770751953,76.78156894348335,75.59215025430682,76.08621747181236,6824919
2017-11-24,77.29391479492188,77.5318024480424,76.12279810781162,76.30578555553373,7734712
2017-11-27,76.9096450805664,77.53180440405869,76.12280002828075,77.51350268051343,14811199
2017-11-28,76.25088500976562,76.85474255247219,75.46403506821419,76.85474255247219,21546865
2017-11-29,76.39727020263672,76.7632450545995,75.95809839474073,76.34237496761261,7324543
2017-11-30,75.40916442871094,76.30580513819872,75.07978793105235,76.30580513819872,19256592
2017-12-01,74.27461242675781,75.8849057322491,74.00013129021065,75.75681354242344,8172074
2017-12-04,74.20142364501953,74.64059050418089,73.52436915281251,74.4759047934398,7124561
2017-12-05,73.30480194091797,74.09164710767182,72.04218635055841,73.9269613549204,17485101
2017-12-06,73.28651428222656,73.50609531317153,72.70095328404808,73.08522505205545,5557173
2017-12-07,74.0367431640625,74.29292759006782,72.9937136636872,73.28649657395792,11119755
2017-12-08,74.32952117919922,74.58570560544139,73.15840442859101,74.29292765875246,14615599
2017-12-11,74.76869201660156,75.17126541055366,74.1465326837799,74.585704561519,8231500
2017-12-12,74.25634002685547,74.84190096966427,73.89036505808163,74.84190096966427,8310332
2017-12-13,73.37797546386719,74.09162342538923,73.14008784617505,73.56096288433717,12105970
2017-12-14,73.23159790039062,73.78056028431914,72.64604199528229,73.67076979307446,12838407
2017-12-15,72.77413940429688,73.98185979581422,72.28007716088638,73.70737856554027,22654959
2017-12-18,73.1584243774414,73.2316164021454,70.77958677941149,72.81074612757241,16832008
2017-12-19,74.14653778076172,74.2929317259731,72.90222399343418,73.45118639641863,20133065
2017-12-20,74.27461242675781,74.42100137347931,73.17668788056916,74.32950766129693,14097971
2017-12-21,74.32952117919922,74.95168052072879,73.96354626391181,74.95168052072879,7881749
2017-12-22,74.31123352050781,74.5125177630279,73.8720615828328,74.29293675804347,7399925
2017-12-26,74.09163665771484,74.65890074079265,73.63416802483871,74.25632735109119,7946762
2017-12-27,73.63416290283203,74.84188298792716,73.487773943265,74.10993322623995,7831439
2017-12-28,72.88394165039062,73.94526818001236,72.64605888814236,73.7256821826087,15796200
2017-12-29,73.3230972290039,73.81716440503035,72.9937207662706,73.03031925409718,8561565
2018-01-01,73.26820373535156,73.83546790062789,72.84733352489046,72.84733352489046,6388017
2018-01-02,73.469482421875,73.85375408861196,72.93881682128362,73.65246987534067,4383705
2018-01-03,73.79885864257812,74.09163658177783,73.41458201304462,73.74396339945973,8187397
2018-01-04,73.3230972290039,74.23803460540364,73.1950099673903,73.9269598685101,4204055
2018-01-05,73.6524658203125,73.94524374419737,73.41457817282244,73.67076257911077,4923559
2018-01-08,73.39630126953125,74.38443571669855,73.21331377663755,73.92696698446431,11797863
2018-01-09,73.56097412109375,73.70736308706098,73.30478970776191,73.5975676396964,7380366
2018-01-10,73.14010620117188,73.8903577916903,72.64604401299592,73.8903577916903,8710385
2018-01-11,72.40814208984375,73.30478248429786,72.20685790195489,72.86561066581997,12305664
2018-01-12,71.85918426513672,72.57283727355801,71.62130158361364,72.49964031131151,9411915
2018-01-15,72.93882751464844,73.28650571274632,71.42003242098741,72.38986507376953,9962401
2018-01-16,71.8042984008789,72.93882168072243,71.12724378517773,72.86562470891857,13205546
2018-01-17,72.24347686767578,72.71924233606838,70.99916298092708,71.7311129100561,13012437
2018-01-18,72.09709167480469,73.1218196440567,71.63962294498621,72.6826476778896,24603506
2018-01-19,71.76769256591797,72.46304883529152,71.10893974255082,72.09707394145373,8082214
2018-01-22,71.47491455078125,72.07877213211992,71.3651240683023,71.78599420294123,9833311
2018-01-23,71.67620849609375,71.85919596765812,71.01745558400314,71.47492426291407,16134097
2018-01-24,71.71281433105469,72.07878931168216,71.42003633209406,71.4749315864175,11061376
2018-01-25,71.10894775390625,72.04218185279281,70.68807757134668,71.9872866053029,13143678
2018-01-29,71.05406188964844,71.73111660170812,70.9991666349092,71.18215412660892,11002896
2018-01-30,71.34683227539062,71.7860041941349,69.7914387619629,70.92596208217488,22826262
2018-01-31,70.92596435546875,71.4749267895678,70.26721142009109,71.34683456217408,14372442
2018-02-01,71.31022644042969,71.42002189072895,69.16927224389633,71.18213919419243,17028230
2018-02-02,70.59658813476562,71.1821490592905,69.901231744725,71.1821490592905,22083930
2018-02-05,71.91410064697266,72.07878640329793,69.53525840502718,69.53525840502718,21997294
2018-02-06,71.34683227539062,71.58471499643841,69.5352543153866,69.5352543153866,13495253
2018-02-07,71.54811096191406,72.04217309310233,70.77956269894588,71.65790144354432,14316750
2018-02-08,71.60369873046875,72.14109897297213,71.28867117544429,71.9001973227234,33536651
2018-02-09,71.60369873046875,72.01138115303873,70.78833388532878,71.15895838235917,15183068
2018-02-12,73.5679931640625,73.77183188471423,71.64076969289643,71.97432624798509,11747845
2018-02-14,72.43760681152344,73.549465441151,71.78902261090735,73.549465441151,13853923
2018-02-15,73.34561920166016,73.49386599841195,72.15963477394828,72.64144314695257,8833619
2018-02-16,72.47467803955078,73.47535293111817,72.17818438189741,73.41975597181454,6252218
2018-02-19,71.95579528808594,72.99352788111143,71.75195154623717,72.49319054892644,4332550
2018-02-20,72.27082824707031,72.77116058963495,71.80755383591855,72.23376528880836,8479558
2018-02-21,71.88168334960938,72.60439352845302,71.64078163227805,72.49320464032724,9258406
2018-02-22,70.51036071777344,72.08549830156318,70.1397412926106,71.6407529806287,25535938
2018-02-23,71.62226104736328,71.84462879594246,70.54746013726268,70.6401150414541,11567495
2018-02-26,72.69703674316406,73.08618522196413,71.529586279915,72.2708253076095,8362326
2018-02-27,73.29002380371094,73.47533354757014,72.47465891999101,73.10471405985173,17333449
2018-02-28,73.27149200439453,73.4568017537954,72.41906916788993,72.93793546084267,5795018
2018-03-01,73.16030883789062,73.56799129568921,72.47466175343602,73.04911997111898,8106682
2018-03-05,72.9935302734375,73.03059323015641,71.99286060311977,72.93793835178354,6992551
2018-03-06,71.58517456054688,73.1973703691502,71.19602107469166,73.04911854967281,9525018
2018-03-07,71.65929412841797,71.90020081722353,70.88099219783876,71.43692645697979,9481007
2018-03-08,72.4190673828125,72.60437712764563,71.30720891381371,71.84460415772067,10429826
2018-03-09,71.49251556396484,72.511719116429,71.08483313760951,72.45612720075518,9887071
2018-03-12,72.27082824707031,72.51172993549942,71.52958918922751,71.7148989536882,14242997
2018-03-13,72.28933715820312,73.01204704984465,71.6222242019553,72.23374524965708,10581316
2018-03-14,72.02991485595703,72.7155619262847,71.71489230704984,72.14110372043777,8577503
2018-03-15,72.19669342041016,72.54878394017196,71.82607393722866,71.88166585433619,6132848
2018-03-16,71.25164031982422,73.06767540829487,70.91807864845495,72.04847147807816,10373796
2018-03-19,71.97433471679688,72.30789131113325,71.34428448901691,71.67784108335329,13496140
2018-03-20,72.23377990722656,72.67852041582782,71.45547773361174,71.93728120797563,9661410
2018-03-21,71.97433471679688,72.45614315470448,71.75196197828947,72.45614315470448,9675146
2018-03-22,71.41841125488281,72.15965042627454,71.25163545742957,71.9743406334266,11371840
2018-03-23,71.99285125732422,72.36347072270354,70.78833296799324,70.78833296799324,9062739
2018-03-26,72.23377990722656,72.45615267495225,71.99287817004462,72.04847010526352,15451169
2018-03-27,72.6229019165039,72.77114869847841,72.3078743630279,72.3078743630279,7563470
2018-03-28,71.62226104736328,72.56733905937558,71.2701704006958,72.456155185086,14095921
2018-04-02,72.23377990722656,72.34496377766436,71.49254069937437,71.49254069937437,6821616
2018-04-03,73.58654022216797,73.93863085551808,72.10406181117814,72.19671671186501,6269850
2018-04-04,72.65996551513672,74.08685148638834,72.14109926018565,73.73476097757424,9689298
2018-04-05,72.73409271240234,73.54945254842589,72.64143784284182,73.34561384613211,8673501
2018-04-06,72.6229019165039,73.34561189054598,72.54878103894077,73.19736510857147,7948746
2018-04-09,72.58584594726562,72.82675264635441,72.34494427502558,72.64144289434688,4610445
2018-04-10,72.9935302734375,73.6235854571126,72.75262859503779,72.95646731671857,7562115
2018-04-11,73.01207733154297,73.45681781121469,72.56733182502147,73.38269691136095,5790314
2018-04-12,72.77117156982422,73.34563494244063,72.67851667361349,73.08619922231065,3537785
2018-04-13,73.1973648071289,73.38267454054596,72.78968238824174,72.8267453402948,3438013
2018-04-16,73.82742309570312,74.45747827013496,72.93793728174255,73.1047180711065,9628436
2018-04-17,75.93994903564453,76.77384284897126,74.93927444891312,75.30989392150279,23457958
2018-04-18,75.97701263427734,76.27350620413071,75.73610595356708,76.01407056037274,8814122
2018-04-19,77.12593841552734,77.42243200229971,75.95848297884562,76.1623267182442,10627620
2018-04-20,76.79238891601562,77.68187986982792,76.42176936087698,77.38538120960735,5446620
2018-04-23,76.64412689208984,77.05180932722249,76.05113471615586,77.05180932722249,4139986
2018-04-24,76.51441192626953,77.16299604330138,75.9028907641521,77.16299604330138,3594644
2018-04-25,76.84798431396484,77.83012510981598,75.56934486389966,76.49589373297607,5924775
2018-04-26,76.71826171875,77.3483118946179,76.42176308288657,76.92210044659129,7950190
2018-04-27,77.05182647705078,77.3483201175857,76.75533283651588,76.90357965678332,7371596
2018-04-30,77.03328704833984,77.45949848379716,76.73678842122037,76.92209817810172,5644871
2018-05-02,76.03260803222656,77.49655703918485,75.865827249766,76.7182550991165,7210903
2018-05-03,76.51441192626953,76.9220943766307,75.32843255694907,75.9770166739809,3782713
2018-05-04,76.86650085449219,77.01474764420921,75.79170534548312,76.71825406477517,22466426
2018-05-07,77.57067108154297,77.83010671430527,76.71824833420652,76.71824833420652,6003886
2018-05-08,78.84931182861328,79.31258616305054,77.4038969105387,77.64479855907643,19748071
2018-05-09,78.51576232910156,79.20140941070554,78.25632666789508,78.5713542488319,13934330
2018-05-10,77.0888900756836,78.49724242013357,75.86584248796161,78.27486967447052,13973187
2018-05-11,76.66267395019531,77.45950496609917,76.32911233841524,77.38537904640377,10688957
2018-05-14,77.47802734375,77.75599197869532,76.34763983904521,76.34763983904521,13962128
2018-05-15,79.25700378417969,80.05383472991369,77.32978031030545,77.45949814492467,56040833
2018-05-16,79.10874938964844,79.68320756757552,78.77518783926665,79.46083487627045,18183776
2018-05-17,79.10874938964844,80.05382704413451,78.6825329701269,78.75665887617805,17900935
2018-05-18,78.92344665527344,79.68321971414494,78.6084240736563,79.20141633191355,18414996
2018-05-21,78.812255859375,79.47937397618128,78.42310739470786,79.47937397618128,16669979
2018-05-22,78.10807800292969,79.31259135125941,77.6448036381875,79.21993647831098,9411261
2018-05-23,78.31192779541016,78.73813926592088,77.71893551924994,78.20074394287668,18219990
2018-05-24,78.47870635986328,78.71960805137233,78.34898851771251,78.71960805137233,17260447
2018-05-25,78.58988189697266,78.96050139143301,77.92276881768346,77.92276881768346,30090956
2018-05-28,76.69972229003906,78.75666352239897,76.45882062143349,78.66400864779307,17488299
2018-05-29,76.71826171875,77.71893141931042,76.25498731288434,77.18153612461568,15749359
2018-05-30,77.64481353759766,78.55282839215157,76.7182646899819,76.7182646899819,36016623
2018-05-31,77.62627410888672,78.83078752644317,74.71690992572671,77.7930549005187,274352477
2018-06-01,76.32910919189453,77.05181928515995,74.25363882132247,76.68119975565955,17096388
2018-06-04,74.75397491455078,76.69972741119004,74.34629243369466,76.69972741119004,14456405
2018-06-05,73.69770050048828,74.55012833004227,72.30787743508898,74.4204105052353,13788817
2018-06-06,74.53160858154297,75.32844464611348,73.1973822052888,73.1973822052888,8130515
2018-06-07,75.14311981201172,75.58786017269942,73.4753321490239,74.66131147103951,7683528
2018-06-08,73.34561920166016,74.56866155842341,72.91940777593047,74.45747771757175,12429285
2018-06-11,72.53025817871094,73.84596050938528,72.08551776454489,73.60505379650685,19668041
2018-06-12,72.28933715820312,72.80820334937894,71.67781611050134,72.80820334937894,13416832
2018-06-13,73.43828582763672,73.88302628904769,72.30789313949516,72.7526386277557,10866676
2018-06-14,73.69770050048828,73.88301024254152,72.8638066612487,73.45679884118877,7205187
2018-06-15,73.32708740234375,73.75330386766363,72.73410019760968,73.69770691872701,9527937
2018-06-18,73.62358856201172,73.93861616713481,72.73410269748994,73.32708992260507,4303444
2018-06-19,73.6421127319336,74.01273223691923,72.93793667783062,73.21590130656985,8099053
2018-06-20,73.80888366699219,74.01272235678388,72.93792694117226,73.6421029012731,8160216
2018-06-21,72.43760681152344,73.62359136053254,71.82608557059812,73.41974759565794,10942576
2018-06-22,73.27149200439453,73.53092766429523,71.93726080333843,72.71556275619187,7677797
2018-06-25,71.97433471679688,73.49387589860643,70.97365990693828,73.27150316009903,8701812
2018-06-26,70.69568634033203,72.15963540992426,70.047102200334,71.86314181380753,9869227
2018-06-27,69.37999725341797,71.3442838959127,68.82406792519578,71.14044012612159,13094540
2018-06-28,68.49050903320312,69.95445319890828,67.87898277121887,69.82474038149269,22542641
2018-06-29,69.25027465820312,70.54744300181031,68.23107095965463,68.65728241004146,8435793
2018-07-02,68.58317565917969,69.43559873567982,68.00871225819039,69.30588086920804,13100144
2018-07-03,68.3978500366211,68.73140659692982,67.15627364789242,68.2125402779108,9990760
2018-07-04,67.82337951660156,70.13975125280568,67.50835195510813,68.65727334163505,10626271
2018-07-05,67.32304382324219,68.10134575055486,66.91536640941753,67.87897305320145,7739370
2018-07-06,67.3786392211914,67.78631662565874,67.02654870622592,67.32304227799278,7229617
2018-07-09,68.37931823730469,68.56462800195715,67.4527694140424,67.52689533064301,10238815
2018-07-10,68.21255493164062,68.69435839705099,67.97164817208544,68.56464053271742,7258266
2018-07-11,67.78631591796875,68.47196295072588,67.601006180837,68.11987746628456,3825437
2018-07-12,67.67513275146484,68.04575222937038,67.30451327355931,67.89750544357784,11523981
2018-07-13,67.36012268066406,67.9531150046595,67.1748128935936,67.52690349976736,4793733
2018-07-16,67.21186065673828,67.63807206524476,66.93389603899294,67.10067682037958,12191173
2018-07-17,67.2489242553711,67.54541783973372,66.71152397850918,66.97095963496292,4698206
2018-07-18,66.15560150146484,68.11988803595449,65.98882572827787,67.67514258709103,5845129
2018-07-19,65.76646423339844,67.0080408821951,65.63674636975999,66.37798555986546,5980121
2018-07-20,65.1549301147461,65.95176108229377,64.52487491611825,65.78498028652494,5273662
2018-07-23,65.61820220947266,65.97028772715143,65.09933087504278,65.21051974392725,6336970
2018-07-24,65.87763214111328,66.13706780553716,65.32170288321821,66.04441292922131,6260188
2018-07-25,65.09932708740234,66.34090337652358,64.74724159020877,66.21118555046343,7757736
2018-07-26,67.39718627929688,68.11989646642988,64.56194751574002,65.32171563915698,33869484
2018-07-27,66.6744613647461,68.4905009155129,66.0444112380411,67.91603768095551,19690254
2018-07-30,67.89751434326172,68.10135307208863,66.7300638402051,67.04508641623777,10288607
2018-07-31,67.56395721435547,68.78699963086989,67.39717641808123,68.06428954948018,11713824
2018-08-01,68.45343780517578,68.84258626411466,66.76711608712725,67.82338265305239,10299992
2018-08-02,69.9359130859375,70.51037127017275,68.47196412671441,68.99083542107346,12305598
2018-08-03,70.49183654785156,70.76980113561405,70.04709119669236,70.34358977308116,7491196
2018-08-06,70.2138671875,71.10335280251012,69.91737365811252,71.10335280251012,4944677
2018-08-07,70.08417510986328,70.65863844584139,69.54677976222513,70.36213978076734,3270258
2018-08-08,70.2323989868164,70.67714432572193,69.62087791595721,70.08415221613052,6225545
2018-08-09,71.3813247680664,71.52957657497,69.62088231614418,70.23240342565278,6328977
2018-08-10,70.62156677246094,71.84460916282427,70.08416646426708,71.78901724087119,4909902
2018-08-13,69.67647552490234,70.41771446579976,69.36145299649957,69.89884821254122,2537940
2018-08-14,69.63943481445312,70.04711231124742,69.13909740029251,69.5097169623597,2304692
2018-08-16,69.5652847290039,70.41770741494437,69.34291206363098,69.45410090974133,3661689
2018-08-17,69.34293365478516,70.04710979201735,68.84259625861907,69.86180001764839,4022502
2018-08-20,69.5467758178711,69.99151624998439,68.7870027443809,69.49117886536386,2487784
2018-08-21,69.50970458984375,69.78766921191728,68.87964943573762,69.54676754482328,3655095
2018-08-23,70.49183654785156,70.78833009739235,69.50969600979369,69.50969600979369,9442607
2018-08-24,70.7697982788086,72.12255821260881,70.25093207463358,70.60301752214443,8393334
2018-08-27,73.30856323242188,73.49387300273473,70.75128940747435,70.84394429263078,14042229
2018-08-28,73.0676498413086,74.29069211887578,72.54878357285125,73.23442559178679,8224129
2018-08-29,71.54811096191406,73.77182791188328,71.19602043409618,73.01205996471656,6955827
2018-08-30,72.9935302734375,73.45680466530187,71.30721349779071,71.62224108962826,22347117
2018-08-31,74.67985534667969,74.95781999397231,72.2152314525392,72.2152314525392,11854651
2018-09-03,72.08551025390625,75.97701486335806,71.90020051059902,75.18017894565817,8999761
2018-09-04,72.06698608398438,72.80822515822142,71.02925339079218,72.0855200769498,5387824
2018-09-05,72.51173400878906,73.01207140630883,71.436938319911,71.95580468417806,7334087
2018-09-06,73.86448669433594,74.77250650770627,72.45613456221956,72.64144431785849,16457730
2018-09-07,72.53025817871094,74.45748172064425,71.4739915264369,74.45748172064425,4580610
2018-09-10,72.54905700683594,73.31985836326972,71.49626137343262,72.62425888057122,6293799
2018-09-11,70.27427673339844,73.26346760590623,70.01107522772634,72.58667101962945,9560546
2018-09-12,72.86863708496094,73.41383776860245,70.34944131200278,70.34944131200278,13582243
2018-09-14,75.25625610351562,75.93305259520874,72.90626120205992,73.41386112073742,22816500
2018-09-17,75.91423797607422,76.5346354736185,74.22224201923662,74.22224201923662,15162744
2018-09-18,74.78627014160156,76.66626639002538,74.50427070433798,75.76386921074518,4937349
2018-09-19,74.5606460571289,75.19984661993045,73.77104686184893,74.8238474888271,6025625
2018-09-21,75.3502426147461,75.91424129165816,73.35744422976816,74.82384486959106,11174973
2018-09-24,74.2974624633789,75.33146032216389,73.15066687810736,75.19986467453484,3992299
2018-09-25,72.41744995117188,74.67344476836082,72.06025383167244,74.07185023029551,10770907
2018-09-26,72.5114517211914,72.94385481951385,70.76305670994724,72.73705222905207,7286693
2018-09-27,73.15065002441406,73.65824987628581,72.24825312098355,72.56785340548166,8101331
2018-09-28,70.83824920654297,74.42903854055696,70.4434470950695,73.13184471666621,10284429
2018-10-01,72.3422622680664,72.90626104318673,69.8982675758783,70.80066459610777,4684738
2018-10-03,71.04505157470703,72.30464965573572,70.8194510811204,71.62784817497585,10349581
2018-10-04,71.15784454345703,71.79704504951123,69.39065184404899,70.68784567130369,11239097
2018-10-05,70.42466735839844,72.02266393205576,70.06746608436062,71.0638629279721,7035573
2018-10-08,70.1802749633789,71.08267208647379,68.61987409448828,70.12387099958507,4680183
2018-10-09,70.14266967773438,71.2330663464518,69.67267067399276,70.33066927923102,5552286
2018-10-10,70.36825561523438,71.04505200023344,70.01105440659822,70.01105440659822,3526073
2018-10-11,69.82305145263672,70.87584691145712,69.20265394655276,69.91705122931047,10016561
2018-10-12,70.85706329345703,71.34586019086342,69.97346419446983,70.02986305189128,6856067
2018-10-15,70.72547912597656,71.43987672022098,69.97348058470529,70.85707989066233,6926558
2018-10-16,70.3870620727539,70.98866176565183,69.59746279456382,70.66906145069213,6530627
2018-10-17,71.1014633178711,71.47746250876723,70.68786318792225,70.70666620735629,4151254
2018-10-19,71.12025451660156,71.98505047200116,70.33065532699369,71.06385056748955,9497796
2018-10-22,71.12025451660156,71.81584882429428,70.7818512211878,71.21425429870216,4377225
2018-10-23,71.79706573486328,72.43626642507668,69.86067084366235,70.68786603708578,4599675
2018-10-24,71.59026336669922,72.28586287078356,71.21426418609312,72.00385838551371,4510189
2018-10-25,71.92865753173828,72.24825783709879,70.19906037903581,71.32705785690938,7455415
2018-10-26,70.83824920654297,71.81584277823544,70.61264872853158,71.57144438531232,6390862
2018-10-29,71.27066040039062,71.62785654883184,70.46226321202722,71.21426154535412,8374975
2018-10-30,69.99226379394531,71.27065993224072,69.78546119374978,71.06385733204517,5105532
2018-10-31,69.91707611083984,70.21787346331551,67.22868256120921,69.59747573644938,9622136
2018-11-01,70.85706329345703,71.17666361859904,69.76666668398605,69.97346419446983,5603131
2018-11-02,71.38345336914062,72.30465330620557,70.95105537616075,71.082656095715,6034462
2018-11-05,69.95466613769531,71.25186025509903,69.5598639368909,71.0826636831674,4872816
2018-11-06,70.72547912597656,71.06387744958535,69.55988036704278,70.34947985534093,7337064
2018-11-07,71.08267211914062,71.43986832437572,70.72547081408962,71.43986832437572,223308
2018-11-09,72.07905578613281,72.26705536476287,70.98865925004151,71.06385602160455,9231137
2018-11-12,69.91707611083984,72.5302728722596,69.27787536205894,72.00386985570304,3906667
2018-11-13,69.20265197753906,70.68784534683788,68.75145102241727,70.3118462508411,7750412
2018-11-14,69.91707611083984,70.31187327344118,69.22147649594675,69.29667838397371,9918943
2018-11-15,70.34947204589844,70.87586994639,69.76667528103563,69.93587187414938,8814911
2018-11-16,70.72547912597656,71.43987672022098,70.01108153173215,70.31187890831407,5537047
2018-11-19,71.32705688476562,71.62785416817289,70.55626065865016,70.76305815351579,5155461
2018-11-20,70.83824920654297,71.85344370787303,70.49984593961881,71.85344370787303,2673334
2018-11-21,68.46946716308594,70.63146245331737,68.1686698582842,70.49986172003588,6426666
2018-11-22,67.60466003417969,69.07105558002273,66.85266179530485,69.07105558002273,6231287
2018-11-26,68.60106658935547,68.75146523889089,67.24746854390632,67.69866959232776,5022526
2018-11-27,68.638671875,69.54106892919519,67.79267368047661,68.41307133649734,6727512
2018-11-28,69.29664611816406,69.55984240407716,68.24384567507053,68.39424428127997,9281286
2018-11-29,67.86788177490234,70.87587585691689,67.41668572248997,69.54108052294947,16395530
2018-11-30,67.73625946044922,69.01466061837645,67.04066513017172,68.05585974993103,10573839
2018-12-03,69.1086654663086,70.87585849675021,68.0934656723628,68.0934656723628,11107638
2018-12-04,70.4058609008789,70.76306215747448,68.48826408616388,68.95826305546584,6304336
2018-12-05,68.99586486816406,70.57506346497637,68.61986568795307,69.59746457646472,5774768
2018-12-06,68.99586486816406,69.71026739041717,68.69506756392137,68.99586486816406,8600328
2018-12-07,68.67626190185547,70.31185929278658,67.92426357037587,69.10866502230829,8378029
2018-12-10,67.41665649414062,68.58224961572773,66.42025480660807,67.86785235093798,6431248
2018-12-11,67.79267120361328,68.16867038744178,66.60826969470126,66.85267324404204,6514193
2018-12-12,68.638671875,69.10867087195744,67.9430723395399,68.01826911916379,7396629
2018-12-13,68.638671875,68.80786845401538,68.09347099860318,68.56346999556061,4251108
2018-12-14,69.82305145263672,70.02984892139328,67.86785405789682,68.24385316459185,9276710
2018-12-17,72.3986587524414,73.90265543679574,71.3270600948759,71.43985780627642,23727234
2018-12-18,73.82745361328125,74.07185715450855,71.77826118933227,72.53025953202514,15507368
2018-12-19,74.82384490966797,75.01184446873935,73.33864635307827,73.33864635307827,11434466
2018-12-20,74.4290542602539,74.80505343641396,73.28225881289184,74.0906560216729,7938383
2018-12-21,74.03424835205078,74.86144338124308,73.56424943780017,74.44784841655424,8722621
2018-12-24,72.92505645751953,74.37265428390107,72.6430570796458,74.07185698742848,8563441
2018-12-26,73.43264770507812,73.80864683127241,71.94744911668484,72.793447150622,4766041
2018-12-27,73.90266418457031,75.0118639105024,72.7558686169313,73.33866536117753,46486470
2018-12-28,74.09063720703125,74.57943397198775,73.54543650012184,74.25983883326215,5142112
2018-12-31,74.69224548339844,75.19984532158706,73.69584882314048,73.95904515047992,6317785
2019-01-01,75.19983673095703,75.38783627178628,73.73343623263771,74.24103601283949,3961625
2019-01-02,73.41385650634766,75.19985251919613,72.94385755559806,74.86144919480442,7876559
2019-01-03,72.58665466308594,73.31985504951444,72.19185759335667,73.2822541143462,7942863
2019-01-04,73.65825653076172,73.97785684413334,71.96626027153972,72.68065767213709,4017540
2019-01-07,74.6170654296875,74.78626712514749,73.63946639997467,73.73346620860444,3592512
2019-01-08,74.20343017578125,74.63583317093405,73.62063367769106,74.41023271690077,3990870
2019-01-09,74.2974624633789,74.72986564781438,73.5454640206262,74.20346265803482,4087529
2019-01-10,73.56424713134766,74.24104350672316,73.2822477916388,74.24104350672316,3589725
2019-01-11,73.07545471191406,73.65825648293452,72.66185970644712,73.28225731446265,2995789
2019-01-14,72.3798599243164,73.0754543022376,71.81585607495543,72.96265659225446,5370460
2019-01-15,72.36105346679688,74.82385094931318,71.59025725231271,74.82385094931318,11498868
2019-01-16,72.19184875488281,73.00024581286056,72.04144503262384,72.37984830789226,8515441
2019-01-17,72.9062728881836,73.15067137714648,72.19187534359357,72.19187534359357,5325531
2019-01-18,72.79346466064453,73.95906325218736,72.37986960219467,72.9438684271526,4366941
2019-01-21,71.90984344482422,73.20704238462737,71.68424806382731,72.92504305856704,4067143
2019-01-22,71.32705688476562,71.90985353379781,70.87585585983979,71.81585374525618,3577455
2019-01-23,70.04867553710938,72.00386849077003,69.82307497712115,71.27067304557829,6173490
2019-01-24,70.21785736083984,71.10145639335586,69.76666143559534,70.19905944305192,6157088
2019-01-25,69.87946319580078,71.10146051809443,69.65386267018353,70.5374617539589,3868441
2019-01-28,70.61266326904297,70.91346056845538,68.43186499894988,69.93586169564227,7440853
2019-01-29,69.78544616699219,70.61264619002495,69.05224591476706,70.23664710679441,17469350
2019-01-30,70.34947204589844,70.650274488905,68.95827285905597,69.59747358810596,12711500
2019-01-31,70.91345977783203,72.003856350814,70.23666331179221,70.8758588408709,25774313
2019-02-01,71.51506042480469,72.1354580435954,69.89826601222097,71.7970598060564,9474849
2019-02-04,69.40946197509766,71.251856858238,69.0898616658208,71.251856858238,3678667
2019-02-05,69.97344207763672,70.29304230176119,68.9958434920028,69.22144395019735,5500377
2019-02-06,70.23665618896484,70.96985143618411,69.465854908783,70.02985360655842,4322649
2019-02-07,69.40946197509766,70.57506040314645,69.18386145679546,70.29306103022247,4309303
2019-02-08,68.05584716796875,70.66904275201728,67.86784763242032,69.40944484388011,7692145
2019-02-11,68.56346130371094,68.8830616010891,66.87146512915999,67.52946364148536,7913450
2019-02-12,68.14984893798828,70.08624829087951,67.8490517121989,68.80784733173977,11930402
2019-02-14,65.78107452392578,67.24747032030888,64.85987448398733,66.73987040237984,36962390
2019-02-15,68.24386596679688,68.50706743078437,66.77747019556064,67.07826749741902,16005610
2019-02-18,67.96186065673828,68.99585830394469,67.51066474330072,68.22506209777129,7973918
2019-02-19,67.47306060791016,68.80785546741772,67.26625802839091,67.7738578692651,10824411
2019-02-20,68.35665130615234,68.65744853111929,67.15345220665675,67.96184921109258,9658184
2019-02-21,68.35665130615234,68.80784714360276,67.99945013916692,68.69504945919364,9197823
2019-02-22,68.39425659179688,68.65745802489822,67.86785882540883,68.31905982506409,12182132
2019-02-25,68.41305541992188,68.61985289054468,67.11585645019176,68.05585422541233,29907322
2019-02-26,68.13106536865234,68.69506411061658,67.24746631961202,67.49186475450018,13683801
2019-02-27,68.22506713867188,69.2966657994616,67.62346744315701,68.16866828280192,13566494
2019-02-28,68.75144958496094,69.46584683245537,67.90545163665631,68.77024749944209,69863939
2019-03-01,68.883056640625,69.0898541182521,68.46945658555632,68.84545570837976,7227772
2019-03-05,68.807861328125,69.72906130668632,68.65746268463732,69.18386048675167,15733697
2019-03-06,69.37187194824219,70.0862745518494,68.31907616368818,68.84547405596518,20336766
2019-03-07,70.36825561523438,71.25184947903468,69.40945478670209,70.31185166663901,12295538
2019-03-08,70.31185913085938,70.8570599598525,69.65386059233009,70.68785829573325,6211299
2019-03-11,73.05664825439453,73.69584880601157,70.59385092887196,70.87585027226515,17678891
2019-03-12,73.82745361328125,75.95185301124074,73.1882580818814,73.1882580818814,26457157
2019-03-13,73.22586059570312,74.54185772375214,72.60545786977066,74.48545376698355,6930222
2019-03-14,72.71422576904297,73.5475698627745,72.57856388001832,73.23749005117008,8466765
2019-03-15,74.90418243408203,75.27240154799362,72.52042354453583,72.52042354453583,14301914
2019-03-18,76.37705993652344,76.6677616911947,74.90417314906635,75.25301420323322,14247336
2019-03-19,77.13288116455078,77.5980007849232,75.6987505063853,76.04759153596281,16995997
2019-03-20,76.51274108886719,77.46236390579284,76.16389994678848,77.22980664920338,9060589
2019-03-22,76.93909454345703,77.8499559435433,76.41583027164134,76.70653206073963,8782833
2019-03-25,78.29570770263672,78.87711131655152,75.62124687287331,76.43521298379287,14506515
2019-03-26,78.6251449584961,79.03213053599268,77.28792015093153,78.35382649735779,8371544
2019-03-27,77.59800720214844,79.34221775147218,76.93908637116431,78.68329692048805,11579885
2019-03-28,76.84219360351562,77.52049777504548,76.14450615848291,77.52049777504548,17034861
2019-04-01,75.795654296875,77.40420290940759,75.62123114609729,76.82279941640594,10617688
2019-04-02,77.4429702758789,77.83057263498793,75.97008341414201,75.97008341414201,17946031
2019-04-03,77.88871002197266,78.50887483273465,77.57863024518831,77.67553083258258,15076661
2019-04-04,77.2685546875,78.78020824199592,76.93909685570911,78.08252077287612,10130253
2019-04-05,76.08637237548828,77.79182193626643,75.98947177252141,77.79182193626643,9883976
2019-04-08,76.8809585571289,77.63678539598604,75.79567385962604,76.74530191283685,13511642
2019-04-09,76.8809585571289,77.26856098583627,76.37707750268709,77.11352106579221,10655872
2019-04-10,76.99722290039062,77.38482523073574,76.64838185451863,76.64838185451863,8637199
2019-04-11,75.9507064819336,77.28793683536377,75.83442786737179,77.19103623749764,13713296
2019-04-12,76.37705993652344,76.60962239169909,75.60185525740009,76.22202005213741,11004111
2019-04-15,76.7646484375,77.84993268974807,76.39642417841998,76.66774787007813,8965316
2019-04-16,76.29954528808594,77.46235242750782,76.16388866090838,77.13289461042662,4918434
2019-04-18,75.31114959716797,76.68713572837737,75.00106984447633,76.49333456864687,11593259
2019-04-22,75.50495147705078,76.24139483961217,74.96230927606834,75.27238903171747,7772049
2019-04-23,74.8072738647461,75.40805539863437,74.43904953288343,75.11735363890908,6686014
2019-04-24,74.40028381347656,75.44681218900473,73.66384045082744,74.84602543372264,7288151
2019-04-25,74.24524688720703,75.89255682631209,73.91578384794738,74.49718735586681,17599280
2019-04-26,73.95455169677734,75.34992129106287,73.78012852604404,74.03206901706376,8664580
2019-04-30,72.24911499023438,74.61349093211675,71.86151254917807,74.30340582495495,14290974
2019-05-02,73.72199249267578,73.95455497824142,72.26848352938286,72.50104601494851,8897549
2019-05-03,73.97393798828125,74.7879041141086,73.72199746907604,73.99332126341658,10782838
2019-05-06,73.81890106201172,74.74914584753856,73.19873611926235,73.64447786470286,5477945
2019-05-07,74.24524688720703,75.11735214908619,73.83826127734753,73.83826127734753,9450289
2019-05-08,73.64447021484375,75.09798444131256,73.21811178961157,74.40029698174426,10180731
2019-05-09,72.83049011230469,73.66383398258088,72.22970340977626,73.60569469064394,7921214
2019-05-10,71.91964721679688,73.0436931717908,71.72584600879122,73.02431515386793,5938686
2019-05-13,70.79557800292969,72.11343008802417,70.5630208182122,71.8808676461138,5504435
2019-05-14,70.40799713134766,71.39638649622624,70.17543987579457,70.50489774022627,11334983
2019-05-15,69.18704986572266,71.55142575175118,68.7800694151055,70.98940012261849,7616268
2019-05-16,70.48551940917969,70.81498252934685,69.32271210778583,69.51651332468481,8660893
2019-05-17,70.6017837524414,71.16380927061844,69.90410161563642,70.42736584683686,10183233
2019-05-20,72.88864135742188,73.21810440868398,71.33823194648807,72.1328146667143,6287120
2019-05-21,71.2994613647461,73.10181101855274,71.22193880142837,72.96614916134307,7748239
2019-05-22,70.58240509033203,71.82273471904904,70.4661264876619,71.28008722073949,6972640
2019-05-23,71.5707778930664,72.90800790250502,70.96999644372009,72.09404203837684,13966122
2019-05-24,71.95838928222656,72.30723031198598,71.41574183905323,71.95838928222656,7240775
2019-05-27,72.6173095703125,73.48941476743775,71.95838879791131,72.26846854290096,6424176
2019-05-28,73.72199249267578,74.14835617334715,72.7917478076071,72.96616572888591,11255911
2019-05-29,73.70260620117188,74.80727394068803,73.39252116950082,74.1871091345392,8310232
2019-05-30,74.10958099365234,75.15610935396586,72.927396027944,74.96230819518135,34989609
2019-05-31,73.3731460571289,74.57471443084346,73.02430498274558,74.22586809926665,11849847
2019-06-03,74.82664489746094,75.00106803989881,73.64445469723343,73.74135527476719,12106965
2019-06-04,74.78788757324219,75.97007783603844,74.40028524259287,74.63284769242108,11447117
2019-06-06,75.75690460205078,76.80343315243151,75.25302360057493,75.58248668178322,26132949
2019-06-07,74.32276153564453,75.98945468623403,74.09020434657003,75.75689223996653,8783688
2019-06-10,75.31114959716797,75.95069237284004,74.57470624163064,74.78788541445702,11231885
2019-06-11,75.05921173095703,75.85379441039288,74.7685099813303,75.69875452869724,6589306
2019-06-12,74.09021759033203,75.03984030131433,73.76075450399371,74.8072830706698,7509749
2019-06-13,75.13672637939453,75.36928882228953,73.50879979351537,74.10958128523394,11041648
2019-06-14,75.42743682861328,76.33830343510412,74.94293387379831,75.19487961605692,34979466
2019-06-17,75.21426391601562,76.14450861554968,75.03984073483063,76.12513059861533,10860754
2019-06-18,76.66776275634766,77.07474311566436,75.25301524873095,75.46619443557431,17815522
2019-06-19,77.63677978515625,78.10190476886815,76.74529636643479,76.78405240074909,32722391
2019-06-20,77.88871002197266,78.5863974055274,77.24916719660912,77.77243141997685,11459458
2019-06-21,77.48172760009766,78.31507157811846,76.95846339062635,77.98560853828889,16601442
2019-06-24,77.15227508544922,77.81120125499966,76.57087149720844,77.52049946087926,9883389
2019-06-25,78.1406478881836,78.41197162670379,77.13288601869293,77.13288601869293,10375296
2019-06-26,81.26084899902344,81.76472992847721,77.92746788754889,78.0825077691352,31182825
2019-06-27,80.50502014160156,81.35774735274894,79.94299992910288,81.04766759807333,13741562
2019-06-28,80.1949691772461,81.24149792507205,79.32286363978942,80.29186979251907,12067819
2019-07-01,80.25308227539062,81.39651126491849,79.71044005858828,80.33060484515944,11211814
2019-07-02,80.36937713623047,81.0864373474208,79.98177474869242,80.38875515272983,12203723
2019-07-03,80.98954772949219,81.26087154042706,80.1174422393088,80.69884589943106,13693989
2019-07-04,81.47405242919922,81.70661494939573,80.50504630937598,81.00893264600086,12324046
2019-07-05,79.78797912597656,82.17173833859724,79.14843615118339,81.41591147744514,12525923
2019-07-08,78.0050048828125,79.98177819589397,77.65615851323795,79.45851389872621,8948141
2019-07-09,79.3615951538086,79.53601304152592,77.36543902256497,78.27630551573168,6875651
2019-07-10,79.57479095458984,80.02053265927864,78.72206357912033,79.34222846517143,12675299
2019-07-11,80.8538818359375,81.06706105072841,79.8848705893413,80.00115446238594,7808266
2019-07-12,80.117431640625,81.33838337111847,79.22594824924913,80.85388038511117,6349095
2019-07-15,79.4391098022461,80.13679710132884,78.64452718469393,79.71043351697705,6656137
2019-07-16,80.97015380859375,81.16395499057379,79.18718188293873,79.38098306491877,6627472
2019-07-17,80.6213150024414,81.6096989554911,80.02052816707143,80.93139479946265,6388864
2019-07-18,79.59416198730469,80.97015352892643,79.45850536614203,80.97015352892643,8419638
2019-07-19,79.72982788085938,80.4856546289118,78.60578202408927,79.76858917051223,10869152
2019-07-22,79.10967254638672,80.31124112718587,78.52826890314788,79.84612136691143,9061812
2019-07-23,81.5709457397461,81.78413022134181,79.14843065702793,79.3422318636454,14046808
2019-07-24,81.31900024414062,82.5593299934356,80.83449725725882,81.26086093715358,18181391
2019-07-25,82.6174545288086,83.10195742906356,81.33836897501267,81.39650827160469,28085772
2019-07-26,81.99729919433594,82.94692709091544,81.49341822300408,82.61746402941682,10950941
2019-07-29,80.58255767822266,82.36552974180225,80.05929339495994,82.30739043414948,5948953
2019-07-30,80.71820068359375,81.31898215077658,80.11741395921823,80.54377754424767,10050004
2019-07-31,81.70659637451172,82.92754801367796,80.21432623779233,80.42751069000566,26229893
2019-08-01,82.94691467285156,83.81901986303465,81.31898288163269,82.15232678970244,27069006
2019-08-02,81.60968780517578,82.9275399054424,80.75696585127774,82.53993232633408,20863783
2019-08-05,77.96623229980469,81.39651413202317,76.29953904861263,81.39651413202317,18063375
2019-08-06,76.78404998779297,78.50888271956116,76.06698977479576,77.75305595907984,11846580
2019-08-07,77.07474517822266,77.88871117583146,76.39644105641422,77.13288973727525,9432897
2019-08-08,78.56700897216797,80.87324490351772,76.37705689236793,76.76465921648096,6595239
2019-08-09,78.29570770263672,80.95078525761981,78.00500589567932,78.87711131655152,9175926
2019-08-13,78.29570770263672,79.61355484273811,76.2607950539349,77.69492081394161,7558090
2019-08-14,79.51663970947266,79.92362006196339,76.648383456413,77.92746907040659,8024154
2019-08-16,81.84226989746094,83.04383843529514,78.41198747357082,79.10966971763237,11894601
2019-08-19,81.21466064453125,82.3717899998495,80.86163984262896,82.03837939575916,8100095
2019-08-20,80.8224105834961,82.72480717502395,80.66551304732737,81.1950468870575,8711658
2019-08-21,80.37133026123047,81.43039796822168,80.13598129076756,81.05776165497342,5649369
2019-08-22,79.52799987792969,80.62628795982981,78.76311706791031,80.21443125916319,5059207
2019-08-23,79.0376968383789,80.25365682158002,78.72389642321085,79.25343030115741,7611285
2019-08-26,79.58684539794922,79.82219439253684,78.11592083200696,79.37110660283375,7846961
2019-08-27,81.01853942871094,82.13644309641144,79.64567658210638,79.64567658210638,18828020
2019-08-28,80.70474243164062,82.86209828257611,80.15559304980083,81.56768157990447,15756988
2019-08-29,80.33210754394531,81.11660059464143,79.88102510383183,80.70474387109957,8660979
2019-08-30,78.64543914794922,81.27348732596568,76.09583707245343,80.5478302865956,15630977
2019-09-03,77.29219055175781,79.39071035208059,76.89994405899405,78.99846385931683,9494810
2019-09-04,77.23336029052734,78.05707904961258,76.60576479216793,77.44909374925217,8565768
2019-09-05,78.1943588256836,79.74373466890296,77.40986580535657,78.05707680327339,14199248
2019-09-06,79.82218933105469,80.15559462204641,78.4689366881231,78.58660851786324,13782929
2019-09-09,79.58684539794922,80.35172298012859,79.15537312790262,79.72413275480736,4769289
2019-09-11,78.99847412109375,79.97909048038365,78.37087858711138,79.62606965507614,7723322
2019-09-12,78.3120346069336,79.23381495380055,77.52754160026957,79.23381495380055,11516235
2019-09-13,79.48878479003906,79.62607214867583,78.07669612440327,78.2532092026769,7223537
2019-09-16,79.29266357421875,80.01832078572738,78.78273984604682,78.8415810871246,6031015
2019-09-17,78.62583923339844,79.50839397311276,78.19436696327901,79.39072213589125,5823968
2019-09-18,79.25342559814453,79.62606190648631,77.76289100514484,78.64544564262238,7206830
2019-09-19,78.9004135131836,79.52800905534312,78.09630489597835,79.52800905534312,6306748
2019-09-20,76.95879364013672,81.9403271112491,76.64499851825533,78.52777988991265,51859153
2019-09-23,73.86004638671875,77.76290178605565,73.11477898689635,77.27259358614822,24586363
2019-09-24,74.70337677001953,75.29174662048993,72.56563085190324,73.70315015229366,18234411
2019-09-25,77.95901489257812,79.78296009417694,75.7428178620567,75.89972072169925,48245282
2019-09-26,78.15513610839844,78.99846501615332,77.31180188045992,78.42970546524366,15826874
2019-09-27,77.70405578613281,78.35126682651307,76.89995251561402,77.58638395343684,10034452
2019-09-30,78.07669067382812,78.44932700408766,76.74305354056796,77.27258741823739,9111327
2019-10-01,77.07646179199219,79.48877680502528,76.88033853369383,78.25320134178237,7634447
2019-10-03,78.0962905883789,78.44931667379436,76.29196105048517,77.15490010769884,9432906
2019-10-04,77.09608459472656,78.37088598209212,76.7234482149612,78.07670104654622,19442087
2019-10-07,77.07646179199219,77.42948259289247,76.25274304310229,77.1549079032012,11655995
2019-10-09,77.54715728759766,78.01785525299434,76.64499239413544,77.46871117348759,8504262
2019-10-10,78.0962905883789,78.29241382686156,77.07645400441578,77.62559800813054,6982965
2019-10-11,78.84158325195312,80.11638462710958,78.01786437627663,78.07670029878538,10517558
2019-10-14,77.82173919677734,79.35149974575604,77.54716447149559,78.841581336158,11162487
2019-10-15,78.93964385986328,79.2338287887296,77.78251434491531,77.82174006613441,5013200
2019-10-16,77.88056182861328,78.93962950805955,77.13529454168396,78.84156788293244,6668842
2019-10-17,77.54715728759766,78.3512658684683,77.07646464238506,77.95901933736576,7899823
2019-10-18,79.44954681396484,79.7241214888806,77.27258089207413,77.54715024680631,8795448
2019-10-22,80.43017578125,81.41079217516108,78.84157935118785,78.84157935118785,10675241
2019-10-23,80.90087890625,81.19506384307005,79.35150277759055,80.4105706782166,5777589
2019-10-24,80.05753326416016,81.29311408157464,79.86141000046693,80.95970346925937,5428181
2019-10-25,79.60645294189453,80.56745908765978,78.90041130186826,80.56745908765978,3993616
2019-10-27,79.37110137939453,80.13598423142103,78.84157282665124,80.01831240196341,388417
2019-10-29,78.8611831665039,79.58684030328683,78.25320317957402,79.33188112554797,5943950
2019-10-30,78.42972564697266,79.95948632075782,78.17476642137262,79.95948632075782,6419057
2019-10-31,77.80211639404297,78.80234823950408,77.6059931286801,78.56699925703182,15582577
2019-11-01,77.39026641845703,77.99824646606481,77.17453293580512,77.84134890411939,8803683
2019-11-04,76.39002990722656,77.91979024829025,76.1154552192632,77.62560536269402,15175738
2019-11-05,76.6449966430664,77.07646891523532,76.05662681379543,76.39003744775252,8153818
2019-11-06,76.5273208618164,77.07647030182926,76.37042330189179,76.64499802189822,9183411
2019-11-07,76.17430114746094,77.21375348252758,75.95856766440006,76.88034815783068,15498054
2019-11-08,75.174072265625,76.6449968426324,74.86027183041946,76.58616092358898,11762251
2019-11-11,75.21329498291016,75.74282891098974,74.66415085460653,75.17407458246204,10089055
2019-11-13,74.232666015625,76.23312422777732,73.86003503308619,75.31134920979254,9456977
2019-11-14,73.74237060546875,74.5857049812258,73.31090363763019,74.52686373998912,19380370
2019-11-15,73.60508728027344,74.09539548080349,73.25206111974421,73.74236932027428,18256039
2019-11-18,74.78179931640625,74.91908130565704,73.21281365472856,73.62467026284595,11766437
2019-11-19,76.66460418701172,76.88034297571528,74.60530985589622,74.91910495923062,22218922
2019-11-20,76.91956329345703,77.33142535136209,76.09584981801527,76.86072737666608,9597590
2019-11-21,76.99800872802734,77.25296789437259,76.09584388705682,76.80188547388734,12107895
2019-11-22,77.95901489257812,78.920015646878,76.88033699354632,76.88033699354632,16199814
2019-11-25,77.9001693725586,78.60621624153852,77.58637431091206,78.05707222356534,6529113
2019-11-26,76.25275421142578,78.21398708166046,76.05663092440231,78.0766997167071,21594044
2019-11-27,76.5273208618164,76.88034702187737,76.13507430191264,76.46848494186774,12155700
2019-11-28,76.93917083740234,77.56676629854907,76.17428803785107,76.95878103423858,6724188
2019-11-29,75.8212661743164,76.84110811914103,75.35056825511009,76.64498487283566,17547179
2019-12-02,75.07599639892578,76.48808478927398,74.68374991939481,76.48808478927398,19957065
2019-12-03,74.29151153564453,75.35057395367753,74.17383438685157,75.35057395367753,7451455
2019-12-04,73.89925384521484,74.52684392986255,73.62467919304412,74.3111105032878,10311154
2019-12-05,73.46778869628906,74.0953841611256,73.15398830377896,73.93848130477872,4569931
2019-12-06,73.19320678710938,73.80119199493153,72.89902194079698,73.52661734363339,5388071
2019-12-09,73.72274780273438,74.07576858888493,72.7813572662717,73.35011149946322,5459781
2019-12-10,71.68306732177734,73.72275134904858,71.46733386435885,73.72275134904858,10563080
2019-12-11,71.29081726074219,71.89880252721439,69.9375700292724,71.78112538522768,39214905
2019-12-12,72.46757507324219,73.87966389265496,71.01626585010585,71.6830818758112,63493233
2019-12-13,72.84019470214844,73.56585180676149,72.56562001818119,72.84019470214844,12987237
2019-12-16,73.33050537109375,73.70314169503972,72.74213558813733,73.03632047961554,8479418
2019-12-17,73.7619857788086,74.07578090306616,72.80097956546994,73.48741105494483,17903634
2019-12-18,73.42857360839844,74.1346152833994,73.01671685134528,73.36973768884576,10099352
2019-12-19,73.11477661132812,73.40896152171423,72.52640679055591,73.3893460022446,5749401
2019-12-20,72.9970932006836,73.52662705804507,72.60484668710973,72.82058546168565,9690984
2019-12-23,72.87942504882812,73.54624096341024,72.46756299670166,72.82058913286266,17045076
2019-12-24,73.40896606445312,73.50702770731681,72.76175496540513,73.13439133636096,3748896
2019-12-26,72.50679779052734,73.54625016998365,72.19300265264101,73.46780404560445,3925143
2019-12-27,74.15423583984375,74.33074361048998,72.76175727487129,72.76175727487129,7122947
2019-12-30,74.64454650878906,75.11523923274403,74.01695088999749,74.13462274093999,6925363
2019-12-31,74.62492370605469,75.40942214314322,74.23267714760264,74.33073878721565,11907723
2020-01-01,76.68421173095703,76.84110926630694,74.62491229382368,74.74258943547385,13620373
2020-01-02,76.5273208618164,77.15491642169934,76.23313594188858,76.7038339418469,5673692
2020-01-03,75.7035903930664,76.40963191474542,75.01715374673503,76.19389848317219,7358268
2020-01-06,75.74281311035156,76.0762236858999,73.74235497724496,75.31134623395381,7355290
2020-01-07,75.19367980957031,76.29197331372383,74.97794634063554,75.76243942066625,14023712
2020-01-08,74.74259185791016,74.89948939834518,74.07577066083154,74.6445302301153,9451757
2020-01-09,75.68397521972656,75.86048826103645,74.97793369485359,75.29172874586752,7714854
2020-01-10,75.37019348144531,75.9781734952418,74.91910570068457,75.9781734952418,4118638
2020-01-13,76.4096450805664,76.48809651657427,75.23290546155353,75.46825444939294,27682638
2020-01-14,76.5861587524414,77.01762569331771,76.1939122096926,76.40964568013075,5994314
2020-01-15,76.19392395019531,76.80190405706418,75.66438997185321,76.6450064798256,7114590
2020-01-16,77.05683898925781,77.547147088651,76.13505869836193,76.13505869836193,8552344
2020-01-17,77.42948913574219,77.60599689101542,75.95856457421024,76.86072951054277,4698386
2020-01-20,80.27326965332031,82.76403609200915,79.72412559538654,80.175208024397,49337827
2020-01-21,78.68466186523438,80.13597598687902,78.05707174578275,79.88101683582886,17283910
2020-01-22,78.46894073486328,79.37110566322076,75.72321491094227,78.6454538087605,56787054
2020-01-23,79.2142105102539,81.35195638033247,76.05662784509126,77.17453159990129,226059260
2020-01-24,77.25297546386719,77.7236734479972,76.19391297985108,77.0568521905104,16151679
2020-01-27,75.7035903930664,77.0568375296484,75.42901573453385,77.03722733411749,8213919
2020-01-28,74.70337677001953,75.70360870792994,74.17384284055925,75.70360870792994,9174575
2020-01-29,75.46825408935547,76.01739817823817,74.23267323913919,74.70337121257246,17600091
2020-01-30,76.25275421142578,76.58616486340262,75.07601448928499,75.46826106333192,26386034
2020-01-31,73.2912826538086,76.68421946383737,72.60485121227188,76.6057680281595,63986362
2020-02-03,73.4874038696289,74.13460957524417,69.60416431575327,70.95741164200628,16329297
2020-02-04,76.2331314086914,76.60576774651499,73.7423648373788,73.87965218921822,14207381
2020-02-05,74.27190399169922,76.76267073960801,73.74237006573681,76.13507517254827,14550344
2020-02-06,75.66438293457031,75.99779358030857,73.99733502606361,74.50725343470948,9175642
2020-02-07,74.68375396728516,75.62514450514658,73.95809687678526,75.62514450514658,18058457
2020-02-10,73.19320678710938,74.95831586498373,72.46754976883551,74.80141834432042,30471811
2020-02-11,74.33074951171875,74.99757088537055,73.78160531469179,73.93850289667304,32456571
2020-02-12,74.27190399169922,75.27213592300258,73.95810886826162,74.54647871484552,16386952
2020-02-13,74.74259185791016,74.9779408286546,73.62468823701191,74.05616046334609,18581113
2020-02-14,72.21260070800781,75.0760034704004,71.93802601840035,74.72297734942397,23830630
2020-02-17,72.01647186279297,72.87941626016948,70.82012220842338,72.5656158792219,17670292
2020-02-18,72.56562042236328,73.09515427571597,70.93779846739183,71.62422986094951,30879880
2020-02-19,73.54623413085938,73.72274718254155,71.78112489477196,72.9578643854969,22313738
2020-02-20,74.232666015625,74.80142556816268,72.9186444980097,73.5462346412716,25907657
2020-02-24,72.9970932006836,74.21305845679933,72.58523648950457,74.13460702601103,14921452
2020-02-25,73.01671600341797,73.62469603204265,72.70291556914042,72.99710048367191,17807428
2020-02-26,72.89903259277344,73.89926440849891,72.15376527058717,72.56562198753161,17113656
2020-02-27,73.13438415527344,73.62469232144834,71.11431557466967,72.60485027176773,28472046
2020-02-28,71.19275665283203,72.68329656467046,70.27097630159496,71.9576394660292,28010970
2020-03-02,71.97724914550781,73.42856333235153,71.29081776635972,72.07531077110039,19540018
2020-03-03,75.19367980957031,76.37041942961639,71.40850176245895,72.09493320748582,16039306
2020-03-04,77.29219055175781,77.66482684795679,73.95809536326593,74.80142425867129,16939245
2020-03-05,76.8607177734375,78.27280620091044,76.31157375169346,76.89994348645855,9715265
2020-03-06,74.76219940185547,75.54669239637035,73.8011986756849,74.722973688093,14371982
2020-03-09,70.9770278930664,73.97771279202473,69.80028829973497,72.52640381902641,69609292
2020-03-11,71.15353393554688,72.13415023983342,69.52571193446799,70.40826660832589,42604599
2020-03-12,65.15214538574219,69.78065087152636,64.62261167096781,69.11383517011402,58418097
2020-03-13,65.85821533203125,67.701776376406,58.64087936203925,63.8577567205189,44617540
2020-03-16,64.23552703857422,66.24860802503196,63.035816731764044,66.04526673411645,39669086
2020-03-17,65.88261413574219,69.27841579361845,63.340847253497564,63.666191208030014,35460792
2020-03-18,58.62331008911133,67.0619737302511,49.67628770059201,66.69596050684456,119909061
2020-03-19,59.8433723449707,61.77511509234402,56.976256115592875,59.131677648570005,44039786
2020-03-20,63.95086669921875,65.82160809300936,60.29072265240587,60.29072265240587,131485883
2020-03-23,62.222469329833984,63.38151612210551,57.56595023224671,57.56595023224671,39665620
2020-03-24,59.904354095458984,63.930510246597244,59.131658351864395,61.836096212438036,42302851
2020-03-25,61.10408020019531,63.82885044448047,60.331378809441404,60.39238561522749,23309603
2020-03-26,64.3982162475586,65.76059873276711,59.88403766144332,61.246425662638394,25329120
2020-03-27,65.06925201416016,67.61101902455852,63.706863793389154,64.49989730702842,28883749
2020-03-30,63.3001708984375,65.02857218772834,62.2427948888505,63.03582827503739,22364337
2020-03-31,64.70323181152344,65.80127173406827,63.60518637299176,64.41855173013023,24838523
2020-04-01,62.8731575012207,65.86227066862521,62.28346543206672,64.66256011949996,14182117
2020-04-03,63.52385330200195,65.25225484022499,61.714118530396135,62.85282792565401,21066826
2020-04-07,64.25587463378906,65.84193585043188,63.605181296811224,65.4759225721276,24741992
2020-04-08,64.3982162475586,66.16728138888585,63.137498910393205,64.21520684591054,21481260
2020-04-09,66.87898254394531,67.79401853376945,64.39821720166921,65.43525578374191,15607786
2020-04-13,65.04889678955078,67.06197791797305,63.95085705076348,66.69596467171063,14901247
2020-04-15,64.88624572753906,66.65531675570666,64.43889360883185,65.65894183294914,25249654
2020-04-16,66.45196533203125,67.79402148512389,64.05253862412164,64.33721319042357,31150756
2020-04-17,68.2210464477539,70.45780152643557,66.79765685222921,68.18037707039852,18536308
2020-04-20,67.30598449707031,68.81071227090696,65.94359673145911,68.81071227090696,24177042
2020-04-21,66.14694213867188,67.5093299890231,65.9436008331265,66.69596476684158,13915863
2020-04-22,65.96394348144531,66.18762226350161,63.68652490187207,65.06924490118064,19702407
2020-04-23,64.25587463378906,65.84193585043188,64.0932026785412,65.67926389518402,32128585
2020-04-24,64.72356414794922,65.10991490142551,63.34084413527583,63.849197486698905,33134279
2020-04-27,64.90657806396484,65.67927410853888,64.11354457433077,65.67927410853888,9762001
2020-04-28,63.93052673339844,65.23191343841964,63.76785477426743,65.08957340568504,26134701
2020-04-29,64.27620697021484,65.31325103401777,63.44250974675348,64.86589901723924,14509262
2020-04-30,65.9029312133789,66.47228576350194,63.93051945403667,64.90656212966006,18702868
2020-05-04,64.68289947509766,65.67927432265667,64.09321285420515,65.43526359305167,12598146
2020-05-05,66.55362701416016,67.44833099539528,65.15056975176554,65.65892303292502,18305545
2020-05-06,67.26532745361328,67.77368077895224,66.16728206448649,66.24862080293536,12853774
2020-05-07,65.78093719482422,67.10265584769785,65.47592519800723,66.55363315022993,8561359
2020-05-08,64.66254425048828,66.12660258468607,64.29653104593515,66.12660258468607,30898767
2020-05-11,64.58121490478516,66.0452734514811,64.39821103393948,64.7845562163822,9453421
2020-05-12,66.41129302978516,67.1026557614093,64.13386901994956,64.45921845906128,19986028
2020-05-13,67.77368927001953,69.90877350393845,65.90294769519787,69.72576959348063,27175817
2020-05-14,65.39459228515625,66.69597912724443,65.06924833262778,66.69597912724443,26454121
2020-05-15,64.98789978027344,65.78093312938061,64.35754389887072,64.74388909470305,20009870
2020-05-18,62.83248519897461,65.150572965828,62.344463818591585,65.00823845287049,32898286
2020-05-19,64.27620697021484,64.78456028110263,62.62914444933304,63.03582709804326,12276533
2020-05-20,64.43888092041016,65.33358498165171,63.34084104450819,63.544182375155216,24677051
2020-05-21,64.62189483642578,65.00824559802561,63.84919882921312,64.07287210214756,17176100
2020-05-22,63.38151168823242,64.255878324398,62.66981701665795,63.84919565492687,25080927
2020-05-26,63.99153518676758,64.5405523734258,63.239171150993954,63.50351378086396,18512685
2020-05-27,63.910194396972656,64.21520638688139,63.34083978567365,63.991533134009586,22655078
2020-05-28,63.95086669921875,64.39821874147101,63.46284528658233,64.39821874147101,25797051
2020-05-29,64.07286071777344,64.52021270014444,63.68651554080587,63.950858138938635,63844851
2020-06-01,64.60155487060547,65.49625336701172,64.1338654228629,64.47954676928669,45314328
2020-06-02,67.12299346923828,68.46504967868705,64.49989338365646,65.00824675481422,43626060
2020-06-03,66.91964721679688,68.11936329120694,66.6349726594022,67.30599795695922,13811685
2020-06-04,68.83106231689453,69.11574240830119,67.14333024466463,67.18399961714944,23992166
2020-06-05,69.72577667236328,70.8848236202171,66.91966126724736,67.91603621729436,22851633
2020-06-08,70.09176635742188,71.12880481944048,69.48174243482599,70.53911833718938,11723588
2020-06-09,69.35974884033203,70.78314380660166,69.13607556168249,70.76280636200534,8412588
2020-06-10,69.15641784667969,69.64443936625413,68.56673115284752,69.35975922717104,10101681
2020-06-11,69.54273986816406,72.51152610312103,68.26169080493634,68.34302401384808,22109491
2020-06-12,67.63134765625,68.89206513512704,67.34667307455982,67.52967698079198,20331770
2020-06-15,66.39096069335938,67.50933800668157,66.12661806795326,67.1839940855643,13833335
2020-06-16,66.16727447509766,67.61100106305676,65.65892120806684,67.38732783195759,13972830
2020-06-17,64.86590576171875,65.80127374461323,64.3982217702715,65.41492849775986,28371013
2020-06-18,67.2856674194336,67.63134328083765,64.86590329368428,65.35391919471833,19720997
2020-06-19,69.70542907714844,70.0714479139121,67.1229928714677,67.4483423357035,21577413
2020-06-22,72.633544921875,73.10122890468728,69.40041538176132,71.7388408118096,33039735
2020-06-23,76.23268127441406,76.86303717368017,72.81654812757932,73.81291730758014,34298071
2020-06-24,72.59288787841797,76.61905154146875,71.98286374959062,75.94802058696838,32910525
2020-06-25,72.93855285644531,74.54495157279752,70.90513955270157,72.55220212233935,40909792
2020-06-26,72.87754821777344,74.0569267766516,72.45052813398189,73.58924284143964,11954078
2020-06-29,72.4911880493164,73.32489066649705,72.04383609814455,72.38951740204942,7547198
2020-06-30,71.10848236083984,73.18256507695901,70.76280098882219,72.79621433482397,11889584
2020-07-01,70.53913879394531,71.33216681371104,69.90877724819616,71.16949482370687,15209917
2020-07-02,71.21014404296875,71.90150669976912,70.1934374982541,70.55945075115417,15481100
2020-07-03,72.22686004638672,72.95888664805177,71.21015336852595,71.57616666935849,22720042
2020-07-06,72.38953399658203,72.67421408058372,71.4948354051238,72.5522059663029,11724475
2020-07-07,70.39679718017578,72.59288278672229,69.82744246973594,72.59288278672229,20855578
2020-07-08,69.0344009399414,71.0271449532136,68.64805019055768,70.35611963964061,16818545
2020-07-09,69.76642608642578,70.1527712811618,68.93272337275828,69.33940600889278,16110083
2020-07-10,70.19345092773438,70.66113492458366,68.9327334678893,69.78676823204158,23809286
2020-07-13,68.77005767822266,70.8441404144066,68.40404437559884,70.19344703419384,10803798
2020-07-14,66.43164825439453,68.64806604542987,66.28930818143179,68.52606342059788,16288923
2020-07-15,66.51296997070312,67.63134739644525,66.32996606517398,67.12299402110793,15061461
2020-07-16,65.96394348144531,66.89931694861495,64.86590356257682,66.89931694861495,15458966
2020-07-17,66.41129302978516,66.63497180342196,65.740267740848,65.740267740848,13711930
2020-07-20,66.49264526367188,66.79765732200082,66.02496121076506,66.41130650838906,8390572
2020-07-21,70.62046813964844,70.9458176177171,66.73665045985767,66.73665045985767,33717545
2020-07-22,73.06055450439453,73.77224915151035,70.68146538253946,70.7627986040465,46076322
2020-07-23,73.91458892822266,74.23993836108396,72.16585572204433,72.38952897539743,18738194
2020-07-24,74.01626586914062,74.524619229863,72.65387775920723,72.99955914769585,14438899
2020-07-27,73.56893157958984,73.8332798038102,72.69456469113538,73.73160910710646,11938756
2020-07-28,73.97559356689453,74.3619443121349,72.67421232458543,73.2842363332891,11893746
2020-07-29,73.91458892822266,75.03296622696116,73.40623561061425,73.73158504347555,13335993
2020-07-30,71.9218521118164,74.52462025118733,71.41349874412727,74.21960823057384,23995122
2020-07-31,72.51153564453125,72.93855021646719,71.65750098467295,71.82017293988729,14354565
2020-08-03,72.61322021484375,72.99956549298257,70.80347988697054,72.79622413101872,12500988
2020-08-04,72.4911880493164,72.81653743016214,71.41348029148351,72.32851611688636,9628257
2020-08-05,71.55583190917969,72.3691972192658,71.23048247555333,72.00318393292436,10577794
2020-08-06,71.53550720214844,72.28787135111718,71.33216583842649,71.84051924773138,8564058
2020-08-07,71.55583190917969,72.3691972192658,71.27115184425493,71.49483061412053,8026904
2020-08-10,72.08451843261719,72.71487986870406,71.67783577036242,71.92184647091261,7766140
2020-08-11,71.9218521118164,74.15860692964857,71.39316681581454,72.45053740781827,21833550
2020-08-12,72.40985870361328,72.97921325548202,70.43744693822339,71.65749477050754,19435650
2020-08-13,72.69454193115234,73.3249033629482,71.73883657816201,73.18256332893066,10641012
2020-08-14,71.33214569091797,73.46722940695174,70.80346050096112,73.46722940695174,17130105
2020-08-17,72.65387725830078,74.21960670172832,71.41349727308464,71.57616924419689,17368089
2020-08-18,72.28787231445312,73.16223908691218,71.79985634460947,73.14190715666403,13890131
2020-08-19,72.12520599365234,72.95890345515737,72.00320337059874,72.59289007000852,12400644
2020-08-20,73.69091796875,76.49702726610083,71.75917530170598,72.06418730176556,44062975
2020-08-21,76.9037094116211,77.47306403800943,74.26027209568764,74.42294405808622,49949864
2020-08-24,75.33797454833984,77.53406518624118,74.99229320600455,77.1273825519611,19724617
2020-08-25,75.13465118408203,75.96835409315518,74.42295640403759,75.84634596412646,10109220
2020-08-26,75.378662109375,77.12740116847024,74.8703086938219,76.04968751470759,18000615
2020-08-27,75.3176498413086,76.31402459717974,75.11430850468075,76.00901259223798,10363056
2020-08-28,74.13826751708984,75.94800201377849,73.93492619054146,75.84633135050431,12114955
2020-08-31,72.77587890625,75.37864676070643,72.38952818270369,74.62628275568736,24259718
2020-09-01,73.3655776977539,74.13827927396221,72.63355101248932,72.81656044179915,16505345
2020-09-02,75.37899017333984,76.16938664354547,72.9037954363429,74.02699428087045,30959608
2020-09-03,74.25579833984375,75.48299698427617,73.90219825226623,75.04619488467647,11884498
2020-09-04,72.82062530517578,74.04781863344172,72.25902568061869,73.7150217815873,17373558
2020-09-07,73.27821350097656,73.61101596763241,71.98862157501496,72.82061927813628,13069001
2020-09-08,72.7582015991211,73.21580138042368,72.27980413599114,73.15340269259708,9597878
2020-09-09,72.90381622314453,74.02701538792579,72.13421721337556,72.79981650945535,20122483
2020-09-10,73.88142395019531,74.23502414966956,72.44622546388365,73.21582457042257,19635358
2020-09-11,72.8622055053711,74.1726062372112,72.42540902298761,74.08940422040253,31182063
2020-09-14,71.34381103515625,73.83980383194185,71.03181193555805,73.83980383194185,14143608
2020-09-15,72.09263610839844,72.34223095676903,71.1358351677066,71.48943539269388,7858789
2020-09-16,71.53102111816406,72.15501939034367,71.05262357129546,71.96781765175159,13201491
2020-09-17,70.01261901855469,71.30221654322231,69.8462206120304,71.28141885828627,10765947
2020-09-18,71.51021575927734,71.96781560768115,69.59661998380847,70.3454212745634,23788415
2020-09-21,70.92781829833984,71.42701915730474,69.74222049005719,71.135817715851,13331596
2020-09-22,70.22061157226562,70.90701410088423,69.26381659653181,70.22061157226562,9039386
2020-09-23,68.1822280883789,70.67822121674295,67.72462821970971,70.67822121674295,8404497
2020-09-24,66.28943634033203,68.66062645491527,65.93583618116254,67.4958319048406,20770480
2020-09-25,66.87181854248047,67.59981638277306,66.4350164528983,66.97581823395085,8761400
2020-09-28,69.95024108886719,70.32463902528787,66.97584964626544,66.97584964626544,16915185
2020-09-29,67.9326171875,70.47021093909302,67.59982041189701,70.30381255129154,13468026
2020-09-30,67.57902526855469,67.9118277267938,66.68462888878805,67.78702468907461,14349950
2020-10-01,68.47342681884766,69.05582406382135,67.72462552472831,68.5358255161046,14856837
2020-10-05,67.74543762207031,69.22223143182698,67.45423614071312,68.2238352194319,10360105
2020-10-06,67.89102172851562,68.39022257506315,67.32942782908111,67.84942635992431,8989183
2020-10-07,66.3934326171875,67.89102392049202,66.14383218585496,67.80782753827808,17614061
2020-10-08,65.8526382446289,67.01743850943437,65.72784083591753,66.64303499860826,12953710
2020-10-09,65.72782897949219,66.28942850208028,65.18702714048904,66.01902476140621,11980039
2020-10-12,66.47661590576172,67.7246121742661,65.95661746055156,66.22701552359199,20670634
2020-10-13,66.74702453613281,67.39182609568438,66.22702600859694,66.55982845162698,11179799
2020-10-14,65.33263397216797,66.89262965750869,65.02063483509983,66.74702893174113,13362234
2020-10-15,64.79180908203125,65.33260509027224,64.31341174514992,65.14540907619329,15536883
2020-10-16,66.12303924560547,67.05903677837642,64.62544770704893,64.93744688463926,18673957
2020-10-19,66.4558334350586,67.5582292627476,66.31023270860635,66.53902981992736,18793008
2020-10-20,65.39502716064453,66.72622562356761,65.27022977327144,66.55982722628849,13701957
2020-10-21,68.11981964111328,69.11821562112549,65.41582747231014,65.56142817909927,36573148
2020-10-22,68.68141174316406,69.01420848653004,67.05901210280851,67.45421317260674,39056262
2020-10-23,70.78221893310547,71.30221748684143,68.51502862422394,68.68142703295037,29149043
2020-10-26,71.57262420654297,71.94702205223652,70.57422242823264,70.74062084383581,36760149
2020-10-27,72.17581176757812,72.9454107084679,71.34381413252864,71.57261686757428,23610507
2020-10-28,71.9054183959961,72.6126186892596,71.36462215456784,72.6126186892596,14060472
2020-10-29,71.38541412353516,72.0926143601681,70.82381459942606,71.15661703410126,17654072
2020-10-30,71.13581848144531,71.55181732094478,70.42861819735806,70.92781906169557,22904945
2020-11-02,71.9886245727539,72.55021853187017,71.53102468851279,71.7806251383121,13423596
2020-11-03,74.85899353027344,75.17099258978845,72.32140005108246,72.38379873451665,27441682
2020-11-04,73.67341613769531,74.87981170283628,72.65421667408644,74.85901401678126,19461431
2020-11-05,74.48460388183594,74.79660297525703,73.46540458638916,74.04780176563958,10248002
2020-11-06,74.23502349853516,74.65102240195101,73.67342385045453,74.1518214609135,8815864
2020-11-09,76.56461334228516,76.83501148287002,74.50541665178143,74.83821349521729,15228920
2020-11-10,77.33419799804688,77.72939347078567,75.5246020980688,76.25259999465293,13815795
2020-11-11,78.89420318603516,79.45579711853848,76.5022041609612,76.5022041609612,15502357
2020-11-12,78.831787109375,79.43498760781362,77.85419447323225,79.2477858966169,26079694
2020-11-13,78.5614013671875,79.01900123350596,77.45900553629227,78.45740165403993,11968619
2020-11-14,78.20780181884766,78.99820415875838,77.79180296304015,78.62380067465516,1162700
2020-11-17,77.70860290527344,78.72779666843387,77.31340175399275,77.79179928709625,16872514
2020-11-18,77.12620544433594,78.91499817776848,76.85580168772924,77.70860268482477,16685757
2020-11-19,78.95660400390625,82.0349944419114,74.214212482218,74.25581349672056,64832376
2020-11-20,79.80941772460938,80.70381999344426,78.66542059617558,80.49582051554721,27479934
2020-11-23,81.01578521728516,81.4941826872506,79.24778475463965,79.87178856885515,20909280
2020-11-24,80.91178894042969,82.24298171125601,80.39179044190108,81.11978833984112,15308572
2020-11-25,81.24459075927734,82.13898710372533,80.51659281620535,80.91179395652536,19854793
2020-11-26,82.22219848632812,82.84619679428725,80.22540051545143,81.18220130639625,24879552
2020-11-27,80.03820037841797,82.22219434630728,78.49900237268159,82.22219434630728,46793847
2020-12-01,80.01741027832031,81.72300697795428,79.7262144198708,81.05740757781098,18193922
2020-12-02,80.76618957519531,81.2029860642836,78.85259394032556,80.22538774232727,15836732
2020-12-03,80.4749984741211,81.16139546314352,79.45579901242266,81.11980009111144,21308517
2020-12-04,80.84940338134766,81.93100163792177,80.18380966254463,80.78700467550314,14838659
2020-12-07,80.49580383300781,82.05579959393077,80.07980496342836,80.28780439821809,22078115
2020-12-08,79.70539093017578,80.9533873739337,79.49739152288281,80.70379259905813,15896364
2020-12-09,80.16300201416016,81.01580308925047,79.49740268886538,80.24620404570169,18701467
2020-12-10,80.18379974365234,81.28619555169074,79.66379554635056,80.28779945464362,13612880
2020-12-11,80.32938385009766,81.22378575630057,79.93418838773198,80.70378727238942,14876364
2020-12-14,80.8285903930664,81.95178945503628,80.20459216804872,81.53579063835781,20316890
2020-12-15,80.20458984375,80.99498644406465,79.60138932010874,80.87018905961573,16084083
2020-12-16,81.6189956665039,81.88939379753346,80.10060095317267,80.99499737535307,35024972
2020-12-17,82.51542663574219,83.41187038121976,81.78973270133284,82.51542663574219,23058726
2020-12-18,82.77156829833984,83.15575688593587,81.98184377445565,82.5154406433103,20310375
2020-12-21,79.18579864501953,82.47275791957688,78.73757955753308,82.38738588809694,21609326
2020-12-22,81.23480224609375,81.55496034410662,78.97234821286504,79.16444538763123,23934507
2020-12-23,81.08540344238281,81.83243909162884,80.67986748826195,81.74706127289913,9836093
2020-12-24,81.10672760009766,82.06720759009022,80.87194733380997,81.21344695566398,12945145
2020-12-28,81.76840209960938,82.08856020946052,81.10673853197919,81.19211634389804,6879688
2020-12-29,80.97867584228516,82.23796669626202,80.67985929696637,81.78974187828383,8549660
2020-12-30,81.19210815429688,81.38420531678985,79.74072602734746,81.10673035098982,19132583
2020-12-31,81.04271697998047,81.53362497775643,80.27433974780044,81.32018621438453,23272111
2021-01-01,80.8932876586914,81.06404325691706,80.4664102429183,80.67984895080485,3074621
2021-01-04,80.44507598876953,81.27748934102983,80.25297881827991,81.10673372730749,7133203
2021-01-05,80.25297546386719,80.89329161887393,79.4845983938174,80.89329161887393,10478882
2021-01-06,83.7320327758789,84.35100159672953,79.82609952512655,80.25297696980803,54265234
2021-01-07,84.11621856689453,86.14388636281198,83.45456086523765,84.52175444203631,40129922
2021-01-08,86.89093017578125,87.08302735393318,84.32966534653572,84.84192062834333,29487917
2021-01-11,86.89093017578125,87.5099048254741,85.99448632756607,87.08302735393318,12726089
2021-01-12,86.9549560546875,87.40318085011498,85.35416562079499,85.82373197271598,31454127
2021-01-13,87.5098876953125,88.19289267405821,86.48537733224636,86.99763251377944,23792586
2021-01-14,87.5525894165039,88.57709999738836,86.9122731983993,87.91543643140912,12024674
2021-01-15,86.65613555908203,87.83004841178463,86.44269685859065,87.06166561607847,13530190
2021-01-18,83.56128692626953,86.22927108229396,83.04903165235437,85.90911298357102,26118654
2021-01-19,85.22611236572266,85.3755206443002,83.34785257903823,83.47591350930672,19382828
2021-01-20,83.7320327758789,85.631633930774,83.30515533119741,85.37551209588183,21158179
2021-01-21,83.30516052246094,84.3936957582738,82.87828305117806,83.86009891917018,12509109
2021-01-22,82.89962005615234,83.7960638545953,82.38737059268205,83.24112548836182,16720401
2021-01-25,81.19210815429688,84.00950039478442,80.9359805342715,83.00633726045758,9393599
2021-01-27,82.10989379882812,82.96364867557531,80.80791992774698,81.106730660671,18874916
2021-01-28,79.95416259765625,81.51226404193135,79.31384645974356,81.51226404193135,16072463
2021-01-29,78.73756408691406,80.67985413759041,78.11858947829191,80.55179322058383,13415015
2021-02-01,80.63717651367188,80.87195680746264,77.90515605921794,78.73756944610567,9485240
2021-02-02,82.89962005615234,83.51859467147857,80.76523281695292,81.53360990710634,10803602
2021-02-03,88.15021514892578,89.6442861995926,83.02768583235384,83.02768583235384,73411707
2021-02-04,87.6593017578125,88.64112335412322,87.16839385460509,88.15021545091581,23523019
2021-02-05,88.40635681152344,88.91860635058752,85.90912221515853,87.78738210485378,28755118
2021-02-08,90.73283386230469,91.09568089685835,87.80872181663806,88.15022729205779,28436890
2021-02-09,89.96443939208984,92.8245204210151,89.64428132720548,89.64428132720548,27738169
2021-02-10,89.83638000488281,91.35179844262794,88.3636562604723,89.87906890832139,34189378
2021-02-11,91.24507141113281,91.69329038483133,88.93993450802012,89.15337321738046,20504448
2021-02-12,90.77550506591797,93.48617783197795,89.87906132888848,93.48617783197795,25066544
2021-02-15,90.69014739990234,91.97078572989219,90.30595879585381,91.35181101955516,8599603
2021-02-16,96.28221893310547,98.1391425809987,91.05297075489152,91.0956596531009,80200957
2021-02-17,98.20317840576172,98.69409210612648,94.85219504870754,96.26088832046942,39034960
2021-02-18,100.95654296875,101.72492008474292,97.54152327118838,98.6087169266764,44291912
2021-02-19,99.12097930908203,100.78580616300958,97.64824964288351,99.67591773379351,36335681
2021-02-22,96.02611541748047,99.84667121190238,95.44982965660448,99.22769654468438,25800846
2021-02-23,96.51702117919922,97.79764781117336,95.89804652600333,96.36761290533508,18293559
2021-02-24,95.08699035644531,97.41347514702977,94.59608236840275,96.53837276061775,11421326
2021-02-25,97.13599395751953,99.37709486263977,94.25456527403082,95.49251455652826,30696079
2021-02-26,91.4798583984375,97.00792369309312,90.15653714517171,94.55337835506153,38070699
2021-03-01,97.0079345703125,97.6695923761872,92.80319005745683,92.84587896523185,31441940
2021-03-02,96.06878662109375,97.90435725711555,95.34309846285299,97.75495478828955,18223787
2021-03-03,97.11465454101562,98.24588454946388,95.492522354779,98.1818482924599,19350542
2021-03-04,96.11148834228516,98.16050375686376,95.21504446027555,95.21504446027555,22865747
2021-03-05,94.019775390625,96.4743205680529,93.63558686865889,96.4743205680529,17342685
2021-03-08,95.71540069580078,97.34580118899682,94.34586546091461,94.71542408543755,15749448
2021-03-09,93.91109466552734,96.56321405591244,92.71546760319734,95.86757531297644,12585004
2021-03-10,93.54153442382812,95.19367714704795,93.04154611302192,94.78063999199485,10661165
2021-03-12,95.67192077636719,96.04147939550717,93.65022537365046,93.78066094940174,18173078
2021-03-15,97.45448303222656,98.47620173322026,95.54148119246769,96.08494795927372,30092241
2021-03-16,97.58491516113281,98.78054200604043,97.17187807409535,97.8892530016416,14767699
2021-03-17,95.84583282470703,97.82404965980727,95.36758085117958,97.80231334614379,12571132
2021-03-18,96.106689453125,97.17188673229592,95.71539453932479,96.08495314007749,14232655
2021-03-19,100.08487701416016,100.91093951651828,95.2806267153448,96.47625373721851,70334403
2021-03-22,97.19361114501953,101.91090943405507,96.60667179467978,101.91090943405507,29180881
2021-03-23,95.21540069580078,97.38926775305725,94.99801399007514,97.19361735910745,38455903
2021-03-24,96.106689453125,97.34579492765243,94.30238086944084,94.36759570557551,24398959
2021-03-25,94.08499145507812,97.12840542608349,93.62848171822411,96.10668669927614,20272124
2021-03-26,93.30240631103516,96.51972863314249,92.23720900917215,95.36758018024496,25184863
2021-03-30,96.23713684082031,97.2588557223766,93.65023221485791,94.30239245027772,53328751
2021-03-31,93.75891876220703,96.12843647053943,93.32414530357667,95.60670596138603,20694060
2021-04-01,95.0849838256836,95.36758540175511,93.36762626056868,94.19369467408256,11229344
2021-04-05,93.10675048828125,95.21540275890823,92.75893411038052,93.56326611839188,14484908
2021-04-06,90.95462799072266,95.21541144202183,90.65029010655358,93.56327465083983,25301732
2021-04-07,91.54156494140625,93.99803948552142,91.10679152078295,91.69373681802278,22841720
2021-04-08,90.86767578125,92.82415633086607,90.65028905351487,92.15025393669177,20468881
2021-04-09,90.56331634521484,91.93285131375485,90.43288668992204,91.04156824294077,11773021
2021-04-12,87.45469665527344,89.84595048752236,86.3025482609519,89.84595048752236,18544315
2021-04-13,90.75896453857422,91.0415660495611,88.01988877049283,89.19377922781217,19831072
2021-04-15,90.34593963623047,91.91112515761836,90.01985956498267,90.38941815846192,10159348
2021-04-16,91.23723602294922,93.38936112766591,90.1068238391928,90.21551720499644,22020846
2021-04-19,87.4764404296875,89.99813004245304,86.95471581452365,89.49813584455637,18404990
2021-04-20,88.56336212158203,89.4329089264108,87.67207900542921,89.12857108291574,14467660
2021-04-22,88.45468139648438,89.08510527876494,87.47644110142369,88.69381034013917,11626459
2021-04-23,91.80244445800781,92.56329806249046,88.69381519623441,88.82424488392002,38318040
2021-04-26,93.82413482666016,94.10674229605382,90.51985531852716,90.51985531852716,19139358
2021-04-27,94.19369506835938,95.86757411408692,93.82413643795314,93.93282980589659,15270611
2021-04-28,96.0414810180664,96.38930332895363,94.04152189569064,95.1284555603522,16383579
2021-04-29,95.71540069580078,97.23710782278376,95.23714870506477,96.997984775912,14761969
2021-04-30,95.67192077636719,96.65016105803583,94.1936921967997,94.67194418056954,16897105
2021-05-03,95.99800872802734,96.8892979291427,94.23717843569067,94.56325855627101,15528063
2021-05-04,94.8023681640625,96.38929590991735,94.21542874791572,96.25886034200201,20857434
2021-05-05,94.86759948730469,95.80236129192151,94.25891189639816,94.80237874756989,23178237
2021-05-06,93.65023040771484,95.38932433527552,92.86764049910964,94.9762930656755,18823613
2021-05-07,93.2806625366211,94.25890277405647,92.82415278461478,94.0632582647647,12509591
2021-05-10,95.58497619628906,95.71540588401763,93.45458728243449,93.65023181402734,17845577
2021-05-11,97.12841796875,97.9110137719784,94.9545505658812,95.65018931419776,22995780
2021-05-12,98.23709869384766,102.171796526956,96.97625082083599,97.1284227258884,55645370
2021-05-14,99.4979248046875,99.9979189993383,97.32406341012845,99.01967871814013,18820793
2021-05-17,99.30227661132812,100.43268277637472,98.73706763181296,100.41094646435145,10996347
2021-05-18,101.345703125,104.28043550550775,99.34575010955501,100.38921103569038,52885042
2021-05-19,101.62831115722656,103.47609820394035,100.60659833134308,101.82396155626363,28081040
2021-05-20,99.54139709472656,102.15003752664522,99.30227408059737,101.73700043279474,10707136
2021-05-21,99.10663604736328,99.67183918595948,98.25882544247654,99.15010867572263,21702883
2021-05-24,100.43269348144531,101.91092797236318,99.30228719590929,99.56314655596067,22028927
2021-05-25,101.25875854492188,101.9326549919259,100.49790505450162,101.30223116963805,9165363
2021-05-26,98.08492279052734,101.65006182232233,97.80232120523152,101.38920244942945,18322114
2021-05-27,99.25879669189453,99.8239998000339,97.06319319836221,98.56316391172058,51194207
2021-05-28,98.01969909667969,100.43268935700907,97.73709163990893,100.43268935700907,15307498
2021-05-31,98.10664367675781,98.51968078053474,97.2805753661958,98.2588155516752,13102261
2021-06-01,97.56320190429688,99.12838778148789,97.3458151407146,98.38927042651082,15733731
2021-06-02,98.88924407958984,99.19358784393947,97.43275188790317,97.47623041095198,7995532
2021-06-03,98.3892593383789,100.62834746853342,98.10665775696886,99.58488640333832,10291328
2021-06-04,98.32405090332031,99.19360381331137,97.73710549014805,98.25883605674407,6142487
2021-06-07,102.71525573730469,103.38915225610117,98.65012261887432,98.82403082724187,18058790
2021-06-08,101.75874328613281,103.88913782675196,100.88919641959181,103.88913782675196,22511761
2021-06-09,105.25867462158203,106.73689715880008,101.6500458355278,102.60654970901226,39865778
2021-06-10,105.06303405761719,107.8238407885047,104.45434650098798,107.8238407885047,32690784
2021-06-11,107.08472442626953,108.17165807626036,106.08474782707495,108.17165807626036,29142097
2021-06-14,108.12818908691406,108.60643519141145,105.25868887195907,107.80210898094256,18732629
2021-06-15,107.64994812011719,109.34555767570241,107.41081326247023,108.93252049629551,15026686
2021-06-16,105.28042602539062,107.60645941558529,104.7586954928839,107.32386373121716,30706682
2021-06-17,104.28044891357422,106.10648807812198,102.93264406118735,106.10648807812198,22261167
2021-06-18,101.30223846435547,106.51951991721654,100.0413907289868,106.08474646281145,49278209
2021-06-21,102.10657501220703,102.36743436363048,99.30228391147435,100.82399098074183,11719831
2021-06-22,101.75874328613281,103.04132727307764,100.88919641959181,100.88919641959181,10961545
2021-06-23,100.97615814208984,102.60655859237166,100.86746477873771,102.49786522901952,10721151
2021-06-24,100.49790954589844,101.28049938365186,99.17184111100063,100.9761556150854,12964208
2021-06-25,100.36746978759766,101.21528037376554,99.73705772038133,100.62834093394873,7736431
2021-06-28,100.80223083496094,101.08483826024015,100.302248505445,100.86745156202021,9989595
2021-06-29,102.60655212402344,103.43262635101748,100.71529243851602,101.12831775802904,61089570
2021-06-30,101.04137420654297,103.30219841854593,100.86746011562575,103.1065480147601,17437744
2021-07-01,100.3457260131836,101.2804935786351,100.08486668021207,101.10657949399825,15924813
2021-07-02,99.10663604736328,100.47616536850197,98.95445826013571,100.34573568943898,9549992
2021-07-05,100.12834930419922,100.38922045720771,99.28053869639528,99.69357584317001,6849185
2021-07-06,99.47618865966797,100.21530589884887,99.25880193014329,99.73705981148852,5343938
2021-07-07,100.41094970703125,100.62833642225156,99.47618211399022,99.47618211399022,7228897
2021-07-08,100.49790954589844,101.36745643095433,99.80226496146305,100.04138799605653,8740010
2021-07-09,100.10662078857422,100.62835134125075,99.99792741484936,100.45443722569662,2990856
2021-07-12,99.56315612792969,100.75878326541826,99.21533968309387,100.30227344444711,5578309
2021-07-13,99.4109878540039,100.82400171156972,99.25881005448993,100.17184146961627,8264289
2021-07-14,99.9761734008789,100.62833352778115,99.32401327397666,99.41097031636038,9228746
2021-07-15,100.17182922363281,100.62833897839485,99.69357136160902,100.43268857092986,5376823
2021-07-16,101.67179107666016,102.82394544722243,100.21530472352045,100.71529891315723,15903784
2021-07-19,101.36746215820312,102.01962235884201,100.6500812199063,101.67179414997986,13725925
2021-07-20,100.56311798095703,102.73698518268174,100.41095199443005,102.12830944258945,14178067
2021-07-22,101.41094207763672,101.95440895057168,99.43272501895062,101.95440895057168,10378326
2021-07-23,101.30223846435547,101.71527560483725,100.88920132387368,101.62831855515928,6660369
2021-07-26,101.17180633544922,102.32396067930003,100.88919887933955,101.49788641835215,12963701
2021-07-27,100.80223083496094,102.1065628182638,100.28051219441963,101.30222495846009,10832912
2021-07-28,99.1718521118164,101.04138755725573,98.86751420648295,100.86747344335905,13828088
2021-07-29,97.04143524169922,100.60657984798625,96.89651076009393,99.1283454180185,28609665
2021-07-30,99.21529388427734,100.40366745426314,97.50518396985025,97.99792480589235,34142169
2021-08-02,99.12834167480469,99.70803957933572,98.14285405770354,99.4181906270702,9575755
2021-08-03,101.12830352783203,101.56307699406345,99.18631773746209,100.0268868485672,20959435
2021-08-04,101.59205627441406,102.37464607522047,100.78047686121397,101.82393779161178,23323277
2021-08-05,101.5630874633789,101.8819260890758,100.43268105224685,101.59207708171002,6621382
2021-08-06,101.4471435546875,102.31669049944198,101.18628418885527,101.73699253627233,5340311
2021-08-09,102.28768920898438,102.60652776993084,100.89642369135888,102.60652776993084,16415005
2021-08-10,100.05586242675781,102.08480522368389,99.33123999928421,102.08480522368389,11925263
2021-08-11,102.22972106933594,102.60652705857379,100.02687615237832,100.25874587438578,31279965
2021-08-12,108.40352630615234,108.80931018970395,102.20076240622895,102.60654628978055,58107755
2021-08-13,107.09920501708984,108.5774396280189,106.43254996129859,106.78036640093309,26776843
2021-08-16,104.75141143798828,106.83833342525175,104.57750913503939,106.66441932831826,21308655
2021-08-17,106.22964477539062,106.51949373794285,104.92532444390561,104.95431405775463,15962459
2021-08-18,104.69344329833984,107.82381446416076,104.43258394868165,106.49050451394561,25227527
2021-08-20,103.5340576171875,104.37462677065157,102.63553281808744,102.78045731413445,18720467
2021-08-23,101.82393646240234,104.28765248825104,100.98336744778138,104.0557709740803,13112745
2021-08-24,102.3746566772461,103.93984823493567,101.70800166900712,102.7804523228627,11029463
2021-08-25,101.73699188232422,102.86739818564487,101.47613251816875,102.722473695784,12001351
2021-08-26,100.34571075439453,101.67902072999155,99.47616384700119,101.67902072999155,12115246
2021-08-27,101.07032775878906,101.36017671238123,99.56311555890666,100.75150098622817,8051699
2021-08-30,101.73699188232422,102.22973278905411,100.171812109421,101.56307777689712,14512401
2021-08-31,101.65003204345703,102.63552562389033,101.41815050723832,101.73698909378716,43248333
2021-09-01,101.82393646240234,103.07028928133431,101.24423857396737,103.07028928133431,11817591
2021-09-02,101.88190460205078,102.08479650561942,100.98336815112481,101.67901269848215,13545023
2021-09-03,101.76598358154297,102.49060604568388,101.09932855573625,102.02684295103953,12286475
2021-09-06,100.9254150390625,102.22973548217097,100.28774962567323,101.8529294398092,13950485
2021-09-07,100.28775787353516,100.95441295808138,99.96891924362586,100.92542333936728,12485031
2021-09-08,101.96904754638672,102.41149352532861,100.4057420214266,101.02516519173372,25370295
2021-09-09,102.35249328613281,102.73594883143164,101.40861102224548,101.7035749798424,5078350
2021-09-13,102.58845520019531,102.8244287398928,101.88053458110286,102.79492754663832,7522483
2021-09-14,102.70645141601562,103.29637935292797,102.35249705429115,102.588470629479,8434427
2021-09-15,104.94818115234375,105.59709947495128,102.49997784230607,102.64745982481298,20064238
2021-09-16,105.86255645751953,107.1604050339252,105.1841489767524,105.56759250862467,16214883
2021-09-17,105.47909545898438,106.42297753872434,104.26973866793168,105.92154130906047,21219226
2021-09-20,104.41722869873047,105.71506515854756,103.2963633913724,104.53520946703648,7833069
2021-09-21,103.76831817626953,105.24313790020142,103.50284342469361,103.85680976012817,9481007
2021-09-22,104.26974487304688,104.68268955684759,103.70931823044411,103.70931823044411,9165634
2021-09-23,105.15464782714844,105.44961177617269,104.41723795458779,104.41723795458779,10295913
2021-09-24,103.91580200195312,105.89205806684473,103.70932963734305,105.18414938757765,7093411
2021-09-27,103.8272933959961,104.50571277031277,103.29635597252602,104.12225729768927,5205649
2021-09-28,108.51722717285156,111.43737733834784,103.8862957815182,104.32874168518916,38873626
2021-09-29,115.06543731689453,115.80284716383153,107.63233645807887,108.2517655303513,53686662
2021-09-30,112.02729797363281,116.80571102420033,111.28988818181337,115.00642633131588,23618199
2021-10-01,113.17767333984375,114.1510568451478,111.87983666751484,112.55825620164279,16994903
2021-10-04,113.0596694946289,113.88557084590911,112.11578737978536,113.26614183192089,10757286
2021-10-05,112.05680847167969,115.09493979210005,111.70285410472431,113.05969318052053,17200858
2021-10-06,110.67047882080078,113.3546557408181,110.16904247368618,113.23666295189344,8929507
2021-10-07,111.08343505859375,113.00070084902222,110.6704783024635,112.67623568364235,6733699
2021-10-08,110.72945404052734,112.17478449252162,110.31650934116496,111.49636505604373,8165175
2021-10-11,114.12154388427734,115.09492728925136,111.67335277755117,112.08629749378817,12982042
2021-10-12,114.06256866455078,114.82947981338991,113.05969593340583,114.3870338433939,8539966
2021-10-13,117.63162231445312,120.64025211845146,114.53450092754912,115.09492761576253,33075614
2021-10-14,120.72875213623047,121.49565123672853,116.95321101941782,118.10356567122209,19185455
2021-10-18,120.22728729248047,123.8553335657842,119.25390404754788,123.76685399979065,38546365
2021-10-19,117.18916320800781,120.81722168175845,116.21577990986317,120.34527462747252,16174177
2021-10-20,114.65248107910156,118.13305797157054,114.06255319909373,117.98557600156857,21909934
2021-10-21,114.47551727294922,116.42227220081206,114.1510521172483,115.77335389152444,16946547
2021-10-22,114.71146392822266,116.21578472422907,112.82369963710056,115.56686649928788,7705870
2021-10-25,113.64962768554688,115.03595603736899,112.38128012881432,114.71149084769945,7862419
2021-10-26,112.32229614257812,113.82660537535514,111.90933933196227,113.6201329711053,8525850
2021-10-27,112.23377990722656,113.17766212100393,111.23090730548441,112.17478951926176,9862679
2021-10-28,109.66759490966797,112.73521507411618,109.2841393885836,112.49924152251707,11095238
2021-10-29,109.16614532470703,111.28988302634303,106.95391605172955,110.25750936562021,12988035
2021-11-01,110.75897216796875,111.20141812869299,108.87120753639124,108.90069673250396,5475153
2021-11-02,109.431640625,112.8237265203841,109.22516823179102,111.28991616811177,10946890
2021-11-03,108.51722717285156,110.49349514427246,107.95680049571367,109.43162017461685,13957727
2021-11-04,109.16614532470703,109.63808036834173,108.6941982789604,109.10714294240475,830214
2021-11-08,111.5848617553711,112.29277041593693,108.90068508000803,110.67046873353615,11947323
2021-11-09,110.05103302001953,112.29275140027427,109.31362328925582,112.29275140027427,10381150
2021-11-10,108.78269958496094,110.02154568826681,108.28126330530297,109.69708056501653,13857851
2021-11-11,107.45536041259766,109.28413434946711,106.59995782775786,109.13665238678227,8851354
2021-11-12,107.36685943603516,108.3697318936589,106.3639869784114,108.3697318936589,9590673
2021-11-15,111.08343505859375,111.34889782873033,107.36688426399428,107.48486505025174,24821341
2021-11-16,110.67047882080078,112.8827085893487,110.02156048911631,111.49638033481493,23206330
2021-11-17,112.70572662353516,114.32802829855424,110.31651390129802,110.31651390129802,18359498
2021-11-18,113.56110382080078,114.71145825346537,112.70571329416425,113.1776483425419,10742933
2021-11-22,114.5639877319336,116.21579057135655,113.2661512167536,114.68198050738567,25095721
2021-11-23,119.0769271850586,119.4013922845015,113.94455998989808,114.00355037103893,19671538
2021-11-24,119.93235778808594,122.3805491942496,119.16544664742976,119.28342743732382,18120478
2021-11-25,120.4927749633789,120.93522089347698,118.72299124298655,119.51939151674031,18537454
2021-11-26,119.1654052734375,120.90568733178448,118.45749677562773,120.37476195948254,12814537
2021-11-29,118.13306427001953,120.34529393799743,117.10069042496318,117.39565438069357,16066147
2021-11-30,121.96759033203125,123.5898920172215,118.16256027124861,118.16256027124861,37739647
2021-12-01,122.23307800292969,123.14747121278117,120.75825798840536,122.11509720261415,20332817
2021-12-02,126.53953552246094,127.42442737926136,121.820112286192,123.29493204752605,33758843
2021-12-03,121.58414459228516,127.68989629848296,121.23019023290396,125.74314132082914,47614182
2021-12-06,119.1654052734375,122.70497176670791,118.78194983624438,122.32151632951481,11322446
2021-12-07,121.40716552734375,122.08557300454233,119.25392631131498,119.51938906307845,8049102
2021-12-08,120.81725311279297,122.49854542764847,120.07984314995149,121.02372550196552,8788449
2021-12-09,119.87334442138672,121.79061009546278,119.2244261321222,121.2301833915784,5755422
2021-12-10,119.54890441894531,120.49278676182173,119.07695724644951,120.49278676182173,6164402
2021-12-13,120.58128356933594,123.6784055171676,120.16832677502231,121.2302019579823,21648126
2021-12-14,125.2121810913086,125.74311853522777,119.87332946419113,120.40426690811032,48042035
2021-12-15,123.7963638305664,127.2179503523541,122.5870188718463,125.71362945005993,15207306
2021-12-16,122.8229751586914,124.94672504786658,121.70212183087594,124.71075150439012,13410737
2021-12-17,123.85535430908203,124.1798194457715,120.96471728234395,122.82298051321457,15209414
2021-12-20,123.7963638305664,125.44816670359084,122.41003570612457,124.32730132561808,22539246
2021-12-21,121.87907409667969,124.91720449303645,120.81721131878477,124.74022136233172,17566511
2021-12-22,123.06983184814453,123.95522131690977,120.90213704802036,122.00125235403323,14750231
2021-12-23,127.22199249267578,127.98526340086683,123.37511456921044,123.64988712694758,15932489
2021-12-24,125.4206771850586,127.43570491386774,125.08483301874257,127.13039655286371,8975969
2021-12-27,125.84811401367188,126.55032578490098,125.17643805020361,125.42068724320026,8648187
2021-12-28,125.54278564453125,127.405171468771,124.13837474865441,126.1839381212113,15736206
2021-12-29,124.93218231201172,125.72598904190579,123.7720080233317,123.95519801423936,17172943
2021-12-30,125.3901596069336,129.08439628130208,123.13088237629835,124.93219699885638,87481206
2021-12-31,124.81008911132812,125.90919200940773,124.29106726309344,124.56583988185538,9842223
2022-01-03,125.17643737792969,126.36713510572729,124.65741560999304,125.42068656961456,7410054
2022-01-04,128.59588623046875,130.0613689283519,125.48174326186063,125.97024163549824,14784090
2022-01-05,127.40518951416016,129.05384979766714,127.03882194260636,128.22951965591366,9565107
2022-01-06,125.75650787353516,127.43570384497266,124.96271359540023,126.85562293314219,5615931
2022-01-07,125.29854583740234,127.3135859804045,124.87111910308259,126.36712509623068,11908249
2022-01-10,124.5658187866211,126.55032325258443,124.22997460009233,126.55032325258443,11085710
2022-01-11,124.47420501708984,125.6649149709228,124.26049166835918,124.90164413757905,7208789
2022-01-12,125.14586639404297,126.21444543715442,124.77949892101003,125.78701878912041,11018139
2022-01-13,127.00830841064453,129.14546744640057,126.12291892218695,126.76405917909459,20522807
2022-01-14,126.85562896728516,128.01580326916107,126.12289384137907,126.97774734725968,14183654
2022-01-17,126.0007553100586,127.954736231009,125.66492357421232,127.7104870630116,7574539
2022-01-18,125.26802062988281,126.9166807788397,124.9321764699333,125.93969652675307,8475422
2022-01-19,124.96271514892578,126.64191114123891,122.7644974254126,125.78704524236458,13724367
2022-01-20,131.06886291503906,131.49628958944012,125.4206590530241,126.4587023611565,30170343
2022-01-21,131.34364318847656,133.87770485273484,130.06135066651092,130.61090815393274,29509593
2022-01-24,130.67198181152344,132.96179457691227,129.14543996793086,132.13746446597816,12850189
2022-01-25,133.6334991455078,134.45782943312284,129.42024026954758,130.36670138464422,27389035
2022-01-27,131.19102478027344,133.90827715533365,129.66448268968838,133.1144702990169,28512473
2022-01-28,128.35166931152344,132.80917771674692,127.77158821714619,132.80917771674692,18932049
2022-01-31,131.52682495117188,132.35115491935133,128.96222764424704,129.4507259188119,19907759
2022-02-01,130.0308380126953,132.53437674297584,129.02333026659187,132.5038409348387,8622355
2022-02-02,130.67198181152344,132.99233038299585,130.21401925844566,131.19100355373905,9921099
2022-02-03,129.02333068847656,131.28260780710775,128.84014068511505,130.67199102660956,4594389
2022-02-04,128.0463104248047,130.27506374960177,127.67994290828291,129.45073373167077,7329263
2022-02-07,130.45826721191406,130.85517057212368,128.22951365661,128.87066619410473,7869237
2022-02-08,128.26004028320312,131.52683707938706,127.3135794475948,130.6719712315841,9074237
2022-02-09,127.83263397216797,129.23705768439746,127.43573053844821,128.59590502815539,9833985
2022-02-10,129.48130798339844,131.71004954698577,128.2600742836655,128.2600742836655,19180334
2022-02-11,126.88615417480469,129.4507393242819,126.4281916536103,128.35162430420397,20071130
2022-02-14,123.25296783447266,126.36711025265288,122.88660033051512,126.36711025265288,12109375
2022-02-15,124.22996520996094,124.47421437960809,121.5127258080871,123.34457594589746,19046061
2022-02-16,123.19447326660156,126.1441064698092,122.81791348048903,124.63790562996232,20270061
2022-02-17,123.6337890625,124.79481447721294,123.00620637690355,124.41826741949555,16405551
2022-02-18,122.81791687011719,125.6106672637893,122.53550979093976,123.50826798490897,14600643
2022-02-21,124.35550689697266,124.88894960546617,122.72379453114465,122.8179217157832,10682638
2022-02-22,124.35550689697266,124.5437740344517,120.37035955114214,121.8765477237822,13606058
2022-02-23,124.2927474975586,125.20273722221891,124.01032764741461,124.48101462945303,6493463
2022-02-24,119.9310302734375,123.00618751495138,119.1779362734833,121.7510223362274,13145037
2022-02-25,123.82205200195312,124.1985990080535,120.58999906054022,120.84103465400737,10920938
2022-02-28,131.25892639160156,131.94926481917904,123.03759544164527,123.91620102136045,31938385
2022-03-02,132.35720825195312,133.76926947917553,129.407561583055,130.38031998020097,20502615
2022-03-03,136.7188720703125,137.66024600621301,132.23165375554643,132.23165375554643,19805555
2022-03-04,134.96165466308594,136.499227055976,132.38855557068774,135.52646883634236,12794317
2022-03-07,133.54957580566406,135.05576375687528,131.07061699691218,132.10613078951994,17635653
2022-03-08,133.26719665527344,140.20199126695107,131.66686827671978,134.3027107638693,28410490
2022-03-09,130.59994506835938,135.55785048703476,129.65857110664385,135.02440779570293,22830958
2022-03-10,131.0706329345703,132.67097378757725,129.94099183380212,132.41993817578378,16516553
2022-03-11,133.32992553710938,133.6751010932222,130.38029226345967,131.35305045381295,12992850
2022-03-14,133.92613220214844,134.3026792164047,131.54131316485712,133.32992105872512,12598659
2022-03-15,131.57269287109375,134.961641419078,130.7254589261478,133.80060341015894,14528285
2022-03-16,131.3844451904297,132.92203057751846,131.1334095386393,132.57685496028122,11933774
2022-03-17,132.76510620117188,133.51820022559878,130.38028717681854,133.04751326828173,28464621
2022-03-21,128.59165954589844,135.55782289081438,128.34062398690529,135.55782289081438,17797415
2022-03-22,130.9764862060547,131.4785574036593,128.05823727060582,128.65443564558547,13285297
2022-03-23,131.8551025390625,132.16889384104417,130.7254615128489,131.47855553032463,9408783
2022-03-24,132.26304626464844,132.5454533557975,130.53719394091044,131.79235926726534,11188958
2022-03-25,131.57269287109375,132.29441540501085,129.72131656511507,132.2630311681534,9842670
2022-03-28,133.23580932617188,133.5182164275508,130.22340732651844,131.57271265486742,12823578
2022-03-29,132.60824584960938,134.58512138203284,131.60410319213196,134.20857426958096,10470515
2022-03-30,136.2482147216797,137.2523445846235,132.92203375266564,133.73788368021823,54218485
2022-03-31,136.05992126464844,136.34232834496385,134.77337174720822,135.27544296577062,10326026
2022-04-01,141.23748779296875,141.67679056340378,135.6206151241073,135.6206151241073,39663961
2022-04-04,142.71229553222656,143.151598274924,140.60989623240044,141.83367727863015,9907530
2022-04-05,146.2581329345703,147.23087832291944,142.398497314473,144.3126166214702,17167487
2022-04-06,148.5174102783203,149.64705118661436,145.06570631683397,145.19121771724463,17153675
2022-04-07,145.19125366210938,150.55709080156961,144.34401957909,148.07813150005066,11913911
2022-04-08,145.9757080078125,146.91708189363442,144.7205428267166,146.22674359767177,6746769
2022-04-11,144.90882873535156,147.8270904563584,143.3398721937566,145.91295836833214,12413822
2022-04-12,146.28952026367188,146.63469584521073,143.4653982015616,143.8733294975069,14769907
2022-04-13,144.03021240234375,147.7015682040574,142.80643139117294,147.45053260047843,11015439
2022-04-18,145.03433227539062,145.47364774410104,142.80642176823181,144.03020269693874,19069923
2022-04-19,142.9947052001953,146.4464097981593,142.14747117069905,146.03847851930502,15036942
2022-04-20,142.46127319335938,143.71643859594403,140.2333494964905,143.24575156997477,9814641
2022-04-21,142.61814880371094,143.49676701554782,141.36298357771568,141.89642624512348,11134333
2022-04-22,141.4884796142578,144.4694967019815,141.01779270566988,141.2374568109039,12032249
2022-04-25,139.85679626464844,142.39851120012796,139.00956220888932,140.5471346520002,11042683
2022-04-26,145.34812927246094,145.7246762831371,140.79815537030535,142.46125183300927,15389155
2022-04-27,143.90469360351562,146.13260414652743,142.74365559253985,145.19123025754203,12680209
2022-04-28,147.85845947265625,148.2663907203418,144.3753836690354,146.4777828462445,18378146
2022-04-29,142.9319610595703,148.32916976877192,142.4926582733643,147.54469138754487,9026331
2022-05-02,145.31674194335938,146.38362715187031,141.7708980460622,141.7708980460622,12634353
2022-05-04,149.11363220214844,150.27465752855113,146.16399891148203,146.22675462162783,23124643
2022-05-05,146.6974334716797,151.0277559866229,146.1326065752609,149.61569512967625,16481935
2022-05-06,149.61569213867188,150.0863790815778,145.25398547348996,145.25398547348996,17715186
2022-05-09,153.8518829345703,154.66773268541877,147.8898480024111,149.99224724063754,54118806
2022-05-10,152.9105224609375,155.86015594821555,152.18879982564962,154.25982777591878,30997494
2022-05-11,150.11776733398438,155.6404998554923,149.80397600363057,153.13016921266177,15412618
2022-05-12,148.04673767089844,151.8122332652331,145.69330292443925,149.9922411743312,26538994
2022-05-13,148.2977752685547,150.52568586439475,146.289503263512,150.52568586439475,15074553
2022-05-16,147.607421875,149.30190254974758,146.22674526730995,147.7957017615944,7960529
2022-05-17,149.7725830078125,150.18051423228937,146.069843288115,147.41914836836918,15470937
2022-05-18,143.0260772705078,149.52155463490004,142.52400608260666,149.050867684318,19181550
2022-05-19,143.27711486816406,144.12434883742006,139.10368796099837,139.95092193025437,15085602
2022-05-20,143.747802734375,146.2895046582164,142.3043576159952,144.81468807008113,15148281
2022-05-23,140.9550323486328,145.5991455802638,140.70399678537183,145.5991455802638,11572501
2022-05-24,142.46127319335938,144.1243699054246,140.95507215661723,141.2061077907747,16336858
2022-05-25,141.11196899414062,143.96747541581985,139.66853643020178,143.3398927093587,11062614
2022-05-26,142.58676147460938,143.77917096709453,140.51574655753578,142.46125006201123,14150454
2022-05-27,141.01780700683594,143.49676597105312,140.20195727679805,143.4653817333513,8430491
2022-05-30,143.24574279785156,144.28125674521138,140.7667963868344,140.89230781212564,9305758
2022-05-31,146.16400146484375,147.57606242469868,143.21435535444806,143.24573959416995,26351545
2022-06-01,143.84194946289062,146.22676882569812,143.18299529004835,145.69332608533932,10282009
2022-06-02,141.55126953125,143.96746014113126,140.92368689137427,143.96746014113126,10071898
2022-06-03,141.8336639404297,143.15158481278476,141.2060813566225,141.8336639404297,16082518
2022-06-06,141.08058166503906,142.74366543570062,140.2961033701227,141.8336757208782,12693293
2022-06-07,141.20608520507812,141.99056345621744,140.39022271661295,140.5471183668408,9103195
2022-06-08,140.92367553710938,142.14745647898602,139.98230165314257,139.98230165314257,11240130
2022-06-09,141.11196899414062,141.64541174099202,138.69577812790592,141.0178290345309,9468041
2022-06-10,140.86093139648438,142.7436794896512,139.35474313651304,139.35474313651304,9019239
2022-06-13,139.54299926757812,141.5198871629627,139.00955657027157,139.22920794349173,10186775
2022-06-14,140.547119140625,142.6495310798138,139.32333816939038,139.54298952727856,17023962
2022-06-15,139.48025512695312,142.02197017018094,139.26060373551186,140.73542052742064,5898563
2022-06-16,135.77749633789062,140.766785793069,135.33819361423008,140.1705746473,11883333
2022-06-17,132.6395721435547,136.1226604756723,131.9492338778575,134.42817989456105,19675226
2022-06-20,130.69407653808594,132.35717298284698,129.50166704364213,131.22751919480535,7402273
2022-06-21,132.01199340820312,133.76922974292873,130.09787419637016,131.1961437135236,9459619
2022-06-22,132.2002716064453,132.57681859674872,130.66268664108958,132.29441154607122,10257637
2022-06-23,130.8823699951172,132.8592451768475,129.37616904430197,131.85511546570473,13114525
2022-06-24,131.13339233398438,133.0475245635234,130.38029824562258,133.0475245635234,9499105
2022-06-27,132.76510620117188,133.89474723781223,131.57269668899522,133.89474723781223,17545390
2022-06-28,131.9806365966797,132.76511491033517,130.7568427664561,131.50994960848638,6770087
2022-06-29,132.48269653320312,134.93027145273024,130.8195999360756,131.22753121736378,41502918
2022-06-30,132.98477172851562,134.77337980323003,132.04339771359201,132.73373610422888,22260722
2022-07-01,129.59580993652344,133.61234122427382,128.77994743012692,132.4513159407103,11133663
2022-07-04,132.2316436767578,133.14164607302132,128.6858123363592,128.6858123363592,20178279
2022-07-05,134.39682006835938,135.52646111874623,132.38854803178103,132.41993226993108,20083997
2022-07-06,132.0747528076172,134.39681608405252,130.66269196034457,134.30267614059423,19203527
2022-07-07,133.39266967773438,135.1185216070157,133.11024988293255,133.83197233427182,14069302
2022-07-08,137.3150634765625,137.6916104431309,133.45542834078785,134.3026622076166,17142257
2022-07-11,136.21682739257812,138.85266957208935,135.6833718937844,138.068191212925,10826079
2022-07-12,133.98890686035156,136.15406207470144,133.76925546831941,134.99303662978625,8503695
2022-07-13,134.58506774902344,135.99712843415602,133.95748522229786,134.6164519826394,10210005
2022-07-14,134.8361358642578,137.59750220211401,133.5809705077961,137.59750220211401,10898403
2022-07-15,131.35302734375,136.18540766991907,131.03923608183774,136.18540766991907,22067479
2022-07-18,131.94924926757812,133.29855448911516,131.10201526230648,132.01200497756093,15155654
2022-07-19,131.7923583984375,132.73373238699776,131.54132278118104,131.72960268617385,14922395
2022-07-20,131.3216552734375,133.23578725567094,130.85096833697355,132.60820467371903,14181034
2022-07-21,133.23580932617188,133.80062352892978,131.44718845676377,131.76097979971925,12461554
2022-07-22,131.7923583984375,134.27130479436545,131.4785670689174,134.27130479436545,9272199
2022-07-25,130.4744415283203,132.41994527973762,130.16065018879488,131.79236260068672,6635194
2022-07-26,131.22755432128906,132.4199641349125,129.97238878446527,130.4744601064764,11451315
2022-07-27,132.2002716064453,132.41992295343897,131.41579338989652,131.72958467651603,9209354
2022-07-28,134.42820739746094,134.8047672268822,131.82374944258004,132.41994789215943,13192642
2022-07-29,134.2712860107422,136.6874891245983,133.58094773601192,135.80887097121428,15433067
2022-08-01,137.40921020507812,138.1623170136345,134.39682127545612,134.9616481898231,12136557
2022-08-02,139.69989013671875,140.2019613453123,136.4050813468518,138.036793622479,17748747
2022-08-03,140.32749938964844,141.0492221008687,137.84855265133064,140.1706037032181,12406038
2022-08-04,138.57025146484375,140.70402221774506,137.50335332019165,140.57851079752785,9712267
2022-08-05,140.3588409423828,141.04917919906086,137.34643957189718,139.13504729953561,14099223
2022-08-08,139.2605743408203,142.02194019262882,138.75850317932785,141.20607774725357,8392041
2022-08-10,140.2646942138672,141.14331230173258,138.41333087402867,138.5388422716384,8585266
2022-08-11,139.85679626464844,142.39851120012796,139.1350736363343,140.98645018446203,5040626
2022-08-12,143.12020874023438,143.465371489304,139.32332912306896,139.9509116866864,13279062
2022-08-16,143.62229919433594,144.31263761479534,142.49265798854861,143.8419505869999,11298246
2022-08-17,143.4026336669922,144.94020603228984,142.90056244621664,143.6222850380059,11225465
2022-08-18,145.19125366210938,145.4109050513066,142.9319585179902,143.0574699494736,11360485
2022-08-19,144.58917236328125,145.57147106221421,143.03648671359161,144.77928845326966,9829530
2022-08-22,143.19493103027344,146.26861003517342,143.00481492993597,144.55748777054902,9190493
2022-08-23,144.20892333984375,145.0327854944223,142.0858636911449,142.561173243493,8903751
2022-08-24,145.41305541992188,145.7299285089987,143.54350935180813,144.08219102451895,13007225
2022-08-25,143.41676330566406,146.39536514467463,142.65626016615582,146.0784920599459,12124365
2022-08-26,146.04678344726562,146.522093021809,143.60686354332893,143.60686354332893,7966045
2022-08-29,143.8920440673828,145.06447166696526,142.9731045698535,144.6525341607346,7517013
2022-08-30,145.50811767578125,145.9200552639323,144.5574984232475,144.6208704613633,7214498
2022-09-01,143.2899932861328,145.82497773310055,142.59287514193622,142.62456760496238,13109081
2022-09-02,142.08587646484375,145.03279853305315,141.83238832901333,144.17724384063055,6897237
2022-09-05,141.57888793945312,142.9414446968906,140.50151178291273,142.59287916815148,18055474
2022-09-06,142.62460327148438,144.49414961120658,141.95916453030821,141.95916453030821,14103701
2022-09-07,142.21261596679688,143.82866065550357,141.3570613794114,141.3570613794114,7866745
2022-09-08,142.21261596679688,143.79698108921306,141.6105494841209,143.22660706642395,7187735
2022-09-09,141.26202392578125,143.32169897906948,141.00852287896447,143.25832694076502,9162027
2022-09-12,141.92745971679688,142.40276937813056,140.8184038403516,141.67397154563204,8778919
2022-09-13,143.733642578125,144.1772597584034,141.83240398790429,142.14927708627442,11278383
2022-09-14,147.37767028808594,147.7895949649722,142.40275276497007,142.59288176476238,25072958
2022-09-15,150.57809448242188,150.99003209098075,147.2509269337224,147.94804517473003,23606369
2022-09-16,149.34226989746094,151.11675122768267,147.91634118340548,151.08507165908426,29399642
2022-09-19,147.75791931152344,150.89495763608005,146.80730007455495,149.53240081770548,13920046
2022-09-20,147.47271728515625,149.7225211734558,147.09247219105436,148.29659240037526,20162973
2022-09-21,143.8920440673828,148.51838244019928,142.14924245098842,148.20150941903665,14468837
2022-09-22,139.48751831054688,143.48012402047297,138.88546465451574,141.9591307550917,26264530
2022-09-23,128.36526489257812,139.2656915665117,125.54508729307129,138.346764970724,87162722
2022-09-26,127.28790283203125,132.6747447339052,118.0985842935404,126.74922122056336,167547134
2022-09-27,129.82289123535156,131.75582207564608,127.54140776217632,130.42495779076035,54127095
2022-09-28,131.6290740966797,133.34019648852563,128.3652916423786,130.04470867474757,52877873
2022-09-29,131.81922912597656,134.41758635214333,130.58342901036107,132.42128294771717,36761869
2022-09-30,134.4809112548828,138.60026072085873,131.1854368395408,131.1854368395408,62897614
2022-10-03,133.59368896484375,136.03360897938083,132.45294077679105,134.98792528926552,11740863
2022-10-04,132.1043701171875,134.57598249955797,131.8191895280514,134.4175459736829,19179333
2022-10-06,130.7418212890625,133.65705067449952,130.29819129748918,132.3578660547736,20692745
2022-10-07,132.70645141601562,132.92825999819868,129.28421949765212,129.28421949765212,14282850
2022-10-10,132.4212646484375,134.3225032673302,131.53403027450057,131.78751844213994,16834226
2022-10-11,132.04098510742188,134.00559525645417,130.90024996940127,133.0866686541379,17807162
2022-10-12,136.60398864746094,136.85747679417344,132.6747547566364,133.37187294729281,35288330
2022-10-13,135.58998107910156,137.71304095645925,135.1463639399034,136.22372721715504,16436903
2022-10-14,134.76614379882812,138.15668368673195,134.06902549656016,138.15668368673195,23365190
2022-10-17,134.2591094970703,136.22371983992244,133.72042788761695,134.3224815287241,9520537
2022-10-18,134.57598876953125,136.255418600772,134.0689995992686,134.95623387062773,13256574
2022-10-19,135.5583038330078,137.45954227977202,134.95623725537342,134.98792972025888,11595367
2022-10-20,137.83978271484375,138.15665577855603,134.57598757988762,134.70274454153133,16371066
2022-10-21,137.7130126953125,138.7270037293895,135.62164571148227,136.4772002435599,11634491
2022-10-24,138.69534301757812,139.58259021057617,138.53690647931413,139.2974095991404,1132859
2022-10-25,138.4735565185547,139.04393072595533,135.78013493867434,138.6953651287659,20622687
2022-10-27,141.89573669433594,142.49779025690583,137.74469509894635,138.9805075761733,24298489
2022-10-28,143.733642578125,145.12787905351377,141.45214595498064,141.83240398790429,11669879
2022-10-31,144.58917236328125,145.92003656758868,143.67023280074727,144.46241540969183,11755682
2022-11-01,149.025390625,149.50070017649782,145.6348517363683,146.17353331601313,15220278
2022-11-02,147.85296630859375,149.9126410781662,147.56777283511008,149.02539398332326,12884449
2022-11-03,144.52581787109375,148.04310134546196,143.67025023473514,147.66285622574628,9358215
2022-11-04,143.3217010498047,145.41305570566198,142.59289036477603,144.49412890297305,8059667
2022-11-07,144.494140625,146.96575350388449,143.48014923442176,144.05052342087205,14862038
2022-11-09,138.63197326660156,146.39536376953126,138.18835610958791,146.39536376953126,22831150
2022-11-10,136.1920623779297,139.51922996260092,135.3048151099641,136.88918062647423,16217631
2022-11-11,135.6533660888672,138.0615936787509,135.33649301965104,136.88916590137083,12123886
2022-11-14,137.1458282470703,138.67074967852398,136.4320366410689,136.88626406252902,18460862
2022-11-15,140.16322326660156,140.4876751723113,136.04268670448442,136.26980039808487,15258103
2022-11-16,140.87701416015625,141.10412785269492,138.50851261915182,140.13077214011625,9825807
2022-11-17,141.6557159423828,143.05084866033135,140.32545776714971,140.74724791066137,9449665
2022-11-18,141.6881561279297,141.9801707880512,140.71480033149055,141.6881561279297,5828998
2022-11-21,142.1424102783203,142.4344117642415,140.48769998614253,141.1366039121755,4712051
2022-11-22,141.3312530517578,142.23970781101434,140.7472369908203,141.78548043138608,4366445
2022-11-23,139.61167907714844,141.98018099244246,139.02766291691398,141.623278560637,13510578
2022-11-24,143.2455291748047,143.40775514216008,139.5792196721764,139.77389611379607,7622243
2022-11-25,143.148193359375,143.3428698042659,140.5525778380736,143.24553158182044,10989671
2022-11-28,143.6024169921875,144.18641985373932,142.20727117429684,142.20727117429684,4526153
2022-11-29,142.33706665039062,144.2188905852632,141.81795145586327,143.60243716614212,6476054
2022-11-30,145.35446166992188,145.97091504353256,141.23392488351482,142.337056142181,17317951
2022-12-01,143.9917755126953,145.90603670316506,143.08330742830935,145.35447103828253,13241961
2022-12-02,142.6290740966797,143.73220538088657,141.8179442694738,141.8179442694738,12880949
2022-12-05,143.9917755126953,144.21888923329595,140.9419193152556,142.564179036665,16477957
2022-12-06,145.030029296875,145.4518194945111,142.36952580699364,143.76467190595102,11299945
2022-12-07,143.4402313232422,145.41938055848374,143.0508783702245,144.60825057633917,5813973
2022-12-08,141.3312530517578,143.95930552300413,140.7472369908203,143.92686825416305,11176439
2022-12-09,140.94189453125,142.07747613654962,139.96853886956464,141.72058698178697,6020031
2022-12-12,139.87123107910156,141.4610402413883,139.25476449630955,140.1632325327517,8194429
2022-12-13,140.35789489746094,140.68234679209033,138.24895758237,139.87121705551687,8235450
2022-12-14,142.23971557617188,143.11574631639326,140.35790501328148,140.35790501328148,10055353
2022-12-15,140.39035034179688,143.0184163093379,140.09834887961813,142.43440018299734,5385778
2022-12-16,138.3463134765625,141.59083314723222,137.95697375647902,139.51434583879734,11166617
2022-12-19,142.04505920410156,142.23972244311787,138.54097567999548,138.89787808783316,7758862
2022-12-20,141.0068359375,142.04507963419795,138.80055983077628,142.04507963419795,6541929
2022-12-21,140.19569396972656,141.6232772800724,138.76809745739698,140.84459787478988,7005861
2022-12-22,139.51434326171875,140.8121511060138,138.11919718870473,140.2281349356842,6961415
2022-12-23,137.08094787597656,139.7090139326171,136.56181947896644,138.4760938912057,4554651
2022-12-26,137.47027587890625,139.0276477354761,136.88625978244477,137.24316217527746,6864331
2022-12-27,137.98941040039062,139.64410734535642,137.4378447520687,138.184073639925,13115851
2022-12-28,140.00100708007812,141.72060494069348,137.8920695458475,137.8920695458475,16815549
2022-12-29,140.00100708007812,140.4876849725929,138.54097340253387,138.89787580450445,22536873
2022-12-30,138.67076110839844,140.64992332642663,138.37875962796068,140.195695867527,4643134
2023-01-02,139.54676818847656,139.83876961918568,138.21651011084245,139.2223162868079,5959394
2023-01-03,139.9036865234375,140.29302624620527,139.0925566001778,139.67657278532167,2873110
2023-01-04,136.951171875,139.7739011686701,136.5942694531177,139.7739011686701,9954542
2023-01-05,135.4911346435547,137.5027340195592,134.06353819459625,137.5027340195592,21273509
2023-01-06,135.03688049316406,136.46447679923463,134.6799913181328,135.0693309645223,11510471
2023-01-09,135.68582153320312,137.53519526246055,132.53863982524075,135.75070929174126,52485126
2023-01-10,137.4378662109375,137.85964323010768,135.6209298130311,136.20494602678565,17248326
2023-01-11,137.53517150878906,138.24897633538404,136.33470197621693,137.69739747810917,9164361
2023-01-12,138.5409698486328,138.80053402504547,137.1782744249444,138.5734203214278,21179555
2023-01-13,138.8654327392578,139.7414503521228,138.41120529613775,138.60586854233915,6560245
2023-01-16,139.9361114501953,140.09833740522637,138.0218372596395,139.51432132671815,8362194
2023-01-17,141.72059631347656,141.91525953744272,139.44943295333104,139.93611081621938,13000571
2023-01-18,142.33706665039062,142.85619504690152,140.4228054419758,141.65572548220155,11171369
2023-01-19,143.2455291748047,143.56998110951545,141.88283368941606,141.9801719102259,11586815
2023-01-20,144.86776733398438,145.28955742686475,143.4077338446161,143.4077338446161,10112645
2023-01-23,146.06825256347656,148.1447527843213,145.06245952702056,145.35446097586657,14393610
2023-01-24,143.37530517578125,147.0416146913969,143.0833037143004,146.81450097669145,6150893
2023-01-25,142.36952209472656,143.5699917013239,141.33127846745276,143.21308926601853,5790331
2023-01-27,142.2721710205078,143.69975422886003,140.81213733842733,142.30462149423605,10458603
2023-01-30,137.47027587890625,142.0126027594119,136.6267088080018,141.46103713574698,24288177
2023-01-31,140.58502197265625,142.88862272273147,137.66495464288394,137.9569560950681,20997546
2023-02-01,140.5201416015625,146.00337414995641,138.60586721929528,146.00337414995641,20246369
2023-02-02,138.0218505859375,140.87703031055426,137.1458329845848,140.1632386798959,12820663
2023-02-03,139.4169921875,139.61166862700094,136.52937528079426,138.34629817421057,10815686
2023-02-06,140.84457397460938,141.03923719190536,138.24895879481087,138.5085097512055,6948201
2023-02-07,140.71478271484375,141.59080018157027,139.5792010944994,141.461024705752,10035526
2023-02-08,140.81443786621094,141.64471167438435,139.78489293864746,141.37902135305464,12432719
2023-02-09,141.37899780273438,142.10963592950614,140.8144144099366,140.8144144099366,7011082
2023-02-10,142.20928955078125,142.441763505184,140.71479675502988,140.74801311147482,10892159
2023-02-13,143.4713134765625,143.80342299849897,142.14287538881655,142.20929459048963,7710133
2023-02-14,142.8070831298828,144.16873746747945,141.31259039945382,144.16873746747945,6010681
2023-02-15,142.4749755859375,142.9399234807899,141.47864708533655,141.6447018354367,8107497
2023-02-16,142.54139709472656,144.06910622584957,142.14286839073765,144.06910622584957,3963115
2023-02-17,142.0100555419922,143.4049130136779,141.4786748320296,142.14289396269643,6491149
2023-02-20,143.33848571777344,144.13554322418344,142.2757243577974,143.20563379099042,6841917
2023-02-21,144.26837158203125,145.29791651016026,143.504530488949,144.5008590593044,6701434
2023-02-22,142.5746307373047,144.33481403303873,141.47866653327617,143.47132380839275,9128659
2023-02-23,141.64471435546875,143.40489756482776,141.2129692643322,142.8070977089134,10345874
2023-02-24,142.84031677246094,143.07279074483827,141.08013352976693,141.08013352976693,9808830
2023-02-27,145.59681701660156,146.09498132689592,142.508209103634,143.77021454552226,17763618
2023-02-28,147.62269592285156,148.12086025105015,145.29792905792476,146.52673169810018,36559278
2023-03-01,145.39756774902344,147.62269909338582,144.4012390712278,147.15775111584355,12896085
2023-03-02,146.3606414794922,146.79238649542785,143.33845339508068,144.79972966517317,79708558
2023-03-03,147.52304077148438,149.74817177268096,146.3938738495549,146.3938738495549,9951869
2023-03-06,150.87734985351562,151.9733139156786,148.1208382770361,148.78505728276272,15659957
2023-03-08,151.47515869140625,151.67441629686058,149.91423312403964,150.74450693069377,11591495
2023-03-09,149.9806671142578,153.0692748904073,149.7813959935386,152.10616267193055,13941653
2023-03-10,150.4788055419922,151.54155313819035,147.62265870823876,147.62265870823876,9605434
2023-03-13,150.17994689941406,152.80362064633908,149.71499890050237,151.47518234822206,13209653
2023-03-14,149.58212280273438,151.27588676469392,148.78506535803047,149.54891995878813,9583405
2023-03-15,151.64120483398438,152.80358809723438,149.91422460344242,150.51202441297076,12228069
2023-03-16,154.19845581054688,154.69662010014787,151.67441800447327,152.4050562598405,18437817
2023-03-17,152.57110595703125,155.4272531946693,151.64121012484284,155.39403683770368,33711025
2023-03-20,151.10983276367188,152.37185165210468,149.6485562698472,149.6485562698472,9281411
2023-03-21,148.220458984375,151.24264704957696,147.75549761879623,150.94375393236618,11272787
2023-03-22,148.85147094726562,149.24999963317276,146.65955641799147,148.1208327708409,7589846
2023-03-23,147.5562744140625,149.11718658202855,146.95847452683216,148.78507703507526,17091298
2023-03-24,147.7223358154297,148.95113849157542,146.659587920211,148.12086458694012,10371666
2023-03-27,146.19459533691406,150.2795447817621,145.8292830047025,148.0544138932323,19983733
2023-03-28,147.52304077148438,148.18725978757712,145.26469341405493,146.95845731051963,8689166
2023-03-29,147.75550842285156,148.58578215755756,146.49350315695438,147.52303447984787,19743258
2023-03-31,149.9142303466797,150.61166573677667,148.12084436296007,148.78506339597783,10202058
2023-04-03,149.18357849121094,151.01018066522383,148.6854142619347,151.01018066522383,7643214
2023-04-05,149.8810272216797,150.51202989643315,148.58579200158516,150.51202989643315,12019382
2023-04-06,149.6153564453125,151.04343025283242,149.2168276769185,150.91057832098608,4282875
2023-04-10,152.13938903808594,152.37186301850372,149.44929629927023,149.5821347127741,4145643
2023-04-11,153.66705322265625,154.0987982480478,151.74081554184178,152.03972218106793,5106602
2023-04-12,150.97698974609375,153.79992060156155,150.81093498988977,153.700285045125,9118795
2023-04-13,153.5674285888672,153.86633524933387,150.77771417259962,150.9769852795774,11428621
2023-04-17,157.18743896484375,159.34615085097062,154.2980888353574,154.49734643978033,21815047
2023-04-18,152.96966552734375,157.75203768543105,152.53792040570076,157.35350892451916,13482833
2023-04-19,152.73716735839844,153.7002931030168,151.87369068901148,152.1061646571706,8264190
2023-04-20,153.36817932128906,154.69661740373664,152.5379055197593,153.33496296379948,7308750
2023-04-21,153.7999267578125,154.33129389079224,152.50469149943376,153.96598152066326,5030650
2023-04-24,154.06561279296875,154.29810028573814,152.73717461061568,153.43461006177984,5725067
2023-04-25,154.69659423828125,155.3608131800398,153.20210161932448,153.63384663418134,8338703
2023-04-26,158.2833709716797,159.08042825479416,154.0987864514081,155.4604406164276,13581018
2023-04-27,156.72247314453125,158.28339866016591,155.09514194285038,158.08412754774469,9794457
2023-04-28,157.58595275878906,158.05090063863474,154.82944129338188,157.38668165967252,10585487
2023-05-02,159.47900390625,160.1764393697356,158.25020126857885,158.54909445945995,6732907
2023-05-03,159.2133026123047,160.74101184935935,158.61551627165585,159.41257373490186,4789217
2023-05-04,158.64869689941406,159.87749928049308,156.05824023627187,159.18007747621172,9189783
2023-05-05,160.1099853515625,160.40887847745924,158.2169505089855,158.6154926949402,3896441
2023-05-08,162.567626953125,163.5639556167805,160.1432245021821,160.64138883400986,8758321
2023-05-09,161.67092895507812,163.99569576643094,161.2059674846644,162.1026740656152,9166941
2023-05-10,164.4938507080078,164.69310831519556,162.4679771967197,162.833303080254,9689409
2023-05-11,165.09165954589844,165.5233911417651,163.79642421758263,164.52706251086306,12616726
2023-05-12,160.574951171875,165.7890678763965,160.17642245492783,165.29090360181985,13853807
2023-05-15,161.5712890625,163.16541753602624,160.97348919573122,161.67092462589005,12187763
2023-05-16,159.8111114501953,162.4347849818797,159.41258269616932,161.7705658873123,11418509
2023-05-17,158.61550903320312,160.67458531393163,157.71880253600864,160.01036628701465,11560929
2023-05-18,156.52320861816406,160.07677753288124,155.82577326912806,160.07677753288124,14497723
2023-05-19,155.22799682617188,157.7520347882121,154.09882977206402,156.52323216731307,10071694
2023-05-22,155.6597137451172,158.74833467476694,154.53054689553622,155.89218768314038,12566129
2023-05-23,155.49368286132812,157.12102770433617,154.9955185547368,155.46048001569838,12458561
2023-05-24,156.62286376953125,157.98450476930344,155.991847538208,157.95130192359488,8877971
2023-05-25,158.05093383789062,159.61185957718658,156.9549831032497,157.88487905826958,12502747
2023-05-26,157.6191864013672,158.01771512974256,155.95863877182717,157.98449877172325,6811801
2023-05-29,155.7593536376953,158.31659405440615,155.49366333815794,158.2169585028834,13638297
2023-05-30,156.1578826904297,156.68926329073014,155.22797339668887,156.68926329073014,9469926
2023-05-31,155.32762145996094,156.22431447082212,152.77038083136748,156.091476066832,48104157
2023-06-01,154.76303100585938,155.49366922205706,152.8035903105696,154.72981464957155,8804790
2023-06-02,155.82579040527344,156.15789993875168,154.82946180483873,155.42726166781387,6617781
2023-06-05,156.49000549316406,158.08413391604006,155.95863836125287,157.05458898300714,27428302
2023-06-06,156.29074096679688,157.41990789649117,155.72614398837916,157.05458202969976,6898603
2023-06-07,158.88119506835938,159.44579208491356,156.85533502664836,157.2206474045447,11153571
2023-06-08,160.508544921875,163.03256934190404,158.91441641189397,158.91441641189397,19300834
2023-06-09,162.667236328125,163.06576502669822,160.60816012418826,161.77054337794274,11037141
2023-06-12,160.508544921875,163.69678842826514,160.20963822486937,162.7336761584703,8188909
2023-06-13,160.90704345703125,161.70410080557022,160.37566288229235,160.7409887166215,6443218
2023-06-14,163.72999572753906,164.19494365683383,160.8074292065645,160.8074292065645,10297426
2023-06-15,163.69677734375,164.02888686444217,161.9366076949382,164.02888686444217,9732749
2023-06-16,163.69677734375,164.29457718371012,162.40155561847885,163.66357449982337,9702361
2023-06-19,161.4716339111328,164.9255807703731,161.00668602314371,163.69676482691486,10431647
2023-06-20,165.2244873046875,165.85548999147798,161.90339208248272,161.96981128421262,13426365
2023-06-21,171.5013427734375,172.06593974212504,165.22447854180027,165.25769489768905,31172093
2023-06-22,168.4127197265625,171.36848864071305,167.8481228097204,171.36848864071305,7430965
2023-06-23,166.12118530273438,169.14338745116493,165.75587292545944,168.4459520281205,5593393
2023-06-26,165.05844116210938,166.22082455057492,164.16174810800743,166.05476978079415,7305362
2023-06-27,165.75587463378906,166.08798416940988,164.49385569571555,164.79274887234567,11142907
2023-06-28,166.1544189453125,167.71533120630014,163.69680004325468,166.58616408479577,17808717
2023-06-30,169.47549438476562,172.49768297328495,166.85182101248765,170.37218740523682,17659979
2023-07-03,166.38687133789062,169.34264069275605,165.72265229063356,169.07696388471012,12467239
2023-07-04,165.78907775878906,167.71531577135258,165.52338742713002,167.71531577135258,8637967
2023-07-05,168.2134552001953,168.67840307666336,165.72263404718154,165.8554724365811,5340907
2023-07-06,174.49034118652344,175.08814104162735,168.9773311115174,172.663738776444,16705046
2023-07-07,169.67474365234375,174.39070951628372,169.17657938617296,174.39070951628372,13149183
2023-07-10,166.0547332763672,170.30573715095596,165.058404876709,169.6747210563645,15319047
2023-07-11,168.37953186035156,169.64155077819274,166.0879815067339,167.38320326946192,7486045
2023-07-12,167.41641235351562,169.2097983337641,166.81861252224252,168.71163405996498,9390877
2023-07-13,161.4716339111328,167.5160240228409,160.54172462158465,167.21713088250075,30591450
2023-07-14,159.44578552246094,162.33513563586462,157.22064093367436,161.4052262796872,72085831
2023-07-17,160.07679748535156,162.70045743289856,158.88119774185802,161.0731261004056,11474161
2023-07-18,160.1764373779297,161.87018796114782,159.146892375791,160.07680181101753,14940593
2023-07-19,161.5712890625,163.53072991702768,159.77790297576522,160.0767961523638,22954874
2023-07-20,162.23548889160156,163.2982365767138,160.9402672618663,162.03621778845613,10249082
2023-07-21,162.1358642578125,163.59715424761484,160.87384538457394,161.5712807789763,18466409
2023-07-24,164.36097717285156,164.82593855561353,161.30557264234628,162.1026435069799,14825562
2023-07-25,166.81861877441406,167.05109274151903,164.8259616045351,165.35732874169338,10500017
2023-07-26,166.71897888183594,169.80760011762,166.05475984246607,168.64521679872274,12898171
2023-07-27,166.51971435546875,168.31311394089295,165.855495289809,167.383204546255,10836773
2023-07-28,171.5013427734375,173.46079695875883,166.1211715015241,167.25035192532886,17518458
2023-07-31,176.71546936035156,177.34647200137036,172.13235558344482,174.0253770200713,24269734
2023-08-01,167.2503662109375,174.0253952781705,166.3868760197775,174.0253952781705,31395702
2023-08-02,165.09165954589844,168.5788097540556,163.79642421758263,167.9810098728,20825405
2023-08-03,165.1912841796875,166.4533031679336,163.46431722851653,165.39055531441085,10882019
2023-08-04,164.29458618164062,165.42376672197855,163.79642187331936,164.72633128490008,7406390
2023-08-07,164.69309997558594,165.3573189930532,163.39787829695294,165.25769695128955,6345966
2023-08-08,163.54188537597656,166.08135564578987,162.9662748703205,166.08135564578987,15171726
2023-08-09,162.7631072998047,164.8962650237864,162.35679482321476,164.55766899704352,18442141
2023-08-10,163.74505615234375,164.32066668486988,162.5599699711099,162.898566022891,9962450
2023-08-11,165.4380340576172,166.75855312977345,164.42224591672516,166.25065905932743,23866073
2023-08-14,165.57345581054688,166.11521496019378,163.0339856294035,165.81047027195208,9188486
2023-08-16,167.97750854492188,168.38382105577912,164.59154799193018,165.64118749685235,9191471
2023-08-17,165.0316925048828,168.48538288626898,164.01590445800622,167.97748886283068,15301142
2023-08-18,163.20327758789062,164.99783920483563,162.59380201152157,164.99783920483563,12292241
2023-08-21,167.40188598632812,167.74048204518195,163.67732933893603,164.08365563156775,9129526
2023-08-22,167.80819702148438,169.39959559790228,167.06327473772876,167.94362992170852,11107830
2023-08-23,169.0271453857422,169.29802498121384,167.40188159042083,169.29802498121384,8487619
2023-08-24,166.7924041748047,171.09257085298225,166.45380815640476,169.2980091999612,18982087
2023-08-25,163.8804931640625,167.53733337033262,163.4741806472567,166.6908432196918,12851343
2023-08-28,168.2822265625,168.6208225918008,164.2529393248235,164.55767024019113,11908665
2023-08-29,170.07679748535156,171.32960010611993,168.34995213138137,169.02714422666247,12363321
2023-08-30,167.3341522216797,170.3815164361569,166.89397463519816,170.1783670883629,6748007
2023-08-31,165.60733032226562,169.02714209377692,164.93013823552974,167.84205594198912,20715819
2023-09-01,170.787841796875,171.05872139188168,166.04749710553818,167.2664483943139,13120723
2023-09-04,172.9548797607422,173.69978837840299,169.83979859210902,171.73592836638107,10240031
2023-09-05,172.20993041992188,174.03834330158182,171.32957531245216,172.8871224172043,10893186
2023-09-06,172.3453826904297,174.20766089238916,170.75398407334777,173.83519974099406,10018473
2023-09-07,174.03836059570312,174.5123895299023,170.7539818380173,172.00678440197896,13760453
2023-09-08,175.15573120117188,176.95029293746228,174.10607798442433,174.88485161838142,16781751
2023-09-11,179.1173095703125,179.45590561864958,174.44468134775917,176.3069596136131,17683806
2023-09-12,172.72915649414062,184.42200549459972,172.14224833254758,183.29335185020193,29826173
2023-09-13,174.44467163085938,175.70877174074343,172.72912392584752,174.44467163085938,10692151
2023-09-14,176.2053680419922,176.65682941414948,174.89613281823756,175.34759419039486,10941807
2023-09-15,175.25730895996094,177.15343844329055,173.54174749122546,177.1082895508882,20516593
2023-09-18,180.67483520507812,181.0359987689261,175.25729908231725,176.29565466151035,25627043
2023-09-20,184.7831573486328,185.95695981934372,179.18503838544547,179.41076909990875,33369524
2023-09-21,182.0292205810547,185.59576246606275,180.9457023264893,185.09915222897143,20332556
2023-09-22,179.8170623779297,183.20302273235347,177.33402478468557,181.08116251008602,21193988
2023-09-25,179.59133911132812,181.1714540087091,177.60491171012228,180.5845597006853,11951847
2023-09-26,179.09475708007812,180.6297232061866,178.41756492642645,179.77194923372977,7440011
2023-09-27,179.99766540527344,180.2233961049151,178.14667091271002,179.9525165098434,6736870
2023-09-28,181.26174926757812,184.60256081987242,178.59812980470193,180.67485496775242,50185120
2023-09-29,180.3588409423828,182.3001195766913,179.77194659550148,181.44234561682265,16293959
2023-10-03,180.17823791503906,180.58455039793284,177.78548435576175,179.45589695794575,10830728
2023-10-04,179.681640625,180.0428042408809,176.4311129720367,179.59134283227536,14120040
2023-10-05,177.51461791992188,180.13308838036264,176.3859644839547,180.13308838036264,14575590
2023-10-06,177.92091369628906,178.28207725088564,175.93448659099496,177.87576480758787,12857229
2023-10-09,177.19859313964844,177.78548742757908,174.94128622067203,177.42432383154608,7853369
2023-10-10,178.7335662841797,179.2753254775464,176.70198997531745,177.1986002729855,7440527
2023-10-11,179.23016357421875,179.81705784318166,178.19180793605125,178.19180793605125,10031916
2023-10-12,181.26174926757812,182.39040274994161,178.19181730655274,178.19181730655274,21872719
2023-10-13,182.20980834960938,182.7515537171806,179.95250154096087,180.99085716193622,13105921
2023-10-16,183.3384552001953,184.06079610864305,180.67483601670705,180.85541779944225,18336656
2023-10-17,187.04046630859375,188.710879122838,182.93217828749655,183.78995225528027,19378328
2023-10-18,186.45355224609375,188.21424889436878,184.19624531817493,188.21424889436878,14923328
2023-10-19,185.82150268554688,187.26617080333807,182.5709753098783,184.19623899771258,13192888
2023-10-20,183.15789794921875,185.2797582911917,181.3971874435809,185.2797582911917,22081120
2023-10-23,180.3588409423828,185.2346188661168,179.68164879866924,182.39041737352355,6988219
2023-10-25,180.1331024169922,180.99087633966658,178.5981363799682,179.68164100742578,16817158
2023-10-26,179.63648986816406,180.58456157191836,177.2437499383396,179.45590806209387,11070090
2023-10-27,181.44232177734375,182.20981161705004,179.81705809047062,179.90735587543875,9995487
2023-10-30,181.35205078125,182.57098830072857,178.46268678505945,181.4423347951881,7679981
2023-10-31,182.52584838867188,183.24818942327212,181.08118009698066,181.93895404790814,7474770
2023-11-01,181.44232177734375,182.70642187935957,181.03600930000238,182.70642187935957,5598615
2023-11-02,183.3836212158203,183.88021772034085,181.39718008770546,182.16466995788693,12924797
2023-11-03,184.5574188232422,186.45356225548798,183.38363017971835,183.65449600360301,8684015
2023-11-06,187.98849487304688,188.66568686738603,185.05399623091057,185.0991451193678,9804415
2023-11-07,187.80795288085938,188.80117352729073,185.77637646748468,187.98853469543525,10730361
2023-11-08,186.90501403808594,189.2526187592294,186.58898555648688,188.71085958434762,7435543
2023-11-09,189.43319702148438,190.06524019537358,186.09238557877748,187.17589013080297,13777877
2023-11-10,190.65213012695312,192.32254269895648,189.2526109086616,190.06523585976686,12066023
2023-11-13,191.6905059814453,194.21869248180155,190.24582404481086,191.41962639613786,11352269
2023-11-15,189.7492218017578,194.12840291336505,189.4332070867761,194.12840291336505,19182861
2023-11-16,190.71568298339844,192.23442153364775,189.33501923490158,190.2554617338995,27533260
2023-11-17,192.83270263671875,193.93723082137438,190.4395465326,191.17590333731636,16705395
2023-11-20,192.64862060546875,194.39745576065033,192.23442428396135,193.3849774241698,11156900
2023-11-21,192.32644653320312,193.43097466087414,191.40600408600443,193.29291391172922,9608081
2023-11-22,194.76564025878906,195.68608276654356,191.6361273055209,191.6361273055209,13079580
2023-11-23,194.12132263183594,196.1463074198616,192.602598085655,195.1798399610018,11382709
2023-11-24,193.7071075439453,195.2258459878696,192.8326900400818,194.4894892312551,7250200
2023-11-28,193.47702026367188,197.38890108221955,192.83271329076118,197.38890108221955,15629209
2023-11-29,194.2593994140625,194.6275708093564,192.46453928353748,193.56906751425763,10062023
2023-11-30,192.32644653320312,195.870155572853,191.68213962913146,193.66108527267383,60354322
2023-12-01,193.47702026367188,195.5480159911383,192.7866883545164,194.67359838184242,20719909
2023-12-04,195.96221923828125,197.06676156775268,194.85769095364898,194.85769095364898,27914088
2023-12-05,204.61439514160156,205.48881281268763,194.71963707783272,196.69858307265065,40709207
2023-12-06,206.5472869873047,208.25011119400844,204.7984518924503,208.02000057390455,29544730
2023-12-07,211.7017822265625,213.91083868403476,206.40923767089845,207.0995695694633,24534268
2023-12-08,210.4131622314453,214.83127501895567,208.43420241906983,213.3585754380649,22206320
2023-12-11,212.57618713378906,214.37104715395503,208.5262458552178,209.8608846371444,19106395
2023-12-12,212.94436645507812,214.73922642386054,211.2415423044062,211.70176352947027,14355329
2023-12-13,218.09886169433594,218.60510791109783,212.25405986761623,212.62223127353096,26878281
2023-12-14,213.6347198486328,218.69715383514222,212.7142773056311,218.37499332715618,29972018
2023-12-15,218.46702575683594,219.15735760897064,209.07850133193375,216.30398033554548,41341690
2023-12-18,213.4045867919922,218.05280990992446,213.03640138657096,218.05280990992446,29051897
2023-12-19,214.96934509277344,215.75171277780075,212.48415319325767,213.680717187398,12612164
2023-12-20,209.07850646972656,216.67215702981113,208.20408891116924,216.25796071731955,20400245
2023-12-21,213.8648223876953,214.64719009272403,204.98254375709897,206.59331814636982,17755207
2023-12-22,213.3125457763672,215.56762705435582,212.16199267077727,214.46309888195708,9735375
2023-12-26,214.78526306152344,217.040344378276,212.66824250187983,213.54266006819145,6772092
2023-12-27,215.4295654296875,217.08636470401413,214.00287677554962,216.30398297743727,10231881
2023-12-28,220.07781982421875,220.86018756659757,215.47560706373605,216.39604961583257,39164340
2023-12-29,218.32894897460938,219.295416367779,216.07386775377176,218.88122006923126,12665999
2024-01-01,219.29544067382812,220.44599387778314,217.5926163140391,218.97328015878514,5952776
2024-01-02,218.92726135253906,220.9982570447941,217.36249781585343,220.90620717386963,9128513
2024-01-03,218.19090270996094,219.7096272537495,215.93582133939924,217.22443525262355,8284439
2024-01-04,222.2408447265625,223.75958331885636,218.19090323678884,219.06532082607654,19663959
2024-01-05,222.05674743652344,225.50840672310153,220.26188741647036,222.74707929383905,16345257
2024-01-08,223.06922912597656,225.73850656219207,221.27435514679908,223.1152400117303,13585746
2024-01-09,223.02322387695312,225.18625535723046,222.28686705703055,223.29935944002887,8688409
2024-01-10,220.12380981445312,222.83912632118046,219.06530659798605,221.8266339920783,16872195
2024-01-11,222.70106506347656,223.75958238913262,220.16984813167568,221.13631558733093,18812468
2024-01-12,220.4459991455078,223.345387670822,219.80169214486457,223.2073269009839,11296498
2024-01-15,221.96469116210938,222.2868516374899,218.14486061318883,221.27435932472585,12597366
2024-01-16,220.03176879882812,223.1152425558457,218.78916588289573,222.42491072362483,7478450
2024-01-17,220.16983032226562,222.01071521466724,218.7891666529644,219.52552341889248,13620300
2024-01-18,214.87730407714844,216.9482997528553,208.06603502831462,209.1705632463906,25522629
2024-01-19,216.67214965820312,218.09883828143575,213.91082227575447,216.30397829181157,20931080
2024-01-23,219.019287109375,227.16520874234408,217.45453768946598,221.82663950544466,27492163
2024-01-24,226.61294555664062,227.34930238141854,216.3039921442646,217.36249542405656,28309825
2024-01-25,225.9686279296875,228.9140410448544,223.75957160452174,225.2782960724685,20651484
2024-01-29,233.74635314941406,234.71282051343678,225.64645692664965,225.92259246563285,26181011
2024-01-30,233.8844451904297,236.507711936982,231.49128906919466,233.79239532236758,16031367
2024-01-31,238.67074584960938,239.31506688092918,232.31969776955106,233.79241149136928,34369455
2024-02-01,244.65359497070312,249.3938961180029,237.7502765111497,238.39459746991125,29929092
2024-02-02,255.0546112060547,259.0125025469763,242.9507984786855,243.45703059566105,33900724
2024-02-05,260.3931579589844,266.37603375696943,253.02961851531043,255.42277445243923,27440927
2024-02-06,252.43138122558594,260.39320404010715,250.6365069326866,260.39320404010715,29668277
2024-02-07,246.632568359375,252.56940537176393,245.57403705877903,250.4523989499213,27335466
2024-02-08,254.22616577148438,265.13338418044106,249.25575505032018,249.25575505032018,69776717
2024-02-09,251.28079223632812,257.21765735470467,247.69107225088695,256.4352756437262,24496638
2024-02-12,248.7955780029297,254.04211109844093,245.06779739115905,251.4648835260654,19140023
2024-02-13,248.74957275390625,249.30184384326517,243.22691803966597,248.79558364065517,22031847
2024-02-14,251.87908935546875,253.1216923723227,245.75815223058243,248.05925852487627,13546941
2024-02-15,263.5769958496094,265.1679211829919,253.93794064424642,254.54622554489833,25475670
2024-02-16,256.9325866699219,264.74678722455343,255.76279702280092,263.90454439048983,25129188
2024-02-19,258.6170959472656,260.4419506262549,255.7627921273332,257.4473063225352,11429901
2024-02-20,269.4259338378906,270.22139647444055,259.88046787724045,260.48875275484346,43053543
2024-02-21,262.12646484375,270.8764969493412,261.33100218700224,269.09839387214606,24651085
2024-02-22,264.4660339355469,265.3082767212113,255.71600216603525,262.12645477574785,26793590
2024-02-23,263.8577575683594,266.89921057410527,261.09704264710945,264.4192337373513,14313526
2024-02-26,269.33233642578125,272.79492494138776,263.9513044586698,264.7935757879309,31012494
2024-02-27,273.7307434082031,274.57298613759633,265.8697636683432,265.8697636683432,36510093
2024-02-28,261.61175537109375,274.8069888125478,260.5355545660051,272.7949562535875,18824161
2024-02-29,264.699951171875,266.7119832282256,256.7921634033135,261.6584987315531,35043015
2024-03-01,269.23876953125,270.8296661557682,266.33768578625074,266.7120127238247,15149735
2024-03-04,275.7427978515625,277.94200800386034,269.5195229128343,269.5195229128343,23131460
2024-03-05,276.0703430175781,276.4914786933653,271.15722674353646,273.3096281636759,13220556
2024-03-06,274.8537902832031,275.9767712226256,268.1157904093969,271.67193955654477,15969436
2024-03-07,273.87115478515625,279.7201031982995,272.3270381159501,275.13453335425885,14908694
2024-03-11,267.2267150878906,273.21606046966036,266.1505144068685,269.89384099081695,19020659
2024-03-12,266.8523864746094,270.12779721510617,264.60639625013175,266.6184285645739,17906155
2024-03-13,247.34030151367188,265.68260814711294,245.00072231449104,265.12110342744626,39389523
2024-03-14,249.25877380371094,251.17721732493757,243.97133052094708,247.10634380305163,26005940
2024-03-15,248.88446044921875,254.54623100181877,241.117039941146,250.89649296034747,43817794
2024-03-18,247.90179443359375,249.53949979506808,242.84830931576457,248.88443478606737,12423655
2024-03-19,242.3804168701172,249.39915481037153,241.725323238633,245.32828109316046,20031514
2024-03-20,247.66783142089844,248.13574722881978,242.33360834618392,243.26943996202658,11308487
2024-03-21,256.1839294433594,256.88580322265625,249.96065431212384,250.61571937054396,23559105
2024-03-22,258.0555725097656,260.39515158963655,253.93791904105572,256.18390924586885,22097588
2024-03-26,252.7213592529297,256.5114950748403,249.02484087964217,252.76816797724123,28477120
2024-03-27,252.9084930419922,255.29485222791337,251.92588127351036,253.61036675071188,18094214
2024-03-28,259.1317443847656,261.56491206936624,254.21862886289023,254.54617560954426,26646830
2024-04-01,262.1732482910156,263.53021569655294,259.8336690120322,262.7347530298351,8945400
2024-04-02,261.61175537109375,263.6238164893727,260.62914345325595,261.3310172686597,13229425
2024-04-03,262.12646484375,264.9339599433418,260.6759085733707,262.1732450050164,14499308
2024-04-04,259.8336181640625,268.30291063218016,257.4004504782135,264.6531448237507,23722104
2024-04-05,260.5355224609375,261.9860786362818,257.4940696356444,261.9860786362818,9308711
2024-04-08,263.6705627441406,265.9633616699896,261.1438059099118,262.54755336019116,14473340
2024-04-09,263.1558532714844,266.10371705400445,262.9686755306553,264.69996967572695,5780865
2024-04-10,264.4192199707031,267.0395657132801,262.03286069877964,262.03286069877964,8809693
2024-04-12,257.5876770019531,266.1973401183883,257.02617226665217,263.4366251627604,17731780
2024-04-15,256.4646301269531,258.4766908482731,251.1771874726003,252.90848158756,13378690
2024-04-16,256.65185546875,257.8684253106904,253.844360240286,255.48206579022332,9662195
2024-04-18,262.12646484375,271.2976040786897,259.88047447594,269.42594067896187,51039603
2024-04-19,263.5769958496094,264.1385005884101,257.07298258984304,260.25480469729075,18755469
2024-04-22,265.44866943359375,266.431309903938,263.6238146617861,265.7762162570418,14965203
2024-04-23,267.03955078125,268.7240362249676,262.6879395855513,265.44862564938376,11464036
2024-04-24,271.7655029296875,273.1224702333387,266.15051308172156,266.7120177783812,19324163
2024-04-25,274.4794006347656,275.6024099939506,270.6892940263165,273.2628309617439,22022414
2024-04-26,273.49676513671875,277.1465023984516,272.74811133509064,275.36842820010094,15581578
2024-04-29,274.8537902832031,275.69603312759943,271.01687448171117,273.5436030149001,9804396
2024-04-30,282.4808044433594,284.82038369407576,274.2454683452475,274.8537817978874,33288857
2024-05-02,293.476806640625,296.89258639875555,282.48078492215257,282.57437379757704,44059506
2024-05-03,290.9033203125,295.8164372552484,288.47015192422725,291.97952116904753,27074447
2024-05-06,287.1599426269531,290.8564604459498,283.6505739991819,290.2949843129584,16855909
2024-05-07,276.3043212890625,288.51691407472475,275.6024474839252,287.300344236214,13857464
2024-05-08,282.6211853027344,283.4166479930991,273.2628679086041,273.2628679086041,18754452
2024-05-09,277.1465148925781,284.82034522211603,276.3042721879491,283.323008992046,11196567
2024-05-10,284.2588806152344,284.91397423297167,277.2401428222656,277.2401428222656,11786977
2024-05-13,286.879150390625,287.90857080806825,278.5034751489871,284.67996909433424,11710605
2024-05-14,289.40594482421875,292.91531359734995,288.0021973149663,288.236155233175,9957875
2024-05-15,294.6466064453125,296.00354522861596,289.03161643609957,290.1078171426688,11397656
2024-05-16,292.4474182128906,295.34850231342614,285.70941827353835,294.3190816894531,19843532
2024-05-17,293.0556640625,295.7227898729001,290.80967390191046,294.6933693861632,9069551
2024-05-21,304.7535705566406,306.4380846591677,291.0436426209263,291.0436426209263,21976662
2024-05-22,304.84716796875,306.7188313177523,299.6533135989951,306.7188313177523,10287081
2024-05-23,299.3725280761719,300.12121050413447,289.17196917943966,298.95142098480017,35705284
2024-05-24,298.3431396484375,302.22686411743945,297.03298095785107,297.59448569933596,15058182
2024-05-27,297.5476989746094,300.86989006953536,294.3190682017694,300.86989006953536,12857918
2024-05-28,292.7281188964844,298.99820216530424,291.9794650252736,298.5302863559688,10935739
2024-05-29,297.313720703125,298.24955233447344,289.2655629616654,289.2655629616654,16812268
2024-05-30,287.0195617675781,297.26690060285773,284.3056272931392,294.4126256602685,22768893
2024-05-31,290.1078186035156,291.51156611288746,286.08375383370947,288.75085125406304,36929443
2024-06-03,315.98358154296875,326.3245394135394,304.70682049099423,313.5036331419187,55218939
2024-06-04,276.95941162109375,313.4568490520696,261.7989261875766,313.4568490520696,73262478
2024-06-05,279.6264953613281,281.73211664736016,261.28421722823555,277.2869161546258,45312613
2024-06-06,281.1706237792969,291.4647716771544,278.9714137438007,283.93130994358796,36508044
2024-06-07,289.4995422363281,290.71611202314534,277.75483726048566,278.9246268860088,38016104
2024-06-10,295.5356140136719,302.60115987646884,291.60513834737,292.91529690280396,25478964
2024-06-11,296.2375183105469,299.18541106374397,294.9273596198579,295.91000005736277,12238518
2024-06-12,303.8177490234375,306.11054806183057,296.56505350765565,299.3725485460228,20346144
2024-06-13,300.8230895996094,306.9059952090144,300.0744071582475,306.0169437346831,11756503
2024-06-14,300.8699035644531,305.0811463826181,298.85787104097125,305.0811463826181,14159988
2024-06-18,310.5089416503906,311.1640352535985,301.3378025613796,301.3378025613796,21653702
2024-06-19,306.2977294921875,313.3632765511374,304.5196548259877,312.5678138280345,14235150
2024-06-20,303.72418212890625,307.23355118089324,301.61856069771403,306.48489720686337,11749507
2024-06-21,305.03436279296875,308.4501428841355,302.2736477750116,305.736236588112,17209541
2024-06-24,311.5851745605469,312.5677864174738,301.85250207614206,302.36722664445557,18044357
2024-06-25,306.39129638671875,313.50362310025974,304.89395993766004,313.50362310025974,13979671
2024-06-26,305.7362365722656,309.01164761609755,304.09853105034966,304.8004048454565,12946277
2024-06-27,310.27496337890625,311.16401484504655,303.53699282461736,307.4674685081239,27061015
2024-06-28,309.7135314941406,315.70284902884174,308.4501529099546,311.63197517282845,21676594
2024-07-01,308.45013427734375,310.46216672208163,304.37926066724054,309.76029294652307,11959181
2024-07-02,309.57305908203125,312.9420583060482,306.99952237135767,308.87118543366574,12684459
2024-07-03,313.6439514160156,315.28165669715474,307.9821817249457,309.85384490339044,9369793
2024-07-04,313.50360107421875,316.9661895844363,312.47418055285823,315.3752643642141,12878827
2024-07-05,317.62127685546875,318.0891927107536,311.4915905749646,313.50362304082586,10894118
2024-07-08,317.62127685546875,319.11861330424364,315.23491741724314,319.11861330424364,7828162
2024-07-09,319.25897216796875,320.38198160856706,316.4046969654796,318.1827714469966,9214579
2024-07-10,323.8445129394531,325.4822182353224,313.9715010080811,320.990237990378,10662609
2024-07-11,320.8031005859375,326.37131071578324,320.05444663741326,326.13735278695475,12642065
2024-07-12,321.0838317871094,323.7041488769677,318.27633695112644,320.80306516792245,11380570
2024-07-15,321.78570556640625,323.2362331415886,318.36992589374364,323.2362331415886,5277531
2024-07-16,320.47552490234375,324.73354702023863,319.58647350839044,320.7562629429014,11363095
2024-07-18,319.3525695800781,322.5812003885706,315.32850466916955,320.054443359375,13908161
2024-07-19,310.8832702636719,319.91403953015185,309.7602609151782,317.7616097054247,12937990
2024-07-22,316.8725891113281,317.6212429762013,308.3565157416533,308.8244315470276,10678640
2024-07-23,312.8017272949219,318.6506750753056,300.4955468768576,317.34051648436275,15954324
2024-07-24,315.515625,317.05974146127835,309.10517269055066,309.66667737446494,12573882
2024-07-25,317.6680603027344,320.6159242446315,309.24557557770544,309.24557557770544,16271884
2024-07-26,322.11328125,323.37663119239386,316.7790291580287,318.5103235078311,11468068
2024-07-29,320.3819885253906,323.70417963996675,316.07715698924727,317.99560055242785,31849674
2024-07-30,327.3539123535156,334.0451317561641,321.27100639424725,322.8619316842441,25813219
2024-07-31,325.8565979003906,328.14936834914283,320.6159348528889,325.90337806001816,17976593
2024-08-01,337.9288024902344,339.23896104170495,327.68143486400743,328.6172664806742,26792459
2024-08-02,335.2616882324219,337.8820054257251,331.28440372443083,335.0277303201871,13771470
2024-08-05,320.8031005859375,332.0330811697064,319.58653077975623,330.11463757703956,13566586
2024-08-06,318.8846435546875,328.289740473513,317.48089604087374,320.8030870665064,12273667
2024-08-07,329.4595031738281,329.927418973569,321.3645655501737,323.6573643926296,12441847
2024-08-08,320.6627502441406,332.2202783142611,319.35259147814537,332.2202783142611,15489731
2024-08-09,323.7977600097656,326.5584748786621,322.20683473628014,325.57583448292706,8720610
2024-08-12,319.25897216796875,321.7389204100306,317.71485560663336,320.990266489176,12521136
2024-08-13,315.3285217285156,320.475596388484,313.6440074314802,315.37530189260605,10435954
2024-08-14,312.099853515625,316.63864270440195,311.1640218709005,315.3752642721608,12385993
2024-08-16,319.5072021484375,320.4036167562879,311.9583020565513,314.22296632476343,13013828
2024-08-19,321.11138916015625,323.94222725018443,320.16777646348015,323.32888475669984,5891370
2024-08-20,321.3000793457031,323.32884060718095,319.69592646168604,321.2529102360198,6393840
2024-08-21,317.66717529296875,321.7247267416092,317.1953689940644,320.8282832549824,10118601
2024-08-22,315.1665954589844,318.65797345433384,311.86395149459383,317.05382058149326,18370039
2024-08-23,317.28973388671875,317.95027421946645,314.55326313076745,315.7799479809891,7494822
2024-08-26,319.17694091796875,322.24368166588715,316.9122765865521,317.4784498685986,7993675
2024-08-27,316.44049072265625,322.1965333338851,316.1102205537682,319.8846709484401,9589690
2024-08-28,315.5912780761719,319.7903373003669,314.9307376694663,316.4405237442403,8790600
2024-08-29,314.50604248046875,316.95944080027215,310.2597861258444,313.7511639805764,17653536
2024-08-30,318.3748779296875,321.6303528411853,315.21377003530586,316.11021350275325,22713812
2024-09-02,316.62921142578125,320.7339321897805,315.35535739279237,319.31851322266164,9789776
2024-09-03,315.77996826171875,318.89390729167116,315.16662579721645,317.05385110139144,8434423
2024-09-04,314.128662109375,315.827182247649,312.3358037385088,312.5245377972418,9025610
2024-09-05,312.5716857910156,315.4496928131749,311.0147307003922,313.60966545035535,13912371
2024-09-06,311.2034606933594,314.3173999189676,306.6741311974606,314.270202005334,23755639
2024-09-09,310.02392578125,310.63729704342853,305.30586251386364,309.2218780632126,18597200
2024-09-10,315.30816650390625,316.3933153101741,308.5613417030864,308.5613417030864,15472387
2024-09-11,314.4117126464844,318.2333319488074,313.27936606969325,317.9030617975125,10134008
2024-09-12,319.1297607421875,319.884639227557,314.45886732325476,315.96865309076213,18410837
2024-09-13,318.2333679199219,322.007818540173,317.14821912595426,320.6395686716228,10417461
2024-09-16,319.17694091796875,322.24368166588715,318.04459435387577,318.2333283801477,7748570
2024-09-17,317.903076171875,320.8282809635439,315.638411712663,317.71437093172375,11451846
2024-09-18,315.44964599609375,319.7902692384509,314.31732827858843,319.4128299992825,6583254
2024-09-19,316.015869140625,319.27134428550585,314.31737789785313,317.2425828575359,10589610
2024-09-20,321.63037109375,323.61196337856205,315.87432828425676,319.08260547088133,31236123
2024-09-23,321.9134216308594,323.1873043562893,321.0641760794962,322.7154980725575,6542941
2024-09-24,330.31158447265625,331.2080279759151,323.04578461278606,325.1217150884182,26145769
2024-09-25,343.23907470703125,345.5981061483167,332.4818970941238,333.89731595889504,40770462
2024-09-26,344.84326171875,345.4566041948038,337.0584571924117,343.52218094352844,18733959
2024-09-27,334.2747497558594,342.8144319147534,333.42550421025845,341.7764811350023,33148043
2024-09-30,332.9537048339844,337.2943284642278,329.9813309643599,334.2747566875096,16356171
2024-10-01,331.0193176269531,335.92611509651056,330.2172698839451,331.302418709874,9856291
2024-10-03,324.7442626953125,330.17003501440104,323.2816747193099,323.6591139908489,19350466
2024-10-04,319.7431335449219,327.85820762051003,318.7051539311656,323.659120054448,20121706
2024-10-07,310.4013366699219,320.82824305035126,306.6740558569534,320.82824305035126,13851446
2024-10-08,308.7028503417969,312.3357645406724,304.17352146837453,308.8443864696968,21148292
2024-10-09,311.15625,313.09064428114004,307.14589651250947,308.5613153904473,9228363
2024-10-10,315.4968566894531,319.0354036940527,311.4865034175736,311.5808704303834,20773976
2024-10-11,311.4393005371094,316.4404641684378,310.9203251701005,315.59121866025566,6098468
2024-10-14,312.0527038574219,312.80758243206355,309.31620423160933,311.43933261915726,5944216
2024-10-15,311.2506103515625,314.6476213452107,309.0331150642664,314.6476213452107,12415489
2024-10-16,308.7500305175781,313.8927015144062,306.62690233069713,312.9962868913401,22085298
2024-10-17,312.4772644042969,313.1849737584347,306.29661423020025,309.9766971123634,17039729
2024-10-18,313.3265380859375,315.0250579668857,309.7408218874413,312.807562698208,10569021
2024-10-21,312.4772644042969,314.93066259132814,310.8731404796449,314.2229532371903,8745904
2024-10-22,304.55096435546875,316.7235610444044,302.94681142884616,314.12862641395503,11219831
2024-10-23,299.03082275390625,303.7488856840618,296.1528158852197,301.2011489798403,12541589
2024-10-24,301.1539611816406,302.7109162415018,297.47387773194004,297.47387773194004,8327779
2024-10-25,297.9928283691406,303.3714313614416,295.58662791281984,303.3714313614416,12979410
2024-10-28,300.35186767578125,302.3806577262924,293.2276043345509,296.7661514504143,9610615
2024-10-29,302.4750061035156,303.08837732828067,296.4358912489805,298.27594732973336,15856332
2024-10-30,300.4934387207031,307.0515288976693,298.8892858101173,300.5877769416323,14498110
2024-10-31,302.7109069824219,304.50379393864205,299.92726712339487,302.3334677062385,9900390
2024-11-01,303.89044189453125,304.5038131534014,301.95604748404565,304.26790999130446,847672
2024-11-04,297.66259765625,306.3910139560511,294.02968349103276,306.24944903269204,9249409
2024-11-05,298.7477722167969,299.78575189624996,294.40714824612127,294.7374184345981,7518195
2024-11-06,300.5406494140625,302.28633869434685,296.2000251702344,299.50266966929007,11019250
2024-11-07,295.3035888671875,301.0124338525791,294.12407306055513,301.0124338525791,14504208
2024-11-08,298.41748046875,299.64416531244285,291.29321695966684,294.2655908476694,15740539
2024-11-11,311.2034606933594,313.65685950229397,295.16204459995373,295.86975413348637,22838987
2024-11-12,304.5038146972656,313.75120717964063,303.6545402719927,312.8075945264688,12069181
2024-11-13,300.06884765625,306.2966974235649,299.266771077688,304.45664108432123,12918639
2024-11-14,298.7287902832031,305.14172647630943,297.29305437592416,301.60026209776106,12500377
2024-11-18,298.6808776855469,302.0309277185338,296.8144387646679,300.547345816544,9408101
2024-11-19,301.5523681640625,304.6152829286182,298.87233965266626,299.63805373874516,13157158
2024-11-21,311.9375305175781,312.75111999232894,299.59020828645436,302.46167993137243,25406386
2024-11-22,322.51416015625,323.1363065519668,310.11896158181673,311.8418330176668,31523269
2024-11-25,328.0656433105469,330.60210414911484,321.7483996979914,327.20420763840764,29419152
2024-11-26,324.2848815917969,329.8364114584841,323.4234458637262,327.3477966361845,13997179
2024-11-27,324.715576171875,326.67773672409066,322.08339390371685,322.8012617950327,12177260
2024-11-28,319.35552978515625,327.10850981744056,317.96766921544275,324.7156165488419,16920231
2024-11-29,315.28759765625,318.2547910236072,312.5118474261887,317.15406600945965,13890537
2024-12-02,313.80401611328125,317.72836675357354,312.2247124633197,314.0911516095936,16003524
2024-12-03,315.5268859863281,317.15406501789136,310.35824260683535,310.35824260683535,23174488
2024-12-04,311.1239318847656,317.0583181269633,307.3431785229836,314.95256063195916,17880011
2024-12-05,314.2826232910156,316.2926595781231,305.85962104269,311.0761403104066,19785053
2024-12-06,314.80902099609375,318.4940823362232,312.7032925232497,313.08614959011936,8802058
2024-12-09,315.0004577636719,316.4840398215819,312.70328619879257,313.7082896302644,9376929
2024-12-10,313.8518371582031,317.63261974756006,311.41109800464613,317.63261974756006,14994365
2024-12-11,313.516845703125,314.90473540033605,312.8468531538778,313.22971021203637,5013051
2024-12-12,315.0961608886719,315.7661534003986,311.88967843718416,313.9475605683982,10414162
2024-12-13,319.54693603515625,319.9776392477004,311.12393517615186,316.4840213209511,14973536
2024-12-16,320.6476745605469,321.8441211074146,317.39334579509085,319.54694957945276,12695136
2024-12-17,315.67047119140625,321.17412575942893,313.9475997063354,318.2548076291357,17360248
2024-12-18,307.7738952636719,315.00044986782,306.9124595997002,313.94757107402324,15037099
2024-12-19,307.86962890625,309.97538657645197,303.2752857114188,304.37601072579275,10234715
2024-12-20,302.2702331542969,311.6503912738322,300.1645048328565,307.5345977730774,13973399
2024-12-23,301.7916564941406,304.6631281228579,298.20231695824396,304.37599264403417,5984169
2024-12-24,296.8144836425781,303.08385225389713,295.5223154495999,300.64311283058913,4833589
2024-12-26,297.0058898925781,299.68594778092825,295.5223078046521,296.81447596420287,3775101
2024-12-27,296.1444091796875,298.9201590052883,295.57010906160383,297.43657714284643,3981693
2024-12-30,294.3736877441406,298.6330490053482,293.17724123370255,295.7615773802968,12489142
2024-12-31,295.4744567871094,296.479460222459,292.0765310002142,294.18228864871605,8402716
2025-01-01,297.10162353515625,298.01093466478636,292.79441563503605,295.47447363229577,4239498
2025-01-02,301.6481018066406,303.6102916972374,295.5223012423458,296.57518006045615,10766571
2025-01-03,302.509521484375,304.3759897090918,300.2123500455756,302.7966861705497,7636948
2025-01-06,292.89013671875,302.9402884689032,291.7415362632547,302.2702666681771,6722495
2025-01-07,291.9808044433594,297.3887662186675,290.01864378496816,292.8901155056114,10137739
2025-01-08,293.51226806640625,294.66086846296133,290.01864990788994,293.03368943619523,6907996
2025-01-09,292.1722717285156,293.7515754634019,290.64081417554706,293.5122861335669,8244909
2025-01-10,286.8600158691406,292.1722264848171,285.7114155797474,291.02362619542384,6540783
2025-01-13,275.2784423828125,285.7592971798324,274.4648528444749,282.3614004851616,19474228
2025-01-14,277.8149108886719,280.4949396886477,274.5127064653774,275.42201759936376,15954608
2025-01-15,285.8550109863281,289.5400722939113,278.62848532882623,282.3613928155499,12198882
2025-01-16,284.8978576660156,288.67864059433373,283.8928542091827,286.1900258320308,11694289
2025-01-17,289.6357727050781,291.9329441283263,283.0313939094448,284.8978329114067,7593230
2025-01-20,293.1294250488281,295.57016449579777,289.01366031586514,289.6358067229238,9435937
2025-01-21,289.3965148925781,296.670916199409,288.5829253472529,293.8472904862575,13911546
2025-01-22,284.8021240234375,289.34862089660356,283.1270988596395,289.06148540971503,9723333
2025-01-23,281.7392272949219,286.7643025883743,281.02135939585725,284.7542666289694,12228286
2025-01-24,283.1749572753906,289.54004667430615,281.7392215067577,282.6485033008205,11142914
2025-01-27,274.70416259765625,282.3614214853958,271.59340117451205,282.3614214853958,13477947
2025-01-28,271.7847900390625,276.42697894433195,267.3818612161158,274.84767545624203,11298068
2025-01-29,275.5177307128906,276.7620235010742,271.1626475340035,273.1248374970589,4800024
2025-01-30,282.6963806152344,284.3714056900714,275.5177017230757,275.5177017230757,10969499
2025-01-31,288.72650146484375,290.4494021772343,283.2228468418883,284.27572574221756,14141459
2025-02-01,277.4320373535156,292.2679748674991,276.28343695870706,288.7264813252738,6945157
2025-02-03,271.6412048339844,279.48990564927925,266.08970469349185,277.5755912270239,14978897
2025-02-04,273.4119567871094,274.12982470929336,260.44248801036724,268.9611815115929,19836427
2025-02-05,272.9812927246094,278.29350442686774,272.35911706802307,273.36414982934537,15337191
2025-02-06,269.104736328125,278.48489425351164,267.7647221131038,275.18269028603163,21418561
2025-02-07,269.3468322753906,272.9781486269869,261.4547773149336,264.45667140926554,17193482
2025-02-10,260.1959228515625,267.2648732583572,259.61490634717717,266.29652226829074,16709670
2025-02-11,253.17538452148438,260.29274083554617,251.7712637299914,260.19592937549373,22083955
2025-02-12,248.9146270751953,253.80481763807177,245.96116817566727,251.2870989826207,17861265
2025-02-13,250.9481658935547,253.0785500004455,247.9947070447423,249.10830482945542,12257226
2025-02-14,249.2051544189453,253.2238054594861,246.6874357200921,252.1586133693871,11339563
2025-02-17,254.87002563476562,255.64469470712518,244.21814857943667,248.76939587094347,8332653
2025-02-18,258.5013122558594,259.4212279783289,251.96494298094876,255.49941823407346,10483635
2025-02-19,254.72471618652344,260.00224090453156,253.99845294377334,254.19213496253084,14602009
2025-02-20,257.33929443359375,258.01715199691387,253.03012039190682,254.4342412509003,15312926
2025-02-21,253.61114501953125,257.3393026331229,251.19026729015096,256.9035328211424,10757038
2025-02-24,250.9481658935547,253.5142902370401,249.10830482945542,249.83456810884158,14599185
2025-02-25,247.65577697753906,251.72286314155656,246.8326726881869,250.60923581092982,21287363
2025-02-27,248.13995361328125,249.30198668016166,245.42856775033403,245.96116377667684,13614799
2025-02-28,242.91087341308594,248.8662266223009,239.47322413686564,247.80103452796848,38512868
2025-03-03,244.50863647460938,245.76749577598812,240.63523233243734,244.99281199238087,9873539
2025-03-04,245.96116638183594,249.01146627504443,241.55516615486243,242.0877621868464,11947033
2025-03-05,256.031982421875,258.74338278275224,247.65575270788688,248.8177856556522,14536637
2025-03-06,258.2108154296875,258.84023773562126,252.4491441040102,256.758288776734,11926868
2025-03-07,254.966796875,260.147480440195,253.32061796804607,257.58135629720346,10043068
2025-03-10,262.713623046875,265.5702704107263,252.7880249731833,252.7880249731833,30233763
2025-03-11,258.8402099609375,263.2462247331501,257.4361187447858,261.45476947639236,9255499
2025-03-12,258.6465759277344,263.77882476257304,255.2573471929502,262.1326456795726,11875548
2025-03-13,259.17913818359375,262.0841911717567,257.0971894524224,261.2610869147651,9270442
2025-03-17,258.888671875,262.0842186766507,256.5646351509149,261.454796373505,11987667
2025-03-18,258.888671875,258.888671875,258.888671875,258.888671875,0
2025-03-19,268.4269104003906,269.49207286448365,261.2610893221769,263.39147335381784,13089950
2025-03-20,271.47723388671875,274.57593964248076,268.2816575599182,274.52753390869157,13710249
2025-03-21,274.14019775390625,276.12530565514754,271.18670921706524,272.10665456743357,26003527
2025-03-24,282.61328125,284.64682451930895,275.44748884781086,275.98007014494203,19966817
2025-03-25,281.7901611328125,285.90565317684843,278.5461791406971,281.7901611328125,16983852
2025-03-26,281.6448974609375,287.35816251551717,280.3860234155954,282.4680017306367,20367015
2025-03-27,286.14776611328125,287.84238063341064,279.8534836099434,279.8534836099434,37203166
2025-03-28,281.1607360839844,284.9372993063308,279.1755986806343,284.5983705251023,10834900
2025-04-01,280.1439514160156,287.55186070814506,277.9167557861563,280.4344744666903,11603556
2025-04-02,277.6746826171875,280.5797359662775,275.49589260537,277.77152363917,11679536
2025-04-03,289.6338195800781,290.45692392445716,276.07690419600505,280.1923963661701,23478876
2025-04-04,284.598388671875,291.3768465217408,282.8553684740305,290.5053364228185,21020875
2025-04-07,280.24078369140625,284.59836335003746,273.3654854307757,274.62435950763955,22847548
2025-04-08,279.8050537109375,284.69521479748136,275.641126375719,282.71010692315673,20831596
2025-04-09,284.1142272949219,290.0211753407562,280.1439815885917,280.77343349031656,21342531
2025-04-11,294.4755554199219,295.3470654403839,283.9689407881724,283.9689407881724,19831004
2025-04-15,294.91131591796875,300.62461105387973,294.0882411237009,297.4774699763862,16563441
2025-04-16,296.0733337402344,297.2837725535632,293.21668632008675,294.8144891950639,7032401
2025-04-17,299.220458984375,299.9951279636436,292.44200198472896,295.78282475524543,8528993
2025-04-21,309.872314453125,311.809016418457,298.6878724240232,300.18880462646484,13369014
2025-04-22,302.6580810546875,309.6302197949195,302.2223408532518,309.6302197949195,10027268
2025-04-23,304.982177734375,306.095775541447,299.65624691194205,304.20747915643824,8225575
2025-04-24,304.4495849609375,305.8537058998339,302.9486525518255,304.9337605189389,8021180
2025-04-25,296.7995910644531,305.41790933183546,293.79769695737076,303.0938727672882,11475773
2025-04-28,298.78472900390625,301.10879535467075,293.9429733593657,294.57242523454096,7314824
2025-04-29,293.3619689941406,300.96350126565216,291.6673546186545,298.7847113543128,14678005
2025-04-30,297.71954345703125,300.18882682473674,292.3451773747768,294.8144902942112,17619987
2025-05-02,293.4587707519531,299.2204712586938,292.732507472199,295.83124261984125,5688285
2025-05-05,298.44580078125,300.86667836853553,295.00813687626754,295.153383621159,4342960
2025-05-06,297.8647766113281,300.62458290040513,295.8796393096251,297.8647766113281,9124804
2025-05-07,301.2540283203125,303.2391362229906,297.2837829632264,298.25213404779714,14679327
2025-05-08,298.4942321777344,307.3546389986981,294.3787399254866,303.4812345259943,19253478
2025-05-09,289.82745361328125,293.45877000278136,287.0192415157468,290.50531116001264,11981497
2025-05-12,299.2689208984375,301.25405855206003,294.42716498969895,294.42716498969895,7145884
2025-05-13,289.00439453125,298.97839893410884,288.5686247202087,295.3470823478646,17988336
2025-05-14,286.5835266113281,291.0379181347918,284.7436358366363,289.7306677604059,10359258
2025-05-15,290.1663818359375,290.89264511245915,281.8385570214769,286.53506545332925,22640626
2025-05-16,290.6990051269531,292.63570728089223,286.14774324450434,290.50532309086736,16763668
2025-05-19,294.4271240234375,294.86289381528456,289.5369630567162,292.4420161977535,12575289
2025-05-20,288.4717712402344,295.6375630838809,287.69710222265644,294.7660530511735,21339095
2025-05-21,286.7771301269531,292.6840768775061,286.2929546482476,288.32649756915606,11997632
2025-05-22,281.6933288574219,286.9708541689505,277.480995665399,286.53508435360214,26158839
2025-05-23,288.66546630859375,289.29488860777093,282.516430966752,282.7585187396455,9872024
2025-05-26,287.30975341796875,294.1850218741288,286.38980814760674,290.55370562542714,16469130
2025-05-27,285.227783203125,288.181271566729,282.9521819308902,287.6002550401406,17074710
2025-05-28,281.9353942871094,286.2929738883065,281.3059720328376,285.2277818532238,10099453
2025-05-29,283.8236999511719,284.59836897398986,282.12908560599465,282.12908560599465,9773818
2025-05-30,280.5797119140625,285.32462606714705,279.12718536403287,282.758501739107,21788566
2025-06-02,283.7752685546875,284.3562851056245,279.2724420004522,281.1123031186449,7255782
2025-06-03,279.127197265625,286.0509015389711,278.6430217283039,283.2426893328545,10989055
2025-06-04,279.4176940917969,280.62813294950126,277.96516746255156,279.1272005866398,8580196
2025-06-05,284.93731689453125,285.9056680139689,280.9186656592112,281.79017575635885,13110486
2025-06-06,286.438232421875,287.6002655173844,283.6784555355663,284.2594425315918,7935393
2025-06-09,290.989501953125,291.61892424999877,286.7771688098469,288.5686242330491,8666186
2025-06-10,291.5220642089844,292.2483274776183,288.81069316010877,291.0378886965617,7273892
2025-06-11,286.0993347167969,291.8610058374493,284.6952138482143,291.57051233788775,10941604
2025-06-12,279.8534240722656,286.4381987003345,279.36924859809216,285.8087764942542,14071159
2025-06-13,276.4642333984375,277.3841787453238,272.88132258098824,273.60758589114175,16028417
2025-06-16,279.5145263671875,281.30598173089703,277.2388954755418,278.8366983591143,11067299
2025-06-17,279.4176940917969,281.25758479689154,278.11044376686004,279.5145351107592,7286868
2025-06-18,278.207275390625,279.17562654694706,276.4642551299382,278.40095744258224,11904855
2025-06-19,277.3841552734375,278.54615874031805,276.270527984052,277.7230544814481,13573824
2025-06-20,283.8236999511719,285.17938551696784,276.02845623231923,276.5126317595127,33014151
2025-06-23,281.06390380859375,284.1626391165812,278.9819548759131,282.17750165149454,6833477
2025-06-24,276.9000244140625,285.37309701483883,276.31900781109147,284.1626580718708,15007849
2025-06-25,281.257568359375,281.88699061825,277.43256997188115,277.43256997188115,10838516
2025-06-26,284.2110290527344,284.9372923297005,280.5797126679039,281.59646943496506,10232220
2025-06-27,289.779052734375,291.183173582518,284.8404564516138,285.6635607573622,15523628
2025-06-30,290.4084777832031,291.4736698624816,286.87400231481786,290.8926533145361,8415241
2025-07-01,288.1328430175781,291.9578414845851,287.6002617609346,291.47366595973506,12349270
2025-07-02,285.518310546875,289.294873699044,284.1141897157614,288.13284062834805,10826029
2025-07-03,284.40472412109375,289.48856729295994,283.8237075625345,288.9559564677266,10373094
2025-07-04,284.6951904296875,285.80878815537665,282.41955969788035,284.40469695402146,14193884
2025-07-07,286.5350646972656,287.2613279718709,284.2110281288743,285.3730611889341,6220756
2025-07-08,288.3265380859375,288.9559603863584,283.7752761258537,284.84046823903606,6254288
2025-07-09,290.1663818359375,290.50531060865995,287.01924097101033,288.8106962967761,5650646
2025-07-10,289.779052734375,293.1198756893476,288.5686139176065,290.5053160244361,9307817
2025-07-11,289.1011962890625,291.37682718369206,287.5518582390185,289.77905384975355,7073217
2025-07-14,288.7622985839844,290.9410884740495,288.036035287296,290.0211431442192,5484223
2025-07-15,288.6170349121094,290.5053313868159,287.4550313176004,288.6654701983788,6173407
2025-07-16,287.648681640625,289.48857236693266,286.34143130061625,289.48857236693266,8144630
2025-07-17,287.21295166015625,288.762319381695,286.4382530235212,288.132867504513,8318287
2025-07-18,284.8404846191406,291.95787147591477,284.211062282524,287.1161157300455,8702106
2025-07-21,287.60028076171875,287.8423685401377,283.0006129717586,284.6952274206913,5298012
2025-07-22,288.37493896484375,289.3917253269252,285.2277979639942,287.6971109418524,7775653
2025-07-23,289.779052734375,290.16638724539513,287.697103879879,289.39171822335487,5310964
2025-07-24,289.8758850097656,291.81258705820005,287.11607868040096,290.36006052187423,6294709
2025-07-25,282.8553771972656,288.32655529161315,281.6933439950449,287.7455386905028,8202572
2025-07-28,282.6616516113281,285.90563337880826,281.5480538692244,282.7584926218866,7037396
2025-07-29,283.8236999511719,284.59836897398986,280.62812374065743,281.3059812994199,6586034
2025-07-30,279.8050537109375,287.1160924743307,277.52942278435324,283.72686372674167,10515572
2025-07-31,281.7901611328125,284.98570784043096,275.93164898493546,275.93164898493546,14283621
2025-08-01,282.0322570800781,283.53318946015554,277.2389073278963,282.4195916086403,6697683
2025-08-04,278.836669921875,282.32270972610723,276.65788026836685,281.98381053249784,10397121
2025-08-05,276.94842529296875,279.51454989670066,276.07691517966583,278.0136174544418,15561914
2025-08-06,275.786376953125,279.2724467665108,275.0601136399917,278.49777771986055,12985269
2025-08-07,276.51263427734375,277.2388975747471,274.4306854018,275.49587748167073,8893659
2025-08-08,275.8348083496094,277.1904939379996,274.6243695114522,275.78637306504544,6172968
2025-08-11,275.8348083496094,277.33574068823253,274.3338464592568,275.8348083496094,8755499
2025-08-12,275.64111328125,278.4493253426438,275.0116910255161,275.39902552506555,13184438
2025-08-13,279.0787658691406,280.2407693208184,276.99678760873013,277.916732865736,9928283
2025-08-14,279.56292724609375,280.96701837327413,278.0619655631729,279.9018264325586,8464495
2025-08-18,281.1607360839844,282.08065185962835,279.3692807132589,280.3376317729236,9836105
2025-08-19,280.0909423828125,282.13327810692135,278.6807504191529,282.03601837158203,7196772
2025-08-20,280.4799499511719,281.0634786801803,279.06978767553085,280.2854601611717,3106073
2025-08-21,276.2007751464844,281.5983488453277,275.8117659061222,280.4799361494731,7389271
2025-08-22,275.5686340332031,276.73566176535235,274.0611824031939,276.2007777647218,6824793
2025-08-25,276.3466796875,276.78433367976874,274.4502483065157,275.5686611229176,7426789
2025-08-26,272.21337890625,276.00627115142953,271.2408409111012,275.22825262711217,22905910
2025-08-28,266.9130554199219,274.255705157843,266.0863922167015,274.255705157843,12455072
2025-08-29,267.6910705566406,268.5177337494827,264.77345670861183,266.0863888761254,12841075
2025-09-01,272.1647644042969,272.89416790206815,268.4204871798367,268.4204871798367,10820878
2025-09-02,278.8266296386719,279.9936573186593,272.164739043884,272.5051332470267,16983677
2025-09-03,278.1944580078125,281.25797617588785,277.7568337548744,281.0634567215809,30178885
2025-09-04,274.0611877441406,280.0423199960402,273.18590950809545,278.9725222944279,5946090
2025-09-05,277.5137023925781,278.7779898212633,274.5960886222258,274.5960886222258,9695914
2025-09-08,275.0337219238281,279.79918164903796,274.3529631627289,278.53486449927703,5186605
2025-09-09,276.0549011230469,276.54117009466415,273.963950480993,275.2768529607576,7093190
2025-09-10,275.17962646484375,278.5835093101367,274.74197251293344,276.88156788749023,7767863
2025-09-11,278.92388916015625,280.77173512119623,274.79060262115405,274.79060262115405,7406625
2025-09-12,279.7505187988281,280.6744416683619,277.27055904513384,279.361509577788,7618852
2025-09-15,278.3890075683594,280.86896764170785,277.90273855950636,280.38269863285484,5420800
2025-09-16,280.43133544921875,281.74426767207285,278.4862594685472,278.6807492589119,8626429
2025-09-17,279.2642517089844,281.25797220925705,278.0972240381065,281.06345275769337,19010126
2025-09-18,281.1607360839844,281.89013956932183,278.2431221426345,279.1184003891387,16842964
2025-09-19,278.34039306640625,282.2305451445978,277.076075833291,282.03602566888617,14993879
2025-09-22,278.7779846191406,281.06345463250244,278.04858119016353,279.1183788218969,9456933
2025-09-23,280.6744689941406,281.06347825305374,277.5623355638277,280.72308402169074,13619147
2025-09-24,285.245361328125,286.46103373351167,279.06976925236245,279.99366247275503,14032389
2025-09-25,276.58978271484375,286.75281600507043,275.81176423882266,285.926152824609,16242837
2025-09-26,274.49884033203125,276.3466565276837,272.407889645385,275.7145127870004,8959035
2025-09-29,272.8941650390625,278.24312396660133,272.2620212835269,276.1035285237842,14600560
2025-09-30,272.5537414550781,278.14583427708243,271.3380691024685,274.2556827487316,18772881
2025-10-01,272.9427795410156,275.08237497971265,272.21337605230127,273.2831737716498,11812449
2025-10-03,281.7442626953125,282.0360122154581,273.33178548390373,275.5686406298664,19597461
2025-10-06,279.0211181640625,280.7230594926611,276.7356481583298,280.43130999384476,11702722
2025-10-07,281.0634460449219,284.3214538640417,279.2156300172049,281.0148310229427,11371062
2025-10-08,277.4650573730469,282.37639168858715,276.8329136594234,282.37639168858715,9989251
2025-10-09,278.2917175292969,279.069765666448,274.4988256091278,277.1733048666126,10714949
2025-10-10,281.2093505859375,283.2516862769683,277.4164584051681,277.4164584051681,10773268
2025-10-13,278.2917175292969,280.2854380562139,277.076045139531,279.8477841240975,8950161
2025-10-14,279.60467529296875,279.9936845574755,277.5623395549279,278.63213729194973,7667654
2025-10-15,282.9599304199219,285.19675584889626,279.16700864456936,279.2642683761559,8125514
2025-10-16,283.8352355957031,285.1967829286857,282.61956303419976,284.37011965096224,7824732
2025-10-17,281.7928771972656,283.4948186471197,280.09093574741155,283.0085496614471,14275188
2025-10-20,280.2854309082031,284.0783227316436,279.2156332965915,282.18186198017287,13536721
2025-10-21,280.6744689941406,281.6470069811754,280.2854597352275,280.3826897903278,398291
2025-10-23,281.69561767578125,283.15442463389456,280.09093595775727,281.0148589030305,21031287
2025-10-24,280.5771789550781,282.7653891895631,278.6807182133908,281.6955915834703,16350189
2025-10-27,283.0571594238281,284.75910084202894,280.2854500006463,281.0634684914512,13396182
2025-10-28,280.3340759277344,284.564622124817,278.92388396887213,282.57090143540813,13543174
2025-10-29,287.23907470703125,288.5033621052577,280.820318630994,281.06345310599914,14608714
2025-10-30,283.49481201171875,288.30888672900187,282.95992801179966,288.1629822931123,10329750
2025-10-31,280.23681640625,283.98109361064735,279.1184036515609,283.98109361064735,10088802
2025-11-03,280.0909423828125,282.1818931348389,279.2642791516846,281.06348037719727,8578207
2025-11-04,271.38671875,277.124716730008,270.46282545184107,276.68706275542957,26098629
2025-11-06,262.7797546386719,270.8518074040475,262.4393604349388,270.36553845000077,21919591
2025-11-07,264.53033447265625,265.3083529963624,261.36958599090576,262.77977795456536,11379131
2025-11-10,265.2225646972656,267.54645180953463,263.590858183498,265.6181180241124,10717941
2025-11-11,264.67864990234375,266.16199749773756,261.71195471155613,265.2719949762581,11154806
2025-11-12,264.134765625,267.24978951326466,263.5414205560963,266.0136665275419,16444701
2025-11-13,266.854248046875,267.4475931421342,262.7008625588455,264.1347773574899,12573141
2025-11-14,268.2881164550781,269.27701482782635,266.50811145564467,267.3486811082373,10308317
2025-11-17,270.5131530761719,270.908736590646,267.00257572610195,269.0792684619509,9884392
2025-11-18,271.15594482421875,273.7270564403353,269.2770137802799,270.95815307892525,16434280
2025-11-19,272.09539794921875,272.9359676534738,269.47482313612903,272.8865348033116,15765235
2025-11-20,274.1226501464844,275.9520880541015,271.4526123794352,272.1942861837506,15337345
2025-11-21,274.5181884765625,275.90264013323076,272.342600031239,274.1226351716262,12941485
2025-11-24,272.7381591796875,275.9520788916759,269.4748066205665,274.91374767162375,49791096
2025-11-25,270.4142761230469,273.8259574525211,269.62313930580683,271.94705655209975,12114606
2025-11-26,271.9964904785156,273.8754215651714,270.46371004338476,270.9581592390765,8352869
2025-11-27,270.6614990234375,273.9248516100949,270.26591552790507,273.9248516100949,9865039
2025-11-28,266.953125,271.30427175878066,266.4586758188026,270.7603595521937,12580231
2025-12-01,266.65643310546875,269.42536658301617,265.7664306293502,269.42536658301617,10428760
2025-12-02,264.48089599609375,267.64535285071713,263.9369837547472,266.01367648424736,11029817
2025-12-03,265.46978759765625,266.0136696462371,261.5636268454636,264.4808891974844,9063557
2025-12-04,266.1125793457031,267.20037367815644,262.6514347653062,263.5908701869996,5103204
2025-12-05,266.8047790527344,268.48591842191763,264.8269822319468,265.2225657391319,5535798
2025-12-08,262.255859375,266.4092144150703,261.81084303770024,265.8158693582651,10203843
2025-12-09,261.6130676269531,262.79975781465754,259.98139125294836,261.16808144065277,10686557
2025-12-10,262.5525207519531,264.2830929226346,261.3658306205438,261.9591756862485,7157092
2025-12-11,261.86029052734375,263.3931011913678,259.5858362243208,261.31640846581627,8336183
2025-12-12,260.6736145019531,263.7886383094003,260.37692688580677,262.0580661742871,5522827
2025-12-15,259.2891845703125,260.9208609701886,257.6080451408732,260.67363635872897,6400400
2025-12-16,257.459716796875,260.42641213885065,256.81693884187075,259.2397219305461,9241981
2025-12-17,258.2013854980469,259.83306186793055,256.421350220986,257.45971167730113,10944698
2025-12-18,255.0863494873047,258.7947184165903,252.96020891421256,257.8552528829912,10930748
2025-12-19,260.5252990722656,261.01974827894765,255.0863577987635,255.18522349707223,16657897
2025-12-22,262.0580749511719,262.651420024554,256.1741174232074,256.22358045027994,10054250
2025-12-23,264.0358581542969,266.31031227662237,261.46471642115773,262.05806146400255,10526826
2025-12-24,265.0741882324219,267.0519849144136,263.34361613567916,264.82696364717293,6131188
2025-12-26,262.5030822753906,266.3103168262234,261.9097372224092,265.02476102708283,6029003
2025-12-29,257.7069396972656,263.49200161145643,257.1135945970538,262.9975523910775,7270521
2025-12-30,257.459716796875,258.5475111246899,256.07526500637687,257.11359630455405,10929200
2025-12-31,261.66253662109375,262.255881728473,257.65747978037325,258.49804950092835,5145868
