Price,Close,High,Low,Open,Volume
Ticker,SHRIRAMFIN.NS,SHRIRAMFIN.NS,SHRIRAMFIN.NS,SHRIRAMFIN.NS,SHRIRAMFIN.NS
Date,,,,,
2015-01-01,185.34759521484375,187.6426778871163,184.2799164994023,187.6426778871163,230491
2015-01-02,185.97811889648438,187.97896333785206,184.44806370584126,184.44806370584126,1170068
2015-01-05,180.1773681640625,189.1055267255997,179.0004014064723,186.5414172837308,2785715
2015-01-06,175.780517578125,182.49766776086346,174.06551171497176,179.8915076504499,2699693
2015-01-07,174.86416625976562,176.40263438862604,172.10669368906542,174.5278900803351,3076271
2015-01-08,177.11720275878906,179.02558498260092,174.6035313858813,176.54553859037375,2178650
2015-01-09,178.411865234375,180.58086075089344,176.32694533300273,178.22691467979098,1674675
2015-01-12,175.00706481933594,179.90829397585873,173.9309733141089,178.22691334170514,1716246
2015-01-13,174.7800750732422,177.09198330108566,173.56947049375754,175.2004136456409,1377123
2015-01-14,173.888916015625,177.36097782674074,171.5013452502583,174.36811800029443,1767193
2015-01-15,186.7767333984375,188.73555279526875,177.84857827718082,177.84857827718082,6809123
2015-01-16,195.8982696533203,196.7053349681811,187.13825178062282,187.13825178062282,6657545
2015-01-19,192.1151580810547,197.91594089466167,187.83603063371118,196.9239250249236,3690936
2015-01-20,189.03822326660156,193.16602516309425,186.50773952916904,190.84571729288808,4134071
2015-01-21,186.03695678710938,195.04077592099955,184.45645106266397,191.16518756370542,4073851
2015-01-22,188.79443359375,189.66034926535212,185.3728087163976,187.6426792524279,2308772
2015-01-23,184.1874237060547,191.94702636423008,181.2702262962327,190.50103373540054,4504014
2015-01-27,185.22991943359375,187.7688164705314,182.69943522577933,183.0861488874936,6903221
2015-01-28,194.84742736816406,195.679718101768,184.44806544043945,185.1206177576235,2941577
2015-01-29,195.02395629882812,196.57923664845666,190.8373041139711,193.3593881848151,1557536
2015-01-30,192.07308959960938,196.53716688330147,190.04702037733836,195.7132892050014,2126303
2015-02-02,194.85581970214844,196.84826428989552,191.0558810778656,191.6779958555129,1948508
2015-02-03,197.24339294433594,202.60701165269353,195.04077246321452,196.5372025450743,3615060
2015-02-04,191.8209228515625,197.89913158681506,190.55988079952851,196.55401392069203,1380007
2015-02-05,194.5615692138672,199.86633723317874,191.8461219151397,191.8461219151397,2562464
2015-02-06,191.6947784423828,198.05882480491024,190.00498526225266,193.35935947485345,1398887
2015-02-09,192.9390411376953,195.71332578364348,190.1647564917471,191.69481156152395,1226844
2015-02-10,192.72889709472656,196.55404856650304,191.25769207937543,193.33419949289546,1861388
2015-02-11,194.84742736816406,196.604484120704,192.01429217437592,192.01429217437592,1074969
2015-02-12,203.8092041015625,205.12909646226532,193.69566860776217,196.7137540991441,2390468
2015-02-13,211.8546142578125,213.87228402163097,204.4985515370332,205.1038537827401,4031423
2015-02-16,205.36447143554688,215.96560795808514,203.69990339033893,212.5271709421884,2120725
2015-02-18,210.2909393310547,212.6953228673968,204.2883933179442,204.62466944667312,2952112
2015-02-19,206.44056701660156,212.35903714741318,202.10258935318672,211.01393269324944,1494519
2015-02-20,204.17909240722656,208.32370661777978,202.489299044615,208.32370661777978,2492402
2015-02-23,203.5317840576172,206.591907443431,200.20263449537524,205.1206894666612,2295374
2015-02-24,195.0911865234375,203.95209168845207,193.35936862670243,203.95209168845207,5105274
2015-02-25,198.4371795654297,200.34556180072389,195.69651980801535,195.7133322984568,2783097
2015-02-26,196.8230438232422,202.23711323866797,193.56115744822137,198.40354954071043,3584111
2015-02-27,194.58677673339844,198.20176449429053,191.84611734987394,196.72214704676065,4603259
2015-03-02,204.46493530273438,208.86176326790135,201.8587888358121,207.6511587247243,4132172
2015-03-03,208.5423126220703,209.50070355652844,205.28882587540792,205.28882587540792,2346556
2015-03-04,203.3215789794922,216.51204874259687,201.93443681918038,211.0139175650806,1953306
2015-03-05,199.77383422851562,203.78393474800126,197.16768821558443,203.78393474800126,1946594
2015-03-09,200.92564392089844,206.47421353889004,197.1425175004007,199.74866423508203,3558391
2015-03-10,200.3959503173828,204.23791283665898,197.39467794288313,201.14416520451445,2014418
2015-03-11,196.1505126953125,202.16147223356575,194.7045199077666,201.09379342613593,2329848
2015-03-12,202.70791625976562,204.78442348808977,196.42793077008508,196.89032035661057,2436780
2015-03-13,199.74864196777344,208.4582222107,198.16813634603804,201.94284951750078,3695934
2015-03-16,192.9642333984375,200.50524601965373,191.90495455804682,200.4211704190331,1917959
2015-03-17,197.9915771484375,200.92559972372987,193.46864946210098,193.80492553675992,3004531
2015-03-18,198.12611389160156,200.07652062398247,196.71374630985932,198.40353971151146,502969
2015-03-19,199.32833862304688,204.0866556521926,197.5712818080512,200.28672965878553,2149251
2015-03-20,200.5137176513672,202.38004907763263,195.89830023026803,198.16817095975773,1250439
2015-03-23,201.84197998046875,202.4388694354249,197.63010248565683,201.76631719515802,853355
2015-03-24,195.16690063476562,202.77517871976266,194.2085095859547,202.60704063219669,1470447
2015-03-25,188.29840087890625,195.77216438598506,186.73472092277703,195.1668621239408,3466992
2015-03-26,184.12855529785156,188.91209627031984,180.3370300593995,187.32317799813023,4203081
2015-03-27,182.16134643554688,186.25552329678922,175.70482392998164,186.25552329678922,4265342
2015-03-30,188.37405395507812,188.7691803373731,182.44717138626675,182.44717138626675,1693385
2015-03-31,187.36524963378906,190.9213875290659,184.45645185495778,190.9213875290659,3356729
2015-04-01,193.15760803222656,194.87261346271458,185.37278098064232,189.13909426374872,1503520
2015-04-06,195.0911865234375,197.0247806046729,189.5089929520045,194.20005884341066,1652388
2015-04-07,199.58895874023438,200.8920256537182,193.3594233802707,195.30141767250038,2022624
2015-04-08,195.36865234375,202.95170415559215,194.20848520302604,201.57296147815958,1822676
2015-04-09,194.53634643554688,197.04161791168082,192.36736423159834,197.04161791168082,1741883
2015-04-10,191.06430053710938,195.20891509046325,189.53424543989848,194.5363628206732,2068038
2015-04-13,192.36737060546875,194.55316537060827,190.8373024208183,191.50985465624586,1598162
2015-04-15,184.83474731445312,193.85537807513043,183.28786671822533,193.35937675095826,4035764
2015-04-16,176.64642333984375,186.60023444206962,173.35091173787725,186.28917043946623,5112751
2015-04-17,172.42613220214844,177.52073795826476,170.54298850539683,177.38622487300793,4230088
2015-04-20,170.13104248046875,176.14200156408742,168.138610945247,173.35090431666794,3625000
2015-04-21,172.78762817382812,174.81369771940655,169.81998022690928,171.13987255428952,2088883
2015-04-22,175.16680908203125,177.38624229268498,170.71114333473346,173.68719133013408,2823914
2015-04-23,173.1827850341797,178.226940881688,171.66952906399558,175.7300816965008,2679408
2015-04-24,174.855712890625,176.14196690704006,166.4571843165765,174.0234223610777,2299094
2015-04-27,167.62582397460938,177.36946109957583,165.61656630290594,175.30976594415336,3282403
2015-04-28,166.66738891601562,169.14743527976046,161.6484458902033,167.78550508730214,6243368
2015-04-29,165.49879455566406,169.14740711931393,163.43070062448393,167.07930002252115,4024885
2015-04-30,163.06924438476562,165.11212673338417,159.04231682673233,165.11212673338417,6497726
2015-05-04,139.21875,158.8909540841807,137.4701064187007,156.5706464115722,28038429
2015-05-05,142.3629608154297,143.20365119711633,134.2250568557181,137.88206989026668,30906640
2015-05-06,136.94046020507812,144.21245997293136,136.28472054016135,142.58150388864814,11106009
2015-05-07,129.61801147460938,138.17626449925987,127.96184338921863,135.35154307770225,8459448
2015-05-08,132.83792114257812,134.9144284650459,128.82780609616444,130.47557512621796,8135095
2015-05-11,138.41171264648438,139.05063998449694,132.62774162144777,134.41001053817502,6004394
2015-05-12,135.67098999023438,138.3780105137498,134.69578694267494,138.3780105137498,5675252
2015-05-13,136.7134552001953,138.06697216581648,132.9975931637881,135.74666489081503,6032361
2015-05-14,137.4533233642578,139.55505597636432,134.87238865982084,136.36041924621458,4437703
2015-05-15,141.16917419433594,142.2452525587498,137.70551157628884,138.54620191274182,3439210
2015-05-18,141.9762420654297,142.41339314876004,139.933359903696,140.50502407636458,2299433
2015-05-19,142.17800903320312,144.0107153661823,140.90015439771162,142.37137242730432,2779141
2015-05-20,140.58912658691406,144.93550509241516,139.52143449601493,143.67446274137146,7249338
2015-05-21,138.6218719482422,140.90015538646904,137.02456680828428,140.90015538646904,3625908
2015-05-22,138.65548706054688,140.25280510075132,137.3776326283833,139.21875149668176,1985671
2015-05-25,139.29444885253906,140.83291698293127,138.20994434889843,138.62188332739177,1513937
2015-05-26,140.53863525390625,141.9089649999732,138.932917498828,140.90013667744404,2185501
2015-05-27,140.2696075439453,140.81605945269405,138.04176210852071,140.22756974351563,3322399
2015-05-28,140.05105590820312,141.88377546847593,139.24399048839575,140.10990621124122,4665962
2015-05-29,138.47894287109375,142.91780862146356,137.81479030776057,140.11829879388483,7732469
2015-06-01,138.41171264648438,139.7652301168956,137.3103957136163,139.7652301168956,3210581
2015-06-02,135.73829650878906,139.13469610738065,134.847168673804,138.46214381706395,5707915
2015-06-03,137.98291015625,139.0674142999442,135.47765213193063,136.5285181363195,6616980
2015-06-04,137.2178955078125,138.83202605116563,136.50330550518956,137.47010916516732,3890684
2015-06-05,138.8068389892578,140.49663261866877,136.57899297107278,137.85684764598747,1693508
2015-06-08,137.03292846679688,140.32003944987218,135.35154817229866,138.80679718482378,1433715
2015-06-09,137.40284729003906,139.04220316365536,135.2170526241643,137.87363646658096,2460925
2015-06-10,139.98379516601562,140.78244769578615,138.20992604533663,138.67231560549075,2127770
2015-06-11,133.1321563720703,140.88334691521854,130.81184822283006,140.3957451641106,3669188
2015-06-12,137.00772094726562,137.83161188073947,130.41669880438354,131.9887915587449,4681696
2015-06-15,138.08380126953125,138.7143156197396,134.87235289920548,137.53734935539816,3611267
2015-06-16,138.386474609375,139.7231794654871,137.36923339291187,137.87364758726056,6024156
2015-06-17,139.73158264160156,141.88376572368324,137.95772667181387,139.5466320822507,6614963
2015-06-18,146.81019592285156,150.97162231235794,139.73155938115718,140.2275738432594,8024596
2015-06-19,148.8195037841797,155.29284033164865,147.12131030410936,147.45758650146223,17643527
2015-06-22,149.853515625,152.50169980984273,146.70091728575107,149.30706366632322,6526509
2015-06-23,151.3079071044922,153.8468035191297,149.0632621527916,149.0632621527916,5831012
2015-06-24,149.9459686279297,151.9972630837202,149.0716535232515,151.82912505722012,2786859
2015-06-25,147.785400390625,151.03888665120297,143.25407290729925,150.6521599377916,9090226
2015-06-26,148.50001525878906,150.29069690116066,147.028797267067,148.74381611940015,4014001
2015-06-29,146.05355834960938,147.95352730152663,143.4642247923458,146.28054666459144,2348573
2015-06-30,143.49786376953125,147.26416355694369,142.62353547731686,146.0535592032967,4430385
2015-07-01,149.7526092529297,150.48401166240458,146.0703850585605,146.28054772303915,8333549
2015-07-02,156.0242156982422,156.6211051856798,150.50085840121724,151.32474942255433,6562733
2015-07-03,152.4512481689453,157.20956379900477,151.71143291190384,155.52818344065466,3373510
2015-07-06,151.61056518554688,154.6791012086575,149.8114840108109,149.8114840108109,3526586
2015-07-07,158.16798400878906,159.37857545912877,152.16543789632073,152.16543789632073,4248352
2015-07-08,159.32815551757812,162.2033286311751,153.84683549366386,153.84683549366386,5325117
2015-07-09,156.1923370361328,158.8489340439159,154.68749423675618,158.8489340439159,2272784
2015-07-10,157.9830322265625,159.55512511704546,156.45296397832948,157.49543051905363,2198027
2015-07-13,155.46092224121094,160.90861573432488,155.0321709028329,159.39537339317658,2700360
2015-07-14,152.577392578125,156.23440579051223,151.661039359244,155.69636655319133,2865337
2015-07-15,149.27346801757812,154.2335612588578,147.84428771648965,153.79639697290204,4638857
2015-07-16,149.5004119873047,151.4255931411463,148.80263453597112,149.6433247087052,3358956
2015-07-17,151.08929443359375,152.16538559282463,149.35746372132178,150.39992991180395,1629901
2015-07-20,149.6853485107422,153.0060842567084,149.30703467698726,151.99725614376928,1648103
2015-07-21,147.7013702392578,151.64422201894135,146.49917836545532,150.2991042202213,1736849
2015-07-22,148.97958374023438,150.1646448148127,147.28662609181805,148.47170042255794,1514538
2015-07-23,148.85252380371094,152.92407212312597,148.13303276177436,150.55393797832807,1729214
2015-07-24,148.92027282714844,150.1138041411795,147.32044031387431,148.97952784707067,1093597
2015-07-27,143.59597778320312,149.56362221891433,143.14733633550742,148.13308381245872,2372830
2015-07-28,142.63941955566406,144.91644272024925,142.20771958082616,144.23926524943246,2257851
2015-07-29,144.34085083007812,147.45587551454435,143.56209134492218,144.22235403810902,2152756
2015-07-30,145.8306427001953,149.60593004182545,144.5863269752114,144.7471639327282,2602126
2015-07-31,150.90948486328125,152.02681973877839,145.8136991980029,147.03262925295394,3393795
2015-08-03,155.36190795898438,155.90364718768637,147.62512624704195,152.36539420876042,4049030
2015-08-04,153.67747497558594,156.25923108214226,152.36544672196783,155.75133463850372,2313417
2015-08-05,152.94947814941406,155.75129909820268,152.30615694083764,154.73553295502575,1742356
2015-08-06,152.11146545410156,154.73553464741985,151.18033985126112,153.88906285218093,2250272
2015-08-07,152.0860595703125,153.0933682505713,151.13801915753587,152.70399521976063,1733847
2015-08-10,150.2407989501953,153.5505171910011,148.97955495881763,152.02685427616728,1414225
2015-08-11,148.6663360595703,151.8575439034433,147.64211229870148,150.67248318240382,1042173
2015-08-12,148.6663360595703,148.6663360595703,148.6663360595703,148.6663360595703,0
2015-08-13,139.65135192871094,147.28655251007643,138.71176892321657,146.11842013738266,4621353
2015-08-14,146.85487365722656,147.35429936604507,140.17619648828637,140.17619648828637,2216301
2015-08-17,144.6709747314453,149.7413486682756,143.83296026535294,146.94798478951017,1457726
2015-08-18,145.06036376953125,148.25157177771615,144.74717377392872,145.5936457611123,1210906
2015-08-19,146.0507049560547,148.1160933927666,144.74713447288372,146.1014892846495,1175656
2015-08-20,144.03610229492188,147.7944478861459,142.8002573798775,145.82217047860598,2092285
2015-08-21,143.7060089111328,145.76294048424026,140.17621210018754,141.3612728848924,3609918
2015-08-24,139.5413360595703,142.00458192741598,133.79377120536859,140.34549432154094,3941322
2015-08-25,137.7129669189453,141.86915700582514,133.7429993452636,139.65138844940745,5423932
2015-08-26,137.51824951171875,140.17618833989093,136.21467889265514,137.95842017389074,3446994
2015-08-27,138.71176147460938,141.5305235958842,137.85681906427115,141.5305235958842,2083084
2015-08-28,138.5255889892578,141.2681689815311,137.48442374885042,139.66832291994558,2107849
2015-08-31,137.64523315429688,140.0915375028353,136.9595849795311,138.6271431672747,3307738
2015-09-01,138.59327697753906,141.699844035177,137.1288826072187,137.87377256238298,1821280
2015-09-02,145.8306427001953,148.04841108637507,138.9403439599792,139.16042268483653,6938013
2015-09-03,146.60939025878906,147.94681712449386,144.01071965766073,146.77868463095226,2154008
2015-09-04,145.09420776367188,148.11612111961708,143.73138201394644,148.11612111961708,3299784
2015-09-07,136.02001953125,145.5936434005865,135.57984880258778,143.90069945366727,1403459
2015-09-08,138.9741973876953,141.02267134670257,135.93535593061367,136.28241538004593,2161085
2015-09-09,142.08921813964844,143.81603139958767,139.16041612193294,140.3454900236874,1586149
2015-09-10,147.4558563232422,149.4789312819529,138.3477902953492,141.19195154327673,4797537
2015-09-11,148.82713317871094,152.28074573775967,147.98066146171183,149.65667678698546,2102128
2015-09-14,146.79562377929688,150.3084922079132,146.4401068966405,150.3084922079132,1092396
2015-09-15,146.79562377929688,146.79562377929688,146.79562377929688,146.79562377929688,0
2015-09-16,147.8621368408203,149.3180733527242,144.74711327622782,146.89715520190194,1464802
2015-09-18,153.80442810058594,154.5662594387677,148.47164850178427,150.33388668203682,5423829
2015-09-21,153.93141174316406,157.2580576413549,151.23961646804412,153.68593422467362,2436719
2015-09-22,150.69789123535156,156.25923411900624,149.55514409919303,154.39698247256086,1612120
2015-09-23,149.18267822265625,150.99413201688756,146.440098735336,150.65554326597461,1776727
2015-09-24,148.40390014648438,152.45004979327706,146.53319156747003,149.82598067533158,9689824
2015-09-28,150.49472045898438,154.24459553703738,147.6421015992767,148.4547172574747,1767670
2015-09-29,158.5023956298828,159.5774171029469,147.4728338599072,148.80179031543673,4597204
2015-09-30,156.60621643066406,159.97518817988916,153.21185914843497,159.25568396325338,3881970
2015-10-01,157.39349365234375,159.22188902766354,154.39697888083316,156.60627670318647,2499689
2015-10-05,159.9836883544922,160.81323211888102,157.0210301593668,157.76593336420402,3572252
2015-10-06,161.8290252685547,165.40114881820307,159.8482769341934,161.1687758237676,3277774
2015-10-07,164.78321838378906,165.67201727175092,158.88330010039238,161.84595864154585,1893061
2015-10-08,160.63548278808594,164.5546655314826,159.7890108987587,162.8617084966714,3201011
2015-10-09,162.2522430419922,163.8774743680376,159.5604611148176,161.3380587061896,1296870
2015-10-12,165.47732543945312,166.2222154215916,160.99947509373686,162.43847072000182,1277899
2015-10-13,170.55612182617188,171.4957047218723,163.48806014723453,164.75777428680865,2510486
2015-10-14,167.66123962402344,172.4946072897862,164.3853777716943,171.51269712822207,2056282
2015-10-15,168.9817352294922,170.14141045156833,166.92480369090015,169.63352726664567,1508816
2015-10-16,168.9817352294922,168.9817352294922,168.9817352294922,168.9817352294922,0
2015-10-19,163.7928466796875,165.07948935193568,160.21225241927525,163.28496350740392,1954476
2015-10-20,164.77476501464844,165.55352455344976,162.86172902433344,164.87633370047573,1546210
2015-10-21,158.0029296875,164.21605007966537,153.7197729987408,164.21605007966537,7413144
2015-10-23,160.36459350585938,164.21605023279255,158.79861732326876,164.21605023279255,4200058
2015-10-26,160.00912475585938,161.91369023918358,157.85061102188413,160.59319115058122,2538571
2015-10-27,159.9244384765625,161.50734279335128,157.15646033692718,159.6366340763766,2125256
2015-10-28,157.95216369628906,160.914822038559,156.59780862694447,159.5266107437122,3206573
2015-10-29,159.3911895751953,159.98371335311262,152.70404082328133,158.189187392488,6574300
2015-10-30,159.70433044433594,161.50732653561076,157.53736011786032,157.78283758762936,2435128
2015-11-02,159.1541290283203,163.36957314188442,157.68973481393186,160.74550395385512,2628379
2015-11-03,161.1687774658203,161.99832130859028,158.31615835665497,159.95831792868503,1455581
2015-11-04,161.95596313476562,163.01405618991362,160.75397451448114,161.85438121715706,864640
2015-11-05,155.35980224609375,162.1855311514505,152.69920871128693,162.1855311514505,1997823
2015-11-06,158.48788452148438,159.60991105010635,154.68825233013862,155.18976176729817,1603489
2015-11-09,151.27114868164062,157.25535725871794,150.3106210454793,156.74532821259726,4726931
2015-11-10,147.17401123046875,150.95664459017158,146.20497733563786,149.605095564247,2205863
2015-11-13,150.98207092285156,151.62809323785388,145.20188177163107,148.92500967589106,7325419
2015-11-16,148.77207946777344,150.47213205117444,146.00947737997132,150.47213205117444,2322730
2015-11-17,147.92198181152344,150.43807462168806,147.2844656708996,150.43807462168806,2160243
2015-11-18,144.7428741455078,149.18002142544853,144.5048722127995,148.5850099377705,1505311
2015-11-19,144.8704376220703,147.04652089499479,143.17887798631415,145.41446509621161,7560046
2015-11-20,144.4879150390625,146.86800183656774,144.08840070719233,145.3804459241495,2281580
2015-11-23,141.65728759765625,145.2869005828608,141.10476737450773,145.01490025231595,2081812
2015-11-24,143.85035705566406,144.92139913255616,141.44477881962572,141.52977476360837,3175558
2015-11-26,144.10540771484375,145.0999337242825,143.1448667797203,144.50492203147172,6051394
2015-11-27,149.47752380371094,150.28505839282695,144.1393531629347,144.43685890007518,3165823
2015-11-30,149.47752380371094,149.47752380371094,149.47752380371094,149.47752380371094,0
2015-12-01,149.6815643310547,150.59109418489388,148.50002082140358,149.6475659520323,1386022
2015-12-02,150.81211853027344,151.78115234190616,148.07502232661867,150.62511410708757,4608663
2015-12-03,146.1879425048828,150.35307666849332,145.43991161845062,149.45205307873928,2458580
2015-12-04,143.70587158203125,147.003980772768,141.95480853192635,147.003980772768,4087712
2015-12-07,145.64393615722656,146.79997427015678,143.94387071222314,144.67490244776516,1584153
2015-12-08,145.575927734375,147.04648416128902,144.58989482359038,144.84490930236643,2643353
2015-12-09,145.08287048339844,146.706419166875,144.04584029318602,145.33788489046748,2167540
2015-12-10,140.17823791503906,145.69492056628604,139.85522670773125,145.69492056628604,11353882
2015-12-11,137.32215881347656,140.82428514514973,136.52313024871265,140.2547523230309,4855200
2015-12-14,135.4351043701172,137.1946739899162,133.32704462634638,137.1946739899162,4046346
2015-12-15,134.4405517578125,136.7696271811845,132.66399660742667,136.344620802453,4814671
2015-12-16,135.12908935546875,136.6506301472923,133.11451876218615,135.79211107216477,4180727
2015-12-17,136.5316619873047,137.70469961010176,135.4946179227747,136.29364663669628,2765162
2015-12-18,139.62574768066406,140.7477875529109,135.571100873991,137.22866189396316,6228712
2015-12-21,143.35736083984375,143.63786746222513,139.06471230089616,139.57472797208533,2651318
2015-12-22,144.47084045410156,145.3123733188923,143.1447975417004,144.16482850326858,2533994
2015-12-23,144.70040893554688,146.0349586452052,143.02584876551236,144.76841901471303,1134640
2015-12-24,145.0914306640625,146.71497995102905,143.5698765283856,143.8248777184279,1161452
2015-12-28,144.7938995361328,145.5674359176892,144.04588190801297,144.84491041937164,857302
2015-12-29,144.16485595703125,146.48543815155537,143.59533656492843,145.52491080993437,1575234
2015-12-30,144.6068878173828,146.69796119356408,143.74835552686667,144.84490309561687,1654015
2015-12-31,145.9839324951172,148.58502132613623,143.82484918897907,144.50488328844122,2754591
2016-01-01,147.17401123046875,147.8880306006307,145.3549511064404,146.03497208979837,596924
2016-01-04,142.95782470703125,149.23103114639537,141.8102929502839,145.63541655519595,1399774
2016-01-05,147.0379638671875,148.12600512793136,142.35430798827826,144.3263736215032,1721152
2016-01-06,148.34703063964844,151.560144036584,146.7829719194952,147.03798641301807,3760259
2016-01-07,139.66822814941406,147.23349377496683,138.62270469135487,147.0549823023274,1288331
2016-01-08,143.13636779785156,145.52494734436328,140.59478220837335,140.59478220837335,2641604
2016-01-11,139.06468200683594,143.09382223687933,138.0446508866627,142.2947938658659,1796073
2016-01-12,137.36465454101562,140.21225190786745,137.0246441072259,140.08473801133343,1066143
2016-01-13,137.13516235351562,139.32823125213997,133.69253964857083,137.87468713465856,3291686
2016-01-14,135.97059631347656,137.4581518926611,133.62452174077674,135.63058589168867,6189014
2016-01-15,130.03738403320312,138.4696734188366,129.5443676502453,135.99608525421743,1213979
2016-01-18,130.4369659423828,132.09452739186347,126.31432129838548,130.73447185184526,2506047
2016-01-19,131.7969512939453,133.2845068229507,128.41384638009515,132.09447038683612,2222289
2016-01-20,127.52984619140625,131.08297066779267,126.5863176907158,131.08297066779267,2095852
2016-01-21,125.98275756835938,129.71437899323482,125.28572427456601,128.3543374065827,3613536
2016-01-22,127.94634246826172,130.43693043572375,126.84130180274798,127.67434208375776,2694921
2016-01-25,127.38531494140625,130.40291745999218,126.99429363271959,128.66885363565544,1070756
2016-01-27,127.03678894042969,128.864354832319,125.70223946188747,127.50429991452924,2180128
2016-01-28,127.63182067871094,128.50735216888611,125.31123824838772,126.82428594777335,4055896
2016-01-29,143.52732849121094,146.08591242887906,127.52129627250278,127.52129627250278,7232947
2016-02-01,137.63668823242188,144.36892840016566,136.19165019477938,144.15641849962927,2799672
2016-02-02,136.20010375976562,143.22134151805605,134.64455143905477,137.63664844069083,2754381
2016-02-03,136.71009826660156,141.0707425166612,133.28448917703378,135.154546186203,2549040
2016-02-04,141.55526733398438,142.82180662280396,137.95114677682108,138.45265608026628,3193185
2016-02-05,143.0428466796875,144.1478739072951,141.13877764632954,142.80483139460932,2799057
2016-02-08,145.6013946533203,147.904964044833,143.49332255493468,144.45384977016516,2050924
2016-02-09,139.0562286376953,144.5049157238522,138.01069178287324,144.5049157238522,1966243
2016-02-10,137.78115844726562,139.18370471748244,135.834584871203,137.70465543936956,1370760
2016-02-11,132.51951599121094,138.0277075685986,130.7939579886626,137.70469625195045,2650840
2016-02-12,133.73504638671875,134.92508306991584,127.16431921620114,132.85951473922995,5211483
2016-02-15,138.24867248535156,139.7532272365828,132.45148288205323,138.3846793148155,1713085
2016-02-16,137.5601806640625,143.13636837926825,136.94815648971053,139.40473281559986,1991110
2016-02-17,141.76779174804688,142.29480654257205,136.02159995164547,137.88315092148608,2015557
2016-02-18,141.93775939941406,144.13082725415413,140.33970293779535,142.80478436824444,1179151
2016-02-19,140.45877075195312,143.28086289039075,137.91718524581643,141.9378202442504,1655318
2016-02-22,143.0598602294922,144.33489279793037,138.93721676432992,142.3288284225937,1376138
2016-02-23,137.5941619873047,145.06591181663032,136.34462166082412,144.5388969815406,2754448
2016-02-24,138.5631866455078,139.82121982897462,135.40957746860886,136.1746075416615,1674495
2016-02-25,135.31607055664062,139.7362190134818,133.04648585627987,139.7362190134818,4054700
2016-02-26,136.02157592773438,137.10111076553076,131.83943006454984,135.47754872847594,2486624
2016-02-29,136.94813537597656,138.19767566475377,131.43994527966143,136.59961870557615,3836247
2016-03-01,144.5218963623047,146.86797096745428,136.37011244205578,136.87163514262892,5025524
2016-03-02,147.4969940185547,150.08108390528298,145.0319117744565,145.0319117744565,3735745
2016-03-03,149.31607055664062,150.62511483710446,146.05195945149342,150.2765981210482,2736856
2016-03-04,154.87522888183594,155.58075511707497,147.5734849488477,149.28204318972874,2475457
2016-03-08,156.75379943847656,158.08834896437554,152.2486414910977,154.8752359132467,2656136
2016-03-09,159.1679229736328,159.63543407872513,152.58870255593,154.53526331548125,2620841
2016-03-10,157.18731689453125,160.45142761474565,156.40528759451806,159.46539472267324,1963287
2016-03-11,157.53579711914062,159.99237253000518,156.40525140575494,157.93531127171846,1695750
2016-03-14,160.1369171142578,161.6669639697105,157.7653371668072,157.7653371668072,1587561
2016-03-15,157.25535583496094,161.2759911523477,156.57532155023003,160.3154502130636,1087634
2016-03-16,154.92625427246094,157.7908510437965,151.01612067998778,157.416842201054,2872572
2016-03-17,155.07070922851562,157.37427856022538,153.92316437515186,156.15024402845052,2240332
2016-03-18,154.69674682617188,156.21830096837522,151.67065104553797,155.38527400351225,1779621
2016-03-21,158.3688507080078,159.12537452059496,153.3536772939037,154.53522076632933,1735135
2016-03-22,158.70887756347656,159.7714135114031,156.76231713809662,158.955385796901,2122146
2016-03-23,154.11871337890625,159.12538073824462,153.00517993068897,157.25532344787987,1398143
2016-03-28,153.9741973876953,156.9833068215616,151.91713573837336,151.91713573837336,1523580
2016-03-29,156.94081115722656,159.8054076777953,154.07621463665782,154.62873491242425,1709010
2016-03-30,161.19943237304688,162.64448309659227,158.13932574152807,158.74284348065677,2979433
2016-03-31,162.041015625,164.05558650360013,160.0604564460822,160.99549198321952,4096518
2016-04-01,157.49334716796875,162.82302649024382,156.4053056980204,162.37251462302095,2158622
2016-04-04,156.9748077392578,157.7398378526024,155.0622457677132,157.26382059450097,1937598
2016-04-05,157.13633728027344,158.91289261446585,154.9262559596686,156.74531592967685,1651018
2016-04-06,157.48484802246094,158.78539941867092,154.10174242785925,157.8503639462384,1918267
2016-04-07,160.9104461669922,162.18549191689462,156.5923057815757,158.10535350429694,1901420
2016-04-08,160.8169403076172,162.84000362191782,158.53035627365944,162.0154830190261,1834714
2016-04-11,161.98997497558594,162.84850725586824,159.499387393614,159.9754046325915,822822
2016-04-12,164.2935791015625,167.28567643206665,159.81392604568646,160.14543024919024,1734499
2016-04-13,167.63418579101562,170.83879284350712,165.57711064657607,165.8491243235416,3274295
2016-04-18,170.0142364501953,171.48479272558035,167.18363859299137,167.62565743180878,2767102
2016-04-20,168.8497314453125,170.67728427369502,166.945662288791,168.8157197510893,2264184
2016-04-21,164.217041015625,169.46170981981723,163.6305224400596,167.91466391019608,2387214
2016-04-22,162.27902221679688,165.4581242351616,161.53949741745916,163.8770794783963,1690044
2016-04-25,166.52064514160156,168.08470387455574,162.4235072031017,162.4235072031017,2513575
2016-04-26,168.03369140625,168.98571260299278,165.75561358641718,165.8151040953625,1753984
2016-04-27,169.0537109375,169.81023474129083,166.94563847542614,166.94563847542614,2351041
2016-04-28,163.9280242919922,169.206704658154,162.35547298200046,169.07069784599315,4287839
2016-04-29,160.28993225097656,164.0555524408394,157.25533049565556,163.97055648883085,2788439
2016-05-02,184.1161651611328,185.68022320749927,163.69848119741584,163.69848119741584,18431080
2016-05-03,177.25653076171875,191.68151039685657,175.85397091675677,185.3403057387612,13290100
2016-05-04,177.22250366210938,183.45321968322736,175.55644982201864,177.14600064652083,6394037
2016-05-05,174.9274444580078,180.71614217069316,174.09441745247395,178.16606357573815,4850895
2016-05-06,178.6590576171875,179.96810179139646,175.48844898144424,177.06100057837776,1939261
2016-05-09,178.3445281982422,179.86608212843396,176.97598028613967,179.1860612977333,2483858
2016-05-10,180.7755889892578,183.1471686561296,178.42951475942843,179.35604368898234,3880528
2016-05-11,184.35421752929688,184.94924237956977,176.2109538834179,177.65599141382515,3293174
2016-05-12,190.34695434570312,191.03546816312684,184.65175952515486,186.15631437029813,5036623
2016-05-13,181.9061279296875,190.23640896505628,179.87457187469263,189.7263933888274,3168851
2016-05-16,182.1866912841797,184.9152812584042,179.96811700788155,182.4331995371017,2694372
2016-05-17,186.8022918701172,188.52786252618048,182.26314928617708,182.26314928617708,3717800
2016-05-18,193.09251403808594,195.00507579543972,182.3481485216185,186.88730449942094,4373209
2016-05-19,187.15081787109375,194.0870592829363,183.94621121419215,193.09252021515286,3193837
2016-05-20,182.3481903076172,190.6444749484986,181.47265870016852,189.54794053210887,2995772
2016-05-23,189.58187866210938,190.9164279671896,183.2491691176362,185.3062304481175,4039505
2016-05-24,196.62013244628906,197.8356742446008,188.35784805541894,190.7464403373313,6325355
2016-05-25,194.18905639648438,200.89578886110746,192.8375077278517,198.05668470076102,3594436
2016-05-26,203.42886352539062,204.64440534608352,192.29348981480092,192.29348981480092,4595495
2016-05-27,202.995361328125,207.37300536964275,199.33173648995867,203.15687359544037,3826266
2016-05-30,204.0324249267578,207.37303908524106,199.8672900436618,202.33237258913056,2653848
2016-05-31,200.67477416992188,204.4149019273534,199.49324400582873,203.02086193271447,4411660
2016-06-01,197.6147003173828,202.8848754211145,196.52665892809074,200.69179345180268,2813400
2016-06-02,196.6287078857422,198.90678627792963,195.19214951108813,197.8017454702942,2896239
2016-06-03,199.1957244873047,200.91278900516525,197.2066596338048,197.2066596338048,3185431
2016-06-06,195.52362060546875,201.32081037341882,192.92253151752192,199.19573854620728,2723212
2016-06-07,199.24673461914062,200.83628524590105,195.09009347561545,197.19816595595117,5231861
2016-06-08,205.6304931640625,206.45502724481327,199.38277719177907,201.04884454638872,6409267
2016-06-09,203.51388549804688,208.25704544549004,202.3408482313573,205.70695401300418,4718233
2016-06-10,201.4058380126953,205.14596636725958,200.67480620879496,204.00692733796873,1690059
2016-06-13,197.0706787109375,202.9868897938497,195.5066333120481,199.7567772250966,2410153
2016-06-14,197.6147003173828,200.07978265015464,196.18664848990272,198.46472641285288,1834093
2016-06-15,197.2151641845703,200.24976566154226,196.37363112188146,198.0566839354433,1490501
2016-06-16,197.20668029785156,198.3032146293422,194.8351001640572,196.96867831525142,3224483
2016-06-17,194.06158447265625,197.35969384404714,193.12654907377564,197.35969384404714,1990412
2016-06-20,193.60255432128906,195.0986028793102,191.8599975353244,192.80352581529039,2468478
2016-06-21,196.5266571044922,197.84420752410804,191.91099747796576,193.46654987737784,4015772
2016-06-22,196.44168090820312,197.74223235617978,194.48662723356426,196.6796962398833,1195146
2016-06-23,195.32810974121094,197.07066650776594,194.01057266436942,196.33964808316628,2122813
2016-06-24,194.97958374023438,196.00810784114424,186.33478435988042,192.92250891478398,2862360
2016-06-27,196.60317993164062,197.75071193757105,192.56554562484772,193.6365746095949,1445749
2016-06-28,196.00811767578125,197.03665514011294,194.09555582176722,196.69664473548005,1846830
2016-06-29,194.63108825683594,196.8326630771556,193.12653347561752,195.99963620587968,3078745
2016-06-30,204.66993713378906,206.5059961646669,195.82963910619642,196.01664351625226,14278735
2016-07-01,208.53756713867188,211.65717824071803,205.4009568457723,206.50599743396793,3597017
2016-07-04,210.89215087890625,214.5472698206599,208.85207489591943,208.85207489591943,2843035
2016-07-05,209.25157165527344,213.00020580199038,208.25704584543817,210.77312559169397,1700584
2016-07-07,206.21697998046875,210.849638771818,205.51145367256035,210.79013494924536,2740926
2016-07-08,205.8429718017578,209.52359606694003,203.8454005170119,206.70999707776787,1596474
2016-07-11,217.54786682128906,219.60494193395533,207.44102935030938,209.75310563335182,3171145
2016-07-12,221.18600463867188,222.67356039809826,219.00993501319945,220.99900021521157,4302326
2016-07-13,218.66990661621094,220.9819828996186,216.3833357745718,219.68144498213323,1941175
2016-07-14,216.48532104492188,219.82593473247218,215.23578075614324,218.66989664349092,1956626
2016-07-15,216.16232299804688,219.79194975715382,215.56731138337904,218.30439409684942,2636882
2016-07-18,209.9191436767578,218.38286700431885,208.40746882960755,217.110322551798,4999224
2016-07-19,205.3841094970703,210.60241958265627,202.6682091196085,208.56121766495767,5073715
2016-07-20,203.6930694580078,206.9811894473558,202.41197836315942,206.43459610852565,2279009
2016-07-21,199.26902770996094,208.61243335442228,198.28686641800456,204.6154422903117,4602089
2016-07-22,201.20774841308594,203.77846375066258,197.28762285967903,199.67898036559293,2687880
2016-07-25,204.76063537597656,205.52074609761067,200.72093799587142,202.41197068697952,2718757
2016-07-26,207.1776123046875,210.901313433328,204.7606285471343,204.7606285471343,4409017
2016-07-27,215.0264129638672,217.42631682282848,206.1698150280185,208.37329466137635,7732469
2016-07-28,210.58529663085938,215.23991953633475,209.24443310781064,214.8128981332667,4616411
2016-07-29,218.67324829101562,225.81318774447567,210.3120171316298,211.24293908401114,9217649
2016-08-01,221.80764770507812,226.2231270284388,214.3687919945044,218.8098976855299,5786680
2016-08-02,219.27108764648438,223.3705707692554,216.0769000805489,222.03824042622114,2611927
2016-08-03,211.74684143066406,220.17639181035517,210.6109352749379,219.49314682567268,3511678
2016-08-04,215.78651428222656,216.8797007836831,209.6629097333256,214.36877173745455,2451041
2016-08-05,221.9528350830078,222.56776091445005,216.07690686018427,217.78503268364264,2490447
2016-08-08,220.22764587402344,224.62605889555687,217.10179068780891,222.9947987786108,2007691
2016-08-09,220.1166229248047,223.38767659860335,218.15230012909265,221.2012898032099,2207787
2016-08-10,218.1010284423828,222.1151127521374,213.9332260499546,220.5265588151993,2209820
2016-08-11,218.43414306640625,220.85967372061253,213.85638513098198,219.68106128393347,1618335
2016-08-12,221.37210083007812,223.42183594080655,216.9309947152343,218.16083310668492,2580938
2016-08-16,217.24696350097656,223.7634302758998,215.8206876598299,223.7634302758998,3839752
2016-08-17,218.20350646972656,219.83475308142863,216.41852841033216,218.2974519794352,2156466
2016-08-18,219.22836303710938,220.68881171801357,217.31526661589365,218.90382037190062,1727197
2016-08-19,217.05909729003906,220.1251667137037,215.7096870203525,220.1251667137037,1137780
2016-08-22,218.09246826171875,219.47603783410383,215.9146151316396,216.93094926732908,1472510
2016-08-23,216.3160858154297,218.73307000448526,213.73682356115464,218.73307000448526,1236050
2016-08-24,216.042724609375,217.25549635796932,213.3780641193949,217.25549635796932,1360374
2016-08-25,213.32679748535156,218.63903800082753,211.83218940969073,216.93092595001053,1711304
2016-08-26,214.8897705078125,215.957344110913,211.39666657548375,214.07840707949487,909521
2016-08-29,214.83848571777344,215.81211366152522,212.09695968204957,214.36875821747037,1716944
2016-08-30,216.79429626464844,217.9387354670659,215.06909088118508,215.65839026713877,1581413
2016-08-31,211.302734375,218.52807308303193,210.15829497237058,216.9309858681501,4097949
2016-09-01,205.23890686035156,211.79808009149846,203.45392867502594,210.9781834376051,3642324
2016-09-02,207.7925262451172,209.58605087253605,203.89801409701565,205.93068247471976,2902428
2016-09-06,211.44789123535156,212.14821593931634,207.5192195790731,208.33058295098382,3612176
2016-09-07,206.19546508789062,211.88348920216802,205.36702181321343,211.46500096159045,2648762
2016-09-08,207.78402709960938,208.88577384363154,205.53785419985536,206.1954862883399,1270771
2016-09-09,208.84307861328125,210.78178865105662,205.59765091242932,208.3904307266959,2220221
2016-09-12,200.73802185058594,206.87016048471418,199.8498060188074,206.87016048471418,1663047
2016-09-14,197.3986358642578,201.38709369423046,193.8713723941634,201.38709369423046,3623794
2016-09-15,195.79299926757812,197.7658817637903,193.25644370097987,197.44133907555667,2561715
2016-09-16,193.6237030029297,198.99573074777743,192.3511585480554,198.48329700839716,4755652
2016-09-19,193.05148315429688,195.67345116636545,190.73697806057714,193.62370283568362,3717097
2016-09-20,194.6912384033203,197.6975211006128,191.07002998955895,194.72539797091778,3047047
2016-09-21,194.9730987548828,198.24415193861623,193.28206620261076,196.09192504256174,3963558
2016-09-22,202.72796630859375,203.7613669310569,197.16803449097242,197.629228841042,7891692
2016-09-23,202.71087646484375,207.44235148377342,201.54081086160195,204.46169489219062,6342433
2016-09-26,198.06484985351562,204.2738687058492,196.43360278033788,202.41201102096355,2133718
2016-09-27,196.08338928222656,199.37152243329098,194.53754151217117,198.58578536440726,2449194
2016-09-28,201.54080200195312,202.4460974563272,196.45061159124293,196.45061159124293,2054496
2016-09-29,191.9070587158203,204.5300522622742,188.26022294226797,202.4888503538861,3766186
2016-09-30,198.59432983398438,199.84980792418736,191.7020803971093,191.82165228663945,2608387
2016-10-03,208.2451629638672,210.09847343059795,196.4335354401754,200.4817654453484,3611729
2016-10-04,207.25450134277344,210.9525765197974,205.2389257838003,208.8515886426807,2542091
2016-10-05,210.4742889404297,212.14824187033778,206.2552470405453,207.36551348134398,2329386
2016-10-06,206.06735229492188,214.36881155861718,204.5215177615684,210.61095049634184,3952063
2016-10-07,203.4368133544922,208.23663424557904,202.3094672812452,206.06731427526123,3060297
2016-10-10,201.22476196289062,205.64878660498687,200.78919408643716,205.37549671922955,1053930
2016-10-13,196.65560913085938,199.7473046737612,194.70835293118867,199.7473046737612,2308875
2016-10-14,197.62069702148438,198.46622005976695,195.2037131682797,197.2876211048425,2497487
2016-10-17,193.27354431152344,199.53380157420648,191.95829363064675,196.8264344786703,2345202
2016-10-18,197.0740966796875,198.133137085106,189.99394324625865,193.35894211719028,4104974
2016-10-19,195.015869140625,200.703907837585,193.6749918198114,198.65415898172384,3278616
2016-10-20,194.6314697265625,198.0562542427799,193.4955770662142,197.2875970290526,5234108
2016-10-21,196.68124389648438,197.28762316768407,193.41019038963069,193.956797091781,1974818
2016-10-24,197.21929931640625,199.84980053927583,196.16025888743224,197.88546451570795,2500859
2016-10-25,197.65484619140625,198.82489842439773,195.25494241433054,197.15094571155402,2477561
2016-10-26,192.66714477539062,197.3388475072578,191.2408689344775,197.3388475072578,3567715
2016-10-27,186.3642120361328,192.846519816358,184.6560995067307,192.846519816358,3206389
2016-10-28,184.44256591796875,189.51567707270328,182.5977884981158,185.33078168035937,3092698
2016-11-01,179.99293518066406,187.64530897602364,179.36947609421733,184.69026484549516,2938087
2016-11-02,181.5644073486328,182.40991704853442,176.6279473295112,179.18158296721555,4529384
2016-11-03,179.4554901123047,184.31629648978526,178.50389394693988,180.45850576572465,2413298
2016-11-04,176.7464599609375,180.89571724457753,174.03744506990554,179.53264435962453,2313242
2016-11-07,177.4665985107422,182.0530693933738,174.63754646888114,178.1695687321413,1898469
2016-11-08,181.13575744628906,182.70458877423533,177.96380618304914,178.13526264523904,2757470
2016-11-09,169.39093017578125,173.1715506271851,144.91544676535648,173.1715506271851,8264976
2016-11-10,165.70462036132812,177.89521362544792,164.3586918465531,171.4570107854308,8335376
2016-11-11,151.23365783691406,163.98148888578672,141.01481983212472,163.98148888578672,12489415
2016-11-15,143.57809448242188,153.62547552425184,138.02289697677375,153.62547552425184,11453974
2016-11-16,146.11569213867188,151.9023589098083,144.21251296264484,147.4530554837911,6927570
2016-11-17,144.8897247314453,151.7308513422481,143.5866504388255,147.2729705505571,7936424
2016-11-18,142.609375,146.672910876673,142.00927062978184,145.22408957828912,4764027
2016-11-21,142.06069946289062,143.99815334782173,136.30830930391184,143.99815334782173,6931445
2016-11-22,141.5377655029297,146.2442596933494,138.1086226831639,144.8811733751108,2800771
2016-11-23,146.141357421875,147.27297531393262,140.0803567328555,144.01530290246862,6883567
2016-11-24,149.45050048828125,151.3879544045445,144.718283528788,146.0385022615585,8630192
2016-11-25,156.72885131835938,160.2951619296341,150.36780433270582,150.88217373184966,6862563
2016-11-28,159.11212158203125,160.8266863602076,155.17717460666225,156.00874725062312,3789268
2016-11-29,155.7772674560547,160.98956547645406,154.96285260309398,159.2835662645022,4271085
2016-11-30,155.0742645263672,157.32892126523456,154.00265848941535,157.32892126523456,4627218
2016-12-01,154.5856475830078,157.32038576159366,152.59674708949083,155.51152060948817,2797882
2016-12-02,153.54830932617188,155.03141905815932,151.07076290587048,151.07076290587048,3054580
2016-12-05,153.71121215820312,155.511511768148,152.85392982619447,153.5568999958962,4534916
2016-12-06,157.8347625732422,159.2664396553347,154.4742101133284,155.13432630392856,3098394
2016-12-07,154.002685546875,158.59773475910805,152.75104399822462,158.59773475910805,11337784
2016-12-08,155.99160766601562,157.0546351755635,153.79694857298975,156.36880924353846,9262961
2016-12-09,152.55386352539062,156.44594257660884,150.453518557702,153.96838266080974,6154493
2016-12-12,148.79042053222656,154.82571338675135,147.8474030868886,152.23670820158443,2340183
2016-12-13,144.68399047851562,150.53924636851843,143.73239442713793,148.99612489355582,2962950
2016-12-14,144.1696319580078,148.13885377130563,143.68097231241316,146.42428914305975,3539692
2016-12-15,146.141357421875,148.56748421056182,142.52362782326804,144.70969411144017,3498895
2016-12-16,145.45555114746094,148.37032448964666,144.80401389274775,148.0531347270286,3533200
2016-12-19,142.15501403808594,146.08138195909214,141.4520304299667,146.08138195909214,3044055
2016-12-20,138.9916229248047,141.87210761722434,138.02289592150373,140.95481352524948,5575668
2016-12-21,138.8201904296875,141.3663280744595,138.2629534716917,139.7374846800384,4070521
2016-12-22,135.69967651367188,140.74051906850286,135.1081509204382,138.98308659616816,5642513
2016-12-23,137.79141235351562,140.2432489024327,135.45102047946722,135.79393336773308,6656755
2016-12-26,134.63662719726562,137.5085331635758,133.4021298622767,137.36278643627634,2708597
2016-12-27,138.59727478027344,139.21450998227314,134.59375099175534,135.62248975387453,1643233
2016-12-28,139.67745971679688,142.2150316815386,137.79143847381295,138.88018911426272,2557830
2016-12-29,142.66079711914062,143.85242690427225,139.84033767108681,139.84033767108681,4180040
2016-12-30,146.32998657226562,148.061695478361,143.3380572439776,143.85242662476196,3989431
2017-01-02,151.63656616210938,152.59672767657983,146.5957383493182,146.87863948515704,4089087
2017-01-03,153.1025390625,155.6658205637675,150.93360339779167,152.59673511355484,3296058
2017-01-04,156.3345184326172,156.9260439619396,151.91092512274372,151.91092512274372,3478759
2017-01-05,156.85745239257812,158.42628374542676,155.85442334630133,157.6890115484901,6718411
2017-01-06,159.08636474609375,161.83824667417667,157.25177679403848,158.5977185866283,4834792
2017-01-09,159.36924743652344,161.76965076595414,156.40304194307512,159.79789520353071,1909903
2017-01-10,161.0752716064453,161.51248487945753,158.76918169963116,160.46660188469394,1544619
2017-01-11,165.5931854248047,169.21950789888712,159.89224100099295,161.1695923770133,5868883
2017-01-12,161.61538696289062,167.4620647742186,159.96939945215695,166.65622874905776,5475864
2017-01-13,163.79286193847656,164.4186759506854,161.25530386018232,162.69553263209028,1453615
2017-01-16,164.7358856201172,166.06466976885764,161.94113605027633,164.9416306777524,2129274
2017-01-17,163.7757110595703,167.41917716166424,162.71268382533188,164.9416175271501,1763775
2017-01-18,162.44692993164062,165.76462779156955,161.64109398697198,162.884156648233,2074047
2017-01-19,161.67539978027344,162.7555715393097,160.84382715446455,162.7127174898815,2369171
2017-01-20,156.41163635253906,161.59821040669954,155.63151022747525,161.59821040669954,3239641
2017-01-23,157.79190063476562,159.52360969578527,155.16860716026,156.45453743999087,2751343
2017-01-24,161.74392700195312,162.31830802637162,157.92043941416716,158.85487758029805,2810546
2017-01-25,163.11561584472656,163.70714125591832,160.44087648598122,162.03543083488395,3935267
2017-01-27,164.84735107421875,168.02788141884153,162.38694866024784,163.69000980645006,4225680
2017-01-30,167.69351196289062,168.5422287815068,160.62091655926358,165.02736481430455,2756849
2017-01-31,163.69857788085938,170.88263185625038,160.07226899846586,169.3652334359072,5109780
2017-02-01,167.9849853515625,168.8851350425738,160.31228595692392,162.66124327687996,4743988
2017-02-02,166.4333038330078,168.83370756131188,165.3959862678219,168.0278582177188,2198633
2017-02-03,165.27597045898438,168.17358571018875,164.63299872377297,167.13626818072433,2287420
2017-02-06,165.33595275878906,168.01069182593702,163.74141200917347,166.313258424094,1756976
2017-02-07,162.78985595703125,166.31328544668688,160.89525608208572,165.798916080128,1627515
2017-02-08,163.6814422607422,165.1045403734391,160.98099276281474,163.56999756797336,2288400
2017-02-09,163.3127899169922,164.84733256994832,161.16957752136474,163.3728016899313,7107120
2017-02-10,165.39601135253906,167.8307040550501,163.3985454185389,163.3985454185389,5721442
2017-02-13,165.67892456054688,166.63907276398504,163.7414569978307,165.85894647505535,1452317
2017-02-14,163.07278442382812,166.03899099923444,162.3698141809337,166.03899099923444,2947155
2017-02-15,160.0636749267578,165.11308136662277,158.59772298227995,160.32943174722945,3353609
2017-02-16,161.53819274902344,163.20990303501875,158.9920559998064,160.65518742272366,2041580
2017-02-17,161.10955810546875,164.41867692070198,159.30069326618445,162.71269131949742,2290381
2017-02-20,161.46963500976562,162.164026261108,160.14083742860356,161.55535652362474,1518612
2017-02-21,162.62696838378906,163.19277067134846,160.33802264031755,161.51249468658708,1934278
2017-02-22,161.93255615234375,163.36423295893977,160.5694834069421,163.22706511290792,3018259
2017-02-23,160.07225036621094,163.61282389247046,159.12923321908198,162.02684844188408,12154238
2017-02-27,160.0636749267578,161.47819396498525,159.4978726816476,160.05509606299012,1943556
2017-02-28,159.3178253173828,160.8180791779682,158.70057678727215,160.312275315694,2763844
2017-03-01,158.70919799804688,160.3894741779544,156.27450525498978,159.62649217485168,3549047
2017-03-02,154.17413330078125,160.16655701457236,153.46258433712302,158.92349440051356,2525778
2017-03-03,157.671875,159.1978389553155,152.288120256242,152.66533523796411,5167341
2017-03-06,160.08941650390625,160.8266752800925,157.0717639065802,157.0717639065802,2474077
2017-03-07,163.2613525390625,164.08434618385812,160.1493998483168,160.6552037596343,4526870
2017-03-08,164.650146484375,165.7046083378747,161.76967547454691,163.74143133813504,3899099
2017-03-09,164.76162719726562,166.06468832486055,163.80146558707662,164.36726791515915,6747512
2017-03-10,164.48728942871094,165.56746115765984,163.71572860413764,164.3415427032617,2097519
2017-03-14,173.78025817871094,175.5376903853189,167.94214579952708,167.94214579952708,12343066
2017-03-15,183.150390625,186.88814438335856,172.33144835525735,172.33144835525735,7548013
2017-03-16,180.03842163085938,184.4620143086005,178.10953314345062,183.74189987810067,3872081
2017-03-17,181.1614532470703,181.81297696460595,179.18969751702633,181.2300304514053,5706314
2017-03-20,180.6642608642578,182.7560270796263,179.08685062518802,182.60171491655527,1778764
2017-03-21,179.9698486328125,182.17307287174216,175.057596213636,181.17862271802633,2941803
2017-03-22,177.3465576171875,178.52104311018462,175.78629172775146,178.14382815285924,3606146
2017-03-23,177.09796142578125,180.0384447238506,175.15192838569664,177.4580186872146,2868836
2017-03-24,176.92649841308594,179.51550321945825,176.30068430500714,177.97238154823123,3652018
2017-03-27,175.02328491210938,179.8840903651545,174.22601448980504,176.42923844305113,2886761
2017-03-28,184.07626342773438,185.09643688898845,175.91491601406616,176.60074194835454,6314600
2017-03-29,182.1216583251953,184.8306869783026,179.41264309754337,184.8306869783026,3298116
2017-03-30,180.49276733398438,186.030819486798,178.59815429300244,182.9445902845681,7316854
2017-03-31,184.83067321777344,185.88513525189708,180.37279138328168,182.1730911073509,3644028
2017-04-03,189.30569458007812,190.1458326400479,185.86798625610163,186.03086386394392,2805410
2017-04-05,189.89720153808594,191.94611357367145,186.6566597479135,189.4599882460493,3777511
2017-04-06,187.57394409179688,189.46854387617495,185.61076709867018,186.88811830250287,3173074
2017-04-07,186.57093811035156,188.97132849557542,185.18212873313607,186.3737584869426,1640360
2017-04-10,186.79385375976562,190.31729718233288,184.77066460815655,188.60273238019886,3987235
2017-04-11,185.8765411376953,188.60271367064982,184.16197650564754,186.88813561314882,2903777
2017-04-12,182.9103546142578,186.60525454820726,181.6930149370191,185.85941683916917,3952889
2017-04-13,180.1756134033203,183.44186536701534,179.36119848510953,182.60172727806682,1472648
2017-04-17,184.90782165527344,185.61937070542317,178.40959324205426,181.40152274339607,1479166
2017-04-18,181.82156372070312,186.6052132688072,181.1185936439494,185.17354994983194,1304368
2017-04-19,187.7368621826172,188.328387682486,179.17257716847016,180.372785898322,3492312
2017-04-20,184.3076934814453,188.07974876341737,183.6390119916079,187.74541473122468,1904869
2017-04-21,180.62994384765625,186.20229870927358,180.06414158029668,186.20229870927358,3075214
2017-04-24,180.6385498046875,181.61585576116832,178.77823828376273,181.4015318063739,2118313
2017-04-25,186.99099731445312,187.57394386446572,181.47865441532312,182.20734767192786,3497643
2017-04-26,180.6642608642578,187.74543578498498,179.5154985060417,187.74543578498498,4352292
2017-04-27,178.40101623535156,183.79333596956468,176.0863473252934,180.52708438298723,10449718
2017-04-28,178.08380126953125,179.61834386053758,174.16601271280575,178.65818238317877,3570871
2017-05-02,172.9401092529297,179.4211796430707,172.44288416935706,178.9754008960423,3566458
2017-05-03,174.62893676757812,177.6122868014817,171.6284424326643,172.5543018144734,1955943
2017-05-04,174.8261260986328,176.08633298391584,173.85738577219897,176.08633298391584,1845368
2017-05-05,171.611328125,175.57198456141768,171.19982455248018,175.57198456141768,4535799
2017-05-08,171.2598419189453,173.2487423540728,170.95979645085572,172.77724041486718,1265044
2017-05-09,172.1942596435547,173.17156543898645,169.8710254106805,172.04852635954603,3249951
2017-05-10,173.4459228515625,174.70612993430862,172.46861693373722,172.46861693373722,2288107
2017-05-11,173.9860076904297,175.51197156550225,172.7943778793445,174.0202962982048,2186286
2017-05-12,169.70811462402344,174.74895516180115,168.56793137493537,174.02882741328966,2419225
2017-05-15,170.8054656982422,172.1256844098132,169.74242495263368,169.74242495263368,3628956
2017-05-16,173.22300720214844,174.20031304754283,171.18267399445818,171.43986539606848,4162792
2017-05-17,173.62591552734375,174.53464407355028,173.22299087225858,173.22299087225858,2242518
2017-05-18,170.53970336914062,173.5144747372027,169.75956378142746,173.5144747372027,1260246
2017-05-19,171.29415893554688,174.43182227513884,169.7510504395931,171.62850649367104,1960146
2017-05-22,171.01123046875,173.54878894274268,170.0853574634729,171.79993561115782,1809600
2017-05-23,164.46157836914062,172.25430299476844,163.79289674709156,172.25430299476844,1766972
2017-05-24,161.9754180908203,165.24166941566423,160.10654149426162,164.25579821142372,3189731
2017-05-25,165.21595764160156,166.51903198019124,160.63805315476168,161.23815741872852,3845294
2017-05-26,169.14234924316406,170.76261353541108,165.94467470653686,166.31329738582215,3896677
2017-05-29,170.36825561523438,172.58861067482445,166.82766839382714,169.39951522901296,3185693
2017-05-30,172.2628631591797,173.5059258745434,168.54224045225476,170.55686396524192,1914223
2017-05-31,174.88613891601562,178.6581944457762,174.166024472102,177.28654277148252,8968289
2017-06-01,176.12921142578125,178.05811348215707,173.53164122380008,173.53164122380008,3958939
2017-06-02,175.9062957763672,177.36368225668915,171.75703910943813,176.32636473359395,2758250
2017-06-05,175.08331298828125,177.13222499575127,173.89168325004601,176.9264799362254,2418974
2017-06-06,170.91693115234375,176.41213058846992,169.81960166796077,175.4005360534632,2002533
2017-06-07,171.48268127441406,173.6773395749616,170.89973481287325,172.48571006435844,1887524
2017-06-08,171.46554565429688,173.07724414943655,170.35107214804492,172.8286316549927,1911683
2017-06-09,170.06817626953125,171.97135478130025,168.80796945822317,171.62844191123483,3022620
2017-06-12,169.21092224121094,171.6456147640273,168.13931598764088,168.88515361791477,1509165
2017-06-13,166.49334716796875,170.59973731282977,165.97039885425414,169.3995419338725,2386578
2017-06-14,163.69000244140625,167.46205812246237,162.8927318875628,167.46205812246237,3317975
2017-06-15,167.0076904296875,167.93356334640987,162.0268609210876,162.88415662566135,3225042
2017-06-16,168.75657653808594,169.74244791673934,167.53065803824285,167.53065803824285,2165693
2017-06-19,170.48826599121094,172.108543596525,169.27092649661543,170.4282542178157,1647139
2017-06-20,170.17962646484375,171.45699104404173,168.11357031415417,169.9138696531855,2566015
2017-06-21,172.41351318359375,173.81076898759238,170.02439026578668,170.7575153095161,1971877
2017-06-22,171.17153930664062,176.45002125968395,170.08478467956706,172.6119099338234,2741429
2017-06-23,166.8762969970703,172.84478951586954,165.7377966283779,172.3014121910451,1587910
2017-06-27,170.679931640625,171.5510589709722,167.4973061508059,168.17868564822732,3347734
2017-06-28,172.4566650390625,173.87115610100346,169.67079759471036,171.447535708753,2340245
2017-06-29,170.43838500976562,174.23338100788,169.91225635895196,172.74988244946164,1687653
2017-06-30,172.4652862548828,173.05179178574681,170.27454181515427,170.77479097090662,3232313
2017-07-03,177.47637939453125,178.36475507661908,171.5682644145147,172.5515139892145,16628617
2017-07-04,180.40025329589844,182.1597561360243,176.036013598631,179.19275876245715,17248239
2017-07-05,189.01663208007812,189.92225639693643,181.2541398651648,182.33226340870544,21040596
2017-07-06,191.65585327148438,196.1322150154504,188.95622926518018,189.577231798434,8835216
2017-07-07,187.9730224609375,195.69238718151735,187.17952054452064,192.33726274057227,6835017
2017-07-10,182.0735321044922,184.12628803367264,177.48504665977748,177.48504665977748,1134521
2017-07-11,174.89752197265625,183.36725970971776,173.55202529620902,183.36725970971776,6893230
2017-07-12,178.21815490722656,179.56365162836823,173.3622832553098,174.91477635498757,6961706
2017-07-13,177.03651428222656,179.71889000845997,175.94114219957072,176.98476856790458,3977382
2017-07-14,178.11463928222656,178.61488837949813,175.01827080132875,177.67476693905382,2663485
2017-07-17,173.97463989257812,180.25363305584648,173.18976912394547,178.6148837269355,3848348
2017-07-18,166.39328002929688,175.76864168994666,165.51352184964836,174.22476623983684,7108111
2017-07-19,167.1695098876953,169.3602674145894,165.84989295686293,168.6012627860989,5631228
2017-07-20,165.556640625,168.87726730994834,164.7372727521611,168.53226888905797,3281603
2017-07-21,166.84176635742188,168.01476363666316,164.52163789971596,166.28975810335382,2467098
2017-07-24,166.31565856933594,168.42877744322726,165.81540946828804,167.152275079483,1821239
2017-07-25,172.18064880371094,173.18977806340033,165.8585406398302,166.45366364958667,5595610
2017-07-26,169.4120330810547,173.3277831697174,168.22178704078271,172.8447826232571,3350787
2017-07-27,169.2481689453125,172.1461587864013,167.6094194639718,170.0675369324305,7354746
2017-07-28,167.342041015625,168.7392834200589,166.6434130598559,167.9975272802562,2737262
2017-07-31,175.4322509765625,176.6397589579008,166.12589762841012,168.53226904525727,19179223
2017-08-01,178.3302764892578,179.74476749378917,174.74227624612172,177.0020283473908,9605691
2017-08-02,175.65650939941406,178.90812829882697,173.96600092701792,178.32162287852776,2726542
2017-08-03,171.7925262451172,177.33839477112184,170.42978096587896,174.9320230633584,4064578
2017-08-04,171.14564514160156,173.87976654235487,169.5931521706095,172.33589110340583,2929317
2017-08-07,170.44703674316406,173.36228873586828,169.93817006704646,171.12841616513754,2126462
2017-08-08,167.47140502929688,173.5951476634175,167.15227268937213,170.76615232183622,5401327
2017-08-09,162.6241912841797,168.18730897872595,161.37355483821003,168.18730897872595,4879011
2017-08-10,161.07164001464844,165.14264009821224,158.3030217399858,161.28726739426406,5277896
2017-08-11,164.22840881347656,165.23753807350195,158.73429964052815,158.73429964052815,4238976
2017-08-14,167.9112548828125,169.80874606836554,164.73726152271715,164.73726152271715,4039126
2017-08-16,168.7220458984375,170.5074150618994,164.66829349006875,168.9635394320548,2323654
2017-08-17,168.48916625976562,172.32729115807183,166.85041675848112,169.07565826137514,3173834
2017-08-18,167.73016357421875,168.25629233051723,164.71142014303626,168.1010416649572,1646584
2017-08-21,165.52212524414062,170.42974142295506,164.04725783271675,167.73011759594343,2695901
2017-08-22,165.32379150390625,168.3770455836925,164.2198017806738,167.4886697781927,2711701
2017-08-23,167.5490264892578,168.95489984188205,165.68603223550693,166.61752260883065,2250919
2017-08-24,168.18727111816406,170.5160172217254,167.160893383142,167.4886432349648,2318266
2017-08-28,169.29991149902344,170.3435379264628,167.49728034969058,168.85140809485435,1271654
2017-08-29,167.600830078125,169.73982922184643,166.54858583684506,168.18733572546665,1895324
2017-08-30,168.23902893066406,169.87777830765194,167.66978554518062,168.69614984692535,1267856
2017-08-31,169.9122772216797,171.63726947485247,168.29940743889753,168.46327562475213,3458818
2017-09-01,175.88937377929688,177.14861388163268,169.9122515374238,172.14612359651346,7154090
2017-09-04,184.71279907226562,186.09280671882178,172.55156695060427,176.81231641539213,7904141
2017-09-05,185.17849731445312,186.82587767127316,180.61587883480613,185.35962757079892,5116528
2017-09-06,182.81527709960938,185.31652282003654,181.36627538695,183.6605247218844,2272107
2017-09-07,185.79949951171875,189.40474800326425,183.97100240947276,184.3936261662941,5683961
2017-09-08,181.89242553710938,190.43115913721675,181.4611706350991,188.0161695058579,5054055
2017-09-11,182.33224487304688,184.53161991998914,181.1419989792272,183.36724012792462,1515887
2017-09-12,185.04049682617188,186.11000278819407,181.46975894561737,183.47937281815732,2573076
2017-09-13,182.80661010742188,187.67972953734937,181.56461853161915,185.4372398701408,1992593
2017-09-14,185.69602966308594,186.97253221376792,183.03953311627592,183.03953311627592,1869070
2017-09-15,186.72239685058594,189.3357650574191,184.81627417524163,185.95477455918507,3310612
2017-09-18,187.08460998535156,192.3372250601632,186.29973926299866,188.54222897073592,3354471
2017-09-19,184.43678283691406,188.0247698046038,183.28965138612986,186.81727509960956,1530400
2017-09-20,184.17800903320312,187.67975278691588,181.9958823364474,183.19475938980008,2380030
2017-09-21,183.8416290283203,186.29974621491917,181.4697546955321,185.57525221449723,4701611
2017-09-22,172.6981201171875,183.09124087699183,170.32624597277487,183.09124087699183,5796225
2017-09-25,169.40342712402344,173.6900559201697,167.05743184077357,173.6900559201697,3948394
2017-09-26,173.64691162109375,176.53628401992256,169.53279596961133,170.42117178263692,2944322
2017-09-27,181.047119140625,185.81673359783514,177.2089949793564,179.39973891566066,13730033
2017-09-28,181.85789489746094,184.36775798393282,178.20090046629753,181.1247698033127,10357898
2017-09-29,181.88375854492188,184.43676328768976,181.35764333670465,182.84975960936896,3314368
2017-10-03,183.09129333496094,187.26578600147897,182.21153500128253,183.0222855305183,2913743
2017-10-04,180.85739135742188,184.4712574986327,179.41700731600736,184.4712574986327,2466641
2017-10-05,182.4012451171875,184.91975256300586,180.3485031105252,180.95225711582736,3832147
2017-10-06,181.7112579345703,185.1871355321933,180.452017651707,184.7472631864203,2102436
2017-10-09,183.86749267578125,185.62699544815877,179.4601249666745,181.7284943374979,3352373
2017-10-10,186.49815368652344,188.36976572628768,183.2810313567068,184.40226967109257,3477296
2017-10-11,189.69801330566406,193.8897678154959,185.35965267587324,186.29977421276158,4544589
2017-10-12,190.5691375732422,191.90601679771873,185.9633903606191,190.23277013742805,1685497
2017-10-13,188.9821319580078,192.50974176342544,187.9471231071203,190.56050458476417,3695405
2017-10-16,189.82736206054688,191.40573454224696,188.68886188417426,189.24085664870842,2499581
2017-10-17,191.12112426757812,192.57875694847664,189.3788833893853,189.74113042290227,4069910
2017-10-18,190.48289489746094,191.82839165626703,187.57627395541465,191.25913471547676,1924913
2017-10-19,187.12777709960938,191.0952732228354,184.98014732711812,190.45702196724088,147887
2017-10-23,191.6645050048828,196.2271239180367,187.0501403737579,187.97301329998288,7115782
2017-10-24,192.5442352294922,195.07997764758034,191.47472933068516,194.0104717487733,2278788
2017-10-25,187.990234375,194.65735376945764,181.2282410912539,193.71723240808876,3580401
2017-10-26,192.99273681640625,194.28648771298174,185.99788065137625,186.3687451927591,6765170
2017-10-27,200.0135040283203,202.2559940772474,194.23475941081256,194.23475941081256,4265235
2017-10-30,203.7308807373047,206.87036418718017,200.11700074251917,200.11700074251917,6147022
2017-10-31,201.47975158691406,207.56899785496887,200.09975763655135,206.9997544025759,5589467
2017-11-01,206.5339813232422,209.06972400048903,201.35035999068114,201.47973103355386,12831713
2017-11-02,224.57745361328125,230.56318064920282,208.37972134142052,208.37972134142052,26418605
2017-11-03,224.31007385253906,225.81943861861902,221.68807495869558,222.6971906467187,5615525
2017-11-06,225.62974548339844,226.40599889844282,221.44662159036866,222.5247453303274,8552900
2017-11-07,220.9722137451172,227.88945846104727,220.21320903659776,225.63833745431575,4606954
2017-11-08,219.6439971923828,221.48974325186754,218.51412776043333,221.1361272120775,4644558
2017-11-09,217.9362335205078,221.78297596990254,216.2802354384531,219.07473389030855,5720924
2017-11-10,217.45130920410156,220.70718282179251,216.13510064776725,218.2046643466793,2885314
2017-11-13,221.66835021972656,223.58204634538686,217.45130274962253,219.079232729761,2179122
2017-11-14,216.42083740234375,221.94544137693174,215.80603271502258,221.66834057668643,2041929
2017-11-15,211.1473846435547,217.52059555466113,210.39402943889314,212.43761086655064,3407450
2017-11-16,212.34234619140625,215.44236590738214,208.57557041295013,211.4850748360163,2502460
2017-11-17,225.3052215576172,227.4700358722959,215.61552201492546,215.61552201492546,9805044
2017-11-20,221.6164093017578,225.0974324814319,218.6203057859766,225.0974324814319,3790920
2017-11-21,219.4255828857422,223.21832680077188,217.9535070756268,221.15742880307218,3042690
2017-11-22,216.49876403808594,221.1487794771704,215.572224371139,221.1487794771704,2383304
2017-11-23,213.74514770507812,217.7717073418344,213.26889335824245,216.51611537220126,1729860
2017-11-24,214.6803436279297,215.95325264995518,213.44206881859083,215.07866419537038,2323105
2017-11-27,218.8887481689453,219.4342845030965,211.97866647227343,214.40325130729858,4576770
2017-11-28,220.97560119628906,222.67282663960333,217.52056078385905,217.52056078385905,5231820
2017-11-29,232.00750732421875,233.14186591154944,220.64656366260587,220.88903026800304,9091447
2017-11-30,229.91195678710938,236.32848008329455,228.60442716503397,231.80834936613357,9147064
2017-12-01,229.9466094970703,235.43657928974952,228.2580493707869,231.3753723659344,4501258
2017-12-04,224.08424377441406,234.9256314731869,222.0233458317585,231.89490797919134,3395848
2017-12-05,237.7226104736328,238.6491637778123,224.1708835596382,225.14072284787855,6558515
2017-12-06,232.52706909179688,237.61005317964214,230.5094703442105,237.61005317964214,5207716
2017-12-07,233.36703491210938,234.70054703265,228.38795320983692,231.37539138258242,3401929
2017-12-08,238.20755004882812,241.28158728104088,232.93406403386277,232.93406403386277,3943380
2017-12-11,240.97850036621094,242.58914039077644,236.9259721085306,238.99553578270502,3023467
2017-12-12,236.1639404296875,241.61059685315726,235.53181866504877,241.59329330976516,2526106
2017-12-13,237.40220642089844,243.30781368923562,233.45358113181297,236.0513637821631,3615224
2017-12-14,236.56227111816406,240.19050992159157,234.50138634756786,237.98240940968705,1949934
2017-12-15,243.6368865966797,244.53745742310946,239.35922263383796,239.35922263383796,5049940
2017-12-18,245.36868286132812,247.13516282371612,237.26362843462613,245.54188099803218,3138903
2017-12-19,252.04507446289062,252.72050949321172,244.1911352408593,245.23024310773576,4091704
2017-12-20,248.520751953125,253.33528753072673,247.65481521511305,252.0277306503617,3260927
2017-12-21,249.02291870117188,252.8329796092415,247.87988144367375,250.21789370568885,2785976
2017-12-22,253.71629333496094,254.8333484826182,247.85397099621053,249.2134927721742,2036915
2017-12-26,253.2747039794922,256.08897162433465,252.40011535381652,254.5822610307667,1330015
2017-12-27,251.74195861816406,255.07579310512136,249.38664233344014,253.27465133815667,3015097
2017-12-28,251.78529357910156,254.729445970939,249.26543066547683,253.15344000766467,6809436
2017-12-29,256.5564880371094,259.1715741391407,251.11845634303975,251.4648255427892,2645924
2018-01-01,255.1797332763672,258.91187531408787,253.45653857468835,258.288405158551,1092642
2018-01-02,253.4304962158203,257.2492364548918,251.4821660011615,256.8335988233141,1420686
2018-01-03,251.48223876953125,254.32248883716863,250.25262906281475,252.14034317726615,2552621
2018-01-04,254.38299560546875,256.8335621858253,251.04051012121528,251.98436677068668,2673614
2018-01-05,256.3226623535156,258.39222569260573,252.72908544882674,254.58216465706883,3591100
2018-01-08,261.4922790527344,263.1548567829574,256.3226959137588,257.16265011197754,2865039
2018-01-09,262.51409912109375,263.5878410882996,260.36658806513697,263.2414718368931,1356269
2018-01-10,263.4319763183594,267.726971353552,262.00318619043026,263.7610149059343,4224151
2018-01-11,260.6263732910156,262.3755230128718,259.0590463985413,262.3755230128718,3373802
2018-01-12,261.4922790527344,265.70067469462015,257.3531518326197,260.62636953750905,5079960
2018-01-15,259.7257385253906,263.8821683273555,259.19751946904506,262.1503225765368,1097143
2018-01-16,261.6741638183594,265.14653547824634,258.46158945699665,261.50964451437693,3112203
2018-01-17,260.6610107421875,262.72189551366154,258.04589721704417,262.72189551366154,2041133
2018-01-18,252.20957946777344,262.45349603630075,250.33919626210087,260.6783365801042,4088661
2018-01-19,247.3083953857422,254.92854490916437,243.8879893643199,254.92854490916437,2842840
2018-01-22,255.66456604003906,257.8640145008648,244.43350893393762,248.68521725446328,2549347
2018-01-23,254.37437438964844,258.8079332377576,252.4953124353232,254.44364281381232,4602802
2018-01-24,249.02291870117188,255.08439279750667,246.67625466824344,254.58215613991143,2453361
2018-01-25,250.46038818359375,252.33079840425006,245.97491860623424,245.97491860623424,3041705
2018-01-29,247.9059295654297,262.54874381842484,246.32129899146778,255.46546386668183,4027800
2018-01-30,238.1036376953125,249.21346268745793,236.06870828528088,249.21346268745793,3896036
2018-01-31,238.95223999023438,243.325154870201,233.98181039426152,234.34551028721432,3878060
2018-02-01,239.0041961669922,246.26932584142938,236.09470528528735,237.80056911304555,3704257
2018-02-02,228.9334259033203,238.02565063351332,222.34374625781888,234.19825905158743,4947754
2018-02-05,233.07257080078125,235.18544734038494,225.14069980950217,225.14069980950217,3432728
2018-02-06,235.93882751464844,239.21201817513418,220.90634560582603,221.68568317297598,6417617
2018-02-07,229.50498962402344,240.8832361955553,227.39211296046673,239.34189180160132,5578095
2018-02-08,231.65248107910156,234.92567169187123,229.55693501165672,229.55693501165672,1806177
2018-02-09,227.09771728515625,235.87820858774748,224.2747985255765,230.5094718810724,4429421
2018-02-12,229.62623596191406,232.32792179032893,224.40471428078573,227.21896809192228,3403232
2018-02-14,233.4969024658203,238.32011628744553,229.4703297232877,231.1848722997014,2747145
2018-02-15,235.5578155517578,240.72739922095954,233.22848156037554,234.6485928385122,2899436
2018-02-16,228.33599853515625,238.1296159644038,227.25360475063655,235.21144608695312,2640490
2018-02-19,223.3742218017578,229.28850820569423,218.63760703958,228.33597249268692,3849579
2018-02-20,223.86782836914062,226.1711934377266,221.21809404099903,222.03206586918662,1846609
2018-02-21,218.53370666503906,225.76418806646663,217.34738323880026,225.31390264354238,3182881
2018-02-22,224.87229919433594,225.83347319985398,218.21332246092237,220.29155155370947,4378238
2018-02-23,229.09800720214844,231.3493936182282,224.27479333800542,224.53456347802555,2295230
2018-02-26,233.6094512939453,235.32399382944328,230.33626084771865,231.01169573555012,2170506
2018-02-27,233.5315704345703,235.01229840384124,231.54860566159653,233.36705113166173,2722072
2018-02-28,231.00302124023438,235.09886238352954,228.00693153398296,228.00693153398296,2520667
2018-03-01,231.8170166015625,233.44496024957223,229.64355018705825,232.06813499148856,2687957
2018-03-05,237.1597442626953,237.94773346642273,231.0463052035985,231.72171289756233,3061852
2018-03-06,234.83908081054688,243.14328997360514,227.31416845819695,239.25528140176058,4767060
2018-03-07,229.47900390625,236.06869792363557,227.2189251019179,234.31952117286792,3559079
2018-03-08,229.6868438720703,232.33659183617968,226.11058319978667,229.98992715336206,2593325
2018-03-09,231.843017578125,235.45392619363344,230.68267640357453,230.68267640357453,3048119
2018-03-12,232.70892333984375,237.2463576626255,231.2628297316166,233.02065836737543,6199010
2018-03-13,234.9256591796875,237.08182178227517,233.24577797916325,235.01225826383921,5220114
2018-03-14,238.3287353515625,239.34186044690406,233.47088798636355,233.47088798636355,3842929
2018-03-15,252.96287536621094,254.12321621464926,237.28095680896467,237.28095680896467,7293100
2018-03-16,250.39117431640625,255.27500620901932,248.7285961318519,252.8417420374126,6334331
2018-03-19,243.15199279785156,252.76375954082982,242.13018862387187,252.76375954082982,3397141
2018-03-20,238.6231689453125,242.45921279343526,236.57093606824358,239.53239153571874,4886549
2018-03-21,241.93101501464844,244.76258534797577,239.34188414388072,239.515082310108,3219433
2018-03-22,242.64974975585938,244.1391293115309,239.52374778541147,241.13436064006967,2718095
2018-03-23,241.43746948242188,244.39027358976156,235.5318612677425,240.74473094752645,2143596
2018-03-26,245.76707458496094,247.03131821790538,240.72737647645064,240.72737647645064,3634483
2018-03-27,251.75933837890625,259.5786438980709,247.28249264962403,247.65484440599613,6723183
2018-03-28,249.31739807128906,254.23586351253067,248.321576227187,251.41294440635312,3016155
2018-04-02,254.27911376953125,257.4397499357943,242.04358210429967,249.55982963320764,5422680
2018-04-03,256.4439392089844,257.4397609557775,250.9453172914845,254.33974130601845,1854599
2018-04-04,252.0103759765625,258.5134706010314,249.3866109747869,256.66039130945575,4543132
2018-04-05,266.384765625,267.91745830842297,252.46935241647913,252.65985414015486,7311810
2018-04-06,274.5677490234375,275.43368560993576,260.8168561168824,265.3369865158731,11137441
2018-04-09,270.0303955078125,278.82822034769555,269.11252080319866,273.24299765628984,7944789
2018-04-10,270.3507080078125,275.15661868424087,269.64931772906874,271.3811639936827,2221884
2018-04-11,271.3724670410156,273.6238803709571,267.5710576646452,270.68838042195915,3178745
2018-04-12,275.7453918457031,278.61162348727436,268.7054261618594,270.1688503054226,4046710
2018-04-13,278.2999572753906,280.5426923506446,274.1521775232524,276.05719507858834,4123135
2018-04-16,270.51519775390625,276.56802019996826,269.66659190593634,275.7453696652556,4714728
2018-04-17,270.8009948730469,274.437885426351,269.2856328496848,272.76665589008894,3149977
2018-04-18,271.8401184082031,274.4985180547507,269.35491695120083,271.00016414415387,3401200
2018-04-19,273.4507751464844,275.78878835021345,271.2080399473339,271.94406456682003,2191607
2018-04-20,272.29034423828125,274.9314398919598,270.35066587558066,273.4333815798738,1139627
2018-04-23,275.26055908203125,279.17455116203536,270.5412739734055,272.420309121222,1939143
2018-04-24,281.5731506347656,286.93323651754446,278.86281292364725,279.0013497936341,6402273
2018-04-25,279.2958068847656,285.58241968439233,276.43825314661245,282.11004750592264,3789801
2018-04-26,283.85052490234375,287.35753070669244,279.6940665471592,282.28319785564474,6552111
2018-04-27,281.8156433105469,289.00282721829825,265.8393139604902,288.26680256579556,12501612
2018-04-30,278.8887023925781,287.01973993679536,275.20849933224633,281.77223735142945,5017703
2018-05-02,268.9911804199219,281.0708439250503,263.87356245339885,279.9538161042142,4929429
2018-05-03,272.61944580078125,274.8015639050701,268.012715863001,268.9565727324761,3481617
2018-05-04,277.0529479980469,278.26525378545745,272.420236114896,275.3211019599901,4245375
2018-05-07,271.9093322753906,277.0962454463186,270.8702247112575,277.0962454463186,4344646
2018-05-08,267.45849609375,272.255727434789,266.35877178268737,271.2079679994291,3004403
2018-05-09,265.7440185546875,268.6794920197008,262.21103029850224,267.908833275606,3097870
2018-05-10,259.74310302734375,268.5322731284348,258.91182772046665,267.7269531386435,4231782
2018-05-11,257.61297607421875,260.75630936800707,255.171087403955,258.40964445651815,8049048
2018-05-14,250.1919403076172,257.621588418222,249.08356424821676,256.3140317539268,5931571
2018-05-15,254.75534057617188,259.777707416501,247.74135766398894,253.24863052407312,5304411
2018-05-16,248.6679229736328,256.6690769740067,246.3905539932985,252.5905662153495,3548852
2018-05-17,250.9885711669922,254.322405224769,249.04889280067795,250.76343525549055,4832965
2018-05-18,244.39024353027344,252.40872769951878,243.6109059939864,250.8327219610081,3312341
2018-05-21,243.91400146484375,248.52073137131939,239.7488916641474,244.36427334325361,1684025
2018-05-22,250.6422119140625,251.2916643596429,244.01788375807715,246.19134989371236,2264641
2018-05-23,251.31765747070312,253.8894578034404,249.63774908568075,249.95813587535253,2858435
2018-05-24,255.9763946533203,257.1800490677613,251.46491456631387,251.690077679173,2622555
2018-05-25,259.30145263671875,260.47047238763713,254.8419391322235,256.30536320293913,2817479
2018-05-28,266.8263854980469,269.3029350252896,259.22356585927923,260.643677013178,2396975
2018-05-29,264.3153076171875,268.4284541080937,259.3275723537154,268.1859874095872,2395522
2018-05-30,257.51776123046875,264.973394747718,255.56943023748363,261.6828723466723,3256181
2018-05-31,251.86317443847656,261.5269055139413,250.1399801098805,255.10173071497067,4799594
2018-06-01,252.69451904296875,255.98504074458256,247.3863712096718,252.6771883743734,3072731
2018-06-04,250.3305206298828,255.1017702595915,248.17438478304126,252.85038354048606,2475493
2018-06-05,239.14279174804688,249.37803031044294,234.66594617817515,249.21351099558197,4782711
2018-06-06,247.72413635253906,249.21354351936907,238.87437383275181,239.16012650792337,3776197
2018-06-07,252.90228271484375,255.22296463186353,246.09610446930185,248.90171956861735,3717348
2018-06-08,250.43443298339844,254.64282886031734,247.39502993416926,252.67716777313714,1601185
2018-06-11,253.2832794189453,255.1796718726337,247.30840373536145,250.77209585315762,2601100
2018-06-12,260.6696472167969,262.271608246552,253.30061563130636,253.30061563130636,4555509
2018-06-13,261.0419921875,264.80011575034956,259.2235470520271,261.5442288987917,5680327
2018-06-14,257.19720458984375,262.7218070188864,256.78156706652453,262.7218070188864,2923088
2018-06-15,253.76824951171875,259.3708014830846,252.50400577300658,257.6995447056533,3110171
2018-06-18,254.1318817138672,258.39221436676684,251.29163282372878,253.19667681876533,1939184
2018-06-19,254.03662109375,257.179953392719,251.43018681019444,252.59052767670457,2260510
2018-06-20,258.2017822265625,259.38810576739473,254.58222207044238,254.58222207044238,2305750
2018-06-21,256.9029235839844,260.12417695864605,254.608223652828,259.60460946406914,1471956
2018-06-22,258.7386169433594,260.02019117379695,253.04949377925337,256.8422515958381,1974161
2018-06-25,254.27911376953125,258.8771917289908,252.9629052747421,256.31404316091863,1751895
2018-06-26,248.6939239501953,255.2663154697855,246.7888793924312,253.80289105601238,2829456
2018-06-27,238.094970703125,248.89308833540636,234.92568257709775,246.96206146205893,3435212
2018-06-28,225.77281188964844,238.75303174592185,220.3521246232802,236.89995252817096,8389628
2018-06-29,225.0454864501953,232.88210789465217,222.0234004232863,225.1407373184864,7740956
2018-07-02,222.70748901367188,228.23209366340615,221.87620007211783,226.68208375641325,2366970
2018-07-03,224.62115478515625,230.5527445466073,223.07114508866326,223.36556298982387,4844362
2018-07-04,198.3402862548828,211.98727584856837,181.49804017889952,211.98727584856837,94382685
2018-07-05,199.52667236328125,206.84374081701387,197.60431053300584,206.0903855512521,34745494
2018-07-06,192.5473175048828,198.98981125188547,191.4908924373204,197.2579510949793,15112463
2018-07-09,197.58694458007812,198.79925039783907,192.58189448794326,193.96738491384565,8817804
2018-07-10,208.87860107421875,211.09536658033085,197.77742931886755,198.29699665947146,24899736
2018-07-11,208.86134338378906,212.15186515286436,205.40630230664692,208.1512877054435,11767351
2018-07-12,210.15155029296875,214.2300611319251,208.8613241468258,210.47195066666464,8097701
2018-07-13,217.13955688476562,218.5077166507398,210.2987444941236,211.285900832787,12773701
2018-07-16,209.94369506835938,221.50380418198992,201.38835430022496,216.4814373204877,17408971
2018-07-17,219.36495971679688,220.63786846227148,209.38082965229682,209.5540142388763,9442367
2018-07-18,215.47589111328125,224.4721680977876,211.52587174727302,220.8179815464614,9496824
2018-07-19,205.7748260498047,215.51065629007175,204.20003977120646,214.09247934444525,7133415
2018-07-20,204.05213928222656,206.2272568196411,199.98901677926887,203.59101785237453,7256671
2018-07-23,211.1343536376953,212.1175154350094,203.61714516125713,204.6351060110587,6771893
2018-07-24,220.08712768554688,220.7222716751545,211.07343778133102,212.0304934280977,7229643
2018-07-25,223.36721801757812,225.16822569735535,217.58140539611534,217.58140539611534,5297674
2018-07-26,245.5272674560547,251.94822272477984,222.39272852706156,223.3671699256199,49192337
2018-07-27,246.17987060546875,251.2696341810843,244.17005492790648,246.39738513014305,11182517
2018-07-30,246.39736938476562,250.55619668962063,240.4897330434587,246.04935161765184,6928838
2018-07-31,240.5071258544922,246.2407392020267,239.38475434389156,246.2407392020267,5306177
2018-08-01,242.67359924316406,247.61544665913686,241.39461813159258,241.96015047506305,6558705
2018-08-02,242.31683349609375,245.19670709263215,240.74204696615593,243.71762476752815,4168822
2018-08-03,249.31198120117188,255.44582417741478,243.45655785124853,244.3092298790003,8814715
2018-08-06,247.77203369140625,257.05545078829766,247.09341129081716,249.99936380874755,5730879
2018-08-07,246.4495849609375,252.31370277839258,244.90962454427608,248.31148433395146,3583002
2018-08-08,248.26792907714844,251.4261946704051,245.44026805672272,247.96340335167974,3484214
2018-08-09,246.37124633789062,250.73889490285694,244.88347116707448,249.7731327214934,2160972
2018-08-10,246.09283447265625,248.7377803046635,242.83886438349333,246.04934247236898,4832709
2018-08-13,234.73873901367188,243.61320591599937,232.23298922907128,243.61320591599937,5204571
2018-08-14,229.70986938476562,235.76539544764643,225.53365578993626,234.02530644980084,5916186
2018-08-16,229.64891052246094,234.91269554164737,227.4129014519822,229.1878027149747,7434774
2018-08-17,230.88441467285156,234.27758083827504,227.31721238613162,231.36293566086795,3665991
2018-08-20,231.67616271972656,233.868666394169,228.54398930922684,231.43254211680184,4924539
2018-08-21,230.83221435546875,235.28684712405706,229.70984277529243,232.3026036949,6445107
2018-08-23,229.57936096191406,233.633791398903,227.7783668457812,228.5440141628326,3208590
2018-08-24,226.7604217529297,231.84149246164375,224.47218635597102,230.73653391840355,6090020
2018-08-27,236.29611206054688,237.52288084891208,228.47439144755486,229.69246728546716,8459643
2018-08-28,232.4766082763672,238.24502126162415,229.70985199144116,235.78279074724918,9222118
2018-08-29,234.73001098632812,236.20037292433577,231.3977228890398,233.16391760498192,4552651
2018-08-30,233.53805541992188,236.81813151749446,231.70226249939407,236.81813151749446,3433406
2018-08-31,232.44183349609375,234.9040642675792,230.04050788507834,232.30263727252287,4061433
2018-09-03,228.58750915527344,237.96660319445724,227.2563295822399,234.73873900740526,7170424
2018-09-04,225.73373413085938,232.06767923710743,223.92404720791458,228.99642451314577,5663434
2018-09-05,219.23451232910156,228.63971325802888,218.72988514974415,223.7761569433182,9941827
2018-09-06,208.49810791015625,220.29594011840408,207.0712241735192,219.77391347094579,11319074
2018-09-07,210.99513244628906,213.68358392393512,205.426834712617,210.55141048766993,10278912
2018-09-10,207.471435546875,214.01418801741463,205.6443356318631,210.8994143122217,4161545
2018-09-11,206.48826599121094,210.62100026653192,204.49586386004069,208.81129994470643,4803889
2018-09-12,204.87001037597656,208.89832070600463,202.52957663969045,208.46330531983114,5043551
2018-09-14,211.43887329101562,213.3355714751482,198.3707530603421,199.06680221651877,12712337
2018-09-17,208.32411193847656,211.41278001300918,205.95758553987557,211.41278001300918,4678555
2018-09-18,206.84500122070312,211.89127206013617,205.43553074066978,208.81131098323445,3461702
2018-09-19,207.42796325683594,211.41278193683158,203.29524178507484,209.69878546606816,3415512
2018-09-21,202.04234313964844,210.99512766148626,168.81524569418693,207.59324122213377,13499218
2018-09-24,197.54420471191406,202.14675374354394,194.38592524932253,200.82428084879155,10206751
2018-09-25,204.78297424316406,209.1593154258603,192.23689603979273,194.89054816189022,8261024
2018-09-26,206.88853454589844,209.6639838792076,201.93796724053843,206.31429566209832,3074634
2018-09-27,200.08474731445312,206.7232045146532,198.02273321943002,205.896665736745,8999668
2018-09-28,200.27613830566406,206.1228552706637,197.2048702434707,202.04233306199532,6487437
2018-10-01,198.25765991210938,200.63289286947037,192.52404580136647,200.1108661934608,9647088
2018-10-03,187.5647735595703,200.71118470351607,184.19768604574242,198.37075094931674,6883803
2018-10-04,190.401123046875,196.27393284670288,183.98016689199545,193.15046602015448,11774976
2018-10-05,181.66583251953125,190.88834350427126,178.35966398996086,187.66915897172035,9027353
2018-10-08,163.66456604003906,180.74359655608788,157.00870947546775,179.02090731444534,19862204
2018-10-09,166.326904296875,173.17418259652882,161.06311897023406,162.68141099203564,15524521
2018-10-10,187.9214324951172,191.2711195604809,168.09306398862637,168.09306398862637,15875774
2018-10-11,182.07476806640625,188.27820991921917,173.22639393111243,174.8794851234841,13326113
2018-10-12,180.96112060546875,199.2408146975324,178.55108867987693,183.84096698515816,10744765
2018-10-15,181.45706176757812,183.4059724107609,173.23512394544647,183.4059724107609,7609849
2018-10-16,186.63381958007812,189.28745835669244,181.8398484565283,183.5799508492423,6028015
2018-10-17,175.09695434570312,191.08840871089498,173.66137803354835,190.54028973057623,7263167
2018-10-19,175.70602416992188,179.05571218652466,170.82506888901673,174.35745873814932,10247640
2018-10-22,177.0371551513672,183.05787990451998,174.8794374269409,178.87294767530204,4845574
2018-10-23,174.93167114257812,180.01275465998094,172.72175441127314,177.03719072732065,8332877
2018-10-24,183.23193359375,185.14603124309286,175.4711049692987,177.4896133950947,8718877
2018-10-25,188.73931884765625,190.40980945449166,178.12475049710065,179.7517354799852,7812265
2018-10-26,186.49459838867188,193.82909049047583,181.1438019106932,191.5234696078458,8670737
2018-10-29,188.60882568359375,190.62733413931406,179.14270719705772,184.40649284242767,9130324
2018-10-30,194.84706115722656,197.4745938074366,185.8420644055381,186.19008215557008,8506172
2018-10-31,202.6862030029297,203.5910601526818,186.5381340262243,196.22175419165146,10557584
2018-11-01,211.1343536376953,212.29152432276106,202.39908294699538,203.24302128373105,8677039
2018-11-02,218.2078399658203,220.13064430540666,211.26485673664425,211.26485673664425,6976439
2018-11-05,217.64002990722656,219.00273528666963,210.62558693488248,216.6442046407323,3512058
2018-11-06,211.9795684814453,219.30848463893503,210.52077565798942,216.63548119433915,3907331
2018-11-07,213.7178955078125,215.75322599611883,211.37683384670314,213.14137152255088,610558
2018-11-09,214.86219787597656,217.49152131125481,211.15843103029258,213.3160592803935,4325670
2018-11-12,212.56483459472656,218.68828158119823,211.83980205569725,214.88842708372326,4586817
2018-11-13,212.5299072265625,214.9059073791473,204.40608136487572,211.3943146936792,5590976
2018-11-14,216.52191162109375,222.20860138029292,214.53900247241927,215.25529353583894,6399025
2018-11-15,220.2169647216797,221.01187398132072,211.5690091572224,216.63548181848503,4266610
2018-11-16,215.79690551757812,222.75021421233905,212.79196010374076,221.43991617911715,5781220
2018-11-19,213.2112274169922,218.38252831848416,211.39428237810498,218.38252831848416,3847280
2018-11-20,208.35440063476562,214.80104737114178,206.50251722519525,214.80104737114178,4371500
2018-11-21,207.12271118164062,211.2195685257124,203.44515514367222,207.02662386396517,5482981
2018-11-22,201.86410522460938,210.0752907431404,199.62787218155694,208.2496039801475,3726205
2018-11-26,193.82757568359375,205.77746390197046,189.20660221722494,201.78543552074163,10256482
2018-11-27,192.24652099609375,194.98067339567882,188.7349285237562,192.00193879516922,6747959
2018-11-28,197.97686767578125,199.11246008524694,190.42956665142447,192.67454086156994,6108884
2018-11-29,205.79498291015625,207.1838990828681,198.29136089310498,198.29136089310498,8401543
2018-11-30,201.87278747558594,208.52036349174014,200.54503423793284,207.23626267767838,6394550
2018-12-03,203.19183349609375,205.5416226070702,198.8591216907338,202.3969243404751,4716442
2018-12-04,200.8682861328125,205.0175519758644,200.09084598165964,203.20060658627114,4616278
2018-12-05,196.23854064941406,200.7372304980222,193.94990033172954,199.51427851284373,5904856
2018-12-06,193.05886840820312,196.3520887605036,191.16331903600337,193.06760983676617,5089381
2018-12-07,191.1109161376953,195.06800664498536,188.87468339481615,194.447802913,3415024
2018-12-10,190.64796447753906,192.5260586877616,183.8344369313734,183.8344369313734,3850560
2018-12-11,199.95977783203125,203.50630826933838,186.55982381806265,186.9529145256214,6164310
2018-12-12,201.83787536621094,204.58076912450483,197.45275560469565,200.02967163678994,4379572
2018-12-13,204.75547790527344,213.7965103781565,202.57165257908068,203.34035121430176,11112393
2018-12-14,205.90850830078125,210.52075443826845,203.008392126366,206.03080622954164,10781517
2018-12-17,208.99208068847656,210.34605835478513,204.05663401043208,206.15311335183588,3868243
2018-12-18,209.6734619140625,211.04490894609467,206.1706105722061,209.2803848089543,3732953
2018-12-19,222.75892639160156,224.49725344377813,210.71294864634086,211.560279117348,13579209
2018-12-20,221.3699951171875,225.5891367025112,218.78433793112563,221.00310134467477,5238824
2018-12-21,209.73460388183594,222.4269966975808,208.33695996407744,221.54474149841863,12211271
2018-12-24,209.59483337402344,211.39430946501983,205.67269450907165,211.1671964360046,5704189
2018-12-26,213.15011596679688,214.71373767333915,205.92602800576188,209.47255913553764,5992586
2018-12-27,214.3118896484375,218.14668226574574,212.35517742683214,213.8401807721728,4243266
2018-12-28,213.91879272460938,215.2203491315436,212.4861969581567,213.8401745808415,2729031
2018-12-31,216.6267547607422,219.78019487897703,214.958304405322,214.958304405322,5858538
2019-01-01,214.84474182128906,217.814748622694,213.00159971514606,217.5002760267938,2801058
2019-01-02,208.8435821533203,218.73194451473674,205.5503751759723,214.9058797018455,8150541
2019-01-03,201.41856384277344,210.69544951582023,199.38323365957743,208.7736895065076,7929492
2019-01-04,203.12196350097656,204.7467340111023,197.94193448602576,200.91194127145636,8526785
2019-01-07,205.50668334960938,207.55074131788592,202.45805873512901,205.0349745077323,4619126
2019-01-08,208.38064575195312,209.08819548175293,203.67231146475433,205.6290239498022,3904257
2019-01-09,211.3855743408203,212.61724045659514,207.64685516375167,208.38062912703313,4281943
2019-01-10,207.26251220703125,213.2898719998023,206.15313031785132,211.0448976105656,4499231
2019-01-11,207.84776306152344,209.24540685289506,204.59823577464095,209.24540685289506,3453973
2019-01-14,204.2401123046875,208.08364695482024,199.99475911162082,208.03996716019293,2841326
2019-01-15,207.58566284179688,208.33690582828544,203.61110372355492,204.5807319354114,3991299
2019-01-16,207.58566284179688,209.59478229144025,205.27955371270363,207.90013537754965,6081029
2019-01-17,200.8245849609375,210.97501299967902,199.68899250334056,207.55076644691,10575083
2019-01-18,198.43112182617188,203.95183430268597,197.65368173411042,202.48430002111297,5531054
2019-01-21,194.74481201171875,199.2959094556441,193.38210657542393,198.99016461554945,5588102
2019-01-22,191.50401306152344,196.12498723764205,190.27233330723232,194.098398256349,7498811
2019-01-23,190.08888244628906,193.39955841323908,188.6912250965516,191.47779836715395,6367122
2019-01-24,194.71861267089844,195.84547740984377,189.7482272727213,191.96699102996294,4188091
2019-01-25,195.6969757080078,197.96816076602482,193.74900469956054,195.67077877632263,6112994
2019-01-28,184.4371795654297,196.36960156085814,182.24461265300968,196.36960156085814,12306863
2019-01-29,179.3532257080078,184.48084766648714,173.83251296976997,184.31488360384466,19258629
2019-01-30,177.27426147460938,181.10032752597516,175.16031230690862,179.0737379608431,8838910
2019-01-31,177.38775634765625,179.0649342791911,173.1948115188191,177.5013128476291,10373175
2019-02-01,182.9346923828125,185.0136889333509,176.45309317488758,177.5013260400401,10270101
2019-02-04,179.02999877929688,182.39308244534143,176.453082876303,181.6942605760261,3978152
2019-02-05,186.603515625,187.62555160542126,177.87695543468706,178.20015579438555,5716008
2019-02-06,186.603515625,188.30690436574895,183.53743504345513,187.80899852083465,5796923
2019-02-07,192.32513427734375,193.9236941724984,186.58603681249988,186.58603681249988,7851650
2019-02-08,187.2149658203125,191.30309549781882,185.8173221315145,191.30309549781882,3361425
2019-02-11,184.53323364257812,189.90543679350444,183.45879027642135,189.90543679350444,2335482
2019-02-12,182.1572265625,186.93542274904934,180.55866688126588,185.01366276805194,6049757
2019-02-14,182.89976501464844,184.40223779597815,180.64606268258422,182.04370669131484,5375222
2019-02-15,175.05545043945312,182.61147948907367,174.18190936655407,181.86897778502487,6374788
2019-02-18,175.21266174316406,177.3178686160082,173.7975352564414,175.61448018268328,5008784
2019-02-19,174.87197875976562,178.7591922079807,174.05085902266464,175.40483654997547,4985020
2019-02-20,183.6160430908203,185.10977422321793,176.11242170996636,176.45309123145233,9935782
2019-02-21,184.4022216796875,186.58604709239862,183.31905040355983,184.3847524990912,4013447
2019-02-22,187.5993194580078,188.66503510735217,183.70337800905304,184.83897037251796,2763490
2019-02-25,192.0543212890625,193.29472867171447,187.59931159445097,189.71325994614173,5280883
2019-02-26,197.36544799804688,199.43570350331703,188.7349602375676,190.42960778829817,7557686
2019-02-27,197.23434448242188,201.63694652624181,196.17738401461824,197.41779136419404,6533981
2019-02-28,199.55795288085938,200.66733465110477,196.54428014749317,196.85875272486322,4139295
2019-03-01,202.64154052734375,203.5325371511246,199.93359861439703,199.93359861439703,4289189
2019-03-05,214.67877197265625,216.2336520504968,203.36655497516986,203.53251901860003,10059761
2019-03-06,216.71408081054688,221.30885783978695,214.22452449050212,214.71370253315615,5793582
2019-03-07,214.73117065429688,218.05931593394934,213.14135228339455,217.4653228221321,2220601
2019-03-08,213.2112274169922,214.53025299009954,210.72167112766635,212.984114417078,3476265
2019-03-11,220.0335235595703,221.85919657939928,212.88805410639546,214.81855589017798,4251903
2019-03-12,222.30470275878906,224.4972558753875,220.33924898512808,221.87667364360493,4893493
2019-03-13,223.67613220214844,226.59373148774006,221.18657570432185,223.62372466236167,5038486
2019-03-14,217.8234405517578,225.98221648409344,215.78812412279515,225.98221648409344,5046199
2019-03-15,221.3699951171875,222.3133991154648,217.54393055122927,218.04183631700653,5298885
2019-03-18,216.27732849121094,224.49724070524715,214.888412478298,223.58877499558955,6658233
2019-03-19,213.29859924316406,218.0156607359645,212.74827221037035,216.63547243914815,4475985
2019-03-20,210.8264617919922,214.09347138405997,208.73872420878553,214.0148532501359,6669743
2019-03-22,209.3939208984375,214.8884225614599,207.90017606130257,211.86600820731857,5917900
2019-03-25,209.59483337402344,211.3855817145975,206.3627750263993,208.12731275598713,5869540
2019-03-26,210.36355590820312,212.09314168025364,207.98755569936233,211.5690251941735,3298727
2019-03-27,217.63128662109375,220.71484971718593,209.1231126615295,211.13223235610144,15179446
2019-03-28,223.31797790527344,226.06959926967696,219.0813532318403,219.0813532318403,10449610
2019-04-01,215.94541931152344,225.37080206081126,214.36432841069632,223.62374709408203,4224828
2019-04-02,209.3328094482422,218.766934338456,206.23177638897178,216.2861051550674,6964143
2019-04-03,209.37646484375,214.18961407431544,208.50292371657648,209.64725766842426,8845694
2019-04-04,211.04486083984375,213.1238708109229,208.8872464095485,211.39427175131203,3702230
2019-04-05,213.78775024414062,217.63128412355493,211.23704500340088,212.2678086067223,5106347
2019-04-08,216.9412384033203,218.20785663712914,210.94881678689023,214.8884386175405,4072963
2019-04-09,213.65672302246094,219.72776177900454,212.72204674688976,217.94575511911017,5304853
2019-04-10,209.10565185546875,216.18124401621554,206.89561599899318,213.57811742638873,8243002
2019-04-11,211.3506317138672,213.840202026087,209.24542442043122,209.29784564290978,6868983
2019-04-12,214.0236358642578,214.46040642688308,211.92716999531996,212.11060323492916,3316041
2019-04-15,213.30734252929688,216.26860806258424,212.45128427364799,215.29899329218352,2388051
2019-04-16,214.8185272216797,217.85841049219127,210.2412194577036,212.52987333969165,4376796
2019-04-18,212.38137817382812,216.9848691788257,210.11019347350566,216.11134186326234,3374885
2019-04-22,204.13526916503906,212.33772663289335,203.34910131638617,212.00578484083917,3383193
2019-04-23,203.69850158691406,205.74255977379346,201.25261122663602,204.65064712149876,9232228
2019-04-24,205.97842407226562,207.02665698544126,200.8420609099299,203.8819445660549,3740512
2019-04-25,201.45352172851562,208.5990042744952,200.21311424296198,207.01791359397686,3752869
2019-04-26,198.37867736816406,204.23131686510388,195.94152878259177,202.1348514357267,3760392
2019-04-30,194.08969116210938,198.98145866099418,189.73076789458813,198.11665894406497,6560234
2019-05-02,190.9187469482422,193.906222870386,190.14130690368165,191.1283907814123,3274341
2019-05-03,188.6213836669922,192.00195065769216,186.68214040042275,191.56518008922717,5164642
2019-05-06,184.98748779296875,187.3547601304808,183.44134902567515,186.06193132269965,4333136
2019-05-07,178.7242431640625,187.5905683569513,177.38773489408572,186.06188546720736,5189879
2019-05-08,179.46678161621094,183.79949424969712,176.88113758905826,177.67604689661067,8360644
2019-05-09,180.48004150390625,182.2183545337802,173.13364399194833,176.10365025057442,15833680
2019-05-10,178.01669311523438,183.4238481921141,176.8374210251821,179.07366728190553,6500692
2019-05-13,172.53094482421875,179.96468974029057,171.26432666294934,177.99050822276953,4360539
2019-05-14,177.92935180664062,181.4758825097874,173.27343929003672,175.38738784031702,6526992
2019-05-15,178.20016479492188,181.6506085621042,177.27422978046866,179.42311693306104,4689824
2019-05-16,175.1253204345703,179.4230941951062,174.1993855374591,179.07368325130665,2687968
2019-05-17,180.43638610839844,182.5677900993674,174.5487940050829,174.8807357649693,4624463
2019-05-20,191.73114013671875,196.02017255100043,187.11016595139665,187.11016595139665,5509594
2019-05-21,189.73948669433594,199.67151538903417,188.89215625983832,193.1899300400328,6271196
2019-05-22,186.02696228027344,189.5560234687788,183.00454828695166,189.5560234687788,6393878
2019-05-23,185.86973571777344,196.7888615916767,182.92593971048572,189.29398201862205,9824210
2019-05-24,193.50437927246094,194.2381394332657,181.519538780271,186.58601055691537,10362737
2019-05-27,198.85914611816406,200.7284988657801,193.08511014471347,194.36046972983968,6234988
2019-05-28,198.43984985351562,202.5891290668431,196.2123583371411,199.33958789026235,7188785
2019-05-29,193.82757568359375,198.60578542124756,193.06760493233512,196.89366929379457,3612879
2019-05-30,197.02474975585938,197.76725153679504,193.37338982700481,194.80598584382454,3517764
2019-05-31,203.41024780273438,212.78322233869733,198.29135385942567,198.6058264669875,20138264
2019-06-03,204.32742309570312,208.21462293224707,202.76380173230353,205.2271473069593,9783481
2019-06-04,203.60238647460938,207.376029738529,203.00837972536553,205.27956429854189,5305915
2019-06-06,186.14927673339844,203.88193013936464,184.84772027431057,203.6897554868667,11824928
2019-06-07,190.88381958007812,193.39958676254824,185.5902338285515,187.63429209933483,10197766
2019-06-10,187.992431640625,194.70988558674907,183.28411129303498,191.12840262224077,6951022
2019-06-11,193.88876342773438,194.97193468672393,186.76074962326555,188.68252361676608,6925795
2019-06-12,186.62100219726562,194.4478245064408,184.87393363049884,194.4478245064408,7217686
2019-06-13,189.3551483154297,191.36426835246235,181.17017328415992,185.36311885362545,9565700
2019-06-14,189.5473175048828,193.2685537565117,186.10560180971254,188.68251786617864,7851963
2019-06-17,177.84201049804688,184.3148683217608,174.70603963045008,178.89898480045863,164823582
2019-06-18,183.6072998046875,186.51615757191706,178.56703799264486,178.56703799264486,29222856
2019-06-19,186.913818359375,189.14747353952683,183.0972843922453,185.68267970271265,15773245
2019-06-20,192.51551818847656,195.0129818602011,184.13495616281745,186.95778736735534,9441885
2019-06-21,193.18382263183594,195.13606883312042,191.45142602286873,193.67628076085583,12582174
2019-06-24,195.9627227783203,196.78934860905412,190.08842414192208,194.7315840772989,16615737
2019-06-25,196.79811096191406,197.32574173272468,193.69387155446364,194.96019642167784,12611244
2019-06-26,193.39488220214844,198.20513203805456,191.1788273925219,197.51042436710026,10148954
2019-06-27,193.22779846191406,194.6084274827814,191.02053000265582,194.6084274827814,6149747
2019-06-28,190.02682495117188,193.9928625822408,188.98914974547367,193.9928625822408,9396727
2019-07-01,185.48919677734375,192.53308788531615,184.6713711078221,190.6512005780814,7406740
2019-07-02,187.79322814941406,189.57838412870254,186.01685844382675,186.01685844382675,8987214
2019-07-03,190.8270721435547,191.3371166100791,187.67007372293526,189.04191651071915,4672613
2019-07-04,186.93142700195312,191.79443662412638,186.0960011180163,190.8095201450964,5086959
2019-07-05,189.5080108642578,193.11350896192155,186.7819112797141,186.7819112797141,10641358
2019-07-08,181.60231018066406,189.3145366406327,179.39504152416794,188.36480668338405,5804482
2019-07-09,185.093505859375,186.2542993446848,181.15385355437596,181.15385355437596,7432608
2019-07-10,181.8925018310547,187.7228408180022,180.29202309969816,186.07838940999858,6904329
2019-07-11,183.5369110107422,185.9024697024112,181.89245998109513,184.47786823382975,7196036
2019-07-12,183.99423217773438,186.2366733472461,182.59600302026112,184.91758949626353,5778593
2019-07-15,186.08718872070312,186.95777334831686,182.03320541608815,185.68266213168252,4585909
2019-07-16,190.6775665283203,191.70644165217305,185.7266128219801,186.41253416174362,7271609
2019-07-17,190.6775665283203,194.33580908319743,189.28813753460292,190.73032547089133,8556620
2019-07-18,184.84725952148438,190.29945853345237,183.89751576504628,190.29945853345237,7643091
2019-07-19,186.71153259277344,188.36478387391992,182.91257190904136,186.14871544165143,13297269
2019-07-22,182.60479736328125,188.08338211264353,181.51434942216432,185.02311538598892,3542114
2019-07-23,172.50059509277344,183.7391564868555,171.68275590644367,183.70398386566723,18067890
2019-07-24,162.74822998046875,171.83231273044177,159.88144013197356,171.12880500529548,15662058
2019-07-25,173.4767608642578,178.51564655737207,167.96300333406148,169.5458956860822,53014832
2019-07-26,171.67401123046875,177.24932750182347,170.85617184599116,173.4064078453335,10405314
2019-07-29,170.15267944335938,174.11871743152813,169.2908810801568,172.50065237531408,7274703
2019-07-30,170.42529296875,172.78205224176403,169.56349458044934,170.16148444296957,7533752
2019-07-31,170.46922302246094,171.55967080157927,168.66648138456895,170.22300087519258,7845964
2019-08-01,170.1350860595703,173.18656660847685,169.42277830143956,170.42528092605778,6542499
2019-08-02,172.0873565673828,172.69413274505487,168.84241231771972,170.93534943986475,6750479
2019-08-05,170.69790649414062,172.6941117376887,166.41528736345262,170.53961587821289,8810194
2019-08-06,172.92269897460938,174.3912730091506,169.98555090552694,170.39006360378252,5850025
2019-08-07,175.4993438720703,177.28449942437936,172.97549424087043,172.97549424087043,7077737
2019-08-08,176.3259735107422,178.4980555805887,174.56719050506024,175.877488044627,5379035
2019-08-09,183.29071044921875,187.30950691409754,177.3548404594256,177.62746276106134,8043742
2019-08-13,173.68780517578125,184.4690977198618,172.36872136982535,182.72791480808806,5510271
2019-08-14,183.1851806640625,185.36606269834598,175.00688336418855,175.70160476088006,11219639
2019-08-16,181.53192138671875,186.99290520334003,179.34223957191375,182.9125501999127,5665733
2019-08-19,182.94776916503906,186.3598038453643,181.03950918062168,182.91259653125562,5419683
2019-08-20,181.0043182373047,185.04950153907697,179.5093711662905,183.89750829623395,4748099
2019-08-21,177.96160888671875,182.46407700445087,176.4490757433173,181.1537933533921,3430214
2019-08-22,173.51193237304688,177.4955564723762,172.59737510766865,177.4955564723762,3896631
2019-08-23,177.6977996826172,178.515625234404,168.08610123793528,172.7820187861643,10089894
2019-08-26,179.33346557617188,187.20398130914455,178.16387243216954,182.04197822221926,11003444
2019-08-27,179.32470703125,181.7694117668311,177.3724605063272,181.15383556061124,7235462
2019-08-28,174.4088897705078,181.59348439776338,172.37751211164962,180.8723904308099,5610445
2019-08-29,170.0999298095703,173.6526551271366,168.84240482876623,172.3599575115382,5780358
2019-08-30,169.9240264892578,172.53580767695658,165.76452566654964,171.1287923308727,9502571
2019-09-03,169.3436279296875,171.6212416615814,164.5861509555657,167.083614284557,7140142
2019-09-04,173.16018676757812,173.65264494057357,166.38010405939792,169.19414879485956,6339334
2019-09-05,172.36874389648438,175.81595131190844,171.1464053212677,173.56470988138196,5086975
2019-09-06,174.98049926757812,175.54331642665622,171.93781892330998,172.72927194602255,3284543
2019-09-09,177.49559020996094,178.24307073410947,173.2833294365355,173.2833294365355,5141257
2019-09-11,181.90127563476562,182.41132004985243,177.49553907972452,178.48045528228906,5666852
2019-09-12,182.54324340820312,186.4213496405339,181.58471346174434,182.6839477049614,5902152
2019-09-13,185.0758819580078,185.93768029436555,182.5432458965933,182.90379980122722,4125491
2019-09-16,185.29571533203125,188.1888912730506,182.6575478348168,182.93015636455254,4621276
2019-09-17,179.75555419921875,187.27431567920985,178.26939372447282,184.35475366757416,3374403
2019-09-18,182.3673553466797,183.2907126054748,179.94025113342877,181.99801519747874,2772306
2019-09-19,182.16510009765625,183.79196509738495,180.57340772862293,182.71911723165962,5004330
2019-09-20,200.74658203125,204.51915687244417,178.357368964214,183.63370473260187,11252943
2019-09-23,205.30177307128906,210.99140692282606,200.64981436148136,201.55558526416988,7884154
2019-09-24,205.01156616210938,206.1811454739942,198.91740613812007,202.78671168529704,5953226
2019-09-25,196.05943298339844,204.32566226327498,193.55316957757248,202.34704340616,7060423
2019-09-26,193.86094665527344,199.1812403819836,192.88481672456965,196.45512762743112,7645657
2019-09-27,192.5858612060547,196.52551276513114,191.31953627217396,191.70646277015456,5833398
2019-09-30,188.36477661132812,194.16872841450274,185.67385024748165,192.58583622406917,5723515
2019-10-01,183.818359375,191.9087258195961,180.53824287542233,189.0683085374108,5988891
2019-10-03,181.54953002929688,186.24544786036174,177.6362513984907,184.67135564516605,4077079
2019-10-04,179.32470703125,183.58094020689396,178.1639136612402,182.68396914571778,3631106
2019-10-07,186.77310180664062,189.14744719964202,177.47796974853298,177.47796974853298,8758749
2019-10-09,197.60714721679688,200.500323253233,185.02311290434818,187.1336359544565,8480201
2019-10-10,190.2818603515625,196.27927613645042,188.84845853349404,196.27927613645042,4090924
2019-10-11,186.5532684326172,191.8032040956302,185.6474973625071,191.46903652913096,3797288
2019-10-14,183.7304229736328,188.76930866739315,182.3321938214628,187.83715130875106,3214928
2019-10-15,184.69772338867188,185.54193532527506,180.80204494619244,183.73040725309485,4158564
2019-10-16,182.8334197998047,186.88740255056217,181.06585065427512,185.8497274027503,4055470
2019-10-17,188.23289489746094,189.06832070997535,179.6764560962286,182.7367231841357,6022883
2019-10-18,192.80569458007812,194.59085024588197,186.09597108545034,186.79947880791286,5404154
2019-10-22,196.55186462402344,198.35462021022028,189.9652597228111,190.9237895944,6801276
2019-10-23,189.51675415039062,198.03801797555371,187.45019029801566,196.982756601756,4962297
2019-10-24,188.32957458496094,192.3659706815936,186.43010135973697,191.00291441313442,4476831
2019-10-25,197.8885040283203,199.32190547799647,187.37983592560587,189.06825955011297,6992747
2019-10-27,195.3822784423828,198.74153978385084,194.16872639849197,198.74153978385084,353460
2019-10-29,202.0128936767578,203.66614518709486,183.8887273729744,183.8887273729744,7662863
2019-10-30,203.1912384033203,209.2062535481365,198.74154291508597,202.9801888644456,9194870
2019-10-31,200.26290893554688,205.24903601632673,198.56569853217252,205.07315907652233,5135479
2019-11-01,201.221435546875,204.87967833695606,200.06942860645228,201.51163040705106,3906042
2019-11-04,200.350830078125,202.82190698095246,199.2691822089935,201.37971900316745,3056248
2019-11-05,200.35963439941406,202.64603438937158,198.3898018523359,200.32444799768453,2709536
2019-11-06,200.40359497070312,202.72518138172944,198.74155735250193,199.99908217750902,5050915
2019-11-07,203.58334350585938,208.7239315612147,201.03070638708115,203.59216850223842,8534909
2019-11-08,197.20620727539062,205.35873464739316,196.26111641324968,203.58337471962255,4506343
2019-11-11,197.84213256835938,202.53225856369488,196.4730685360053,196.9147056644506,4200525
2019-11-13,199.89132690429688,203.49503817988673,197.8421569339251,197.8421569339251,5654659
2019-11-14,200.8982391357422,201.6755166699576,196.3935898671918,200.95123061570553,4486181
2019-11-15,199.308349609375,202.7442332674413,198.4250753744055,200.67739977546913,2426784
2019-11-18,198.9727325439453,200.83641151996684,198.37210710050263,199.6175106384743,3133894
2019-11-19,198.9285430908203,199.61748758916917,197.47998496243304,198.84021013427895,3009047
2019-11-20,198.99923706054688,201.11023744408206,198.0276573434861,199.61752637963713,2028043
2019-11-21,199.41436767578125,202.1789849804887,197.85982632683644,200.23581175237896,3518950
2019-11-22,201.5960235595703,202.59410584818636,197.93930711324808,199.42319305032697,2384474
2019-11-25,202.4969482421875,204.03382566221063,200.4036118657426,202.25846583229244,4926325
2019-11-26,197.03836059570312,203.8571502423795,195.22767331936362,203.82182259286978,8024647
2019-11-27,200.76573181152344,202.8237264655073,197.49764758813959,197.49764758813959,4949935
2019-11-28,202.2054901123047,204.74045002028495,199.4055451174706,201.01307796989025,6922362
2019-11-29,199.12283325195312,202.97386471423704,197.0560000241267,201.55180942312566,2544555
2019-12-02,193.85861206054688,199.6704807844689,192.78986073796838,199.61748930945694,3904811
2019-12-03,192.6132354736328,194.8213937262527,189.98111769732307,193.4346795282444,4261966
2019-12-04,192.3924102783203,195.90780230084493,190.02526382749448,192.02144224975348,2325399
2019-12-05,195.87246704101562,198.5310872801699,192.074426271695,192.39240280734293,5689924
2019-12-06,189.55715942382812,195.87249695514407,188.84171210935537,195.76650014964545,2565148
2019-12-09,193.1520233154297,195.20119321105457,187.60512523643607,189.23033562441364,3430871
2019-12-10,189.5394744873047,192.5513990390213,188.76219694220805,191.31483432991158,2276700
2019-12-11,190.41390991210938,191.86245437568195,187.9142640062189,189.0183430969343,3173849
2019-12-12,194.35325622558594,196.08444953747522,191.13817700395563,191.57097533192794,4246899
2019-12-13,195.23648071289062,197.7979425556391,194.23839862667526,195.50146572488725,4505517
2019-12-16,194.50338745117188,196.71154536643004,193.84094560950743,194.8478666147895,2925115
2019-12-17,193.05484008789062,195.90777597461675,188.6650131482862,191.48262138604554,8021666
2019-12-18,196.72039794921875,199.03453897486477,190.97035920481966,194.31792396129077,4286141
2019-12-19,199.997314453125,200.84524729242415,196.64973574634269,196.72040488511658,5028238
2019-12-20,208.82110595703125,210.12833977124015,198.02763657344357,199.98847346247308,10163215
2019-12-23,205.38522338867188,209.13025918020216,204.519626667899,208.43248957140372,3996030
2019-12-24,203.857177734375,205.5177158080956,202.70893214448014,204.74043825264627,2931863
2019-12-26,204.23699951171875,206.2596669378674,202.77961609208333,203.1329203251898,2699586
2019-12-27,205.7384796142578,206.63057878468067,203.67164626319024,205.5000110792299,2672291
2019-12-30,205.4116973876953,207.7435159762702,204.4312790072447,206.50693754859034,2195656
2019-12-31,206.87791442871094,207.99965721683665,203.87481522228407,204.8905612289975,3703482
2020-01-01,201.81680297851562,207.9996533574809,201.40166852142065,207.51384976999483,2196560
2020-01-02,204.99658203125,205.59720747582776,202.26730637097347,202.26730637097347,3168384
2020-01-03,204.89939880371094,206.1536271867149,203.3271939106986,204.89939880371094,2353761
2020-01-06,197.3386993408203,203.50388722101158,196.4731025914393,203.36256276212146,5609275
2020-01-07,198.6017303466797,203.32719777635435,196.59672712854416,198.1247794048819,2259925
2020-01-08,199.6704864501953,200.31527832640904,193.65546281962486,194.31791852134378,2488271
2020-01-09,202.6383056640625,203.88370939652904,198.22198861213897,201.22507480149227,4429857
2020-01-10,199.76763916015625,203.93664767697095,198.9815367005462,203.1152175672783,3238158
2020-01-13,206.34793090820312,207.01921149308185,198.76952859453743,200.6773735817736,4603870
2020-01-14,200.04144287109375,214.35031644610842,196.3670769007556,205.64133169743815,11214451
2020-01-15,194.11476135253906,199.26418830755455,190.8025243822075,199.15819152356556,9560897
2020-01-16,194.16775512695312,196.5260763984333,193.11668143253596,194.8478746537248,3540302
2020-01-17,192.15391540527344,196.4289208668195,191.60629531136738,194.2295878299146,4240326
2020-01-20,189.6189727783203,196.7557399588901,188.5502213175068,193.96463393072898,6226911
2020-01-21,192.4453887939453,194.98918699141257,187.75526302865916,189.19498229145086,5697452
2020-01-22,189.9104461669922,193.6466568549123,189.30983454393706,193.6466568549123,2393511
2020-01-23,191.50030517578125,192.36590176460058,189.98991672739766,191.09399570280388,2333040
2020-01-24,191.47381591796875,194.84788338405733,190.97036228814005,191.314827649121,2219067
2020-01-27,190.79371643066406,193.61133908446016,189.25683889165813,190.2549350915902,2957203
2020-01-28,190.75836181640625,194.30025625266475,186.68652494617942,190.78486447101795,5549276
2020-01-29,195.59864807128906,198.02762462721876,191.6327942179696,192.0214260405878,6731533
2020-01-30,184.36354064941406,195.7929623275704,181.9610529357,195.55447993872065,9032875
2020-01-31,180.2828826904297,186.35972328949947,179.59392427814882,180.78633633907623,10177347
2020-02-03,174.5240020751953,177.53592658713862,170.56697292664313,174.88613127032485,6463098
2020-02-04,185.39697265625,196.95889515355356,182.12890178726647,186.3685661529667,31528888
2020-02-05,200.1386260986328,201.38401570571563,186.3685467959199,186.54519888313104,23348512
2020-02-06,215.29541015625,218.07769078400287,199.68814152050962,200.05912333670264,31541240
2020-02-07,216.06385803222656,217.1061067296791,210.83493688719335,216.62914194467123,7724083
2020-02-10,213.2020721435547,216.73512753650473,211.7270252171336,214.2796484363301,4832770
2020-02-11,215.30426025390625,222.9003282264312,212.90178615847603,214.5269965460057,11631840
2020-02-12,215.2777557373047,220.12687005780876,214.67713034108735,215.16292012311382,8940845
2020-02-13,223.00634765625,226.46873470424836,214.288535887785,218.16605748820007,12410234
2020-02-14,227.24598693847656,228.85351965053667,222.41453614056542,224.39303687600216,8635663
2020-02-17,225.97406005859375,229.64843996702973,224.44602162243245,227.70525323058047,5306659
2020-02-18,225.05548095703125,226.42453119048858,219.9943730108839,225.58543722471956,5270296
2020-02-19,228.0674285888672,230.3639198156075,223.56277910516178,224.3577205040003,6498152
2020-02-20,236.94419860839844,240.1416139876314,225.58544534708412,226.2920537294438,17032706
2020-02-24,235.92848205566406,241.48419152344357,232.16576865421987,236.71457079270223,11650874
2020-02-25,233.69381713867188,238.1719638904481,231.41498977736123,236.7057417419481,9680263
2020-02-26,225.57662963867188,232.82823279499982,224.00442444354712,232.28061262577012,9315406
2020-02-27,222.19374084472656,225.57663372458373,219.2348075125055,225.57663372458373,11647620
2020-02-28,211.32957458496094,222.92682402748918,206.13598086757546,214.63297290652295,68263144
2020-03-02,226.75135803222656,239.9207989243076,216.39951188154777,216.39951188154777,13413992
2020-03-03,222.07005310058594,230.48755103270958,220.99247670231102,227.1311612214698,8501584
2020-03-04,205.86216735839844,224.33119819245107,199.03453842103178,224.33119819245107,26657015
2020-03-05,207.50503540039062,211.80652961624597,199.1493681892909,207.92016987874499,18451432
2020-03-06,195.2541961669922,199.4408691705616,176.41419531549965,198.9109128387136,17605691
2020-03-09,174.47096252441406,186.94264529390125,172.5984451098989,184.9553061124319,18188971
2020-03-11,174.55931091308594,179.38192237770795,168.04965894448665,169.6042000143063,14345210
2020-03-12,148.63552856445312,169.23322054868333,146.72766963192737,169.23322054868333,15827157
2020-03-13,145.91510009765625,155.18053079404433,126.63345001422286,134.7859766669061,14103988
2020-03-16,134.90077209472656,150.71117984839333,132.28631884511825,139.20226565487357,15813430
2020-03-17,137.24143981933594,146.50688419002793,134.78597436874887,135.13927855110265,17656438
2020-03-18,121.41334533691406,141.23377308338675,119.61149707141361,141.23377308338675,17477319
2020-03-19,109.99278259277344,129.16842992907885,103.51846434356766,116.59076146377735,18719938
2020-03-20,102.6175308227539,117.42985290595547,100.65668698956925,112.52774678106485,21766088
2020-03-23,79.8558349609375,97.15896373255907,77.72717098604726,92.3628406670803,11334920
2020-03-24,85.65888214111328,91.60324451670506,77.91266403305826,79.14039693058474,18324009
2020-03-25,100.16206359863281,102.4585479238212,80.09432322368556,81.26022575581891,13457734
2020-03-26,115.071533203125,120.19445737109663,98.21886800715488,104.0484074134318,19072393
2020-03-27,128.10848999023438,143.83940413058417,120.15911938514319,120.371099097101,20152971
2020-03-30,107.65213012695312,122.92376020870056,102.49387773572263,121.8903364316334,18705667
2020-03-31,116.70556640625,118.4102707116978,106.87484578674545,113.58764548069205,19371894
2020-04-01,109.81613159179688,118.16296774967404,107.23699841279084,113.95863797304679,14566228
2020-04-03,91.97421264648438,112.12144652545214,90.97612342431718,112.12144652545214,26790698
2020-04-07,95.0832748413086,99.70274501478121,88.34397988777044,94.61514894388633,34760386
2020-04-08,105.18782806396484,107.58147029930224,90.65814754527125,92.74265205647188,26753505
2020-04-09,119.40835571289062,120.24744964295391,107.41363648454177,110.5845558751763,17482271
2020-04-13,113.95862579345703,123.10040236198802,109.55997363876185,115.87530300043383,15848592
2020-04-15,117.0765380859375,124.89342388560506,113.15485077536334,115.00087265147994,16997200
2020-04-16,120.34459686279297,123.63916965032797,113.569974226223,115.00086149338628,22650772
2020-04-17,141.68426513671875,144.41355459548654,124.54013117397378,128.07317316085994,22884553
2020-04-20,121.01588439941406,145.38511506072797,120.47710317519356,143.088638071979,38988900
2020-04-21,103.97775268554688,119.18754494516283,102.15823335849232,115.17753136229025,37973339
2020-04-22,107.06031799316406,110.03691416264206,99.9853830106154,105.8149216753779,47074891
2020-04-23,113.69365692138672,116.59075966557542,108.28808328719884,108.28808328719884,25187388
2020-04-24,118.03929138183594,123.48019208240265,102.32604656812842,107.75811535624786,66007078
2020-04-27,113.41983032226562,121.16605400260198,112.52773798305454,118.53392271594302,30305312
2020-04-28,122.82659149169922,124.01016460900196,115.05386518335223,116.4140973015155,24649950
2020-04-29,123.15341186523438,126.5539823071493,120.4682887005133,124.18683571006993,24473248
2020-04-30,137.96572875976562,141.2426382610626,125.42338852412477,126.32431282495033,34771661
2020-05-04,132.0301971435547,134.9449635846479,121.92565872666253,130.72296336026696,29957456
2020-05-05,130.65232849121094,139.12281908769964,128.26751795437946,135.78407880322132,26163924
2020-05-06,138.00985717773438,140.43883343051874,127.49903862748562,129.65419104056363,25532074
2020-05-07,133.47872924804688,142.55868192661632,131.6327143605584,136.1991795202837,20184197
2020-05-08,131.500244140625,139.37894702399026,129.5482322462373,136.81748470395968,15570361
2020-05-11,130.04287719726562,135.65159234910652,128.25867834650688,134.22071156859408,13766164
2020-05-12,118.37492370605469,125.30854854752721,113.76429224906,125.24671824844054,38395737
2020-05-13,118.64873504638672,127.71102364825694,117.22669348064446,124.20447104312211,30865033
2020-05-14,114.50625610351562,127.18991435191232,113.43750466377273,122.78243680702967,51965854
2020-05-15,113.29617309570312,116.57308231671314,110.62871424162682,113.36683531085248,32669666
2020-05-18,101.7784194946289,113.83496206671191,101.32795737950414,113.58764776997994,36118323
2020-05-19,103.7127685546875,109.70128938585191,101.84908285390236,103.87175681266764,46902063
2020-05-20,102.24655151367188,106.33605891449581,100.6920035303494,103.69510271630466,31786880
2020-05-21,101.58412170410156,105.2584953282887,100.72735688326362,102.63520246554496,23458867
2020-05-22,95.59557342529297,103.10331434047531,93.22842730102293,101.22196488460993,44794085
2020-05-26,95.03912353515625,98.71349648890414,93.97920413695245,97.17661924022872,21553675
2020-05-27,98.04222869873047,100.05607097861386,94.80948552109776,95.92239653994326,35686663
2020-05-28,100.25038146972656,102.97083201621379,98.83715780183563,99.80875123480496,35909718
2020-05-29,101.09832000732422,101.98158744328404,96.62900517830572,99.98540898589712,52742343
2020-06-01,102.44969940185547,106.75119345091761,101.6635969553493,103.34179862912522,47660217
2020-06-02,103.51847076416016,104.80803396263427,99.4642902245358,102.44971925008343,43884702
2020-06-03,108.96819305419922,113.23435292043533,105.58529366597448,106.16824834791873,64900364
2020-06-04,108.28807067871094,112.51890251203004,107.0956656824941,108.94168060723828,43446986
2020-06-05,108.62371826171875,110.61988966227345,106.0622560186371,110.1252610395801,34226016
2020-06-08,111.6003189086914,115.70749055462828,110.40791379108767,110.40791379108767,42807428
2020-06-09,109.45398712158203,114.99204609157536,108.28807778595974,112.51007798400836,33829097
2020-06-10,112.17444610595703,113.35801935694309,108.12909769346106,109.98395170865666,29463487
2020-06-11,112.68673706054688,119.41719460608343,108.6855551866935,108.6855551866935,78834902
2020-06-12,120.90109252929688,122.54396692558967,107.05152346066096,108.64139945457104,62866209
2020-06-15,118.85191345214844,124.99059835749718,117.29737214900413,121.89034074877415,58269452
2020-06-16,115.78697204589844,123.48019011779338,112.78387979665843,123.30353803937581,49514874
2020-06-17,114.47975158691406,117.5711700456109,113.23434814095724,114.64757176226694,32228040
2020-06-18,117.75666046142578,118.49859646202414,113.23434765894194,114.46208727408624,20756310
2020-06-19,116.38760375976562,122.27014215634973,115.80464906809517,117.8626508574973,35029627
2020-06-22,118.75473022460938,121.35151978661897,117.56233221783664,118.95788494510346,22841765
2020-06-23,120.82160186767578,121.18374494813811,118.36613594909237,120.6537885736011,17707425
2020-06-24,120.5212631225586,126.94259621573765,119.77050212803566,121.89032716917036,47148729
2020-06-25,121.96984100341797,122.71177712121441,118.00398649106818,119.33770926995723,20789342
2020-06-26,124.52244567871094,129.6630333241555,123.32119501346236,124.01015329652971,46059822
2020-06-29,121.99633026123047,123.96600597174748,120.86574854813884,123.62152677699818,19406481
2020-06-30,121.81968688964844,125.14958812671033,120.92758751696711,124.39881320732209,14633073
2020-07-01,123.89532470703125,125.42337694438808,121.0158861432031,122.3584474734996,19160826
2020-07-02,123.29473114013672,126.04167067110559,122.11115789133198,124.94643039061616,13257540
2020-07-03,122.95022583007812,125.0700644645354,121.7225001900113,124.48710296134003,14183569
2020-07-06,123.23287963867188,125.94449104896226,122.06697041755336,124.62843240626749,13310118
2020-07-07,127.87002563476562,128.71795843429035,122.74710118602947,123.65685045969124,48060904
2020-07-08,133.8850555419922,138.55751806789334,128.95644678183396,128.95644678183396,69896387
2020-07-09,130.79161071777344,139.42161282042053,129.44997621057914,135.61426342675563,30924865
2020-07-10,126.71231079101562,132.1332514389927,125.75140979476993,130.35649476012242,25107850
2020-07-13,124.94461822509766,129.24149240967603,123.64829817089962,127.99956089174258,19801490
2020-07-14,122.3701400756836,126.52196941716348,119.20640614217385,124.01092565808717,22900460
2020-07-15,118.67154693603516,124.73611737770051,117.9644683388464,123.64829138299586,20145055
2020-07-16,122.19788360595703,123.21317314505868,116.84945173868651,120.0041250905224,18430920
2020-07-17,124.78141784667969,126.16838061783625,122.64204817478449,123.10437832002371,15845655
2020-07-20,125.24376678466797,128.18085834910568,123.51232463879103,126.06869645613176,15304000
2020-07-21,123.18597412109375,127.61881937071469,122.75085202574869,127.45565377206606,11892635
2020-07-22,126.02338409423828,127.62790141877659,122.70554469615895,124.53670400040863,22858225
2020-07-23,127.48287963867188,129.3593536496774,125.63358606856319,126.47665003407064,20176900
2020-07-24,128.1536865234375,128.90609366883416,124.1922307428614,126.67608033734123,15248350
2020-07-27,123.77521514892578,129.25961873911575,123.17692738978127,129.0873791447092,14390240
2020-07-28,126.05963897705078,126.65794060821528,121.59959867909474,124.62734742014987,17310970
2020-07-29,131.36273193359375,132.26924444904364,125.38881777652685,126.00523964753683,28290470
2020-07-30,123.93838500976562,133.58367705982326,123.28569493002408,132.35081955723172,25095445
2020-07-31,125.33442687988281,125.9961910359846,121.87155594665232,124.19222598547822,18297860
2020-08-03,121.65396881103516,127.72759949889458,121.20071258310112,125.53384101556779,15999280
2020-08-04,118.69876098632812,122.86871060933831,117.12142409693558,122.01660039214462,21306715
2020-08-05,116.45059967041016,121.382015959576,115.32651921169436,119.36955714042186,24257215
2020-08-06,119.79561614990234,120.74745700010423,116.58656812519351,116.75880770589357,21276985
2020-08-07,122.69647216796875,123.28569975890325,119.47835003280548,120.20356279784387,14479860
2020-08-10,122.2613296508789,124.48229621821848,121.49080236809041,122.92309369832827,13149795
2020-08-11,122.44265747070312,123.6483069967127,120.65682663037141,123.28570750754524,10408940
2020-08-12,120.53898620605469,121.8352926348608,117.8466425729965,121.47269311370408,20110705
2020-08-13,127.32875061035156,127.9089180514747,120.45738426663144,121.18258319382319,27781705
2020-08-14,124.43696594238281,132.4595927002999,122.68738974840264,128.3621664494939,60667095
2020-08-17,123.10438537597656,128.52532559723036,122.47888961347009,126.54913522576256,21394200
2020-08-18,125.33442687988281,125.82395142911659,122.0347215748739,124.10156919272099,22155020
2020-08-19,124.90835571289062,128.3440459556569,124.3553825150137,126.54915501512339,19863345
2020-08-20,124.69985961914062,126.277196378264,122.93216297753537,124.44603722097594,14624945
2020-08-21,124.46417236328125,126.73045367422125,124.01997624671499,126.36784036510082,9103730
2020-08-24,124.06529998779297,125.28002340516501,123.38541562000198,125.09872367354399,11317105
2020-08-25,125.99617004394531,128.14460011795637,124.73611829534863,124.8448953627065,21874405
2020-08-26,131.6890869140625,132.53213697745136,125.6698439112694,126.91176172467273,42148055
2020-08-27,130.61033630371094,135.61428969947394,130.01203467146314,133.25735142034986,34442525
2020-08-28,140.10153198242188,142.0867968871628,131.4443334604652,132.11515779705854,67783000
2020-08-31,127.35596466064453,143.75477485523655,126.54916897138409,141.45222502367187,47226170
2020-09-01,128.053955078125,130.5378043913038,122.81431375844562,128.54347959067115,33124360
2020-09-02,125.53387451171875,129.29591050676302,123.76617751755867,128.72480308084744,18654170
2020-09-03,126.49476623535156,129.1508554325984,125.64265598273336,126.90270798445819,18043260
2020-09-04,124.63642883300781,126.55823121858414,121.30045509879496,124.91744554045131,19787000
2020-09-07,124.65455627441406,125.76957685356015,122.46987118210652,125.64266562897679,13560900
2020-09-08,120.14009857177734,125.09872297301499,119.2970485999332,125.06246855980694,17598430
2020-09-09,115.82510375976562,118.93444203698918,114.23870682069527,118.93444203698918,28371765
2020-09-10,114.13899230957031,118.47212095734675,112.52539424838818,116.94011261764028,29577885
2020-09-11,116.69536590576172,117.39338449743488,113.66761706936003,114.76449651156113,18580305
2020-09-14,115.38996887207031,117.93727352161228,114.48345643556993,117.84661674504942,18452905
2020-09-15,118.27268981933594,118.7531403492809,115.17241865482414,115.87043025346948,15997600
2020-09-16,119.36051177978516,120.70214654797506,117.04890189499356,118.63529893698797,19950565
2020-09-17,118.63530731201172,119.84097080891506,117.23928390270996,118.63530731201172,13616760
2020-09-18,117.2302017211914,119.9587993335577,114.94578637579006,118.92537564935185,14308610
2020-09-21,115.5712890625,118.36335643745734,114.40188698235715,117.73786053232129,16103830
2020-09-22,116.15147399902344,117.30273514223083,111.14752013736828,115.58036658486093,20122560
2020-09-23,111.15657806396484,117.93729538935965,110.04156451722326,116.97638040938098,17343095
2020-09-24,102.22742462158203,108.78151387569534,100.72261727602896,108.78151387569534,44394795
2020-09-25,107.02285766601562,107.65742053089112,103.54185317671667,103.70502569441138,21093985
2020-09-28,111.52824401855469,113.6041587015078,108.23760577192562,108.60021219498219,18254035
2020-09-29,110.50386810302734,113.52255619585388,109.5429602111836,112.77921626979045,14131620
2020-09-30,112.28971862792969,114.85514403825454,109.57924096522841,111.5010501734768,21418750
2020-10-01,119.4239730834961,120.50271144193616,113.34126754399668,113.67667969069592,31031565
2020-10-05,118.77127838134766,122.5604942074653,117.52028663383332,120.02225629657819,14426150
2020-10-06,118.66246795654297,120.55708939033715,117.13047361540599,120.02223656031825,12240375
2020-10-07,114.90953063964844,118.48118531731521,113.5497618399112,118.40866265478853,17276795
2020-10-08,115.86137390136719,118.42680623492984,114.77356154117174,116.03361350958602,16935265
2020-10-09,116.23304748535156,117.84663881796867,114.28404399859515,114.85514445074791,17527430
2020-10-12,119.95879364013672,120.89250035294258,116.34180400094249,116.94010553505561,30896760
2020-10-13,118.16390991210938,121.07380729113422,117.52027995088199,120.19448905952035,14237305
2020-10-14,120.6024398803711,121.83529766843812,116.00642782293005,117.6653476737156,16828665
2020-10-15,114.61038208007812,122.19789462046842,113.9214306049156,121.47268181333504,15350725
2020-10-16,117.32086181640625,117.67440118550512,113.58603424210168,115.48970936405159,13772355
2020-10-19,119.2517318725586,120.54803821384309,116.7950767108877,117.33898978818495,12763000
2020-10-20,119.41488647460938,119.97693362454976,117.30271071232883,118.57183649812312,8548565
2020-10-21,120.7384262084961,123.829637770786,117.3752580754199,120.1854529197354,31740925
2020-10-22,126.92989349365234,127.58258364841991,118.97977440869471,120.51178285996068,28175610
2020-10-23,128.7338104248047,130.1570414159995,126.78481445698087,127.69132678290457,21913570
2020-10-26,125.09872436523438,128.36217488158846,124.4550944072957,128.18086131668204,10113485
2020-10-27,133.64715576171875,135.75933193420803,123.86589017791749,125.09874795745631,40165905
2020-10-28,129.1236572265625,132.35083987612998,128.18087637451617,132.16954012220864,17774320
2020-10-29,126.74858093261719,127.94517020719483,123.69362448498411,126.91174653867124,14687575
2020-10-30,125.72421264648438,132.35081637655642,121.4726670853326,128.1808536153411,42892115
2020-11-02,136.71115112304688,138.85052122658993,125.80580659847357,125.80580659847357,58773715
2020-11-03,138.30662536621094,140.11057647465682,135.9768814905107,136.70209429158348,16268300
2020-11-04,143.0386199951172,143.77290683526357,136.3394922973092,137.97121777715978,22749125
2020-11-05,147.8340606689453,149.55642889196315,141.325293703745,143.8091429419201,26335845
2020-11-06,153.45443725585938,156.2827518730709,145.58591527421876,147.94283951113397,34200000
2020-11-09,152.52320861816406,156.80510872138544,150.8250566651625,154.85132218888168,24006055
2020-11-10,156.62246704101562,159.37968366131807,151.73799522690382,153.37224500447786,23825835
2020-11-11,161.2604522705078,162.60254056318527,154.67782807637374,156.62248946597526,31631290
2020-11-12,157.2433319091797,160.25618383997661,153.05273598788253,160.137491385439,20465145
2020-11-13,159.96400451660156,160.68525607044353,154.74173257982923,155.9377399272968,18289185
2020-11-14,159.279296875,161.479579137899,157.4168005196773,161.0504752683413,1279465
2020-11-17,157.21592712402344,160.63961897746924,156.4855367424141,159.4618751095405,15728460
2020-11-18,168.95689392089844,169.9976955986664,154.98822955956453,156.48552344566997,35810375
2020-11-19,166.4918670654297,182.30475260436583,164.58373265387732,167.4778920746672,63358800
2020-11-20,170.5272674560547,173.4670790684345,165.1224001378577,167.64223269230905,43910455
2020-11-23,177.96807861328125,178.86281353766415,171.80543265947108,172.09759441380982,33172945
2020-11-24,187.92872619628906,189.80947203792084,177.84938344274175,179.43796755738248,39408005
2020-11-25,194.46571350097656,198.59240765999806,188.62261782265858,188.95129282525392,43692190
2020-11-26,192.03713989257812,193.55269737585675,186.68705062485307,193.43400494311905,25519515
2020-11-27,195.41519165039062,199.37755487470784,192.4753944461465,193.55270944388897,67609335
2020-12-01,186.89706420898438,197.20465314412962,186.01146812436335,197.18638955333307,19857690
2020-12-02,188.16612243652344,190.81377207471402,186.24884929780697,188.75043199472597,18406465
2020-12-03,188.7412872314453,193.3518618757156,187.76440103239176,189.9007814805993,16262005
2020-12-04,183.16293334960938,190.86852422923647,180.0861802539004,190.08335705593237,25299565
2020-12-07,194.17352294921875,198.4828105969087,184.4319806994773,184.6054499710935,34630940
2020-12-08,194.78524780273438,197.25942798562394,190.95070177453246,196.29166664878667,20765030
2020-12-09,193.97268676757812,196.88509552693455,191.54414473215476,195.74386493860072,12326970
2020-12-10,191.6811065673828,193.91791596462966,187.16183575844758,192.09194683527895,13328860
2020-12-11,190.4942169189453,196.30993785751974,188.98779801443402,193.55272067178748,17879175
2020-12-14,195.37869262695312,196.0725558659684,191.06940446013726,193.5527235369816,14980145
2020-12-15,199.46884155273438,201.16699321096164,192.38408713583817,195.74386327239597,18580105
2020-12-16,195.93557739257812,202.3173431927984,194.46567199071205,201.37697040047172,17984290
2020-12-17,192.9136505126953,196.4925485053711,191.9915271424819,195.74389443969446,10168720
2020-12-18,187.673095703125,193.86312963427133,185.52759043973774,192.98667229644857,17274385
2020-12-21,176.54379272460938,188.25738449744563,172.4445015972934,188.0930539888483,18966675
2020-12-22,171.2667694091797,178.2419708554036,167.64221960964974,176.91814603624158,22851915
2020-12-23,175.59432983398438,177.10074885194828,169.2673393102491,171.23938939019564,22133360
2020-12-24,181.97607421875,188.00176346051984,177.13725366253036,177.9132821160795,33020905
2020-12-28,185.52760314941406,188.03831075142347,182.26824150281578,183.48251266933048,21567085
2020-12-29,188.9695281982422,191.65370486131235,186.6140265129161,187.65482828726596,20672180
2020-12-30,189.72732543945312,192.6397485108344,188.5130542628971,190.44859106701313,20204065
2020-12-31,191.08767700195312,191.909357558511,188.64087106264694,190.44859057673708,11010990
2021-01-01,195.53392028808594,196.63863784124536,191.0876895125861,191.34332409940907,12981435
2021-01-04,196.61122131347656,198.66543647677997,194.21006757577192,197.93504607695334,11008350
2021-01-05,203.44033813476562,204.39897464751897,193.34273177744961,195.36955848520086,15930660
2021-01-06,218.60504150390625,220.66838174750805,203.86947016882604,204.13422958122385,44538525
2021-01-07,238.6175994873047,240.46184588491593,218.75107705052775,219.11626525353552,45813230
2021-01-08,236.59085083007812,239.81368546546244,230.98511181770004,238.50809626696434,31324270
2021-01-11,228.54742431640625,240.04191040072612,226.6027627649047,238.19766377603432,15045560
2021-01-12,230.546875,239.18371544218493,224.6307247640302,227.33316530860102,24395200
2021-01-13,222.19305419921875,233.8701348535611,215.01699479723376,232.62847525957002,26536710
2021-01-14,222.48519897460938,227.1505504094833,216.23124946642466,222.74995835464208,21198275
2021-01-15,219.94712829589844,228.71177229518213,217.50946103058016,222.58565329223526,17385480
2021-01-18,214.33221435546875,221.44437068682575,212.5701611369934,220.94222647680755,14423695
2021-01-19,224.29290771484375,227.05924972504545,214.5513644557478,216.01214527552142,21867515
2021-01-20,227.82615661621094,230.43729296512188,222.86865723710775,224.53942062168377,17042230
2021-01-21,220.29403686523438,233.0575709581981,218.0572274945459,229.2869402929264,16461875
2021-01-22,210.1051483154297,223.54428260499802,208.52567494317262,221.30745921295474,18964880
2021-01-25,219.30801391601562,230.94856634628945,216.9251238024592,216.9251238024592,36180365
2021-01-27,210.17819213867188,215.4643668742775,206.69970909002666,215.4278536197189,19598860
2021-01-28,202.8834228515625,210.50684922995666,200.3909789917356,201.58698649400688,24702255
2021-01-29,235.79652404785156,240.8453278021199,213.2914590931925,217.10774198857737,90681265
2021-02-01,243.21908569335938,245.55632398106124,231.21334408054625,234.1987936164109,30395260
2021-02-02,249.54600524902344,261.1135294603001,245.9032065336046,248.33174829790775,30730610
2021-02-03,267.55926513671875,269.54045398165937,247.78401532107677,250.34038892300273,28518195
2021-02-04,259.40625,265.6236712467021,254.72263578727038,264.8019908972219,21005115
2021-02-05,252.79632568359375,268.60008728171596,250.5321137877812,260.921883257399,16549455
2021-02-08,259.1962585449219,270.060767037306,257.0690172100335,258.3745781796624,18317310
2021-02-09,258.0277099609375,263.624310163643,253.80972545625195,261.11360244779877,11093915
2021-02-10,260.7666320800781,265.86110126410995,253.95577541617845,255.83652128352318,19081675
2021-02-11,263.16778564453125,264.40032030842997,257.1512210525165,259.28760146763875,8878860
2021-02-12,262.6200256347656,266.8197605433646,259.28763727738425,260.2188715781021,11134020
2021-02-15,276.3330383300781,280.2771103013159,263.85252761902706,264.7655121436604,24556900
2021-02-16,269.8417053222656,277.3646889298215,266.84711717985317,275.3561396820767,11625195
2021-02-17,266.53668212890625,275.48391857953936,264.4276902817988,270.96466227662665,13152705
2021-02-18,262.7021484375,269.8782210226634,260.8122917169331,266.5914712837365,9516035
2021-02-19,256.4756164550781,264.0351269550794,252.17543942527482,261.6339732766046,10103260
2021-02-22,248.3591766357422,260.18233725623867,246.1406309499866,258.19200983728064,12281580
2021-02-23,251.51808166503906,254.7226660571053,243.98595981926445,250.1577437263328,10273085
2021-02-24,251.60940551757812,256.73126326472226,250.1669022066593,251.61854427882398,5331875
2021-02-25,252.03854370117188,256.5030520746025,250.44082054179444,254.1749244679755,10532480
2021-02-26,234.26271057128906,246.32322909912375,231.89808384716306,246.32322909912375,21843070
2021-03-01,243.51121520996094,245.738899511486,237.95114321657175,238.28894300734757,9162830
2021-03-02,246.6062469482422,251.2533628927311,243.027363063899,245.8667316811481,8570450
2021-03-03,248.72433471679688,251.782838045341,243.0912365418504,249.2447425144388,9383425
2021-03-04,244.56114196777344,250.49554093655337,243.03647352778705,245.94889617373886,8576470
2021-03-05,235.40394592285156,243.89471942018187,232.26327666985455,242.67129553754052,11926800
2021-03-08,231.14028930664062,244.13205512835833,229.17737816063158,238.6176208249849,19094895
2021-03-09,231.9437255859375,237.6863922230993,229.15911994777477,233.72404265589776,10348870
2021-03-10,240.18795776367188,242.8173576665874,235.54086985192495,235.76000508521903,15206235
2021-03-12,242.02305603027344,245.04503247469012,239.30235220938832,244.86245229324166,12544700
2021-03-15,233.1032257080078,245.01766313056459,226.082372177646,244.3055362846981,18506180
2021-03-16,241.56655883789062,243.1825313278995,233.82444046143166,235.3673864527714,12723425
2021-03-17,241.32009887695312,242.6621873685526,235.55002945306433,242.4795793016643,11266530
2021-03-18,242.07785034179688,249.73780416862164,237.9328926409223,244.31467365705907,14562505
2021-03-19,250.87899780273438,251.9015359002141,237.4855040363808,239.70404950095627,14402385
2021-03-22,252.2393341064453,253.80052966118097,245.96713560734875,249.95687305949178,9335185
2021-03-23,256.7860107421875,261.84392444426845,254.08355675770176,255.45303340827235,14529820
2021-03-24,255.96429443359375,260.5657436365623,250.6689960289763,258.0093984471758,10501700
2021-03-25,250.52297973632812,257.0234259176018,246.78887590079538,256.8956225562361,10425355
2021-03-26,260.9583740234375,268.69135464257346,251.98374773130737,251.98374773130737,18748345
2021-03-30,259.39715576171875,263.8525246497224,257.6624907568521,263.5695016792372,11173995
2021-03-31,259.7076110839844,263.54215783775487,258.28335722963095,259.85369197444123,8632980
2021-04-01,268.9104919433594,270.06083359339374,260.2919150885349,263.8525494568868,12254460
2021-04-05,260.37579345703125,271.0372438752473,254.94880264568258,268.58959092388613,10865445
2021-04-06,263.8685302734375,267.49873156040604,259.431611372463,262.5484519916202,9011680
2021-04-07,272.37567138671875,275.47418752287894,259.101592002439,264.015194697468,14184300
2021-04-08,273.95245361328125,276.84929060722567,270.1113966478976,273.1640882672128,11186950
2021-04-09,269.44219970703125,274.4291279002049,266.7653665374647,272.99904776097526,10218235
2021-04-12,238.5120086669922,259.5965514979885,237.05442841101905,258.5148294930854,24289800
2021-04-13,253.43621826171875,256.4247322313089,240.36381963327986,241.09718390721488,21252365
2021-04-15,253.13368225097656,254.53626153607556,240.3637902530167,252.0977850580246,17951785
2021-04-16,252.64791870117188,255.75558349117165,250.3744440996637,252.15288230083115,12006190
2021-04-19,246.16665649414062,248.1284494157848,236.01856614015267,238.71372338282788,14272335
2021-04-20,246.60670471191406,254.11463913940023,242.49061541586155,252.83120954669107,12498725
2021-04-22,243.15982055664062,244.2140422701576,236.73360861805563,241.66556346027443,19593930
2021-04-23,253.13368225097656,254.45376016354624,240.4554397940157,241.09715443731082,17606370
2021-04-26,245.5157928466797,252.9320493275462,243.22399438005635,252.8311956474659,13382655
2021-04-27,242.93063354492188,248.95348653234544,241.8489114003713,248.33927224372988,8343800
2021-04-28,257.56146240234375,259.3949011141578,242.93062931536284,243.48066652411796,17059815
2021-04-29,259.669921875,263.0067656309138,254.84796933029833,260.5316402683738,14470055
2021-04-30,246.60670471191406,264.93191730611284,244.90159201146,262.1817589949767,20775365
2021-05-03,238.1361846923828,244.6540740706294,233.8826212913469,244.5807208532007,14320405
2021-05-04,236.7335968017578,247.36754689335774,235.6976994565443,242.93062858130128,13762810
2021-05-05,235.9727325439453,240.18047102655888,233.23173663661652,240.18047102655888,12337230
2021-05-06,240.43716430664062,241.46388556356897,233.39676599394105,237.61368085008766,11816670
2021-05-07,237.9161834716797,242.56395751870755,236.97196361384664,241.09720089145713,6920815
2021-05-10,244.35153198242188,245.86414129342933,237.67781622171054,238.16367635902404,9092755
2021-05-11,246.13917541503906,247.2392499592724,240.62053432813855,242.7473022170344,7293410
2021-05-12,246.40501403808594,248.6143111373665,243.5998549272115,246.59751727775807,7632385
2021-05-14,243.2056427001953,251.5477947349263,242.7472830057162,246.78087069797687,9702620
2021-05-17,254.673828125,256.3147637735292,242.05975954271292,243.75569612014863,9550025
2021-05-18,265.88531494140625,268.59879665796547,257.5981633477416,257.5981633477416,15594255
2021-05-19,258.76239013671875,267.6454038815752,257.5981665018456,263.6485204917624,6901040
2021-05-20,259.6058044433594,261.92510372185694,255.94810249206824,259.4316254955779,6123645
2021-05-21,271.1197509765625,272.8156873893783,260.3574746323156,262.7317744198358,11258915
2021-05-24,267.5262756347656,271.89904614710775,265.3078298106811,270.6156442683734,6487950
2021-05-25,262.9700622558594,270.72552700675107,261.66833662888354,268.59873170019705,5680010
2021-05-26,262.6859436035156,266.90285861087887,261.90675446255057,263.6485157984454,6131915
2021-05-27,264.2810363769531,265.7936177500623,259.4315830512856,263.17178579075863,8648350
2021-05-28,266.77447509765625,277.655928004894,265.115215510638,265.3810439475938,17020950
2021-05-31,262.1450500488281,268.7821169780788,260.164932951929,268.7821169780788,7634365
2021-06-01,258.753173828125,263.1350905440801,254.545436000599,263.0984139422923,9322935
2021-06-02,262.19097900390625,263.36437896058146,254.84804613242716,256.68148531323595,6900620
2021-06-03,259.9266357421875,265.1152710876205,258.5148799827447,263.0984771455593,5219995
2021-06-04,260.93505859375,263.09850324066986,258.10237064724373,261.28338851278477,6313570
2021-06-07,272.71484375,277.6651508617351,258.8357266631633,260.8066677663623,23267725
2021-06-08,273.0173645019531,280.4427968585648,269.7996706196754,276.1158803921385,20367070
2021-06-09,263.4742736816406,272.9989718047451,261.09079812072395,272.2472833081282,16223270
2021-06-10,269.5154724121094,270.4138673915287,262.7592556920967,264.0151566485969,9991650
2021-06-11,270.4964294433594,273.9157752719638,267.6820938655191,269.882215069202,8790865
2021-06-14,270.7989196777344,272.0639969937027,261.64090133326596,269.51551804416414,8612805
2021-06-15,265.96783447265625,270.43225398601874,264.4735772032759,270.43225398601874,11778790
2021-06-16,263.9794616699219,269.5302371785585,262.5986714628755,268.1494469715121,9827690
2021-06-17,259.8462829589844,264.55937529893976,256.4587513511722,258.11568822022815,12356210
2021-06-18,254.0653839111328,262.1568219384796,247.43758005046527,262.1568219384796,14779290
2021-06-21,254.59927368164062,255.88803359292126,246.39740513997785,249.46274682711731,7416025
2021-06-22,252.53732299804688,258.10652708286756,250.56741022236866,255.9064545112432,7917570
2021-06-23,251.63516235351562,255.1700095623162,250.5949907918828,253.1264391879683,4924915
2021-06-24,251.10133361816406,253.32902113850025,249.16822145613307,252.40849421298574,4667625
2021-06-25,251.87452697753906,253.69718007121423,249.5824243401083,251.10128787204732,6516880
2021-06-28,252.69378662109375,255.7222991563543,250.84351901425924,254.42438126538246,4102820
2021-06-29,249.98745727539062,257.0110809017505,248.21084738266904,252.66619350005885,5875000
2021-06-30,247.1890411376953,252.73981618365562,246.13965527577932,251.30379673540443,6968565
2021-07-01,249.57321166992188,251.3498215816547,244.86011913471995,248.48699683093733,5444075
2021-07-02,250.78836059570312,252.7030442612627,247.80586231371993,250.29126818462169,4228550
2021-07-05,253.06202697753906,253.69719271947523,250.8435540095408,251.3038174113932,2911235
2021-07-06,260.26055908203125,264.1543695688005,253.23693491963047,253.23693491963047,12255020
2021-07-07,265.9125671386719,266.9527668975496,260.0028009272885,261.42039194577416,7910955
2021-07-08,263.5560302734375,266.41888327734057,261.8346496233755,266.09669327349627,6176635
2021-07-09,268.00213623046875,268.79377564707033,261.06135758252105,263.1049278224317,5637260
2021-07-12,267.3946228027344,270.2022181780052,266.40043817234044,269.51182310943886,4330990
2021-07-13,263.6020202636719,269.7143312199657,261.9910984901738,269.7143312199657,5529040
2021-07-14,261.5953369140625,264.5318200758747,260.509121875943,264.19122960563834,6477460
2021-07-15,268.40716552734375,269.7143258150903,260.73919039974174,262.3501121409582,7322970
2021-07-16,266.8330993652344,270.72693784746366,265.84812894582495,268.79382594652185,3058730
2021-07-19,255.87884521484375,265.1117282377677,254.415210919601,262.35014773529093,8523350
2021-07-20,256.9926452636719,259.5701369582498,248.72633322260717,257.3792788501448,6350305
2021-07-22,256.8822021484375,258.21697722241095,252.2243388678204,257.5449825567436,8748020
2021-07-23,255.09634399414062,259.0270108186144,252.0401887351748,257.1951436591153,5276030
2021-07-26,252.29794311523438,258.6680001777075,244.07764650653007,254.94906448014237,4858020
2021-07-27,251.4327392578125,259.95679953072295,248.99332041841095,253.89974468918388,8150250
2021-07-28,252.76747131347656,253.69721244703481,248.56065675128326,253.23694900939225,6667670
2021-07-29,252.40843200683594,254.70974875346192,249.27861875762827,251.11967215492905,3888435
2021-07-30,255.9248046875,259.6069112237306,250.4016448831541,253.69714596473682,7132000
2021-08-02,253.3013458251953,263.2706376817155,245.90951750628312,257.0110673233842,16937480
2021-08-03,246.3974151611328,255.53823932947788,245.4124447660005,253.62352789854333,10852865
2021-08-04,243.29522705078125,250.14394883225253,242.1169538460254,248.54224115654122,12098915
2021-08-05,245.21913146972656,246.2869177657165,241.21483453690095,243.4240930919006,7443930
2021-08-06,242.2734375,247.45600759555077,241.62905753831365,245.4124370875347,6201995
2021-08-09,239.84323120117188,243.09268947416743,238.41642598910104,243.01905969545433,5444400
2021-08-10,234.82638549804688,241.57383438605626,233.8782440451943,241.57383438605626,6656495
2021-08-11,238.41641235351562,238.95951972873414,228.9902140054057,235.1025106560216,7777460
2021-08-12,241.0675506591797,242.92700458771552,236.98962388402717,239.61310265724566,4144010
2021-08-13,238.42564392089844,242.0617077496123,237.18292718257965,241.36212651819173,4393670
2021-08-16,238.72023010253906,240.25752239570002,235.99547832740683,237.6800582965549,4215450
2021-08-17,235.7193145751953,238.78465659069036,232.89329043528335,238.72021296977388,5186305
2021-08-18,238.2047119140625,240.22988212789133,235.00128255619822,237.1277112807185,4998005
2021-08-20,230.96017456054688,236.75951040803545,230.13170603726257,235.65486698215688,4362450
2021-08-23,229.3400421142578,234.80797345169165,223.87211077682397,234.80797345169165,5190075
2021-08-24,235.57200622558594,236.02305534789795,226.68891457511435,228.2906361920989,4803725
2021-08-25,233.325927734375,238.4624548872888,231.8622935021348,235.8389759966639,5152555
2021-08-26,232.97610473632812,238.81224078365088,231.41121211790815,234.91841668189667,6567660
2021-08-27,235.91259765625,237.68002140148644,231.54009553277288,233.80459754964704,3930010
2021-08-30,245.77142333984375,246.56309093782372,236.24399413152213,238.23230715270046,7071320
2021-08-31,249.03927612304688,249.8309155207886,243.11108252660082,245.78060406844628,7881915
2021-09-01,244.8417205810547,249.50876995833946,243.5161597838828,248.98409104915496,6179385
2021-09-02,247.26266479492188,248.35809382146925,244.23415216128672,245.22830864229627,3818570
2021-09-03,248.55142211914062,255.64867507783467,245.43082313614275,248.35809128660858,8012625
2021-09-06,247.88865661621094,253.51306157994316,246.71038349874632,249.64686608150328,3295350
2021-09-07,247.5849151611328,252.03107596351194,244.1237530079849,248.08200756903133,6181705
2021-09-08,251.3130340576172,254.3231466211325,246.39742425018207,247.41919552772666,8546425
2021-09-09,248.23849487304688,250.93563187608225,245.86351980263112,250.93563187608225,3792220
2021-09-13,247.0141143798828,248.238430538642,241.31605224997224,247.80578189560015,3625345
2021-09-14,249.05770874023438,252.40843950716678,247.47440164781784,248.1740109490996,3353550
2021-09-15,251.63516235351562,253.94569333364302,247.06935783949552,249.278616275812,5161840
2021-09-16,258.92578125,259.9383663643651,250.9540156656332,251.63519651882018,10142820
2021-09-17,250.53060913085938,262.51585947837924,249.5732532712377,261.4296444583337,9870725
2021-09-20,243.03750610351562,252.50973592931177,241.31612526638716,248.54226717110868,4788450
2021-09-21,243.70944213867188,245.9463152620551,236.7134336486311,244.86010050571,4585140
2021-09-22,247.8979034423828,249.26029348030772,244.30785385381836,244.30785385381836,3449740
2021-09-23,254.6361083984375,254.98591306274164,247.90706001589442,248.54222572902614,5925930
2021-09-24,249.5916290283203,258.9993851639172,248.73551782626973,256.82695558304846,5655830
2021-09-27,243.7830810546875,250.83431916336613,241.91441292023814,250.29121176482872,5489955
2021-09-28,241.76712036132812,247.74132902194785,237.9745271616001,245.78060286389282,4231635
2021-09-29,239.40142822265625,241.3989557855425,236.75952061817736,239.3369846000469,4532205
2021-09-30,239.12521362304688,244.307783501165,238.04821310274542,239.70514994578417,7981880
2021-10-01,238.33360290527344,239.25412972746727,234.42136391094968,238.20471566588668,4632325
2021-10-04,248.68028259277344,249.27861932982051,238.6097182390426,239.5946885509983,6773440
2021-10-05,245.82664489746094,249.9229999643457,243.8106891697059,246.70115650255855,4110305
2021-10-06,239.9261016845703,247.5296334126223,239.05159004945853,247.299501728882,3570155
2021-10-07,247.290283203125,247.87940562843767,242.24578724246638,243.60817674513143,3739840
2021-10-08,245.03504943847656,249.16820608961913,243.65425913535984,247.29035150380082,2327330
2021-10-11,245.7622528076172,247.05098469674175,244.10528772824418,245.9463413104931,2474965
2021-10-12,243.87515258789062,247.06019546663956,243.01906942636904,246.1488548535621,2928570
2021-10-13,251.5615692138672,253.1080475352779,244.13291100574344,246.33298359828845,7442435
2021-10-14,254.71896362304688,257.58181658644384,249.79413961181953,253.78003639782025,8878410
2021-10-18,256.86383056640625,260.82208494594954,254.11143606991567,258.4287094198821,5899405
2021-10-19,262.8011474609375,268.42557996764805,254.7465391771395,257.7842940138042,14910045
2021-10-20,264.8723449707031,271.49093422362245,258.9993801010699,264.70665690602743,10061990
2021-10-21,274.47344970703125,276.15800115347986,265.3234123547664,267.2380954688429,11697925
2021-10-22,279.58233642578125,286.98337805898956,273.460840234145,275.97385984030274,19446090
2021-10-25,279.2694091796875,283.5682533592911,272.2089566650564,283.5682533592911,8858895
2021-10-26,280.9263610839844,292.35931625996284,275.5320875394246,276.17643944178667,9988515
2021-10-27,281.3774108886719,286.83612751903115,279.28779728474916,283.33810917709127,4678970
2021-10-28,274.07763671875,281.3037776190224,270.55203148323966,281.3037776190224,5604320
2021-10-29,264.41204833984375,276.1579766007811,262.3500777707421,276.1579766007811,6972315
2021-11-01,263.3995666503906,267.8733136623267,255.78679161297447,267.8733136623267,8517215
2021-11-02,290.1868591308594,299.11598031817016,263.6849128137378,265.1117181153062,16632400
2021-11-03,295.0565185546875,302.62325162782474,286.97429260828704,290.70241572603976,15816895
2021-11-04,297.7259826660156,299.34611885882,296.0414309459172,296.40963605548666,1071505
2021-11-08,306.480224609375,307.45598086413855,298.4440147568115,299.20806780618847,8351745
2021-11-09,298.96014404296875,313.8244484624926,292.48534108629207,310.1800571115026,12628955
2021-11-10,301.7628173828125,303.9457657001797,295.8984990454311,298.96015371288587,6427920
2021-11-11,302.7063293457031,303.9457883711736,296.2130081917934,301.76283989098255,5065025
2021-11-12,300.13494873046875,305.05577871088826,298.94172685120697,304.6673062474405,5511415
2021-11-15,299.0619201660156,300.8008718468239,291.85638119292685,299.6908942805499,3522305
2021-11-16,303.1965026855469,307.6456146159729,297.4894144764944,299.2838619584261,5549900
2021-11-17,301.69805908203125,305.2221993193731,297.9426476708869,301.1708183906749,3780655
2021-11-18,296.2499694824219,304.20473267533293,293.25306985798306,301.9293099318849,4825755
2021-11-22,288.8964538574219,297.8039375473701,286.3990467268309,297.7299522175036,5279665
2021-11-23,293.7618103027344,296.5737326673857,285.5850624289586,286.0013110580722,3311240
2021-11-24,293.56756591796875,296.16673451970973,290.4411565948468,293.9190597322227,2310765
2021-11-25,290.61688232421875,294.14102250543885,283.0506200294348,294.14102250543885,4290100
2021-11-26,267.63134765625,288.0362241013489,265.3651835946601,285.26130859318965,6705735
2021-11-29,259.59332275390625,267.31684271317096,256.87390347983796,265.1986494466841,4893890
2021-11-30,260.2315673828125,267.5851046127751,258.14112204526896,259.54709727175117,8840830
2021-12-01,267.08563232421875,268.04761099034187,258.9458910112128,264.5419596354167,5539860
2021-12-02,268.0476379394531,270.08255935834165,263.8389984944728,266.3919301917398,3870920
2021-12-03,267.7146301269531,273.58820777379674,266.179173271558,267.6313860371184,3863635
2021-12-06,268.26959228515625,272.86670364172784,266.74339433409637,268.2418442579698,2886375
2021-12-07,270.74853515625,273.10723059664167,266.72490147503225,270.6468017898003,3802710
2021-12-08,276.07635498046875,276.90882401732296,270.8502695640993,271.94172959526145,4314475
2021-12-09,276.3908996582031,279.2490599431604,275.04967887679953,277.4916186704953,2145005
2021-12-10,278.29632568359375,280.6457625059042,272.968477843364,277.49160454687274,2745385
2021-12-13,272.9869689941406,283.3651551313533,260.6755949192388,281.1914654600127,9169260
2021-12-14,256.0506591796875,270.76696153301793,253.4514910988611,270.27672768715126,9079580
2021-12-15,251.19461059570312,257.26242363763606,249.74239802508336,256.4022065969125,4271675
2021-12-16,246.37550354003906,255.80096952834077,245.30256096873055,253.7012934619992,6199315
2021-12-17,235.62734985351562,246.74551618339703,234.1566337873968,245.1175565859727,5310545
2021-12-20,222.10423278808594,233.72187679232746,214.37146767302804,231.2429590460499,8903280
2021-12-21,217.13714599609375,226.61810764235557,215.71269552962295,226.61810764235557,6125145
2021-12-22,216.8966522216797,220.5132813957981,214.07548528195926,218.67259646390937,4092265
2021-12-23,223.898681640625,225.67462588219763,218.04360819168465,218.6633376316644,6141175
2021-12-24,217.8401336669922,225.69315041618444,215.66645810471545,225.69315041618444,5577935
2021-12-27,225.45266723632812,227.17311562073058,216.65617499548497,217.84013795744454,8997655
2021-12-28,224.1761932373047,230.6602412617285,222.89972748182234,226.61811852130273,4005800
2021-12-29,224.14846801757812,226.6088969420934,222.40951612898047,224.9994405698411,5363660
2021-12-30,221.66029357910156,224.76820012063638,219.23687141113822,224.2132112648808,4008980
2021-12-31,225.1381378173828,227.8205645932409,222.34473305231862,222.86271501898085,5290815
2022-01-03,231.3817138671875,232.7599270716319,225.23990104951574,226.02613280577316,2860025
2022-01-04,231.7886962890625,236.08982393016643,227.77432178185927,232.53792124156465,6387390
2022-01-05,231.2059783935547,236.19157628502407,230.31799917455058,231.78870108313623,4206620
2022-01-06,225.00865173339844,231.0579756594352,223.65820070870197,231.0579756594352,4892065
2022-01-07,224.86068725585938,227.79284665105632,222.71474555176778,224.99018276462684,4311580
2022-01-10,226.2296142578125,229.94800500548206,223.5101947907385,225.7116322857889,4850740
2022-01-11,226.35911560058594,227.8760688924075,223.47320790247431,226.15562066146774,3000215
2022-01-12,230.3642578125,231.05798674742184,226.4331271812763,226.82161369115835,6283615
2022-01-13,230.77125549316406,232.5379411803937,228.28307870445497,231.94595970052603,3167295
2022-01-14,229.44851684570312,233.98088741844043,227.3765889166351,229.48552362383677,4270915
2022-01-17,229.21730041503906,232.14945985075533,228.81956924473988,229.76303048710395,2446195
2022-01-18,222.71473693847656,234.38787800890896,219.44958720216115,228.46806338855134,7134135
2022-01-19,221.12374877929688,223.19569062231997,216.61914078194494,222.91819626890498,5312500
2022-01-20,225.86891174316406,228.32934061570828,221.44754677482348,221.62329371056984,6465015
2022-01-21,221.7157440185547,226.3960992030311,219.21832290946472,224.58316232666357,5834040
2022-01-24,213.5945281982422,222.54826431522886,211.06009988881186,221.08680689130503,9353860
2022-01-25,215.8329315185547,222.51122951070587,204.08579165982871,210.89358514847794,10473610
2022-01-27,229.59652709960938,230.80823803540403,216.46192888791003,218.2841246675856,14742195
2022-01-28,229.92027282714844,240.46494688144307,228.66231047383334,231.24297587445375,9290465
2022-01-31,227.24708557128906,235.3128415247986,226.61811146518414,232.9079230959876,4867125
2022-02-01,236.83905029296875,238.64275683931078,228.38482157027173,230.98399042335134,5528990
2022-02-02,237.49578857421875,241.29740944574323,235.12784870936432,238.82775033758978,4547020
2022-02-03,233.68490600585938,238.08776727725606,232.16795261706292,238.08776727725606,2367305
2022-02-04,228.13502502441406,234.49883499032666,227.3672968012282,233.09287402051956,2633985
2022-02-07,225.4711456298828,231.42796693380842,224.02819172176692,228.46805967178204,2030295
2022-02-08,229.43927001953125,230.38274525763237,223.22345806371857,226.72909516208938,3807905
2022-02-09,230.34576416015625,231.98296846769068,228.09808909068607,229.3930441783703,2220130
2022-02-10,234.12890625,235.86785811254947,227.93159672238232,230.3180261569601,3166790
2022-02-11,228.56980895996094,233.83290137953765,227.21009912483842,231.79796600286252,2919870
2022-02-14,214.75074768066406,223.1032437167728,213.40954110261558,223.1032437167728,6578230
2022-02-15,223.4732208251953,225.85963595112426,211.47633393084905,216.62842017003166,4886570
2022-02-16,225.8041229248047,235.75682903813617,224.9716539075258,226.4423557578953,9347585
2022-02-17,236.32106018066406,237.22752863079978,227.4320802450639,227.9130554392052,11096160
2022-02-18,232.74143981933594,239.00351804795332,231.31698921254005,234.75788602931686,6084335
2022-02-21,225.73013305664062,231.7147022936737,223.86170000724908,230.13300827097336,4546015
2022-02-22,222.77024841308594,224.9531828517888,217.61816182056728,221.99327533675586,4408165
2022-02-23,217.38690185546875,226.02613609223448,216.7301655903922,225.32316252290073,4670295
2022-02-24,197.6849822998047,213.56674706084115,196.09402960970428,210.89357901421027,7525505
2022-02-25,208.58116149902344,214.4824866822894,203.91005062492474,206.37972388115037,9287685
2022-02-28,207.97068786621094,208.67367557443228,199.97893085902575,205.15877937518079,6854355
2022-03-02,202.67059326171875,212.244058057569,197.20400595378166,204.04880647162057,8430100
2022-03-03,204.5020294189453,210.153608166354,202.38385002536384,206.63871220202006,5518095
2022-03-04,201.4866180419922,206.54621514698528,199.9789094230273,203.30881369989757,5340955
2022-03-07,188.93475341796875,196.06629290935274,188.0097815267566,195.1690690457609,4901560
2022-03-08,192.69015502929688,194.2071083968507,185.36436508321125,187.95428925350956,12217785
2022-03-09,196.436279296875,198.3787259464015,192.6161549199347,196.3160425464985,6415045
2022-03-10,199.701416015625,203.49380623189035,195.18756300214926,203.123823138867,8349665
2022-03-11,204.08834838867188,204.76181581764166,197.64365073938373,197.98038445386862,5890485
2022-03-14,208.1571807861328,208.7745282551631,201.59089532589766,204.83662954544215,6630425
2022-03-15,203.9386749267578,212.70308532426344,202.03987538783835,208.58746394207387,7772955
2022-03-16,207.55853271484375,211.393554230728,204.88337477624077,207.40888440858896,7527250
2022-03-17,211.30938720703125,214.087436553131,209.644430165797,210.45819729476824,5977670
2022-03-21,203.23715209960938,213.52622005641902,202.9378411808052,211.49646927219806,6308350
2022-03-22,205.43527221679688,206.71672426605247,199.42083702566973,202.41401750893664,8069535
2022-03-23,205.07046508789062,207.65208040888876,203.55515641737026,206.34256849373233,4335075
2022-03-24,204.3595733642578,206.0806645041152,203.27455533127664,204.64953569516697,3329035
2022-03-25,206.34254455566406,208.10102974164005,203.17164210440134,205.75325712590296,3234280
2022-03-28,208.69033813476562,209.62570785178352,202.74138616362748,207.3714634083442,7168470
2022-03-29,210.1588592529297,210.832326584852,205.59426478086726,208.69033623235538,6632010
2022-03-30,210.3553009033203,213.03980749812456,209.33575130901738,210.832334334045,2494090
2022-03-31,212.30087280273438,214.08743244648193,209.335752414883,210.83233544781663,4371685
2022-04-01,220.9998321533203,224.30168648784857,211.0007264583587,212.32894989476685,4473460
2022-04-04,220.5601806640625,222.61799117332774,218.87651233007855,221.49555037487482,2766255
2022-04-05,218.9700469970703,222.14094962978157,218.0440258791143,221.49554226932207,7478890
2022-04-06,218.3246612548828,220.74726553168978,216.07976524523184,216.81871535556309,5148520
2022-04-07,219.64352416992188,221.6732747465469,216.63163253425654,217.1928458018444,10215730
2022-04-08,225.83567810058594,227.0142388650697,218.27788869485954,222.49640119230037,12013760
2022-04-11,228.90367126464844,231.59754053421153,224.123931586488,227.29483425894924,5541150
2022-04-12,220.9156036376953,229.15622248757273,218.89521598096022,229.15622248757273,5301495
2022-04-13,221.48619079589844,223.9555662978022,220.45729266246065,222.99213662332593,2337810
2022-04-18,217.8008575439453,219.7744883376182,209.72861182860962,217.3799297276365,7199895
2022-04-19,209.2609100341797,222.43091709824526,206.15547578513917,220.60694904118057,7289265
2022-04-20,208.4471435546875,212.0950796791553,204.29409979907248,208.1197584503288,3195385
2022-04-21,215.2940673828125,215.8739920975827,209.16739227484425,210.27113607203177,3891400
2022-04-22,207.27792358398438,213.26428373414507,205.86550625460902,213.26428373414507,4432385
2022-04-25,205.145263671875,206.5296066575581,201.35701400846636,204.84593855464237,5391300
2022-04-26,216.49131774902344,217.19284503548988,206.34256490170768,207.26857178537352,7799210
2022-04-27,213.4981231689453,218.25915127442812,212.14184002743204,213.6384229077677,5002305
2022-04-28,213.6010284423828,217.56700116755604,212.44116485897888,214.76089202578675,12255960
2022-04-29,224.87225341796875,231.78463555762082,219.65288830540365,223.44113878885042,30651345
2022-05-02,230.14767456054688,231.4104148561708,221.6732289447264,222.56182713926316,9994595
2022-05-04,214.9292449951172,235.23612712863218,211.5993312014108,230.47508458662426,9729470
2022-05-05,217.29574584960938,223.54402324480694,214.78896175303387,218.85781163025632,5106630
2022-05-06,221.45811462402344,223.1792056383048,211.95476976591948,211.95476976591948,9524820
2022-05-09,216.44454956054688,220.37311384005307,212.44116826262422,220.37311384005307,7602625
2022-05-10,217.07125854492188,220.36374969477808,214.19966664343474,216.44454827039206,4513380
2022-05-11,209.5228271484375,217.81955238837483,205.2575433079619,216.07041549682617,8918120
2022-05-12,199.1869659423828,209.5228035243325,195.88511218936605,209.5228035243325,9397425
2022-05-13,198.59771728515625,204.82726913339678,195.97867906318865,202.41401340353727,8482405
2022-05-16,204.0135040283203,205.3136674563422,196.76438820696885,198.29839408084075,6833390
2022-05-17,207.41824340820312,209.6724879457547,202.41400950419242,205.22011877239808,4101275
2022-05-18,205.35104370117188,210.79490183602712,203.38677602824058,209.5227985595825,4296340
2022-05-19,201.75924682617188,203.27455548603265,199.0466803327399,199.98205005773153,8110880
2022-05-20,205.03305053710938,207.46501764587163,202.71333750601661,205.22012163641185,3296315
2022-05-23,212.6376190185547,214.74220107520424,205.78135665017865,205.78135665017865,6070490
2022-05-24,210.97264099121094,214.180952246361,206.35191233918187,212.11379317946952,8069565
2022-05-25,208.99903869628906,214.45224655958364,206.29582043783162,212.51602414583098,5017540
2022-05-26,214.50831604003906,215.32208303982495,206.2677119955538,209.70986533623642,3514895
2022-05-27,213.72262573242188,217.28638196980853,211.61804392867933,217.28638196980853,2271910
2022-05-30,219.23194885253906,221.682612832226,213.6197308061536,216.44453694655613,4176795
2022-05-31,220.036376953125,223.6843131335493,214.19966479183697,219.2319584271072,13941420
2022-06-01,221.67327880859375,224.4887365749991,218.1282195175189,219.84929640583428,5176220
2022-06-02,223.1604766845703,223.74040125843146,219.85862320046448,221.77613369893052,2790370
2022-06-03,220.4666290283203,224.10521648467204,218.56782973431157,223.64689447946145,5396720
2022-06-06,221.832275390625,223.49723226913193,215.97685209482077,219.99894454898137,2524525
2022-06-07,220.6162872314453,221.36458580939794,213.7413145633798,219.16646141277613,4116090
2022-06-08,219.85865783691406,223.9555675479314,217.4173422713105,220.74725622567348,3753885
2022-06-09,218.46493530273438,219.37224501389892,216.07039125897947,218.5023580817602,4476645
2022-06-10,217.99725341796875,218.42752974692846,215.6307692902116,216.63162168985238,2121945
2022-06-13,212.12313842773438,216.98705799036412,208.68098479875633,214.19966029378855,4399480
2022-06-14,213.1614227294922,214.8731511728199,209.70990589070115,210.25242208634137,3860780
2022-06-15,215.13504028320312,215.696267836464,211.69288648952445,214.2183819339793,3345520
2022-06-16,213.77874755859375,219.81187926255484,210.2056284576012,216.6316279950338,6698850
2022-06-17,214.95730590820312,215.97685544361025,208.12910432516526,212.60953312735936,6730740
2022-06-20,213.05850219726562,217.35184555525495,208.85868724267016,215.13502400556277,4386785
2022-06-21,219.61544799804688,221.36459906165547,211.16906065597516,214.57380583051096,4280930
2022-06-22,219.17584228515625,224.30166441625812,217.9504959481832,218.4088322546514,4890975
2022-06-23,224.07717895507812,227.70641821594387,217.02449719637326,217.2396282463144,3954310
2022-06-24,232.96319580078125,234.9181152212409,225.04997543162648,226.4436672734097,4996020
2022-06-27,234.30076599121094,237.39683747670068,232.98189126232816,237.39683747670068,4127285
2022-06-28,234.0388641357422,236.3585770471386,231.840739582683,232.532918314257,3527135
2022-06-29,228.99722290039062,235.67576216525825,227.85607069420627,231.97169177471392,2727410
2022-06-30,239.7071990966797,242.67233380787107,229.9419507514398,231.03633166239058,9956150
2022-07-01,236.7794952392578,238.48187501566343,231.6910815737675,236.87303792223312,5358285
2022-07-04,236.62045288085938,241.15700122711,233.84240397977106,234.02947504843337,2008615
2022-07-05,238.96824645996094,245.1510407349364,235.90959782363535,237.3687722689666,6272225
2022-07-06,240.21231079101562,242.50397816889057,237.60263538614566,238.173211522548,3157810
2022-07-07,244.73948669433594,247.22757362747478,235.33903222802087,239.45465337383993,4945940
2022-07-08,239.53883361816406,247.6017162207355,237.7709853780552,246.90018891477789,3652815
2022-07-11,234.992919921875,239.4546372768403,231.9903912518067,238.64087022520454,3691540
2022-07-12,231.27951049804688,235.245483226162,230.79312852272466,233.65535756583503,3442455
2022-07-13,237.3781280517578,238.50056886904727,232.03717490605013,232.7387022009322,3151325
2022-07-14,242.25140380859375,243.09325942460168,237.59326642318598,238.3322165225891,3203265
2022-07-15,245.93673706054688,246.56344729062297,238.6876222189033,243.1961108164291,2703045
2022-07-18,261.3610534667969,265.44861510370976,247.49886557578807,249.1825198710784,5420345
2022-07-19,260.3227233886719,261.71641502403384,253.924798447893,258.5735867212861,4993150
2022-07-20,263.409423828125,267.74955254754224,262.19345474555854,263.7742316800241,4629925
2022-07-21,273.4833984375,274.70873046529255,261.0429642555962,262.4647444736526,4855305
2022-07-22,279.8813171386719,280.5922072308234,272.4731767039846,274.43745874346524,4810415
2022-07-25,279.9561767578125,282.29460131658215,275.55995571445857,275.55995571445857,4721665
2022-07-26,276.560791015625,282.2758865788584,275.6908754396878,279.862645144722,4102640
2022-07-27,271.4068908691406,275.746991678159,268.4511190251792,273.3150531573121,6702695
2022-07-28,273.3056640625,281.770748092919,269.94769039840827,276.49527803813646,8557735
2022-07-29,258.115234375,276.8693821172198,256.3847950277248,276.8693821172198,9296570
2022-08-01,257.1986083984375,261.5293746909449,254.6263417149603,258.1620380508039,4709025
2022-08-02,257.99365234375,262.5302006553619,255.00982100813386,257.600784548169,4861880
2022-08-03,254.46728515625,261.2393803883456,252.19434390684182,259.09737603782764,3733035
2022-08-04,254.40188598632812,257.6008346856445,249.47246891971074,257.6008346856445,4646770
2022-08-05,254.87889099121094,257.93756830602797,253.3074766808791,256.2258256987008,3153135
2022-08-08,260.4537048339844,262.6518007966154,253.6722744972444,256.29129824369124,4775785
2022-08-10,261.23004150390625,263.69943114583066,259.1348225678859,260.9681391369037,4003980
2022-08-11,263.03533935546875,266.6365188751539,260.2572898454513,262.9605223296906,5658525
2022-08-12,255.9077606201172,263.03527227067974,254.8975740310324,263.02593798560156,5225265
2022-08-16,255.29986572265625,259.471607531921,253.07368076784468,255.35598563368308,6555990
2022-08-17,253.5880889892578,256.10423599729984,252.73692760376332,255.16886621126847,6599875
2022-08-18,252.25985717773438,255.40268567427304,248.25647599559034,252.59657656869868,4383855
2022-08-19,251.9605255126953,255.33722489267686,250.67907362149185,252.55917580812255,3815695
2022-08-22,245.60003662109375,255.327876094708,244.13149929555152,255.327876094708,4246725
2022-08-23,250.0430450439453,253.7845239934155,242.8594123118151,244.21568130386663,4383165
2022-08-24,251.2496337890625,252.4936914376234,248.26583079823098,251.80152701510252,2029850
2022-08-25,247.81687927246094,255.11275235846009,246.93762936911986,252.36276283868628,3292195
2022-08-26,249.43504333496094,252.0727641192613,247.71393801632445,249.74370276724966,2107620
2022-08-29,247.85427856445312,249.14506479945805,243.19612708478135,243.61705487666933,2128080
2022-08-30,253.41969299316406,254.24282285424852,248.89250730241596,249.1824696109503,5142225
2022-09-01,248.66806030273438,254.0464365070365,247.49884808440783,251.05324181003246,2217970
2022-09-02,244.80494689941406,250.67906718263123,244.43080474699073,250.67906718263123,2321585
2022-09-05,247.08724975585938,250.30492363009105,245.07621072076864,247.1059468725502,2988435
2022-09-06,259.0506591796875,260.3227483158801,246.46056201087737,249.5192393091745,8058715
2022-09-07,255.65525817871094,260.1918070201273,254.60764866176908,257.41375781581405,3464835
2022-09-08,254.69178771972656,259.2657300647473,253.67223831580668,257.03954592518056,3184610
2022-09-09,247.70458984375,257.22664573312824,246.9375799038031,256.28191328160307,3022760
2022-09-12,248.52772521972656,249.6220917152031,245.06684612732295,249.04216710457914,4745365
2022-09-13,249.29473876953125,252.5498358185832,247.6204474475885,249.74372653171008,3598305
2022-09-14,249.67822265625,253.38230715384125,246.02092376994364,247.56430658321534,3689160
2022-09-15,248.05068969726562,257.03957869191163,245.62808563220813,250.93161577470178,4760095
2022-09-16,240.21231079101562,250.30495870453436,237.20978179146684,248.77093856444068,5117185
2022-09-19,240.74546813964844,244.74884948323066,239.47335045030934,240.7641652581611,1969205
2022-09-20,242.466552734375,246.65701957702524,241.32540047404552,242.29819302675753,3808500
2022-09-21,238.1077117919922,245.05750190681303,236.27439514767894,243.14936824537648,3779985
2022-09-22,235.1893768310547,238.70636202181407,232.2055449864829,236.27440918773715,4041540
2022-09-23,225.07801818847656,235.13324258455498,223.8433233187569,234.77779752704006,5578410
2022-09-26,219.80255126953125,224.90031375147495,214.80766576239753,222.8331402433449,3960710
2022-09-27,217.9504852294922,222.4589739634051,214.38672901218396,220.76595711666153,3060765
2022-09-28,219.7931671142578,223.27274352430803,216.07039972144818,216.95899807790207,7037355
2022-09-29,226.21914672851562,226.8551912148285,222.05674053045576,222.61796800758515,8863220
2022-09-30,224.03041076660156,228.74468244829458,222.43093643619903,224.48874709673038,3689185
2022-10-03,218.81100463867188,227.66895593140507,216.56612329785014,224.488704986473,3393565
2022-10-04,224.46067810058594,225.19026535744302,219.88672063370052,220.7659704746846,2886230
2022-10-06,224.06784057617188,227.85609115673316,222.99215673237217,226.50915634830156,4285510
2022-10-07,224.32037353515625,226.29398994646894,218.98875470275587,223.9275056921002,5047815
2022-10-10,220.3263397216797,223.12308604139278,217.75407299960503,221.48618903643617,3026365
2022-10-11,219.5967559814453,223.41306620077884,218.86716873228252,219.81188702347808,2086380
2022-10-12,226.73361206054688,227.82800718145947,219.18518592041997,220.7004802838234,2322665
2022-10-13,222.43092346191406,226.52783315208376,219.82123393647475,226.52783315208376,2016655
2022-10-14,221.476806640625,227.44446909134572,220.81270223559287,224.48869781140323,3429520
2022-10-17,223.06695556640625,223.9929766805899,219.25064558878228,220.78465128122448,1567175
2022-10-18,229.00657653808594,230.25996857181903,224.7880641233829,226.32206993533035,4394830
2022-10-19,227.21066284179688,230.84925049340157,225.452163195303,229.16558213746163,1833905
2022-10-20,227.4445037841797,229.81098802610038,223.5533623364948,226.88327624500255,3339120
2022-10-21,224.05845642089844,230.6154072917503,221.3832984511278,229.16558137140933,5002910
2022-10-24,224.3016815185547,227.29486203235996,223.01086662372816,227.29486203235996,395760
2022-10-25,227.6876678466797,231.9716623561308,221.72000519141255,224.48870550593304,4718435
2022-10-27,233.2624969482422,234.53460029257732,226.5558980098532,229.16557315481117,4543535
2022-10-28,238.46316528320312,240.1748793581589,232.72934417408578,234.43172396233248,2765695
2022-10-31,229.94195556640625,238.3228608330257,229.16559693346943,238.3228608330257,3104155
2022-11-01,225.92919921875,231.27951523781533,225.049963657983,230.38156828604195,6675575
2022-11-02,225.94790649414062,228.754015644386,224.48873201963048,225.9853292754717,2733960
2022-11-03,232.0184326171875,232.59835720315954,223.71234598467404,224.86284659873735,3636250
2022-11-04,235.6289825439453,236.5175808968492,232.04651491076888,232.90705331472066,3337760
2022-11-07,241.1663818359375,242.07369167946436,235.09584099705765,236.52695564249478,2258285
2022-11-09,238.57537841796875,243.00902138310565,236.461448166844,236.461448166844,1989790
2022-11-10,232.9351348876953,241.32540294587827,231.4946717081994,237.54651531923236,3089160
2022-11-11,238.84666442871094,240.76416094238508,234.2165728827114,234.2165728827114,2488040
2022-11-14,236.788818359375,240.48353985081812,234.8526106287645,239.43591614996126,1655990
2022-11-15,234.3475341796875,237.6026312317291,233.1035049545945,237.5745712806434,1474635
2022-11-16,230.78375244140625,234.74037638335778,229.22168682039,234.21655738425395,2486780
2022-11-17,238.64088439941406,245.02944711194272,230.4750963591133,230.4750963591133,10895855
2022-11-18,234.07627868652344,240.28714749503595,232.34583894922758,238.6128276588226,5665580
2022-11-21,243.22418212890625,244.13149188038537,232.53291330085892,234.3007614642608,11427320
2022-11-22,251.8950958251953,253.47587319697192,241.51251305275727,244.12217445047045,9851655
2022-11-23,249.60340881347656,254.972421728171,247.91972623538854,252.54981764360846,6956495
2022-11-24,245.38487243652344,250.85679064001062,244.13148052134176,250.85679064001062,3504165
2022-11-25,239.48272705078125,247.3117676539243,238.5567058172204,246.00225565227194,4325525
2022-11-28,236.60177612304688,242.22334319939714,233.28121064598938,238.33221587482058,22810780
2022-11-29,237.64004516601562,239.64175020654778,234.1230599144418,234.35690236056635,8742450
2022-11-30,252.54981994628906,257.2266684638129,237.958046862571,238.04224098306926,11378515
2022-12-01,240.736083984375,251.88570285244603,238.89340461881582,251.88570285244603,8011285
2022-12-02,241.39088439941406,242.85942179527888,237.20978036830363,240.69869135598356,5168550
2022-12-05,242.2327117919922,243.1961415185067,239.26759131772977,242.44785711653782,4417660
2022-12-06,248.16294860839844,250.4920101750744,241.362820733138,242.2607677095931,10171880
2022-12-07,249.78114318847656,255.68332396015262,248.2471231142387,248.43420848019616,6943485
2022-12-08,250.3423614501953,253.485189956064,247.87297172825447,249.7250140197101,2846375
2022-12-09,251.4367218017578,253.31682399605253,246.27349143612813,252.25048885743243,3202765
2022-12-12,255.0846710205078,257.40439822668526,248.48096301175258,250.67908758582126,5938835
2022-12-13,255.51495361328125,256.4690204313926,250.67907970240978,254.6076438621019,1977965
2022-12-14,257.8907470703125,258.1620122497569,253.55998121062746,255.5336259303965,4138030
2022-12-15,260.6314697265625,262.6892662774891,256.3007027368639,257.3015267859149,3778060
2022-12-16,256.3755187988281,262.65184250059013,250.323674726628,257.60085101889075,9071230
2022-12-19,256.71221923828125,259.4434827094543,254.79469427354334,257.03024150299495,3297195
2022-12-20,259.8924865722656,261.71644042833844,252.9988161927238,256.27261026514157,2851545
2022-12-21,256.1790466308594,265.55144033251884,254.46730417052552,259.43411477342,4286630
2022-12-22,250.5668487548828,259.4715583407304,248.49968963669335,257.2266766895742,1549960
2022-12-23,243.4767303466797,248.23778741262169,241.437631177374,248.23778741262169,1564975
2022-12-26,252.76492309570312,255.73002857594113,242.27007563100682,243.48604462466432,1606850
2022-12-27,257.9562683105469,260.0327902957244,248.7241734525345,254.79471399079543,2420365
2022-12-28,259.7708740234375,261.342288267361,253.01750365288993,255.0846626956185,2201075
2022-12-29,245.48779296875,252.3627375335941,234.09498242530503,252.3627375335941,19945730
2022-12-30,257.58209228515625,259.0599637349727,247.90101094287726,248.8083206222935,7329350
2023-01-02,259.2470397949219,260.0327468275362,254.79467139822634,258.34909297839334,2184945
2023-01-03,255.24717712402344,260.4102017354811,252.59002910780447,258.86886080885057,2678225
2023-01-04,251.21888732910156,255.8617823787547,249.2331111027868,254.93510796869526,2709675
2023-01-05,249.6208038330078,253.42212532414376,247.98489688901753,252.6561876271057,2309935
2023-01-06,244.84548950195312,250.7271536067861,243.3987150430228,250.56641692111256,1599915
2023-01-09,249.3749237060547,250.528562830603,245.76270608651814,245.85727234739676,2348255
2023-01-10,252.2685089111328,252.96824739935815,249.37495982608027,250.1408975922662,2849300
2023-01-11,252.38197326660156,254.1502500311853,249.46952251156515,252.28740699338627,1445245
2023-01-12,248.2496795654297,253.84767386433492,246.84073734945775,253.7058100282355,2259350
2023-01-13,242.68008422851562,248.31588202217196,239.72978677831853,247.74851324322975,4597480
2023-01-16,240.6942901611328,246.1504350468817,239.9945516961096,243.77695726433345,2549280
2023-01-17,240.49569702148438,242.1977887348358,238.84088843910104,241.64933615893446,3167635
2023-01-18,242.8313446044922,244.2970496216401,237.5643324277818,241.69663595573013,2375830
2023-01-19,244.8738555908203,245.3561233612038,240.61864764349022,242.83134538737536,2489795
2023-01-20,241.56427001953125,244.7225729634277,239.50284352806048,244.7225729634277,1984570
2023-01-23,242.94485473632812,245.28050029292103,241.11036425786477,242.47205222574314,1269830
2023-01-24,239.29478454589844,244.49561173194036,238.8598143522771,243.5689084991558,1061495
2023-01-25,237.19557189941406,240.30662065463534,232.61884683117336,239.90946825735378,2130930
2023-01-27,234.7086181640625,242.83134704120866,232.62827566742968,237.34684970655678,2410525
2023-01-30,235.23817443847656,239.21916365456187,232.12712571595142,234.32093637744657,5905675
2023-01-31,243.32308959960938,244.98733480432205,233.26183837952502,235.94736759036527,6053500
2023-02-01,245.35614013671875,258.5095096660147,241.7344711130815,251.15270363149745,7936630
2023-02-02,239.1435089111328,245.78167476263127,236.96862886155694,244.5145386140115,2552580
2023-02-03,241.89520263671875,242.86917459173011,236.40124012482372,240.41061035170392,2600590
2023-02-06,244.65640258789062,245.40340979264667,238.29247027476197,238.29247027476197,2088355
2023-02-07,244.21192932128906,246.4246413118122,241.88573493183623,244.70363347777047,1940780
2023-02-08,247.30409240722656,247.8998282175859,243.9755729548782,245.44124926800316,1715770
2023-02-09,248.7035675048828,249.15743941271313,245.5830538506846,247.464827327141,1437655
2023-02-10,241.8101043701172,249.63971237672047,239.74867803009786,249.63971237672047,3358630
2023-02-13,237.5548858642578,242.9637475413732,236.96861538983615,241.81010830353333,1789390
2023-02-14,240.22149658203125,241.03471748873875,236.3823424511056,238.6707049028202,1050085
2023-02-15,240.6942901611328,241.67772744047653,237.72509104063062,239.3326310823901,1236070
2023-02-16,238.04660034179688,242.50984252570618,235.71095491159753,242.45310853611215,3304915
2023-02-17,233.3942413330078,238.5383205959195,232.71340455447185,236.38234227348485,2077315
2023-02-20,233.98049926757812,238.06550529056574,233.4131305063471,238.06550529056574,2309105
2023-02-21,229.77256774902344,236.90242321220984,229.02553170718312,235.83388492823477,2163550
2023-02-22,228.46762084960938,230.97346828666215,226.0185074030126,229.02552432747592,3253235
2023-02-23,227.00193786621094,229.82930205883613,226.01851499809075,228.82696305033264,1641205
2023-02-24,230.4344940185547,231.10586551541272,227.1154111007544,227.47474563240607,2464105
2023-02-27,227.49365234375,230.8410876908502,225.43222594338766,230.4344844671823,1437525
2023-02-28,227.57876586914062,229.33759184096994,225.0540021146867,227.89081726739286,13260610
2023-03-01,231.0396728515625,232.8930505832347,227.89080645007175,228.2690426809636,2913235
2023-03-02,228.76075744628906,231.6543064070445,225.6213563825003,231.2949863224245,2720640
2023-03-03,230.14134216308594,232.42970445850725,228.90260196127562,229.9049409206401,1836725
2023-03-06,235.80551147460938,236.22157997834864,230.72761730121658,230.72761730121658,3145920
2023-03-08,240.26878356933594,244.8928061131196,230.93566634779702,235.4556573301941,51702925
2023-03-09,244.04173278808594,248.63738822745324,241.12928200085966,242.06543617240303,8022010
2023-03-10,240.1174774169922,243.02049177372595,237.99933139237677,243.0110264890383,1446625
2023-03-13,237.92369079589844,242.80300196160692,236.72276832422608,240.32552131045495,3683830
2023-03-14,234.3209228515625,237.91422475213054,231.2949897248479,236.59983437386447,3141790
2023-03-15,232.53372192382812,237.16718051105647,231.74886806630093,236.59036090149004,1987050
2023-03-16,236.4390869140625,238.45323034366325,232.3729966292667,232.9970850137051,3988570
2023-03-17,235.644775390625,239.79598097973883,233.90486556288988,237.63055176559286,4182610
2023-03-20,230.67088317871094,241.11035590197199,227.61658310624185,241.11035590197199,3402415
2023-03-21,238.38702392578125,243.71078464060724,230.36828321595902,233.2618321788805,5079360
2023-03-22,235.67311096191406,239.20022771406883,234.83152315744306,238.6612259820439,1814750
2023-03-23,238.396484375,239.07732115000212,233.37532398095016,234.88828336967555,2141185
2023-03-24,233.22401428222656,238.16007348699156,231.6732226749417,237.2144684964816,4290270
2023-03-27,228.72293090820312,233.186187445727,228.01372719264896,232.9970549118833,1948390
2023-03-28,231.8434295654297,233.43205348615464,227.35180576522808,229.03499595852486,2605125
2023-03-29,236.74168395996094,238.29247568488563,231.0113195913829,231.84344223457953,1649135
2023-03-31,238.1790008544922,242.43422351237595,236.96862756388606,236.96862756388606,4489935
2023-04-03,243.29473876953125,244.15524285402452,239.4272030319171,239.4272030319171,2297460
2023-04-05,243.7864532470703,244.76042536464317,241.02528803301252,242.2640428582026,1710530
2023-04-06,246.5854034423828,247.1811392047172,242.10324501350382,243.20961555177828,1428390
2023-04-10,246.75564575195312,247.1811507037194,243.02995960052985,246.58541491367103,630385
2023-04-11,244.9684295654297,247.74851058055023,241.50751179441076,246.75563687125342,2316150
2023-04-12,247.55934143066406,248.12671011961208,243.69182100639756,245.66813170588415,2680600
2023-04-13,245.21429443359375,247.54993992749337,244.34432514013596,247.54993992749337,774615
2023-04-17,249.89501953125,250.9635577837953,245.0818936102232,245.85729662539802,2927410
2023-04-18,253.2708740234375,254.36777943483912,249.45062122615292,251.01089277343303,2602290
2023-04-19,258.44329833984375,259.0768663825149,252.95880092322685,254.8121786294694,2649705
2023-04-20,253.29920959472656,259.76714440489656,252.6373034017926,259.10523821196256,1972785
2023-04-21,256.987060546875,257.5355276072994,253.62070905435962,256.3345907880517,1533610
2023-04-24,263.36993408203125,267.0010543688264,256.4859297941861,257.393731509069,3484290
2023-04-25,270.963134765625,277.8755058631129,263.8427293880692,264.71269879314724,11463135
2023-04-26,265.9325256347656,272.3058946059318,261.3652369622076,272.3058946059318,4680385
2023-04-27,265.8190612792969,267.0389000552996,261.3652689116704,264.769453369364,5355815
2023-04-28,252.02264404296875,258.15017507073765,247.55938711454894,255.3133599600702,15378245
2023-05-02,250.64207458496094,255.937468685926,249.95177250328734,255.10533161694312,4445290
2023-05-03,249.46006774902344,252.60894874870323,248.93053122577223,250.21654025150337,2404405
2023-05-04,251.095947265625,251.72004999742896,248.8832351388144,250.77444504455744,2605540
2023-05-05,249.4222412109375,254.81220170236304,248.930536958759,251.1527146651389,1867575
2023-05-08,254.9161834716797,256.2589552704295,249.4222207244879,251.34179772221063,3146345
2023-05-09,254.9823760986328,264.76939337526915,254.50013718384943,256.9586870362751,4717955
2023-05-10,255.89013671875,257.3936739548346,251.62547809988143,257.3936739548346,2721495
2023-05-11,258.0177917480469,259.07689369225864,253.43163013441483,255.52140930920524,1675840
2023-05-12,255.26611328125,259.9752083025142,253.61130432388055,258.1407320640241,1868500
2023-05-15,253.53561401367188,258.6418753636203,252.67510998029402,255.88072485818213,3314115
2023-05-16,251.2661895751953,257.2613224760842,250.58535274550817,255.31337826900835,5037130
2023-05-17,254.2164764404297,255.42684983707238,250.60425796413202,251.34182880181152,1876620
2023-05-18,254.5757598876953,256.6371717050575,251.42690817457395,255.77666775761057,3189190
2023-05-19,253.28976440429688,256.61831277481457,252.09832161946574,256.61831277481457,3457825
2023-05-22,249.50732421875,253.02497601211095,246.99204028548726,252.66567034848399,3724060
2023-05-23,257.82867431640625,261.0531909738082,249.70593046532892,250.3867672501407,3621815
2023-05-24,259.0296325683594,262.87825276304795,256.48595220244135,257.71525631048644,4991420
2023-05-25,260.1075439453125,262.49992316204003,256.89249309172664,259.02954051938013,2376370
2023-05-26,261.66778564453125,262.15005337161807,258.150134308443,260.1075433515439,2622815
2023-05-29,266.43365478515625,269.1948050254273,261.66779784935846,262.49993480645026,5878845
2023-05-30,267.9466247558594,268.7787617911071,265.84740931363234,266.9442857427406,3948785
2023-05-31,264.72216796875,268.5329554924095,263.14299470263194,268.1074216404245,6080605
2023-06-01,266.7078857421875,268.2681571194039,264.72213827586705,264.72213827586705,2902875
2023-06-02,267.294189453125,269.34613623044254,265.56371606904173,267.67242569774993,3680045
2023-06-05,264.9490661621094,269.90402710717933,264.3249634017833,268.7409514308404,2510040
2023-06-06,266.45257568359375,268.5045512304482,262.0744199174023,266.1783421535368,1777200
2023-06-07,266.3485412597656,269.6865253570884,262.8781586266083,264.7693684009004,3799040
2023-06-08,266.8403015136719,274.0363423661369,264.7694240668287,267.2280030618218,4030580
2023-06-09,268.02227783203125,272.1072982713305,266.4714718132408,266.66060435226484,2435880
2023-06-12,274.6698913574219,276.3530671389868,267.98445693913976,269.4974307428956,2951100
2023-06-13,272.97723388671875,276.30578182646815,271.3886244741511,275.75731478749884,3300860
2023-06-14,266.2445373535156,274.2254457380851,265.194929671464,274.2254457380851,3617290
2023-06-15,267.4549255371094,268.5518308443121,265.52588317909243,267.4170932554608,2747890
2023-06-16,268.8553161621094,270.67776242256303,266.66840992110787,269.8144860795932,6897545
2023-06-19,281.9671936035156,287.9236308441155,278.69642053554935,282.5714753602442,15970295
2023-06-20,299.19384765625,301.6972962141568,279.3198469694745,281.99593907715655,13814600
2023-06-21,332.707275390625,344.0638440695726,321.32193278408084,329.1103880833405,67327115
2023-06-22,329.7146301269531,338.58695108309655,324.52551781731574,338.58695108309655,20695285
2023-06-23,321.6383972167969,327.75790524445404,314.9625835827797,324.7844730003259,26775580
2023-06-26,326.7603759765625,328.69788835968853,315.03932030414114,320.11330727390794,9027690
2023-06-27,325.3791809082031,331.59458246154037,318.44437273528007,326.8850552437441,9250910
2023-06-28,326.3096008300781,329.637921443184,324.03634365462926,328.036094884009,9058510
2023-06-30,332.87030029296875,338.96103446336576,325.69569954980557,326.32875513933817,13348225
2023-07-03,337.23455810546875,341.0616368265637,334.38582219241977,336.22744136987865,7848930
2023-07-04,341.0232849121094,343.996717547708,333.79113544803647,339.92981714219746,8948575
2023-07-05,345.7327880859375,350.67250701549165,339.33511223396187,341.0808084060501,13158105
2023-07-06,339.8050537109375,345.60804820869663,339.0185567694438,345.60804820869663,4616375
2023-07-07,329.68585205078125,341.2726106091875,328.4197408618694,340.50528646098996,6705130
2023-07-10,330.5683288574219,331.94950658557116,326.85631675103645,331.6713683896853,6425075
2023-07-11,337.7621154785156,340.99451348096903,331.13424770493,331.8536251572817,6085610
2023-07-12,346.35626220703125,348.74458592880626,337.57026227187356,337.64698298560495,6537300
2023-07-13,343.1909484863281,350.90268200367666,342.03996226995093,348.65822814662425,6218315
2023-07-14,342.2126159667969,347.4784490464697,340.054483816565,345.3011440371015,4492200
2023-07-17,339.4502258300781,343.7760914978946,336.70701393349196,342.6346769614709,4223875
2023-07-18,342.2605895996094,345.53136253868246,339.5461516060792,341.23430003180545,7805875
2023-07-19,342.5675048828125,344.2844271043778,340.08325849252986,342.2317895821709,5968125
2023-07-20,342.0112609863281,345.0134678317589,341.08086489625737,342.42369706967236,2878425
2023-07-21,351.34393310546875,358.3746650735287,340.5053246218961,341.1671542142931,15551270
2023-07-24,344.5913391113281,354.4995499034541,341.46443631080325,353.12794416479056,30150490
2023-07-25,349.8092346191406,351.2383882413808,344.5338007666375,351.22878717657466,7020285
2023-07-26,348.9747314453125,352.09203325949926,346.97007009892786,350.28881864430855,3995010
2023-07-27,347.5359802246094,354.7201819203018,342.72095837370534,352.59082379668706,11626560
2023-07-28,348.72540283203125,352.6484041571668,343.38281953642024,350.29842622546556,5905730
2023-07-31,363.17047119140625,364.10086708142035,348.76372185796004,351.33431920466916,7778860
2023-08-01,355.6026611328125,364.67643001791384,353.9337147715158,363.17052615753653,5345210
2023-08-02,351.6604309082031,358.0101303450085,345.6176435631668,356.81116808665286,7630985
2023-08-03,348.8404846191406,352.70593793858114,343.670545084253,350.86431894957957,3816705
2023-08-04,352.3990173339844,353.68430149443225,345.6944290631911,350.0970154156965,5455600
2023-08-07,355.8136291503906,356.8111739617989,351.66043669853866,353.1471382147635,4926185
2023-08-08,357.07977294921875,359.6407694885788,352.97452690498983,355.8328637747475,9859755
2023-08-09,354.68182373046875,359.8613350335709,352.9745025790729,359.3050294035492,6340300
2023-08-10,355.0271301269531,359.4776628567858,352.9744926681633,355.78485320690055,5397960
2023-08-11,346.82623291015625,354.9024561679069,346.08768264134716,354.89285510222703,5133290
2023-08-14,347.9004821777344,349.00352163215734,340.41896918365313,346.82621664746017,4598320
2023-08-16,344.5338439941406,348.4951911413989,337.64698178170454,347.94848653809777,9040420
2023-08-17,353.818603515625,358.7295488051253,347.59360012384155,347.59360012384155,6805160
2023-08-18,349.22412109375,355.2764800535347,346.8453695056412,355.2764800535347,4286650
2023-08-21,353.5979309082031,355.85198572871695,348.1114786366185,349.13779731874115,6865250
2023-08-22,353.9432678222656,355.65058894632983,351.1904550976014,355.65058894632983,4892080
2023-08-23,355.3149108886719,356.1110090503708,349.35847382480614,354.70102808368785,2475480
2023-08-24,359.7846374511719,370.5752988893609,355.85203498383447,355.85203498383447,8085270
2023-08-25,357.6072998046875,360.5903334054398,352.39901428935656,357.77037156664954,4806385
2023-08-28,357.16607666015625,358.9117728333385,354.1542985161056,358.71992715241294,4670145
2023-08-29,359.1611633300781,360.26420280722857,354.2789630171009,358.15401742103916,2919905
2023-08-30,361.43438720703125,368.3212196535078,358.30748415245483,359.113183307862,3644915
2023-08-31,369.9134216308594,371.9660297430957,362.3935340527235,363.5253473702902,12639870
2023-09-01,366.7961120605469,371.3809423503147,365.79856731241273,370.2395279922425,3756035
2023-09-04,363.3143615722656,373.11707879792095,362.4223406198467,367.74572168071205,7899565
2023-09-05,367.0743103027344,370.22995800792717,360.68623564137283,365.21351846722337,6793595
2023-09-06,363.06494140625,369.66403430002794,361.031506117908,368.302029578911,6908360
2023-09-07,363.2760009765625,364.6380351231049,358.85424175847777,363.52539451911565,6035475
2023-09-08,374.8148193359375,375.9850078099338,365.0217026426218,366.4029096700123,7287555
2023-09-11,375.4574890136719,378.25824888637857,371.803053831841,378.25824888637857,6565460
2023-09-12,366.62353515625,377.88418083741914,362.82520113437334,377.88418083741914,6903070
2023-09-13,366.47003173828125,368.32122252423585,360.11073094718967,364.8778062741593,6517920
2023-09-14,367.4387512207031,369.8079017789706,365.5587866234889,368.3212003092546,5225585
2023-09-15,368.7528991699219,370.9398054861502,365.63559683086805,369.8463376922641,6773145
2023-09-18,366.8824768066406,369.2036807812093,364.7627195811228,367.5826813524187,3166810
2023-09-20,367.9183654785156,373.11707904807236,363.1321171990081,364.48455022690877,4028295
2023-09-21,364.5420837402344,369.08853937367957,362.75804190436514,367.3044975378103,2504980
2023-09-22,362.7484436035156,370.18200985269965,360.83970499158585,364.54208651825934,2804785
2023-09-25,373.2225646972656,375.8698828389097,356.93587944725704,362.74844637183503,10327105
2023-09-26,361.5303039550781,372.7525733644148,358.92136085562254,372.54155483168165,5973300
2023-09-27,363.026611328125,367.05510709039504,360.6958063721775,364.10087686473037,3216495
2023-09-28,359.0076904296875,366.8632938227176,356.1109787563475,366.26858392915204,21636670
2023-09-29,368.19647216796875,370.42175292199175,357.8853977778036,359.24743164649215,6908925
2023-10-03,368.6953125,372.1387287471234,360.8397090908642,371.77423952086656,11039535
2023-10-04,355.0079345703125,368.31161549545146,353.2622384458187,366.21103121553057,6700835
2023-10-05,352.49493408203125,359.2954450800356,349.71334725922975,355.27652090483275,7397385
2023-10-06,354.6722106933594,357.3866776522173,352.01532085301324,355.075074893704,6311950
2023-10-09,349.31048583984375,353.1375936310634,346.00136726024533,352.984122935057,5354120
2023-10-10,363.1129455566406,363.8610968861212,348.2170386117146,352.9745129819616,8377560
2023-10-11,364.21600341796875,368.41717235360755,361.71255470402184,365.8370029254923,4561415
2023-10-12,360.28338623046875,366.1247272966222,359.6887055873444,366.1247272966222,3313985
2023-10-13,360.83013916015625,361.9427797941678,358.80627538187645,359.6599506719323,2983920
2023-10-16,358.25958251953125,361.60707632605335,355.9671522558763,360.8301509971559,2463960
2023-10-17,362.26885986328125,363.12250580121645,359.11318288797077,360.3505201798289,3378270
2023-10-18,358.0005187988281,362.72924805370945,355.3820040370271,362.2592349575478,2524565
2023-10-19,360.42724609375,362.5662054094494,349.79965697339554,352.3989990859873,3099700
2023-10-20,360.0147705078125,361.7508654138566,357.9621624636963,359.97639552177606,2206225
2023-10-23,360.6478576660156,367.55389218100225,357.962193838821,359.65031284239745,10365280
2023-10-25,348.3992919921875,361.96193910549994,343.7664850007105,359.02688156436517,6849205
2023-10-26,344.8407287597656,348.9172005610964,337.7908538852846,348.3992699253776,4792965
2023-10-27,371.23712158203125,389.36542660772335,355.0847041835471,355.0847041835471,25056665
2023-10-30,362.9882507324219,371.2371175320848,357.8183110430747,371.1987425409585,10187990
2023-10-31,360.6190490722656,365.8177619534061,358.86378132387404,364.8681640041762,8455335
2023-11-01,364.916259765625,365.8274537565255,359.9093908989882,361.41526564157147,3794295
2023-11-02,375.00665283203125,376.9537665366643,365.02169077072693,367.0743283843965,4288760
2023-11-03,386.26727294921875,389.029686735241,374.4694957822504,376.4741572086877,9322270
2023-11-06,385.8700866699219,389.9196622695633,384.0293866147418,389.2511930000982,5634155
2023-11-07,385.03692626953125,388.5633158951518,378.65258670008154,387.49766770679827,8807090
2023-11-08,383.57403564453125,386.0929022428558,381.9464712204581,385.0369218880034,3525375
2023-11-09,376.5503234863281,381.7043075262404,375.8915515740642,381.7043075262404,4975345
2023-11-10,378.2553405761719,380.9195199125107,373.3532529625245,375.89148454525883,2430100
2023-11-13,381.27801513671875,382.28556772385383,373.99270539292075,379.2629395276526,2779500
2023-11-15,394.44390869140625,395.499889097699,382.69244949909967,384.6590973319576,6346865
2023-11-16,394.44390869140625,397.39874391682037,390.52031041274034,394.64734686302484,3184495
2023-11-17,386.5094909667969,391.1887758242777,383.8550086792878,391.1887758242777,5468870
2023-11-20,385.3760070800781,389.41585556542964,383.21558899215427,386.54823781876536,2862980
2023-11-21,387.48797607421875,391.35344907408194,383.6806282649397,387.51703866951084,5089455
2023-11-22,383.0799865722656,389.4546289326728,378.4588269042443,388.4761389364293,2639075
2023-11-23,382.6440124511719,387.30390246816637,381.70428245136117,383.25435651648866,1529325
2023-11-24,377.3447265625,383.64187861039795,376.1046731879837,382.64402339157,2379295
2023-11-28,380.8711242675781,381.7042716845262,374.83553592716447,378.1778525467017,3604165
2023-11-29,382.547119140625,383.9131202184167,379.7666891824006,380.87112690856526,3299720
2023-11-30,388.9120788574219,391.3921853897248,381.9561555295599,382.295209265731,11002290
2023-12-01,388.1467590332031,393.31044027750875,386.9357682527643,390.2296572625169,3034950
2023-12-04,405.8175354003906,408.4429549969378,388.92179054935093,392.3609923600055,9360830
2023-12-05,401.0704650878906,406.67008549733004,395.8583558306036,405.81757278867696,8296900
2023-12-06,398.30938720703125,403.8121218507643,396.2361569378684,402.4364234072297,3598450
2023-12-07,394.259765625,401.080072724464,393.32973315490915,399.3265607620682,3904160
2023-12-08,393.6397705078125,398.6581084960269,390.3652471705358,397.2049197651787,4218365
2023-12-11,396.64306640625,400.6732174738547,390.51059289109594,393.6398035308421,4948465
2023-12-12,386.5967102050781,400.11138002473217,385.20164636955747,400.11138002473217,7159045
2023-12-13,386.60638427734375,389.7840229187911,382.8765267415547,389.4449395855003,7973270
2023-12-14,410.43865966796875,412.70563071137593,388.5051819102265,388.6795870406445,11924520
2023-12-15,402.5720520019531,411.0780491441611,401.09946844995994,410.18674701715463,11228265
2023-12-18,396.8173828125,402.7366903322782,395.8291956182206,402.3976070708137,4203410
2023-12-19,399.0553283691406,403.53114505764574,395.2673460879734,398.91001540494267,11070960
2023-12-20,387.2748718261719,409.2083521791832,385.5794846449441,399.33635245584617,9435625
2023-12-21,390.7818298339844,396.798023039837,382.09175984099676,386.99384757394347,9405990
2023-12-22,398.2609558105469,400.88637554041725,390.7140529997013,393.31043969869665,6928875
2023-12-26,394.44390869140625,402.39768781067454,392.9616571677764,401.4676551752138,4822975
2023-12-27,397.18560791015625,400.2082361458976,394.45360563354217,395.47082605569204,3750095
2023-12-28,396.3620910644531,400.07255343195123,394.51169379116766,400.07255343195123,3288345
2023-12-29,397.8443603515625,400.6926128726327,394.87016006595746,397.6893499925352,5291010
2024-01-01,396.98211669921875,399.14253475166305,395.4805000571807,398.28029518189743,1523610
2024-01-02,393.3394775390625,399.0941077222746,390.61717280519315,397.2049504003868,5389635
2024-01-03,404.96502685546875,406.5054036278695,393.1360472603748,394.2986102715328,6787670
2024-01-04,416.22235107421875,417.0651958685381,404.9940488842583,406.89287401808593,7695105
2024-01-05,420.9210205078125,421.76386534141494,410.66151039686474,417.1621004803037,8114435
2024-01-08,425.5614929199219,431.1126848765239,419.2062161552729,423.16857413811147,7487975
2024-01-09,420.0393981933594,430.73484679067366,416.69705202844693,427.5475405487051,5463445
2024-01-10,416.5807800292969,423.91454643848414,413.81004763714276,422.39353509947307,2470725
2024-01-11,441.72100830078125,443.6779587558467,427.04377640957455,429.746716106111,14663945
2024-01-12,444.24951171875,446.2452220171176,437.9136001298925,444.24951171875,5187280
2024-01-15,444.24951171875,444.24951171875,444.24951171875,444.24951171875,0
2024-01-16,447.5240478515625,452.4164385663004,444.68549268095376,450.488550788308,6647950
2024-01-17,443.31951904296875,449.1032123002834,434.0191037635656,444.48205247464097,5308645
2024-01-18,437.0029296875,443.183830876214,425.6002520372463,440.0255872730283,7883550
2024-01-19,446.0030517578125,449.8976169946436,440.0256178754789,440.0256178754789,5296785
2024-01-23,441.67254638671875,448.34754168208644,435.4916447848834,443.13543269332365,10999270
2024-01-24,446.1192626953125,448.5509414065669,428.11911049593647,432.8274280006135,8501730
2024-01-25,447.0299377441406,455.90408102005466,444.0944975101426,449.0934705991179,5327820
2024-01-29,466.7641906738281,473.1582267580996,446.06110074377216,471.2206418577264,17895075
2024-01-30,475.27996826171875,483.72784109719225,466.76427284714424,466.76427284714424,14238795
2024-01-31,477.9635009765625,480.4436372223375,465.1173312577986,474.70837204526424,9573360
2024-02-01,464.4778747558594,472.56729797755514,462.8115504869175,467.1517514947942,10601720
2024-02-02,466.08612060546875,469.1184461402815,462.2303154567453,464.5360465496139,4405185
2024-02-05,456.70819091796875,471.298204163702,454.78997105074575,468.70181769432486,1993400
2024-02-06,466.3109130859375,467.7605546271619,452.1451978925641,459.2183167864505,7511415
2024-02-07,469.6577453613281,478.51129479738256,466.3108977365715,466.6027618993025,5230250
2024-02-08,456.8735656738281,471.8662686169478,455.48229699739414,471.8662686169478,4430985
2024-02-09,454.1785888671875,458.06053074159325,445.88929023578487,456.873566977955,2903050
2024-02-12,440.19775390625,457.84651079620556,438.75782132947705,454.35373086066653,2845040
2024-02-13,453.5072937011719,456.0077057196852,434.9439598167494,441.12200897218895,8984610
2024-02-14,465.6979675292969,467.89677659292374,443.6905182521416,444.6245132925774,3686385
2024-02-15,474.31805419921875,479.33832608924774,469.33670743145416,474.2402336458588,5721585
2024-02-16,476.6141052246094,478.63776597650457,473.58830826223,474.78501067878494,4596560
2024-02-19,474.76556396484375,479.05614519479303,470.22201400618815,476.6141062278166,3451410
2024-02-20,470.2414855957031,475.7287695233397,466.087127221404,474.7655880707688,4396705
2024-02-21,458.43023681640625,469.9301598384086,456.30927806635145,469.6869298067647,3665875
2024-02-22,466.0677185058594,466.9433407806622,453.9742973982972,459.04323320918485,2571220
2024-02-23,475.8454895019531,478.09293256406386,464.6860947355085,466.7097851763274,5723325
2024-02-26,483.57049560546875,493.2705105810706,476.33196739442957,476.7114205004826,5989015
2024-02-27,461.6311950683594,488.27946436203956,439.1761798418281,481.59550722448074,20513770
2024-02-28,457.0390319824219,474.3861871975148,449.0805216704181,465.4450476104478,11119410
2024-02-29,474.51263427734375,477.7232590144992,457.4962697263178,466.80709334053574,20232355
2024-03-01,476.8184509277344,481.3717102774328,473.81213111256807,480.5252744652518,5500370
2024-03-04,476.0498352050781,479.6496517702878,470.6987741812717,478.6767315841411,2666695
2024-03-05,473.1310729980469,477.8692192286522,469.1421240016791,469.1421240016791,6190170
2024-03-06,462.05926513671875,477.3146464394127,457.05844115773436,475.5633723000034,6744720
2024-03-07,476.643310546875,477.78161048647934,462.05924711283734,462.05924711283734,5963990
2024-03-11,482.7532653808594,486.4406411681183,471.01985041229835,475.9525628394507,11377355
2024-03-12,471.2339172363281,483.34675623108535,468.98647389034863,483.34675623108535,7206710
2024-03-13,451.7073669433594,474.7266613006037,447.56271759502897,473.7926662682922,8118855
2024-03-14,445.8893127441406,452.9819092673212,440.9566299290519,450.46204952943793,10111785
2024-03-15,441.0830383300781,450.46200226175813,438.0086369698645,446.3757260019242,7257360
2024-03-18,449.28485107421875,453.9451176993997,440.68423961733515,440.73287375342284,5870405
2024-03-19,445.0137023925781,455.8909433190336,443.17489861741393,452.0187398483676,6619825
2024-03-20,450.3063659667969,452.9721577198613,443.6515955957999,445.59743592736044,4526425
2024-03-21,449.644775390625,458.2356471612843,445.59742404595755,451.96033007402684,8698620
2024-03-22,453.5169982910156,458.9653272017031,448.5453610460562,455.1320195595057,6367775
2024-03-26,461.66033935546875,464.9390754356528,443.64183958580134,443.84617419028416,10693585
2024-03-27,464.34564208984375,472.83924665374144,456.29960222346654,468.94756561132385,77232200
2024-03-28,459.17938232421875,465.9411891937617,454.9860988836618,461.9522106696848,11625440
2024-04-01,473.1797180175781,474.20127229240853,460.39553307244387,461.3587442050886,4228910
2024-04-02,479.83453369140625,480.8755654700743,472.8294961139389,472.8392348174756,4433110
2024-04-03,497.4443664550781,499.45828865959464,478.4432365537059,481.9846505645819,11588495
2024-04-04,486.3238525390625,501.0441391776681,483.7359110650334,501.0441391776681,7019985
2024-04-05,490.12799072265625,492.68677555882215,486.0903778946718,488.5129396532289,3253480
2024-04-08,499.9253234863281,502.08517774813345,491.7138452309715,494.81746293121495,3678905
2024-04-09,496.26715087890625,507.01793751726404,490.9550145972156,503.972692366854,4766875
2024-04-10,491.9181823730469,499.3513071689301,490.25449709620136,498.1254181801128,3504425
2024-04-12,483.6580810546875,490.34203802256343,482.3543715604602,490.34203802256343,4144555
2024-04-15,469.85235595703125,485.098028908726,468.568094137366,485.098028908726,4750690
2024-04-16,467.14764404296875,471.6717171892139,460.8431399340431,467.0017119462194,4033025
2024-04-18,461.4463195800781,475.22287286477996,459.43236768555056,470.87391848106864,6791185
2024-04-19,460.4928283691406,462.84730816837777,452.42731210760667,457.2432786695541,4797160
2024-04-22,471.79815673828125,473.2867233660145,461.9424709616827,465.055827288617,3489700
2024-04-23,472.2457275390625,477.9762118035273,470.32907364910227,475.1644879994385,2892585
2024-04-24,478.8810119628906,482.8991768762972,470.504183841314,472.25542821014426,8459300
2024-04-25,484.87420654296875,487.29676819600013,471.33117478989016,478.48211408250074,14587660
2024-04-26,486.18768310546875,493.6499940970415,454.74289514315194,488.8924000714511,20810260
2024-04-29,484.94232177734375,501.4333301907351,472.8878268711591,500.07121822826224,11904615
2024-04-30,496.5201110839844,501.7933518421584,483.3467627376957,485.0980369821588,13426225
2024-05-02,502.4353942871094,505.723869059945,493.2705033373616,495.51794645064683,9243475
2024-05-03,503.6905517578125,517.2043685711435,501.08313267709315,505.9185176984969,7622145
2024-05-06,495.7125549316406,507.6599834901026,486.23629248439477,505.91847779993134,4326785
2024-05-07,483.697021484375,499.10807424912707,475.1061192908101,495.7125921730507,7825870
2024-05-08,476.34173583984375,486.0709378394681,473.3743114152574,483.2494751978107,7324775
2024-05-09,459.3934326171875,481.4300682355225,458.0897231697168,476.34171481663964,4104015
2024-05-10,456.173095703125,468.305411951786,453.5948630758665,461.94250544266674,10984650
2024-05-13,447.89349365234375,458.17726648016634,443.408346136274,456.2995377683215,8390345
2024-05-14,453.4489440917969,470.4750483184228,450.8123088596316,456.29959327357415,12376035
2024-05-15,451.4349365234375,455.71577912120244,448.1367230587157,454.93745490021456,4269680
2024-05-16,455.07366943359375,456.45522913491465,440.7328356724881,454.7428801397377,12445545
2024-05-17,461.4754943847656,464.4039638571293,451.62954718084916,456.10495613450803,4729135
2024-05-21,461.79656982421875,464.95856049361294,457.00981903791313,461.16417762857355,3935580
2024-05-22,454.6942443847656,463.0808114441909,453.7894357585215,461.7965497023925,3465540
2024-05-23,467.0892639160156,468.8891722576239,453.0889574178238,456.49417818096475,5512760
2024-05-24,466.5152282714844,472.63490454294174,459.74371210374017,466.97250194565373,4877325
2024-05-27,463.1099853515625,471.5744024224798,462.33166111819446,468.9475061753217,3398210
2024-05-28,465.7757873535156,473.42295524159573,462.1370754605366,465.0558359371295,6493910
2024-05-29,462.0690002441406,466.54443926493843,458.829188924573,462.14685049002264,2197930
2024-05-30,448.06866455078125,463.1100021039064,445.9866011298983,460.3858374974092,6688165
2024-05-31,458.0605773925781,464.54022977617655,450.1993948904889,451.2209492695303,12916455
2024-06-03,488.2405090332031,495.595812731628,471.9149099960865,476.7308766468428,15161795
2024-06-04,439.8961486816406,494.24345620909247,426.72280100380044,494.24345620909247,17788625
2024-06-05,464.55963134765625,466.5930308913238,433.9223854291775,436.2379401289154,7114095
2024-06-06,481.55657958984375,493.2705472503012,467.01144024203603,472.839222807981,10501485
2024-06-07,486.0611877441406,487.81246187772814,478.68646586538586,482.4419234974609,3706890
2024-06-10,490.1766662597656,496.6757661225207,483.5802684379889,488.40594435554436,4849020
2024-06-11,492.8813781738281,496.5882017523791,484.51425853400326,489.36912082014805,4681350
2024-06-12,499.48748779296875,502.69811239692825,492.4046006295996,493.22187968011644,3510365
2024-06-13,522.3218994140625,524.9196389794752,502.2408131918398,504.3618313831581,10022455
2024-06-14,531.6328125,534.5224165616379,524.4137607713208,527.7119747166054,15318425
2024-06-18,550.6241455078125,552.8423724692328,531.6716214753166,534.9017233510082,12393205
2024-06-19,543.1326293945312,550.8673558320118,537.051878953482,550.6338645162481,9175135
2024-06-20,545.8471069335938,555.4401448724324,537.976216068141,545.7206225618028,6948810
2024-06-21,549.048095703125,553.0078882060716,543.8624141965219,546.7811749167179,9672340
2024-06-24,560.83984375,562.3478581367024,540.9143982927812,548.5907526841585,5367855
2024-06-25,581.7770385742188,583.7520949991529,556.831410845162,561.0344330550361,15844875
2024-06-26,581.6213989257812,595.3201314162682,575.696289018555,580.9889770683568,9032225
2024-06-27,574.2271728515625,583.1001990923899,568.9539033448102,581.2321498126054,12298175
2024-06-28,566.5314331054688,577.7783884907647,564.2937284724765,574.2272653116767,6005455
2024-07-01,569.0123901367188,572.4663045645508,564.692621808326,564.692621808326,6673330
2024-07-02,549.680419921875,572.0770612896786,547.8805413561254,569.547492594733,12638725
2024-07-03,554.652099609375,561.3749520227015,545.9152358859483,552.6186702753803,7945600
2024-07-04,551.4025268554688,558.0670065149027,548.7269962884594,558.0573271940037,3958315
2024-07-05,557.648681640625,558.8940480609659,547.6178762640477,551.6457803405177,6163345
2024-07-08,546.411376953125,555.7319680553056,544.0763449809543,555.7319680553056,4065755
2024-07-09,543.2786254882812,547.5496997373974,539.9998893938676,546.5671002851885,6359760
2024-07-10,537.4605102539062,545.740069886785,526.3497792306556,543.6580066007306,8300735
2024-07-11,532.9656982421875,542.0041653213685,528.1303131288981,537.4605850227216,5689115
2024-07-12,543.74560546875,556.5103127876995,535.1060699881726,535.1060699881726,9030805
2024-07-15,560.8496704101562,562.1533503880173,546.2363881658322,547.3649496115482,7400215
2024-07-16,547.4622192382812,564.2937271545263,545.2245146105153,561.7446809307256,4907090
2024-07-18,557.9307861328125,559.2247271202965,540.359851369546,540.359851369546,4119020
2024-07-19,546.9464721679688,559.5944333795867,542.7629276436688,556.5102933111907,3677715
2024-07-22,550.1669311523438,554.1656785626419,537.8400480509207,544.8158697074637,2717785
2024-07-23,535.847412109375,553.0230086104715,521.0192420515884,553.0230086104715,12227465
2024-07-24,532.9227905273438,539.9162954072569,521.3909041877488,535.8082246980439,5130575
2024-07-25,524.0709228515625,530.1352121256513,515.5613604588129,528.0812065855965,10445410
2024-07-26,572.1939697265625,595.4729603157975,526.2228302784455,529.3136295567339,32196680
2024-07-29,575.715087890625,593.8590624649156,568.2814813770178,580.9969017864864,12753435
2024-07-30,569.6605834960938,583.2270137517565,565.7384155406673,575.7150821571918,9486875
2024-07-31,573.5535278320312,576.5073773282226,570.4431474160758,573.9350047875207,4655790
2024-08-01,584.7626342773438,586.6699593950524,571.206053402214,573.7393828137753,8859720
2024-08-02,585.3201293945312,591.3453158958162,571.2158105150149,576.1063568379175,8905205
2024-08-05,565.6307983398438,575.4901566729359,549.3257332340165,562.6084740731355,9480440
2024-08-06,554.9401245117188,575.2163725911148,552.631800698522,571.245250889102,5917390
2024-08-07,572.2037963867188,573.582904389379,561.5423799214975,565.3668211520251,3986695
2024-08-08,561.8651123046875,571.215834885049,559.204623948016,571.215834885049,4434050
2024-08-09,578.6690673828125,581.652289055935,563.4105849143134,569.2596599107283,4568775
2024-08-12,582.190185546875,589.7999045127175,572.7025731506066,577.074693040951,5709795
2024-08-13,565.6112670898438,585.9755092703685,559.5762899061102,582.953125356224,7249815
2024-08-14,566.3448486328125,570.550706554104,560.260977929758,567.4990104075542,3626125
2024-08-16,583.2464599609375,585.2809436589831,567.7042916192431,569.8463529933907,4976095
2024-08-19,601.654541015625,603.4933911324388,589.4183850730692,592.3429221006152,9092170
2024-08-20,618.1356811523438,621.4906484534648,597.0966010908858,609.9489114119268,12149555
2024-08-21,617.9791870117188,624.0336855019647,609.7239427653923,614.2428026086204,5227030
2024-08-22,614.9568481445312,619.5246615417963,610.9857267893194,619.1431845884475,4610695
2024-08-23,611.6215209960938,618.6150263364243,609.8902484398853,618.1650745689711,2466965
2024-08-26,618.5856323242188,622.0285960241522,608.5795936951016,614.252615465,3366050
2024-08-27,631.7509765625,639.4682726132153,609.5576760384685,616.9717606198437,9915805
2024-08-28,626.351806640625,635.3797357846213,624.3760068803376,630.8804571789342,3352220
2024-08-29,626.0877685546875,638.1185612708803,621.0113786605011,625.7943476906709,5976425
2024-08-30,626.8702392578125,630.7630949508166,621.4906384081011,626.1366573237609,11026125
2024-09-02,630.9293823242188,637.4142516594337,628.7384270777547,629.8925888701223,3165735
2024-09-03,639.9965209960938,642.2363699297231,624.04355978734,628.1418403770338,7181415
2024-09-04,634.5874633789062,642.0211293175058,631.0760846882923,633.2376678708172,3467420
2024-09-05,634.8907470703125,644.3784195835552,631.6923701321531,635.174436985574,3368300
2024-09-06,632.9638671875,639.0868408712794,629.9414832254012,636.5339899619372,3058060
2024-09-09,648.6233520507812,650.090515857194,629.139373718306,643.5958564130356,8095085
2024-09-10,637.737060546875,652.9662296622539,631.8879859787726,651.0100110429229,6190070
2024-09-11,641.6201171875,645.1608680647574,636.573099485355,638.7151612325624,2946285
2024-09-12,665.2610473632812,667.5399989910301,644.6815900070291,645.5521215896725,9163615
2024-09-13,658.9033203125,670.0048364232503,658.2675254202152,665.0556060049325,4786700
2024-09-16,668.8213500976562,672.909839889331,657.7980986621102,660.8106323828883,4724820
2024-09-17,669.9265747070312,678.1720285688035,666.5716671238227,668.0486216517971,8030320
2024-09-18,699.2894897460938,702.2727112754441,672.9392218960954,673.8195441764541,10582475
2024-09-19,689.635498046875,708.8650996896554,684.6764769712116,698.6732179910468,6428925
2024-09-20,690.9558715820312,701.4999172187604,688.0020224479597,692.305667029016,6407140
2024-09-23,697.9200439453125,706.5861371622217,692.5013402603571,694.6434018787854,2935070
2024-09-24,687.8651733398438,700.6196974441162,685.0677949985705,700.6196974441162,6681865
2024-09-25,689.3812255859375,692.4622938152676,676.4603800118509,687.8651680838286,3801635
2024-09-26,709.8041381835938,711.4767265732544,690.4571076318697,691.9340622223042,5359390
2024-09-27,708.3565673828125,714.4599599468704,703.4170675906635,707.7598753303284,4967200
2024-09-30,699.7296142578125,713.0318766263197,697.978760433937,706.9675871322153,4405700
2024-10-01,698.4482421875,709.6769168273848,695.9833878717991,699.7393535100554,3381135
2024-10-03,666.9727172851562,699.3285280895728,665.1240764864405,698.3700001342612,8036680
2024-10-04,652.6531982421875,667.9508414868992,648.5842302650364,666.4836775882158,8827525
2024-10-07,645.4248657226562,667.6572671054714,636.944676295932,659.2064496081374,5480765
2024-10-08,651.2838745117188,659.8423312854333,641.2484630743484,641.2484630743484,9122180
2024-10-09,662.7571411132812,680.7641079894988,653.3770461738294,656.2135871700751,6569580
2024-10-10,652.9172973632812,668.2344619754542,650.6187048026358,665.1142910749494,3740385
2024-10-11,653.6117553710938,656.8786667321211,647.1268858737533,655.3332373075115,1799620
2024-10-14,664.1948852539062,670.9829660447114,656.0667995254958,658.8543870937281,3844085
2024-10-15,665.3392333984375,672.6652621001815,658.971732654215,669.0267243600833,5209855
2024-10-16,663.2363891601562,669.4180472706108,658.6783662649183,668.4399379436222,1607350
2024-10-17,637.4532470703125,662.3657174017568,634.9786620400617,661.0061313971023,8237815
2024-10-18,654.28662109375,660.0085960926275,615.3774657170204,623.5935476937178,9380205
2024-10-21,648.1538696289062,661.8865621362227,640.0747371181789,656.6928042440858,5627980
2024-10-22,636.6513061523438,663.3536755399966,633.8147655749353,648.1538202692809,19691260
2024-10-23,625.5496826171875,637.8249402680133,620.1309795246109,625.9898436658237,9660305
2024-10-24,634.8125,638.9009896006919,623.1631851173042,624.0337166987789,7501270
2024-10-25,604.989990234375,636.6122217694187,592.3429841105132,636.6122217694187,15251890
2024-10-28,637.59033203125,654.1888783659451,615.035133322291,618.9475706331186,21602980
2024-10-29,638.86181640625,642.744941202306,618.6345241236072,634.2255880772207,10906400
2024-10-30,623.2120361328125,637.6685188693993,621.4808234315857,629.3252186772322,6964385
2024-10-31,614.0374145507812,623.0555526064338,604.0020047324628,623.0555526064338,8075010
2024-11-01,616.3947143554688,618.9475653512252,614.252652558108,617.9694560318652,286730
2024-11-04,615.7980346679688,620.0527860005411,608.178525448397,617.265198534242,4842960
2024-11-05,618.6150512695312,621.2950612945589,597.6248034567865,617.6956261070201,7606175
2024-11-06,623.3882446289062,625.9899892541586,613.5288855824172,623.4469288024366,4294660
2024-11-07,604.7635498046875,629.1400414150502,602.3701686371159,629.1400414150502,5846920
2024-11-08,592.5113525390625,607.6887717495881,590.3641983057598,607.6887717495881,3851745
2024-11-11,590.8369750976562,602.1830839924199,582.6326676751376,592.915118310872,4101875
2024-11-12,577.3929443359375,595.9387944835097,575.7087887053947,593.7917004423869,5430660
2024-11-13,562.1564331054688,577.2550422132915,559.2804560347806,577.2550422132915,6755505
2024-11-14,556.000732421875,564.7467273342489,548.2002114800956,561.9495599050946,7172685
2024-11-18,561.0336303710938,564.7073211276518,551.5489533814974,556.0007605988633,4841895
2024-11-19,556.4242553710938,564.5497532162541,551.8838400934766,561.0040453608365,5942545
2024-11-21,551.9822387695312,558.8372250189356,545.2454367559739,558.630372549175,4777400
2024-11-22,561.4078979492188,564.3527657648898,540.8232791313656,541.6998624270321,8194990
2024-11-25,580.6627807617188,593.8999563221173,576.5557282439646,576.5557282439646,13791540
2024-11-26,600.075439453125,606.565955166745,580.899232718869,584.0017196687619,10105100
2024-11-27,594.68798828125,604.0840577627022,592.3931336872893,596.6381488020799,4064750
2024-11-28,599.5534057617188,605.7189448018548,589.221721508471,598.8245828285003,12057145
2024-11-29,594.8159790039062,604.0544285843145,589.4088391771304,602.2717460170196,5600545
2024-12-02,609.5009765625,613.568594523616,593.0529878948754,594.8159529720298,5433440
2024-12-03,621.5858154296875,631.7008486457358,615.5778954368292,616.7499393833258,9872220
2024-12-04,617.0059814453125,625.1117615402768,614.5239920611469,619.6159536670796,5743725
2024-12-05,615.8240966796875,622.2752374097334,605.3249350241366,620.9751505573018,7117350
2024-12-06,615.8339233398438,620.1478285439541,609.3827228314366,615.9619662885458,3193785
2024-12-09,612.0026245117188,623.1222230329442,609.7570036312813,610.7616298266414,3963995
2024-12-10,627.682373046875,629.7802336228264,612.4162864807677,615.6566749410257,5630900
2024-12-11,639.8460083007812,643.657600442426,626.0079919515707,629.455172656401,7350105
2024-12-12,639.8164672851562,643.1454639290135,634.5866038191782,638.1224529577357,5108345
2024-12-13,622.9646606445312,641.1066634990879,614.1103403506432,638.624674142612,6003130
2024-12-16,618.0204467773438,629.750744884752,615.9620209376958,625.2201280908512,2943305
2024-12-17,586.3949584960938,617.5377674119549,584.1001043466619,617.5377674119549,10413170
2024-12-18,577.432373046875,597.4456674105774,572.9904246411743,586.3950192819145,7447675
2024-12-19,580.199951171875,581.5886461290405,562.048029095957,565.3376509366118,7354675
2024-12-20,566.7658081054688,583.2039391686803,560.1471893934214,581.7364346047027,12499100
2024-12-23,567.8787231445312,581.8840971892321,565.8891881656343,572.4289969145527,4691250
2024-12-24,567.8885498046875,570.7743251634154,562.4026009772289,567.8983483961566,2020780
2024-12-26,576.5458984375,578.3285808999767,565.5641416474083,569.7303466065028,4462340
2024-12-27,571.0303955078125,579.0967400593287,569.3756959897996,578.5156775896232,1524915
2024-12-30,574.98974609375,584.8093181006167,570.3212879945069,573.7684687985629,3452720
2024-12-31,569.10986328125,573.7487452117882,567.5143158496677,570.8334536647301,4075070
2025-01-01,574.9207763671875,577.3535322854015,567.878714738801,571.0500921195442,1297175
2025-01-02,602.7740478515625,604.517355674316,577.4717382261804,578.5945486921594,7297085
2025-01-03,600.4693603515625,610.2494979956373,598.0661803585868,602.7642147986656,3652225
2025-01-06,584.9470825195312,606.9696860964029,582.0810247362424,597.0516485627604,5430225
2025-01-07,582.7508544921875,595.2789261802782,581.0962148567916,586.4245452241881,2781710
2025-01-08,571.0008544921875,585.0358043438713,559.5955942018297,585.0358043438713,4976035
2025-01-09,553.4891967773438,576.0042587423931,551.7459489929356,571.9858138082803,5408205
2025-01-10,523.971435546875,557.4583318036301,521.0167094065731,557.4583318036301,5999299
2025-01-13,513.2359619140625,532.5402108491479,510.9214502333297,522.050907873431,5558523
2025-01-14,535.8887939453125,539.2375075354472,510.47816177741214,518.9976459877497,6987503
2025-01-15,525.1533813476562,537.7109684798613,521.1152192210196,536.7752931021002,4072535
2025-01-16,538.5481567382812,545.3932853903733,527.4679319786574,527.4679319786574,6194466
2025-01-17,518.5545043945312,539.2868234590969,515.9444719222281,538.3019146188415,5347916
2025-01-20,508.90234375,513.6298935469883,485.9047193026937,503.28835206617646,12701612
2025-01-21,512.447998046875,522.7403062550186,505.7013973202949,510.18272000018766,7753705
2025-01-22,510.8229675292969,520.3765346926346,505.30744224171667,512.4972643795729,5895189
2025-01-23,521.8046875,525.3996287846938,503.87936478051006,510.8229900847102,5150004
2025-01-24,519.4901123046875,533.6235282800048,501.46626483610055,523.9222015098603,7602501
2025-01-27,503.9285583496094,522.6418547466359,500.48137770803106,517.9635381616367,8523575
2025-01-28,522.1001586914062,533.6236042890605,500.9246484186028,512.2018367460867,16222471
2025-01-29,545.1470336914062,547.2646117071068,522.2479035498973,523.1343455364845,9135552
2025-01-30,530.1763916015625,551.5489244466839,528.7482618279506,545.1470172879277,7172857
2025-01-31,538.04296875,545.1179487267856,530.5722232858066,540.6651793302339,4058608
2025-02-01,526.2183837890625,543.8810720871755,512.5632362911053,542.149439532138,3874882
2025-02-03,540.4177856445312,552.143387182249,510.5842075018646,519.4897460048041,7442129
2025-02-04,570.6966552734375,573.8136182506983,539.6757168949399,550.1644392406264,12290382
2025-02-05,565.3037719726562,584.599105053359,562.4342458537928,570.9439583366942,6953215
2025-02-06,560.40576171875,564.0174767363741,548.5317095769316,564.0174767363741,6345455
2025-02-07,553.6771240234375,573.0219211855263,549.0264416922157,561.9395212403384,5747620
2025-02-10,554.9140014648438,560.6531143476916,540.7641020001095,555.8045794960399,4253881
2025-02-11,532.8975219726562,560.059426744381,528.3952895432852,560.059426744381,6416783
2025-02-12,541.4073486328125,545.7116685515075,521.4688111090561,532.8975746815865,5467745
2025-02-13,542.8915405273438,554.3697658726442,532.3532959205401,541.2588343281327,5723009
2025-02-14,533.4912719726562,549.1254279647366,521.2708575285383,545.1674107315745,6763071
2025-02-17,544.5736694335938,547.19587999646,519.5886857628693,531.363811135803,4397756
2025-02-18,547.542236328125,548.6307274063413,533.4417986089152,545.1674620016231,2988732
2025-02-19,551.9454956054688,553.8750411013465,540.7641089091305,542.0504524415322,4066886
2025-02-20,574.7536010742188,576.1389313787652,551.1539455182004,551.1539455182004,7590778
2025-02-21,578.958984375,588.4582625907361,570.6471838801041,574.7535907905452,9328402
2025-02-24,571.1419067382812,575.6441393244787,562.8300462756467,569.954489472969,4523171
2025-02-25,568.222900390625,580.5917053621232,565.5017632968954,575.6936465144988,6222936
2025-02-27,600.4312133789062,602.4102220323599,574.2093487206463,575.1988530473731,17099035
2025-02-28,610.821044921875,613.4927188408996,595.9290160031157,603.5482118482765,23771834
2025-03-03,614.779052734375,623.387752828537,608.446261005865,618.7370702126515,10284029
2025-03-04,626.25732421875,628.7310850816862,606.9619894878476,612.107363767113,5369562
2025-03-05,624.674072265625,630.8090111985447,614.9769418978753,620.0233898296431,9532495
2025-03-06,637.5870971679688,643.9694122383455,630.3142644285372,632.0953601611988,8075827
2025-03-07,624.228759765625,640.8524802218903,620.8644814024659,637.5870677357708,5829062
2025-03-10,619.0338745117188,634.7670172578472,616.312737648961,624.9214372573229,4906168
2025-03-11,631.5511474609375,633.2827800626713,609.0893867766791,617.6486235087846,6734891
2025-03-12,630.2648315429688,640.4567146528163,622.4971858662595,632.2933034579369,5378060
2025-03-13,613.04736328125,637.2407549543101,611.0188915905069,631.3037292870339,5273706
2025-03-17,616.7085571289062,622.8929590255058,606.9619638976852,606.9619638976852,4548324
2025-03-18,616.7085571289062,616.7085571289062,616.7085571289062,616.7085571289062,0
2025-03-19,660.9393920898438,670.488072099998,630.957424657815,638.9229219869269,9823834
2025-03-20,660.8899536132812,687.7054962891833,658.0203669529595,682.7579747331459,8747482
2025-03-21,669.696533203125,671.8734548559429,660.6426046211056,662.0278744768606,6365496
2025-03-24,674.8419189453125,687.6065483148541,666.9258847054848,669.8943975454202,4983671
2025-03-25,671.230224609375,680.7789653598146,660.6920399433697,680.7789653598146,5257157
2025-03-26,664.9468994140625,673.7535119718606,662.2257625489008,671.6755166744614,4792266
2025-03-27,671.378662109375,677.2167615898849,659.2077713969137,662.9678756275332,4628163
2025-03-28,649.1148071289062,677.8104312245439,643.32623125364,674.8419183870641,6806264
2025-04-01,630.759521484375,647.0368791272034,627.2467933352051,645.156796819144,7600903
2025-04-02,632.6891479492188,637.2408441064421,623.8825344861983,633.2828264411846,4387926
2025-04-03,647.2843017578125,653.617093430031,625.3667560088579,626.3562603696315,3704676
2025-04-04,646.739990234375,658.020363480431,642.683046737654,648.6200725735677,5191619
2025-04-07,607.5556640625,623.3382703462912,583.0654316756159,589.7445859629479,15188995
2025-04-08,634.717529296875,641.495609423011,616.5106264785046,617.1538284150932,10415072
2025-04-09,617.9949340820312,641.1493601935248,612.5031969796222,641.1493601935248,9235529
2025-04-11,632.0953369140625,641.8419905389902,620.4191982132024,620.4191982132024,7102851
2025-04-15,664.9468994140625,667.4701233373933,642.3367499831753,645.1073499851572,6085948
2025-04-16,668.9544067382812,670.8839523083441,655.4971716757581,665.5901281699269,6571065
2025-04-17,684.4896240234375,688.3487150893773,661.5331113628954,669.8944350760638,5771289
2025-04-21,695.6215209960938,709.969333306824,683.252717279947,691.4161277326039,6740583
2025-04-22,696.1163330078125,702.4986483531063,692.6530676694651,695.6215808166199,3672514
2025-04-23,696.5121459960938,706.3082029632243,678.7010674436162,702.0533462768209,5442424
2025-04-24,689.3381958007812,698.0952847112743,687.2107373947272,696.6110282590179,5010172
2025-04-25,648.3232421875,698.1942236514303,628.3352428555472,691.5645930267052,9784886
2025-04-28,615.4716796875,623.7835400340258,589.8930174788861,616.1643447821356,32221482
2025-04-29,608.2483520507812,624.1793483477296,603.7955823584542,618.440235045419,10387632
2025-04-30,605.27978515625,615.2737543090094,600.1343507788243,608.2482980207784,7374108
2025-05-02,597.2647705078125,609.8314871795877,593.2078270411639,605.2797915636138,7749204
2025-05-05,622.249755859375,624.2782879931514,600.8270239679783,603.7460737364021,8616953
2025-05-06,616.906494140625,625.218294377257,610.5736421935749,622.200318212863,5098276
2025-05-07,629.9679565429688,631.3037632321126,610.7715483621027,611.7115895555436,5983998
2025-05-08,609.3367309570312,634.0743382579383,600.6291052660218,628.3352254430376,10052396
2025-05-09,595.1373291015625,605.9228889335809,590.3877208933176,593.7025358942424,5637324
2025-05-12,639.1703491210938,641.1988209665371,604.5871598928305,604.6366230315872,9560644
2025-05-13,626.9498901367188,641.0008630473558,625.3172443049725,634.8659244081144,5748439
2025-05-14,645.1073608398438,648.4221761917235,630.9079374496204,632.7880198368233,9324793
2025-05-15,667.717529296875,672.8135009029555,637.3892569337731,647.9274421191694,9817422
2025-05-16,658.51513671875,667.7175149801617,653.1223259995432,666.9259235889368,5415727
2025-05-19,670.68603515625,676.7220479172282,659.0098959259617,662.9679133189105,4356035
2025-05-20,651.4401245117188,674.8913882401586,649.3127265270773,674.8913882401586,7035801
2025-05-21,651.0938720703125,654.7055871598309,631.9964499076472,651.4401744401881,7986603
2025-05-22,642.930419921875,647.8284782933795,633.5795921934665,645.1568046003271,6840583
2025-05-23,652.9243774414062,656.63501850528,639.3682170703596,644.1672886884836,3128629
2025-05-26,657.525634765625,660.7909870128644,645.2557567762108,657.8719371272442,2963171
2025-05-27,654.9529418945312,662.9679028306332,650.1043465070537,660.7909812200402,2493252
2025-05-28,648.8179931640625,656.9319406477282,647.135823745142,654.952932012422,3244100
2025-05-29,645.4041748046875,652.7759938629686,641.2977078328556,648.8179766928364,4173868
2025-05-30,632.6395874023438,648.0758916305334,630.5616524074687,636.3502287464441,6693573
2025-06-02,635.8059692382812,641.0998534246596,618.440181033763,631.6005760072517,4344402
2025-06-03,641.4461669921875,651.8359622153545,635.3606913465126,641.1987909154454,5336167
2025-06-04,634.47021484375,654.9034438707324,633.2827975194901,643.1283780910868,6290382
2025-06-05,644.6126098632812,647.9274252212756,631.4026907799445,640.2093035021691,4542850
2025-06-06,681.0263671875,683.6485778662754,637.5376390346474,647.1358432845986,20115034
2025-06-09,690.6740112304688,708.3861626103884,684.9843614244871,692.6530198586363,11413586
2025-06-10,693.048828125,698.5405648496566,683.4506244434608,697.6005236962625,6453133
2025-06-11,678.8494262695312,694.7309585175543,677.1672568475815,694.7309585175543,4586055
2025-06-12,661.038330078125,682.7579613627034,659.6035367760617,681.7684570708734,4970089
2025-06-13,660.1478271484375,663.314192637144,636.7460259678667,645.008362830764,4687026
2025-06-16,669.0534057617188,674.0998539046882,661.5825994321593,661.9784253390626,6882573
2025-06-17,658.0203857421875,672.6650378873137,655.0518727238017,672.6650378873137,2390137
2025-06-18,655.1508178710938,666.431191823704,652.2318283012431,656.0908590995703,3352972
2025-06-19,645.354736328125,661.9783969989645,641.1988060617772,653.8149862736409,3342726
2025-06-20,659.356201171875,663.8584942916743,643.6725813415882,645.1568378704312,7441267
2025-06-23,654.70556640625,659.2077990446832,641.495647317533,654.8539558195413,4243520
2025-06-24,668.9544067382812,674.8419697260924,666.3322564357546,666.9259348905957,4823566
2025-06-25,668.0143432617188,670.8839299517813,663.9573997015416,668.9543844460186,3211981
2025-06-26,695.8194580078125,700.1237776921289,667.1732955312319,668.0638735874257,19068571
2025-06-27,692.6035766601562,699.480643919922,689.2887008758184,695.6710159642996,7554681
2025-06-30,699.4310913085938,706.5060712216443,692.5540847292889,692.6530110016121,3721603
2025-07-01,689.1402587890625,703.0922447950933,686.7159612561508,700.5690209933066,3524637
2025-07-02,669.7954711914062,691.5150418185764,667.9153889018631,688.4476027088464,3288839
2025-07-03,668.3112182617188,677.0683070263445,665.886920684505,674.4460965132166,6014549
2025-07-04,669.0534057617188,677.2168168365279,662.9679297117667,668.8554928082672,3843226
2025-07-07,664.2542724609375,672.8629725712749,661.9784244855631,669.0534048990974,1770086
2025-07-08,661.9288940429688,670.2902172102949,660.296187838299,664.9468699900557,2820100
2025-07-09,673.90185546875,675.8314008296767,663.9573498634159,664.204725925213,3560120
2025-07-10,664.6995239257812,680.1357670894976,663.957395689169,676.8209517904494,3035156
2025-07-11,664.2025756835938,672.6014082649151,658.388031947169,671.9056358580013,4931083
2025-07-14,665.6934814453125,668.8244269008333,658.4873929936836,665.9419672539893,2832157
2025-07-15,680.304443359375,683.8329296277011,666.6377241989376,670.8122978210398,3786182
2025-07-16,664.3019409179688,669.9177444963337,650.5358512950303,669.9177444963337,9358644
2025-07-17,661.4194946289062,667.929810259501,660.8230923276028,665.941923919443,2671888
2025-07-18,641.59033203125,666.4389118930335,640.5963888367787,665.9419402957978,6570609
2025-07-21,651.6788940429688,654.0146363351166,633.6388004006639,641.5903461311821,4980207
2025-07-22,636.2727661132812,655.903144386311,635.1297071628373,654.0146280330939,4671422
2025-07-23,650.0885620117188,650.7843344106989,634.1854702200866,638.111558139242,5191770
2025-07-24,629.7127075195312,656.0025175135884,627.92362187759,656.0025175135884,7248079
2025-07-25,612.1199340820312,626.134570485721,598.0556733137842,621.2145392021436,16922561
2025-07-28,629.6133422851562,634.9805992520713,607.3489899813827,612.1199052849115,11583112
2025-07-29,634.483642578125,639.4533587749161,622.7551244867942,628.1721272743927,6858651
2025-07-30,628.9672241210938,634.4835965663973,622.3077927672288,631.153911222203,6024759
2025-07-31,627.029052734375,635.5770007801791,619.2763077927235,621.2145091945063,6481051
2025-08-01,610.4799194335938,628.1720960825705,608.5417180799902,626.1842097025625,3528632
2025-08-04,621.1151123046875,623.0035679317626,612.1696237587657,612.1696237587657,2955463
2025-08-05,626.2835693359375,629.3648295729741,617.3878264657812,626.6811708715154,3996694
2025-08-06,626.7805786132812,635.924868492161,618.6302926331194,630.1600098724805,4763826
2025-08-07,623.5502319335938,625.9854048663856,614.5550582555662,623.053260341819,3482599
2025-08-08,605.95751953125,623.0532946986258,604.2678038929449,619.5248083355505,5493423
2025-08-11,613.8593139648438,619.723603282142,605.4605422121693,606.7526562767746,3348109
2025-08-12,608.19384765625,615.2508198699899,607.2992745404908,612.2689903714277,2787285
2025-08-13,615.4993286132812,617.5865850739173,606.6532098381545,608.3429254167771,5325700
2025-08-14,612.71630859375,619.1272544800639,607.7962775337659,610.5793064098189,4279172
2025-08-18,623.0036010742188,633.6388057110133,621.6618019871404,623.2024018522437,5265058
2025-08-19,622.5563354492188,626.7309092663652,611.3744737955134,622.2084795750741,4765094
2025-08-20,612.5671997070312,621.1648329013706,609.5853700209686,619.5744873361823,5710611
2025-08-21,616.0460205078125,618.2327078132388,612.0702474672129,614.2569347726392,3993795
2025-08-22,612.1199340820312,618.2327094139732,608.8399334481404,616.0460221028852,3496256
2025-08-25,617.089599609375,620.021744126191,612.666600986653,616.2447721717821,6850166
2025-08-26,591.0980224609375,616.6920593971103,589.5076769704714,616.1454027801127,18048586
2025-08-28,568.1876831054688,584.3889459467102,566.5476524768432,573.2567694140689,20025147
2025-08-29,576.7355346679688,585.0846817109128,563.0688158369742,567.044588587809,12236788
2025-09-01,585.0349731445312,586.6253187450726,575.0955406367038,576.4870854539923,3886326
2025-09-02,581.0592041015625,592.7877830731194,578.7234617124966,586.4265219585625,4136915
2025-09-03,582.7489013671875,585.3331901545034,576.4870711754468,581.4567873062696,6612194
2025-09-04,582.251953125,592.390186571911,580.3634973187751,592.390186571911,5054056
2025-09-05,588.911376953125,592.3901783359705,582.0531442464655,585.4325755702796,4166734
2025-09-08,593.1356201171875,600.341708505708,589.2592172695844,592.3901626976854,2968301
2025-09-09,591.396240234375,595.322328248019,587.2713514354549,594.3780700170694,3947645
2025-09-10,601.1368408203125,603.1247272388092,593.0859250915925,594.9743807898768,4708224
2025-09-11,616.2944946289062,619.127269265872,599.14897371665,601.1368601992303,8412580
2025-09-12,629.0169677734375,629.8618559436578,615.4993637047344,619.4254517145101,10816255
2025-09-15,619.8726806640625,627.7744803131341,616.4435646031669,626.9793379122467,3643666
2025-09-16,614.3562622070312,624.5939256086486,610.3804894422798,619.8726954505063,4759255
2025-09-17,619.47509765625,622.208441448556,614.0084100716381,616.2447822653429,4633747
2025-09-18,623.10302734375,627.1781702694835,616.2447948765131,616.2447948765131,4675034
2025-09-19,629.3648681640625,633.4400111589678,623.3017780348486,626.1842376808415,6415748
2025-09-22,624.0472412109375,634.135789399393,621.6618138256516,634.135789399393,2712596
2025-09-23,624.991455078125,630.5575732464678,620.7175115671233,624.1963126727837,3586451
2025-09-24,621.3636474609375,626.1842479607922,616.5429862956012,624.3951622425719,2129098
2025-09-25,608.989013671875,622.2084461617036,607.1004973166943,621.3636187038736,4280161
2025-09-26,602.3792724609375,613.6605643344307,600.0932152027847,606.3053602876996,3958021
2025-09-29,608.0944213867188,611.772023261598,599.4968493356185,605.2120225829851,4098133
2025-09-30,612.368408203125,616.940583523626,607.4484376789881,608.0944643881315,5882401
2025-10-01,644.77099609375,646.0134251517903,612.3187248315418,612.3187248315418,15107673
2025-10-03,641.8884887695312,646.0630622277909,632.1478578105769,641.0933463645001,7200543
2025-10-06,667.3831787109375,671.4086365676254,642.5842835543594,642.5842835543594,10343487
2025-10-07,662.7613525390625,668.9238128739696,659.4813519195823,666.1407838836676,3729360
2025-10-08,662.8607788085938,669.2219792200281,657.9904326091911,657.9904326091911,2870458
2025-10-09,664.9976806640625,667.9298252143939,656.002506906994,662.8607391999402,2274108
2025-10-10,661.0219116210938,667.3334873269579,658.9843401985228,664.9479993858397,2480723
2025-10-13,668.0789794921875,670.1165510207936,654.7601156812083,656.0025447432218,2469940
2025-10-14,670.364990234375,676.8256209077508,662.9601014064103,670.9613318764957,4731724
2025-10-15,673.0486450195312,678.2668466867468,668.4764700165895,671.4086145150727,4687947
2025-10-16,668.4268188476562,679.6086801294944,658.2389007908704,672.7504476104416,5309779
2025-10-17,671.4086303710938,675.5335189097352,666.0413128347263,668.1286299501929,3516617
2025-10-20,689.7468872070312,694.4184323221104,673.9928512833958,674.2910827720748,6170486
2025-10-21,691.0390014648438,693.2753736378692,686.1189705510924,691.2874872618465,674998
2025-10-23,705.351806640625,713.4027221859367,691.0390004873179,691.0390004873179,8911040
2025-10-24,711.11669921875,718.968814371599,706.7433247209876,706.7433247209876,6036751
2025-10-27,715.2415161132812,725.876720689485,713.8997170338473,716.6330608860479,8133230
2025-10-28,719.3167114257812,722.4475961302275,705.948163151347,715.1421378210407,7071903
2025-10-29,733.9773559570312,737.4064720730539,713.0548640783536,719.3166940010382,10246214
2025-10-30,733.778564453125,743.3203948686133,728.7094784196739,734.0270502521271,6357608
2025-10-31,744.3640747070312,765.1374508517607,722.5966947129,729.0076403823067,18363853
2025-11-03,791.6260986328125,795.055214913594,753.9059408751772,758.1798846362976,26222030
2025-11-04,791.67578125,809.2189034936717,787.4515225302102,787.6503233089435,8543137
2025-11-06,787.7000122070312,795.7509281286964,780.2454379590152,787.799382264146,10930939
2025-11-07,816.3499755859375,820.0,780.7999877929688,792.5,9765252
2025-11-10,821.0999755859375,830.7000122070312,816.6500244140625,822.0,8623863
2025-11-11,832.2999877929688,833.2999877929688,804.0499877929688,821.0999755859375,7336169
2025-11-12,822.5,838.6500244140625,821.4000244140625,832.2999877929688,4239741
2025-11-13,814.0,826.3499755859375,809.75,826.0,6048569
2025-11-14,809.2999877929688,817.9500122070312,803.9000244140625,809.5,5672058
2025-11-17,817.9000244140625,828.3499755859375,808.5999755859375,809.0,7386312
2025-11-18,820.2000122070312,827.7000122070312,810.0,820.0,6684086
2025-11-19,818.0499877929688,826.7000122070312,815.7999877929688,824.1500244140625,3711577
2025-11-20,826.5999755859375,828.7000122070312,816.5,822.0,3187958
2025-11-21,823.2999877929688,832.0,810.5999755859375,825.0,3831244
2025-11-24,828.2000122070312,839.5,821.0999755859375,825.0,8140579
2025-11-25,838.25,841.8499755859375,827.2000122070312,828.2000122070312,5418151
2025-11-26,856.5999755859375,858.8499755859375,838.2999877929688,841.9500122070312,7052927
2025-11-27,867.6500244140625,869.5,857.25,860.0,6752154
2025-11-28,851.6500244140625,872.0,848.75,870.0499877929688,8198342
2025-12-01,851.5499877929688,865.0,849.4500122070312,857.8499755859375,6330770
2025-12-02,843.4000244140625,855.9500122070312,840.7999877929688,855.75,5587375
2025-12-03,828.0999755859375,846.4500122070312,818.9500122070312,843.4000244140625,9931005
2025-12-04,828.1500244140625,836.0,821.0,830.4500122070312,11436899
2025-12-05,854.9000244140625,857.0,828.1500244140625,828.1500244140625,12137708
2025-12-08,834.25,858.8499755859375,831.0,858.5,4117973
2025-12-09,846.7000122070312,849.0,817.7999877929688,830.0,5737027
2025-12-10,837.25,855.7999877929688,833.2999877929688,846.0,3699625
2025-12-11,847.1500244140625,850.5999755859375,835.7000122070312,841.7999877929688,4213992
2025-12-12,848.0,854.75,841.5,852.0,6036788
2025-12-15,855.3499755859375,870.5999755859375,845.8499755859375,852.0,7193809
2025-12-16,848.4000244140625,856.6500244140625,843.0,855.3499755859375,5171831
2025-12-17,864.2000122070312,875.4500122070312,855.0,856.0,11621162
2025-12-18,869.4500122070312,876.9000244140625,861.7999877929688,868.5,12481529
2025-12-19,901.7000122070312,913.5,850.5,869.0,35297309
2025-12-22,934.8499755859375,949.7999877929688,915.0,919.0,31894463
2025-12-23,957.7999877929688,959.9500122070312,931.7000122070312,938.7000122070312,14632455
2025-12-24,973.7000122070312,983.7000122070312,958.0,958.0,10574513
2025-12-26,960.25,978.75,956.7000122070312,976.5499877929688,4739099
2025-12-29,955.5,966.0,949.2000122070312,963.0,4897735
2025-12-30,979.4000244140625,984.5999755859375,960.9500122070312,960.9500122070312,17757531
2025-12-31,996.2000122070312,1000.2000122070312,979.4000244140625,983.0,9795995
