Price,Close,High,Low,Open,Volume
Ticker,TATASTEEL.NS,TATASTEEL.NS,TATASTEEL.NS,TATASTEEL.NS,TATASTEEL.NS
Date,,,,,
2015-01-01,28.898019790649414,29.008767838539413,28.372861999702963,28.372861999702963,26570816
2015-01-02,29.34815788269043,29.50892165276997,29.008770244362356,29.008770244362356,36043328
2015-01-05,29.773286819458008,30.112674453995403,29.50892132317985,29.50892132317985,54638866
2015-01-06,28.32999610900879,29.58037181958065,28.17637866066407,29.58037181958065,64767961
2015-01-07,27.786970138549805,28.422878864057953,27.40828629511314,28.422878864057953,49846923
2015-01-08,28.21924591064453,28.34428375831555,27.908437873384536,28.15136724105636,33271702
2015-01-09,28.5550594329834,28.930172963646477,28.229961611905996,28.72296665868849,53120660
2015-01-12,28.347858428955078,28.544345259673733,28.079919761015184,28.544345259673733,28244762
2015-01-13,27.972747802734375,28.49790570167298,27.879859832430903,28.3657215054282,31517083
2015-01-14,26.926000595092773,27.969172858611117,26.829542327347106,27.969172858611117,74832453
2015-01-15,27.490455627441406,27.772681221827835,26.5866082215049,27.065326362670284,73591596
2015-01-16,27.393999099731445,27.544043385817492,26.88670133671865,27.29396766846076,47636637
2015-01-19,27.490455627441406,27.64407306795724,27.190364213437096,27.479736135670677,29282226
2015-01-20,28.722972869873047,28.837294107815968,27.55118947862392,27.55118947862392,63164170
2015-01-21,28.37286376953125,29.00876964803392,28.115641742691658,28.937320674367236,40910854
2015-01-22,28.823001861572266,28.91588696550207,28.294270829845676,28.437171649926917,47523195
2015-01-23,28.801565170288086,29.43747395017217,28.508620068339432,29.29457313290406,47511356
2015-01-27,28.465749740600586,28.865869727071207,28.25854341936908,28.78013095603601,41693694
2015-01-28,27.947734832763672,28.365717770401012,27.78697106412631,28.365717770401012,41936541
2015-01-29,27.894149780273438,28.037047734196648,27.41543162176105,27.88700345216733,54190694
2015-01-30,27.897722244262695,28.22282298187267,27.615496617790278,28.044196234403675,37794421
2015-02-02,27.426145553588867,28.208525363204558,27.30825403800112,27.85842111932305,33367248
2015-02-03,27.22966194152832,27.683370821165074,27.0153121457248,27.651218065712552,36144668
2015-02-04,27.80840301513672,28.108494384634227,27.36541371808741,27.429716355076035,46397942
2015-02-05,27.09747886657715,28.065628910115322,27.011737237300597,27.987033608620052,32560341
2015-02-06,26.340105056762695,27.2010801967569,26.222213536649917,27.151064485477043,47436351
2015-02-09,24.82536506652832,25.82924117353653,24.736053121173626,25.507716453767518,79096076
2015-02-10,25.561298370361328,25.722062134830058,24.65031038028456,24.65031038028456,55432170
2015-02-11,26.079309463500977,26.343674920497453,25.221907594753034,25.722058923257617,41529388
2015-02-12,26.10074806213379,26.250792330608952,25.436259762727456,26.165050705180544,35851376
2015-02-13,26.190065383911133,26.565178993167518,26.097180272713562,26.343682847751708,39218246
2015-02-16,26.42227554321289,26.75451972840813,26.318673809705103,26.347253400961048,31397658
2015-02-18,26.257938385009766,26.575892771946357,26.05787838705345,26.575892771946357,33930341
2015-02-19,26.811674118041992,27.13677191689851,26.293659821463844,26.293659821463844,81372182
2015-02-20,26.772377014160156,27.283247882254063,26.650912333675592,27.008165769295534,36131716
2015-02-23,26.247220993041992,26.929569436935147,26.079313755052862,26.900989846743784,32382306
2015-02-24,25.65775489807129,26.43656152101448,25.52200042880051,26.300807051743696,34512444
2015-02-25,25.07186508178711,26.06502445513366,25.01470590031849,25.92212364064222,41274249
2015-02-26,24.664602279663086,25.3576673863031,24.59672360424588,25.171897180761242,84644220
2015-02-27,25.05400276184082,25.34337466839411,24.707468818067152,24.825360334598585,52634461
2015-03-02,25.189754486083984,25.6648993857045,24.936105662063717,25.536288392024442,45976126
2015-03-03,25.232627868652344,25.568445198693837,24.971835537378478,25.22191123775116,53751517
2015-03-04,24.875375747680664,25.518427917798114,24.693178729461568,25.436259457087314,49051635
2015-03-05,24.52527618408203,24.950402641031825,24.382375356702372,24.90038692232592,50067718
2015-03-09,24.0286922454834,24.557426103934283,23.935808577953253,24.52527334996889,45854906
2015-03-10,23.692874908447266,24.221605842183124,23.58212686492995,24.16087350554774,42948363
2015-03-11,23.24274253845215,23.935810526280637,23.167720393366192,23.792909703782595,49145480
2015-03-12,23.807199478149414,24.0358405078549,23.396361401856293,23.41422293184467,45390518
2015-03-13,23.3284854888916,24.03941504672635,23.221309150782616,24.00726228833467,34423720
2015-03-16,23.307048797607422,23.49639217891615,23.08555408909709,23.49639217891615,29148663
2015-03-17,23.760753631591797,24.03941033961984,23.37135030351203,23.57855661026134,45438233
2015-03-18,23.703596115112305,23.98582457624635,23.532115712196674,23.98582457624635,32534625
2015-03-19,24.050127029418945,24.63602003526902,23.839348988810745,23.882219801847754,64537645
2015-03-20,23.485673904418945,24.39309023076718,23.364207780778333,24.05012941410423,60626733
2015-03-23,23.678585052490234,23.935805622038398,23.478525086311578,23.610707819395643,37579430
2015-03-24,23.374923706054688,23.857212131600836,23.167717397188593,23.585701748295804,46746811
2015-03-25,23.08912467956543,23.50353591322221,23.006957637834947,23.435658667409204,37206304
2015-03-26,22.549673080444336,23.217731651053573,22.435351872238975,23.07840401956243,68402890
2015-03-27,22.513948440551758,22.817611574414016,22.235293161800243,22.678283935038255,42185886
2015-03-30,23.035533905029297,23.214159189037353,22.51752101052887,22.721154148988212,31389356
2015-03-31,22.6318416595459,23.321334967563896,22.52109360730797,23.314190070362404,41301004
2015-04-01,23.124847412109375,23.21415933948733,22.578253495946548,22.649703896094795,32391543
2015-04-06,22.728302001953125,23.264177923673188,22.621127103691112,23.178437718981577,38517191
2015-04-07,23.828632354736328,23.95009847360602,22.649705666570533,22.885490145957743,76555500
2015-04-08,24.014402389526367,24.214462379903335,23.478527926163032,24.014402389526367,65964997
2015-04-09,24.725332260131836,24.82178765699221,24.078706905951144,24.1144328223111,64566720
2015-04-10,24.485971450805664,24.936107093709992,24.3823697337372,24.700321212032584,50551514
2015-04-13,24.664602279663086,24.882525240842572,24.371654314782496,24.59672360424588,36136932
2015-04-15,24.125152587890625,24.664603123911306,24.021550849967614,24.65031332767434,33587067
2015-04-16,24.12872314453125,24.532416281443002,23.832204898224234,24.178738856365396,39577978
2015-04-17,24.721759796142578,25.164752016923018,23.946524840186694,24.060844628872996,73270741
2015-04-20,24.611013412475586,25.31479801189839,24.23232667291591,24.900385352541015,65778471
2015-04-21,24.882524490356445,25.150460298162116,24.546707148360984,24.75748663571918,52428633
2015-04-22,25.104015350341797,25.32908461151911,24.382370742900378,25.00398679267824,50216626
2015-04-23,26.39726448059082,26.504439359390197,25.31479334132405,25.364809047648947,127971125
2015-04-24,26.472286224365234,26.779521063172954,25.90782939152731,26.56517130869405,88782331
2015-04-27,26.357969284057617,26.636624582120742,25.829238278375808,26.372259079279836,52444209
2015-04-28,26.525876998901367,26.725939857237513,26.15790975890008,26.436565061956962,43662643
2015-04-29,26.43299102783203,27.101049672528255,26.293663380889605,26.572318674774458,57228679
2015-04-30,25.747072219848633,26.357971750845948,25.65776027614626,26.293666235917794,64867495
2015-05-04,25.839954376220703,26.207924462852215,25.522002863064323,25.832810909166973,34305965
2015-05-05,27.1582088470459,27.22251434820467,25.925693416748327,26.036441461986264,80454027
2015-05-06,26.268657684326172,27.472593688124068,26.150763296211775,27.222517977310382,62965679
2015-05-07,26.243650436401367,26.483009534469357,25.75778877241776,26.140048696459765,43462461
2015-05-08,26.20077896118164,26.793815482232947,26.015008760449412,26.443711204245247,36242093
2015-05-11,26.943857192993164,27.251094916348986,26.472288268883073,26.586606620997216,46997300
2015-05-12,25.26477813720703,26.865263606501102,25.189756006638138,26.81881820191805,57462038
2015-05-13,25.686336517333984,25.82923732510206,25.125452777897618,25.454123777518266,56637676
2015-05-14,26.17934799194336,26.279376568351374,25.53272253596306,25.72206591733199,39403302
2015-05-15,26.01500701904297,26.14361802965468,25.371954826804135,25.722061942176072,54257774
2015-05-18,26.018579483032227,26.222212624083745,25.79351022051542,26.079311822894304,25123291
2015-05-19,26.31867218017578,26.432990538121505,25.87925312456755,26.007861277256488,30854654
2015-05-20,25.8149471282959,26.250793011748634,25.404107669964663,26.250793011748634,67599887
2015-05-21,24.453821182250977,25.07901043329346,24.375225880382214,25.00756145923994,107641918
2015-05-22,24.385942459106445,24.832507843649715,24.32521011608596,24.5074100059672,41177591
2015-05-25,23.721458435058594,24.282342212035243,23.65000802639234,24.25376262073273,40876637
2015-05-26,23.782190322875977,24.042981218408503,23.52854146378175,24.042981218408503,30429951
2015-05-27,23.44637107849121,23.882218357976036,23.371348948224423,23.782188374150405,30334342
2015-05-28,23.199871063232422,23.64286185663944,23.01767260245579,23.564266554375784,48743889
2015-05-29,23.47138023376465,23.732173983210846,23.22130454512659,23.22130454512659,39061529
2015-06-01,23.55354881286621,23.80005133899147,23.389213318646092,23.57498350417931,20760333
2015-06-02,22.989093780517578,23.642862646301854,22.896208680269098,23.578558567182867,24299054
2015-06-03,22.596120834350586,23.074836176456884,22.449646841964995,23.010530660815412,30796443
2015-06-04,22.010225296020508,22.77474216005259,21.76014960608049,22.66042094553669,49858195
2015-06-05,22.228145599365234,22.663992881683154,21.59581294206976,22.078101337856346,52756814
2015-06-08,21.595813751220703,22.503229972631097,21.542226308615465,22.292453365908404,39584443
2015-06-09,21.77444076538086,21.96021096260326,20.934900283488204,21.149251501336302,72881861
2015-06-10,21.863754272460938,21.99236385967739,21.556517954005635,21.792303866047384,30657842
2015-06-11,21.3421688079834,21.928060480997242,21.23499390315686,21.870899864231724,41871487
2015-06-12,21.259998321533203,21.499355951682595,21.017067527609868,21.292149643449527,28533582
2015-06-15,21.220703125,21.631541194771707,21.152825879137545,21.292152104639424,28286211
2015-06-16,21.038501739501953,21.25642610367996,20.79199921783294,21.206410394443736,32206224
2015-06-17,21.795875549316406,22.217431658814075,21.310015361563952,21.69941728631934,87363880
2015-06-18,21.699417114257812,21.89947853624946,21.49935712267608,21.742287929830994,40722250
2015-06-19,21.788728713989258,22.131689489153857,21.72799637472257,21.824453198731486,34527411
2015-06-22,22.19599723815918,22.349614683710335,21.93520346671634,22.078104280965288,37444356
2015-06-23,22.36747932434082,22.62827168497612,22.206715538624493,22.228150233249984,31626168
2015-06-24,21.760150909423828,22.463934044593746,21.642257954498533,22.435354454457887,29723093
2015-06-25,21.627965927124023,21.77801019026055,21.5207896143568,21.706561222295427,48369200
2015-06-26,21.338594436645508,21.65654737788477,21.220701483743557,21.61367799341673,35483646
2015-06-29,21.170684814453125,21.274287967849112,20.534778960720136,21.00634932060115,37067693
2015-06-30,21.763723373413086,21.89947929193445,21.095664703491817,21.170686845321278,32142345
2015-07-01,21.931631088256836,22.078103631829986,21.677982221943175,21.792303442145066,32998153
2015-07-02,21.745861053466797,22.181708412947152,21.66369401144649,21.953067386231066,40306122
2015-07-03,21.520790100097656,21.999506778727596,21.402898585089414,21.888758730267334,28785562
2015-07-06,21.363603591918945,21.417191040967616,20.8634507298414,21.077801956446063,38921374
2015-07-07,21.306442260742188,21.652974801021877,21.15639655021627,21.556517968148736,34623754
2015-07-08,20.23111343383789,21.006348319887373,20.134656612535164,21.006348319887373,85458422
2015-07-09,20.04177474975586,20.53478128716595,19.977469238265417,20.256124547510687,65230261
2015-07-10,20.07035255432129,20.327573146970646,19.916735117580803,20.21325336037422,42208904
2015-07-13,20.324003219604492,20.41331515851674,19.934599847395926,20.256124543972,36073547
2015-07-14,20.088214874267578,20.484763096531616,20.04177232833782,20.345435458742347,36009290
2015-07-15,20.034629821777344,20.349011050449725,19.94174471883505,20.198965334000636,38623359
2015-07-16,20.06320571899414,20.470471975616984,20.0131914429938,20.370441993206573,66265783
2015-07-17,20.295421600341797,20.45975566595483,20.006046827596226,20.148947632070865,67699558
2015-07-20,20.25969696044922,20.556215218649363,20.220399308263296,20.36330012174118,39189455
2015-07-21,19.627361297607422,20.29899306724739,19.566628957146428,20.29899306724739,53479458
2015-07-22,20.034629821777344,20.077499209099948,19.19866246488669,19.380860937032725,62040733
2015-07-23,19.850757598876953,20.18540458410459,19.80662919984286,20.15230607620044,73065511
2015-07-24,19.49404525756836,19.97946645265814,19.431530765521845,19.8360469556777,39993003
2015-07-27,18.442302703857422,19.357982410947812,18.390818101102386,19.343271472718516,80278879
2015-07-28,18.33197784423828,18.567333702633096,18.122364285927404,18.460687872239035,58132539
2015-07-29,18.42759132385254,18.72914125541036,18.34301116126153,18.46068835734175,42021014
2015-07-30,18.251073837280273,18.607784981824352,18.206945443219357,18.600430249480866,54255108
2015-07-31,18.159141540527344,18.585721967055456,18.01939866120324,18.387142692998488,92870764
2015-08-03,18.236364364624023,18.445977917369,18.04146027655959,18.15913893884172,37326285
2015-08-04,18.85049819946289,19.10424018180319,18.0966255133937,18.365076962475598,102056723
2015-08-05,19.29178810119629,19.74778889770952,19.118948199038662,19.122626301654755,83749009
2015-08-06,19.1961727142334,19.51978533501421,18.846816323180402,19.295462331069608,66930773
2015-08-07,19.273401260375977,19.457272532483632,19.13365838681302,19.196175826713237,39797335
2015-08-10,19.207204818725586,19.49036716122678,19.122624662414736,19.335914840551684,35698595
2015-08-11,18.15178680419922,19.12262780865973,18.07088326445925,19.118949705753778,92651501
2015-08-12,18.31726837158203,18.968173243851815,18.100300080825434,18.710753187956907,159253705
2015-08-13,17.180944442749023,18.67398183506337,17.08533290800018,18.63353006492161,144473922
2015-08-14,17.475139617919922,17.592816825063057,16.84262223684454,17.228752367293726,95150418
2015-08-17,18.148107528686523,18.276817563372916,17.225073087128983,17.541332492261525,89473330
2015-08-18,18.559980392456055,18.747528295114193,18.137076613366425,18.24739908227345,102914736
2015-08-19,18.3724308013916,18.633528976810325,18.14810776345558,18.394496472848832,45176020
2015-08-20,17.765657424926758,18.26946478190041,17.68843198483372,18.217980173558946,48558371
2015-08-21,17.44939613342285,17.541332503580602,17.02649236450281,17.541332503580602,55073372
2015-08-24,15.158360481262207,16.86468663026723,14.904617021890372,16.86468663026723,122924725
2015-08-25,15.698938369750977,16.026230571490967,14.717066181787487,15.445196433265556,149117094
2015-08-26,15.860747337341309,16.158619174513504,15.367972868868991,15.66584323362218,87502491
2015-08-27,16.651395797729492,16.901461144887588,15.82029621827996,16.180684036342814,149329084
2015-08-28,16.838943481445312,17.25449252947371,16.416039700281647,17.107396394349287,98529305
2015-08-31,16.57784652709961,16.82055566178541,16.449136490521507,16.57049179407392,60691871
2015-09-01,15.90855598449707,16.640364525452725,15.669523450933948,16.32778318023498,67964731
2015-09-02,16.143909454345703,16.61461971661018,15.4672622560001,16.099781057454805,93517658
2015-09-03,16.897781372070312,17.114749662030402,16.335134764675185,16.43074775966584,74343734
2015-09-04,16.099781036376953,16.835266096280854,15.960038168234101,16.835266096280854,75885083
2015-09-07,15.875456809997559,16.47487711485448,15.823973679458494,16.272619750536794,51786367
2015-09-08,16.82423210144043,17.136813377600305,15.98210126526249,16.07771425756418,86455360
2015-09-09,17.614883422851562,17.78404377282052,17.08901038496128,17.3574633223661,92617483
2015-09-10,17.66636085510254,17.872297752446247,17.033843645045426,17.38319854151663,76121455
2015-09-11,17.133134841918945,17.909071528681434,16.98236063793855,17.89804016766989,62026952
2015-09-14,17.784038543701172,17.890684361166826,17.2103606409592,17.2103606409592,75142895
2015-09-15,16.813199996948242,17.934816598861122,16.805846736749107,17.780364269043563,96020858
2015-09-16,16.952943801879883,17.16255737416941,16.702878461737658,17.06326774210844,75483671
2015-09-18,16.776426315307617,17.31333063034742,16.724943187037987,17.210362901389214,80082004
2015-09-21,16.65506935119629,16.864682890641724,16.408682152382703,16.64403798959524,56410300
2015-09-22,16.188037872314453,16.835266140242194,16.12184527689192,16.76907207240068,53514064
2015-09-23,16.25423240661621,16.478555445255378,15.73939225959674,15.768812664158927,75514887
2015-09-24,15.823972702026367,16.235843610574015,15.761456739738126,16.18068238076563,59139281
2015-09-28,15.390037536621094,16.066683293825008,15.334874829329157,16.011522058952124,60148920
2015-09-29,14.8126802444458,15.20248847175279,14.687648305826778,15.077456533133766,126852012
2015-09-30,15.636421203613281,15.768809314977275,15.114226434468431,15.217194147518919,97528315
2015-10-01,15.610678672790527,15.849711123142493,15.463581100688383,15.812937466326304,51146998
2015-10-05,16.548423767089844,16.60726161768525,15.754098059864992,15.805582651554658,85242255
2015-10-06,16.732295989990234,16.842618438835412,16.412360004887958,16.747005453513754,77249270
2015-10-07,17.41629981994629,17.482493891406207,16.445458837404047,16.548428047416838,103265777
2015-10-08,17.710493087768555,17.850234476102678,17.372169506929776,17.497201430430717,93577822
2015-10-09,18.46804428100586,18.607785673142672,17.81346129876535,17.828170763998813,110419244
2015-10-12,18.449657440185547,19.266046044579408,18.372430536038667,18.76223874217882,110944352
2015-10-13,18.01939582824707,18.28784870838937,17.89068580545892,18.240042212634847,61100778
2015-10-14,18.265785217285156,18.607785433016012,17.912750694143185,17.94584919911976,66022253
2015-10-15,18.77326774597168,18.916688700671536,18.243718208740695,18.324621732963664,73557042
2015-10-16,18.6077880859375,18.87991764529925,18.269464452023126,18.821078304317012,55908272
2015-10-19,18.26946258544922,18.68868971822495,18.148107285307876,18.615140917616348,47005203
2015-10-20,17.710493087768555,18.30623524802581,17.651653756016927,18.17017048969053,55088770
2015-10-21,17.975265502929688,18.126039706226507,17.52294142062053,17.776683336597642,84411606
2015-10-23,18.092945098876953,18.50481747711482,17.956880340272672,18.195912825331696,52541287
2015-10-26,18.361398696899414,18.50114009091958,18.111333367303526,18.19223689959687,43957918
2015-10-27,18.08926773071289,18.409205230338742,17.949526336430257,18.302559397130125,35725035
2015-10-28,18.17753028869629,18.27681993216186,17.945852490717705,17.98262616007177,36074754
2015-10-29,18.210620880126953,18.493781714952373,17.99732925612851,18.115006428818866,48166846
2015-10-30,18.137073516845703,18.740170362528275,18.030427696486267,18.269460162448116,64795030
2015-11-02,17.570751190185547,18.137075924239376,17.379525192034013,18.129721191419623,51531512
2015-11-03,17.335397720336914,17.872303597370614,17.27655984964109,17.77668911265153,47156462
2015-11-04,17.313331604003906,17.651655212763682,17.19933103351022,17.589139245853925,51025097
2015-11-05,16.57784652709961,17.35746147959391,16.496942991398,17.35746147959391,92382707
2015-11-06,16.199071884155273,16.316749090315717,15.820296490289387,16.09978224760146,103978010
2015-11-09,16.34616470336914,16.504295119510918,15.640100137409659,15.812938544862394,65838110
2015-11-10,16.037261962890625,16.34616512646726,15.971069374393451,16.239520775456842,47614522
2015-11-13,16.375587463378906,16.445458162374724,15.930618023119434,16.085070359379824,46465883
2015-11-16,16.960298538208008,17.055911539984088,16.195393051580336,16.390297157855745,72667794
2015-11-17,17.25081443786621,17.339072700432467,16.982363020120758,17.05591034524354,55009409
2015-11-18,16.610942840576172,17.283911926345013,16.563136341775728,17.217717859569333,55457172
2015-11-19,16.82423210144043,16.894102794487306,16.592554352984887,16.73229721149752,38427408
2015-11-20,16.916168212890625,17.118427029151423,16.77642535645075,16.77642535645075,40508623
2015-11-23,16.50797462463379,16.978686380488234,16.408684990954075,16.978686380488234,43058887
2015-11-24,16.500619888305664,16.651395598815977,16.364555116503443,16.4270710844414,43863254
2015-11-26,16.761716842651367,16.91616917222962,16.489587318947223,16.58520031525306,48156781
2015-11-27,17.00810432434082,17.283911954746728,16.735974796503587,16.761717097227425,56606272
2015-11-30,16.842622756958008,17.23978426359268,16.827913289663265,17.092688118226096,47828495
2015-12-01,17.471460342407227,17.54133251383882,16.938234106921257,16.97500777155446,69133459
2015-12-02,17.934816360473633,18.085590585768607,17.511911142251073,17.647975902505404,92978328
2015-12-03,17.662689208984375,17.909076462509297,17.41630048304033,17.662689208984375,74604740
2015-12-04,17.670042037963867,17.964235763783385,17.438362804004427,17.508234973416496,58128529
2015-12-07,17.912752151489258,18.20326926320327,17.831848614748164,18.00468852412015,51813122
2015-12-08,17.265525817871094,17.875978991030134,17.173590915061332,17.802430185330877,47714350
2015-12-09,16.684490203857422,17.346427928213206,16.541072179563724,17.210363164222812,49622044
2015-12-10,17.13681411743164,17.265524146843493,16.658749135284157,16.7139103661151,50431953
2015-12-11,17.71784782409668,17.938492741480914,17.291265981745735,17.291265981745735,125138831
2015-12-14,18.01939582824707,18.3062348027742,17.53765276837357,17.578104531890386,118757592
2015-12-15,17.97159194946289,18.18488363267187,17.743592272055633,18.16649606319063,54777068
2015-12-16,17.997333526611328,18.284172531341937,17.80610752345759,18.13339829596449,60456339
2015-12-17,18.90933609008789,18.971852055159495,18.096624126900075,18.15914009197168,127131596
2015-12-18,18.802690505981445,18.971852307638706,18.68133520441739,18.86520647188502,72886973
2015-12-21,19.008623123168945,19.225591392400396,18.729138897403757,18.791654853937494,65025703
2015-12-22,18.931398391723633,19.25501102007852,18.86888096049683,19.049075577269154,47696874
2015-12-23,19.449918746948242,19.59333825783414,19.28811166623007,19.28811166623007,80850265
2015-12-24,19.369014739990234,19.56391885274363,19.166755893964925,19.56391885274363,40344790
2015-12-28,18.688692092895508,19.438886715104616,18.607788549187973,19.41314588317699,55814133
2015-12-29,18.776947021484375,18.913011780285476,18.633527530241505,18.813720683693226,39890593
2015-12-30,19.02701187133789,19.25501151623351,18.762237092723744,18.857850084521722,71506938
2015-12-31,19.1079158782959,19.18146468082796,18.898303778845197,19.12262681673753,46672813
2016-01-01,18.931398391723633,19.115269638321745,18.637203219231584,19.049075577269154,33079099
2016-01-04,18.894624710083008,19.35798170061872,18.615140452685896,18.754883317593926,73277332
2016-01-05,20.17437171936035,20.328822588178436,18.942432564672767,18.942432564672767,157534835
2016-01-06,19.766178131103516,20.1964366628071,19.56391928065431,20.064049988597958,78245389
2016-01-07,18.37978744506836,19.365337967836847,18.254755498435166,19.34327376650496,99751805
2016-01-08,18.651914596557617,18.85049531198926,18.31726765356076,18.53423593581238,66119688
2016-01-11,18.508493423461914,18.63352681501052,17.964234409148393,18.16649322458081,63872456
2016-01-12,18.074560165405273,18.776949730490834,17.8833341494927,18.611464545628706,56944928
2016-01-13,18.137073516845703,18.51952546238466,17.431007480516065,18.27681489429165,78536687
2016-01-14,17.559720993041992,17.83920527600588,17.026493257482915,17.2839133405226,93255592
2016-01-15,16.89410400390625,17.87230113868432,16.776426806284228,17.83552600213939,62888785
2016-01-18,17.35010528564453,17.945848917495393,16.563135666389417,16.90145924675951,88349924
2016-01-19,17.504558563232422,17.721525389652225,17.008104528071254,17.471460056974763,66168358
2016-01-20,17.063268661499023,17.210364802364452,16.65875096117611,17.122106528877556,57590017
2016-01-21,17.32804298400879,17.603850656322965,17.00810690867909,17.261848907066316,65551336
2016-01-22,18.225330352783203,18.445976725997127,17.478814025319235,17.526620518652766,68337468
2016-01-25,18.747528076171875,18.857852016209527,18.298882000265024,18.31359293871066,58531841
2016-01-27,18.946109771728516,19.115271571291732,18.637205103858648,18.754883773722874,65450038
2016-01-28,18.696044921875,19.00862622801919,18.563656782961733,18.90198039083006,63151806
2016-01-29,18.365076065063477,19.034368548453855,18.199592363678246,18.729141975013814,70827180
2016-02-01,18.335657119750977,18.7512061604805,18.12972165074249,18.306236715307605,46400199
2016-02-02,17.02281379699707,18.46068833896456,16.923524169047244,18.405527107343776,88046083
2016-02-03,16.47488021850586,17.203012167928463,16.287332284724904,16.761720746650802,81780438
2016-02-04,16.61829948425293,16.81320213201061,16.107135931662008,16.50429890556766,122903030
2016-02-05,17.199329376220703,17.526621590117497,15.886488307942178,15.886488307942178,270834540
2016-02-08,17.21771812438965,17.942171822664157,17.066943892963003,17.54868699093961,108450127
2016-02-09,17.32068634033203,17.453074479619385,16.923524867308014,16.98236420392673,79380289
2016-02-10,17.335397720336914,17.48617344504293,16.7028803034225,17.272881746513008,79938449
2016-02-11,16.51165199279785,17.453073990202977,16.243199091448087,17.353782888521764,64568420
2016-02-12,15.996814727783203,16.868364710973594,15.529782484211536,16.621978908762845,98387640
2016-02-15,18.14443016052246,18.24004463715975,16.327781607957057,16.327781607957057,142771164
2016-02-16,18.00836753845215,18.504820147499313,17.88333412424185,18.357722532811593,96005869
2016-02-17,18.479074478149414,18.600429767299357,17.504557007501717,18.01939562029396,87069402
2016-02-18,18.449657440185547,18.86520647528899,17.887010802113856,18.754884009272306,99285873
2016-02-19,18.626171112060547,18.71442789337421,18.15545944387503,18.27681472680948,71064948
2016-02-22,18.77326774597168,18.938752896618123,18.512171079556694,18.651913932056043,50489660
2016-02-23,18.64824104309082,19.240306703895627,18.54159519090723,18.813724767580485,88716625
2016-02-24,18.23268699645996,18.662945446830612,18.162814833428023,18.431267706444967,49791545
2016-02-25,18.251073837280273,18.376107231957317,17.989977158039295,18.173848411464224,58653858
2016-02-26,18.273141860961914,18.512175865648384,17.883335075450606,18.350368775369244,56015868
2016-02-29,18.320947647094727,19.391078231911088,18.02675390970086,18.159140576181446,103390953
2016-03-01,18.905658721923828,18.986562258366142,18.133398495384846,18.387141940560845,74639996
2016-03-02,19.677915573120117,19.82133653561239,19.085850045662664,19.122625179990543,80249039
2016-03-03,21.11211395263672,21.255533446337306,20.012563028513256,20.07875709404243,184028578
2016-03-04,21.22243881225586,21.41734292837921,20.9245669561263,21.255535848761266,96250795
2016-03-08,21.461471557617188,21.821859362965956,21.108437012822314,21.16727634902463,97420395
2016-03-09,21.726245880126953,21.807147941035016,20.68921088491402,20.851016479149123,106623704
2016-03-10,21.821857452392578,22.156502926827365,21.571792135950528,21.792437050657764,89814620
2016-03-11,21.626953125,21.93217966673694,21.354823614586206,21.770372612454388,80123590
2016-03-14,21.821857452392578,22.082954131118658,21.71521162499401,21.766694751296885,46658402
2016-03-15,22.097665786743164,22.211666357773787,21.630632139242902,21.843923815187743,73242181
2016-03-16,22.02779197692871,22.266824448624728,21.63798381777629,22.064567109447374,73885811
2016-03-17,21.763017654418945,22.480116556669966,21.68946886028822,22.39553492807303,84026641
2016-03-18,22.226375579833984,22.26682734741941,21.840245472632827,22.04250431055996,76773451
2016-03-21,22.325664520263672,22.50218103945551,22.11237433974806,22.211663961531677,59320800
2016-03-22,22.785343170166016,22.93243928649232,22.163857256515634,22.292567278562935,69054434
2016-03-23,23.32960319519043,23.38108632278258,22.840505384760935,22.93244027738495,66941605
2016-03-28,22.002052307128906,23.41786268502339,21.873342272774863,23.41786268502339,95197157
2016-03-29,22.34773063659668,22.634571109235484,22.064569739034614,22.064569739034614,62316927
2016-03-30,23.851797103881836,23.958442929773863,22.454374422413853,22.759600963220905,130559679
2016-03-31,23.513477325439453,23.895929352522884,23.12366909252525,23.895929352522884,140121880
2016-04-01,23.37005615234375,23.524508487836755,23.046442015581068,23.362701419455416,58463365
2016-04-04,23.561283111572266,23.763541955283877,23.145734060576903,23.226637598061547,54242901
2016-04-05,22.96921730041504,23.491412186287103,22.675022086030243,23.311217543855463,60071721
2016-04-06,24.16438102722168,24.418122997864256,23.06115193101342,23.16779776860218,153148901
2016-04-07,23.807668685913086,24.473283035902345,23.68999149073663,24.263669473693163,90365517
2016-04-08,23.68999481201172,23.888575566843407,23.465671753008348,23.75986551840415,63826169
2016-04-11,24.355607986450195,24.51373696146515,23.53921933612578,23.682638844500143,94620376
2016-04-12,23.86650848388672,24.337218746166254,23.388443488791797,23.822378614575427,116614440
2016-04-13,24.480640411376953,24.727027648727262,23.976831628511857,24.08715409629032,107946042
2016-04-18,24.679218292236328,24.80425169147394,24.09818558139452,24.41076687086014,75498166
2016-04-20,26.289939880371094,26.426003199386738,24.83735410740228,24.855741679126236,192940999
2016-04-21,26.076644897460938,26.775354866223452,25.969997583818298,26.389224743011066,108641218
2016-04-22,26.010454177856445,26.75329558689266,25.911163057118163,26.330390270343013,126959229
2016-04-25,25.5544490814209,26.014129492260043,25.341160339188455,25.92586974611976,64651895
2016-04-26,26.374515533447266,26.521613145366988,25.528707945956597,25.53238604884318,87592957
2016-04-27,26.238449096679688,26.65399810744431,26.04722310747253,26.396578053536544,63265542
2016-04-28,25.565481185913086,26.62458037924988,25.45883387915396,26.25683784918888,105791816
2016-04-29,25.822900772094727,26.0288362317256,25.205091448364207,25.572833971598886,81917191
2016-05-02,25.517671585083008,25.815541908639766,25.330120767814762,25.66844432552574,43887322
2016-05-03,25.661096572875977,26.157549181900535,25.521352219267975,25.65006226400909,66909161
2016-05-04,24.179092407226562,25.539740212088383,24.07980129480997,25.447805305704847,83523154
2016-05-05,24.403413772583008,24.624058710550294,23.84076711937978,24.19747830082434,87494787
2016-05-06,24.21954345703125,24.38135053655694,23.910640237188733,24.27102806321455,56288545
2016-05-09,24.1754150390625,24.635092501794187,24.065091093381323,24.27102804554551,48894886
2016-05-10,24.12760353088379,24.804250683005723,23.914313348976947,24.33721708284371,112833794
2016-05-11,24.25631332397461,24.41812037815136,23.47302182456854,23.52818305259809,59698606
2016-05-12,24.315153121948242,24.43283178493202,24.020959409326593,24.362959618654497,49401206
2016-05-13,23.730440139770508,24.223215998607635,23.62379432140048,24.05037612246182,58804886
2016-05-16,24.006250381469727,24.06876782033543,23.49141171153902,23.759863145957993,41258064
2016-05-17,24.061410903930664,24.355604613254528,23.859152084587247,24.182764723117835,51218361
2016-05-18,24.201152801513672,24.285734433398744,23.76721622444993,23.954765583153378,39460317
2016-05-19,23.99521827697754,24.8152834932586,23.903281909075563,24.013605845041727,68337111
2016-05-20,23.730440139770508,24.057730854168156,23.616439589694146,23.991536796392364,48398390
2016-05-23,23.0611515045166,23.958445114403403,22.983926072902047,23.88121821036985,67145522
2016-05-24,23.366378784179688,23.421540018785606,22.89199039966593,23.053797473133447,52720592
2016-05-25,23.87386131286621,24.013604170052606,23.399472985799886,23.535537740662406,57979149
2016-05-26,23.91798973083496,24.223217744532125,23.535537764864607,23.535537764864607,135319934
2016-05-27,24.241605758666992,24.41812229115807,23.87018512542814,23.97683095993037,46229763
2016-05-30,23.708377838134766,24.609346532095635,23.642183775072347,24.421798649977287,69464096
2016-05-31,24.590961456298828,24.822639214196116,23.55392649089564,23.866507779794386,105401750
2016-06-01,24.429155349731445,24.97709104804723,24.226896514317364,24.704961514006104,68046412
2016-06-02,25.054317474365234,25.146255320138927,24.296768177670113,24.418123483737087,58494475
2016-06-03,24.899866104125977,25.616966562539414,24.74173713535074,25.300705680150894,92705451
2016-06-06,24.84838104248047,25.057994611021595,24.42915537781721,24.63876894635834,52163250
2016-06-07,25.19774055480957,25.28967545804375,24.789544754915198,24.973414561383557,40920227
2016-06-08,25.116832733154297,25.48089712596808,24.89618488023782,25.24554275367321,46882315
2016-06-09,25.157285690307617,25.49928739546962,25.00650998506295,25.00650998506295,62303786
2016-06-10,24.594640731811523,25.33748205592218,24.52844665888699,25.153609303927567,57795887
2016-06-13,23.76354217529297,24.26734950162514,23.609089832081498,24.145994194274632,69029422
2016-06-14,23.899606704711914,24.083477979066252,23.63115379015153,23.903283335092713,42074229
2016-06-15,24.28941535949707,24.381351740100076,23.81502693380451,23.984188755075472,43392725
2016-06-16,24.307802200317383,24.528447151269578,23.83709189184534,24.23425339252694,68129058
2016-06-17,23.936378479003906,24.528444023981077,23.81502318248491,24.491670360983928,59857895
2016-06-20,24.7307071685791,24.782191775116058,23.74147711493301,23.859155794897735,65083484
2016-06-21,24.568897247314453,24.83735015658891,24.47328424542961,24.71231822256074,36641311
2016-06-22,24.451217651367188,24.56521821088496,24.05405474423856,24.56521821088496,48566317
2016-06-23,24.561540603637695,24.708636716512622,24.09450702188604,24.381345988031914,49168823
2016-06-24,22.994958877563477,23.270765041829943,21.792438700653285,22.586763104094906,151255965
2016-06-27,22.836830139160156,22.98760438317012,22.616185191324913,22.781668902201346,69054539
2016-06-28,22.910375595092773,23.12366577829945,22.579406749327546,22.906697492704556,83192832
2016-06-29,23.064828872680664,23.31489420042887,22.99128007364661,23.094247803326706,58946111
2016-06-30,23.6789608001709,23.848122611794043,23.182508201518715,23.2192818682111,67093399
2016-07-01,24.131282806396484,24.337218266002193,24.00624940616384,24.013605611253073,52420058
2016-07-04,24.362957000732422,24.557861069015527,24.120247913298847,24.175409136461873,33931685
2016-07-05,24.539478302001953,24.815284471745205,24.289412961660787,24.454898135925763,41390136
2016-07-07,23.366378784179688,24.804253403960008,23.263411048087367,24.579930362767048,106291493
2016-07-08,23.4141845703125,23.491411474336577,22.954505666081957,23.164119234631734,81496592
2016-07-11,24.050378799438477,24.24896099486945,23.509796388130145,23.90328120410122,80740665
2016-07-12,25.175674438476562,25.289675012206,24.197478721969315,24.267349423885815,103770397
2016-07-13,26.311996459960938,26.37819052475846,25.322769480126496,25.352188410072543,140078815
2016-07-14,26.425996780395508,26.57677247603705,25.988382103147153,26.389221645880436,83662941
2016-07-15,27.42626190185547,27.536584376023065,26.238452572038764,26.42600048363986,140974624
2016-07-18,26.893030166625977,27.90432279878889,26.73490121228177,27.466708125131774,80792694
2016-07-19,27.231351852416992,27.334321043123403,26.650317729511325,27.062188602661823,86551179
2016-07-20,27.09896469116211,27.43361015551765,26.948191946749684,27.374772298657938,62002622
2016-07-21,26.646644592285156,27.21296935701512,26.558387793667517,27.21296935701512,56084323
2016-07-22,26.878320693969727,27.132062641323287,26.21638300251512,26.64664147126739,77386653
2016-07-25,26.745935440063477,27.051162019123772,26.635612970441912,26.845226546174313,59580315
2016-07-26,27.05116081237793,27.580710409841213,26.70180585002127,26.764321815190062,81856440
2016-07-27,26.701807022094727,27.249744211866012,26.043547362780743,27.132065536762685,108728903
2016-07-28,26.31073760986328,27.013914065476964,26.220492199922667,26.923665644344826,110489179
2016-07-29,26.701807022094727,26.998867054117614,26.400983001100215,26.400983001100215,87634154
2016-08-01,27.438823699951172,27.570433835310652,26.64164093208632,26.78453098981651,105824994
2016-08-02,27.21320152282715,27.878774090486054,27.081591400290385,27.55914821667209,85102300
2016-08-03,26.927425384521484,27.5591522586356,26.690525924734075,27.423784149948464,60318473
2016-08-04,28.111913681030273,28.19464013316523,26.878538854286873,27.104155356040003,101175577
2016-08-05,28.706037521362305,28.80380788674029,28.31496810461494,28.4277793697762,95702102
2016-08-08,28.54434585571289,28.91661640958601,28.29616950138571,28.758682443606414,69929209
2016-08-09,28.228479385375977,28.762441842504856,28.096869259879817,28.502982569084658,58972708
2016-08-10,27.84869384765625,28.533065318576934,27.687001918574303,28.420257065989325,48219085
2016-08-11,27.702043533325195,28.096870921979082,27.186882922391057,27.848694566594123,46387719
2016-08-12,28.1833553314209,28.454097524524737,27.777245052956008,27.826128725467438,46298408
2016-08-16,28.514266967773438,28.653399070259645,28.05551194529159,28.202162992911617,64069405
2016-08-17,29.469379425048828,29.55210588488862,28.574429267582797,28.574429267582797,98171211
2016-08-18,29.11966896057129,29.62354962806916,28.961738011768112,29.518260321406338,62140971
2016-08-19,29.491941452026367,29.679954211977897,28.841409714392103,29.26632192441677,93910673
2016-08-22,29.191118240356445,29.443058597835236,28.916618037318642,29.443058597835236,58394206
2016-08-23,28.965505599975586,29.405458781641002,28.439064968898144,29.176081250168213,70542421
2016-08-24,28.574426651000977,29.127190995709892,28.48418125463487,28.999338834071303,44732907
2016-08-25,27.999107360839844,28.751164426002614,27.863736245976988,28.706038713587482,50105042
2016-08-26,27.78476905822754,28.273605819417526,27.623074119196,28.2021592884778,45256882
2016-08-29,28.108156204223633,28.236005370394444,27.656920133325453,27.743407573872773,39026944
2016-08-30,28.408979415893555,28.5405895563022,28.20216176028491,28.2284825838901,39931664
2016-08-31,27.833656311035156,28.67971981326269,27.73588894623383,28.427782456146986,47551031
2016-09-01,28.17207908630371,28.405217558298173,27.788528599758273,27.92389971397328,46743337
2016-09-02,28.14199447631836,28.292406475854257,27.856211376081063,28.2736045995134,29644047
2016-09-06,29.010622024536133,29.085826522175473,28.157036673171888,28.202159371755496,61176475
2016-09-07,29.326486587524414,29.64234848503667,29.07454625385053,29.112150007817636,73105470
2016-09-08,30.307920455932617,30.729071651421467,29.34904582781431,29.34904582781431,117920771
2016-09-09,29.676189422607422,30.60122123678316,29.574664111092538,30.450809241425468,62586561
2016-09-12,28.074310302734375,29.021902031732257,27.87125364172435,28.95421647806225,70506000
2016-09-14,28.119430541992188,28.427776484228623,27.310970968736818,27.826128509203144,116562841
2016-09-15,27.555391311645508,28.20968097204111,27.356095631420906,28.12695452008356,51168809
2016-09-16,26.98758888244629,27.9690234753303,26.89358249898472,27.788529653264572,63771558
2016-09-19,27.198162078857422,27.371136940627537,26.720605236931913,27.074073904658473,53756838
2016-09-20,27.495227813720703,27.826133658987313,27.017670924918857,27.39746045136388,59804669
2016-09-21,27.811092376708984,28.014146043563535,27.47266759115716,27.47266759115716,72097227
2016-09-22,28.371374130249023,28.56314786353591,28.036707330254714,28.405216908028027,70002702
2016-09-23,27.976545333862305,28.457863194756992,27.9013378184021,28.378894701285503,46832154
2016-09-26,27.807327270507812,28.31872685651667,27.705798946557454,27.92765747050722,45675140
2016-09-27,27.67195701599121,28.172076696102263,27.570431700134918,28.021664694312676,46224494
2016-09-28,28.60451316833496,28.743642248834853,27.69452213911003,27.69452213911003,66534315
2016-09-29,27.73588752746582,28.86773110989652,27.450104392792827,28.83013036387503,140239027
2016-09-30,28.145755767822266,28.386413163049927,27.32225224428957,27.664437966175946,57793064
2016-10-03,28.792526245117188,28.93917728297609,28.299928474341872,28.345051175715852,47030940
2016-10-04,29.41673469543457,29.555866791224275,28.758683996302373,29.029426231918517,89462624
2016-10-05,29.38288688659668,29.819081966829,29.25503774663545,29.721314623189137,54105738
2016-10-06,29.3189640045166,29.77020000888738,29.07078465379132,29.54082253474309,81139232
2016-10-07,30.574907302856445,30.65387279012486,29.345290243652236,29.548346934792356,121863519
2016-10-10,31.46609115600586,31.63906603047522,30.759156779843032,30.82684233844484,122199278
2016-10-13,31.120140075683594,31.616498762039623,30.744111589071995,31.135180974252783,116570010
2016-10-14,31.007333755493164,31.398403164948245,30.79675815126282,31.28559491308167,55370915
2016-10-17,30.89452362060547,31.27055210763881,30.653866232037586,30.999812921898805,70459502
2016-10-18,31.95868492126465,32.07525414520019,30.99229136591929,31.16526621867175,79611549
2016-10-19,32.037662506103516,32.169272678580555,31.676677787712418,32.037662506103516,52204584
2016-10-20,32.22943115234375,32.4813715079952,31.981251774655302,32.169264538509644,53137937
2016-10-21,32.12790298461914,32.22190936704411,31.714270686281402,32.1128620838788,43292971
2016-10-24,32.041412353515625,32.443764688994925,31.9624468797012,32.146701659395546,30249576
2016-10-25,31.22919464111328,31.52625769821658,30.710273030075925,30.834364224294315,91284365
2016-10-26,29.97701644897461,31.496174443616354,29.397931262122672,31.161507644775355,87143462
2016-10-27,29.867965698242188,30.08230226144812,28.830125655939298,29.17983331405231,143898433
2016-10-28,30.492177963256836,30.571143443082253,29.883010958445908,29.988297261149373,71249133
2016-11-01,31.4134464263916,31.88348130131953,30.165030715123407,30.447049833365547,99437101
2016-11-02,31.086299896240234,31.315674349148207,30.533535589254697,30.533535589254697,77777548
2016-11-03,30.33047866821289,31.563853401480397,29.98077402035653,30.90956378926946,89155330
2016-11-04,30.315441131591797,30.65386890729103,29.95069554505876,30.375607742377866,53491224
2016-11-07,31.029903411865234,31.23671808375433,30.55610744569666,30.55610744569666,47403698
2016-11-08,30.73283576965332,31.24047444488973,30.495936315987052,31.13518512966221,34148125
2016-11-09,30.033418655395508,30.375604359568186,28.35256891978863,28.578185404334665,62055448
2016-11-10,32.86491394042969,33.03788878822915,30.68018656815357,30.68018656815357,114386636
2016-11-11,32.07525634765625,33.20334190073642,31.887243594405135,32.52649237560301,91664460
2016-11-15,29.559619903564453,31.436004332436017,29.405449943549566,30.947167610843476,97125654
2016-11-16,29.53706169128418,30.187590363508406,28.642111633588424,29.856684561039085,86390274
2016-11-17,29.53706169128418,29.97701476498911,29.104627561531178,29.593464310092216,45781413
2016-11-18,28.96173858642578,31.014856017560263,28.67219750414454,29.334006122386107,48913275
2016-11-21,27.9351749420166,29.3001597548573,27.547866553866466,28.988055855749167,68920105
2016-11-22,28.431537628173828,28.55562881664853,28.03670722962999,28.330009295201208,43489856
2016-11-23,29.533306121826172,29.691237096838073,28.58195327111147,28.653399813288623,53784202
2016-11-24,29.94317626953125,30.13495302998922,28.999342402060666,29.10839270007576,74701409
2016-11-25,30.740358352661133,31.09758501822788,29.894291869212587,30.007100131434118,74422360
2016-11-28,30.578659057617188,30.962209503674476,30.266558150198154,30.67642640507617,49113352
2016-11-29,30.755403518676758,31.405932358472526,30.668916068209413,31.21039760867977,63137227
2016-11-30,31.214155197143555,31.28559872569054,30.405692447187132,30.811802805635516,56452274
2016-12-01,30.804275512695312,31.473605979920062,30.665143449054607,31.387118562283696,32263469
2016-12-02,30.563621520996094,30.977253810051142,30.41320950577687,30.522259797686225,38028756
2016-12-05,31.097583770751953,31.180310227888032,30.424492191251087,30.653869684511402,36737455
2016-12-06,31.469852447509766,31.639066345700193,30.984776620952353,31.135185629131225,40761211
2016-12-07,30.977256774902344,31.691713162776875,30.736599334232885,31.533779176644664,49335312
2016-12-08,32.436241149902344,32.54529142806537,31.360800345115173,31.41344499548447,99142770
2016-12-09,32.379844665527344,32.74083232043801,32.218149706372564,32.541536613490656,42976535
2016-12-12,31.902286529541016,32.37232145384757,31.823318036498662,32.2557522144708,26152011
2016-12-13,31.669145584106445,32.2595106797976,31.398403368915027,32.2595106797976,33536633
2016-12-14,31.417207717895508,32.0526985735752,31.3420032139764,31.736833634732253,34083595
2016-12-15,31.533775329589844,32.14294231905913,31.048699529170683,31.255514162665968,46751450
2016-12-16,31.138946533203125,31.796997234390926,31.02237729374774,31.796997234390926,37238926
2016-12-19,30.86068344116211,31.308158492502024,30.766677064296207,30.90956711847532,24638319
2016-12-20,30.34552764892578,31.13518547718081,30.16503382880065,30.96973255780016,37167458
2016-12-21,30.420730590820312,30.706513712675797,30.18759212446336,30.45833434634658,28835901
2016-12-22,29.495698928833008,30.522259180511696,29.349047894477653,30.420730846452326,42870755
2016-12-23,29.3941707611084,29.747636396004282,29.108387664510364,29.593463420925314,41901726
2016-12-26,28.585708618164062,29.30016185442649,28.465378415883574,29.21743540495696,33924569
2016-12-27,29.5107421875,29.683717069245983,28.378895544670826,28.72860327509439,40872165
2016-12-28,29.213674545288086,29.612265895357503,29.067026533353882,29.582184097463767,41356496
2016-12-29,29.506982803344727,29.623552041220414,29.12343231061855,29.21743869203106,35917764
2016-12-30,29.42425537109375,29.736359317353614,29.187355925237558,29.555865505193587,32065755
2017-01-02,30.58994483947754,30.710272040671693,29.247519658827677,29.58970841799941,58548488
2017-01-03,30.33047866821289,30.751632852249866,30.176308708548728,30.61250077962574,35044374
2017-01-04,30.492177963256836,30.759156203505505,30.187592955255738,30.39064962725647,35099342
2017-01-05,31.533775329589844,31.774435752090795,30.63130627318927,30.766677384447153,75532720
2017-01-06,31.552574157714844,31.99252721558856,31.25551114169623,31.624020684237845,43433597
2017-01-09,31.736825942993164,31.90227882270738,31.537530291919648,31.8646750742658,32776833
2017-01-10,32.48137283325195,32.52649553707507,31.78195737363219,31.7894793298651,53724867
2017-01-11,33.71099090576172,33.91404460306323,32.68819142853816,32.73707511637635,119983314
2017-01-12,33.65834045410156,33.929079674365745,33.33495356528627,33.76738773555375,56274460
2017-01-13,33.568092346191406,33.87267735935812,33.18078388509323,33.84259555807553,44420995
2017-01-16,34.478084564208984,34.557050048047934,33.334954998416954,33.410162515361804,70071305
2017-01-17,34.16221618652344,34.56456853266976,33.91027885915963,34.523203800266344,35085425
2017-01-18,35.22262191772461,35.34671010218384,34.1622188380562,34.199822595670476,95692047
2017-01-19,35.13236999511719,35.25645816719114,34.77138238938616,35.24893922313357,36159719
2017-01-20,34.18101501464844,35.18125131303228,34.03812497521956,35.045880217157105,51717555
2017-01-23,34.73002243041992,34.895475342370155,33.887716970599776,33.91027982629888,45657685
2017-01-24,34.914276123046875,35.083490022088384,34.48560291960264,34.74506523519674,39169155
2017-01-25,35.30910110473633,35.854343464464584,35.053402817763825,35.12108836694852,66204769
2017-01-27,35.294063568115234,35.63249134627584,34.84659152328917,35.335428301530946,52243335
2017-01-30,34.748817443847656,35.233896203654446,34.60592740344148,35.233896203654446,34875839
2017-01-31,34.824031829833984,35.45200075416176,34.60217326498409,34.60969522126676,47691783
2017-02-01,35.69265365600586,35.790421008119885,34.38031334660311,34.899231906102024,58490623
2017-02-02,35.869384765625,36.16644778540712,35.06468313245099,35.60992549829885,62851755
2017-02-03,35.557289123535156,36.098770637936326,35.20758137115368,35.86563213634867,55469232
2017-02-06,35.6024055480957,35.91827046189211,35.28278266779484,35.67761305724257,50453281
2017-02-07,35.557289123535156,36.08372973569115,35.35047445927029,35.730264016142115,50765665
2017-02-08,35.39558792114258,36.50487148634575,35.15493053688471,36.47478968971237,118473925
2017-02-09,34.583377838134766,35.60241641070168,34.33144043472136,35.32039719892774,68075108
2017-02-10,35.211341857910156,35.4820841169266,34.63601756869182,35.121096445699074,83045940
2017-02-13,35.542236328125,35.87314208917421,35.35422360737744,35.58360105385147,51417986
2017-02-14,35.527198791503906,35.711453563770434,35.053402956526355,35.640007036861334,34130103
2017-02-15,34.602169036865234,35.70393374782194,34.3878324544883,35.54976377478012,44384867
2017-02-16,35.34294509887695,35.45951432525174,34.26750425207742,34.94811472246941,50594978
2017-02-17,35.211341857910156,35.71146163695259,35.09477260874381,35.51968486641875,41166906
2017-02-20,36.62896728515625,36.775618320648995,34.951878304831865,35.19629669731978,88599048
2017-02-21,36.922264099121094,37.29453159603107,36.47478910065141,36.77185210719248,84637408
2017-02-22,36.40335464477539,36.9598770455408,36.14389231326898,36.884669525269416,52590986
2017-02-23,36.53119659423828,36.69288851518996,35.9596334046448,36.48231292020194,50491014
2017-02-27,36.143882751464844,36.71168793677397,36.061156307766396,36.489829424095554,28663608
2017-02-28,36.301822662353516,36.53120015605707,36.13260876988655,36.21157424930738,35716963
2017-03-01,37.629207611083984,37.79089956355052,36.35447086017582,36.474798074369595,80993746
2017-03-02,37.20052719116211,38.0240307072659,37.020033393571865,37.753288505285056,60064342
2017-03-03,37.234371185302734,37.43366686579806,36.81697794731559,37.1930094648633,35244808
2017-03-06,37.05387496948242,37.67808279141099,36.86962020034163,37.234368761230556,43594723
2017-03-07,36.249176025390625,37.15164505059397,36.14764769545692,37.114041296279765,53773443
2017-03-08,35.53096389770508,36.580084013748284,35.354231059814886,36.467275755282394,62297509
2017-03-09,35.30533981323242,35.74905685642741,35.17372969347535,35.4895945831305,47188140
2017-03-10,35.177494049072266,35.67761375665332,34.760103807651,35.23389968203817,47480193
2017-03-14,35.538482666015625,36.02356148732318,35.38055170718503,36.02356148732318,58416709
2017-03-15,36.02731704711914,36.098763577202874,35.37678836588263,35.643769598099674,58377790
2017-03-16,37.57655334472656,37.678081664145616,36.245411294010786,36.463508830778665,109072712
2017-03-17,37.768341064453125,38.26093588472499,37.45999503909773,37.8924292613171,71376618
2017-03-20,37.35093688964844,37.8059308275086,37.00122923736733,37.79088992956873,41937507
2017-03-21,37.3321418762207,37.700651471457846,37.0275598729666,37.36974563357747,52141219
2017-03-22,36.70793914794922,37.136612406614205,36.580089968289215,36.85082923044029,48831437
2017-03-23,37.26445388793945,37.34718034201607,36.66280886541301,36.66280886541301,43316671
2017-03-24,37.09148406982422,37.5953617661857,36.93355009727536,37.305820666633075,32350073
2017-03-27,35.83554458618164,37.05763952879732,35.69641550992307,37.05763952879732,64970273
2017-03-28,36.113807678222656,36.29806247501164,35.8731502568438,35.91451198079695,46146477
2017-03-29,36.42967224121094,36.46727599801362,36.11756828660776,36.24917842422586,34262479
2017-03-30,35.91074752807617,36.57631704741223,35.78289537896885,36.42966603429782,48727568
2017-03-31,36.301822662353516,36.54248007849111,36.02731945653127,36.1476496701957,33748119
2017-04-03,36.53871536254883,36.843300337829014,36.309337892311575,36.54999829501983,32960346
2017-04-05,37.099002838134766,37.46751242780558,36.59888612208585,36.70041445870074,51637081
2017-04-06,37.72697067260742,37.93378831798503,36.395828433569385,37.12908360334793,53098461
2017-04-07,37.09148406982422,38.08043758406341,36.89970731824284,37.67056626892946,56468564
2017-04-10,37.253177642822266,37.51263695265574,36.88090705713895,37.37726583058908,31410883
2017-04-11,36.70793914794922,37.30206534894777,36.572568011277795,37.26446158627421,42873212
2017-04-12,35.90323257446289,37.04260113962186,35.79794626849166,36.88090618586687,52561471
2017-04-13,34.861629486083984,36.03860174535285,34.76010416361155,35.67761412200963,62005435
2017-04-17,34.775142669677734,35.188774920281595,34.5758469938781,34.602167814338394,39758080
2017-04-18,33.83506774902344,35.64752758027064,33.69217771205404,35.12860605874466,76697239
2017-04-19,33.89900207519531,34.25622877603009,33.24471228299934,33.69218740923614,98947847
2017-04-20,34.173492431640625,34.27878172898359,33.71097954788828,33.89899227875541,42222213
2017-04-21,33.90652084350586,34.647298013053344,33.77491070176489,34.594653354118684,48743564
2017-04-24,33.895240783691406,34.188542893953155,33.62450153236965,33.99301116497029,52020178
2017-04-25,34.19230270385742,34.43672112072306,33.94036534172982,34.09829631533792,44610082
2017-04-26,34.12837600708008,34.84283234471941,33.90275948411664,34.36151448603159,49063275
2017-04-27,33.530487060546875,34.20733653134163,33.391354984462595,34.143411959472935,64969927
2017-04-28,33.78618621826172,34.49688149321179,33.53048792420084,33.6921798467618,65664757
2017-05-02,33.47032165527344,34.14341318394904,33.346233484534864,33.9177966855929,49217735
2017-05-03,33.15070343017578,33.838835954429975,32.90628502083889,33.63954024884956,52572996
2017-05-04,33.2747917175293,33.692185009297845,32.7972348205727,33.61697749162134,68599439
2017-05-05,32.60921859741211,33.20334166374083,32.18806437209631,33.20334166374083,59847399
2017-05-08,32.48137283325195,32.81979762871247,32.195589686656014,32.639303802228575,57892409
2017-05-09,32.6016960144043,33.09053277338765,32.43248213199041,32.48888776319207,49739988
2017-05-10,32.89876174926758,32.98148820844263,32.571616890527906,32.73330883091748,37155377
2017-05-11,33.17701721191406,33.496643070854574,33.06796994818607,33.14317443848282,58075629
2017-05-12,32.842350006103516,33.38383131276651,32.53400410039462,33.27102007242004,60840632
2017-05-15,34.297584533691406,34.36150910481369,32.925080720882924,32.94011860812136,102387066
2017-05-16,34.3351936340332,34.89547697417529,34.24494521820773,34.824030437113095,108098645
2017-05-17,37.144126892089844,37.52767739620407,35.03084566938602,35.34671061329235,518583508
2017-05-18,36.56880187988281,37.35094069725112,36.36950619787467,36.71169193047331,140336515
2017-05-19,36.81322479248047,37.30206161351761,36.11757030864122,36.85082554019694,95252188
2017-05-22,36.580081939697266,37.37350369305713,36.425908955526936,37.065157724716464,65312372
2017-05-23,36.88090515136719,37.36598397664311,35.91827246781784,36.77937982625481,102647904
2017-05-24,36.3507080078125,37.2268532885538,36.21157590958472,37.03884052047358,75995954
2017-05-25,36.45223617553711,36.6289690198302,35.85058809366672,36.47479602133286,67817838
2017-05-26,38.48654556274414,38.719680994318004,36.52367368629519,36.617683065597674,170458469
2017-05-29,38.18196105957031,39.15587656044641,38.065394847957315,38.51286685189228,71083536
2017-05-30,38.49406814575195,38.655760077771966,37.92250491703312,38.23460885896676,42846530
2017-05-31,37.95634841918945,38.73096832775905,37.79089550624483,38.36621972371335,45818800
2017-06-01,37.388545989990234,38.200766639726034,37.151646543955756,37.95634824924113,40791839
2017-06-02,36.99747848510742,37.843541956752524,36.704173390113986,37.749535573501156,59630340
2017-06-05,36.94859313964844,37.595360881600854,36.625206257481,37.07644229690031,49779538
2017-06-06,36.873390197753906,37.339667195160764,36.73426110090935,37.14412944600928,43281152
2017-06-07,36.91474914550781,37.17796639584348,36.62520505111365,36.9824316885597,34502787
2017-06-08,37.52767562866211,38.46022650424194,37.42238932644654,37.8284996573748,125201083
2017-06-09,38.13307571411133,38.23084305653845,37.29077338279792,37.48254709036094,66471034
2017-06-12,38.2346076965332,38.67080281314034,38.01651013822964,38.1819630429853,55453719
2017-06-13,38.24964904785156,38.57303591707162,38.016510587378605,38.279730847036895,62615257
2017-06-14,37.80217361450195,38.336136083705945,37.689365363124324,38.204525955233535,49290966
2017-06-15,37.794654846191406,38.0917178810505,37.54647548752972,37.66304471710677,42803287
2017-06-16,37.749534606933594,38.18196576553244,37.689367993792516,37.903704589727745,35948181
2017-06-19,39.073158264160156,39.152123751259,38.16692812366501,38.377503759659106,100698698
2017-06-20,39.28373336791992,39.53191276057636,39.14460427561962,39.407824569843896,62050673
2017-06-21,38.930267333984375,39.381500399573774,38.78361628654867,39.20476754925764,44722568
2017-06-22,38.73097229003906,39.28373370822182,38.505355753375675,39.18220536336583,40020828
2017-06-23,38.14812088012695,38.64824058009001,37.80593514334803,38.64824058009001,41937853
2017-06-27,38.42262268066406,38.64071722337555,37.888660223039146,38.354937129067046,47716145
2017-06-28,39.15211868286133,39.32133256987597,38.30981624792437,38.5053509568341,72381912
2017-06-29,40.23884582519531,40.35541506681765,39.26117220022269,39.47550880434229,101307681
2017-06-30,41.043540954589844,41.205232873287265,39.86281083916215,40.19371663146893,88894303
2017-07-03,41.40829849243164,41.61511315183284,40.7652886446035,41.02474796622058,67677306
2017-07-04,41.17891311645508,41.7053536157705,40.942013687286746,41.44589434366584,52898301
2017-07-05,41.35940933227539,41.55118306439325,40.91193427947589,40.9420160792758,49602847
2017-07-06,41.7128791809082,41.92721578997158,41.2879669409315,41.36317445916649,68293710
2017-07-07,41.615108489990234,41.73167772498428,41.430853698471175,41.58878766742661,43034358
2017-07-10,42.066349029541016,42.23555992776257,41.3030089592477,41.52862850886236,11320169
2017-07-11,41.878326416015625,42.26187687778887,41.75423824346047,42.14530764932044,51564816
2017-07-12,42.047542572021484,42.2054735294864,41.739199601585064,42.11522812841823,42624612
2017-07-13,42.41229248046875,42.56646246483125,42.13027032387541,42.49125796162897,44634265
2017-07-14,41.99489974975586,42.483736554867775,41.87081156507028,42.483736554867775,49097544
2017-07-17,42.100189208984375,42.39725227106141,41.89713253024067,42.273161074765355,25825143
2017-07-18,42.363407135009766,42.79208034485722,41.88961122180769,41.93097595827633,36130614
2017-07-19,42.9575309753418,43.04401841054849,42.36716585159284,42.41604953041553,34489657
2017-07-20,42.65135192871094,43.152727294660544,42.57863228797785,43.04173383618922,34222531
2017-07-21,42.34899139404297,42.7164114270356,41.61415132805771,42.7125834326644,34584667
2017-07-24,41.98539733886719,42.43701793506535,41.897371855216086,42.43701793506535,22676245
2017-07-25,42.326026916503906,42.41022746927651,42.004533618204164,42.01601760143275,29810704
2017-07-26,43.305816650390625,43.47421777145562,42.414059372546305,42.48295101887723,74390074
2017-07-27,42.96135711669922,43.520143155224744,42.72023637905014,43.3976687892136,42185823
2017-07-28,42.245662689208984,42.92692016970911,41.981580060431476,42.92692016970911,25313280
2017-07-31,43.409156799316406,43.73830307223831,42.34899833496883,42.34899833496883,59036776
2017-08-01,43.81484603881836,44.03300188744402,43.52397055236829,43.60817110911587,53437033
2017-08-02,43.573726654052734,43.9220128757367,43.2866822180382,43.86077415491491,31358550
2017-08-03,42.81209945678711,43.504837820523484,42.678144152049946,43.40150341060018,34494894
2017-08-04,44.07892990112305,44.45783394985489,42.81209658357648,42.81974950813046,35301371
2017-08-07,45.93133544921875,46.05380981587449,44.70277604765757,44.77932061128779,115592594
2017-08-08,47.18668746948242,47.87942879186771,46.38678375864437,46.71210504806829,210405668
2017-08-09,46.314064025878906,47.48904375590571,46.118873091550675,47.15224154893729,54607021
2017-08-10,46.26048278808594,47.05273359883027,45.77824436344274,46.29493167361131,80652309
2017-08-11,45.678741455078125,46.382960705908715,45.257735585765396,45.92751514297844,90049019
2017-08-14,47.7454719543457,47.88708015783457,46.310237688836295,46.493947699340275,89803620
2017-08-16,48.31574249267578,48.4267328801594,47.492873845911326,47.841156986488556,76939845
2017-08-17,47.87177658081055,48.75970890801078,47.7722671083996,48.2315437182677,48456307
2017-08-18,47.89091110229492,48.128203852323644,47.466083400810476,47.64596542814936,35541878
2017-08-21,47.57707214355469,48.886004088289546,47.38953413372904,48.44586748892623,43827924
2017-08-22,47.42781066894531,48.22005843216693,47.02977279004971,48.22005843216693,38737966
2017-08-23,48.57599639892578,48.717607675819615,47.19051678035115,47.76461174718688,41132489
2017-08-24,48.91279602050781,49.03144238908729,48.269809446583366,48.68315927189792,51528531
2017-08-28,48.67167282104492,49.21132191127636,48.36166353262616,49.000822079865806,37426701
2017-08-29,48.23919677734375,49.02379163964895,48.066970729904405,48.64489065746523,36140921
2017-08-30,48.886009216308594,49.09651214946769,48.537726055725436,48.60661770186131,36989980
2017-08-31,48.84008026123047,49.21898123296473,48.39228764648134,48.75587970475091,68373774
2017-09-01,49.84666061401367,49.965306995974714,48.91662953185672,48.98552117717911,64575820
2017-09-04,49.490718841552734,49.88493178388161,49.104161888230095,49.83134905538043,25309449
2017-09-05,49.915550231933594,50.095432262498264,49.544302187151864,49.57492001386319,33260503
2017-09-06,49.98444366455078,50.22173336248537,49.41034866618706,49.53282304226605,28617289
2017-09-07,49.969139099121094,50.29062938392817,49.77777306139736,50.29062938392817,26286330
2017-09-08,50.16815185546875,50.80348248613652,49.89641328016148,50.06864238632067,49460121
2017-09-11,50.71928024291992,50.81496171433729,49.95382234188615,50.290621489056974,33680335
2017-09-12,52.273162841796875,53.04627675969964,51.63017622011502,51.66845003600853,108238379
2017-09-13,52.024391174316406,52.34205650284809,51.718206765056486,52.18513630351166,24700131
2017-09-14,51.8751220703125,52.3305706465273,51.4464663896676,52.01290534796527,20005664
2017-09-15,51.97079849243164,52.15833649487734,51.40436262058972,51.74499280738197,34026916
2017-09-18,51.50770568847656,52.280819618018796,51.369922401063576,51.744998446832795,24070103
2017-09-19,51.775611877441406,52.15451282080443,51.51535730318141,51.56893696387213,38928081
2017-09-20,52.636756896972656,52.954416077125735,51.626350244751194,51.76030246797033,92165763
2017-09-21,52.59465026855469,53.29504757653335,52.14303275054847,53.1075095665248,64366580
2017-09-22,50.06098556518555,52.35735930651935,49.83134880402166,52.35735930651935,46381421
2017-09-25,48.97020721435547,50.15284299134582,47.695721022069264,50.13753101314108,74144046
2017-09-26,50.068641662597656,50.29062243527473,48.90131788183086,49.18070937734698,41446259
2017-09-27,49.70505142211914,50.52026721620389,49.222812949399355,50.52026721620389,52058583
2017-09-28,49.73183822631836,50.25235045422478,49.192189091267586,49.97678389510187,69053825
2017-09-29,49.94999694824219,50.29062410756872,49.75863093059607,50.12222605763893,29796912
2017-10-03,50.58150100708008,50.97188597765234,50.25235475758341,50.25235475758341,29913418
2017-10-04,50.44371795654297,50.71545654583516,50.095434796600415,50.55088342030114,29226912
2017-10-05,50.596805572509766,50.929779788114566,50.325067007869905,50.367168816543845,16296360
2017-10-06,52.92762756347656,53.107509584839825,50.90681739057588,50.92212630314845,99343423
2017-10-09,53.37160110473633,53.918903217854535,52.93911431614259,53.04627978080874,58978544
2017-10-10,52.87787628173828,53.89976388550908,52.44156458283175,53.65481513867003,44061515
2017-10-11,52.22723388671875,53.49023918328316,51.53832357850957,53.1610929428156,43999504
2017-10-12,52.939109802246094,53.107510909592484,52.158339917331936,52.663543239371116,47487845
2017-10-13,54.412620544433594,54.91782391893282,53.19936991151362,53.39456393543472,101064329
2017-10-16,54.72645950317383,55.07474266329846,54.47386088747175,54.59250727067759,44220488
2017-10-17,54.53891372680664,54.97522537988399,54.22890442848708,54.72645172941835,29402091
2017-10-18,54.31694412231445,54.944618836222105,54.125575021364284,54.795354615298415,35701544
2017-10-19,54.00309753417969,54.42410337850186,53.80407859567303,54.25952719641596,4307990
2017-10-23,54.500648498535156,54.680530541073615,54.018413098460684,54.08730474557067,28548854
2017-10-24,55.05942916870117,55.74833940379856,54.65756026762349,54.8604102476934,47809675
2017-10-25,54.929298400878906,55.625870787660276,54.30927977238925,55.269931670318336,33219096
2017-10-26,55.81723403930664,56.09280060002944,54.79152155513215,54.936954694639866,59475816
2017-10-27,55.63352584838867,56.24206974512018,55.31203558573456,56.100455393036256,29148327
2017-10-30,54.97905349731445,56.26120176601748,54.588671622337685,55.87081376134588,52971878
2017-10-31,53.87297439575195,55.863170064103,53.367771021394276,55.41920234790465,142174315
2017-11-01,54.1408805847168,54.88337667119632,53.85766415638961,54.6192910210011,57294888
2017-11-02,54.04903030395508,54.26718616233851,53.39073166919562,54.26718616233851,33414711
2017-11-03,54.26335144042969,54.58101675208541,53.8614886387905,54.19445979876369,34506786
2017-11-06,54.102603912353516,54.803001216509536,53.52850896724753,53.96099570566708,41384185
2017-11-07,53.06159210205078,54.588683303137586,52.53725789364165,54.339909585014084,46784135
2017-11-08,53.05775833129883,53.620372398404186,52.36119203661323,53.214678526514795,37686385
2017-11-09,53.84235382080078,53.96865619037286,53.08455186275867,53.50555158840535,26681686
2017-11-10,53.754329681396484,54.24805215141787,53.25295735113887,53.6280273014547,30366996
2017-11-13,52.89701461791992,53.92272717913802,52.59465513838961,53.85001060392225,33991271
2017-11-14,52.47218322753906,53.20702334981057,52.181310800301034,52.778367633434726,38746541
2017-11-15,51.87895202636719,52.16599952767341,51.22831245366866,51.97463657003436,45112424
2017-11-16,52.5372428894043,52.778360548178895,51.76029799497324,52.27315726572659,25878074
2017-11-17,53.6739501953125,54.293968835688844,53.12281706636028,53.12281706636028,42330659
2017-11-20,53.746673583984375,54.18681638299353,52.828126425470074,53.421358374333046,34524451
2017-11-21,54.450889587402344,54.99819166268282,53.735186402059036,53.88062567474352,38387418
2017-11-22,54.427921295166016,54.88336983722437,54.0643262214227,54.611628231796104,23847964
2017-11-23,54.55423355102539,54.84510598501963,54.12940275459864,54.60781321818118,38658332
2017-11-24,54.228912353515625,54.56188353601729,53.83087445460123,54.50447893882416,20206969
2017-11-27,53.77729034423828,54.27101280345142,53.50937974005151,54.27101280345142,19579324
2017-11-28,53.87679672241211,54.569538097468985,53.36394351283733,53.71988265459678,26703906
2017-11-29,54.293968200683594,54.42410162214913,53.75049719672797,53.75049719672797,32084900
2017-11-30,53.134300231933594,54.11791391354541,52.81663494601281,53.964818664603655,41880828
2017-12-01,52.12007141113281,53.42135672842847,51.82154298084372,53.19171381617947,41374256
2017-12-04,52.64823532104492,53.03861718330407,52.08944622836656,52.441560407015494,24375802
2017-12-05,51.72203063964844,52.476007663295704,51.36226657122867,52.433908916926406,34943035
2017-12-06,51.10200881958008,51.396709220516335,50.57384060374371,51.05607901657003,44777053
2017-12-07,52.66354751586914,52.81664278754049,51.28572378415156,51.28572378415156,42212179
2017-12-08,53.413700103759766,54.64226269902642,52.44539211698011,52.74775160336284,78807287
2017-12-11,53.54765319824219,54.08347440300407,53.17257712896976,53.486417539931495,23169687
2017-12-12,52.80516052246094,54.202118062690836,52.518113025087416,53.49023977882889,41775280
2017-12-13,52.11624526977539,53.057760347147465,51.73351322128527,52.96207580260109,38435395
2017-12-14,52.49131774902344,52.720954510578885,51.369920708136156,52.433907026210846,32998436
2017-12-15,53.1764030456543,53.64715748687178,52.89701155057372,53.27591251320888,33150073
2017-12-18,53.94186019897461,54.714974091283636,51.59190069628532,52.74774660516415,53465226
2017-12-19,54.36286163330078,54.50064491846998,53.98013573422637,54.27100815308633,21360971
2017-12-20,53.79642105102539,54.87571933309276,52.9659025645928,54.87571933309276,77547988
2017-12-21,54.69966125488281,54.902511243279775,53.65863680622532,53.79642008483974,50398659
2017-12-22,54.439414978027344,54.86807072704091,54.125574558907154,54.86807072704091,34876783
2017-12-26,55.239322662353516,55.495746225634,54.50065141381192,54.65374669544349,63096450
2017-12-27,55.377098083496094,55.847852522191666,54.9522673189982,55.24696466074962,37906729
2017-12-28,56.35688400268555,56.60565768448337,55.46512367805057,55.49957256536617,121467439
2017-12-29,56.06217956542969,57.01516929560754,55.87846649223172,56.49083522996563,29562261
2018-01-01,55.28140640258789,56.29181292009985,55.07473150632034,56.06982604794843,19249201
2018-01-02,55.824893951416016,55.974158160681725,54.749420529039206,55.419200070661574,25896915
2018-01-03,56.25737380981445,56.45256782291685,55.974157374021736,56.03156196932082,27654851
2018-01-04,58.19397735595703,58.43892607861257,56.03155598309412,56.3760141665637,84839667
2018-01-05,58.993896484375,59.468482052394364,58.36622176362156,58.481037095748164,74902157
2018-01-08,58.84462356567383,59.54118983464192,58.55757608323391,59.533533845712675,27125386
2018-01-09,59.11635971069336,59.77082724218316,58.71066584938726,58.94030261188799,33564228
2018-01-10,59.15846252441406,59.476127858165306,58.396835613151744,59.03599121057589,31392536
2018-01-11,59.01303482055664,59.545025002645396,58.81401585234572,59.158467986744036,20307574
2018-01-12,58.959434509277344,59.460812866391855,58.178670809062126,59.03215720417075,22775863
2018-01-15,59.973670959472656,60.70086119023497,59.01685009647324,59.093397727015585,43786108
2018-01-16,58.614990234375,59.91626937036398,58.18250345576055,59.91626937036398,29298001
2018-01-17,59.24649429321289,59.54885379398107,57.94521505917114,58.787220711714795,31364071
2018-01-18,57.5433464050293,59.69428093496957,57.11851562662104,59.32303595113971,48458449
2018-01-19,57.6390266418457,58.32794309614175,56.83529486496384,57.600758954113964,33776091
2018-01-22,57.57778549194336,57.89928184983708,57.206540531775715,57.56247964425016,37845999
2018-01-23,59.68663024902344,60.24923817644067,57.562482516089574,57.562482516089574,84355326
2018-01-24,58.335601806640625,59.75169633932314,57.95669467425596,59.74404034954156,51799508
2018-01-25,58.875244140625,59.1775974853456,58.040894550753755,58.55757881733099,88142731
2018-01-29,59.94688034057617,60.60900381689292,58.951785726246655,59.016846304271134,68308614
2018-01-30,59.388099670410156,60.00429336912872,59.03598548274539,59.751688646726635,63179831
2018-01-31,56.64592742919922,60.08863384623881,56.37677865156465,59.09238064802957,129589020
2018-02-01,55.97908020019531,57.26456909836559,54.76188222930499,56.88294044370959,74039310
2018-02-02,53.86605453491211,55.67779619068762,53.512548901588374,55.59744815022348,65009260
2018-02-05,53.35185623168945,54.19144049638085,52.263210217396384,53.10680943202845,46987220
2018-02-06,53.38800811767578,54.552987195430035,50.82104839129658,51.499945764405474,67045570
2018-02-07,53.17109680175781,54.81009779382484,52.78544698551433,53.669226537385676,67895210
2018-02-08,53.9463996887207,54.39230436944521,52.54441579188505,53.03048836556148,58455900
2018-02-09,55.05915451049805,55.436768260560356,53.03852496934745,53.32374582195685,91402880
2018-02-12,57.29269027709961,57.59799812733299,56.03130324400099,57.52568611502166,120363070
2018-02-14,56.882938385009766,57.88722750812297,56.60575360627942,57.790813545614135,48859510
2018-02-15,56.284385681152344,57.778768541250216,56.019251854107075,57.152093044375945,51312450
2018-02-16,55.41667938232422,57.00345516546559,54.92257078948217,56.88294535967127,50127600
2018-02-19,52.130645751953125,55.709927818803386,51.33926536830322,55.709927818803386,176587080
2018-02-20,52.327484130859375,53.146987579829776,52.07440741165252,52.60869002061483,102144780
2018-02-21,51.495933532714844,52.66894257210844,50.85720401358955,52.616717572679946,103075390
2018-02-22,51.22277069091797,52.04628605189301,50.845156945342055,51.44773357108012,89506310
2018-02-23,54.45256042480469,55.14752681925401,51.33926397485109,51.48789681160464,218662140
2018-02-26,54.64939880371094,55.6496730608049,54.086999299538554,54.63333287346096,91997750
2018-02-27,53.97050094604492,55.187698895842985,53.76562203806074,54.74580922145992,68053760
2018-02-28,53.95846176147461,54.23162552557165,53.02647829167005,53.33580113135296,71126500
2018-03-01,54.235633850097656,55.03505029094096,53.83391815454334,53.9383681583923,71283990
2018-03-05,52.69705581665039,53.77365694184005,52.36765217239225,53.76964199204588,97854660
2018-03-06,53.00638198852539,54.15127411195481,52.74928420220687,53.416133692553096,84149600
2018-03-07,52.038246154785156,53.13894931758205,51.79319934637651,52.785437559957835,51305770
2018-03-08,51.09020233154297,53.1027988263321,50.833104531332694,52.77741009337637,71261050
2018-03-09,48.748199462890625,51.961928119883886,48.32639981783004,51.42362442463119,180963670
2018-03-12,50.04574203491211,50.3269417955644,48.720079015042685,49.36684152939048,121935810
2018-03-13,50.523780822753906,50.87327457529213,49.358807777321466,50.053774202505856,104904050
2018-03-14,49.856937408447266,50.68848881214413,49.70026852549334,50.13412223129544,86551810
2018-03-15,49.14991760253906,50.02163997713216,48.97717972078971,49.81274915180275,75109510
2018-03-16,48.22195053100586,49.32265063458829,47.75595887169733,49.149912769823565,117395820
2018-03-19,46.19328689575195,48.358534245951326,46.02456703946701,48.20588338524316,125423170
2018-03-20,47.64348602294922,48.278197626006396,45.67106333857262,45.87593615873139,176450350
2018-03-21,46.7797966003418,48.34247058052308,46.639196704602064,48.12152876288861,119394510
2018-03-22,46.67133712768555,47.19758379262767,45.95628356513419,46.81595504649908,114862450
2018-03-23,45.51438903808594,45.69917788825293,44.4699257891066,44.996175428665495,141335500
2018-03-26,46.72355270385742,47.26988630826686,45.05643497869892,45.70721245979868,109299980
2018-03-27,47.40244674682617,48.125536143479344,47.20560693628894,47.43859968423524,100381680
2018-03-28,45.879947662353516,46.84004789691376,45.41797401519565,46.6833790261594,186550570
2018-04-02,46.50261306762695,46.62312594591631,45.64294166346902,46.04465738746236,68893450
2018-04-03,46.574920654296875,47.03689127145944,45.66302427126709,45.811660188129686,105083170
2018-04-04,45.03635025024414,47.442626588860364,44.79532142781066,46.84808903118096,139098930
2018-04-05,46.63517379760742,46.88825664824158,45.75541850519821,46.10490920011579,132621680
2018-04-06,47.177494049072266,47.39442090064906,46.036619836873705,46.18525575318955,85202010
2018-04-09,47.09313201904297,47.86442541371397,46.87218716204723,47.36228079767594,94892210
2018-04-10,48.35853576660156,48.5754626164382,47.587242343747505,47.643482297610966,108507100
2018-04-11,48.8526496887207,49.08162752996869,48.2340071028398,48.84863167330295,87247160
2018-04-12,48.07733154296875,48.90888285787633,47.94074662134934,48.76024695652378,66284990
2018-04-13,47.727840423583984,48.58349680972433,47.43458968450624,48.20588307819394,67161460
2018-04-16,47.53099822998047,47.94878289700723,47.01278464486595,47.482791245953294,51458130
2018-04-17,47.888526916503906,48.57546037689206,47.559120174127465,47.80416698959808,64003780
2018-04-18,48.334434509277344,48.59956835122399,47.772031897599206,48.282212569885274,42591350
2018-04-19,49.969417572021484,50.174293444945114,48.69196147500258,48.69196147500258,108170080
2018-04-20,48.704010009765625,49.72838625808342,48.41477421895366,49.72838625808342,63462740
2018-04-23,48.73614501953125,49.08965370620492,48.213913421973764,48.87272994121364,45911610
2018-04-24,48.0090446472168,48.35050238267587,47.35424608813952,47.75997980737081,59530460
2018-04-25,47.09714889526367,48.08536917225691,46.94449802909074,48.045198214300626,41224430
2018-04-26,46.45439910888672,47.526979195490256,46.33388318382793,47.24176144202156,74630620
2018-04-27,47.386383056640625,47.784080736887674,46.699449585360256,46.836031450655135,47174050
2018-04-30,47.80015182495117,48.19785258745523,47.08108033100117,47.53502104812946,36587540
2018-05-02,46.157135009765625,47.99699366993589,46.03260105740984,47.972888643595766,42410680
2018-05-03,47.03688430786133,47.19355623208823,45.64293356733521,46.11695816015889,67789040
2018-05-04,46.65928268432617,47.38638717537131,46.538766739304776,47.13732231925606,38816320
2018-05-07,47.920658111572266,48.04117096227036,46.67935521490677,47.07705589729748,45535090
2018-05-08,47.91263198852539,48.543325538600065,47.442625337450465,48.20588580906351,41259580
2018-05-09,48.45896530151367,48.916920968632404,47.607329952411014,47.675620887981005,62382110
2018-05-10,47.735877990722656,48.75221823463596,47.494849180540655,48.519222390026066,40012690
2018-05-11,48.78837585449219,49.05350971650501,47.49886868478374,47.96486041867977,61555370
2018-05-14,49.037437438964844,49.407015162946195,48.39067488957362,48.86469955810543,51731390
2018-05-15,50.29079055786133,51.16251291026282,48.647771715395606,48.928974550421906,128184360
2018-05-16,49.91317367553711,50.817033963424095,49.56769794253473,50.294802348928194,84263010
2018-05-17,49.03342056274414,50.680457492160706,48.37862503233629,50.6121634894175,160373410
2018-05-18,47.51493453979492,49.54761508806516,47.43057460696508,49.41103321534476,82166290
2018-05-21,46.35799026489258,48.26613975229842,46.17721636928251,47.60330826475638,71622330
2018-05-22,46.34192657470703,46.88022417848956,45.75542198027398,46.446373522025944,60966460
2018-05-23,43.389312744140625,46.27764648506256,43.17640391779026,46.27764648506256,171483860
2018-05-24,44.04410934448242,44.50206499980742,43.10811102278318,43.69863359539899,87008220
2018-05-25,45.65498733520508,45.85986318877229,44.34941138406327,44.51009826794251,88956190
2018-05-28,46.32986831665039,46.55482810799159,45.40190304767336,45.87592765431895,52356670
2018-05-29,46.225425720214844,47.241765956199764,45.74336810361133,46.19328772848192,64779110
2018-05-30,46.4302978515625,46.71953362419728,45.59874653766117,45.638917491672146,62018880
2018-05-31,46.24952697753906,47.18552528479065,45.96029425088847,46.92039451914905,66525100
2018-06-01,45.04438018798828,46.56688305371125,44.694889491651956,45.7955896478374,92496660
2018-06-04,45.486270904541016,45.99644850448576,45.016261197525395,45.31754797812246,87425270
2018-06-05,45.96430587768555,46.189268735277786,45.040361682592255,45.538488251462,46882040
2018-06-06,46.57893753051758,46.7356064195688,45.7313170975236,46.1531198387217,44453050
2018-06-07,48.374603271484375,48.51922116691746,46.751671495394476,46.76774049098121,92793530
2018-06-08,48.246055603027344,48.86469815709245,47.56314012982238,48.12554273032226,83860780
2018-06-11,47.29398727416992,48.64776712333098,47.10116240364349,48.290240421488974,51511010
2018-06-12,46.599021911621094,47.30202439735676,46.37406209693692,47.15740649796047,85889350
2018-06-13,45.60276412963867,46.90432518190037,45.47421523044773,46.56688240599446,90600320
2018-06-14,45.759437561035156,46.18123721360586,45.072501006417305,45.55456169273075,74825140
2018-06-15,45.474220275878906,46.18124083229779,45.15284952466876,45.89200501081516,62087640
2018-06-18,44.87164306640625,45.26934382143512,43.97180074448431,45.23318781422904,105669650
2018-06-19,44.59043884277344,45.44207715644891,44.14453420915792,44.8314676289541,94521900
2018-06-20,45.253273010253906,45.4661818351962,44.453859646745904,44.69087043229375,66107030
2018-06-21,44.811378479003906,45.71122060647532,44.67881158930786,45.71122060647532,84651980
2018-06-22,45.14079284667969,45.36173463559744,44.678819193709884,45.02429492968052,62478450
2018-06-25,44.879676818847656,45.377803410093385,44.69890292168809,44.97608772509095,38992610
2018-06-26,44.148555755615234,44.984125141740094,43.24469543649828,44.859591191454314,102075820
2018-06-27,43.64239501953125,44.389586494398536,43.312988255922384,44.32531050889062,56541500
2018-06-28,44.0641975402832,44.71096008340927,43.70667080089646,43.78701271755842,86559780
2018-06-29,45.61482238769531,45.779524243347595,44.27309025517864,44.34539920920466,94773840
2018-07-02,45.03232955932617,47.121253047618644,44.690871825761775,46.273632671623126,157630480
2018-07-03,45.474220275878906,45.98841899454127,44.465915981071454,45.14883150913488,112361770
2018-07-04,45.88396453857422,46.06875337988176,44.95600231715991,45.58669579950098,68629470
2018-07-05,45.246124267578125,46.20289059313473,45.13981585824859,46.20289059313473,60136530
2018-07-06,45.262474060058594,46.14155618270472,44.677782519830664,44.97626272685733,66147830
2018-07-09,45.4342041015625,46.264220089546576,45.36469296091003,46.096579794314145,74437510
2018-07-10,46.501365661621094,46.69353433482044,45.54050669827737,45.712236607994384,100049050
2018-07-11,45.442378997802734,46.26012920920026,45.315628713266356,46.26012920920026,61112450
2018-07-12,45.40149688720703,46.44004013926938,45.233856578890006,45.79401665563323,84439880
2018-07-13,45.679527282714844,45.957562479216215,45.2215860415745,45.7408591724299,55791290
2018-07-16,42.46168518066406,45.78584226225777,42.28178222964551,45.769486881352464,111598850
2018-07-17,43.532936096191406,43.80688168780271,41.95058820169095,42.68656469203295,107927060
2018-07-18,41.23505783081055,43.90910165872915,40.9692883621416,43.83141438279535,164512090
2018-07-19,40.77711868286133,41.98329908618513,40.315087782754524,41.54171319066472,168086510
2018-07-20,41.14919662475586,41.35772383371918,40.47864159933458,40.805742981258604,72614090
2018-07-23,42.26951599121094,42.482132836773474,40.74850290577267,41.378167952822146,68781340
2018-07-24,43.12815475463867,43.30805771007816,42.19591673694669,42.19591673694669,83983690
2018-07-25,43.83141326904297,43.994963947104196,43.25899057503327,43.42253813362477,67826380
2018-07-26,43.73737335205078,44.15442461396102,43.4511588880809,43.9091001587509,74811910
2018-07-27,44.992618560791016,45.266564142406615,43.85594622676962,43.99496227016753,64628850
2018-07-30,45.22158432006836,45.671346295074656,44.75955659147989,44.93128338056913,47877070
2018-07-31,46.043426513671875,46.19471142779823,44.44881295637911,45.13572326785278,63739660
2018-08-01,45.4505615234375,46.41550397253919,45.08257327788574,46.02707384191049,60679920
2018-08-02,45.32789993286133,45.86761501268258,44.2075828816128,45.19706000804011,94930990
2018-08-03,45.34016418457031,45.794015841124754,45.029418203625426,45.499625240173785,55706900
2018-08-06,45.242034912109375,46.19471473797635,45.07848423204474,45.71224194749404,55438810
2018-08-07,46.86935806274414,47.15965904949896,45.274747448100754,45.577314190434386,92858540
2018-08-08,47.225074768066406,47.73616865083769,46.902063059818616,47.28640665789286,90084310
2018-08-09,47.91607666015625,48.059182329305024,47.086060659623726,47.429514265580785,57576870
2018-08-10,47.15966033935547,47.92016840074126,46.832562076917796,47.91608189508314,57254930
2018-08-13,46.51363754272461,47.605333435287434,46.284665339428244,47.01655222605364,78568310
2018-08-14,47.343650817871094,48.00194001478241,46.002540914923934,48.00194001478241,240305600
2018-08-16,46.41141891479492,47.15965806470668,46.059786038018984,46.61176686382825,79071710
2018-08-17,47.4417839050293,47.85474868650625,46.75896314241256,46.7712288979912,87432140
2018-08-20,49.01594543457031,49.21220685341345,47.66665948810038,47.67483561746203,116623180
2018-08-21,47.6053352355957,49.26536739505593,47.47449530853682,49.24901201423983,108737070
2018-08-23,46.7466926574707,47.83021233636605,46.62402887515441,47.83021233636605,66768300
2018-08-24,47.069705963134766,47.37636230981731,46.468659024521834,46.64038582999134,60602690
2018-08-27,47.52764892578125,48.00194562071038,47.347745972075366,47.58489120006994,53919460
2018-08-28,48.27588653564453,48.56618750397693,47.27414371365992,47.63395270550789,90212970
2018-08-29,48.59071731567383,49.216298863863344,47.88336511149531,48.27179522412795,98855320
2018-08-30,49.74783706665039,49.882766610252496,48.3331294699091,48.43534825394651,102836570
2018-08-31,49.10590362548828,50.25075526376969,48.99141908555409,49.735571714596084,86333540
2018-09-03,49.126346588134766,49.878675316126035,48.901464022990844,49.31033914545644,54791330
2018-09-04,48.496681213378906,49.43300567006205,48.296333265716946,49.13861506645358,60995720
2018-09-05,48.607078552246094,48.81969538521196,47.527648364870025,48.24726952961072,57911570
2018-09-06,49.089542388916016,49.70285502493733,48.61524890585027,48.90146022153913,66897160
2018-09-07,50.63100814819336,50.864066847752184,48.82378082042353,49.253097835679434,94458360
2018-09-10,50.181243896484375,51.10938902867858,49.98498247004765,50.69642429187538,62842580
2018-09-11,48.41899108886719,50.45519056438052,48.11233474806196,50.32026102575352,81111720
2018-09-12,49.518863677978516,49.65379320983489,47.683015349930415,48.451699415967994,85663840
2018-09-14,50.29164123535156,50.74140325665182,49.88276610335683,50.013606020816354,79755590
2018-09-17,50.406124114990234,51.06032368076673,49.51886585642244,49.88276446236904,71838910
2018-09-18,50.107643127441406,51.07258858169894,49.82551831936249,50.53696009683394,78280630
2018-09-19,50.79864501953125,51.58368763593772,50.48790216832898,50.53696518721899,101346270
2018-09-21,51.12165832519531,52.9575099523313,47.78114917548673,51.5182677106544,229773790
2018-09-24,49.69468307495117,51.21160941461252,48.70929252619484,50.610562481649225,112429140
2018-09-25,49.146793365478516,49.800996122129554,47.02064376477243,49.800996122129554,109856240
2018-09-26,49.792808532714844,50.22212862993126,48.90146070150324,49.47388645796866,86477200
2018-09-27,50.009517669677734,50.761849553832526,49.67015367227622,49.980896534487975,82395420
2018-09-28,47.53173065185547,50.046313155395914,47.02063677387853,50.046313155395914,130270070
2018-10-01,47.69119644165039,47.90381326296557,45.589578455672914,47.42951659962384,69729490
2018-10-03,47.39680480957031,48.60707483251137,47.11876959352509,47.75661692414043,72170630
2018-10-04,47.617591857910156,48.063267321122545,46.611759526670944,47.163740265592914,76298400
2018-10-05,46.44821548461914,47.92016537120624,45.98209807252439,47.429516448833795,78689670
2018-10-08,45.77766036987305,46.60767640622363,44.485616547627,46.36644157060124,91710480
2018-10-09,46.816200256347656,47.74843501124539,45.34834010373419,45.79401247782478,77344340
2018-10-10,47.72799301147461,48.06735698232339,46.869352784024514,46.869352784024514,71533140
2018-10-11,45.397403717041016,46.12111442064574,44.89857557545348,45.548688633258905,104016430
2018-10-12,47.143306732177734,47.33138892959173,45.638646033395865,45.859438991960964,57334070
2018-10-15,46.61176681518555,47.38454059440604,46.32555545972234,47.2864114324572,41001830
2018-10-16,46.84073257446289,47.75661508586885,46.57905274819536,46.70171653152621,56605680
2018-10-17,45.35651779174805,47.38862766438557,45.147990604313364,47.27005350366662,50205760
2018-10-19,45.38105392456055,46.00663243113018,44.56739321545476,45.22159285894358,77181960
2018-10-22,44.54694366455078,45.8921432014534,44.285263833852305,45.71224026751673,51019510
2018-10-23,44.616451263427734,44.97626022219632,43.76190069708192,44.15851003633821,46346880
2018-10-24,44.98035430908203,45.352429058436954,44.27299895557144,45.13981536158696,42196170
2018-10-25,44.62872314453125,45.02533253824118,44.1585160992105,44.5428597375636,44678590
2018-10-26,45.10301208496094,45.924851924029426,44.2484646081075,44.780000375879595,60994130
2018-10-29,46.91432571411133,47.06152099218136,45.164340874244644,45.50779756289781,57383130
2018-10-30,46.16200637817383,46.7753191207019,46.047521832017104,46.71398722255511,40153190
2018-10-31,45.291099548339844,45.61411129513733,43.28761378434688,45.381052581558116,140703330
2018-11-01,45.5159797668457,46.1129370878181,45.30336606985035,45.45056136756625,54690570
2018-11-02,46.94295120239258,47.62577501883914,45.84716576363706,45.87578689705916,79794570
2018-11-05,47.22098159790039,47.72389931335164,46.40732107107479,46.9388599170334,45358560
2018-11-06,47.081966400146484,47.78931854636496,46.61175943111419,47.39679884128137,39102740
2018-11-07,47.4499626159668,47.613510181117086,47.347743828012945,47.51129139316323,4138710
2018-11-09,46.79166793823242,47.37635946220906,46.4850116099818,47.37635946220906,43487160
2018-11-12,47.66257095336914,48.22273097126589,46.787578476605724,46.90206300710269,81209960
2018-11-13,48.181846618652344,48.36993193450339,47.355920180676684,47.674842301473916,76264870
2018-11-14,48.173667907714844,49.931832222382056,47.781148155492104,49.473890951720676,216492890
2018-11-15,48.194114685058594,48.81151391082022,47.54809120432477,48.2717988417252,63895210
2018-11-16,46.94703674316406,48.32903339592281,46.57496204104296,48.247259627392914,74569270
2018-11-19,47.62577819824219,47.74026273957335,46.938867830785384,47.22098955921725,48892870
2018-11-20,46.06386947631836,47.26596012854074,45.95756107868325,47.18418635772567,76363680
2018-11-21,45.09075164794922,45.95756810059001,44.976267103528144,45.95756810059001,112428980
2018-11-22,44.12989807128906,45.27066019185695,44.007234270142824,45.13982025972032,85416120
2018-11-26,43.39800262451172,44.485611881844086,42.65793969583346,44.485611881844086,100037870
2018-11-27,42.711090087890625,43.33258195065198,41.90969531283038,43.31622657326675,157909070
2018-11-28,42.84602737426758,43.250812899612974,42.41262071317998,42.711097825995836,113524660
2018-11-29,43.63106155395508,44.06446816179728,43.27125258890395,43.50431127116412,139293320
2018-11-30,43.29987335205078,43.89683061872587,42.97277202699648,43.74963533439838,78540710
2018-12-03,44.003135681152344,45.19705012398484,43.81096390121282,44.25663622535411,120923650
2018-12-04,44.01131820678711,44.1994003899565,43.51657967985835,43.5615561931673,61538100
2018-12-05,42.334930419921875,43.586087292461265,42.11413748015558,43.586087292461265,70780820
2018-12-06,41.72161865234375,42.66202957995062,40.96928679078857,41.97103273127789,129667140
2018-12-07,41.64802551269531,42.10596683101881,41.14919730082703,41.76251006240868,82529270
2018-12-10,41.12057113647461,41.66437580060389,40.64218798959531,40.838446302405956,54147050
2018-12-11,40.94884490966797,41.190079739118396,39.75493027826621,40.527704024715746,112425720
2018-12-12,42.543460845947266,42.727453416700136,41.33727727494224,41.37816416627956,81419830
2018-12-13,41.88925552368164,43.181302422665375,41.54171228953995,43.181302422665375,68100950
2018-12-14,41.99555969238281,42.34310289145371,41.4190474434712,41.78703252515253,51559800
2018-12-17,42.85011672973633,42.952335516668455,42.22862475828589,42.35946468078022,48048540
2018-12-18,43.095436096191406,43.20992062489644,42.49029957657552,42.7683347689175,56735270
2018-12-19,43.12815475463867,43.54111643463365,42.899182535807476,43.169041648171735,49280430
2018-12-20,42.796958923339844,43.09543913951564,42.52301333609732,42.52301333609732,35173350
2018-12-21,42.53936767578125,43.50431320437966,42.38399625386,42.862379393525345,59696700
2018-12-24,42.00782775878906,42.580253534377896,41.868811719294236,42.35946060153065,43294400
2018-12-26,41.98738479614258,42.30221724891825,41.24731874780022,41.623486208616264,49537410
2018-12-27,41.41905212402344,42.50665835314092,41.29229871184986,42.35946305604687,50169310
2018-12-28,41.938323974609375,42.23271458147106,41.54580420528374,41.558069960658,63074080
2018-12-31,42.6088752746582,42.931886989199,42.21226591478571,42.52301187501615,79658120
2019-01-01,42.17546844482422,42.890999891131806,41.995562397236625,42.85011300380814,41281730
2019-01-02,40.368247985839844,41.44358858867796,40.23331842745995,41.37816706238344,117473500
2019-01-03,39.3542366027832,40.3273584212246,39.272462813474554,40.31509266477532,135329440
2019-01-04,39.877586364746094,40.30281682560364,39.21521072643301,39.33378175542611,104800720
2019-01-07,39.701778411865234,40.9692908158894,39.57093848214926,40.51135262161847,84067870
2019-01-08,40.18015670776367,40.34370737981199,39.56275752199896,39.71403932008122,62697060
2019-01-09,39.18659210205078,40.66672123872658,38.863583485085655,39.983900500431545,126966600
2019-01-10,39.28472137451172,39.591377707456964,39.047573061694706,39.252010616991534,70810000
2019-01-11,38.777713775634766,39.599553616807555,38.59781084921365,39.575022108538654,75408240
2019-01-14,38.50376510620117,38.79406603543245,38.17257729331901,38.77771065807825,58899170
2019-01-15,38.847225189208984,38.9657993457953,38.35248667898511,38.67958489626882,76031810
2019-01-16,38.80633544921875,39.24383166126965,38.65505054618458,38.93308572614483,52802930
2019-01-17,38.69185256958008,39.108906950599575,38.475149249007266,38.94944589887732,42819350
2019-01-18,38.48741149902344,39.063926879265445,38.270708198184465,38.72455980236282,49148490
2019-01-21,38.573280334472656,39.047577008041515,38.44244041063811,38.67958874742255,46136900
2019-01-22,37.33439254760742,38.49151008233568,37.20764223711801,38.49151008233568,89577660
2019-01-23,37.99267578125,38.25844523579879,37.371186965208345,37.371186965208345,72593860
2019-01-24,37.67784881591797,37.98450520380747,37.38754780971898,37.98450520380747,47908460
2019-01-25,37.035911560058594,38.090810187881004,36.89689238796884,37.79641958295663,41579670
2019-01-28,36.44712829589844,37.12177287424606,36.250869983323994,37.03590947256104,43351470
2019-01-29,36.29175567626953,36.974576362034725,36.09140462613497,36.30811105502355,52257240
2019-01-30,38.225738525390625,38.548750281961325,36.52890595684806,36.52890595684806,108579250
2019-01-31,38.98215103149414,39.1620570760081,38.24208808933001,38.60190017835791,92437290
2019-02-01,38.818599700927734,39.41555692197735,38.43425614128475,39.006681856644526,50159940
2019-02-04,38.92899703979492,39.13752420965646,36.96230885031405,38.83495751576773,109720290
2019-02-05,38.0008544921875,39.00668690884679,37.57153437019421,39.00668690884679,72819270
2019-02-06,39.6690673828125,39.79990731164864,37.927261415082,38.107164367562966,109992650
2019-02-07,39.99207305908203,40.184244857726206,39.09663869953697,39.53413493751582,78573380
2019-02-08,38.33204650878906,39.88577337506662,38.10307741587361,39.497340098762265,84145140
2019-02-11,39.30925750732422,39.824441080730764,37.6410461111782,38.84314007597017,232623140
2019-02-12,39.857147216796875,40.658542060502086,38.98215160881911,39.12117076876681,188361110
2019-02-14,39.460540771484375,39.77128363294211,38.875849194481084,39.41556425637106,61850420
2019-02-15,38.22982406616211,39.530047084314106,37.833214697055766,39.497336325745216,74992400
2019-02-18,38.070369720458984,39.00669429293056,37.9763270528829,38.34431535289992,62535140
2019-02-19,38.51194763183594,39.30107671937997,38.05809600991079,38.05809600991079,82245450
2019-02-20,40.1638069152832,40.38459674872116,38.63870124999194,38.63870124999194,154872510
2019-02-21,40.79347229003906,41.12466328234912,40.09838578372827,40.27829184772534,117827140
2019-02-22,41.075599670410156,41.21461885191356,40.24149393979979,40.642192983517816,100057230
2019-02-25,41.304569244384766,41.66438139866502,40.74441224514947,41.21461932528476,103576040
2019-02-26,41.18190383911133,41.590778971557675,40.20877902742841,40.72396256776233,98562990
2019-02-27,41.46811294555664,41.89334343468295,40.71987074489776,41.45993681591573,94443460
2019-02-28,40.9243049621582,41.787031624239994,40.74849167372765,41.42722267946631,74854180
2019-03-01,41.509002685546875,41.680732614503924,41.05106452691406,41.1737251967751,66725690
2019-03-05,42.66611862182617,42.76016127303695,41.31274295782997,41.574422787977824,91180370
2019-03-06,42.59252166748047,42.96050990944619,42.150935777121596,42.76016196861418,63112270
2019-03-07,42.6170539855957,42.78469115816926,41.99556207298421,42.510745583799356,61536310
2019-03-08,41.529449462890625,42.408531672031124,41.402699162783115,42.26133636633923,65048470
2019-03-11,42.57616424560547,42.719273030233396,41.66437449368953,41.70526138095342,59082750
2019-03-12,42.944149017333984,43.3816452267702,42.60478195333571,42.88281713163429,82982750
2019-03-13,42.01191711425781,42.93188610216127,41.917874467372215,42.93188610216127,64091530
2019-03-14,42.33084487915039,42.67021201113197,41.99147774716881,42.02827813374834,44966420
2019-03-15,42.150936126708984,42.60070127032491,41.90561166985375,42.3594633187973,42339380
2019-03-18,42.948238372802734,43.0749886481781,42.134577844721875,42.48212103555285,63176050
2019-03-19,43.13632583618164,43.49613482441275,42.57616578999181,43.16085734553591,63298400
2019-03-20,41.99965286254883,43.034106417945836,41.79112567771347,43.01775103879506,87023070
2019-03-22,42.392173767089844,42.85011503746958,42.163204691634824,42.27768922936233,52334460
2019-03-25,42.12640380859375,42.3349309966811,41.46402809974045,41.934231999912235,50368870
2019-03-26,42.46986389160156,42.60070381771282,42.04463335187251,42.19591516425339,33298250
2019-03-27,42.179561614990234,42.76833970477644,41.95467903660223,42.523015240743035,52391580
2019-03-28,41.4026985168457,42.23271457131625,41.28003472419289,42.06507426265539,89650930
2019-04-01,43.76190185546875,44.485612536012816,43.18538958130246,43.34076099771924,135235540
2019-04-02,43.3939208984375,43.99496790062937,43.017756488722185,43.99496790062937,50868180
2019-04-03,43.78643798828125,44.7800047201202,43.62289042508176,43.90501215522974,114896800
2019-04-04,43.3939208984375,43.945904876430845,43.054556876341074,43.56565084154232,52599170
2019-04-05,44.91902160644531,45.05803765198485,43.438892526837535,43.438892526837535,100377130
2019-04-08,44.89857864379883,45.548691746032645,44.63281229530473,45.23794576259164,106009010
2019-04-09,45.22568130493164,45.3851423663911,44.17896190263983,45.05804099343997,66189360
2019-04-10,44.51831817626953,45.744943432495056,44.297525255812616,45.11118892179347,78891530
2019-04-11,43.806880950927734,44.68187347502182,43.626974896432614,44.24028758824452,60823980
2019-04-12,43.639244079589844,44.37930706805225,43.520669917330345,43.91318966853265,62740160
2019-04-15,45.233856201171875,45.385141127940805,43.83550395292969,43.90501197895739,103903170
2019-04-16,45.242034912109375,45.54051201771781,44.90675742173826,45.266566422304656,63236540
2019-04-18,44.412017822265625,45.34425262120153,43.88865503458418,45.262475723374884,66605220
2019-04-22,43.68421936035156,44.62872307445215,43.59426944805278,44.15851602986975,36976860
2019-04-23,42.796958923339844,44.03585006276676,42.6456771223547,43.74554909605861,51193760
2019-04-24,42.95233154296875,43.16494522755108,41.92605414366384,43.087257958439494,83768350
2019-04-25,41.76659393310547,43.2835202467493,41.62348826568051,42.68656294872687,83594180
2019-04-26,44.58783721923828,44.792274798199536,42.15911778294817,42.59252445211567,381810110
2019-04-30,45.56504440307617,45.859434988798355,43.80688013805182,44.40792706398967,142581610
2019-05-02,45.38105392456055,45.928948270618044,44.931291864628854,45.311545894823915,90100300
2019-05-03,44.79636001586914,45.466915006026085,44.698230854240514,45.30336744313497,58796360
2019-05-06,43.82732391357422,44.44472308188744,43.132234356883785,43.688304754448325,99648390
2019-05-07,43.389827728271484,44.56329729567363,43.25898781805513,44.56329729567363,65414980
2019-05-08,42.739715576171875,43.537023927781014,42.65385217574682,43.442981278094756,64784320
2019-05-09,42.4535026550293,43.04637030605897,42.22453047631573,42.73153784959833,51055970
2019-05-10,39.80807876586914,42.99321607161536,39.174321132499195,42.686559756011064,372409210
2019-05-13,38.622344970703125,39.906212648135,37.894547727766934,39.260189184607704,159569200
2019-05-14,38.397464752197266,39.05575083809724,37.313945039544336,38.18484793882079,211286060
2019-05-15,37.85774230957031,39.329695098966866,37.66966014636282,38.683671721339415,126650570
2019-05-16,38.37293243408203,38.54057274393443,37.21990462893549,37.939525770709245,112547310
2019-05-17,38.3892822265625,38.55692251201314,37.698282321263996,38.02947326778444,70884860
2019-05-20,39.5627555847168,40.45818993327574,38.978064066416835,39.08845897094868,84575830
2019-05-21,38.64278793334961,39.65270996497927,38.332041972970586,39.64862034038401,63370580
2019-05-22,38.67958068847656,39.29698291268564,38.22164261020265,38.59780692291885,83642240
2019-05-23,38.0008544921875,39.78355025749344,37.784151178608454,39.055749926581164,93403760
2019-05-24,39.59137725830078,39.76719367864024,37.485669838738346,38.02538485382024,108824810
2019-05-27,41.91378402709961,42.056889676776905,39.54230738870458,39.61999464973048,182077050
2019-05-28,41.464027404785156,42.408527933486994,41.312742487419,42.04053970169745,99606130
2019-05-29,40.33961868286133,41.8483656738718,40.22104453005551,41.35362717942165,85236870
2019-05-30,39.902122497558594,40.597212091254306,39.74266144618357,40.315087252912484,72043630
2019-05-31,39.93074417114258,40.45819031039606,39.337873398406145,40.13518172323042,102769910
2019-06-03,40.69533920288086,41.03879591743621,39.66906180323619,39.98389738486772,85053920
2019-06-04,40.69533920288086,41.11239356202167,40.22513220244425,40.56040966789592,62125660
2019-06-06,39.628177642822266,41.096041010979,39.497337723386465,40.69534200300512,72227990
2019-06-07,39.42374038696289,40.06158772881623,38.90855995479298,39.49733803719713,68111040
2019-06-10,39.74675369262695,40.46228521836696,39.50551884700873,39.98799165771507,68509170
2019-06-11,40.274200439453125,40.409129981476305,39.82443841884556,40.06158674370999,65345480
2019-06-12,41.36589813232422,41.54171457141386,40.07385428183856,40.2946472369374,127555250
2019-06-13,41.096038818359375,41.365894773029936,40.60538680705083,41.214612976438865,72248570
2019-06-14,41.03470993041992,41.58260112909231,40.64627978923994,40.809827352176896,66058960
2019-06-17,38.687767028808594,40.95702219345295,38.60190362339208,40.89569029830694,119382860
2019-06-18,38.622344970703125,39.129349265871646,37.91499273235402,38.700032244770384,106394540
2019-06-19,40.40504455566406,40.75667745473776,39.42374351451583,39.42374351451583,188375230
2019-06-20,40.96928024291992,41.11647551579736,40.05749059536879,40.405033776535845,78263560
2019-06-21,40.69533920288086,40.961108648298904,40.43365938201466,40.88751100371344,61262460
2019-06-24,39.76310348510742,40.87115463205274,39.403294520024964,40.65854095256526,72620000
2019-06-25,40.723960876464844,40.871156167589966,38.757272569306295,38.761362193912426,136491190
2019-06-26,41.754329681396484,41.89334572919254,40.094294521114264,40.47863814414759,129600840
2019-06-27,41.76250457763672,42.23271159032321,41.43131672810875,41.8279260942924,119467140
2019-06-28,41.247318267822266,42.1672872272728,40.813911667378,41.82792327080557,87600340
2019-07-01,41.45584487915039,42.10186826618341,41.145098939145875,41.692993178613555,85443750
2019-07-02,41.60713577270508,41.77886258552689,41.059241454383844,41.58669076759637,57240040
2019-07-03,41.729793548583984,42.09778177871083,41.263676163579845,41.533535238829394,69464090
2019-07-04,41.56196594238281,42.17872489832753,41.43190226087631,41.95635671987475,72630590
2019-07-05,40.1396484375,41.83048921622429,39.883714388009025,41.662666338735825,76163480
2019-07-08,39.27534484863281,40.236145778817566,39.03619374905082,39.85853793710497,80825910
2019-07-09,39.30891799926758,39.60680779608496,38.813832781778395,39.355070255212745,68585800
2019-07-10,38.16350173950195,39.80399682593872,37.59709156322656,39.3970196530471,134813440
2019-07-11,38.767677307128906,39.14528518759442,38.071200194157385,38.708938659169405,99870380
2019-07-12,39.68232345581055,40.231950711467576,38.62082812953429,38.960673598938584,132441180
2019-07-15,39.296329498291016,40.13126019120128,38.88095921702514,40.11028073016171,78060790
2019-07-16,40.001190185546875,40.160626394616436,38.943891372266165,39.027802807869875,64352100
2019-07-17,39.91727828979492,40.261320293429904,39.313105717161385,39.94245107998264,54793220
2019-07-18,39.15367126464844,39.887907494151285,38.92291002639831,39.69071210892226,52331730
2019-07-19,38.436222076416016,39.690716357981046,38.03344140009128,39.438978835405116,72848850
2019-07-22,39.06557083129883,39.21241746530158,37.861422030443194,38.43622537041572,69544520
2019-07-23,38.58726501464844,39.26276267041444,38.32713442886363,39.12010938110785,55292840
2019-07-24,37.42506790161133,38.85158463171204,37.18172347198912,38.6795652383409,83420010
2019-07-25,36.950965881347656,37.92435329891597,36.77894647100554,37.59289767297028,75280910
2019-07-26,37.38311767578125,37.609682413333424,36.55657683721583,36.83768689368871,65857860
2019-07-29,36.37196731567383,37.41667972040973,36.16637885933586,37.38731039822089,78727230
2019-07-30,34.827972412109375,37.081026706550105,34.085343109806544,36.49364027661291,94629210
2019-07-31,36.25449752807617,36.38456123882075,34.36226451835483,34.655957801009265,115418000
2019-08-01,35.24333953857422,36.24189967313474,34.80699304587948,35.872684887477334,94219850
2019-08-02,34.32868957519531,35.004187147607674,33.95108173952755,34.73147019956897,134859520
2019-08-05,33.50215148925781,33.896542281919764,32.70078670961248,33.896542281919764,112888540
2019-08-06,33.699344635009766,34.23638547365281,33.032240118543584,33.032240118543584,101975850
2019-08-07,32.0462646484375,33.27139271800395,31.538593107723447,33.14552236532415,133016090
2019-08-08,30.829538345336914,31.844881607948576,30.258931526460678,31.80292588324051,228263940
2019-08-09,30.405773162841797,31.353987750178256,30.279902808401918,31.089660646057727,133527610
2019-08-13,29.260360717773438,30.846310404938965,28.979253911004058,30.351225294039306,147820510
2019-08-14,30.598773956298828,31.11064206849537,29.654755841482142,29.671538769867503,187387690
2019-08-16,30.46451187133789,30.78757442024858,29.826773435673026,30.208577830856292,119202110
2019-08-19,30.170818328857422,30.79177062963716,29.969426403648605,30.703662662675818,98849660
2019-08-20,30.061729431152344,30.36381570367055,29.633772811412914,30.183403246528616,93637340
2019-08-21,28.782062530517578,30.057536267977596,28.685564694380187,29.956841899524935,114233780
2019-08-22,28.001672744750977,29.11351688433604,27.724762443395576,28.521933894476348,154598000
2019-08-23,28.970863342285156,29.281339461580625,27.720562600827385,27.942930761985586,112101340
2019-08-26,28.366697311401367,29.16806218104913,27.036681371090896,29.067367806023626,237649990
2019-08-27,29.44497299194336,29.763842217902525,28.542910629634243,28.610042340790347,173752960
2019-08-28,28.274391174316406,29.444974020091568,27.976501397945967,29.444974020091568,126417160
2019-08-29,28.156911849975586,28.752691359832312,27.573718735240103,28.0268481657013,134813100
2019-08-30,28.941497802734375,29.159669460756234,28.2953694909928,28.698150152659725,179722070
2019-09-03,27.80867576599121,28.626826732201497,27.607287024258703,28.61423713495392,92206530
2019-09-04,28.467390060424805,28.610043351161284,27.464633296985088,27.80867532626964,129047100
2019-09-05,28.96247673034668,29.537280053105732,28.719129057848704,29.03380177886684,142508850
2019-09-06,29.822580337524414,30.028165597527853,28.769474844744487,29.117713387925086,115554870
2019-09-09,29.68832015991211,30.25892689138251,29.214211260387017,29.822580379021844,143296190
2019-09-11,30.800167083740234,30.938620646480544,29.805800145418896,29.814190009426998,136500270
2019-09-12,30.632341384887695,31.84488001405584,30.46031876087306,30.947014105973196,188468200
2019-09-13,30.825340270996094,30.97638343320481,30.019778873227246,30.795970945067538,116222490
2019-09-16,30.30088233947754,30.745618711122397,30.09110054892565,30.376403912116864,80643190
2019-09-17,28.94569206237793,30.712054446134932,28.702347605513754,30.309273771548146,131984000
2019-09-18,30.061729431152344,30.31766345642383,28.979254688300728,29.201622860844434,162531840
2019-09-19,28.92051887512207,29.872926832058294,28.534521134047598,29.872926832058294,136564950
2019-09-20,30.926029205322266,31.97074155931208,28.87436368074444,29.193232878317417,267647140
2019-09-23,31.664466857910156,32.62946126160428,30.963796381985563,31.685443118263453,163931640
2019-09-24,31.114837646484375,31.828094475395513,30.896662785182862,31.719007044744757,95789890
2019-09-25,30.380599975585938,30.875681920676218,30.00299211821399,30.837922735447044,91169850
2019-09-26,31.53020477294922,31.832291073209976,30.489685649941748,30.628142404397295,140661520
2019-09-27,30.179210662841797,31.341400456694064,30.0407539029882,31.299444735803483,105687770
2019-09-30,30.250532150268555,30.519052573603396,29.000234529306194,29.789012872725294,147196960
2019-10-01,29.499513626098633,30.602967865484402,28.874364802156528,30.376403153226672,125641890
2019-10-03,28.49675750732422,29.27714602006859,28.400259676757464,29.075757294789053,121309560
2019-10-04,27.95132827758789,28.93310556837448,27.783502196824916,28.928909036075936,114452160
2019-10-07,27.254850387573242,28.38347746756128,27.145762958027625,28.098174098683927,124157800
2019-10-09,28.23243522644043,28.362498919028866,26.881439912787776,27.13317743435286,147767410
2019-10-10,27.68699836730957,28.072999274433947,27.523368835350208,27.9345425316942,115074980
2019-10-11,28.446413040161133,28.735909744210982,27.85902336657063,28.11076088353336,171588490
2019-10-14,28.937299728393555,29.60021093250291,28.777863524281997,29.012821298494824,167239630
2019-10-15,29.302318572998047,30.07012068431691,28.42123570475452,28.954083238146058,179722070
2019-10-16,29.151281356811523,29.68832227144664,28.97086887445601,29.68832227144664,128143020
2019-10-17,29.88132095336914,30.321860825279238,28.559694935606192,29.033800664714107,166951580
2019-10-18,30.175010681152344,30.443531105377154,29.51629601531712,29.868731072747153,165680360
2019-10-22,29.747060775756836,30.527449351332212,29.621190411560935,29.9987983031323,119442830
2019-10-23,29.889711380004883,30.10368972239991,29.306518204530295,29.53727947584026,93184500
2019-10-24,30.20018768310547,30.376403617214443,29.68831960696564,29.87712193622296,109734020
2019-10-25,30.397382736206055,30.959599646866526,29.877124748010306,29.89810420924267,149966920
2019-10-27,30.628141403198242,30.67429365317476,30.46870839483506,30.527447040074975,10820130
2019-10-29,32.74274444580078,33.539915943477006,30.674295724422397,30.674295724422397,251553140
2019-10-30,32.55813980102539,33.036442123590966,32.24766358485506,32.717576042558406,143714420
2019-10-31,31.932981491088867,32.73434619312042,31.567960056572915,32.6336518391565,217560230
2019-11-01,33.523128509521484,33.80843185347121,31.719003952042936,31.891026545181628,241111950
2019-11-04,34.3328857421875,35.38598793806222,33.816821172088936,33.816821172088936,289344340
2019-11-05,33.896541595458984,35.067124353384976,33.699346203121536,34.739865277172214,208744340
2019-11-06,33.938499450683594,34.31191079973297,33.45600066901935,33.73291418234563,179351470
2019-11-07,33.825218200683594,34.30771377439762,32.62526606221345,33.9007397758676,407007600
2019-11-08,33.393070220947266,34.08535090135375,33.1539190623723,33.690963236959675,214235200
2019-11-11,33.686763763427734,33.87976264639358,33.06161485979745,33.187482026418785,135739740
2019-11-13,33.38887405395508,34.307716216239875,32.9525274997258,33.640611588813705,175114690
2019-11-14,32.88958740234375,33.45599757141309,32.675609089222995,33.237825927399584,108694250
2019-11-15,33.10356903076172,33.816825877908435,32.77630993145873,32.893787228540184,118132590
2019-11-18,34.408409118652344,34.62238423366729,33.22943331551526,33.26299916920952,189065280
2019-11-19,33.71193313598633,34.811190871969,33.56508652265294,34.73986583135223,142650830
2019-11-20,33.455997467041016,34.27834166270488,33.338520182091315,33.648996321032094,122556020
2019-11-21,32.31478500366211,33.49376082119989,32.15954853020798,33.481174426164806,102085540
2019-11-22,33.56509017944336,33.8000447863742,32.1469662717278,32.39031074275626,172719490
2019-11-25,35.201385498046875,35.32725265321018,33.81682438413764,34.00562991840678,276124580
2019-11-26,35.59157943725586,36.023729414649836,34.970623927310044,35.662904477967935,282763120
2019-11-27,35.356624603271484,35.83073353922755,35.176212119884454,35.68808024489028,109846790
2019-11-28,36.25868606567383,36.443295076656334,35.42375538594015,35.427951918285096,157660730
2019-11-29,35.87268829345703,36.040514375968854,35.33564739023221,35.86849176111476,126319560
2019-12-02,35.314666748046875,35.82653484212552,35.15943026775547,35.658708765228496,83371710
2019-12-03,33.53571701049805,35.12166682756967,33.26300004383921,35.07551457778051,168706560
2019-12-04,34.34547424316406,34.52588670707626,32.64204716600426,32.96091317583641,261132490
2019-12-05,33.54830551147461,34.559455337211894,33.3217407803839,34.49232362384445,111108840
2019-12-06,33.837806701660156,34.194435139599946,33.04902504488147,33.68676354189472,169310820
2019-12-09,34.12730407714844,34.55526077168359,33.72871990964558,33.81682788769306,123184520
2019-12-10,33.73710250854492,34.3706410876318,33.58186286146898,33.98464343659566,93495850
2019-12-11,34.03080368041992,34.253171875135635,33.59445715449903,33.76647976611909,82278630
2019-12-12,35.134254455566406,35.31886346120057,34.13569425448818,34.26156461305987,149846710
2019-12-13,35.94820785522461,36.46846580093016,35.53284080508158,36.10344753302292,216281830
2019-12-16,35.32725143432617,36.25029321209032,35.25592639542626,36.25029321209032,95658310
2019-12-17,36.871246337890625,37.081028128344975,35.49927483676626,35.54542708674751,307577380
2019-12-18,37.3201789855957,38.16350267372578,36.590139256103434,36.871246085141436,400283980
2019-12-19,37.488006591796875,37.7103747850955,36.75377030017964,36.921596378466816,205472860
2019-12-20,38.68376159667969,38.885153527697305,37.18172638194688,37.425070830613976,269312620
2019-12-23,38.7802619934082,39.22919489788885,38.35230854842377,38.68376096114813,186311430
2019-12-24,38.85158920288086,38.994242493183066,38.54950289496209,38.78446069057462,112355050
2019-12-26,39.26276397705078,39.606806014336286,38.8515902246772,38.8515902246772,182556030
2019-12-27,39.39701843261719,39.59001728368709,38.8683674573291,39.37603897447259,111443330
2019-12-30,39.837562561035156,39.9676294537962,39.027804684558674,39.447368284784496,114620740
2019-12-31,39.611000061035156,39.88371383367161,39.397021733890355,39.66134564317547,96441450
2020-01-01,39.25017547607422,39.98441176514336,39.00263129123106,39.690715328905995,121005300
2020-01-02,40.685081481933594,40.93262246140094,39.606803193017335,39.606803193017335,216749610
2020-01-03,40.58858108520508,40.79836288167753,40.231952671405146,40.52984243827409,129568630
2020-01-06,39.711692810058594,40.27810299319722,39.48512809659994,40.27810299319722,96016080
2020-01-07,39.95084762573242,40.66410448534972,39.736869287440705,39.9004988399531,131957880
2020-01-08,39.879520416259766,40.12286486511606,39.187239854182174,39.57743412000655,133048410
2020-01-09,40.54243087768555,40.78158200967935,40.20258537459339,40.697670567266776,101311520
2020-01-10,40.79835891723633,41.44029063990192,40.27810100882347,40.73962027601306,159276340
2020-01-13,41.599727630615234,41.70461852065662,40.928426574553576,41.20953339162066,109427500
2020-01-14,41.83888244628906,42.45983477789274,41.59973132380372,41.65846997136038,156608220
2020-01-15,42.13257598876953,42.254249817021474,41.04590780009636,41.27666585973315,121179480
2020-01-16,41.486446380615234,42.296204232550025,41.29344751448261,42.124184826199354,104383690
2020-01-17,41.557777404785156,41.864057051598095,41.27666734956615,41.39414785078562,56824600
2020-01-20,41.17177963256836,41.93958187677718,41.045912458757854,41.704627258184296,72918780
2020-01-21,39.955039978027344,40.93262065842459,39.73266859819546,40.93262065842459,113158030
2020-01-22,39.86273956298828,40.26552024528076,39.70749987460851,40.16482587496172,76621710
2020-01-23,40.29908752441406,40.43334775658249,39.70330474321377,39.934066017729705,72000200
2020-01-24,40.56340789794922,40.70605798167008,39.98021476553058,40.3032773204971,74811300
2020-01-27,38.80543518066406,40.089301930773374,38.6082397830418,40.089301930773374,129631190
2020-01-28,37.446048736572266,38.76767462630155,37.08942034118906,38.599848557587094,180152830
2020-01-29,37.945335388183594,38.57468082765493,37.72716050993099,37.99568097469078,110818340
2020-01-30,37.63904571533203,38.134130832753506,37.03906971032986,37.92015252580447,146520160
2020-01-31,36.81250762939453,38.11735061985993,36.62370529871645,38.01245972481298,107387270
2020-02-03,36.59014129638672,36.8376854857575,34.95803914291431,35.075516439151464,162371260
2020-02-04,37.9201545715332,38.04602492382686,36.37196716401092,37.08942048964632,133362630
2020-02-05,39.86273956298828,40.25293384911792,37.59289889181076,37.949527320828615,160567650
2020-02-06,40.07670974731445,40.88646754422673,39.573234756919796,40.11027560027834,166660740
2020-02-07,39.522891998291016,40.25293500689686,39.34247951239644,39.91728282815741,116499090
2020-02-10,37.2404670715332,38.872569264998056,36.92159783035015,38.62083173817621,267960480
2020-02-11,37.26564025878906,38.406853806891526,37.148162958428465,37.62226869231699,168243710
2020-02-12,37.58870315551758,38.13833367406079,37.13557687897687,37.76072577609655,117858580
2020-02-13,37.0264892578125,37.90337568221788,36.867056235470535,37.6558346842909,99652210
2020-02-14,36.46427536010742,37.38731403381391,36.36357778765423,37.00550960721567,94848170
2020-02-17,36.65727615356445,36.99712167554763,36.33421036018345,36.54399217889238,97247650
2020-02-18,36.19994354248047,36.51461621333098,35.352426557436765,36.41811838683908,115024230
2020-02-19,36.350990295410156,36.79572669011289,35.92723016024049,36.62370727747017,84651090
2020-02-20,37.219486236572266,37.56772478967892,35.91464319624614,35.9985578360999,129802370
2020-02-24,34.861534118652344,36.489442754640855,34.685318194452314,36.489442754640855,175231420
2020-02-25,35.3524284362793,35.70905684199342,34.77342864249259,35.15942957202243,145581760
2020-02-26,34.932865142822266,35.1929925180592,34.513301555907326,34.513301555907326,142707060
2020-02-27,34.63916778564453,34.89929835494564,34.1566722343999,34.81538692021163,102263790
2020-02-28,32.0336799621582,33.476979758875316,31.46726974691694,33.456000298637555,245328330
2020-03-02,30.54842185974121,33.061609895492566,30.04075033492589,33.03643390513542,202207720
2020-03-03,32.520381927490234,32.80987869172938,31.0561023708047,31.341405802950906,186489330
2020-03-04,31.647680282592773,32.71756866884709,30.63653054018608,32.56232899524065,229371480
2020-03-05,31.53020477294922,32.54135137136049,31.408530946398848,32.218288811980415,146284680
2020-03-06,29.495323181152344,30.06592994911152,29.088345965665077,29.952645981390155,148481880
2020-03-09,27.045068740844727,28.337325371715,26.831092013269757,28.320542443922587,204221360
2020-03-11,25.152835845947266,27.359739476435156,24.846554637943715,27.187720080653243,286928700
2020-03-12,24.120712280273438,24.485732167340124,22.42147840492865,23.07599820286558,437671340
2020-03-13,27.414283752441406,27.86741320314693,21.427112662066687,22.656434123081965,338414370
2020-03-16,24.301124572753906,26.654876782616263,24.091342758691425,25.509468269896104,236054820
2020-03-17,23.726320266723633,25.81574671520006,23.537516334525268,25.173814946233676,206539390
2020-03-18,23.56688690185547,24.599014585545273,23.134736901285255,24.334689066508165,187721700
2020-03-19,22.81167221069336,23.873169194327705,21.859262658037263,22.568326157871592,187219810
2020-03-20,24.98501205444336,25.59337959441216,23.004672951221252,23.470387202692752,173077660
2020-03-23,22.752933502197266,23.327735177623758,21.276069459799047,22.488607989932138,121004020
2020-03-24,22.815866470336914,23.96966624159538,21.699827482885407,23.248016417954815,129288020
2020-03-25,24.0661678314209,24.75425186445322,22.408891327173684,22.408891327173684,94428290
2020-03-26,23.86897087097168,24.796205962166816,23.50395101887598,24.33468668252894,114938330
2020-03-27,23.264802932739258,24.775231316981348,23.008868869738038,24.418602881968354,111835940
2020-03-30,21.31802749633789,22.71937001092538,21.049505442820333,22.4046973049597,158537210
2020-03-31,22.622867584228516,22.862020298552547,21.79213188352436,22.00611020673322,157868130
2020-04-01,22.35015106201172,22.48441127334379,21.657870546917998,22.320781740814574,119647990
2020-04-03,21.2928524017334,22.56412957976297,21.062092745067464,22.463435213458023,125266950
2020-04-07,23.176694869995117,23.302563634790864,21.918004021021282,22.32497964051059,159566590
2020-04-08,23.05501937866211,24.578035644503633,22.37532681725263,22.740346689054824,204349980
2020-04-09,23.902538299560547,24.301122430739618,23.298365703989926,23.537516822900603,138556280
2020-04-13,23.709535598754883,24.502512055774524,22.979495915191823,23.915122443280257,155103280
2020-04-15,23.927709579467773,24.808794025524335,23.654994222754155,24.116513503659036,209917430
2020-04-16,24.242385864257812,24.49412500084956,23.159912538488776,23.159912538488776,172487980
2020-04-17,24.615795135498047,25.14864108855701,23.957080425139598,24.964033684551637,174923730
2020-04-20,24.032602310180664,24.754252208768367,23.923516479246945,24.73746928077607,119607480
2020-04-21,22.31658935546875,23.579476803629138,22.09002620706669,23.49975868798943,169249100
2020-04-22,22.51797866821289,22.64804396631314,21.75017807754598,22.32917632002981,147898560
2020-04-23,22.681608200073242,23.411647948730806,22.572520770636455,22.656433808547504,154678570
2020-04-24,22.45084571838379,22.979496707968302,22.190716755537114,22.345954826856,123808460
2020-04-27,22.794889450073242,23.23543087699761,22.69838842084909,22.992083238968,124106120
2020-04-28,22.954322814941406,23.109562490130315,22.618672274884894,22.9836921371646,85471050
2020-04-29,23.71792984008789,24.011624680737462,22.761325342465753,22.90817196253648,198765690
2020-04-30,25.031164169311523,25.551423734569813,24.225602830146816,24.330493729548976,236333720
2020-05-04,22.958520889282227,24.011624829550062,22.664826046812475,23.91512539283294,128914590
2020-05-05,22.878803253173828,23.6969526167819,22.74034809346006,23.41164923254413,121823300
2020-05-06,23.30675506591797,23.533319768823862,22.82845287123304,23.000473864067235,95077310
2020-05-07,23.147323608398438,23.73471330293013,23.046629238226704,23.113759351843914,89583760
2020-05-08,22.899782180786133,23.83121228950627,22.824260604334754,23.73051792124318,98777550
2020-05-11,23.176694869995117,23.747300043769716,23.07599889785361,23.122151151730627,109074080
2020-05-12,22.987890243530273,23.227041369730593,22.19491528818099,22.933346526876896,150402970
2020-05-13,23.20606231689453,24.166861704128547,22.95012827556945,24.12490598609508,147231160
2020-05-14,22.534757614135742,23.092777897138106,22.429866727902926,22.824257484463367,107969020
2020-05-15,22.945932388305664,23.227040828655582,22.555738117698287,22.656434084519717,149896650
2020-05-18,22.371129989624023,23.176692896642823,22.022893049989076,23.000475360526067,116153670
2020-05-19,22.824260711669922,23.529127694858808,22.446652827637255,22.82006417934282,168970940
2020-05-20,23.764081954956055,23.831212066673125,22.664825775398505,22.824260390917086,144218120
2020-05-21,23.806039810180664,24.02001654592955,23.369693273957978,23.822821138106036,130358110
2020-05-22,23.02984619140625,23.516539912758226,22.933346753608927,23.411649010738333,106567390
2020-05-26,23.533321380615234,23.864776994548365,23.243823085190886,23.285778803191615,121075590
2020-05-27,24.16266632080078,24.368253176540588,23.41584367031238,23.680167569896106,140074620
2020-05-28,24.796207427978516,25.056338005086673,24.284340938605194,24.494122732752245,166019580
2020-05-29,24.771034240722656,24.913685922480855,24.154275263634553,24.510903667776027,131279850
2020-06-01,26.449289321899414,26.667462582609566,25.341641690992567,25.341641690992567,243843600
2020-06-02,26.801721572875977,27.141568644222207,26.39474439366595,26.68424268373332,165626630
2020-06-03,26.633893966674805,27.38071817415299,26.436698585977204,27.309389937868257,103869540
2020-06-04,26.84787368774414,27.070240268326668,26.398939193048815,26.591939652635705,112512660
2020-06-05,28.442218780517578,28.83660961591545,27.275832404614423,27.338767589137813,309184760
2020-06-08,27.993284225463867,29.436584050354966,27.468829719444283,29.176453463003394,164816490
2020-06-09,27.875804901123047,28.865975192563198,27.594694873566773,28.194670912863,149268320
2020-06-10,27.18772315979004,27.817068573664656,27.019897075886878,27.783502716680765,172188830
2020-06-11,26.277267456054688,27.145762337858528,26.09685498866545,27.019895184504044,139066840
2020-06-12,26.650678634643555,26.889828145267927,25.17381464979464,25.17381464979464,175578850
2020-06-15,25.694072723388672,26.43250387340637,25.391986452672917,26.32761298501984,185810020
2020-06-16,25.924833297729492,27.06604671691605,25.282899949183058,26.440896295241885,234418060
2020-06-17,25.86189842224121,26.415722211387227,25.597572922714424,25.777985387414354,114470230
2020-06-18,26.69263458251953,26.78493908252784,25.769594383960584,25.86189888396889,113692780
2020-06-19,26.898221969604492,27.342958349995197,26.625504996320775,26.935981156158654,151342880
2020-06-22,27.330371856689453,27.523370722980083,26.713612870382367,26.83109176332681,110312750
2020-06-23,27.859024047851562,27.98489120890286,27.36813539761733,27.49819909100855,125450560
2020-06-24,27.359743118286133,28.375086304586407,27.250655681430683,28.24502260746177,207826420
2020-06-25,27.112201690673828,27.473026652155085,26.93598254131075,27.01989718410658,113456530
2020-06-26,27.175132751464844,27.687000851632572,27.06604852104788,27.338765499122708,97063330
2020-06-29,26.92339515686035,27.355545148092762,26.189158864684373,27.103807630978523,119611330
2020-06-30,27.414283752441406,28.333129049536023,27.11220065298725,27.11220065298725,365236470
2020-07-01,27.16254425048828,27.65762938429339,26.87724089878676,27.607283805238744,104894330
2020-07-02,28.10236930847168,28.32054095628043,27.233872847186387,27.443654632047725,119713930
2020-07-03,27.68280601501465,28.278585521722693,27.46882769603617,28.278585521722693,106126140
2020-07-06,28.438020706176758,28.67297530124178,27.716370791601292,27.955521919011417,141439660
2020-07-07,27.716367721557617,28.43382102431823,27.5275654001528,28.42962769345389,108393710
2020-07-08,28.043630599975586,29.067366848911394,27.859024785343493,27.926153299477974,215601630
2020-07-09,28.90793228149414,29.243581236255004,28.236631170956226,28.27858689017431,244037810
2020-07-10,28.421236038208008,28.89114840059198,28.127542812353077,28.69395300565392,125261130
2020-07-13,28.706541061401367,29.117714802398254,28.404454753896108,28.8072386312473,121150000
2020-07-14,28.249217987060547,28.446413391438263,27.909369293998772,28.446413391438263,83070350
2020-07-15,28.471586227416992,29.075758837340825,28.3624987948438,28.58486699126959,96874130
2020-07-16,28.668781280517578,29.075758480766012,27.82126102409964,28.362498447016158,105860440
2020-07-17,29.449169158935547,29.94005778686626,28.962473862137955,29.033798903594665,244153950
2020-07-20,29.57084083557129,29.763839687210975,29.084145574119635,29.461753414725933,95320490
2020-07-21,30.137252807617188,30.258926630294297,29.32749496781279,29.872925702795303,113681040
2020-07-22,29.373645782470703,30.451924005487037,29.084145901247037,30.2505320878932,178429190
2020-07-23,29.52888298034668,29.90649083452319,29.172254585130652,29.377839838676078,96250490
2020-07-24,29.042194366455078,29.3526705498032,28.744304579578092,29.117715946298286,89188290
2020-07-27,29.60860252380371,29.696710493895843,28.88695263426869,29.453362842584518,118356070
2020-07-28,30.08271026611328,30.208580632488538,29.600214664046366,29.671539711184696,106392570
2020-07-29,31.362380981445312,31.756771813430216,29.885518429294716,30.124669567600865,301158810
2020-07-30,30.76240348815918,31.702225070056393,30.552621684993603,31.635096557571877,103982570
2020-07-31,30.737226486206055,31.081268468235525,30.242141370503568,30.678487845446085,90249550
2020-08-03,31.341400146484375,31.622510195803162,30.38060230383948,30.60716383460942,111369710
2020-08-04,31.236507415771484,31.719006175526143,30.8505096883742,31.425312948379535,111842600
2020-08-05,33.21265411376953,33.38887004692106,31.303638568246484,31.303638568246484,305597410
2020-08-06,34.473838806152344,34.6761455493423,33.186827829756965,33.55270011995787,221228070
2020-08-07,34.78376007080078,35.011892120470904,33.84110128601267,34.08214597487355,151763170
2020-08-10,35.313194274902344,35.42941128860024,34.40066297287979,34.93010406280495,120182110
2020-08-11,35.85124588012695,36.811122507103086,35.51119885459239,35.5628526897072,258851910
2020-08-12,35.68336868286133,35.92871860909965,35.085059155999694,35.61449691494134,115744020
2020-08-13,35.5628547668457,36.30320674281006,35.19697916039023,36.00190089700988,124220440
2020-08-14,36.02772521972656,37.099520165654674,35.2185014810224,35.29598059417398,477423650
2020-08-17,36.59160232543945,36.94456200060692,35.661852966078904,35.98468205741454,181455010
2020-08-18,37.405128479003906,37.603129912292715,36.131030157849544,36.2989010096376,173400200
2020-08-19,37.16407775878906,37.49551741445395,36.91872781809609,37.40512567672357,118436810
2020-08-20,37.24155807495117,37.73226125632887,36.41942179507215,36.58729263975915,158466000
2020-08-21,36.91872787475586,38.05078381946929,36.72072645599685,37.51273541501974,134818760
2020-08-24,36.97468566894531,37.68491019384562,36.85416335615965,37.32764527809762,90928540
2020-08-25,36.50120162963867,37.24585871214815,36.28167698180661,37.18990286559691,105529000
2020-08-26,36.58729553222656,36.8240381698535,36.34625087136074,36.58729553222656,79571570
2020-08-27,36.74655532836914,37.03494848747608,36.41511566934676,36.630335032976454,95491160
2020-08-28,36.51842498779297,37.70643695536381,36.419425906154665,36.98760497169075,152112670
2020-08-31,35.55424118041992,37.03064626942657,35.295978579319886,36.71642781135079,157459100
2020-09-01,36.90151596069336,37.25017030183602,35.46384880938811,35.63171966134473,140728230
2020-09-02,37.762393951416016,38.024958574385195,36.76807818029124,37.02203875698099,117392780
2020-09-03,37.71504592895508,38.1928332228183,37.52565182068867,38.09383086150072,102142880
2020-09-04,36.268768310546875,37.35777777204592,36.07076688881858,36.854165246085685,105290810
2020-09-07,36.372074127197266,36.87999198009631,36.0234197929485,36.47537850697708,96263460
2020-09-08,34.8741455078125,36.65185961789455,34.658926136343936,36.65185961789455,116372720
2020-09-09,35.93302917480469,36.16976852270922,33.27291750331013,34.33179646015923,319997830
2020-09-10,35.123802185058594,36.66477373514987,34.529797878056684,36.50120818846483,229205440
2020-09-11,35.08075714111328,35.52410851574097,34.65031840318551,35.188366825595224,136871250
2020-09-14,34.83540725708008,35.64893621056787,34.620187887713215,35.295976576165685,123310520
2020-09-15,34.88705825805664,35.34332223322815,34.74070739108539,35.03771114759566,91323090
2020-09-16,34.83110427856445,35.29597893562967,34.66753872914692,34.99036780477768,99873490
2020-09-17,34.32318115234375,35.08075418681454,33.84969923729451,34.60296696523224,148080220
2020-09-18,34.04770278930664,34.92149288328203,33.866919311377984,34.61588177993019,168417030
2020-09-21,32.145164489746094,34.36622662901018,31.938552454379096,34.0907461045121,141383050
2020-09-22,32.20973587036133,32.584215520868085,30.836635061203495,32.19682323192832,220130270
2020-09-23,31.10350799560547,32.5411719830078,30.68598184238163,32.45508553829638,169844110
2020-09-24,29.60557746887207,30.75484817307933,29.506578392832296,30.7161102608865,124957470
2020-09-25,30.311494827270508,30.612803911136094,29.631400840130755,29.958535197132534,122425760
2020-09-28,31.07767677307129,31.417723783333482,30.6171074369414,30.987285028670517,122701960
2020-09-29,31.85677146911621,32.007424368491776,31.137936290975233,31.42202743035794,178916090
2020-09-30,30.970064163208008,31.981597768444487,30.819411270083457,31.942856576505736,129636870
2020-10-01,31.4177188873291,31.878288151685826,31.262760697079493,31.361763040178186,95540970
2020-10-05,32.911346435546875,33.186826972866626,31.809424286267866,31.861074834523414,195905330
2020-10-06,32.4895133972168,33.33747484833897,32.11933586530145,33.29873694299242,142863360
2020-10-07,31.947166442871094,32.65308577196821,31.852469386823657,32.368994603825904,96937190
2020-10-08,32.166690826416016,32.97160922705057,31.998816684329235,32.2355593221554,141111310
2020-10-09,31.80942153930664,33.31165172777353,31.59850748950724,32.37329520231568,220065830
2020-10-12,31.947166442871094,32.46799696714474,31.206811223577233,32.15377521607709,157568610
2020-10-13,31.710418701171875,32.39051264520135,31.564071117360996,32.02464040168745,119024640
2020-10-14,32.330257415771484,32.476605026410546,31.813732187179443,31.886905992498974,148921160
2020-10-15,32.188209533691406,33.45370052270368,31.981600770579455,32.7994317768793,316506980
2020-10-16,33.90565872192383,34.08214018484951,32.30012403153603,32.46368957347759,288554790
2020-10-19,34.04770278930664,34.435098302001535,33.729179049529456,34.2284862672353,147289680
2020-10-20,33.78083038330078,34.2069637737866,33.53978247988566,33.74639449938624,109496320
2020-10-21,34.78376007080078,35.123807133436706,33.94871099125236,34.116581868707264,263519520
2020-10-22,35.26585006713867,35.601591796673326,34.44371040493022,34.59866863148273,208883010
2020-10-23,36.453857421875,36.6733788116754,35.48537027067949,35.55423876042463,285885950
2020-10-26,35.15823745727539,36.445248408528954,34.79236517422182,36.445248408528954,166073190
2020-10-27,35.38206481933594,35.885680665233416,34.727799347963575,35.18406338347342,160621710
2020-10-28,34.63310241699219,36.00189781232389,34.47383889272231,35.420806140076515,169657540
2020-10-29,34.55561828613281,34.86553467535158,34.03048254706619,34.38774745597042,138603960
2020-10-30,35.343326568603516,35.5456333096518,34.02187971714646,34.66753785207311,180209980
2020-11-02,34.68044662475586,35.51119346381425,34.32318170841764,35.29597410948811,131431090
2020-11-03,35.02910232543945,35.48536960792549,34.81818826930131,35.08075615477378,122580340
2020-11-04,34.77083969116211,35.73071949317275,34.555620328593406,35.20127841629952,136143660
2020-11-05,36.63033676147461,36.86707938623334,35.222803501872505,35.46815345662836,265177560
2020-11-06,36.716426849365234,37.2673879263398,36.38498717138121,36.544250691813915,173981930
2020-11-09,37.73226547241211,37.87000575226356,36.793908789678056,37.27599812716448,158308620
2020-11-10,38.04217529296875,39.01927308808559,37.495519529012554,37.878609751278105,262002400
2020-11-11,40.80128860473633,41.09398707962622,37.84417327536293,38.042174701908,368618330
2020-11-12,40.732418060302734,41.313513004700745,40.142719069776355,40.63341898603333,234936850
2020-11-13,41.88599395751953,42.04525747818984,40.03080398500433,40.53441653730395,234181870
2020-11-14,42.37239456176758,43.000834786603185,41.92473783640784,42.7468741986837,78374000
2020-11-17,44.99806594848633,45.70829052115107,43.19022128315908,43.56039885960284,642845990
2020-11-18,44.52458953857422,45.09276861065403,43.960712489928355,44.593458037378284,174815130
2020-11-19,45.07554626464844,46.11720724777582,43.90475234338686,44.064015862554086,201379980
2020-11-20,45.876163482666016,46.63373333007686,44.85171713984717,45.282155896598056,266860000
2020-11-23,46.7542610168457,47.00391301101792,46.17316604223625,46.315211626429104,170254250
2020-11-24,47.20191192626953,47.38699742447639,46.60790438695696,47.171778063041245,130291260
2020-11-25,46.594993591308594,48.09292185102271,46.44434068915025,47.434347820467174,176809890
2020-11-26,48.932273864746094,49.1647111678325,46.594991481695125,47.00390695246631,225701850
2020-11-27,49.70276641845703,50.133205198166216,48.4717112457698,49.07002088684658,462912480
2020-12-01,50.43021011352539,50.96395329255914,49.668331617690974,50.96395329255914,147391090
2020-12-02,52.02713394165039,52.30691650759067,50.279550348373476,50.42159592688868,249970850
2020-12-03,53.45187759399414,53.78331394615895,52.341344966140156,52.42743467604355,247756520
2020-12-04,53.606842041015625,54.45050159256105,52.9095300873973,53.71875703495148,201535520
2020-12-07,52.90522766113281,54.149195369979445,52.466178302724,53.68432073777729,155883210
2020-12-08,52.81053161621094,53.49923296368882,51.863564389940166,53.030053015603,170158530
2020-12-09,52.45756912231445,53.43466359287659,52.263869723736256,53.202226284974884,127307310
2020-12-10,52.52213668823242,52.8578816836599,51.09308011903315,52.1691770321045,198293280
2020-12-11,53.520748138427734,53.843577174024134,52.87939537389252,52.93535450848077,163956980
2020-12-14,53.95549774169922,55.00146405661153,53.83067010760829,53.95549774169922,177227150
2020-12-15,54.69585418701172,54.846507099203265,53.14627527706534,53.67141110012203,132263120
2020-12-16,55.388858795166016,55.90969260640547,54.941205355997205,55.19947124996255,160402560
2020-12-17,54.69154357910156,55.61268219178125,54.360107204403,55.388852214801275,79651860
2020-12-18,54.342891693115234,55.169333297439785,54.063105851363176,54.94550659443035,253515060
2020-12-21,51.29538345336914,54.03727938779476,50.41298601371575,53.718755642221495,190766540
2020-12-22,51.76886749267578,52.55226589350626,50.361334212211865,51.3082981573082,188468790
2020-12-23,53.49492645263672,53.73597109783202,51.33412540781038,51.566562723100276,122383430
2020-12-24,53.57240295410156,54.833588541110785,53.309835070923114,53.83066553054305,120907400
2020-12-28,54.46341323852539,54.69585055216867,53.942582757282594,54.084628329617985,104805170
2020-12-29,54.424678802490234,55.06603164641819,53.46479890620639,54.91107342743078,104163260
2020-12-30,55.13489532470703,55.436201121977405,53.72305681637689,54.489237229996036,115144280
2020-12-31,55.41037368774414,56.25833847782702,54.79915150341574,54.79915150341574,177130120
2021-01-01,55.3630256652832,55.931207924211925,55.09615576255985,55.52659447945485,84113960
2021-01-04,59.6588134765625,60.25281448632954,55.65142319028921,55.87095115665829,381849550
2021-01-05,58.587013244628906,59.73198179274389,58.11783662573072,59.1422762921731,215452540
2021-01-06,58.866798400878906,59.97302909055625,58.10922859989894,58.88401962815902,196105220
2021-01-07,62.22422790527344,62.97319373393695,59.546898214732764,59.65881649909279,382321940
2021-01-08,61.39347839355469,62.60731220139336,60.52829233948338,62.58578895121731,193293130
2021-01-11,59.88694763183594,61.29447766810232,59.24559150584843,61.29447766810232,170245090
2021-01-12,59.8223762512207,62.37057288927118,59.495245162326945,59.830986865342005,245254840
2021-01-13,61.04912567138672,61.51400028647644,59.658810416907194,60.38624635121344,193538710
2021-01-14,60.808082580566406,61.50539123694658,60.01176828513986,61.12230102143261,115408580
2021-01-15,60.76933288574219,62.11230610419324,60.05911165357958,61.29446862839787,206884370
2021-01-18,57.39469909667969,61.01469041845519,56.77486627012433,60.9501272356781,250452260
2021-01-19,58.634361267089844,58.87970791504377,55.69876612901209,57.8509596667324,312451180
2021-01-20,59.41345977783203,60.21837813371357,58.76349963373254,59.41345977783203,233131500
2021-01-21,57.39469909667969,59.8094606521502,56.95565631784783,59.486631602317104,161178670
2021-01-22,55.69877243041992,58.178103869872636,54.549505023399945,57.67879333631906,237156650
2021-01-25,56.12490463256836,56.97717146208907,54.32136533864285,56.043120224609176,163484730
2021-01-27,53.89093017578125,56.056036562416494,53.70153935892978,56.034513311325924,149180840
2021-01-28,53.692928314208984,54.28693588607885,52.737353771624434,53.20222840596076,170917520
2021-01-29,51.73873519897461,54.56241556455209,51.30829645926937,54.23958650977317,268265750
2021-02-01,54.760414123535156,55.096155797488215,51.43312139487328,52.07447744792391,210846940
2021-02-02,55.23820877075195,55.78486785390462,53.727367751345334,55.35442907900713,180489570
2021-02-03,56.228214263916016,57.18809080750314,54.859415666179004,55.51798640774034,148463810
2021-02-04,56.469261169433594,57.11922132328764,54.97563816811034,56.30139031814816,147649950
2021-02-05,58.97441101074219,59.45219828788701,56.077560050598365,56.551045304696515,291008880
2021-02-08,60.515377044677734,60.683247879918724,58.77209894457606,59.74489463882127,214621690
2021-02-09,60.19255065917969,61.67756296981585,59.53828851599591,60.82099409731343,293370280
2021-02-10,59.42207336425781,62.37057499063755,58.543974597576785,61.1223051879329,573979190
2021-02-11,59.80515670776367,60.65742353290723,58.7850190448195,59.19393451454163,163407050
2021-02-12,58.58271408081055,60.08063902986459,58.410534647142725,59.83098377702662,147054790
2021-02-15,57.86387634277344,59.22837292077853,57.678790838233446,59.15089053266433,131716720
2021-02-16,60.19255065917969,61.001777576454245,57.532442450141296,57.86387554457922,336618380
2021-02-17,59.98594665527344,60.56273302504185,59.185330288291034,60.05912045729113,159574830
2021-02-18,60.067726135253906,61.2083861435169,59.74489708748433,60.2614222503209,148561470
2021-02-19,57.73904800415039,59.91706681483986,56.4692551296784,59.91706681483986,223923860
2021-02-22,58.93136978149414,60.08064043521756,57.751965263183806,57.928446723831236,281491090
2021-02-23,62.7838020324707,63.36058843347384,58.7290694278465,59.36611699659661,389070710
2021-02-24,62.64604568481445,64.13536648092405,61.98317297485277,63.27448907849554,216767890
2021-02-25,63.954586029052734,64.82407408552115,63.01192417808567,63.29170671987307,219015960
2021-02-26,61.56565475463867,63.842679452291755,61.217000413101324,62.41361962952603,235515910
2021-03-01,62.87849426269531,63.55427969424787,61.23852365326182,62.32753318047026,140586460
2021-03-02,63.317535400390625,63.683404354625125,62.254351285899006,62.882788109865714,111133990
2021-03-03,66.9030990600586,67.36367172544192,63.79102839701522,63.79102839701522,288428350
2021-03-04,65.25020599365234,66.02069500419502,64.01915095390257,64.65189641718499,228738220
2021-03-05,63.128143310546875,65.08233218030999,62.585786327927934,64.43667410993396,168819600
2021-03-08,63.468196868896484,64.66912474451497,63.27880275460722,64.0449832584323,106145960
2021-03-09,60.8425178527832,64.64759469595478,60.45511905028658,64.13537155014825,195564380
2021-03-10,62.370574951171875,62.83975820066824,60.523995523543185,61.544133303507856,196858600
2021-03-12,61.978878021240234,64.13537379580987,61.46665485749851,63.704935045502424,161214090
2021-03-15,63.39501190185547,63.61884186732876,61.55703679378067,62.15534633058603,155429990
2021-03-16,62.33184051513672,63.71355192950456,61.91431436081239,63.71355192950456,125699980
2021-03-17,60.64021301269531,62.499704991551496,60.31738395120179,62.40931653239879,105409590
2021-03-18,60.67894744873047,62.23283150511535,60.11507377115685,61.66034721402895,143206510
2021-03-19,63.10232925415039,63.4251583467167,58.647285149545496,60.49817326052059,246378140
2021-03-22,64.00624084472656,64.19133292266945,62.41361878249227,62.93875458320358,137603700
2021-03-23,63.803932189941406,64.51846207016189,63.12814678773747,64.22145829055374,118738960
2021-03-24,60.502471923828125,63.10232574964,60.171032234834286,62.930146302382134,210302830
2021-03-25,62.254364013671875,62.90432421911733,59.25850715911555,61.13091851421009,367224000
2021-03-26,66.01638793945312,66.7093945786886,62.43083242062378,62.87849239159429,429122470
2021-03-30,68.87020111083984,69.73107862472534,66.9676625933098,67.14844608306885,284794680
2021-03-31,69.89033508300781,70.893258120598,68.0179305323608,68.35367221917954,280445850
2021-04-01,74.29803466796875,74.80164722929415,70.50587024111883,70.67804311802564,368420980
2021-04-05,74.70263671875,75.5721247203778,72.06834744308105,74.20762827945883,305759860
2021-04-06,74.28081512451172,75.97243618843122,73.87620166560687,75.36982459089666,207789200
2021-04-07,75.31387329101562,76.18766348235266,74.43577450840753,74.85330064727985,171132080
2021-04-08,79.06298065185547,82.09757493050684,75.98964846485748,76.10156673515701,530630560
2021-04-09,77.4359359741211,80.0616152298157,76.2479272738915,79.28682409141608,321790690
2021-04-12,73.30802154541016,76.89357707625427,72.6021022669518,75.46021526851173,221355040
2021-04-13,75.67112731933594,75.8949572898986,73.08849503245058,74.20763174931677,204285020
2021-04-15,77.32402038574219,78.46898909033987,75.71417702135354,76.79027394643232,218563570
2021-04-16,76.6396255493164,78.71864563013571,76.29527321416252,77.80611095678175,173985980
2021-04-19,76.45023345947266,77.39289545680934,74.03547159417619,74.87913450922798,191469960
2021-04-20,76.96245574951172,77.97398294924376,75.92939872905022,77.47898097575516,169152930
2021-04-22,79.32125091552734,80.8062632630533,77.22501634201583,77.47467160073793,319028150
2021-04-23,79.68281555175781,81.35291992498531,78.40441199892729,80.04438907641783,247523860
2021-04-26,80.98704528808594,82.29988474221534,80.06590665875765,80.49204337048374,212348580
2021-04-27,84.17230224609375,84.62426426528373,81.29266584242615,81.63701816980777,249045150
2021-04-28,83.62564086914062,84.88252124668358,82.81641390728076,84.79643480920309,204479680
2021-04-29,88.7865982055664,89.26868747885973,84.62425649668354,84.62425649668354,447186470
2021-04-30,89.01473999023438,90.61597275879177,87.0433296124304,88.15386244017016,281297380
2021-05-03,91.66192626953125,92.02780181733901,87.68036801574436,88.83824925069442,264841000
2021-05-04,91.5844497680664,93.54724931199436,91.0420927686306,92.49697776740778,249616280
2021-05-05,92.12680053710938,93.6935972461592,90.13386712236615,93.31911765410892,192498390
2021-05-06,94.77400207519531,97.19307234839552,89.74648056136378,90.82257745058877,464345370
2021-05-07,101.78585052490234,102.61659414987437,97.2877669546032,97.7095950855433,540754330
2021-05-10,104.71282958984375,105.80183902950452,103.30529313188914,104.16617057465488,280808840
2021-05-11,106.22367095947266,107.26533191454249,101.31667198633811,102.44441937518727,411083810
2021-05-12,101.51036834716797,107.33850596842856,100.14156974529881,106.05580036851856,308891920
2021-05-14,97.4599380493164,102.01398067521052,96.00505301641618,102.01398067521052,376480320
2021-05-17,99.07408142089844,99.70682687767973,94.99782613367684,97.96785730321585,287534300
2021-05-18,101.58354187011719,102.999682424076,99.6078296448045,101.1531031333794,245738800
2021-05-19,100.2276611328125,102.40568006062878,99.68961271910398,100.98092891200443,174350260
2021-05-20,95.13126373291016,97.75264065585424,94.52865212302298,97.37385246222576,284462530
2021-05-21,95.82427215576172,96.75402142948018,95.20013728359876,95.90175454589196,141049260
2021-05-24,94.00782012939453,95.46700722539728,93.15555324563407,95.38522938020726,189238420
2021-05-25,95.14417266845703,96.93049731394274,94.69651928538002,94.86439012503061,181137520
2021-05-26,93.15985870361328,94.18000304230864,92.32911504026099,93.87869722057397,154327030
2021-05-27,94.40813446044922,95.53588191517127,92.54433383277639,93.1598581098272,227910320
2021-05-28,94.99783325195312,98.4499539546728,94.47700602913827,97.36524643777331,192085810
2021-05-31,96.9046859741211,97.24903174847098,94.61044645705317,95.72958335963959,154286470
2021-06-01,94.77400207519531,96.67654715516237,93.44825648748741,96.4182812745587,176909250
2021-06-02,96.76692962646484,97.26193810565461,95.04087268745185,95.12695911966675,128625910
2021-06-03,96.59044647216797,98.11850524700476,95.81566202788893,97.24041314510083,121094770
2021-06-04,96.4785385131836,97.17584716728526,95.29913400609688,96.07392504841758,97133470
2021-06-07,97.167236328125,99.00090286010698,96.89605784027842,97.27914802775729,122185920
2021-06-08,95.652099609375,97.51159159517422,94.70082708138027,97.51159159517422,108343730
2021-06-09,94.7826156616211,97.10698895602138,94.17569542075205,96.16001840942809,111143380
2021-06-10,95.94048309326172,96.91758079670308,94.94617073145716,95.49713175070794,77767640
2021-06-11,99.71973419189453,100.25778257418428,95.82426259052212,97.08975343654335,174458560
2021-06-14,100.27501678466797,101.46732742526841,98.14003763738461,100.55049732935218,160312640
2021-06-15,101.09284973144531,102.16894665587611,99.87040520160579,100.72267212672214,97681020
2021-06-16,98.32511138916016,101.99245103800769,97.42119403879268,100.63657172846972,175211070
2021-06-17,97.1457290649414,99.79055487714014,96.43281578412227,98.4835427190021,162076870
2021-06-18,96.13797760009766,97.68702371631521,92.43697641527397,97.25575572946697,403470770
2021-06-21,97.35696411132812,97.60780795564797,93.61635835746165,94.1752507444031,130014320
2021-06-22,97.89825439453125,99.54411659154557,97.38777012686764,98.06547690535216,90246340
2021-06-23,96.8244857788086,99.24047283022132,96.62645504401401,98.61997742319228,78063360
2021-06-24,97.97306823730469,98.61997353643847,96.67925763903715,97.25574992392195,72394700
2021-06-25,102.5586166381836,102.976683025424,99.45611266558045,99.89618396056089,180227700
2021-06-28,104.20887756347656,104.64894883129956,102.3605795816109,103.32873502783058,116603350
2021-06-29,103.20110321044922,104.9129800511098,102.58500616559226,104.25287319663984,78037590
2021-06-30,102.67743682861328,104.82498016230039,102.34297834991688,103.94924259087273,80432670
2021-07-01,102.40898895263672,103.5751751407679,101.78408183546127,103.14390717317,56149280
2021-07-02,99.98419189453125,102.69503254812363,99.47370760620124,102.6246195328461,75734070
2021-07-05,101.81929016113281,102.25496314681331,99.98419372470775,100.86433628692342,76799000
2021-07-06,102.7346420288086,103.68079933792455,101.2384023182855,101.97771886749784,91468350
2021-07-07,107.2585678100586,107.81746019821213,101.9645110158897,102.79624544024915,167456260
2021-07-08,104.71495056152344,108.25752539823709,103.96243249900763,107.81745415678084,124105850
2021-07-09,109.0804672241211,109.49854031668156,104.56093996359775,104.91299161950458,178593560
2021-07-12,107.98908996582031,110.76593863827617,107.23216683518818,110.10583172539614,166477750
2021-07-13,108.14750671386719,109.44131722768518,107.65022406625512,108.96164118996343,79155280
2021-07-14,109.55134582519531,109.8153845649638,107.28937970824228,108.42916271505344,83413880
2021-07-15,110.54151153564453,111.40845253865831,108.93524725274584,109.67457053263074,96555510
2021-07-16,112.52182006835938,112.77266390644837,110.8143414531631,111.31162411922797,84969250
2021-07-19,111.46124267578125,113.6175890570121,110.34346468531623,110.8099391234226,89046290
2021-07-20,108.55238342285156,111.98054250467261,107.8174651802745,111.95413258692346,85799400
2021-07-22,112.04215240478516,112.47781868153298,109.84179596883065,109.92980888327784,78940240
2021-07-23,112.7814712524414,114.02247553089836,112.1301676142557,112.60104040941098,86418650
2021-07-26,114.23809814453125,115.14464387663185,112.48661638887216,113.45036681929109,86784330
2021-07-27,117.11617279052734,117.45502284395035,115.12704199457845,115.73874752481152,103413820
2021-07-28,120.13945770263672,120.57512396596536,114.96421522710595,117.23498461065701,128351250
2021-07-29,128.37759399414062,130.41951774430564,120.40350457073423,121.01960167509826,300610410
2021-07-30,126.23883819580078,129.61859575961122,125.6667509161756,128.11795111577723,140492650
2021-08-02,124.1044921875,127.35661160197115,123.70402575558609,127.26860541369079,97689200
2021-08-03,123.8536605834961,125.05505999778259,122.37062253705109,124.45215107052633,86405600
2021-08-04,124.6457748413086,127.44463493643876,123.6688161425238,124.98023328428799,112894350
2021-08-05,127.32142639160156,127.62067163985462,122.11978062089537,124.56657587173567,162217990
2021-08-06,125.75916290283203,128.23676631963968,125.50833248384872,127.53264959656447,96740250
2021-08-09,124.29373931884766,127.02657833746322,123.69523536598237,126.21244374469657,78594930
2021-08-10,120.89636993408203,124.80420464054187,120.33307929179374,124.27611378781174,84516230
2021-08-11,125.52592468261719,125.83397994339782,121.82932870279629,122.33981298728199,145353570
2021-08-12,126.33126831054688,127.15419947319535,124.6765959643168,126.38847972697226,109431080
2021-08-13,128.64601135253906,129.96183340730113,122.397008206994,123.66001043525212,289698720
2021-08-16,133.72885131835938,135.05786163592913,129.57457771480787,130.6131394007415,271144880
2021-08-17,132.34701538085938,135.01384591932597,131.2952521408581,133.72884546820165,189709230
2021-08-18,132.0609893798828,133.68485348456161,130.98282279712384,132.85312574528524,123317450
2021-08-20,121.07239532470703,127.35661198699263,119.94581404401049,127.18499118988679,273400690
2021-08-23,119.58056640625,124.08248672906466,115.3646762819799,123.395976648813,229257290
2021-08-24,123.62921142578125,124.98023336882655,121.19561798223953,121.63568922649596,176075790
2021-08-25,122.35742950439453,125.50834166240581,121.52568829089539,124.80422488783779,125650100
2021-08-26,121.02400970458984,122.75789166078204,120.13946211452708,122.37501835753446,91578980
2021-08-27,121.82493591308594,122.73149517520288,121.09442935036148,121.37166299698282,73940810
2021-08-30,126.7933349609375,127.18059983586686,123.0439324925853,123.13193869058128,134443870
2021-08-31,127.64266967773438,128.41279441945812,126.03641218812109,127.18060020466402,247521080
2021-09-01,124.20571899414062,128.10475768250038,123.83606071498072,127.73069439278409,88128970
2021-09-02,125.42910766601562,126.03640816316643,124.1000972746502,124.18811690000017,61480460
2021-09-03,127.0617904663086,127.88031663268562,124.66780153531764,125.68436515738469,84523820
2021-09-06,126.47649383544922,127.79231620578119,125.25750112197646,127.356636469558,69586760
2021-09-07,125.7459716796875,128.41280274088012,125.03746331774546,127.09258881237245,63527170
2021-09-08,125.84718322753906,126.97376461874505,124.8570228573839,125.50833318007561,46762240
2021-09-09,127.35661315917969,127.79229281565942,124.9802311680229,124.9802311680229,53130300
2021-09-13,128.804443359375,129.55696136710816,126.43245309424849,127.35660532001086,56702080
2021-09-14,127.82308959960938,129.90903642569614,127.53264096737176,129.90903642569614,55037670
2021-09-15,128.0695343017578,128.82645741236777,127.12778878117972,127.82309546852751,44174640
2021-09-16,126.45448303222656,129.54818354543596,125.97040194575443,128.50081176649886,56067970
2021-09-17,121.97894287109375,126.76692010287815,119.69937707497627,126.47647147338661,195720300
2021-09-20,110.29065704345703,118.98646943949858,109.78457778038818,118.81924021189639,282384120
2021-09-21,113.73201751708984,114.14568557591275,108.5127721045109,110.72193171005934,255935400
2021-09-22,114.92900848388672,116.00278340101339,112.93108126203185,114.36571782489474,111242470
2021-09-23,116.06439208984375,117.890698598569,114.95101231741641,117.05895745450944,99462510
2021-09-24,111.96293640136719,116.5308718092971,110.76154366408916,116.17882015050198,132866160
2021-09-27,111.82211303710938,113.42396548558364,110.99037860061654,111.95412904690609,86688770
2021-09-28,112.74185943603516,114.13687783747808,111.1620051925234,112.08175253278966,81007360
2021-09-29,114.02685546875,115.28106122083516,111.53165899483004,111.77809782114538,94945770
2021-09-30,113.44157409667969,115.86196613829004,112.99709780601286,114.68257833028368,75145680
2021-10-01,114.22930145263672,115.38669102810276,111.33803001908157,112.21817254887668,90374700
2021-10-04,116.54407501220703,116.86092688144053,112.69345118536731,114.22930913549712,96902370
2021-10-05,115.90157318115234,117.29660507579285,115.31187926575625,115.65072932336082,57952160
2021-10-06,112.6494369506836,116.93573335280303,112.05534479080681,116.17001367363457,86316930
2021-10-07,113.46796417236328,115.01701006502232,112.97068153437588,113.97844841003581,46033670
2021-10-08,114.51974487304688,118.29555024440218,114.09726680849002,114.59454946391665,107220150
2021-10-11,115.58032989501953,116.82572573486812,114.24250941486125,114.8586065340427,63496580
2021-10-12,116.97974395751953,117.49902481404392,114.85859729013282,115.58032059302478,60970190
2021-10-13,119.19769287109375,121.15601531446927,116.00717629407421,116.66289159189621,132857180
2021-10-14,121.02400970458984,122.39262496950111,119.17129990501013,120.93158506419734,82273710
2021-10-18,124.19252014160156,125.39832465855294,122.43663991924491,124.80422570642978,109232300
2021-10-19,120.30668640136719,125.55673344936201,119.48375527210628,125.06826078415088,87569240
2021-10-20,118.22954559326172,121.10761537626759,116.76410078576004,120.75555031249574,69757740
2021-10-21,115.71234130859375,119.510158533903,113.51198494907824,119.40893730659789,83575730
2021-10-22,114.0884780883789,116.58807970817841,111.86611680576861,116.1788166454466,80712890
2021-10-25,113.8288345336914,115.8267618286919,111.53606029818603,114.5945542339727,64185010
2021-10-26,118.26036834716797,118.90727371212172,114.54616540456294,114.68258643670396,77228750
2021-10-27,116.72010803222656,118.96886578048988,116.28883335191566,118.46719151514519,72418040
2021-10-28,114.3833236694336,115.82235180279552,113.6351971825407,115.72994060191394,93076820
2021-10-29,115.8223648071289,117.38461252704226,113.53839371954068,113.56039191225098,79147600
2021-11-01,120.13065338134766,120.83475662992765,117.05895125426927,117.93909374490289,96875330
2021-11-02,115.61993408203125,120.57953265234367,115.36909022523304,120.57953265234367,72161370
2021-11-03,116.7113037109375,117.23498962334871,115.47470445353893,116.60128588782439,57302440
2021-11-04,116.6980972290039,117.49903017095046,116.53967801670301,117.14697852367546,6744340
2021-11-08,118.22514343261719,118.61240829714572,114.95541713537409,118.0183093995126,54936670
2021-11-09,117.5826416015625,119.72578649932562,116.95773450018503,118.18994209208041,47565160
2021-11-10,114.29090881347656,116.9709413075235,113.28315524788731,116.8829351091266,118804170
2021-11-11,114.3833236694336,116.57486986979134,113.39316337026224,114.84979811376162,136638600
2021-11-12,113.29635620117188,117.93910282473392,111.87492113459884,117.93910282473392,232395580
2021-11-15,109.61734771728516,114.33050711605893,109.26969437908015,113.97845548267063,121082150
2021-11-16,108.15190887451172,110.99037383238316,107.70304103057718,109.61734695489125,123148800
2021-11-17,107.38179779052734,108.90884577135908,106.94613149178778,107.81747080422218,87802040
2021-11-18,104.4377212524414,108.10791418140528,104.03284975847184,107.69424609644656,101083510
2021-11-22,102.54100036621094,105.33545551206922,100.86432996467774,104.5697291135541,96210010
2021-11-23,104.91738891601562,106.40923019333418,102.5498034288727,102.80504556110726,93829630
2021-11-24,103.72480010986328,105.87674841616732,103.07789478634659,105.65231447911343,67671010
2021-11-25,103.29792785644531,104.43771755495374,102.62461934709012,103.85682025239765,47502860
2021-11-26,97.89825439453125,102.05252140340374,97.36576522111491,101.91170209350433,106455260
2021-11-29,98.11388397216797,100.0721996942251,94.6197171682289,97.89825335695821,93929910
2021-11-30,94.2808609008789,99.27126694053547,93.5591443662987,97.77942576841738,133559840
2021-12-01,95.27983093261719,96.55163667012265,93.86720587652384,96.11156538773383,93791140
2021-12-02,97.90705108642578,98.22390292772121,94.52730706588049,95.31943666911907,91286810
2021-12-03,98.39993286132812,99.82575939456294,97.01370441351682,98.13588742890094,100737840
2021-12-06,97.59020233154297,100.4242623822303,97.00931174743293,98.04788021231298,82159400
2021-12-07,101.11077117919922,101.7048700714632,98.66397602623732,98.67277933170286,85053900
2021-12-08,103.24071502685547,103.59276664497182,101.1283717433864,102.00851421858566,74485010
2021-12-09,103.57957458496094,104.03284746423972,102.00852361380896,104.03284746423972,52123940
2021-12-10,103.85681915283203,104.64014547195788,102.7654442893794,103.28032686667304,48121300
2021-12-13,102.5630111694336,105.52909400612303,102.24176101607596,104.56093853569077,53537780
2021-12-14,102.73023986816406,103.67199213134565,100.95234815059766,102.00411823291239,53522640
2021-12-15,101.5728530883789,103.46955926861783,101.12838350409726,102.98107986947643,44308330
2021-12-16,101.49803924560547,102.87105948358857,100.6487049026096,102.44859481726522,42460080
2021-12-17,99.64093017578125,101.9953140151568,99.01602981562824,101.56844437164419,47435020
2021-12-20,94.43489074707031,98.32952411190081,93.82759697009692,98.31191750100038,73526500
2021-12-21,97.26455688476562,98.95003070507263,95.49546844626497,95.93553972942748,70268490
2021-12-22,99.3548812866211,99.54410868817088,97.69581090591463,98.13588212621154,43669170
2021-12-23,99.24927520751953,100.93474901514207,98.59356658315832,100.16022597998868,46214780
2021-12-24,98.17549133300781,99.75975048319923,97.15452954784885,99.46049854818342,40936300
2021-12-27,98.73438262939453,98.989624751686,97.02250579252159,97.78823215939602,27588510
2021-12-28,99.2316665649414,99.5881231958107,98.75198380881625,99.19205504988041,28807810
2021-12-29,98.24591064453125,99.16125968835773,97.51979573784357,98.57596409574468,41935200
2021-12-30,96.90369415283203,99.19206345733552,96.72766832746822,98.39113722248896,41140930
2021-12-31,97.82344818115234,98.88402164589341,97.04892509581956,97.25575914794601,36870210
2022-01-03,100.55189514160156,101.30441331460845,98.13590125388657,98.13590125388657,38658030
2022-01-04,101.11077117919922,102.0701300263053,100.02819963034854,101.48043614425139,59757310
2022-01-05,103.64558410644531,103.92722944172284,100.44626419473252,100.95234345321488,61861760
2022-01-06,102.38257598876953,104.12086283834016,101.70486920271287,103.15270069403846,53354000
2022-01-07,102.1273422241211,103.3287349036467,101.02716405588583,102.55420517563812,39738570
2022-01-10,102.89305877685547,103.27591861887706,101.5552451198799,102.53660213566924,38225000
2022-01-11,99.47811126708984,102.33416949288717,97.95986673864462,101.97771284094273,96978850
2022-01-12,100.96995544433594,101.28680730277691,99.66734150241693,100.32305012626517,50358430
2022-01-13,107.47859954833984,107.86146610215496,101.40561495303076,101.5684458817619,157231160
2022-01-14,106.81410217285156,107.93188027526946,106.15399524942752,106.7612957677632,52679070
2022-01-17,108.23552703857422,109.57774574917553,104.76777001235985,106.93731814076168,89696070
2022-01-18,105.16382598876953,108.5875797387776,104.7369563437855,108.25752630492113,58408970
2022-01-19,106.4620361328125,107.45659474172378,104.12086057154072,105.26504179405774,73043210
2022-01-20,106.20679473876953,107.72944423089916,105.35305543234028,106.50604668301224,59205970
2022-01-21,102.95027160644531,105.99556391889392,101.77528214840905,105.61710236681466,71662670
2022-01-24,96.74526977539062,102.41778837587071,95.93554022180494,102.09653821770067,83920760
2022-01-25,97.61661529541016,98.66398038360884,95.67589932425673,96.34920785058263,57330630
2022-01-27,95.7903060913086,97.11932311749317,93.40951906917459,95.93553040643394,90566560
2022-01-28,95.46466064453125,99.08204714490735,95.13901219115921,97.33056531056245,78648930
2022-01-31,95.54386901855469,98.10068189762912,95.09939947500851,97.68701384969785,55709390
2022-02-01,102.74343872070312,103.36833911086771,95.61868386984672,97.24694620646763,170752680
2022-02-02,102.75663757324219,103.84801240047096,101.94690807932903,103.84801240047096,75247340
2022-02-03,102.67743682861328,104.00644729252737,100.89074174677701,101.48044238002144,65140900
2022-02-04,103.53116607666016,105.41907561293999,102.99868359254876,103.31113043844277,93174180
2022-02-07,104.12086486816406,106.90211179477899,102.18454725676692,102.82705426369687,145105250
2022-02-08,107.3421859741211,107.58862481690097,103.10870240290505,105.17703607904168,140839840
2022-02-09,107.584228515625,108.60959542437594,106.33442766695838,108.34554996510047,73520600
2022-02-10,109.87259674072266,110.39188434795116,107.90547756278876,108.25753593320479,93920570
2022-02-11,110.40947723388672,111.33362955817701,108.53037108913887,109.0496586633933,96762260
2022-02-14,104.45970916748047,108.05949543958722,103.86561701632515,107.38618697263861,80216130
2022-02-15,106.29920959472656,106.67326612056245,101.35280642905279,105.33985079767699,101889210
2022-02-16,104.89539337158203,107.19256605174527,104.42891887671337,106.93732389673214,66092140
2022-02-17,104.8205795288086,106.45324022145827,104.39810814433535,105.71392369232368,56557920
2022-02-18,104.80738067626953,106.05718153589167,104.12087053408146,104.47292219626148,47251200
2022-02-21,104.01964569091797,105.79313240165493,103.36394378515884,104.56093819689087,49787320
2022-02-22,100.22183227539062,102.68182903433923,98.50995532370406,101.9205076263279,93858570
2022-02-23,100.24823760986328,101.44523201293276,99.80816633564523,101.04036724644672,49608380
2022-02-24,94.52730560302734,98.57156145465345,93.92000513078362,96.28759059855875,121268670
2022-02-25,100.80712890625,101.27800167273911,96.42841440368616,96.61324353104257,92128860
2022-02-28,107.44339752197266,107.81746078619233,99.38569366985445,99.80816504220897,176054460
2022-03-02,113.4811782836914,114.38333246133539,107.24977409197088,107.44339981368553,248475320
2022-03-03,114.708984375,116.94014904454721,113.8596500061682,114.94662663262119,174503380
2022-03-04,112.40299987792969,116.16561047566117,112.04214493825721,114.6297660832853,162829230
2022-03-07,113.70561218261719,114.57694466599163,111.25001379191367,112.29737880497109,110400010
2022-03-08,111.73409271240234,113.89043924836645,109.4897332654722,113.80243305235508,91078220
2022-03-09,110.48869323730469,112.37659596703827,109.89459435695849,112.12135383329459,69348880
2022-03-10,115.18424224853516,115.63312350921119,109.22568060376348,110.70872525115944,136740620
2022-03-11,114.56814575195312,117.93029649368243,114.08406469883653,115.73873686952287,118822990
2022-03-14,114.15447998046875,115.44829053458145,112.45580468067358,114.8585966690192,52780820
2022-03-15,108.58758544921875,113.80243266437283,108.08150617667336,113.6968064276462,96143130
2022-03-16,111.36003875732422,111.88372465496559,109.15527734674855,109.57774873016788,63024510
2022-03-17,114.72218322753906,115.9851856542245,111.87492150452482,112.21817656623692,106239760
2022-03-21,114.67816925048828,117.41100804375544,113.93444773879207,115.1226455253826,84227630
2022-03-22,114.59455871582031,117.05896057173348,113.36675608328343,116.17881801104376,81795880
2022-03-23,117.14697265625,118.62560561663759,113.74521704346805,116.53086215951303,130552380
2022-03-24,118.86763763427734,119.65536892382259,116.70249462791975,117.14256587326658,94605270
2022-03-25,117.84668731689453,120.22747446207627,117.37140283195316,119.25051572070696,69457440
2022-03-28,117.84668731689453,119.25931231120248,116.84771695442268,117.93909852177957,46554910
2022-03-29,117.46821594238281,118.48038787880105,116.79490746476888,118.29114703392108,43202370
2022-03-30,115.12703704833984,117.54742900285545,114.41852875891986,117.49902761012156,58483160
2022-03-31,115.05223083496094,116.21841698337902,114.42732373906594,115.12264384787227,40067950
2022-04-01,115.92357635498047,118.01830640464111,114.89820280606821,115.29866926127468,55321590
2022-04-04,118.10633087158203,119.17129583577633,115.69034387066529,115.92358110909706,69670320
2022-04-05,118.37036895751953,119.5233534768939,116.99294380440588,118.68281578279145,63296420
2022-04-06,120.64554595947266,122.04937450123373,118.53760064151346,118.81925272395691,114097540
2022-04-07,118.77522277832031,121.54767959663982,118.02710974219589,121.19561455325051,55650640
2022-04-08,120.64554595947266,121.45527555163186,119.36934185693818,119.78300995933294,52287710
2022-04-11,119.5145492553711,121.81172181539262,119.08328800714742,120.64114405886322,44778820
2022-04-12,116.20081329345703,119.69498024629493,114.07527497177458,119.08328816548523,69191680
2022-04-13,116.13481140136719,118.46719730949492,115.73874992411079,117.49463008356317,44937800
2022-04-18,117.85989379882812,119.52775428567321,116.95773961408041,117.2261900792672,80700420
2022-04-19,116.75971984863281,120.28468180844632,115.21066028665174,119.04808253715271,64772190
2022-04-20,115.6727294921875,117.62664689535917,114.68696077055576,117.03254802832978,54100210
2022-04-21,114.60774993896484,116.42084130101937,113.17312682728853,115.82675587027774,66690280
2022-04-22,112.4426040649414,115.43508994505338,112.10815232817617,114.55935244426085,55848230
2022-04-25,107.40819549560547,111.15759779060049,106.7436835963983,110.0178148404426,72310460
2022-04-26,108.57438659667969,109.28729992056098,107.81746345887407,108.69760601772202,44812710
2022-04-27,109.72736358642578,110.45788347117079,106.5324487368743,107.99348179140993,71209740
2022-04-28,110.97277069091797,111.6592807936473,109.40171975812657,110.85394956853646,51295830
2022-04-29,111.87051391601562,113.6880035879598,111.39523616659831,111.60207018851939,57173520
2022-05-02,113.99606323242188,114.66056170432547,109.90779745654656,110.63391235135875,54426170
2022-05-04,111.01677703857422,117.058953471007,110.41387485490417,116.8213112336613,138374020
2022-05-05,113.03231048583984,115.87076217213811,112.48222138811812,112.65824721340715,87338160
2022-05-06,112.98389434814453,113.53838844977258,109.4017211689798,111.60207753428548,69256760
2022-05-09,110.21585083007812,112.14776348238141,109.48973590342057,110.89796265766985,50552970
2022-05-10,102.52780151367188,110.42707938314456,101.96891584148494,110.10582923964948,145537420
2022-05-11,102.59822082519531,104.8161771839578,98.87521473750412,103.41675369752713,107063150
2022-05-12,98.37352752685547,102.30776570648231,97.07972364958866,101.82369134443074,94191610
2022-05-13,96.55162811279297,101.37481189487772,96.11155686940748,99.89617224850433,82924410
2022-05-16,97.12371826171875,99.87856843480124,96.28758561807214,98.48794174867271,62665270
2022-05-17,104.62254333496094,105.37066313086076,98.16669878338668,98.92802017983527,112876010
2022-05-18,103.87882232666016,106.40923207313801,103.41674616039938,105.35305701954844,81575800
2022-05-19,98.76519012451172,101.64765823409965,98.15349133882442,101.30440318687683,66545630
2022-05-20,103.02947998046875,103.71599006326738,100.44186556953196,102.30336509634431,65527500
2022-05-23,90.03418731689453,96.5516423157743,88.15068265533289,96.5516423157743,273883460
2022-05-24,88.57315063476562,91.52602523750117,88.19028404536135,90.74269887658484,123116660
2022-05-25,87.9350357055664,89.62930589867985,87.29252876027356,88.57313764102352,99343400
2022-05-26,92.59098815917969,93.95961001298913,87.59618350900506,88.63034691580302,150536730
2022-05-27,91.8428726196289,93.96841765752436,90.83070735658994,93.51514478704703,74772200
2022-05-30,92.19053649902344,93.6295647753684,91.84287642128508,93.20710009945326,72701590
2022-05-31,92.91224670410156,94.34247829035068,91.27077607957764,91.97489277725131,121248850
2022-06-01,93.60755920410156,94.96737776462957,92.70541179223042,93.7791867242172,94055290
2022-06-02,95.19181823730469,95.47346359008085,93.21590247242138,93.97722391251155,79177040
2022-06-03,93.93760681152344,96.1819660340755,93.73517109308068,96.11155302636028,53954860
2022-06-06,94.8881607055664,95.31063205983179,92.34454941965659,93.73517618021026,57262490
2022-06-07,94.04322814941406,95.18741612636575,93.60756189388496,93.91120542669586,43341570
2022-06-08,95.64949798583984,95.8387254181891,94.531713143976,95.1434119711533,64734340
2022-06-09,91.96170043945312,95.69350319711387,91.64045026944845,94.61093155547148,98547810
2022-06-10,90.10018920898438,90.77789597238369,88.95160298978506,90.65467656085654,95225630
2022-06-13,87.30574035644531,89.07042375944782,87.13411282705083,88.3927169475953,82235750
2022-06-14,87.67539978027344,89.22005428026496,86.74245080964839,86.9800863477483,77202600
2022-06-15,89.01119232177734,90.37481650886903,88.18559797727676,88.49171205980015,92443330
2022-06-16,83.64482116699219,90.44438537640406,83.3201504298172,90.44438537640406,122741050
2022-06-17,84.108642578125,86.02884626164541,83.06969616913486,83.30160486075468,121290260
2022-06-20,79.90646362304688,83.95095204464054,78.16714831825459,83.95095204464054,139866890
2022-06-21,82.0771255493164,83.06969444576565,80.1476435765187,81.16804038301835,124526970
2022-06-22,77.74507141113281,81.06137011391203,77.52244103765933,80.97787930055199,109877390
2022-06-23,78.04190063476562,79.40088907856664,76.71538280084665,77.92131067796961,111515840
2022-06-24,79.11333465576172,80.2172152180971,78.35266735113082,78.84895534954855,85433810
2022-06-27,80.5047836303711,81.52518042032388,80.0595158449108,80.75060626821863,72814730
2022-06-28,81.52982330322266,82.04002528225838,79.8137003113719,80.33317354290502,84647330
2022-06-29,81.78028106689453,82.44817212653257,80.56507475992365,80.70422138466581,72318470
2022-06-30,80.43057250976562,82.97692536311192,80.08270947932671,81.77100443729857,84672090
2022-07-01,80.96859741210938,81.16803547360195,79.69309971180991,80.42128926415317,54761890
2022-07-04,79.27102661132812,80.81553926775041,78.22743755244478,80.56507393033532,77554410
2022-07-05,79.79049682617188,81.55763976789049,79.5725021091172,79.9621069780822,79058290
2022-07-06,79.60497283935547,79.87862337316027,77.74042513895863,79.63280074756734,81439710
2022-07-07,83.48712158203125,84.09472116784504,79.63743622695716,80.42592429310704,111007940
2022-07-08,82.17916107177734,85.14759658918075,81.67824452280796,85.14759658918075,112000630
2022-07-11,84.66986083984375,86.17726726618861,81.17267396744057,82.11422264602037,150193340
2022-07-12,83.68193817138672,84.96671440802926,82.89344997186275,83.94167479454359,100175050
2022-07-13,83.9370346069336,84.80437087154874,83.54742969336985,84.03907500009912,70135110
2022-07-14,84.22924041748047,84.50752660366018,83.02331237882665,84.41476454160028,74498580
2022-07-15,81.98435974121094,84.44259333664152,81.39995237455202,83.95094803301376,81253510
2022-07-18,83.8860092163086,84.22923661545815,82.7682076641202,83.20883274698414,73060810
2022-07-19,85.2913818359375,85.51865491091645,83.57989448888148,83.57989448888148,85341580
2022-07-20,86.1262435913086,87.01213641537181,85.82475807185352,86.82196960610968,77088650
2022-07-21,86.66891479492188,87.09099030384198,85.7598296278087,86.27003157016172,50877140
2022-07-22,86.83125305175781,87.56872097235761,86.45555503670013,87.429574345739,48608940
2022-07-25,89.11787414550781,89.50284343329504,86.60398470955846,86.73385301419852,99635630
2022-07-26,88.07891845703125,90.60208616025855,87.75889040675514,90.16609668660347,126264690
2022-07-27,88.99728393554688,89.19672201811353,87.53161927014375,88.21806703247123,52559020
2022-07-28,93.08815002441406,94.61874884770292,90.11972151893227,91.00097174100885,137156107
2022-07-29,99.8134994506836,101.3904827999623,94.75789280464417,95.54638094063772,166959934
2022-08-01,100.41646575927734,103.38489424872726,98.4684341207451,102.50364403141013,125365761
2022-08-02,99.25691986083984,100.18455462589442,97.72632108304147,100.18455462589442,64935371
2022-08-03,99.30330657958984,100.60198961694506,98.32928722428167,99.2569220094164,61428846
2022-08-04,99.90625762939453,101.57600297496808,98.37566598612534,99.72073351423806,79526154
2022-08-05,99.58158874511719,101.34409618111664,99.34968005820389,99.85988200032975,54469112
2022-08-08,99.44244384765625,100.32370111963424,98.97862646575992,100.0454078595798,41384943
2022-08-10,101.29771423339844,101.9470628199293,98.79310318085676,100.09179327662683,73880698
2022-08-11,101.20494842529297,102.6427850990433,100.74113105663692,102.31811435644234,75321498
2022-08-12,104.49805450439453,104.72996318856882,100.9266621835687,101.43685704237731,95942333
2022-08-16,104.82272338867188,105.47206486193298,103.06021600473153,105.47206486193298,69207437
2022-08-17,104.35891723632812,105.28655205620659,104.1270085313585,105.28655205620659,54008422
2022-08-18,104.40528869628906,104.82272148189342,103.33850737194432,104.35890413020364,49396425
2022-08-19,102.0862045288086,104.7299620850813,101.62238716534702,104.40529134611646,57134813
2022-08-22,97.44803619384766,101.66877018451534,97.12335835993409,101.57600812223647,74037526
2022-08-23,99.8134994506836,100.416463464311,96.01019832384469,96.65953982941781,70531639
2022-08-24,98.83948516845703,100.32369934886982,98.0973745396049,99.76711991587646,55686404
2022-08-25,98.56119537353516,100.09179417597075,98.09737798354205,99.30330602844082,42186335
2022-08-26,99.58158874511719,101.2977116128174,99.34968005820389,99.48882668581017,71257092
2022-08-29,97.26250457763672,98.00461522728945,95.77829035562293,96.52040100527566,59895805
2022-08-30,100.46284484863281,100.6483689651174,98.37566669037001,98.79309949110602,67401780
2022-09-01,98.70033264160156,99.95263806030965,98.23651529561405,99.25691204132838,52454732
2022-09-02,97.86546325683594,99.25691534105636,97.40164589542914,99.25691534105636,45601352
2022-09-05,99.16415405273438,99.53520936019368,98.1437572651898,98.37566594769045,40352735
2022-09-06,100.74112701416016,100.92665820055252,98.37566277530897,99.62796820497032,59505849
2022-09-07,99.8134994506836,101.0194274779384,99.34968206747662,99.76712195873787,43945660
2022-09-08,98.19013977050781,100.55561128375055,97.72632238181642,100.55561128375055,71228405
2022-09-09,98.05098724365234,99.58158594977321,97.86546313024611,99.25691521266667,63647166
2022-09-12,99.95264434814453,100.1381684672941,98.79310091023102,99.07139416624686,40838533
2022-09-13,99.95264434814453,100.8338945300422,99.76712022899495,100.18455303572723,44179394
2022-09-14,101.2513427734375,102.41088630708362,98.14376751872432,98.60758493218276,86379872
2022-09-15,99.25691986083984,101.112189390949,98.79310247831255,100.78751863863822,62926791
2022-09-16,98.05098724365234,99.72073257347353,97.40164576943926,98.5148046044592,107967267
2022-09-19,95.6391372680664,98.51480345608951,95.5463752124446,98.51480345608951,51146568
2022-09-20,98.14375305175781,98.65394788498114,96.47400777852084,96.65953188564005,52140254
2022-09-21,96.89144897460938,99.44244459419,96.7523094208292,98.14376157696408,46142823
2022-09-22,96.10295867919922,97.67994200048645,96.01019661966268,96.89144680119709,61380323
2022-09-23,96.75231170654297,100.09179554470163,96.24210973965698,98.51481215078516,109765520
2022-09-26,92.62432861328125,96.89144705893663,91.37202311297793,96.84506956769074,101291962
2022-09-27,90.58353424072266,94.01577996539724,89.51675286879683,94.01577996539724,104949032
2022-09-28,88.31082916259766,90.76906277115279,88.12530503554481,89.56314179072568,71724106
2022-09-29,89.8414306640625,91.14012082408806,89.42399782708272,89.9805773021531,60884592
2022-09-30,92.1141357421875,93.13453257650154,88.7746448992809,89.84142630313764,66436616
2022-10-03,91.23287963867188,92.43880768941948,90.90820887956036,92.39242311927852,37282313
2022-10-04,93.83025360107422,94.15492433850737,92.76347225468706,93.04176550236764,40186702
2022-10-06,96.05657958984375,96.28848827347225,94.38683423680196,94.61874292043046,48169310
2022-10-07,95.82466888427734,96.01019299634896,94.5259788679023,95.82466888427734,36080875
2022-10-10,95.73190307617188,96.01019633123697,93.83025609086525,94.61874421049441,36641275
2022-10-11,93.08815002441406,96.14934767099177,92.57795513484565,96.05658560718767,41083734
2022-10-12,93.27367401123047,93.87663091794249,91.83583736301425,93.088142820688,41357469
2022-10-13,92.85623931884766,94.43322267859249,91.65031836088102,93.78387409141816,34668093
2022-10-14,92.85623931884766,95.36085745116297,92.67071519525022,94.47960017084601,32456805
2022-10-17,92.34603881835938,93.13452691158346,91.00096423364418,92.53156293066226,37568783
2022-10-18,93.36643981933594,93.6911105692165,92.57795169039986,93.04176906945538,30722156
2022-10-19,92.80986022949219,93.92301910650451,92.48518240284635,93.32005509925136,38764542
2022-10-20,93.59835052490234,93.87663671195482,91.6503189063683,92.29966042011574,38091315
2022-10-21,92.9489974975586,94.10854091482999,92.16050938927232,93.55196148999799,30973997
2022-10-24,93.87664031982422,94.71151306765087,93.6911161879925,94.618751001735,7480281
2022-10-25,93.87664031982422,95.08256840860626,93.41282291295298,93.83026282551228,37163180
2022-10-27,96.65953063964844,97.07697049122218,94.66512174330735,94.85064584803506,74349009
2022-10-28,94.24768829345703,97.03059251714548,93.5055847468483,96.56677514653073,51006232
2022-10-31,94.20130920410156,94.75788862393539,93.04176579724306,94.52597994256368,38715841
2022-11-01,93.87664031982422,94.10854902325984,91.41841372524017,91.41841372524017,69031178
2022-11-02,93.92301940917969,95.54638023847414,93.50558659827773,93.69111071928047,42336049
2022-11-03,94.61874389648438,95.03617670040522,92.76347440831802,93.4592004663804,39110676
2022-11-04,97.16974639892578,97.40165510154851,94.80427480125711,95.08256807532116,70299020
2022-11-07,98.97863006591797,99.67435616406816,97.03059840655578,98.2365264742662,74426059
2022-11-09,98.42204284667969,99.76711744347953,97.91184799461737,99.48882419523369,38295904
2022-11-10,97.12335968017578,98.32928773806881,96.89145098268034,97.58717707516668,27864285
2022-11-11,99.7671127319336,100.37006961250586,98.56118481620715,98.56118481620715,77933417
2022-11-14,100.83390045166016,102.03982852882669,100.41646762041354,100.64837632161542,55474425
2022-11-15,100.69475555419922,101.43685911232569,99.44244297226989,101.11218836331464,35007427
2022-11-16,98.83948516845703,100.92666335015075,97.58717259760762,100.60198552672077,40404167
2022-11-17,98.19013977050781,99.07139705539646,96.93783423649941,98.23652434029363,32894825
2022-11-18,97.86546325683594,98.60757386600334,97.12335264766854,98.19013399436245,28992538
2022-11-21,96.70591735839844,99.90625423862325,96.33486206338762,99.90625423862325,58404309
2022-11-22,97.58717346191406,97.77270465941604,96.05658177694909,96.84506990378075,27846186
2022-11-23,97.81908416748047,98.32928612451491,97.35526678010068,98.05099286117036,22809651
2022-11-24,97.86546325683594,98.28289605118556,97.03059059084543,98.19013399436245,23737867
2022-11-25,98.51480865478516,98.7931019136275,97.49441183451586,97.95822921439205,27361785
2022-11-28,97.30889129638672,98.70034348724842,96.93783596336523,98.32928815422693,33516118
2022-11-29,98.42204284667969,99.85987950046439,97.35526149812569,97.40164606526376,40661568
2022-11-30,99.8598861694336,100.138172358973,98.23652529326586,98.42204941962547,61142050
2022-12-01,102.73554992675781,103.24575187694954,100.18455433038234,100.83389583308855,91702642
2022-12-02,103.89509582519531,104.35891321727209,102.17897288996964,102.78193691512779,70541914
2022-12-05,107.46648406982422,107.69839275667204,104.49805570908863,105.10101971035127,96441799
2022-12-06,104.7763442993164,107.00266915977303,104.12700279210854,107.00266915977303,50581245
2022-12-07,103.15298461914062,105.28654744227973,102.82831386186947,105.19378537981535,39494279
2022-12-08,103.75594329833984,104.82272465497708,102.78193107668169,103.66318124065212,32416724
2022-12-09,102.45726013183594,105.51845778192047,101.76153403657052,104.63720755883435,35665257
2022-12-12,103.6167984008789,103.98785371510817,100.83389416009658,102.22534628048774,37082389
2022-12-13,103.15298461914062,104.68358342032374,102.78193636928314,104.40529723293064,32264080
2022-12-14,104.86911010742188,105.00824965648195,103.06021811943549,103.52403548907947,38606984
2022-12-15,102.92107391357422,105.24016081633427,102.68916522329822,104.49805725382599,34361613
2022-12-16,103.01384735107422,103.98785964451147,101.52962600952661,102.36449874482417,34736665
2022-12-19,103.7095718383789,103.98785802762316,102.78193705298122,103.01384574933064,17297590
2022-12-20,102.92107391357422,103.43127586309805,101.112188960338,103.10660511216996,34836506
2022-12-21,101.48324584960938,103.89509485031915,100.83389726041986,103.70957072614597,32303565
2022-12-22,99.8598861694336,102.5964059583425,98.65395811622085,102.03982650197192,39639329
2022-12-23,94.85065460205078,99.02501103930486,94.57236134198388,98.32928496642917,46756489
2022-12-26,97.40164947509766,97.91185142231241,94.2940744549219,95.36085584082176,33995681
2022-12-27,103.10660552978516,103.47766085118798,98.19013844510394,98.93224908790957,76033410
2022-12-28,102.03982543945312,104.17338825683109,101.76153217551975,103.01384478592821,50660601
2022-12-29,103.6631851196289,103.8950938111717,100.97304288227417,101.11218951265818,51751642
2022-12-30,104.49805450439453,106.44608603600031,103.98785256829453,104.72996318856882,56048485
2023-01-02,110.62044525146484,111.03787806300657,105.5184540658627,106.12141807598307,143444095
2023-01-03,109.87833404541016,111.77998812661356,109.22899254696055,111.13064662816396,74419090
2023-01-04,107.37371826171875,110.4349156521486,107.00266296025889,110.1566224067309,55634568
2023-01-05,108.11582946777344,108.53326226093746,106.21417546049008,108.06944490084798,58806907
2023-01-06,107.28096008300781,109.32175369885826,106.90990476813732,108.53326557806565,58551863
2023-01-09,109.04347229003906,109.55366717767095,108.11583750093551,108.4405082616634,37763131
2023-01-10,110.2493896484375,111.08426234666827,109.04346870858556,109.13623076899086,56750710
2023-01-11,110.2493896484375,111.64084178639159,109.46090151905517,110.80596908816084,49321252
2023-01-12,109.55365753173828,110.62043886073823,109.0898401780245,110.34214561759349,33740024
2023-01-13,111.73360443115234,112.80038582462129,109.60004872150606,109.97110404235937,68884010
2023-01-16,111.26978302001953,112.66123511486241,110.20300874247305,112.66123511486241,44362359
2023-01-17,110.71321105957031,111.22341302631666,109.46090550526506,111.08426639199568,27880531
2023-01-18,113.58887481689453,114.09907677158658,111.31617246008446,111.31617246008446,64749065
2023-01-19,114.6092758178711,115.30500187809137,112.3829510097079,112.98591501069043,53564076
2023-01-20,114.05268859863281,115.21223202512274,113.17143842541704,114.47012847854404,37784498
2023-01-23,113.17144012451172,114.88756300602347,112.70762274695225,114.47013019713656,28601260
2023-01-24,111.68722534179688,113.6816414702255,111.40893208581466,113.63525690179797,27707765
2023-01-25,112.24380493164062,113.40334837101707,111.40893223983127,111.64084092770656,46522102
2023-01-27,111.91913604736328,114.33098502596175,110.48129932768201,113.07867950604444,58771746
2023-01-30,110.15662384033203,112.3365640335035,108.44050101069881,111.73360004544553,46551837
2023-01-31,111.03787231445312,111.73359834919854,109.2289874550315,110.1566221680254,43986769
2023-02-01,113.21781921386719,115.16585068988127,110.66682376074867,111.40892728255389,72919626
2023-02-02,111.26978302001953,113.63525441216896,109.83195343505668,113.12505247981004,38768010
2023-02-03,111.64083862304688,112.24380261453364,108.71878780068133,111.36255244971623,46977350
2023-02-06,108.95069885253906,111.31617030238127,108.53326604482173,111.31617030238127,49546361
2023-02-07,103.38489532470703,107.0026724495143,102.55002966899846,104.45167675702469,110953246
2023-02-08,103.38489532470703,104.5908233920734,102.13258976385234,103.38489532470703,66523699
2023-02-09,103.1993637084961,104.77633991851837,101.99343572862635,104.03423638092197,64710455
2023-02-10,100.92666625976562,103.19936862554638,100.46284887268452,102.96745993200582,60810058
2023-02-13,100.88027954101562,102.59640242119758,100.55560879243387,100.92666410965224,56186469
2023-02-14,101.34410095214844,101.9470649819674,100.41646616082443,101.62239422046237,31163587
2023-02-15,102.31812286376953,102.59640906172667,100.9266706421079,101.11219477407931,35544190
2023-02-16,103.89509582519531,104.08061995110933,102.6427902820464,102.96746104104179,30956191
2023-02-17,104.12699890136719,104.91548700988363,103.24574873490022,103.4776574184222,34107244
2023-02-20,104.21976470947266,104.54443546262783,103.01384375814038,104.17338721747429,19896764
2023-02-21,104.96187591552734,105.93588818020027,104.59082059109836,104.7299672224207,29830864
2023-02-22,103.10660552978516,105.47206993380635,102.64278814735454,105.05463712053545,24391211
2023-02-23,103.94148254394531,105.42569681381353,103.29213393523979,103.47766514228074,30845778
2023-02-24,101.80790710449219,104.72995778991987,101.62238299763276,104.35890249890998,34326940
2023-02-27,98.42204284667969,102.08620425455725,97.54079268938668,101.85429557344948,56217189
2023-02-28,96.42762756347656,99.3033008945989,96.05657933249812,99.11776970181833,76540448
2023-03-01,97.86546325683594,99.34967739787946,96.93782853402233,97.12335264766854,76175319
2023-03-02,97.07697296142578,99.16415104053162,96.79867971996188,98.37566295943876,55276248
2023-03-03,99.25691986083984,99.67435267419776,97.40165033073069,98.32928509578527,117175295
2023-03-06,98.00460815429688,99.81349300100213,97.4016441796314,99.7207309458131,106868143
2023-03-08,98.79310607910156,99.16416141410585,96.47401908193955,97.67994715138055,43939583
2023-03-09,100.37007141113281,101.06579743406753,99.72072995397684,100.04540068255483,51967449
2023-03-10,100.2773208618164,100.50922956273519,98.88586865630381,99.25692399323222,47699832
2023-03-13,99.07139587402344,101.11218952901349,98.65395598280392,100.41646345427257,34552596
2023-03-14,98.70033264160156,100.6947486448061,98.51480145683193,99.25691204132838,48584984
2023-03-15,100.78751373291016,101.25133109286162,99.62797033303151,99.72073238956355,38930902
2023-03-16,97.44803619384766,99.48882987314943,96.19572358256207,99.48882987314943,81088340
2023-03-17,99.25691986083984,99.58159061315062,97.40165033073069,98.74671790914319,48962238
2023-03-20,96.93783569335938,98.74672070552448,96.33487166354041,98.42204994401943,41569640
2023-03-21,97.16974639892578,97.77271044120327,96.75231356512164,97.49441716713922,26434897
2023-03-22,97.21612548828125,98.28289979835611,96.84507016955055,97.16974091945558,25891259
2023-03-23,97.30889129638672,97.86547075727303,96.7986893288207,96.84507389943282,20913844
2023-03-24,94.71150970458984,97.44803655433552,94.2013148215229,97.40165198437865,39014278
2023-03-27,94.89704132080078,95.91743816867452,94.71151011745626,95.12895001701263,24753289
2023-03-28,95.08256530761719,95.6391447622522,94.9434186746355,95.40723606637997,18703734
2023-03-29,96.10295867919922,96.9378313696111,94.29407374771637,95.08256186971424,37221124
2023-03-31,96.93783569335938,97.86547048468339,96.56678036137141,97.40165308902138,34579415
2023-04-03,96.56678009033203,97.63356151281882,96.28849390009098,97.4944148790524,21840428
2023-04-05,97.26250457763672,97.40165120910807,95.73190578603526,96.56677849757166,25194802
2023-04-06,96.7986831665039,97.49440921764403,96.65953654081761,97.26250053393065,21053782
2023-04-10,97.35526275634766,98.0973733764001,96.93782995587527,96.93782995587527,19992257
2023-04-11,99.7671127319336,100.04539888974595,97.49440351803236,97.91184337068734,49304956
2023-04-12,99.8134994506836,100.5556100947314,99.21053543705621,100.37007889507365,27349538
2023-04-13,99.72073364257812,100.32369763354966,98.23651948754221,99.72073364257812,34880922
2023-04-17,99.39606475830078,100.46284613497484,99.02500944328918,99.81349756438166,24642162
2023-04-18,99.8134994506836,100.09179271152443,99.11777337587313,99.44244412865969,25476339
2023-04-19,100.2773208618164,102.41088374118583,99.95265009598852,100.04541216089764,62100775
2023-04-20,100.1845474243164,100.83388888226128,99.62796802075064,100.37007153307462,18337948
2023-04-21,98.46842956542969,100.27731448667932,97.7263189387526,100.18455242766755,37638506
2023-04-24,98.79310607910156,98.97863020795778,97.72632464494866,98.70034401467345,23475012
2023-04-25,99.30330657958984,99.8135014650389,98.56119592056535,98.97862874295929,23333425
2023-04-26,99.11776733398438,99.30329852233277,98.19013262411593,98.79309660098866,23590297
2023-04-27,99.8598861694336,100.0454102957932,98.60758062327683,98.60758062327683,22364308
2023-04-28,100.13816833496094,100.64837027788525,99.53521140987591,99.99902878442839,30072920
2023-05-02,102.31812286376953,102.82831776533695,100.18455995963822,100.18455995963822,52822162
2023-05-03,101.76152801513672,102.96745600648966,100.88027784419594,101.85429715084956,51272624
2023-05-04,103.01384735107422,103.80233551546397,101.57601058043443,102.03982798034508,38636907
2023-05-05,100.78751373291016,102.82830728578007,100.55560505293444,102.82830728578007,32958346
2023-05-08,101.62239074707031,101.90067692858078,100.41646272865027,101.34409748826829,23130472
2023-05-09,101.62239074707031,103.1529824386068,101.2513354277648,101.66876823867628,27999202
2023-05-10,101.34410095214844,102.03982704564145,100.74113692232947,101.66877171365348,19213215
2023-05-11,100.69475555419922,101.57600574112801,100.41646229659459,101.29771248352337,19817637
2023-05-12,99.02500915527344,100.55560790193736,98.83948503695296,100.50922333371152,36794838
2023-05-15,99.90625762939453,100.37007499457702,98.00461067852108,99.30330071649034,22148028
2023-05-16,99.62797546386719,100.78751892346226,99.442444263957,100.37007903163305,18587658
2023-05-17,98.32927703857422,99.72072907213895,97.91184425942122,99.62796701869284,28895465
2023-05-18,97.58717346191406,99.39606548177775,97.49441140180883,98.79310147515652,24208481
2023-05-19,97.07697296142578,98.05098515196717,96.52039355578911,97.95822309724291,29848841
2023-05-22,97.40164947509766,97.63355816432409,96.75230797618029,97.40164947509766,21588716
2023-05-23,97.95823669433594,98.37567661447453,97.40165721144325,97.49441927904334,21304034
2023-05-24,97.58717346191406,98.14375997712844,97.3088872815984,97.49441140180883,28454367
2023-05-25,97.26250457763672,97.58717533287542,96.75230969863068,97.40165120910807,25885062
2023-05-26,98.70033264160156,99.02500336833462,97.35525809186315,97.40164265737832,28362042
2023-05-29,100.60198211669922,100.97303741854793,98.60757313918343,99.25691460945026,41062311
2023-05-30,99.30330657958984,101.06580700951243,99.16415994636128,101.06580700951243,33475211
2023-05-31,98.14375305175781,99.21052728362979,97.95822186734758,98.70033245040646,41249944
2023-06-01,98.28289794921875,98.97862400476478,98.14375839994268,98.2365204585572,21211538
2023-06-02,100.1845474243164,100.46284066474483,98.79309537675645,98.79309537675645,46686933
2023-06-05,101.48324584960938,101.947063237334,99.99903162434886,100.7875197680224,39642539
2023-06-06,101.11219024658203,101.90067838809246,100.4628487364656,101.80791632626035,26751372
2023-06-07,103.43126678466797,103.66317545458874,101.01941803295004,101.57599742530172,45157197
2023-06-08,103.10660552978516,104.82272842932012,102.92107433043795,103.43127628202826,46380294
2023-06-09,101.01942443847656,103.57041996936087,100.78751575385071,103.19936465850122,36392617
2023-06-12,101.57600402832031,102.59640082684516,101.25133328478397,101.25133328478397,23472313
2023-06-13,103.10660552978516,103.75594703427139,101.7151533824933,102.0398241347364,30018212
2023-06-14,105.5648422241211,105.75036635171615,103.33851730652134,103.43127937031886,66696433
2023-06-15,105.51844787597656,105.935880663031,105.05463052267557,105.6575944974251,39430138
2023-06-16,105.9822769165039,106.49247889231414,105.61122157748665,106.12142355329686,31715807
2023-06-19,105.84312438964844,107.23457652556132,104.86911214088435,107.09542989651173,33502185
2023-06-20,105.9822769165039,106.90991172540109,105.28655080983101,105.84313027971093,30371599
2023-06-21,105.65760040283203,106.58523516128132,104.68358107554367,106.58523516128132,35627983
2023-06-22,106.4239273071289,107.47762811050997,105.89708055957942,105.94497173211187,34769987
2023-06-23,104.987060546875,106.08865983070123,104.60389462533344,105.84918204327302,22190233
2023-06-26,105.2265396118164,105.56180705662985,103.55019507946704,104.98706182148078,25332751
2023-06-27,106.08866119384766,106.80709456536354,105.51391595829136,105.94497305788803,24129403
2023-06-28,106.85498809814453,107.3339436569739,106.23234441000999,106.80708961894886,23895274
2023-06-30,107.28604125976562,107.4776205529883,105.75338498913958,106.90287536503872,26741918
2023-07-03,108.33975219726562,109.44135150779705,107.33394985065348,107.52552916192752,30979256
2023-07-04,107.6692123413086,108.62712347013111,107.38183607934906,108.43553685939746,25080307
2023-07-05,108.19606018066406,108.77081271044491,107.47762682672,107.81290157185283,27877180
2023-07-06,107.90869140625,108.10027071097907,106.80709213335274,107.28604770345746,34320086
2023-07-07,106.90288543701172,108.5313388159572,106.56761798814367,107.28605136783902,30034274
2023-07-10,110.44715881347656,110.83031742787486,106.95078164497627,107.52552687485583,60652690
2023-07-11,110.303466796875,111.2134794364668,109.96819936693495,110.73452387704334,37999385
2023-07-12,109.87240600585938,111.16559190526955,109.20187112402469,110.30347040842346,32771204
2023-07-13,110.01609802246094,112.02771004723587,109.68083056971217,111.1176973457346,44847814
2023-07-14,112.21929168701172,112.93772504312794,109.9682019661706,110.83031614688446,34521821
2023-07-17,112.79403686523438,114.32669322934761,112.17139316185904,112.98561617014276,49115369
2023-07-18,111.69244384765625,113.17720912285117,111.50086453201672,113.0335209819803,23433431
2023-07-19,111.7882308959961,112.26718648219708,111.21348565421137,111.7882308959961,17222355
2023-07-20,112.0277099609375,112.31508623923355,111.45296471262773,111.78823216511823,22303831
2023-07-21,111.69244384765625,112.9856224989292,110.63874299507394,111.69244384765625,31546136
2023-07-24,110.63873291015625,111.5966440176035,109.53713367493557,111.5966440176035,38113555
2023-07-25,114.23090362548828,114.85354732912847,109.53713757041558,110.15978127405577,88035259
2023-07-26,114.90144348144531,115.52408721207296,113.84774264176593,114.75776265061629,29716336
2023-07-27,114.75775909423828,116.33830665063452,114.13511538290656,115.18881618993142,39664251
2023-07-28,115.52407836914062,116.00303392399468,113.70404579903888,115.14091246360103,33996691
2023-07-31,117.96675872802734,118.6372936048482,115.52408238994194,115.52408238994194,52330311
2023-08-01,118.01465606689453,118.9246760853112,117.39201963800396,118.34993083110629,27863562
2023-08-02,113.94352722167969,117.72728061104334,113.27299234674537,117.72728061104334,54951586
2023-08-03,113.22509765625,114.61407324122246,112.55456275887175,113.70405324245796,34624188
2023-08-04,113.99142456054688,114.70985790861755,113.03351342978597,114.37459047450761,22303966
2023-08-07,113.84774017333984,114.56617354503733,113.03351714707244,114.56617354503733,20711952
2023-08-08,113.17720031738281,114.47037886804324,112.98561370836676,113.99142330792591,21275054
2023-08-09,115.14091491699219,115.42829117934066,111.97981257256862,113.3687807879284,34154214
2023-08-10,114.94933319091797,115.57197687402513,114.23089985847473,114.94933319091797,24439101
2023-08-11,115.2367172241211,116.29041805449198,114.13511791170878,115.2367172241211,26337436
2023-08-14,113.17720031738281,115.33250033791082,112.41086849788233,115.23671068754373,33095516
2023-08-16,111.06979370117188,112.98561598016255,110.54294695941864,112.98561598016255,31252473
2023-08-17,111.16558837890625,111.88402171877438,109.87240252051815,111.02190024927626,28461865
2023-08-18,110.92611694335938,111.50086218647,109.92030728670407,111.40507253066528,30381609
2023-08-21,111.97981262207031,112.17139192486603,110.97400301168796,111.83612449083256,22629651
2023-08-22,112.60245513916016,112.79403443994923,111.59664553931283,112.21928922930013,17343131
2023-08-23,113.94352722167969,114.2309034870984,112.69824712418996,112.88982642894776,43744909
2023-08-24,113.27298736572266,115.04512143579221,113.08140806938928,114.47037623851041,27103446
2023-08-25,111.97981262207031,113.1772015352484,111.78822601099266,113.03351340401063,23692527
2023-08-28,112.65035247802734,113.27299620210552,112.0756072359099,112.0756072359099,19218821
2023-08-29,114.51828002929688,115.0930252532414,112.7940370491813,113.51247040618244,36038317
2023-08-30,116.96094512939453,117.53569033403328,115.18881103664103,115.428288814264,51467177
2023-08-31,117.72727966308594,118.39781453262101,117.0088463136061,117.67938118314117,60626985
2023-09-01,121.7026138305664,123.28316137234665,118.20623669152727,118.3020263443197,76460408
2023-09-04,126.20479583740234,127.30638782920553,123.42685930885948,123.76211944626877,68525900
2023-09-05,126.15689849853516,126.87533187793065,123.42686042677101,126.20479698047443,36466807
2023-09-06,124.1452865600586,126.82742599333245,122.804202226858,126.82742599333245,36058850
2023-09-07,124.67212677001953,125.29477776969901,123.1873762231184,124.04949038690381,30268235
2023-09-08,124.04949188232422,126.1089949742855,123.7621156187435,125.86951719072889,34313523
2023-09-11,125.63003540039062,126.30058486621411,123.76211167153647,124.04948792595177,33377857
2023-09-12,123.5705337524414,127.54585903040999,123.23525901578995,127.21059891032218,38065283
2023-09-13,124.09739685058594,125.00740955236685,122.3252553129878,124.14529533311435,23371459
2023-09-14,126.15689849853516,128.55167642985347,125.29478428988638,125.48636360107893,58800620
2023-09-15,126.39636993408203,127.68955579857403,124.38476534289465,127.0190209348449,85058495
2023-09-18,124.95950317382812,129.31800171034126,124.57634457094152,129.31800171034126,62420823
2023-09-20,122.9000015258789,126.25269049788967,122.61262526210805,124.9595046192028,43627379
2023-09-21,122.42105102539062,123.81001930511381,121.84629847406022,122.90000661264446,29826091
2023-09-22,121.41523742675781,123.28316123308743,120.21784849749984,121.79840334577678,34059194
2023-09-25,122.03787994384766,122.90000142617886,120.79259254622679,121.94209029209573,23466981
2023-09-26,123.47473907470703,125.055301212529,122.9957835086817,123.57053603453767,48936598
2023-09-27,122.75630950927734,123.33106205284841,121.36734124830572,123.33106205284841,33277329
2023-09-28,121.463134765625,123.85791260163273,120.98417919842346,122.94789994726258,29982233
2023-09-29,123.47473907470703,124.09739008047832,122.18156781637695,122.80420420558434,28406435
2023-10-03,122.61262512207031,123.66633321583868,121.89419177174568,123.57053625583649,18613557
2023-10-04,120.0262680053711,121.75050366148496,119.25993617491028,121.65471400974783,33272725
2023-10-05,119.9783706665039,120.84049215690166,119.30783578968456,120.60101437114018,27063441
2023-10-06,120.60101318359375,121.65471396891219,119.83468135339018,121.17575840210544,21928671
2023-10-09,118.63729095458984,119.64310055563419,117.43990205252841,119.54731090512566,21457836
2023-10-10,120.0262680053711,120.60101322407571,118.54150282445902,119.45151547838451,28745957
2023-10-11,119.69099426269531,120.98418015094647,119.45151647720911,120.69680388505022,24455932
2023-10-12,120.60101318359375,121.55892431720723,119.83468135339018,120.07415913679355,19361688
2023-10-13,119.78679656982422,120.45733147580002,118.78098690257815,119.73889808727637,26912800
2023-10-16,121.65471649169922,121.89419428006872,119.69099570375658,119.8346838384347,23868700
2023-10-17,122.03787994384766,123.13947920969964,121.654714028558,122.51683551088922,24241710
2023-10-18,121.75050354003906,123.28315989114988,121.27154797354932,122.4689368897737,20926079
2023-10-19,120.6968002319336,121.17575578840952,119.11624543390667,120.21784467545767,30941319
2023-10-20,117.91885375976562,120.45731961083519,117.53568786197145,119.73888629307672,30746140
2023-10-23,114.94933319091797,118.206232426317,114.66195693462795,118.15833394750807,30699479
2023-10-25,116.24251556396484,117.63149110416397,115.66777034069852,116.09882743107775,27346103
2023-10-26,114.85354614257812,115.81145727419549,113.89563501096077,115.76355879430184,36298907
2023-10-27,114.85354614257812,116.67357875430751,114.47038022827479,115.42829135989216,28424007
2023-10-30,114.13511657714844,116.14672855856823,113.9435299595052,115.95514924920718,18753217
2023-10-31,113.75194549560547,115.09302252521003,113.4166780652748,114.9493343955592,22319950
2023-11-01,111.69244384765625,114.08722183456261,111.11769859245521,113.99143217674285,24717941
2023-11-02,113.12931060791016,113.56037503040125,109.77662142718634,109.77662142718634,72538804
2023-11-03,112.36298370361328,113.60826384562081,112.17139708372439,113.22509791412531,31747230
2023-11-06,114.37458801269531,114.61406579023098,112.55455544176782,113.51246655191052,27883152
2023-11-07,114.61406707763672,115.14091380916396,113.41667817650864,114.27879964697723,25818033
2023-11-08,114.03932189941406,115.42829010180772,113.56036633882565,114.70985676092509,22552386
2023-11-09,114.61406707763672,115.42829006874744,113.847735257602,114.1830026882615,22979112
2023-11-10,114.99723815917969,115.38039677814616,113.79984920420398,114.4703840956775,23584510
2023-11-13,115.9072494506836,116.14672723880484,114.85354864460653,115.76356131615442,17951775
2023-11-15,118.8288803100586,119.16414774872754,116.38620397008957,116.5777832755341,38344393
2023-11-16,119.45152282714844,119.97837690653802,117.82307672258824,118.7809879154548,30836413
2023-11-17,119.93047332763672,120.45732738463984,119.06835913731469,119.45151775155466,23319439
2023-11-20,119.11624908447266,120.36153649278722,118.82888012674917,119.7867912690582,18780290
2023-11-21,120.936279296875,121.0799674270029,119.6909919134756,119.78678887241547,29643312
2023-11-22,120.79258728027344,121.55891907744449,120.21784208653597,121.079963531283,19588063
2023-11-23,121.36734008789062,122.03788227955162,120.60101555092649,121.03207264620119,30736851
2023-11-24,120.64891052246094,121.65472018748139,120.26575189605536,121.36734390939488,14719450
2023-11-28,121.51102447509766,121.65471260518535,120.69680148230988,121.65471260518535,18377843
2023-11-29,122.3731460571289,122.75630465999734,121.36733645389454,121.79840084454436,23092165
2023-11-30,122.51683807373047,123.42685805511468,121.17576099630466,122.4210484199748,40165104
2023-12-01,124.52845001220703,124.8158262817019,122.66052618533678,123.47474189624728,31192397
2023-12-04,125.48636627197266,126.77955222903495,124.91161370959723,126.63585678015868,41230928
2023-12-05,126.06111145019531,126.87532714654138,124.52844778468135,125.48635892148658,35192149
2023-12-06,126.30058288574219,127.78533337990632,125.29477331934216,126.92321924674242,40753593
2023-12-07,124.52845001220703,126.6358516275623,124.33687070473187,126.15689605059228,34686333
2023-12-08,123.76211547851562,125.86951704811324,122.56472656208926,124.67212813168688,34393711
2023-12-11,124.57634735107422,125.00740444308238,123.33105993905637,124.3847680453555,24038059
2023-12-12,124.6242446899414,126.58795082627361,124.24107146545018,124.5763462098095,30696410
2023-12-13,125.86952209472656,125.96531905850712,123.7142219587445,125.05530636884981,22767972
2023-12-14,126.44426727294922,127.64165616757943,125.96531171509714,126.7316435309732,43372143
2023-12-15,130.70697021484375,130.99434647594651,127.40217975357139,127.78533835733253,77377446
2023-12-18,130.8506622314453,131.8085733323591,129.41379558007466,131.09014000667375,38461877
2023-12-19,129.701171875,131.8085882284262,129.126433919437,130.89856088646258,27726431
2023-12-20,124.28897094726562,130.41959642289433,123.33105980316338,130.18011863686877,39495961
2023-12-21,125.48636627197266,125.9174233854718,122.46894455263134,123.2831676049533,34914399
2023-12-22,127.92903900146484,129.07852947608367,126.20479598125436,126.82743239184163,37357334
2023-12-26,129.50958251953125,130.37171131090867,128.79114916833205,129.03062695206512,25936447
2023-12-27,131.4254150390625,133.05386117213462,129.7969689059904,130.13224367598986,48101400
2023-12-28,132.33541870117188,132.91017123421574,131.09014590718365,132.33541870117188,34661176
2023-12-29,133.72439575195312,135.30494322440936,131.37750185764182,132.76648464947942,49202910
2024-01-01,133.96388244628906,135.01757595922226,133.19755058997845,134.10756327460035,21186105
2024-01-02,133.72439575195312,134.68230685442683,131.28171951733253,134.58650989755407,27764060
2024-01-03,129.6532745361328,133.72439675209444,128.69536342649477,133.62859979450522,45176618
2024-01-04,128.5995635986328,130.61118273059986,128.3600858265683,130.27590800308425,43913498
2024-01-05,128.0248260498047,130.22802473340042,127.25850878295829,129.3180120165966,71330190
2024-01-08,126.44426727294922,130.22801325666794,126.20478949402317,129.60537687808568,39559717
2024-01-09,128.0248260498047,129.12643269988502,126.92323401628929,127.88114521641222,30736868
2024-01-10,128.4558868408203,129.03062474199706,126.54006460377043,128.1685105819501,27213624
2024-01-11,129.2222137451172,129.9406471379549,128.55167883511496,129.17432987884652,23113349
2024-01-12,129.60537719726562,130.51538983611294,128.9827262005863,130.08433275629724,32883921
2024-01-15,129.2222137451172,130.51539969885098,128.31220103750238,130.27592190123843,34158775
2024-01-16,131.47329711914062,132.6706859817922,128.3600860762466,129.03062091601882,56361287
2024-01-17,126.10899353027344,130.03643498225622,125.86951574945897,129.74905872196612,58982971
2024-01-18,125.48636627197266,126.68375526311743,122.8042120084954,126.10900270074201,45273496
2024-01-19,128.5995635986328,129.03062066503625,126.06110506137448,127.01901614963245,32653013
2024-01-23,124.6242446899414,129.50958271555191,123.8579128575229,129.12642410762464,35373970
2024-01-24,129.46168518066406,129.84485840795298,124.62424559986565,124.72002794426483,39340119
2024-01-25,128.12060546875,130.7548609082944,126.44426109813085,130.7548609082944,61358839
2024-01-29,129.3179931640625,129.70115174162717,127.88112657335068,129.03061692260758,29745400
2024-01-30,129.0306396484375,131.90437333600434,128.83906032591278,129.89276852464678,35704185
2024-01-31,130.22802734375,130.9464607582428,128.8390589990436,129.31801460870548,36079354
2024-02-01,129.1264190673828,130.9943427871038,128.83904281437265,130.65906805583137,31701793
2024-02-02,132.86227416992188,133.72440297867738,129.12642651500744,129.60538209212797,69296192
2024-02-05,135.59231567382812,137.3165585332123,133.48491423083107,134.1075505833428,80737626
2024-02-06,138.5618438720703,138.99291558864303,134.53861991105188,136.9812962998516,53192936
2024-02-07,138.32237243652344,141.1961060573645,137.987112284031,140.66926658679566,61517064
2024-02-08,137.6039276123047,139.51974986721495,137.0291897057699,139.18448974254395,38997666
2024-02-09,135.35284423828125,138.37025842097034,133.29332655944575,138.13078064086602,35961925
2024-02-12,131.6169891357422,136.933399061618,130.89855575701748,136.02338637187958,36477544
2024-02-13,132.0480499267578,132.43120851707158,128.45588333045387,131.95225297089772,39155909
2024-02-14,135.25704956054688,135.54442582483105,130.0364367895464,131.23382571026045,29141690
2024-02-15,135.25704956054688,137.41234961783218,135.06547025654544,135.54442582483105,31587387
2024-02-16,136.31076049804688,137.41235248143482,135.54442864950713,136.07128270891346,22316127
2024-02-19,135.97549438476562,137.3165788590465,135.40075642427257,136.9334056021526,16973568
2024-02-20,135.11337280273438,136.26286327789938,134.15546163733615,135.97548700496702,24291123
2024-02-21,137.84341430664062,140.0466129655513,135.4965348159473,135.59233178151226,88000833
2024-02-22,139.7592315673828,139.9987093559606,137.46025064366157,138.8971173751284,46728176
2024-02-23,139.32818603515625,140.90874834089115,138.89712890325234,140.2381987839679,28414697
2024-02-26,136.64602661132812,139.80713648950442,136.26286797857674,139.71135413959902,22570277
2024-02-27,138.1307830810547,138.41815934556936,136.02338150222042,136.64601789486554,24119469
2024-02-28,134.82598876953125,138.84921250932356,134.1554539156598,137.9870983567122,20721926
2024-02-29,134.92178344726562,135.87969454134188,133.5328006676044,134.87388496924913,32248156
2024-03-01,143.63877868652344,144.30931358999868,136.981298901011,136.981298901011,123709943
2024-03-04,146.6562042236328,148.38043261580668,144.69248342525225,148.38043261580668,67577785
2024-03-05,145.4588165283203,147.51831969035862,144.40510839819197,146.75198783358934,37165490
2024-03-06,145.21932983398438,146.22512480423438,141.6750470407782,145.41090913229087,51782444
2024-03-07,150.63153076171875,152.45155612938402,145.84197493463708,145.98565576282377,124847699
2024-03-11,146.991455078125,152.21206763938605,146.56039800729857,152.21206763938605,54155385
2024-03-12,146.08145141601562,148.04517221082247,144.5487877184678,147.70989745930754,34947937
2024-03-13,137.6039276123047,146.4646055412647,136.5023356623568,146.36882319845748,70937597
2024-03-14,136.45445251464844,137.89131936727702,132.52702522073625,137.5560592049363,91956952
2024-03-15,135.7360076904297,137.6518299997274,133.96388082426785,136.88549815269545,68482621
2024-03-18,143.39930725097656,143.92616134727467,136.21497307390794,136.55024784879728,166913078
2024-03-19,142.48927307128906,146.0335411420186,141.38768117652282,142.72875084115677,105004268
2024-03-20,139.51976013183594,144.30931612148447,137.7955316688144,143.30352105691023,77550319
2024-03-21,143.782470703125,144.83616420728467,141.57927211578848,141.77085142412986,84225737
2024-03-22,145.41091918945312,146.32093188177151,142.10612856126284,142.72876497796372,68241556
2024-03-26,145.98565673828125,146.9435679100982,144.1656313584548,144.78826777351003,52965508
2024-03-27,146.2730255126953,147.614109854411,145.60249065011936,146.0335477320208,35328794
2024-03-28,149.29046630859375,150.39205834153955,146.2730372598277,146.2730372598277,62575327
2024-04-01,156.283203125,157.0016365097914,149.9130996264753,150.20047590370478,84583929
2024-04-02,157.72007751464844,158.53430790337652,154.99003929048115,156.09163135375763,69533405
2024-04-03,156.7621612548828,159.25273620914044,156.2353217907511,157.72007245012577,50938559
2024-04-04,156.52267456054688,158.96535089290674,154.22369366924585,158.58219228321124,61094750
2024-04-05,156.47479248046875,157.24110970859525,154.03211612026396,157.00163192066466,44668121
2024-04-08,158.24691772460938,159.92326222299837,157.2890065826728,159.92326222299837,48255703
2024-04-09,159.01324462890625,162.6533097786638,158.24691281581568,159.01324462890625,63884687
2024-04-10,158.10324096679688,162.07856646146442,157.5763869018668,160.25854109159445,64134758
2024-04-12,156.61846923828125,159.01324705538033,156.13951367486143,159.01324705538033,55317636
2024-04-15,154.08001708984375,157.7679663136035,151.92471696365638,154.99002977536554,66426404
2024-04-16,153.3136749267578,155.612655726857,152.3078653455031,154.08000673231203,41391261
2024-04-18,153.3136749267578,157.09742085951265,152.451546164298,154.12789059420135,68093672
2024-04-19,155.27740478515625,155.66056340229,150.67942829672958,153.26578550379324,60078229
2024-04-22,155.03793334960938,157.767971495849,154.70265858345272,156.90585726368172,39304790
2024-04-23,154.3673858642578,156.61848305758306,154.03212571022038,156.61848305758306,30295177
2024-04-24,158.5821990966797,159.87537042238597,154.6547574040206,155.6126685859799,59894921
2024-04-25,160.64169311523438,160.92906937671987,157.24110569021116,158.43849459926415,50128523
2024-04-26,158.82167053222656,163.51542928924192,158.29481647993364,160.9290721248342,65355111
2024-04-29,160.3543243408203,162.46174061240157,159.8753687548363,161.12065620170765,44906151
2024-04-30,158.0553436279297,161.31223577121273,157.57638804117838,161.31223577121273,55043389
2024-05-02,160.3064422607422,161.79119290057608,158.05534513492196,158.05534513492196,69320283
2024-05-03,159.49220275878906,163.5633250514308,158.19901688979496,161.83908209829332,62573586
2024-05-06,160.54591369628906,161.5517087049599,157.76796260675619,160.88117382699133,37621296
2024-05-07,157.33689880371094,160.88116696456098,155.46897507455947,160.88116696456098,43611824
2024-05-08,159.06114196777344,160.06695155171053,156.61846572580146,157.28900057623835,30128705
2024-05-09,155.0858154296875,159.68379205359528,154.70265680126383,158.96535866287735,30223088
2024-05-10,155.42108154296875,157.43270077166048,155.03792293586744,156.3310941972573,31472419
2024-05-13,156.95375061035156,157.5763870224772,151.39786291664132,155.61266620617906,36561003
2024-05-14,158.00743103027344,159.54009461758218,156.61846287609168,157.19321537547327,46261468
2024-05-15,158.63009643554688,160.49802030358902,158.00744540182313,158.00744540182313,29601304
2024-05-16,158.91746520996094,160.92908461426535,155.46899359530866,160.2106512008088,41126570
2024-05-17,160.3064422607422,161.36013579170285,158.48640224379517,159.58800887376526,39181277
2024-05-21,167.01182556152344,167.82604132131,160.88118503835614,161.4080391279622,84833644
2024-05-22,166.00601196289062,168.1134136551984,164.28176889952437,168.06551517243952,42919832
2024-05-23,168.1134033203125,168.40077958263436,163.32384767016114,165.76652397505111,49377680
2024-05-24,167.4907684326172,170.0771255835519,166.82021894233884,167.58655077653978,38674485
2024-05-27,168.1134033203125,170.2208048830663,167.49076693241835,170.2208048830663,30410585
2024-05-28,167.5386505126953,170.02922529319298,166.14968229981017,168.49656164110766,39208456
2024-05-29,166.916015625,168.59236011477762,166.19758227223815,167.3949711935079,36575550
2024-05-30,157.24111938476562,164.76072823514693,156.47480210948214,164.76072823514693,108813875
2024-05-31,160.16273498535156,160.881168319272,157.09742235060372,159.061143053299,83713848
2024-06-03,166.916015625,167.63444897776182,161.74330133174035,165.9581044879842,86397540
2024-06-04,152.2599639892578,167.29916509568633,141.91452135121878,167.15548427960707,125042158
2024-06-05,162.07855224609375,162.46172544905625,152.30786212727907,155.32527619072252,60098501
2024-06-06,164.80862426757812,167.34708309146833,162.27015082712305,162.84490339160172,57920819
2024-06-07,171.3702850341797,172.08871833859894,163.6112141163896,164.76070448014778,84319867
2024-06-10,172.7017822265625,174.43561355972378,169.89510977738715,172.62516220271823,74286848
2024-06-11,173.69802856445312,176.01617176651973,172.90296056520714,172.90296056520714,55555544
2024-06-12,174.5601348876953,176.13110850007908,173.8608638804283,174.57929720224826,33304643
2024-06-13,174.87625122070312,176.3514425264948,172.9125305070931,175.68089305119113,36669164
2024-06-14,175.44142150878906,175.77669625835983,173.76507699406358,175.24984220184757,28509237
2024-06-18,173.49685668945312,176.83039789776666,172.9987534329532,176.06406608149123,35032118
2024-06-19,172.44317626953125,174.8092180747687,171.76305289431656,174.7708934419473,27476795
2024-06-20,174.60804748535156,175.24984621742172,171.82052246330372,173.95667490351244,38837494
2024-06-21,175.83932495117188,176.77743902880616,174.11942429041832,175.31162273533,65494855
2024-06-24,173.90444946289062,174.87187866151632,171.10962583486946,173.39629564569017,47597307
2024-06-25,171.67640686035156,174.9207542643488,171.25621332305658,173.93377660547398,30599989
2024-06-26,168.62750244140625,171.98911016216266,167.92390943422217,171.6763955318345,44006436
2024-06-27,170.19105529785156,170.96304535422527,167.88483695877437,168.62751188079562,49767976
2024-06-28,170.04446411132812,173.06405713840877,169.61450383866656,170.20082143468963,37521949
2024-07-01,170.1031036376953,171.97934672251336,169.5558530241173,170.52329715532775,27807688
2024-07-02,170.5623779296875,171.74480963798797,169.64381224126225,170.49398092284034,33359495
2024-07-03,172.35067749023438,172.8490645802476,170.42557087094136,170.56237979718813,29090492
2024-07-04,172.2725067138672,174.12921641052586,171.81323129913704,172.9663330286884,29504744
2024-07-05,170.728515625,172.18455026088213,169.44835687526228,172.18455026088213,38123217
2024-07-08,168.3538818359375,171.4711867923002,168.16820939110525,170.62101813549364,31479861
2024-07-09,167.88482666015625,169.74152130684107,167.60142716406017,169.6438091686785,25127904
2024-07-10,164.15188598632812,168.94999517691488,163.21377185434878,168.56888351497543,41525591
2024-07-11,165.07046508789062,167.05420204182573,164.8261623604498,166.12585465976161,33987236
2024-07-12,164.845703125,166.5069586125069,164.18119198336458,166.32128616247562,33311402
2024-07-15,162.95968627929688,165.13887734851053,162.02157215418563,164.84571109276757,32635187
2024-07-16,163.26263427734375,165.9499642862029,162.90105610027064,163.97599406823636,26505901
2024-07-18,162.5688018798828,163.79031547452274,160.69255878784242,163.79031547452274,36568852
2024-07-19,154.174560546875,162.30494709504225,153.61754320301944,162.21700169687168,77987514
2024-07-22,156.6664581298828,157.03778813114377,152.84555994480016,154.7902000863272,40353690
2024-07-23,156.373291015625,158.2788492716282,151.46768816574237,157.91728601335075,37077411
2024-07-24,156.65667724609375,158.3277144486552,155.56220580786476,156.37329264550053,28086566
2024-07-25,153.80322265625,154.88792734958835,153.3243839481989,154.88792734958835,45155876
2024-07-26,158.8456268310547,159.23650520707923,154.60453531586592,155.13222261460447,45642032
2024-07-29,159.1583251953125,160.94662282696316,158.63063790106426,160.94662282696316,31754833
2024-07-30,160.33099365234375,161.53295884025758,157.6338821239803,159.18764381946087,42824600
2024-07-31,161.56227111816406,162.7056060197874,159.82283700344945,162.50038518106078,52769925
2024-08-01,159.34400939941406,165.09978109179025,157.23323024455576,164.36687290560792,118341338
2024-08-02,154.6143035888672,157.5166210383314,151.1940655760626,157.33094858901046,72427529
2024-08-05,146.40574645996094,150.49048092783863,145.60442635225945,150.1582327953525,102883971
2024-08-06,146.89434814453125,150.29503786669204,146.20052185175567,147.76406524020342,53507102
2024-08-07,150.35366821289062,150.78364339049116,148.43832830659403,150.19731089175318,32029697
2024-08-08,146.85525512695312,149.94324519729312,146.58163726361212,149.90414841049858,51858615
2024-08-09,148.3503875732422,149.51327095533026,147.8031518430961,149.51327095533026,23290101
2024-08-12,148.5946807861328,149.90413975811995,146.46436827150188,147.55883966169358,30550334
2024-08-13,145.48716735839844,149.46440807139146,145.11582243517475,148.63378773135872,29396493
2024-08-14,142.8389129638672,146.48390538198123,139.10597514494546,146.48390538198123,97911180
2024-08-16,146.11257934570312,146.58163640711044,143.1223163487669,144.62721458834898,54131721
2024-08-19,150.45140075683594,150.7836488930867,146.96275059303665,147.4122741799477,62889770
2024-08-20,150.42205810546875,152.1517254749712,149.31781999092894,152.1517254749712,37559016
2024-08-21,148.45787048339844,150.66636163553713,148.31129482037866,149.51325999030357,49749381
2024-08-22,150.62728881835938,150.8325096699795,149.0344302661929,149.0344302661929,36719176
2024-08-23,150.6859130859375,150.87158553690045,149.07352111577796,150.49047389425976,31490857
2024-08-26,152.1517333984375,152.83577804285756,150.19731160806307,151.08657710133662,32497603
2024-08-27,151.1745147705078,152.9334972740819,151.07680263262014,152.24945266465147,24523684
2024-08-28,150.1973114013672,151.46768854557328,149.56213028479158,151.17452229520958,25195197
2024-08-29,149.48394775390625,150.06049858769353,147.7542803414899,149.7184837303362,44452983
2024-08-30,149.2787322998047,151.71199281830025,148.99534769856064,149.51326828470167,55134023
2024-09-02,149.39601135253906,150.39275576252777,148.6728698982827,150.39275576252777,19200143
2024-09-03,148.68263244628906,149.95300959829254,148.54582351675361,149.35691035294772,19780066
2024-09-04,147.73472595214844,148.7119367810243,145.76077081377798,146.09301891694284,39613696
2024-09-05,148.26243591308594,149.30804380098405,147.55884288657023,147.55884288657023,28347324
2024-09-06,147.77383422851562,149.41554139140402,146.23960595055092,148.47742727291208,30709532
2024-09-09,146.06370544433594,147.46110978819794,144.67606784089423,147.46110978819794,32624586
2024-09-10,146.0148468017578,148.13539260607772,145.41874757300027,147.07023633354436,41607844
2024-09-11,144.7933349609375,146.77707186350452,144.25586599227418,146.48390561595593,24633287
2024-09-12,148.281982421875,148.96602704700382,145.3601165596872,148.5360518794787,73191476
2024-09-13,149.99209594726562,151.85855730368107,149.02465185576355,149.29826969579472,54894255
2024-09-16,150.69569396972656,152.11264674098723,150.00186769509375,151.46768399178848,32575460
2024-09-17,149.33737182617188,150.72500946774306,148.79990286720482,150.4904734917244,18275113
2024-09-18,147.16796875,149.49372057216695,146.2005245828321,148.92693645604328,24856345
2024-09-19,146.13211059570312,148.72172841263767,144.4219915304096,148.42856216209069,36913781
2024-09-20,148.55560302734375,149.84551364278988,147.21681397434418,147.55884374877982,53873369
2024-09-23,150.480712890625,150.8715912888827,149.31782952588387,150.86182454779558,33281905
2024-09-24,156.8716583251953,157.81955405326022,151.32110779195952,151.61425912141925,137414352
2024-09-25,157.97592163085938,158.98244769019425,155.8846908489042,157.81956430428852,58044967
2024-09-26,161.8358917236328,162.11927631322408,156.82279522162932,158.30815990945524,88661662
2024-09-27,162.7544708251953,165.15840117745907,162.10950808246923,163.19421272757972,72795668
2024-09-30,164.70889282226562,166.30173637862106,163.4482824673664,163.68281844087315,92381529
2024-10-01,163.22352600097656,165.6274712369101,161.3375162302807,165.6274712369101,50761579
2024-10-03,163.17466735839844,166.11608162848148,160.77073696159897,161.72839944180865,75959797
2024-10-04,162.94992065429688,165.24637227711537,160.26259062851386,163.1942233839135,53880875
2024-10-07,160.6143798828125,164.12256334259985,158.63064300103557,163.29194304614782,48775098
2024-10-08,155.8846893310547,159.86193000123248,153.12894739353376,159.28537914005364,74956764
2024-10-09,155.43516540527344,158.50360707504444,154.50681802031806,155.88468898602883,42766218
2024-10-10,156.0801239013672,157.50684344470508,153.03123070865186,154.69248623260432,46507936
2024-10-11,156.9987030029297,160.04759616618458,155.57196856232306,155.66969561439853,53263433
2024-10-14,154.7120361328125,159.65672087827198,154.43840336390207,158.1909045350225,35566857
2024-10-15,152.0833282470703,155.89444456983352,151.51654416888044,155.86512943743182,38964393
2024-10-16,151.7022247314453,152.98236861832623,150.51002624647492,151.6533612044767,28518262
2024-10-17,148.9269256591797,152.73805687177043,148.63377433679537,152.10286088081162,28404223
2024-10-18,151.8488006591797,152.64033909982865,147.65657247272026,148.92693470973194,34750795
2024-10-21,151.4969940185547,154.33089946555782,151.06701886691474,152.54261676559315,25799090
2024-10-22,146.96273803710938,151.36995356970385,146.67935345359038,151.36995356970385,39079846
2024-10-23,145.38943481445312,148.48719154201902,144.67607504086345,146.87479954023507,42107893
2024-10-24,145.58486938476562,146.41550457811664,144.63697366004436,146.08325646519796,22115070
2024-10-25,142.53598022460938,146.09302724812144,141.13856090587888,145.60442180582004,39730802
2024-10-28,145.97576904296875,146.31778391140472,141.4317294104196,142.6727914287652,28386897
2024-10-29,146.6402587890625,147.02137042678123,143.210254049594,146.43505285932014,32258407
2024-10-30,145.57510375976562,147.50997709747446,144.72493507870732,144.72493507870732,21362130
2024-10-31,145.1744384765625,146.532760933423,144.82264198142326,145.68259228310896,26383702
2024-11-01,146.3373260498047,146.8259314790194,145.60441790598261,146.2493806511991,5106804
2024-11-04,143.60113525390625,146.5816314080815,141.79330407983934,146.5816314080815,25571021
2024-11-05,148.81944274902344,149.07352712840165,143.60114007437835,143.65000360203226,42772283
2024-11-06,150.11912536621094,151.41881758050297,146.18096685036514,150.49047025916698,48928986
2024-11-07,147.50997924804688,153.34392939034922,146.77707108857226,152.55239096388536,88254789
2024-11-08,144.20701599121094,148.53605301045957,143.5913683683801,148.53605301045957,61980989
2024-11-11,141.70533752441406,144.3242703105848,140.81608699879095,144.20700978216286,47497863
2024-11-12,140.88449096679688,143.77704173629053,140.32748851820787,142.33075889601633,28861672
2024-11-13,135.99844360351562,140.32749578559165,135.44144112608018,140.32749578559165,57609083
2024-11-14,134.83555603027344,137.52288600972526,134.36649897259178,136.52614162603365,36345184
2024-11-18,137.99195861816406,139.98546230584378,134.85510504856154,136.31115466670337,40233848
2024-11-19,136.28182983398438,139.24277747601727,135.89093655270943,138.76393879810072,37611903
2024-11-21,137.02450561523438,138.37306135027794,134.1221882182823,136.3209126153033,58398744
2024-11-22,139.5261688232422,139.92682886433133,136.4674939848152,136.95609942681034,43710169
2024-11-25,140.39588928222656,142.81936815757626,139.5848024397268,141.63695130976768,53883890
2024-11-26,141.1776580810547,142.4773503504897,140.30794098780024,140.93335535922978,25608469
2024-11-27,141.2362823486328,141.59784559003646,139.64342389846354,141.02129476967545,24895631
2024-11-28,140.1222686767578,141.93988152543622,139.82910242805713,140.71836791506243,30947861
2024-11-29,141.2460479736328,142.17441019864162,139.79001336798456,140.6206336337108,29742979
2024-12-02,143.07345581054688,143.48388261173588,139.87797189500813,140.82586768979775,23840351
2024-12-03,143.20046997070312,144.82264354418618,143.00503078486213,143.40569080802132,35527228
2024-12-04,142.52621459960938,143.6988646881027,140.71836848451827,143.65000116127905,38537808
2024-12-05,143.71841430664062,144.5099527503473,141.50014138721266,143.16139693599962,36328245
2024-12-06,144.9105987548828,145.29171041195158,143.25912484828822,144.13860869966072,30604899
2024-12-09,146.46437072753906,147.23636075798302,143.2884353835505,144.91059410377085,39059139
2024-12-10,146.89434814453125,149.02466072746012,145.90735560253987,146.76730595729163,36278104
2024-12-11,147.16796875,148.64355185350902,146.64026650934292,147.15818709784202,20499709
2024-12-12,147.34385681152344,148.1744920325029,145.31125637085603,147.43180221297638,25761723
2024-12-13,145.55555725097656,146.63049518086675,142.23304623122362,146.5816316547709,39701388
2024-12-16,144.42198181152344,146.3861851202688,143.74771886501125,145.54578321115156,22634773
2024-12-17,142.36007690429688,145.1158188024992,142.01806203557044,144.4219925019059,27110781
2024-12-18,141.1678924560547,143.55227451462753,140.0343242391735,142.67279067352774,19850229
2024-12-19,139.99522399902344,140.522926219507,137.8844598502527,138.32420175995267,27104579
2024-12-20,137.47401428222656,141.10923981229502,136.8095180660688,139.6336568068476,46503449
2024-12-23,138.48056030273438,140.52292746235315,137.40562237080098,139.20368681053077,27514178
2024-12-24,137.1808624267578,138.27533379551005,136.0766094065355,137.98216756143597,25882917
2024-12-26,137.16131591796875,137.93330593094362,136.33068072853067,137.73786674256237,23939932
2024-12-27,135.74436950683594,138.5196448802815,135.45120325503706,137.49357045451288,19562177
2024-12-30,133.76063537597656,136.07662048267179,132.98863039970797,135.74437234883592,32555723
2024-12-31,134.90396118164062,135.5195938792526,133.4479116433087,133.7508446218415,20080291
2025-01-01,133.6238250732422,135.29484737754888,133.46746774913888,134.95283250600994,18169498
2025-01-02,135.03099060058594,135.2948417100757,133.2915564482029,133.87788893350137,23388424
2025-01-03,135.20689392089844,136.545668015034,134.69874010335806,135.03098821399612,23351832
2025-01-06,129.167724609375,135.23621062455192,128.35665271547006,135.20689549157004,44620509
2025-01-07,130.34039306640625,130.82899851060654,129.00160400978018,129.75406056894397,24239451
2025-01-08,129.61724853515625,131.1807918835539,128.7670798541568,130.8778439901228,31570331
2025-01-09,126.96900177001953,129.3827138229862,126.74424744397356,128.99183543759716,31903107
2025-01-10,124.52598571777344,127.41852909715764,123.8126184778634,126.969005520732,34855510
2025-01-13,120.12853240966797,123.6171749133493,119.82559942608383,123.12856947890918,38968332
2025-01-14,124.0373764038086,124.73119522895126,120.13830710822148,120.13830710822148,36877365
2025-01-15,123.64649200439453,125.38592618565981,122.91358384112922,125.08299319727891,18773125
2025-01-16,124.89732360839844,125.5422863855193,123.67580997493697,125.08299606645339,22164393
2025-01-17,127.31103515625,128.17098552179465,124.73119897067106,124.98527589281176,27421959
2025-01-20,128.6595916748047,129.08956685992263,125.97226167887261,128.0048621560315,20571916
2025-01-21,126.74424743652344,129.382713815381,126.30450552522295,129.05046569671438,32238213
2025-01-22,125.98202514648438,127.37944446180752,124.22305003180468,127.28171740916363,27505569
2025-01-23,127.39897918701172,127.77032409741749,124.78982789534324,124.93641102021249,20722538
2025-01-24,126.7833480834961,130.16448946196016,126.36313964092619,127.52602300273526,37092106
2025-01-27,123.49014282226562,126.49994669650864,122.87449519018274,126.07975317122053,24650571
2025-01-28,125.68885803222656,127.51625250888442,121.89728251936828,123.49014101793216,40373804
2025-01-29,127.81918334960938,128.34687065264757,125.62045891668394,126.06020082105816,16674706
2025-01-30,128.1318817138672,129.13840769517418,127.13513738412219,127.81918199602195,25256096
2025-01-31,131.5521240234375,131.92346892974018,126.96900260596148,128.13188594007386,26689228
2025-02-01,129.93972778320312,132.41207003826574,127.28171308106356,131.9234646137703,21173846
2025-02-03,128.81594848632812,129.49021148461208,124.89732321931588,128.29801298918326,27765357
2025-02-04,130.3794708251953,131.2785030248162,128.8647910137796,129.77360486505077,25032519
2025-02-05,131.33714294433594,132.30458713240273,130.0472322713023,130.11562928261014,16958362
2025-02-06,129.51951599121094,131.79641899938704,129.01137709892856,131.43485576621424,22408168
2025-02-07,135.1580352783203,135.58801045399724,129.53907268292943,130.2622141066638,52950146
2025-02-10,130.98533630371094,134.95282489606737,129.96904357645818,134.95282489606737,26120805
2025-02-11,127.14490509033203,131.27850283675826,126.74424506065682,129.9690438681681,23635428
2025-02-12,129.2654571533203,130.2524347981139,125.38592867260378,126.4022363626801,37927696
2025-02-13,133.14498901367188,134.55217513653938,128.85503363382037,129.26546043448081,52036196
2025-02-14,131.40554809570312,136.07661490456988,130.29152829005403,133.14498226748756,41469242
2025-02-17,131.22964477539062,131.7280318758527,127.75077636841932,129.88110387727278,21189637
2025-02-18,131.47393798828125,131.82573448213452,128.74752634420878,131.22963528174574,23957576
2025-02-19,132.6661376953125,133.76062397088467,129.99835628877247,131.43485741022957,18447487
2025-02-20,134.89418029785156,135.20689492976493,131.92346584994633,132.18731695674143,24139808
2025-02-21,137.5522003173828,138.37306880221212,134.02446838729355,134.76715821113652,41987785
2025-02-24,134.51307678222656,137.45449118594422,133.54564751731658,135.64664502478183,25193205
2025-02-25,133.94630432128906,136.17434396545056,133.5847261511985,135.33394200064896,23575603
2025-02-27,135.5293731689453,135.82253940182272,132.78341310680332,134.08310530741846,30747044
2025-02-28,134.07333374023438,134.65966625008986,131.0048920822416,134.65966625008986,45540594
2025-03-03,135.41212463378906,135.88118170130534,131.24919656253428,133.8778963287732,31154401
2025-03-04,136.16456604003906,137.7281094767585,132.71501268466753,133.04726081887745,28634645
2025-03-05,142.7705078125,143.15161943865024,135.83230497524232,135.83230497524232,62109377
2025-03-06,147.01161193847656,148.73149777504847,142.86823230498567,143.44478316422195,79121467
2025-03-07,148.1060791015625,148.97579619134177,145.86827273945227,146.32756304753224,81821791
2025-03-10,147.6077117919922,150.72501699870244,146.9822974024148,148.10608399099667,54450331
2025-03-11,147.31454467773438,148.24289205999332,144.6272146753213,144.7249417307402,35916900
2025-03-12,146.8748016357422,148.8096750476993,144.33404732468557,147.55884628531743,26377549
2025-03-13,147.44158935546875,150.06050748106867,146.60118736227295,148.5360608215636,48286431
2025-03-17,148.3503875732422,149.16147442722846,147.46112205622714,148.52629329282075,35879780
2025-03-18,148.3503875732422,148.3503875732422,148.3503875732422,148.3503875732422,0
2025-03-19,154.98565673828125,155.57197433934243,152.93350785692914,153.22667411298733,66161413
2025-03-20,155.41561889648438,156.45147500190663,153.08008538299788,156.35374794501885,39889517
2025-03-21,153.6957244873047,156.1094365298207,153.24621583715896,155.40584351032305,49184821
2025-03-24,154.8097381591797,155.37652223085772,153.5295943554991,154.3993113992171,30905773
2025-03-25,153.15826416015625,155.3765371358708,152.4937678882025,155.3765371358708,28467187
2025-03-26,152.2592315673828,153.94980228952724,151.4774598465637,152.64034323101203,23182869
2025-03-27,151.87811279296875,152.5426239434226,150.6859143295246,151.27224682045127,25909068
2025-03-28,150.72500610351562,153.3341572703865,149.87482252883336,151.8390258703937,24589315
2025-04-01,149.63052368164062,151.7999330064872,148.60446419671834,148.60446419671834,29142122
2025-04-02,151.1647491455078,152.68919568950312,148.7999006719953,150.49047127157428,24977582
2025-04-03,150.11912536621094,152.41557681835366,149.12238103941442,149.51325941332826,15117526
2025-04-04,137.1906280517578,149.50349049432825,136.80951642387632,149.1419123471199,80846143
2025-04-07,126.52925872802734,127.37944232078594,122.47383959940032,125.08299082174615,121806340
2025-04-08,127.31103515625,133.09612190842537,125.10254388507535,131.81597801220641,68999181
2025-04-09,124.28167724609375,127.03741156804094,122.44452351663803,127.03741156804094,73399980
2025-04-11,130.3794708251953,131.6302995299769,127.51625016987549,131.60098439713468,73706472
2025-04-15,133.3013458251953,133.87789669215056,131.7671175160152,132.50980736190837,38967608
2025-04-16,133.84857177734375,134.46421938649672,131.5521203075305,133.3013360852319,42684087
2025-04-17,134.0146942138672,134.81601426124502,130.65308653316296,131.33713114003785,62282856
2025-04-21,136.00820922851562,137.1026956027805,133.92676010016575,134.5130777078614,26503486
2025-04-22,135.01145935058594,139.58479913170353,134.56193578295367,138.76394556756264,58429662
2025-04-23,137.94308471679688,138.27533282124799,134.19059869803928,136.21341736789535,37851304
2025-04-24,138.29489135742188,138.6466878794268,137.08314446805932,137.4935712585559,23061444
2025-04-25,135.68572998046875,140.18089086079942,134.87464320062503,138.7639381366849,37764696
2025-04-28,138.8323516845703,139.35027223870821,135.2264412865147,135.38278368906367,26971589
2025-04-29,138.2753448486328,140.0343274826286,137.70856072706445,138.8323622290045,25758449
2025-04-30,136.8876953125,138.33396317063088,134.85509498999104,138.22646938253004,29205042
2025-05-02,138.1776123046875,139.83888272757287,136.2720540731448,136.80952303872215,29588258
2025-05-05,138.8421173095703,139.44798325609716,137.9821670027162,138.3437451514002,17213477
2025-05-06,141.14834594726562,142.08646006882105,138.31442536723225,138.8421276077804,42658262
2025-05-07,142.67279052734375,143.60113789445452,138.95938614784575,138.95938614784575,34674594
2025-05-08,140.39588928222656,143.3177552634447,139.5945840918764,142.67279248588267,29687927
2025-05-09,139.5261688232422,140.0050075243771,137.30789594148902,137.77696790176375,21875453
2025-05-12,148.1744842529297,148.48718396758522,141.20696620102353,142.29167082849085,47087413
2025-05-13,146.0246124267578,149.5034956320895,145.61418565270813,148.53605150758028,54389876
2025-05-14,151.77061462402344,153.56867900814177,147.5588382491701,147.5588382491701,60002060
2025-05-15,153.76414489746094,154.24296870727517,150.78364859624276,151.95629872314925,57066105
2025-05-16,153.95957946777344,154.5458970580579,153.42211049338817,153.76414027101197,22884754
2025-05-19,153.9791259765625,154.53612842606958,152.57193991941134,154.39931949890516,21839582
2025-05-20,155.07359313964844,158.40588573758893,154.39931526317346,154.74134502722882,58061639
2025-05-21,157.95635986328125,158.1615807009116,154.91723354901094,155.81626573409022,36044599
2025-05-22,157.6143341064453,159.8717037334825,156.70553515785153,157.3114011235807,60715453
2025-05-23,159.2560577392578,159.80329344433994,157.81955655788985,157.91728360996365,29483665
2025-05-26,158.80653381347656,161.77726322151975,158.35702516149206,159.3830995617113,25581584
2025-05-27,157.97592163085938,160.1648645586298,156.95961391920423,158.8065419700382,23296776
2025-05-28,157.56549072265625,158.9824435439945,156.98892495984478,158.69904403309386,13044476
2025-05-29,159.4026336669922,160.21372048515627,157.8195568159793,158.4938347076491,26455081
2025-05-30,157.35049438476562,160.15508473744737,156.8521073109064,159.3928614714847,32739340
2025-06-02,155.41561889648438,156.4710084844399,153.71528143065774,155.3765370203625,31365564
2025-06-03,153.76414489746094,156.9889290186899,153.58823917734452,155.41561883418166,28398746
2025-06-04,154.57521057128906,155.356982261193,153.23643643090236,153.9107143270563,16660138
2025-06-05,154.37001037597656,155.46448183590726,153.47097811802558,155.23972749918335,23708504
2025-06-06,157.49000549316406,157.8800048828125,154.25,155.6999969482422,25804151
2025-06-09,157.32000732421875,158.1999969482422,156.82000732421875,157.69000244140625,15315437
2025-06-10,155.67999267578125,159.3000030517578,155.5,158.0,22764080
2025-06-11,156.41000366210938,157.52999877929688,155.30999755859375,156.4499969482422,17605668
2025-06-12,152.88999938964844,156.25999450683594,151.85000610351562,156.0,27846151
2025-06-13,152.1300048828125,152.5,149.8000030517578,149.8000030517578,24277592
2025-06-16,154.1699981689453,154.5,150.83999633789062,152.00999450683594,16188193
2025-06-17,152.60000610351562,154.88999938964844,152.35000610351562,153.80999755859375,16740382
2025-06-18,152.11000061035156,153.1999969482422,150.8000030517578,152.1999969482422,14860746
2025-06-19,151.0,152.4499969482422,150.5,152.0,20145922
2025-06-20,151.97000122070312,153.1699981689453,150.6300048828125,150.75,29944714
2025-06-23,152.42999267578125,153.3000030517578,150.47999572753906,150.5,17096676
2025-06-24,154.7899932861328,156.97000122070312,153.63999938964844,153.8000030517578,25403324
2025-06-25,156.38999938964844,156.89999389648438,155.50999450683594,155.89999389648438,18240433
2025-06-26,160.5399932861328,161.10000610351562,156.4499969482422,156.8699951171875,40650557
2025-06-27,161.4499969482422,163.3000030517578,160.6999969482422,161.0,31989509
2025-06-30,159.75999450683594,162.1999969482422,159.5,160.99000549316406,15842285
2025-07-01,160.05999755859375,160.44000244140625,157.72999572753906,160.00999450683594,17823415
2025-07-02,165.8800048828125,166.14999389648438,159.8300018310547,160.05999755859375,63315210
2025-07-03,165.91000366210938,168.77999877929688,165.2100067138672,166.0,60571824
2025-07-04,163.00999450683594,166.49000549316406,162.0,165.91000366210938,22938753
2025-07-07,162.39999389648438,163.35000610351562,160.0500030517578,163.0,17469909
2025-07-08,161.97000122070312,162.89999389648438,161.60000610351562,162.4499969482422,11398248
2025-07-09,159.0,161.9499969482422,157.50999450683594,161.9499969482422,29839077
2025-07-10,160.66000366210938,161.5500030517578,159.27999877929688,160.0,17566887
2025-07-11,159.83999633789062,161.6199951171875,159.32000732421875,160.63999938964844,20689511
2025-07-14,160.44000244140625,161.1199951171875,159.3000030517578,159.83999633789062,15152964
2025-07-15,159.0,160.85000610351562,157.9499969482422,160.25999450683594,17993051
2025-07-16,157.3300018310547,159.27000427246094,157.0,159.0,14591157
2025-07-17,159.89999389648438,160.6999969482422,157.1199951171875,157.5,21733241
2025-07-18,162.3699951171875,162.75,160.10000610351562,160.10000610351562,30728478
2025-07-21,163.02000427246094,165.60000610351562,162.49000549316406,162.5,29812899
2025-07-22,163.0399932861328,164.41000366210938,162.72999572753906,163.3000030517578,13615524
2025-07-23,162.77000427246094,164.13999938964844,161.8800048828125,163.25,14287149
2025-07-24,163.47999572753906,164.75,162.80999755859375,163.0,14377270
2025-07-25,161.42999267578125,163.58999633789062,161.0500030517578,163.5,12443495
2025-07-28,159.67999267578125,162.2899932861328,159.08999633789062,161.22999572753906,19296285
2025-07-29,161.69000244140625,162.4499969482422,158.1999969482422,158.1999969482422,15262937
2025-07-30,161.36000061035156,162.7899932861328,161.0500030517578,161.69000244140625,16083106
2025-07-31,157.94000244140625,162.1300048828125,156.55999755859375,161.0,26213891
2025-08-01,153.00999450683594,157.92999267578125,152.50999450683594,157.92999267578125,23927359
2025-08-04,159.55999755859375,159.9199981689453,153.5,153.5,30064719
2025-08-05,159.6199951171875,160.13999938964844,158.27999877929688,159.55999755859375,14441034
2025-08-06,158.66000366210938,159.8000030517578,157.8000030517578,159.6199951171875,13438851
2025-08-07,159.6699981689453,160.0,156.25999450683594,157.14999389648438,23159540
2025-08-08,157.9499969482422,159.9499969482422,157.00999450683594,159.5,11951173
2025-08-11,158.52000427246094,160.0,157.14999389648438,157.9499969482422,14325736
2025-08-12,160.16000366210938,161.64999389648438,158.5,158.52000427246094,20056598
2025-08-13,160.17999267578125,162.39999389648438,159.89999389648438,160.9600067138672,18079396
2025-08-14,155.3000030517578,160.60000610351562,154.8300018310547,160.02000427246094,47256126
2025-08-18,157.9600067138672,159.0,156.0,158.0,61022494
2025-08-19,159.22999572753906,159.4600067138672,156.75999450683594,158.5,21224239
2025-08-20,161.9199981689453,162.75999450683594,158.02999877929688,158.1999969482422,28520245
2025-08-21,161.50999450683594,162.5399932861328,161.19000244140625,161.9199981689453,17282594
2025-08-22,158.5500030517578,161.27999877929688,158.10000610351562,161.25,16063984
2025-08-25,159.6300048828125,160.3300018310547,158.63999938964844,159.1999969482422,16376542
2025-08-26,155.02999877929688,159.16000366210938,154.63999938964844,159.16000366210938,19621100
2025-08-28,153.6300048828125,155.8699951171875,153.16000366210938,155.77999877929688,22269875
2025-08-29,154.47999572753906,155.10000610351562,153.0500030517578,154.5,16971859
2025-09-01,156.1699981689453,156.36000061035156,153.6999969482422,154.47999572753906,10798622
2025-09-02,158.38999938964844,159.07000732421875,155.5,156.1699981689453,21202113
2025-09-03,167.85000610351562,168.0,158.39999389648438,158.39999389648438,82352014
2025-09-04,166.80999755859375,169.3000030517578,166.6199951171875,169.0,26316842
2025-09-05,167.67999267578125,168.0,165.94000244140625,167.0,16798170
2025-09-08,168.82000732421875,172.5,168.4600067138672,170.0,36402317
2025-09-09,169.14999389648438,169.72000122070312,167.99000549316406,169.3000030517578,14028910
2025-09-10,169.42999267578125,170.72999572753906,168.75,169.19000244140625,13128306
2025-09-11,169.41000366210938,170.89999389648438,168.4600067138672,169.35000610351562,13829526
2025-09-12,169.77999877929688,171.0,168.6300048828125,169.60000610351562,12119036
2025-09-15,169.22999572753906,170.1999969482422,168.6300048828125,169.77000427246094,10611401
2025-09-16,172.02000427246094,172.27000427246094,169.02000427246094,169.38999938964844,26629438
2025-09-17,171.36000061035156,172.89999389648438,169.35000610351562,172.5,21381306
2025-09-18,172.02999877929688,172.1999969482422,169.80999755859375,171.4600067138672,16413388
2025-09-19,171.47999572753906,172.6699981689453,170.60000610351562,172.10000610351562,25406461
2025-09-22,171.38999938964844,172.2100067138672,170.50999450683594,170.8000030517578,20970704
2025-09-23,173.2899932861328,173.80999755859375,171.1999969482422,171.4499969482422,24533561
2025-09-24,172.66000366210938,174.44000244140625,172.3800048828125,173.16000366210938,20168891
2025-09-25,172.3800048828125,173.85000610351562,171.86000061035156,172.89999389648438,17026549
2025-09-26,167.39999389648438,173.3699951171875,167.1999969482422,172.22000122070312,20157657
2025-09-29,168.97999572753906,170.27999877929688,167.55999755859375,167.60000610351562,16832342
2025-09-30,168.77000427246094,170.14999389648438,168.41000366210938,169.5,24553596
2025-10-01,167.50999450683594,169.74000549316406,166.1300048828125,169.0,17542776
2025-10-03,173.2100067138672,174.74000549316406,168.1199951171875,168.1199951171875,55172705
2025-10-06,170.05999755859375,173.47999572753906,169.3000030517578,173.3000030517578,21474004
2025-10-07,171.42999267578125,172.1999969482422,170.39999389648438,170.39999389648438,19189843
2025-10-08,171.94000244140625,173.6300048828125,170.05999755859375,172.0,22662699
2025-10-09,176.4199981689453,177.82000732421875,172.77999877929688,172.7899932861328,68504717
2025-10-10,173.86000061035156,176.13999938964844,172.89999389648438,176.0,18085975
2025-10-13,173.02999877929688,173.8000030517578,170.91000366210938,173.0,19386219
2025-10-14,170.50999450683594,176.4499969482422,169.25,174.91000366210938,22082970
2025-10-15,173.24000549316406,174.0,170.11000061035156,170.8300018310547,15031989
2025-10-16,174.0,174.49000549316406,172.22000122070312,173.0,12205250
2025-10-17,172.22000122070312,174.30999755859375,170.99000549316406,173.60000610351562,21659007
2025-10-20,171.9499969482422,173.3000030517578,170.82000732421875,173.3000030517578,18049579
2025-10-21,172.77999877929688,173.25,172.10000610351562,172.39999389648438,2471987
2025-10-23,174.16000366210938,176.0800018310547,173.63999938964844,173.89999389648438,31472510
2025-10-24,174.44000244140625,177.35000610351562,173.72000122070312,174.60000610351562,25226376
2025-10-27,176.66000366210938,177.89999389648438,175.52999877929688,175.88999938964844,23832477
2025-10-28,181.80999755859375,182.05999755859375,177.02000427246094,177.35000610351562,59511794
2025-10-29,185.19000244140625,186.94000244140625,182.0500030517578,183.6699981689453,51610530
2025-10-30,184.35000610351562,185.19000244140625,182.63999938964844,184.39999389648438,24270977
2025-10-31,182.83999633789062,184.3000030517578,182.1199951171875,184.0,16041321
2025-11-03,182.6699981689453,184.10000610351562,181.8000030517578,182.39999389648438,16652212
2025-11-04,179.2899932861328,183.08999633789062,178.89999389648438,183.0,18746387
2025-11-06,177.27000427246094,180.6699981689453,176.52000427246094,179.2899932861328,23664538
2025-11-07,181.3699951171875,182.25,175.00999450683594,177.0,19165876
2025-11-10,181.47999572753906,182.50999450683594,180.1999969482422,182.02999877929688,18376132
2025-11-11,181.0399932861328,182.89999389648438,179.02000427246094,182.89999389648438,14109340
2025-11-12,178.61000061035156,182.14999389648438,178.0,181.44000244140625,19037263
2025-11-13,176.64999389648438,184.0,175.10000610351562,184.0,82083661
2025-11-14,174.25999450683594,177.6999969482422,172.1199951171875,177.52000427246094,38345500
2025-11-17,173.1699981689453,175.25,172.6199951171875,175.1300048828125,28204282
2025-11-18,172.4499969482422,173.1199951171875,170.5500030517578,172.39999389648438,34278387
2025-11-19,173.2100067138672,173.89999389648438,172.05999755859375,172.4499969482422,19621610
2025-11-20,172.4600067138672,174.36000061035156,172.25999450683594,174.10000610351562,15968891
2025-11-21,168.0,171.89999389648438,167.6999969482422,171.8000030517578,28412865
2025-11-24,165.36000061035156,168.3800048828125,165.17999267578125,168.0,31202769
2025-11-25,166.3300018310547,167.27000427246094,165.0800018310547,166.0,19983310
2025-11-26,169.6699981689453,169.9499969482422,166.89999389648438,167.0,15044796
2025-11-27,168.1300048828125,171.0,167.17999267578125,170.4499969482422,17546627
2025-11-28,167.9600067138672,169.0,167.2899932861328,168.1300048828125,11975539
2025-12-01,168.6300048828125,169.64999389648438,167.6999969482422,169.0,11758473
2025-12-02,167.77999877929688,168.85000610351562,167.0,168.42999267578125,15355023
2025-12-03,166.9199981689453,167.99000549316406,165.0,167.77999877929688,18873943
2025-12-04,166.77000427246094,167.97000122070312,166.1999969482422,167.8000030517578,11419966
2025-12-05,167.11000061035156,167.64999389648438,165.0,167.0,33500436
2025-12-08,163.47000122070312,168.1999969482422,163.0,167.08999633789062,15772400
2025-12-09,160.6699981689453,163.38999938964844,160.05999755859375,163.38999938964844,25766371
2025-12-10,162.22999572753906,163.67999267578125,160.80999755859375,161.0,22537548
2025-12-11,166.3800048828125,166.66000366210938,163.1699981689453,163.5,32603566
2025-12-12,171.88999938964844,172.5,167.39999389648438,167.60000610351562,41130927
2025-12-15,172.8699951171875,173.1699981689453,170.5,170.9499969482422,23254201
2025-12-16,169.8300018310547,172.6999969482422,169.25,172.6999969482422,22981935
2025-12-17,170.33999633789062,171.3000030517578,169.66000366210938,170.08999633789062,11624504
2025-12-18,168.1199951171875,170.4499969482422,167.55999755859375,169.9199981689453,13152378
2025-12-19,168.69000244140625,169.6199951171875,167.8300018310547,169.14999389648438,28448892
2025-12-22,169.22000122070312,171.4600067138672,169.0,169.0399932861328,23729300
2025-12-23,170.89999389648438,171.35000610351562,169.25,169.35000610351562,17348078
2025-12-24,170.07000732421875,171.64999389648438,169.6699981689453,171.35000610351562,17430406
2025-12-26,169.1199951171875,169.89999389648438,167.82000732421875,169.88999938964844,16904834
2025-12-29,172.3000030517578,174.1300048828125,169.2899932861328,169.50999450683594,48001907
2025-12-30,175.8000030517578,176.35000610351562,170.8000030517578,172.77999877929688,33741158
2025-12-31,180.0800018310547,181.39999389648438,178.5,180.0,50897201
