Price,Close,High,Low,Open,Volume
Ticker,TECHM.NS,TECHM.NS,TECHM.NS,TECHM.NS,TECHM.NS
Date,,,,,
2015-01-01,462.629150390625,465.99915505394,460.168490644405,461.63953202687765,489388
2015-01-02,464.8937072753906,466.98882706079127,461.28296892182783,461.28296892182783,1025204
2015-01-05,457.1373596191406,467.11368841466697,455.57716385252235,463.6010277951304,770804
2015-01-06,452.23388671875,458.07347658175206,448.507265104573,455.5860874686939,1959932
2015-01-07,450.1208801269531,459.10763308674035,448.12383842441517,453.7940438278087,1331532
2015-01-08,457.6543884277344,460.0169703447812,450.7627989656233,450.7627989656233,1760940
2015-01-09,477.9279479980469,479.6307548672204,457.8950233151169,457.8950233151169,3004040
2015-01-12,491.0603332519531,491.95187343578016,478.75707871513947,480.89677515632445,3457052
2015-01-13,492.32647705078125,494.3056706996338,487.6726185613008,492.8435530908356,3020512
2015-01-14,497.7559509277344,498.5404891007189,490.61470330886607,492.8435544051266,1642216
2015-01-15,496.0173645019531,499.2625624514393,493.3962447555312,498.7365623867333,2348088
2015-01-16,502.2848815917969,502.8198057725224,494.02032911893247,496.5879477735184,3840948
2015-01-19,499.3071594238281,502.8287437104527,496.2491935194789,501.93720338472497,1066204
2015-01-20,499.5836486816406,502.81992331869,498.38006899364274,498.38006899364274,1248036
2015-01-21,498.6385192871094,502.0976784428405,497.0872477797917,499.4409056045748,2102312
2015-01-22,491.7913513183594,500.15397977043466,490.16873097644384,498.6740145463079,2468964
2015-01-23,495.8301086425781,499.9757707934151,492.13021661548703,494.0648763654398,1997508
2015-01-27,502.2314758300781,502.8109771358988,492.21949375933843,495.66977279304723,1976488
2015-01-28,512.3414916992188,514.4187632262128,500.385927334428,500.385927334428,2378628
2015-01-29,517.8778686523438,522.4425720187129,512.6356295405459,513.1705536757187,3780160
2015-01-30,511.4767761230469,533.408672048839,505.8867998705241,522.6210321829005,4703872
2015-02-02,516.2108154296875,534.0505475304338,512.1275342805607,529.9316134717757,7806000
2015-02-03,520.508056640625,521.5511764063375,511.7442312089534,520.4813278393501,2436904
2015-02-04,508.57916259765625,521.5510739234445,506.4127370881015,521.5510739234445,1751448
2015-02-05,511.3428955078125,517.2627138891025,507.2863874883538,508.3740839745982,1602784
2015-02-06,510.0234680175781,520.8289101474494,508.1690381062893,511.7441233539382,1711276
2015-02-09,502.90899658203125,512.4574026127362,501.2418422161903,506.3949281211451,1355964
2015-02-10,492.5759582519531,500.4393601929602,490.07964570334593,500.1540499173678,2848392
2015-02-11,506.7069396972656,509.6044457305481,493.88660733828476,493.91333613492594,2885288
2015-02-12,518.7517700195312,519.7681174948033,507.3935526249802,509.96117188169376,1398956
2015-02-13,514.695068359375,521.0873853099815,513.9372592088233,520.6594634378582,1367488
2015-02-16,517.0131225585938,525.6432148904667,515.6223110420385,516.2018122129166,1739352
2015-02-18,515.7114868164062,519.7679951836197,509.42612769797654,513.3489050201171,4645928
2015-02-19,504.63861083984375,517.0934480267667,503.73818983373303,517.0934480267667,2996608
2015-02-20,501.0813903808594,503.9610921799682,498.2373850258749,501.045737468984,1555608
2015-02-23,495.47357177734375,506.7515577116369,492.5404126004866,501.04569921523563,2152512
2015-02-24,497.71136474609375,500.6980251601173,495.8747827701253,497.48847964056955,1746308
2015-02-25,492.5848693847656,500.6889608458557,490.73936381490773,500.1540367423879,2624308
2015-02-26,490.0084533691406,494.769270411402,488.5641405043861,494.769270411402,4260476
2015-02-27,505.6370849609375,508.1779748351131,488.8672030849305,490.8731687750691,2109468
2015-03-02,509.97003173828125,516.2018904135081,507.9729899533207,513.3133082305967,1640164
2015-03-03,518.6090698242188,519.5184584786869,505.51234957120846,513.8839055297914,2013832
2015-03-04,513.4381103515625,524.0474409874083,510.9596454814648,518.8765067279204,2200520
2015-03-05,513.1974487304688,519.375850612677,508.3742493748764,513.5273361335941,1725044
2015-03-09,501.2864074707031,510.31769375760405,495.87474016069075,510.31769375760405,2569948
2015-03-10,506.3592529296875,507.464754228938,490.96233406645007,490.96233406645007,2513260
2015-03-11,520.953857421875,524.8944839542285,501.9373154415806,506.41286628879186,5020084
2015-03-12,509.4261474609375,524.2346411329552,508.57918414261775,523.9315261254787,4443664
2015-03-13,502.54345703125,513.170635626688,500.6890704794092,513.170635626688,2839984
2015-03-16,504.24615478515625,506.4750050277861,501.93707464023805,506.03815908667696,4702048
2015-03-17,510.4781188964844,513.8481672926274,504.7722610733329,507.10811403258174,5144028
2015-03-18,499.35174560546875,513.5272370447241,497.4795108870765,512.4573886342142,15227544
2015-03-19,490.0977478027344,499.9046950382145,488.56428045846496,495.6966057206323,5621879
2015-03-20,483.7854919433594,492.1303191041842,480.00536921321157,491.38143384677954,3616042
2015-03-23,468.450927734375,488.8850488760011,463.74361235112445,487.8508534188842,3672301
2015-03-24,470.483642578125,476.08249798800966,465.0273987837937,471.4464886443062,3793847
2015-03-25,468.12994384765625,472.87295545935245,464.3141689352013,472.87295545935245,3053431
2015-03-26,464.4212341308594,474.2994841702284,462.28153720979066,467.8803934070223,3774322
2015-03-27,460.6766662597656,471.7317646606427,455.75534697809366,466.45382930152306,3223159
2015-03-30,447.1609802246094,465.5623640776449,441.2411610921542,462.10320498226696,3887546
2015-03-31,449.1224670410156,456.1834419340703,446.84011457297925,451.547431168349,3125329
2015-04-01,451.2621765136719,455.54157118230364,448.62320776156486,449.6930564287228,4892589
2015-04-06,458.8580017089844,461.8179332889084,452.97383499140363,452.97383499140363,5050758
2015-04-07,465.63360595703125,467.8803047111457,459.9990979190289,460.9975968402287,1922672
2015-04-08,479.50604248046875,482.1450105642661,467.88036528129965,468.5579446386891,3505745
2015-04-09,478.1509094238281,485.4258434203973,472.7303182995863,484.92661567994963,1882337
2015-04-10,470.8760070800781,480.32633573571366,467.16719014651113,478.4362525916873,1675314
2015-04-13,473.8714904785156,481.0038124692685,464.06454774123046,474.0854514317905,1357726
2015-04-15,470.62628173828125,479.04245709598933,467.8803549945787,473.8715232946011,3785304
2015-04-16,467.9159851074219,473.7644979664096,459.67816174535335,472.6589967415847,1850395
2015-04-17,457.21759033203125,465.74072564094536,452.2963132248525,465.0274932892747,2224178
2015-04-20,450.9766540527344,457.1817821107623,443.9869880872848,457.1817821107623,2301636
2015-04-21,454.68560791015625,459.4999261115579,443.6305068550858,445.09262441721035,1504719
2015-04-22,449.19366455078125,453.54440741650484,444.05838361909935,452.90248097545384,3464944
2015-04-23,438.7805480957031,454.542965534076,435.8919657999965,450.97680380301904,3887545
2015-04-24,419.0240173339844,438.4239465025352,412.3196156437409,436.2842493927447,3375425
2015-04-27,418.8455505371094,425.40729456061234,403.04744211630316,421.5914767079845,4643882
2015-04-28,434.0731201171875,436.49812712522396,413.6746956415521,419.3092477019799,1776573
2015-04-29,439.99298095703125,447.0896068335635,429.4371091066753,433.64519668476913,1729917
2015-04-30,443.16680908203125,446.3407010714957,426.72681561465095,439.35103423332237,2983762
2015-05-04,436.3199462890625,445.6632738641247,430.07916242305635,444.27250542836043,2859253
2015-05-05,435.0360107421875,442.203986002391,431.39850022185556,440.06428929592784,2826920
2015-05-06,434.2872314453125,439.6007780689142,427.9394455895009,436.49823450129094,3148933
2015-05-07,438.10296630859375,440.777587592529,427.9394054296398,429.3658701144053,1954517
2015-05-08,443.2025146484375,445.69882739437315,439.3510432846696,443.63043656341637,1400231
2015-05-11,450.2635192871094,456.39734287318174,440.77753888803863,445.7701647330488,2019842
2015-05-12,439.4937438964844,455.61277616760947,436.5338124929366,451.4760376100171,2539734
2015-05-13,439.6007080078125,443.6304878911038,435.8205855473437,442.8816026871256,2839628
2015-05-14,438.95880126953125,440.38526578350667,432.71801902088885,438.6378380474384,1443799
2015-05-15,441.02703857421875,443.5947001775935,436.56933808110085,436.8903012230516,1245727
2015-05-18,436.9261169433594,442.917286051643,431.5055685366248,439.6364346789743,2241358
2015-05-19,441.6690673828125,445.02126763823003,434.5723978439718,436.49813361046625,1760702
2015-05-20,457.0391845703125,458.6083041151012,442.88154282817726,442.88154282817726,2353164
2015-05-21,467.5950927734375,470.37671624144076,457.1819182877385,458.7153851925537,2427489
2015-05-22,475.7615966796875,477.1524083701751,462.17453008052837,467.0958503600245,1589768
2015-05-25,462.4954528808594,477.08106083685146,449.7999277661888,474.1924354506355,1795055
2015-05-26,456.64697265625,466.27560854982187,448.62310941160683,449.33634170001955,2608856
2015-05-27,391.6358642578125,412.6762184907136,388.7829348703005,411.0001398884494,22929044
2015-05-28,388.7828674316406,399.3387391602013,385.85863272958056,392.2777227380209,11498735
2015-05-29,395.4160461425781,397.19912708021195,390.0668033296766,392.24215336713996,4961544
2015-06-01,392.7057189941406,398.69688821564716,390.8513322758044,398.69688821564716,1842699
2015-06-02,391.84979248046875,397.91226624835076,388.17662919644454,392.9909466003508,2276829
2015-06-03,390.38763427734375,395.7012229693444,385.1810478301628,394.346107884319,3675701
2015-06-04,397.44873046875,399.2674642705019,390.8513311742934,393.59725833260035,2352012
2015-06-05,394.7740478515625,398.6968252014877,392.99096723796015,397.9835929560467,1385964
2015-06-08,392.66998291015625,396.16483813782145,389.7100953700521,395.7725691303666,1412942
2015-06-09,385.5021057128906,392.91973996096937,370.2032622838846,391.8855442919223,3680213
2015-06-10,396.7710876464844,398.55416825206106,385.50202692568774,385.50202692568774,2135795
2015-06-11,397.6626892089844,402.4770075856846,393.989568714999,396.057916416751,2140594
2015-06-12,393.31201171875,398.3402913815749,387.57049966312013,393.70428082834263,1974142
2015-06-15,395.1663818359375,400.1233554630074,389.42487002282,392.9910318362158,1749558
2015-06-16,393.31201171875,395.84397800675754,389.67450039609434,395.84397800675754,1591051
2015-06-17,391.6715087890625,396.8424426185758,389.56746493819145,394.77405167387366,1913683
2015-06-18,386.0013122558594,392.02813362859126,385.2167306414945,390.28070586505464,3012586
2015-06-19,388.1053771972656,392.70569075079345,386.6075632334874,388.67595433631413,2307788
2015-06-22,393.31201171875,394.0608970247451,387.32084220628803,388.71165407870785,1939726
2015-06-23,394.8453674316406,398.41152878319895,391.3149025193923,393.7042132120392,760738
2015-06-24,388.9255676269531,394.4174650877891,385.9656796773774,394.4174650877891,3296386
2015-06-25,377.8703918457031,389.03249262711637,376.5865826567298,387.9982972826913,5294305
2015-06-26,372.1645812988281,382.1498328512886,370.9164248547705,377.19285998129726,3503690
2015-06-29,344.7408447265625,369.1690298142449,333.1508195769468,367.31464320320475,11484481
2015-06-30,340.7823791503906,350.6963253854107,336.6456405785438,338.7853374466278,12372399
2015-07-01,346.7378845214844,348.30700431612513,339.355925730631,339.96217754974776,4380793
2015-07-02,341.852294921875,349.4125630315373,340.46150474333837,348.7706581978953,2751848
2015-07-03,336.3603820800781,343.77799419920126,334.50597360876634,342.3515294929805,2800735
2015-07-06,331.3320617675781,334.9695509112828,327.01701498728124,331.6530250143637,2655385
2015-07-07,336.2176513671875,339.9977950490868,331.33200649278245,331.652969686023,2972045
2015-07-08,335.43310546875,337.1805331199763,328.3007832451651,335.0764893575708,3449261
2015-07-09,338.2860412597656,341.56691390277376,336.00371116132726,338.07208029514095,2410385
2015-07-10,338.0721130371094,340.92504226105126,334.5059515071821,340.92504226105126,1847909
2015-07-13,339.3559265136719,340.2118139974732,334.93389922369295,338.1077699633667,2244361
2015-07-14,340.1405029296875,343.06475991419757,338.78536581963374,341.6026423050045,2094711
2015-07-15,342.3158264160156,345.9176405649341,340.60405160650896,340.9250148248217,1691337
2015-07-16,350.76763916015625,353.5849154735046,342.4941618287424,344.77649214681,2547683
2015-07-17,358.1496276855469,360.7529214642378,351.6235558998595,352.3011353529723,5006283
2015-07-20,357.1867370605469,359.61174436084104,350.4467046979002,358.39924071069396,3004605
2015-07-21,363.3204650878906,371.2373465726345,356.4377789619099,358.6844559568203,3506058
2015-07-22,363.85540771484375,366.20908706839896,354.97567975668267,364.10504334166137,2086049
2015-07-23,360.8963928222656,369.73747055448456,360.1385949695703,365.8401835510294,2670981
2015-07-24,368.8352355957031,371.6499630351889,357.25163091841284,359.7776525511693,2285622
2015-07-27,374.9700012207031,378.90338805919475,366.7063119724183,368.79929771094953,4208795
2015-07-28,377.8568420410156,382.29544171202116,373.6347938078802,376.73818383013077,6316959
2015-07-29,379.3002624511719,381.79020739643215,377.17117781536,378.1455270810692,2061983
2015-07-30,378.43426513671875,384.53281440505964,374.8617825937418,381.7902843108155,6558111
2015-07-31,383.0171203613281,383.95534830463845,379.22808731884817,380.9963115487378,1229591
2015-08-03,377.8928527832031,385.03790366726184,376.3772572867424,381.7901612745671,811778
2015-08-04,391.20867919921875,396.2246466508583,378.2899056748646,378.90335062240547,2145670
2015-08-05,397.3793640136719,403.29748203078,391.17258417276076,392.5438709994031,2640419
2015-08-06,385.32666015625,402.0344662315975,383.3058071615345,401.2766683837448,1547635
2015-08-07,386.22882080078125,393.62645741220166,383.55844560415323,385.97619214482603,1367440
2015-08-10,383.19757080078125,391.28085052957044,380.238489837836,387.16703419836847,600681
2015-08-11,390.1982116699219,393.3376782708532,383.2335911226111,384.1718189763116,1434009
2015-08-12,402.39532470703125,403.6222585766958,386.9505297987564,393.3377396947684,3674098
2015-08-13,397.8845520019531,409.57643435664926,392.2551402164562,401.9983681703148,2714434
2015-08-14,400.591064453125,405.75138506187614,388.2857353672594,394.0595009489287,2257748
2015-08-17,398.31756591796875,407.5555796087417,396.2245588249931,404.0913299809923,2144457
2015-08-18,405.93182373046875,407.05048202525813,398.38983347152924,398.38983347152924,2130201
2015-08-19,404.38006591796875,407.98866911918265,402.03447383717963,407.98866911918265,1599058
2015-08-20,403.36962890625,415.53060242974294,400.62705560392567,414.98931202275674,2873282
2015-08-21,406.36480712890625,410.7673295669699,393.3738353024228,400.26625876696266,1329500
2015-08-24,377.9290466308594,402.6118583153833,374.9699654523654,396.22464800322444,3422600
2015-08-25,381.0685119628906,392.2551822951346,355.591781242105,382.5119532960834,3057676
2015-08-26,366.12884521484375,384.6409959036505,364.46889667372227,382.51191136054024,2169411
2015-08-27,374.9700012207031,381.06855027667586,370.6035995588505,370.6035995588505,2967588
2015-08-28,372.62432861328125,382.11497191057134,369.52093891294527,379.6250270863461,1642669
2015-08-31,371.68609619140625,378.9033019426957,369.5209344660194,372.69652261671797,2104443
2015-09-01,369.73748779296875,377.8207680493638,365.26283288599416,368.0775390738787,1340532
2015-09-02,386.8422546386719,389.6569826936752,371.10875383843387,374.5730040251319,2308033
2015-09-03,390.0179138183594,398.8950702992578,381.1046360594215,391.1726494068047,2220020
2015-09-04,382.00677490234375,395.1781782704743,379.6972597482752,389.7291955501645,1438221
2015-09-07,388.28570556640625,390.55914320983686,375.29473400470494,381.7902197855556,1222028
2015-09-08,387.70831298828125,392.50772852157047,383.2336364829344,388.2856806550258,1074692
2015-09-09,384.9658203125,395.28641701143374,383.0893201533907,395.28641701143374,1271196
2015-09-10,385.2544250488281,387.9247999234831,379.33630766318583,383.9553368544986,929833
2015-09-11,378.939453125,389.40440350697975,376.7382137512716,384.6771416272562,873940
2015-09-14,379.4806823730469,382.1510574010236,372.4439065285521,379.62503530299983,1784462
2015-09-15,390.3786926269531,392.1829941383546,380.7436961258714,381.7180453722261,1366805
2015-09-16,392.7243347167969,395.2864343799323,390.23438950319496,392.435628817992,722804
2015-09-18,405.24615478515625,407.30304106731603,393.518193938747,393.518193938747,1907266
2015-09-21,409.5765075683594,417.80414137577037,396.2246742819899,399.11155715471847,995389
2015-09-22,402.5757751464844,416.79368095178955,399.36410940094504,414.12330570099283,1172885
2015-09-23,401.34881591796875,404.88526454751775,390.1260691777427,397.6680584058508,943910
2015-09-24,409.4682312011719,411.38080872150306,396.91031715461224,404.1636015509504,1226153
2015-09-28,413.8346252441406,420.04140501774106,411.525110427104,413.7985039725167,1603999
2015-09-29,411.66949462890625,415.78326727599836,406.04003806909367,413.14901321692486,1765081
2015-09-30,402.2509765625,415.49457658783894,399.25586237036475,415.49457658783894,2795413
2015-10-01,406.3287658691406,408.8547883923058,387.60010435160575,403.2253755793194,2014882
2015-10-05,411.30859375,414.98935124526065,404.9574171341562,407.4112848312168,2111594
2015-10-06,407.59173583984375,417.76797935356075,402.7201214672559,414.9893724796992,1834106
2015-10-07,408.7103271484375,411.1281173530649,404.59651131918923,408.6020954991805,1150506
2015-10-08,406.3287658691406,413.4016201239357,404.45230961492416,411.380810915471,1534024
2015-10-09,405.02960205078125,409.93729323008984,401.4209991174178,405.46261678265336,1124964
2015-10-12,406.1482849121094,411.38075948449995,402.7201119164052,406.0400091973756,758836
2015-10-13,404.8852233886719,407.66382985062063,400.7353302790732,405.6069439294717,639491
2015-10-14,395.53900146484375,407.3030394889729,393.4821151906546,403.44185155309725,950851
2015-10-15,393.55426025390625,400.55495934440654,389.5487194705287,396.5133413387221,1833925
2015-10-16,393.9151306152344,398.02894722069175,392.0747517273632,396.9463662219048,1934451
2015-10-19,390.8839111328125,404.1635895525298,385.4710059155911,393.91514686452354,1446786
2015-10-20,395.5750427246094,397.1628368526071,390.4508440914158,393.2655720478813,1060182
2015-10-21,389.33221435546875,396.3689907092878,386.48140897129093,395.50291711721275,1566054
2015-10-23,389.8013000488281,394.7811900850243,389.0074249649508,391.53344720498296,1229160
2015-10-26,391.6417541503906,393.3377801695195,389.440470782568,389.8013311313474,814364
2015-10-27,388.8630676269531,392.7964538805639,386.9144131109107,392.11081047024675,839550
2015-10-28,396.62164306640625,399.83330932502366,387.20319576331264,387.3475487283717,1731286
2015-10-29,396.22467041015625,401.67365296911754,393.4460632924418,396.94639112128584,3049427
2015-10-30,389.1157531738281,397.1268357385135,387.63619042194676,396.2246848167995,879393
2015-11-02,401.312744140625,402.35924785542727,384.2801550353976,390.4508575601546,1862983
2015-11-03,401.8179626464844,406.328716605246,395.86376742091903,402.93662081819093,1884815
2015-11-04,391.82208251953125,410.29810995636365,389.80122985116674,409.93724970134485,3424936
2015-11-05,386.0844421386719,394.74508930185215,384.6410009448085,393.69858562623534,1057337
2015-11-06,385.0018005371094,387.8164839911327,379.7332498203064,387.56389944216534,1218451
2015-11-09,384.24407958984375,386.0122598864416,374.60908278531053,378.1816087004671,2136740
2015-11-10,378.8672180175781,384.6409825164068,377.8567916101522,384.24404501717777,860680
2015-11-13,375.3307800292969,379.30024323209756,373.8512616455914,375.29470281024624,860928
2015-11-16,372.3716735839844,374.2481291267833,366.6339872180473,373.8511916908435,1347660
2015-11-17,377.8207092285156,380.88802157659813,372.4438823023998,372.4438823023998,2175347
2015-11-18,372.91302490234375,382.8006054570661,371.68609113126246,377.8207159363415,892774
2015-11-19,385.6874694824219,386.69785179587785,375.2946762133078,376.37725701007696,1214934
2015-11-20,386.04833984375,389.7290970288923,383.2336120784107,386.08441706118737,1126241
2015-11-23,389.00738525390625,393.15727851032545,386.1926574250735,386.8422235549049,839938
2015-11-24,387.9608459472656,392.43552185712656,384.28008901756266,386.1926219122815,985303
2015-11-26,382.2231750488281,392.6159683004405,380.38279650748484,388.2856451206562,3051131
2015-11-27,385.61529541015625,387.4556740711023,381.4293248743913,382.4397513021368,772320
2015-11-30,385.0018005371094,390.59513428138644,382.5118560602377,386.04830404771604,2080681
2015-12-01,391.2808532714844,391.9664526228802,384.67709195272636,384.67709195272636,1079295
2015-12-02,389.7290954589844,393.7707129028729,387.67220951974804,391.89425710042315,715680
2015-12-03,391.6056213378906,392.97690824298604,386.84228249447295,389.44045930900364,852540
2015-12-04,387.0948486328125,393.0490439280242,385.39882274461235,389.6930693736496,938866
2015-12-07,393.0851745605469,394.42034015961815,386.2288282997667,386.8422732398085,788606
2015-12-08,383.0171203613281,394.05943641791845,381.5014807141391,393.30163861948813,1061492
2015-12-09,380.5993347167969,387.9248163100389,378.9754633927084,383.2336324848943,1223560
2015-12-10,388.8269958496094,390.0900069730188,378.0372634424169,382.8006461094745,702931
2015-12-11,387.52789306640625,392.54386015113766,386.1926834983474,389.7291321322724,926348
2015-12-14,392.3634338378906,393.33773905762575,380.34676785939223,380.34676785939223,773988
2015-12-15,375.2586364746094,395.5028905859598,372.8408460234937,395.5028905859598,2697637
2015-12-16,377.71246337890625,383.23364366196495,375.36687139792434,377.13509570134596,1399927
2015-12-17,382.51190185546875,384.0636187001079,375.7277108816746,379.26415929254495,2067366
2015-12-18,377.640380859375,381.06855440754896,376.37736955215297,379.40860549955346,1534964
2015-12-21,376.6298828125,378.47030560877306,371.00047086300964,374.8617025577753,874232
2015-12-22,374.9700012207031,380.2024765796158,374.50090917045173,378.18166732003436,666767
2015-12-23,373.88739013671875,378.9394349058096,372.84088633876877,378.9033576818116,697224
2015-12-24,373.0934753417969,376.5577254336601,372.4078319573907,375.2947143756651,453150
2015-12-28,374.42864990234375,375.65558376987155,369.80966435151026,372.44391819174405,1083432
2015-12-29,374.5369567871094,376.7381960574548,373.8513133290452,375.9803981513142,570433
2015-12-30,379.0115661621094,381.06845211875606,374.7533972777729,374.9338274160867,1227498
2015-12-31,376.485595703125,379.62506291891833,375.5473236153406,377.6764083486216,421683
2016-01-01,375.3307800292969,378.8311512837819,374.2121219367551,378.8311512837819,312042
2016-01-04,372.696533203125,376.2329376915112,364.4689007928188,375.3307869469745,2684305
2016-01-05,376.666015625,377.67639808004117,372.8408610334686,373.0934896849776,1707124
2016-01-06,378.9754638671875,380.3467506071551,375.8720741428875,376.7381476602182,1456740
2016-01-07,368.6548767089844,377.0629393884291,363.74718539859316,376.0885901401992,2014798
2016-01-08,376.84649658203125,379.80553395326615,370.06230410363366,372.4078964748415,1426135
2016-01-11,366.12884521484375,373.1295437233949,365.082363578107,373.1295437233949,1791903
2016-01-12,366.20098876953125,367.5722533574662,359.41682026198805,366.5979482720667,1836753
2016-01-13,364.07196044921875,369.701372241364,358.5147030959445,366.63405973374904,1431164
2016-01-14,370.96441650390625,372.40785781325997,356.5660806330363,358.6951653743996,2022474
2016-01-15,375.6916809082031,382.47587273514023,369.41272437870805,374.57302269480743,1612782
2016-01-18,373.4182434082031,380.3106660946124,371.10872875638677,372.407816982306,1035936
2016-01-19,369.8818664550781,376.44950734175563,368.14974114402946,373.8513303877668,978429
2016-01-20,365.91241455078125,370.0983860255155,363.45856844403465,366.092844735471,2002842
2016-01-21,366.16497802734375,372.6243646622876,365.5875882893349,366.63409204717397,1873696
2016-01-22,371.1448059082031,372.9491073467457,363.5306626476192,370.24265518893185,894565
2016-01-25,371.361328125,378.0011664944919,370.60353030056626,373.1295524155653,689789
2016-01-27,363.0615539550781,372.11913904761116,361.5820354742816,370.964403660241,2171390
2016-01-28,360.8963928222656,367.53623143938614,357.9012566078124,364.4689187567796,2091098
2016-01-29,361.8707275390625,364.938040284899,355.77220129479326,360.86032303958496,1583928
2016-02-01,359.1281433105469,374.13994368246676,358.0816397227225,364.4327936580142,2717866
2016-02-02,342.42041015625,360.3912519805764,340.7243620307746,357.9734831229982,5733789
2016-02-03,340.7964782714844,344.1163754322133,335.960941411034,339.9304047359764,2019903
2016-02-04,338.8117980957031,345.63204562988165,335.6723085838583,345.63204562988165,1465102
2016-02-05,342.8894958496094,343.7555474413572,337.837451142996,340.57998088794784,1196754
2016-02-08,339.67779541015625,347.8693286113273,337.90959315824733,340.2912623241511,598666
2016-02-09,323.51123046875,337.6569573884228,322.2121423131849,335.6000494544757,2352111
2016-02-10,317.84576416015625,323.25866893817374,315.21148823988756,323.25866893817374,2686031
2016-02-11,311.7472229003906,319.79440320911414,309.61813831403936,317.8457487732955,1731120
2016-02-12,310.3398132324219,316.94355136477714,306.91164087694744,316.1135771995367,1443312
2016-02-15,310.556396484375,316.90755161579193,308.968624220396,311.89158413317955,1888109
2016-02-16,305.1795349121094,314.9588394244301,302.8700203727722,313.91235785595154,979478
2016-02-17,310.0150451660156,311.42240901100877,299.62227392850235,304.8186705598403,1169666
2016-02-18,309.90679931640625,314.5979828846162,305.21561574819634,313.91236157820657,1262032
2016-02-19,317.91790771484375,319.39742605759426,307.84989706000624,309.3294374279204,1644603
2016-02-22,311.5668029785156,318.9283401468265,307.84992413538686,317.95401289693024,1155619
2016-02-23,309.32940673828125,312.07193579304715,306.00948807582256,311.5667446646226,1074713
2016-02-24,304.60211181640625,308.89635737028635,301.9317593252641,306.7311959868498,822293
2016-02-25,300.45233154296875,305.86523702614863,296.6272204782558,304.49397204211016,2406282
2016-02-26,301.4988098144531,306.69520744717477,296.8437026840914,302.5813908191729,1912583
2016-02-29,299.9109802246094,306.00952797666287,294.0289618631097,301.31834417513386,1555018
2016-03-01,311.9637145996094,313.9484461557665,300.2357554041353,300.95747597001065,1570024
2016-03-02,328.77984619140625,332.5328025286549,313.2628516078662,316.43844021253835,2339747
2016-03-03,333.25445556640625,334.87832676299405,326.36203329762094,331.7749372862469,2371409
2016-03-04,325.6764221191406,333.43491860175726,324.73819414526224,331.99147739568906,2756908
2016-03-08,323.9443054199219,331.66670285617454,321.16567662164533,328.3828828378621,2050957
2016-03-09,334.9866027832031,337.4043711311005,319.0726728051602,320.37176103902175,4030260
2016-03-10,336.4300842285156,341.51822814160244,335.0227421441726,339.10045950419243,3266594
2016-03-11,330.5841064453125,339.2086762799427,328.81590422022845,337.7291578849577,1025718
2016-03-14,339.35302734375,340.8686229497367,330.5480274105219,331.99146857825343,5115313
2016-03-15,332.2079772949219,342.9977088776784,331.26974934214496,341.08515372768585,996244
2016-03-16,336.177490234375,338.5952589627209,329.46549659464966,329.8263569414127,1223337
2016-03-17,351.2974853515625,353.643077190068,339.93038644188175,339.93038644188175,2474194
2016-03-18,355.41131591796875,357.97341522087487,348.69930116747855,352.19965045924783,3064899
2016-03-21,353.71527099609375,359.7055431750215,350.7562121266181,355.4113188136731,1653354
2016-03-22,349.45709228515625,355.62779405690037,346.5702101416198,353.71523904184,2064995
2016-03-23,346.3537292480469,349.7819022733691,342.5646959042697,349.3127882644108,1458923
2016-03-28,342.60076904296875,350.21491237205856,334.87835000646095,347.8693204808495,3609846
2016-03-29,337.4765930175781,346.31767131206846,334.8783941749802,342.8894980958375,2044000
2016-03-30,341.2656555175781,345.5598806954547,336.14143387050336,339.93046774666044,3203825
2016-03-31,342.7812194824219,348.59106170070066,341.51820838930337,342.8172967035876,4630177
2016-04-01,334.22882080078125,343.575089538446,331.9914824919978,343.5390123178064,2394963
2016-04-04,339.6055908203125,342.0955354899565,336.4661240957565,337.76521225590636,1708093
2016-04-05,333.6153564453125,341.3738531068314,332.0636615180418,341.0129927969933,1430387
2016-04-06,326.9394226074219,335.85267617184024,323.6195035357353,334.51748869434886,2671558
2016-04-07,320.7687072753906,331.2697324684089,319.6500272077305,328.23849734817514,1891494
2016-04-08,328.996337890625,330.40367983686633,320.4439444282174,320.732628261408,2043759
2016-04-11,338.9200439453125,340.2191323907235,325.49603456700555,328.996384354855,1008816
2016-04-12,335.2030944824219,341.1572885976053,332.06360590756555,339.0282043160508,1901106
2016-04-13,340.2191162109375,341.08518981680214,336.2496525635301,338.84785135595735,1062026
2016-04-18,344.0442199707031,347.8693303533189,340.8325544799893,342.81728613656946,1780726
2016-04-20,348.98797607421875,352.56050173916435,343.5389945298715,346.4258768368452,1450742
2016-04-21,343.7916259765625,351.1170859547581,342.1677545615611,349.3127843825343,1179377
2016-04-22,346.3537292480469,352.0192406528231,342.52861868249056,344.2968210278204,2058353
2016-04-25,340.6521301269531,349.8179907434012,338.5591447494265,347.72498334070934,784214
2016-04-26,343.17816162109375,344.26074257257983,336.1053082147842,340.79649233789064,1123091
2016-04-27,345.8846130371094,349.38496250887175,341.66254293303166,344.26074161439993,955123
2016-04-28,346.5341491699219,349.1684250117879,337.9096010287351,346.4258954826166,4152895
2016-04-29,350.8644714355469,352.921379586637,343.5390116221661,344.2607322348177,2295767
2016-05-02,344.4050598144531,350.0344713686673,343.2503025141836,350.0344713686673,1076011
2016-05-03,337.1878356933594,348.879694900157,335.60004173958026,344.40504089206,1721645
2016-05-04,337.0074157714844,340.00255161463656,331.7749418439326,334.8783313633119,1379336
2016-05-05,345.956787109375,347.8693423667316,335.6000917023448,336.8991800214489,1484568
2016-05-06,341.409912109375,345.7041583773641,339.4973569743243,342.96162897900814,948747
2016-05-09,345.4154968261719,346.8950153029074,342.0955775336811,342.8894746291932,827632
2016-05-10,348.37451171875,350.46749686920776,343.28636872220164,346.0289199755281,2296911
2016-05-11,342.0233459472656,349.02404371790715,340.29122112493883,344.91022799286424,1749723
2016-05-12,347.2919616699219,349.60145437575306,340.29126303703674,340.29126303703674,1123199
2016-05-13,346.2815246582031,348.95189960797825,343.683348196455,347.86931874052846,1078921
2016-05-16,351.4419250488281,357.179591747677,344.8742618743668,345.7042363248101,1732776
2016-05-17,349.1684265136719,356.45780916750556,347.72498527628557,352.9213825409423,868879
2016-05-18,349.85406494140625,350.93664585406657,346.4258920513151,347.18368988011133,1371699
2016-05-19,349.3128356933594,351.8388582655221,347.25592719385025,349.45718865040766,1292336
2016-05-20,343.4308166503906,353.2462230655891,342.7090959143491,348.0859021827571,741237
2016-05-23,343.86376953125,347.14758926831735,341.2294718678149,345.0546040499028,1069529
2016-05-24,346.6063232421875,350.539709380041,335.3114000912804,343.5390106471239,2610091
2016-05-25,381.42938232421875,383.95540472371687,356.89087901480826,360.21079857346786,10804773
2016-05-26,391.38909912109375,394.7811949812736,375.4751676215861,382.5119439489488,3270866
2016-05-27,386.7700500488281,390.45080713552085,385.1100575878438,389.0073660740217,1572528
2016-05-30,392.29132080078125,407.05051954837467,386.12061694748303,386.69798476088783,2901801
2016-05-31,389.98175048828125,395.50293129159144,387.31141922165295,392.688203029054,2896981
2016-06-01,389.7290954589844,392.03861001991766,387.78044117162415,390.4508160061306,1093756
2016-06-02,394.1676940917969,398.75060194194936,387.5639334711797,387.5639334711797,1862166
2016-06-03,398.17327880859375,402.3953268572874,394.1677381379788,397.9928486518063,1706048
2016-06-06,389.4404296875,398.31762857098914,385.5792419831405,397.5237094572502,1614098
2016-06-07,387.0588073730469,393.2656318997893,385.0019209728161,393.2656318997893,1763517
2016-06-08,386.58966064453125,389.72912766391414,384.67708341641895,389.72912766391414,739380
2016-06-09,385.7236328125,388.2135780110195,381.28503293468987,388.2135780110195,1085142
2016-06-10,387.9608459472656,390.05385301729973,383.05315535755386,386.62568064245585,565211
2016-06-13,385.4710388183594,387.1310318002681,381.4654974257804,385.5432373242862,852440
2016-06-14,384.8935852050781,387.85266608016997,381.42933515282886,383.2697138633679,736886
2016-06-15,390.3786926269531,391.17256767183784,382.5119204171108,386.1205234399137,648970
2016-06-16,384.7491760253906,392.1468110560914,382.8727203694396,387.59998077411547,1181394
2016-06-17,386.3009033203125,391.1725167671357,384.1718190038583,384.7491866023058,946013
2016-06-20,392.8324890136719,396.11630872666,384.0274894384961,385.39877611220965,1592795
2016-06-21,386.12054443359375,392.8325376108776,384.6771031459915,392.54387578355653,1344360
2016-06-22,384.4966125488281,391.17252745465015,382.908818571973,390.3064540081541,1211966
2016-06-23,383.4862365722656,386.12053447432567,380.0941848741579,384.74924766634047,1027592
2016-06-24,365.94842529296875,373.09347692872063,356.2051970898508,370.24267171848305,3567473
2016-06-27,364.2162780761719,367.35576693338584,360.1385612961877,360.1385612961877,1135682
2016-06-28,361.5820617675781,369.9540040606257,360.9325175586579,364.4689444962614,1518673
2016-06-29,364.4327697753906,366.09271809023,360.3550313919105,364.1079867452362,1209538
2016-06-30,365.0101623535156,367.8609672907116,362.5563169276002,367.4279305625705,2334281
2016-07-01,369.0879211425781,372.80477793537494,365.40714157076206,366.77842837067635,715389
2016-07-04,374.6451721191406,378.1816209273347,368.4744693663661,368.7992524692138,1250195
2016-07-05,371.86651611328125,374.5729681956195,370.2787220815774,372.9851741639157,456205
2016-07-07,364.1441650390625,371.6861550536155,363.3863671252338,370.0983607268146,1036078
2016-07-08,362.9894104003906,366.2371533314105,360.13860501753993,361.58204632021545,733349
2016-07-11,366.9227600097656,369.80966452442595,364.0719767664887,365.1545577000493,729356
2016-07-12,366.05670166015625,369.44877530703553,364.4689075104408,367.46404363247376,931824
2016-07-13,365.5875549316406,369.16008065123447,364.4328196113186,367.35577918177586,1194115
2016-07-14,373.9595642089844,374.93386944496467,365.5515012009136,365.87628429635095,753846
2016-07-15,363.7832946777344,378.0372779013909,362.2315996432305,375.7999614459125,2417368
2016-07-18,365.6236572265625,368.0053263760526,363.0254586838322,364.5410763358552,1132642
2016-07-19,366.3454284667969,369.4488186391285,363.7833067894834,365.7680386968314,1013525
2016-07-20,364.72149658203125,367.78880902242355,363.81934586426877,363.9275995453675,1424321
2016-07-21,364.68536376953125,366.99487820448167,363.16976832332966,365.19057693503976,528981
2016-07-22,364.396728515625,366.99492709478034,364.0358682136636,365.91234618889604,1008674
2016-07-25,366.9227600097656,369.08792187688675,362.8811201194397,364.46891429872807,1028518
2016-07-26,362.66455078125,370.06218589668845,360.8602495335821,366.6340135261194,3069751
2016-07-27,363.9276123046875,365.51540643368315,361.6541968212529,362.3759174207664,744952
2016-07-28,358.9742431640625,368.91803489292795,356.4236209891334,368.1787201937437,1867921
2016-07-29,360.74853515625,362.9294994898598,356.7562186311005,361.487849688746,1134853
2016-08-01,362.3750915527344,364.4821429360818,351.9877291612394,358.7154973667988,2125956
2016-08-02,369.06585693359375,376.8286602249438,358.64151657279115,359.3068951996315,4792350
2016-08-03,367.3653564453125,372.57753700762413,364.5559704779168,370.54442221061515,1196987
2016-08-04,369.620361328125,372.54064060334696,365.3693021707215,368.84406742299603,793067
2016-08-05,365.9976806640625,375.2021563824183,364.70388012481277,371.13592611620487,1681614
2016-08-08,372.3558349609375,372.98425695286056,366.7000821578173,366.7000821578173,913042
2016-08-09,371.50555419921875,373.9452831422586,366.3673091511302,373.35384053851834,1299439
2016-08-10,367.5872497558594,372.6145803065875,363.37314726326935,372.6145803065875,1326514
2016-08-11,369.73126220703125,371.06201955661993,366.18253833797377,370.3966408818256,1681953
2016-08-12,364.7408142089844,372.6145091457782,361.081198397896,372.6145091457782,3618973
2016-08-16,357.0519714355469,363.55793045960695,353.57718402095986,362.67074397355805,2087382
2016-08-17,350.91571044921875,360.0462513142683,349.1044030096372,357.1629285574352,913427
2016-08-18,347.10821533203125,353.90991888520597,346.1840720537245,353.1336249941732,1005420
2016-08-19,349.8436279296875,352.80088590859583,347.4778125217257,347.4778125217257,3664586
2016-08-22,344.77935791015625,350.656895267106,343.78127871759034,348.9564807628014,1107412
2016-08-23,344.3726806640625,350.804725756509,341.19363737961834,345.0380817552097,1617568
2016-08-24,345.296875,348.73470594061706,342.67231719411564,345.2599182948263,894108
2016-08-25,338.6800231933594,348.1802203275853,337.0535220465014,347.6257343768961,1769817
2016-08-26,340.0477600097656,342.8201897655945,337.8667729103438,340.0847167150069,857182
2016-08-29,332.3588562011719,342.0808608546078,331.61954163054344,342.0808608546078,797904
2016-08-30,342.2657165527344,343.55951715360663,333.5787696611634,333.8005550250476,981748
2016-08-31,346.59063720703125,350.2872097990947,341.2306069485393,341.5633075066604,1779070
2016-09-01,346.8493957519531,352.2094259169679,344.7423448988055,347.4778175940621,1046734
2016-09-02,348.8455505371094,350.58294412054113,344.483599509534,347.44085750274957,1070131
2016-09-06,354.907958984375,355.79514551491076,345.55563395754405,347.4778563989778,1553926
2016-09-07,348.8455505371094,357.4585599299321,347.5887068651576,355.75814560866837,1254946
2016-09-08,339.3823547363281,345.222958068025,336.3881396608862,343.7812855874991,3145694
2016-09-09,338.827880859375,344.1139984348439,333.65267852642825,338.6060954985139,1469794
2016-09-12,342.9310302734375,344.8162731957634,334.9094635544725,335.6487780435552,1746181
2016-09-14,345.03814697265625,349.40009877884114,342.78322381307225,345.03814697265625,1321007
2016-09-15,342.11785888671875,348.88258351274095,340.67618627500076,346.73857551133676,956858
2016-09-16,344.0030822753906,346.7385553832078,339.34540921299015,345.55564748355465,1477056
2016-09-19,344.9642333984375,350.9526868049341,343.30077537230477,346.1471413961061,1134564
2016-09-20,341.7112121582031,346.73854234000225,340.26953968440523,346.73854234000225,913111
2016-09-21,340.9349060058594,344.33575750599084,336.46206192728954,343.04195702153464,2142358
2016-09-22,336.20330810546875,345.1120398451644,335.4639935192005,343.7812826147179,2766927
2016-09-23,336.0924072265625,338.6060722461024,334.79860673217235,338.6060722461024,2221151
2016-09-26,331.915283203125,335.7966846719657,329.7342962100833,334.2071403064827,1027167
2016-09-27,331.10205078125,335.2052378193632,329.73431424784854,329.73431424784854,1306463
2016-09-28,325.6680603027344,331.9522339975658,324.85480978275007,331.9522339975658,1785763
2016-09-29,315.7982177734375,328.2556729367198,313.6911667117634,328.2556729367198,4331711
2016-09-30,310.4013366699219,321.60195186022025,309.5511291256995,321.60195186022025,2210429
2016-10-03,311.02960205078125,314.20864520092056,309.1813159025406,310.51207290443915,1754766
2016-10-04,316.9442138671875,319.3100073173246,312.1756251333854,313.94997586151163,2145572
2016-10-05,314.43048095703125,320.12321223171546,312.91489509716763,318.7185190461191,1476240
2016-10-06,311.066650390625,316.9072318273113,309.8837423948433,314.2087377683081,1559084
2016-10-07,310.3272705078125,313.7650785215683,308.44202750216573,311.9167922171739,1562901
2016-10-10,311.87982177734375,314.0607859832025,308.2941419923533,311.6210571937096,997527
2016-10-13,312.1386413574219,313.98692790605156,308.66385362116137,311.76898404769594,2473032
2016-10-14,309.8468017578125,317.6465629809797,309.0335510583978,313.0997819933767,6379695
2016-10-17,302.04693603515625,311.25141077042343,299.7920357895646,311.25141077042343,3248168
2016-10-18,314.2826232910156,318.49670273667874,299.97688207343214,301.6403398298467,7264158
2016-10-19,314.1347351074219,322.6738313526279,309.8467199152767,316.3157219667561,4525016
2016-10-20,314.2087707519531,317.3139017465754,311.3993837088916,313.65428468592023,2133653
2016-10-21,320.9364929199219,322.415122214589,312.13865312907086,317.0550910214206,4853235
2016-10-24,317.2768859863281,324.1894826603762,316.13095727314123,322.3411959861437,2292196
2016-10-25,320.89947509765625,323.6349479889896,317.3877309447203,318.64457471902807,1684650
2016-10-26,312.7669982910156,321.60181581939537,311.95377036964896,320.86250130027037,2685974
2016-10-27,306.1501770019531,315.35463013336494,305.0781618189187,312.7300723570956,3706854
2016-10-28,322.0824279785156,328.2557099184547,317.1659899887772,317.1659899887772,12710319
2016-11-01,320.5298156738281,322.3411453549014,317.572557459563,322.3411453549014,4643934
2016-11-02,317.7574462890625,320.45596297041686,312.1756293771389,312.1756293771389,3387397
2016-11-03,316.4266357421875,319.3838940201519,313.46937746422316,318.6445794506608,2159069
2016-11-04,317.9422912597656,321.5279722199938,306.6677416042832,316.4267050850142,7835863
2016-11-07,328.88409423828125,332.28494580642365,318.3118822451883,321.60184113914914,7039296
2016-11-08,335.7597351074219,336.97959973597614,329.2537753804045,329.8821973290815,5501834
2016-11-09,321.2322082519531,328.2556972701201,302.379685097926,310.4382100905623,4852450
2016-11-10,326.9618835449219,332.06314979894785,321.60185266713626,330.84328521504244,3301285
2016-11-11,317.461669921875,325.2984088288051,316.42663404256496,325.2984088288051,1161656
2016-11-15,318.60760498046875,323.2283207821225,315.9090889026318,321.60181979510486,6787283
2016-11-16,327.9599609375,331.21294066374355,320.1232216683057,320.8625362680016,9156138
2016-11-17,326.66619873046875,336.3881823451686,324.92880470483874,330.47366485338546,2616362
2016-11-18,329.2167663574219,331.9522392693325,323.67190712686505,325.2984081926644,2041621
2016-11-21,330.58453369140625,334.1702141745024,325.96381723434735,329.66039039999447,2718966
2016-11-22,335.2052307128906,336.3881385697298,329.88217920025045,331.2129364378878,2409601
2016-11-23,334.9834289550781,339.3084236087222,331.2498769198428,337.86675120347763,1950811
2016-11-24,339.086669921875,343.41166526704325,332.76553849884743,333.20913181462504,2574455
2016-11-25,360.23101806640625,361.8944758204328,340.93490360728083,341.48938952528965,4561987
2016-11-28,361.7835693359375,366.58911377519956,356.71926029906666,359.2699044493567,2279428
2016-11-29,357.7174072265625,365.5171679622589,355.8321412827321,361.82059461603444,2029150
2016-11-30,358.7154846191406,362.11631402975837,355.8691186453904,360.2310706581293,2604888
2016-12-01,351.21136474609375,358.7154254097531,348.51287117564897,354.9079374623439,2059534
2016-12-02,349.9915466308594,356.3127003503603,348.2171960044019,352.6530838515917,2450542
2016-12-05,341.85906982421875,352.35734627029285,339.6041692973106,345.2599215294323,1727408
2016-12-06,344.11395263671875,347.10816742030124,341.8590298116447,342.3026230364206,1073627
2016-12-07,336.83172607421875,347.4778514794695,335.46398959321124,346.62764422762933,1540255
2016-12-08,342.8571472167969,344.2248837450665,337.9407096181818,340.0107814822015,1158682
2016-12-09,348.7347106933594,351.13748317676556,343.7812937796547,345.2599230002123,2017058
2016-12-12,347.0342712402344,350.4720796427072,345.0381353430363,350.39816623184487,709914
2016-12-13,358.2348937988281,360.4158809752072,345.4817164720131,347.47787499148177,1863492
2016-12-14,352.3942565917969,360.04616628081925,349.95452773423654,357.8282227513686,1702307
2016-12-15,352.98577880859375,356.3496513473052,346.0362032430184,351.3592775991842,3292408
2016-12-16,352.7640075683594,356.4236243890681,351.1744854623696,355.90609506986476,2185723
2016-12-19,349.95452880859375,351.6179864607885,347.8105212359604,350.43507872903234,1389090
2016-12-20,352.46820068359375,355.42545879105967,350.17632113788994,352.579093350206,1919780
2016-12-21,350.767822265625,354.57528795700074,349.32614976556556,353.392380080297,667563
2016-12-22,350.39813232421875,352.8009045591022,343.4485576567309,349.1782452937606,932766
2016-12-23,345.3338317871094,352.98574191351366,343.96609535335085,350.4350976840157,942216
2016-12-26,342.7462463378906,346.0361827059929,340.3804306395395,342.48748172055684,572307
2016-12-27,346.1471252441406,350.4351411532463,340.1216928476334,340.45439346217285,1061513
2016-12-28,350.5460510253906,352.6531023759043,346.7385849356376,346.7385849356376,1658315
2016-12-29,356.8671875,358.16098812633425,347.1082251793848,348.2541538521582,2079991
2016-12-30,361.4508972167969,364.48209153713026,356.34963107686974,356.34963107686974,1817123
2017-01-02,360.7854919433594,367.3653867717118,359.67652014435316,365.5910364057197,1203138
2017-01-03,363.4101257324219,365.96077042995296,360.1941248904397,361.3030969220456,1006546
2017-01-04,370.10089111328125,372.984213524042,361.1921366979995,362.2641518865819,1989140
2017-01-05,360.8594665527344,374.832508204139,359.2699446496913,373.35387898045406,2295824
2017-01-06,347.2930603027344,360.71161682170407,344.668502293884,360.41589547117195,3307502
2017-01-09,350.02850341796875,353.3184398227344,341.5633422951255,343.81824278111196,1812454
2017-01-10,350.06549072265625,351.17446271016206,345.7404954589652,350.69391269466144,1634891
2017-01-11,350.47210693359375,353.7251095001273,346.73857691067207,349.9176209364018,2058634
2017-01-12,355.7582092285156,359.89835310972444,349.10437755388324,351.17444949448765,1970093
2017-01-13,361.1551818847656,364.40816161040874,356.2757010152554,357.9761381314966,2754723
2017-01-16,360.1571350097656,362.6708003616094,354.13172499461405,360.9703856547397,1258527
2017-01-17,359.8614196777344,365.9607657739671,358.3458336119927,360.7855630256484,1233813
2017-01-18,357.5694274902344,365.8867150122644,355.9799059428859,360.78544984450326,1336551
2017-01-19,355.9060363769531,358.752402038985,352.98575730616216,354.87100047132986,1586512
2017-01-20,346.47979736328125,357.8282814634346,344.52061810322425,351.91376441445226,1442119
2017-01-23,347.256103515625,348.80864624608836,340.6761850167959,343.7813156019084,1400660
2017-01-24,347.4039001464844,350.06543702062186,344.07698469433484,348.51287196386755,1255925
2017-01-25,344.2618713378906,350.25032467321813,341.7112492653891,347.6627233299859,3368794
2017-01-27,345.3338317871094,347.9214327193753,342.45050954643096,344.0769880237443,1795089
2017-01-30,348.6607666015625,353.3923754847561,340.97189934611146,345.2599149610483,3024028
2017-01-31,334.31805419921875,358.3457774813228,314.57834635493117,358.3457774813228,7804620
2017-02-01,332.4698486328125,337.866837226694,322.67392829746524,334.35509220081474,4061099
2017-02-02,340.8979187011719,343.7812407238576,325.2983783193491,332.4697379571336,3771089
2017-02-03,355.2037048339844,356.349633427015,343.1159067395502,343.1159067395502,2677019
2017-02-06,353.0227355957031,361.22913249579125,348.3650624545652,355.6472935056616,2105323
2017-02-07,348.10626220703125,354.8709858626195,346.8124617377405,354.8709858626195,1794349
2017-02-08,350.8786926269531,357.6434162987914,346.5906546668921,347.4778411585157,1754215
2017-02-09,358.5675964355469,359.8613970412422,350.80479280137524,353.3184580371648,3013021
2017-02-10,369.5833740234375,372.24491116784037,359.30690531791544,362.2641637978983,7225481
2017-02-13,369.39849853515625,373.13205043004035,366.33034776358033,369.65726313176623,1903851
2017-02-14,373.05816650390625,375.97844575275167,369.91607932898785,370.3966293256746,2664728
2017-02-15,366.44122314453125,378.2332983070206,361.5987222507685,372.06001779150506,2584154
2017-02-16,372.9842224121094,373.72353702541386,365.258375678241,365.258375678241,2591411
2017-02-17,372.2448425292969,373.3538142548062,366.6999839017502,371.3576561240544,1688519
2017-02-20,369.620361328125,375.1282418295926,367.4393741268811,372.28187596830395,2610984
2017-02-21,375.4978942871094,380.9318613043053,369.657313250175,369.657313250175,3268863
2017-02-22,375.53485107421875,378.08547284569636,372.3188281290517,375.94146506961516,3036464
2017-02-23,372.3558349609375,380.7470611114434,369.5094689237051,375.5718583390548,5868525
2017-02-27,369.50946044921875,377.0874357635626,365.9607590829486,369.84216107322226,2250245
2017-02-28,369.2137145996094,376.31113942335224,361.1182330942598,374.0931955760633,31171453
2017-03-01,369.47247314453125,371.2838029481653,360.74856984699557,361.4878844505864,1979476
2017-03-02,369.5833740234375,373.3908398039971,367.6611514990303,371.87525385784255,2392413
2017-03-03,372.3927917480469,373.61265638689565,369.6573185658229,370.47056917908617,2136886
2017-03-06,369.620361328125,373.9083771924952,365.6650235127311,369.50944608304076,1234125
2017-03-07,369.620361328125,375.0173491466005,368.62228205701183,374.0932058515128,3221133
2017-03-08,363.6688537597656,371.9491864533326,360.8594672541401,369.2876493331081,1430424
2017-03-09,361.4878845214844,366.33038615111775,360.4528260265812,364.4820996417781,1752351
2017-03-10,351.765869140625,367.6611326558781,350.804769208725,364.8517462687161,3875776
2017-03-14,354.7601318359375,359.23297634930486,352.0616379327451,356.349653787509,4483127
2017-03-15,354.61224365234375,358.38275262768343,348.6607701425688,357.38467340449193,3941570
2017-03-16,355.68426513671875,357.7173803242407,353.7620426288251,356.34964377658036,4191349
2017-03-17,358.01312255859375,360.63768056542006,346.997338684594,358.93726587960197,5857451
2017-03-20,356.2757263183594,363.00349416458175,354.944968969477,357.08897694805086,3734239
2017-03-21,352.6161193847656,358.1979357781435,351.21140354772695,356.3496492158208,4422809
2017-03-22,351.4701843261719,354.50137894005917,349.58494097082723,352.6530922928221,2797599
2017-03-23,356.46051025390625,357.4585894213787,351.6180089153295,352.57910881758306,3259747
2017-03-24,350.5460510253906,356.3496757760711,348.9565289757376,356.3496757760711,2203312
2017-03-27,346.59063720703125,353.13357520740124,342.4504939535911,350.43508172761267,2457180
2017-03-28,336.9056396484375,348.73467210395125,336.1293458562911,348.73467210395125,5722292
2017-03-29,338.7908630371094,340.01072742597114,333.5787049382966,339.34534890132727,3227158
2017-03-30,340.9718322753906,342.672246480123,336.75773089902054,339.7149886895718,4028816
2017-03-31,339.45623779296875,343.04191752085205,336.09236594556256,341.5632885660208,2581903
2017-04-03,334.9834289550781,339.3453803115891,333.2460352406292,337.86675120347763,1914496
2017-04-05,330.4366455078125,337.571026367496,329.32767368831486,335.6488040346156,2902998
2017-04-06,330.39971923828125,331.50869123565434,326.25955260233627,330.43669850878285,1926091
2017-04-07,327.66424560546875,336.0554484158817,326.8140157505886,331.1759900182801,3125291
2017-04-10,327.5533142089844,331.73045961735454,326.40738563984144,328.9949866585038,2111378
2017-04-11,329.1429138183594,330.25188586955045,325.2984683493925,327.590348434273,1861086
2017-04-12,323.56103515625,330.73239591143295,322.0084699599423,330.2518459264569,1728894
2017-04-13,317.8682861328125,327.3684596422474,316.3157211321363,323.81975897963474,1543616
2017-04-17,311.95379638671875,317.86831303299215,310.5490806335564,317.86831303299215,2595117
2017-04-18,309.6988830566406,314.87408528386294,308.257233116312,311.9907628411145,2338492
2017-04-19,306.2980651855469,314.57839868819343,304.9303510670123,310.1425105750814,2638642
2017-04-20,310.8818054199219,312.5822200632558,306.4459175899111,306.8155749090787,2818261
2017-04-21,316.16790771484375,319.23605902083546,312.13865638213895,314.20872839141,2668714
2017-04-24,317.3507995605469,318.8663855015789,313.69118317910056,318.274942832418,1709076
2017-04-25,323.9306945800781,325.3723671065246,317.35079900822575,319.75357151090884,2575089
2017-04-26,315.72430419921875,326.740110252729,313.5433395746405,325.2984376971887,3721058
2017-04-27,314.17181396484375,316.94424429435315,312.3604837913926,315.09595740801353,1450414
2017-04-28,308.2572326660156,317.0180926596284,307.5548747685107,314.57836349519545,1945081
2017-05-02,309.1444091796875,314.2087189265695,308.0354372305349,311.1775244198006,1568455
2017-05-03,310.4013366699219,311.5472656344696,309.1444924309162,309.77291455041905,1746287
2017-05-04,309.8468017578125,312.5822526677234,308.03547168012045,310.5121804892992,1009112
2017-05-05,305.3369445800781,310.0685537366972,303.4147220146132,309.69889641880366,1541496
2017-05-08,311.3623352050781,312.7300717096069,304.5976112159764,305.63264713002036,1938018
2017-05-09,315.09588623046875,319.3839018133112,311.177505379301,312.4343492029397,4402442
2017-05-10,318.20098876953125,321.0843111014431,315.83519566528395,316.7962955885578,2018816
2017-05-11,321.4170227050781,322.2672299835992,315.09589189293143,319.3839075528321,2060011
2017-05-12,326.9618835449219,328.69927737634646,321.34308804337667,321.4170240161781,2696277
2017-05-15,327.22064208984375,329.6603712123312,323.9306831390708,328.99499259366104,1080719
2017-05-16,328.0708923339844,330.3997290854576,326.03777694487235,327.8121276811332,1820495
2017-05-17,318.5337219238281,327.88604774738343,317.16598530693915,327.5163904218509,1754010
2017-05-18,312.2125244140625,326.70309405885644,310.5860459466617,317.1659409076187,3934861
2017-05-19,307.665771484375,314.9480249300347,306.22412152723183,314.20871031752284,2194511
2017-05-22,304.85638427734375,310.5121365375741,303.9691977195427,310.5121365375741,2734184
2017-05-23,307.3700256347656,309.51403332761726,302.0099951215917,306.07622516606847,4828731
2017-05-24,308.40509033203125,310.5121415190431,306.3350184134076,307.92454033971774,2039655
2017-05-25,314.9480285644531,316.3527218320171,307.66577503475816,310.51214083819326,3098044
2017-05-26,317.2768859863281,320.8625666467577,310.6230539590912,316.4266786285998,2257516
2017-05-29,280.53289794921875,288.3326569521928,263.67651369783766,285.56022755842173,17135931
2017-05-30,287.07586669921875,287.8521606112109,281.6419221257358,282.1594288383048,2800579
2017-05-31,288.3326721191406,290.6984876844411,285.3754139435597,290.6245517176337,3844462
2017-06-01,294.025390625,298.60912706491825,287.7781739699877,288.3326598543229,4032660
2017-06-02,295.4300537109375,297.13046789220067,291.8443741769667,295.7257749734938,4221248
2017-06-05,297.7590026855469,299.4224608011086,293.5079430568892,295.72588721097145,1922945
2017-06-06,302.1209411621094,306.7047012286257,295.3931730240007,298.7200891026386,2846306
2017-06-07,295.6518859863281,302.93413886436906,290.5506200700355,300.75315190262074,4041108
2017-06-08,293.8035888671875,297.8328620689703,292.99033837410144,295.79974711729966,1811760
2017-06-09,285.9668884277344,293.2121853027227,284.6361311252324,293.2121853027227,2790651
2017-06-12,293.72967529296875,295.651897724406,280.9395420104855,284.6361149316761,2889773
2017-06-13,290.84637451171875,292.6946611094827,286.85407997296704,292.02928244670613,1753491
2017-06-14,293.2861022949219,295.72583137896214,289.8113147513829,292.0292584867251,1895223
2017-06-15,291.03118896484375,293.13824009585767,289.81132438228553,292.76858279434964,1244822
2017-06-16,288.5544738769531,292.76857604178474,286.8540593540719,289.81131769792836,1473093
2017-06-19,287.92608642578125,290.77242964968264,285.8190352563012,288.3327004400267,992872
2017-06-20,291.5487060546875,292.1771279534652,285.11666025181734,287.88908989752167,1458439
2017-06-21,289.0350341796875,293.4339422428209,288.33267632789904,292.0292491013337,1121823
2017-06-22,286.0777893066406,291.8444340773802,285.37543142208676,289.8852549284809,918944
2017-06-23,281.45709228515625,288.1109240407194,280.82867032915686,287.2606941556125,1741413
2017-06-27,281.013427734375,284.3403427685734,279.9783920139306,281.45702091801877,4315500
2017-06-28,289.9961242675781,291.28992469452083,280.93952127897944,281.4940071762406,1883908
2017-06-29,287.4824523925781,292.76854663891874,286.85403054520316,289.99611721998957,1631484
2017-06-30,282.4181823730469,286.11475544075694,279.01733063833535,286.11475544075694,2365394
2017-07-03,281.8636779785156,284.8209362392738,279.7566269553074,282.45512060583127,1280684
2017-07-04,279.2391357421875,283.9337654411382,278.2410565115579,282.4181795235056,1328251
2017-07-05,278.83258056640625,281.67894714313303,278.13024502286186,280.3851462048116,1461628
2017-07-06,278.20404052734375,280.53289927881974,275.83824763736584,278.35191245388097,1964709
2017-07-07,280.9394836425781,281.45701276885933,277.2429114893863,277.2429114893863,1642197
2017-07-10,283.97076416015625,286.11477215223766,282.418198868617,283.15751352534113,268891
2017-07-11,284.78399658203125,290.7724268688412,283.2683880954196,284.5621886619437,2362955
2017-07-12,286.3365173339844,288.03695434303074,284.377338281076,286.1147319929342,687924
2017-07-13,287.7781982421875,289.0719987480933,286.3365257964849,286.8540550236834,940852
2017-07-14,287.556396484375,290.55061131661904,285.0427090238221,288.33266771878226,1034584
2017-07-17,289.700439453125,294.39509182026706,287.81517362775253,287.96304557714745,1534113
2017-07-18,289.2937927246094,293.0273449759828,288.4435854506441,289.663450023037,1584011
2017-07-19,293.3230895996094,294.24723291907884,288.85024495821426,289.8113449856254,1590684
2017-07-20,289.4416809082031,296.428213265307,288.33270895070046,294.76475532905295,1411026
2017-07-21,291.8074645996094,294.24719361226204,290.4397281570842,290.9202781065958,964314
2017-07-24,295.0234680175781,295.6888691754776,291.9922963519916,292.0292530553905,906007
2017-07-25,289.1459655761719,296.0955188085738,288.36967165252673,294.9865468280173,1358932
2017-07-26,287.85211181640625,291.14204788106076,285.85595359490776,289.88522673893345,1409292
2017-07-27,285.5060119628906,292.92272616317035,284.37079919166644,291.37127794754906,2627365
2017-07-28,288.5711364746094,290.1982935909926,283.2356445924178,287.01968794034593,1712222
2017-07-31,292.0145568847656,292.54430896365574,287.057447478816,288.49540206885393,1535812
2017-08-01,304.57757568359375,313.2430187419012,302.7612168925781,306.50742802909605,12617014
2017-08-02,304.2748718261719,307.5669936761341,300.07459356323113,304.69113039108913,4071990
2017-08-03,308.13458251953125,309.1562786348242,303.51804595499607,305.75064031448954,4650231
2017-08-04,309.5346984863281,311.38888868141674,307.49130615280046,308.47517113026214,1957230
2017-08-07,307.5292053222656,313.99991016290227,305.90207131340054,309.00496835990106,1312508
2017-08-08,301.3990478515625,309.8753140540109,300.18814938036024,308.0211236047356,2108254
2017-08-09,298.069091796875,302.9883480280669,297.2744288557945,302.72346038104007,1135609
2017-08-10,305.7505798339844,313.0916302218471,297.4256878088016,297.4256878088016,4990849
2017-08-11,304.8424987792969,312.3727536849522,303.4802525200868,306.8858912640778,2782291
2017-08-14,304.3883972167969,308.7778774122126,302.72340922765943,305.75064331993605,1213339
2017-08-16,317.8217468261719,322.324743657122,302.72340763213396,304.3883956124959,5407314
2017-08-17,321.1895446777344,325.46550837505345,319.0326356864958,321.79500537658885,3175256
2017-08-18,324.5573425292969,330.2712376892356,318.38935763241784,318.38935763241784,3610728
2017-08-21,326.26019287109375,330.7253590027385,324.6708901880431,324.6708901880431,2657468
2017-08-22,332.50384521484375,335.0769896977909,327.0926686339481,328.45491480257766,4623000
2017-08-23,325.5790710449219,336.21222270468024,323.5356785734402,332.9957861340671,1576891
2017-08-24,323.6870422363281,331.4821614521829,322.0977395827753,326.94130992544063,2607190
2017-08-28,323.7248840332031,329.9685550870288,322.7410420752291,323.270794246459,1888194
2017-08-29,326.7520751953125,328.4170631608075,320.1300007124891,325.38982911151686,3282938
2017-08-30,322.21124267578125,329.9685303737889,321.68146744826333,328.45491326198254,2380800
2017-08-31,324.02752685546875,327.31964816720966,322.55176426466113,324.1032123181677,3782413
2017-09-01,320.4327392578125,325.6168825060972,319.82730164900505,324.67087180735786,1242275
2017-09-04,314.9080505371094,324.4438431365132,310.70774911681866,321.6436421896527,3250373
2017-09-05,323.8005676269531,325.8817912994349,316.38382940925663,316.8757734813432,3651996
2017-09-06,321.3409423828125,323.308649399993,318.6164267510215,321.71934669011773,1553072
2017-09-07,322.4382629394531,325.3519803808138,320.2435228354543,322.77883601419575,983408
2017-09-08,326.0331115722656,326.71425773875256,322.4382709876542,322.4382709876542,1434311
2017-09-11,334.1310119628906,334.88782059700816,328.30357624179896,329.21175584112666,2373479
2017-09-12,334.0552673339844,335.98514286686907,328.45488905228535,335.2661655533696,1357481
2017-09-13,333.6012268066406,343.36407637456773,330.95239666562975,333.8661144399349,2339372
2017-09-14,334.0552673339844,335.2661655533696,330.04419152173085,333.7525485531287,1048243
2017-09-15,336.25006103515625,338.97457668965166,330.99025497736096,330.99025497736096,1959478
2017-09-18,336.8554992675781,341.5855528320634,335.49322998342757,336.02300522103576,1034355
2017-09-19,338.86102294921875,339.80703362188547,334.88777812401855,337.46092253447927,1001757
2017-09-20,339.73138427734375,340.56387837701413,336.77983528393617,340.56387837701413,755469
2017-09-21,348.32110595703125,349.41848750098416,339.57997717520163,339.8070104827964,2189490
2017-09-22,346.9210205078125,351.34835496337723,342.8342591242001,346.239897459871,2254484
2017-09-25,342.0397033691406,349.98619476945686,339.92062513814176,344.5371628565668,2490162
2017-09-26,338.5583190917969,343.70460813979463,334.130984329171,342.0774743302045,886702
2017-09-27,340.52606201171875,346.6183624184598,335.79600793941444,339.8070845543416,1908788
2017-09-28,343.9316711425781,346.883220008755,338.5583255628399,340.5638636965264,3555144
2017-09-29,346.5047912597656,347.64000405863175,340.2232665817949,343.59107379014984,1412345
2017-10-03,350.62933349609375,353.2781629793026,345.1046412409279,345.71007874156294,1901932
2017-10-04,351.9538269042969,354.5648257882959,350.66726615389297,351.9538269042969,1673214
2017-10-05,341.2828674316406,351.68898629217335,339.4665082083013,351.5376153249061,1237068
2017-10-06,345.7480163574219,346.6940271151602,338.29344696725013,343.8938260338683,1130586
2017-10-09,350.62933349609375,351.1591086311196,343.59102439337994,343.59102439337994,997113
2017-10-10,352.8997497558594,354.0349623625318,349.1913931932546,350.4022912595638,1559112
2017-10-11,353.6188049316406,355.62434302634574,349.34284112308876,351.1591770749733,1624889
2017-10-12,358.87860107421875,359.4840386377499,352.29435786499494,352.29435786499494,1762764
2017-10-13,360.3165588378906,363.19242211794864,357.93261650100516,359.02997505178007,2187256
2017-10-16,358.5758972167969,360.770660583227,356.2676402781286,359.37056008614866,1101381
2017-10-17,357.9704895019531,359.6354777612792,354.9054237245198,356.4947034040974,787447
2017-10-18,346.95892333984375,357.5163898001074,346.35346258231596,357.4785586072472,1414945
2017-10-19,346.88323974609375,348.13196936483956,345.18042033072226,345.18042033072226,128310
2017-10-23,350.47808837890625,351.91602018628043,343.36409172981786,345.8615510217853,1319264
2017-10-24,344.196533203125,351.00781042822086,342.90997247374145,350.70509161518737,850860
2017-10-25,354.2620544433594,358.80290532766827,343.59105024604105,344.3478587267592,1583314
2017-10-26,361.1869201660156,363.192458424643,349.6455885106322,354.9432489426115,2859405
2017-10-27,360.5436096191406,363.26812517716246,357.2136564242097,363.26812517716246,1292782
2017-10-30,367.46844482421875,369.7010396654989,358.76514501633085,358.76514501633085,3746798
2017-10-31,364.819580078125,368.26307310050095,360.3922682001594,367.8089833167192,1509095
2017-11-01,369.70098876953125,376.89067022973705,357.5542203830431,367.01432756752445,3983511
2017-11-02,354.1486511230469,364.7439732437547,348.813135768966,364.4034000800585,5545465
2017-11-03,350.7429504394531,358.53806968174666,348.9644456329205,354.94322887754976,1278344
2017-11-06,348.4725036621094,353.05118611937706,346.69399896278685,349.64554766806475,1701924
2017-11-07,356.07843017578125,362.09506751171745,348.9265799912506,349.64555736707956,4208801
2017-11-08,370.760498046875,372.4633172569151,358.8029323880899,359.3705387914366,3566147
2017-11-09,371.0253601074219,375.37700890011473,368.4522158752829,372.3497749573719,1803442
2017-11-10,371.593017578125,376.70147555908704,366.1818407804472,375.37706052698576,1871915
2017-11-13,370.911865234375,379.91788212369215,368.4143832273782,368.56575417178897,2140262
2017-11-14,369.2469177246094,374.62026349699175,364.32766173929537,371.5930290444908,1426995
2017-11-15,375.79327392578125,377.9880371838958,367.0521444660576,367.8089530113484,1718584
2017-11-16,378.3285827636719,379.917885309458,369.4739367445157,377.6474597000389,1376234
2017-11-17,366.71160888671875,379.16111996837833,365.16016044858793,378.40431134568695,2140643
2017-11-20,360.8463134765625,368.94417433627785,359.86247158338483,367.771130302415,1527038
2017-11-21,373.7499084472656,376.70145718421225,361.7544882653008,361.7544882653008,2242785
2017-11-22,365.23577880859375,375.52837880486004,363.0410388253219,373.8633909025368,1932859
2017-11-23,370.53350830078125,373.10665301271007,365.2358479131768,365.2358479131768,1200242
2017-11-24,373.9390869140625,377.6474439691158,370.83616742458264,370.83616742458264,1701291
2017-11-27,377.4582824707031,378.40429320371237,371.6687014038793,373.1066330988604,1469508
2017-11-28,378.17724609375,380.52333414940125,373.40933831544135,377.798841814327,2334856
2017-11-29,375.79327392578125,378.47995811914205,372.9552418809406,376.2095324832695,1438175
2017-11-30,370.2685852050781,374.99863866962943,368.71713690709095,372.61469634268843,2729850
2017-12-01,357.8948059082031,372.1984847717075,355.0189422770529,370.83623844031365,1962459
2017-12-04,357.8190612792969,368.5657515696092,352.63494136129987,357.5920279602471,2507080
2017-12-05,352.2187194824219,359.67328884678244,350.13749582260357,359.3327157367895,2977968
2017-12-06,357.4028625488281,359.25705286343384,351.23487705733214,353.16472975541916,1952199
2017-12-07,376.36090087890625,378.0258890078172,356.5703609584508,357.4406862138503,7475829
2017-12-08,375.4527282714844,378.06370392529556,372.8795838069889,376.13385135091494,2534022
2017-12-11,378.8962097167969,382.112646171262,373.63640396060345,375.37705445051625,3215999
2017-12-12,379.3125,383.39926204104745,376.9285343047527,379.91793767424156,4481699
2017-12-13,381.1288146972656,384.3073969523311,377.0798840774417,377.72317600514623,2052503
2017-12-14,389.18878173828125,392.14035344554145,380.6746858810996,380.6746858810996,4105304
2017-12-15,378.9718322753906,392.0267780701994,374.620183677121,389.75635271458043,7010768
2017-12-18,373.86346435546875,377.2691032008121,370.07942119397615,376.13389025236427,2175527
2017-12-19,374.8851318359375,378.4042870866504,373.86343564161064,375.7176258867211,2168308
2017-12-20,373.06878662109375,375.3770434766674,370.34427120247346,375.3770434766674,1690391
2017-12-21,371.3281555175781,377.231276781796,367.2792246643448,376.4366138502454,1483945
2017-12-22,373.4471740722656,376.32303721480804,369.73879384114105,370.8361754354066,1210792
2017-12-26,373.40936279296875,376.81500153102047,370.53349931922247,373.8634525772355,1095301
2017-12-27,380.6746826171875,382.49101843195365,371.78218257593113,374.24181024691694,2160870
2017-12-28,376.1717224121094,384.45878619545715,374.35538630911947,380.8639451828028,1943344
2017-12-29,381.4693298339844,382.18830717497616,375.1121428090785,378.2528935854821,1412805
2018-01-01,380.7503967285156,384.9885293457451,378.442116729149,379.23677958635966,1115837
2018-01-02,388.9617614746094,389.7564012095637,381.05310293012684,381.05310293012684,2204383
2018-01-03,393.1242370605469,397.3245155580601,390.2862048065607,390.58890053182716,2288877
2018-01-04,395.4703369140625,397.32452727975453,388.99963242246446,393.16207985110947,1460097
2018-01-05,397.6650695800781,398.8381136170366,389.6428710786957,394.2972622286073,1756809
2018-01-08,405.87646484375,410.8335522028609,394.0702685234298,394.0702685234298,2795379
2018-01-09,404.0221862792969,408.676576881663,400.3516836488884,408.676576881663,1855191
2018-01-10,410.26593017578125,411.7038850156602,403.98442793323017,404.8926075062099,2748547
2018-01-11,417.53125,420.67197749448974,410.71997364173546,411.7038154328778,3485380
2018-01-12,416.8122863769531,419.6503182860109,414.7310629769774,416.24467999514155,2790912
2018-01-15,411.5146484375,419.9530822339551,410.455097992338,416.96367922760976,1959669
2018-01-16,422.0343322753906,426.08323978951324,414.20133558719215,414.7311108430786,4791310
2018-01-17,419.9531555175781,427.25633157326484,418.6287403259735,423.7750301178214,1636201
2018-01-18,418.250244140625,423.8127682470978,416.4338852285099,423.8127682470978,2158972
2018-01-19,418.43951416015625,422.67762405348043,414.01215591551926,418.5151765471346,1951962
2018-01-22,431.0024719238281,433.1972352093424,416.01767177838275,416.24470510641873,4127554
2018-01-23,445.192626953125,447.0468171282469,426.99139066967007,430.7376022088087,4103152
2018-01-24,456.4690856933594,463.5073958201638,442.08972354942307,442.08972354942307,6672393
2018-01-25,452.91217041015625,464.2643007762295,445.07917274240367,457.4908537527518,5104213
2018-01-29,457.7177734375,460.6693450763666,450.64163241026955,453.36612454466547,3352495
2018-01-30,456.3177185058594,462.59922015049904,448.9388352396551,454.0851240741095,6290644
2018-01-31,463.6588439941406,473.91359209805404,451.81476998917475,456.20425097848835,7244068
2018-02-01,462.4478759765625,468.84291774921957,459.4206416408129,463.5830888524686,2479739
2018-02-02,468.8050537109375,471.11331049182934,453.3661412035911,457.33938599087156,3994302
2018-02-05,476.0704040527344,477.6975608946209,461.19914391927716,461.5775481902342,3500770
2018-02-06,459.1557922363281,470.1295170648598,454.84197392741555,454.84197392741555,3104038
2018-02-07,456.4312744140625,467.17796639005473,451.7769289717387,463.0155188508414,3653165
2018-02-08,460.32879638671875,470.7349138553868,450.2632520008653,461.6532113372765,2894969
2018-02-09,450.49029541015625,456.3555617510697,446.0629838102382,454.84194463083395,3481551
2018-02-12,446.78192138671875,457.7935230476626,443.6033623422498,452.57152543129894,2343988
2018-02-14,462.7884216308594,465.1345096251524,445.38182523264226,445.38182523264226,5004415
2018-02-15,458.36114501953125,468.16177939221245,457.1123923583363,465.43728692115366,1676641
2018-02-16,442.2410888671875,464.45344908948283,439.85716948192106,461.65324801885106,2887255
2018-02-19,433.2351379394531,445.57111018036954,426.57523079637576,445.57111018036954,3170119
2018-02-20,434.55950927734375,440.61397810407954,430.6240953015793,435.1649469216311,2273116
2018-02-21,450.45245361328125,452.571508293326,428.7698703997146,439.7435942630143,5590807
2018-02-22,456.0528259277344,458.9665666381747,448.0306735603512,448.0306735603512,4421727
2018-02-23,470.3186950683594,472.9675250633789,457.8691848533815,459.3828019933927,3490526
2018-02-26,463.5073547363281,474.859481738482,462.44780440602455,470.73486635598147,2923731
2018-02-27,462.0694885253906,467.93475526467364,455.9393572488481,467.7077219196039,1905663
2018-02-28,463.6588439941406,465.43732586824535,456.99889083304714,461.8046535388802,2113430
2018-03-01,463.0911865234375,466.11842083000175,458.2854243466089,463.2046800947758,2226114
2018-03-05,477.4327087402344,480.497820664422,459.042268154775,460.5180542308777,4765322
2018-03-06,467.1400146484375,479.740893787655,465.4371956399985,478.22727689126475,2424505
2018-03-07,460.9342956542969,474.1027845442265,459.04227404321125,469.06998858196516,1787149
2018-03-08,459.5341491699219,466.7616614011448,456.3555441019705,465.43724647215896,1858046
2018-03-09,468.6159362792969,471.5674623681724,459.00445696109784,461.4262539361304,2095483
2018-03-12,468.88067626953125,481.63292664759905,466.7237906163714,470.0915975313119,4336200
2018-03-13,468.5781555175781,472.967637024303,464.3778300062024,469.2214244775858,2306960
2018-03-14,483.67645263671875,484.92520554838336,467.3294021476812,467.3294021476812,3825750
2018-03-15,478.189453125,493.4013323542745,474.55678140479,485.6440448906072,5855371
2018-03-16,480.3464050292969,483.6006726176023,474.5189698454407,480.3464050292969,3741772
2018-03-19,461.5775451660156,482.3897799322957,460.139590469029,480.459881209517,1731324
2018-03-20,479.3625793457031,480.80048795143364,456.43124211693197,457.869196914593,3320421
2018-03-21,473.648681640625,481.97357690513144,470.16738027951436,480.5734993601475,2428150
2018-03-22,468.5023193359375,477.5461906637555,466.57246678954874,474.5189564915606,1785067
2018-03-23,471.75665283203125,473.0054055795349,457.68003043875797,459.76125422330796,3153066
2018-03-26,469.5240478515625,475.7298410735085,466.95088027763717,471.4917316255558,1552991
2018-03-27,470.4700622558594,476.4866533857132,468.4645010846221,473.00535246831794,1135697
2018-03-28,483.3736877441406,485.11433837825,466.68606646577166,470.1295365403663,5534298
2018-04-02,484.5845642089844,489.27678702752684,479.89234139044197,483.37368885862094,2095519
2018-04-03,466.1561584472656,482.8437749740506,464.30196856830725,481.70856233696423,3851192
2018-04-04,458.85302734375,470.7349311464432,456.54477044066215,467.7076968625433,2670676
2018-04-05,467.2157897949219,469.7889576166757,457.52864855808747,466.3454875845736,2809480
2018-04-06,467.8590393066406,470.7349024627221,464.5290633204874,466.19405131356405,1160620
2018-04-09,465.3236999511719,471.1133036047721,464.1128247961871,469.9780908250016,1427650
2018-04-10,474.10284423828125,476.4111016560505,462.7885443410244,469.9025649712028,2085181
2018-04-11,479.3246765136719,481.93567524872924,469.7132448852634,473.79998333881014,2139871
2018-04-12,494.0446472167969,495.70963538318773,479.85448589857583,481.63301383228503,3614281
2018-04-13,508.2348937988281,509.97554464082987,485.190058713544,493.8555279173493,5653116
2018-04-16,506.07781982421875,516.7488004939436,497.60155594464794,498.0556225379427,3931095
2018-04-17,505.775146484375,508.95375164380744,500.7423973245411,507.81853881486217,1576573
2018-04-18,497.0719299316406,510.08904841747676,495.10424584775404,506.26717383611873,1676060
2018-04-19,503.4290466308594,506.49411195867884,496.42856768335423,501.72622742741214,2662071
2018-04-20,530.1444091796875,534.3068563609698,504.79132180278594,504.79132180278594,5490181
2018-04-23,531.279541015625,552.0917737477185,522.6519060608243,525.6413087280005,6998046
2018-04-24,516.6732177734375,529.5767945985094,514.629825404768,525.9819539063438,2728320
2018-04-25,519.4735107421875,529.7282594003565,512.3594904773955,519.0951063917611,4560558
2018-04-26,523.0303344726562,527.4955230874693,515.121722622374,515.3865871198948,2852323
2018-04-27,507.4401550292969,526.6252341364066,505.8887066721422,526.0197965082401,3756249
2018-04-30,507.515869140625,517.7706634416464,505.62384748979963,510.84584572285155,2639069
2018-05-02,501.42352294921875,510.08899055836645,496.08803161870804,510.08899055836645,1745715
2018-05-03,494.158203125,504.7913551150489,488.82271153345994,501.42354748046745,2284475
2018-05-04,501.499267578125,503.73181612951856,481.67087182128137,494.1582144760347,3162498
2018-05-07,497.5259704589844,511.2241870459153,495.1041738060213,508.38615491945757,2770174
2018-05-08,494.4609069824219,504.33729669825925,492.7202563469949,501.7641288428048,1771130
2018-05-09,495.02838134765625,503.84521813654,490.6389016409531,494.19591054173577,2193797
2018-05-10,502.2181701660156,508.4997185206082,496.95838733193654,496.95838733193654,3927593
2018-05-11,504.3751220703125,508.3861985818084,495.1042163276595,501.764123051342,2880596
2018-05-14,504.9804992675781,507.0617227565041,498.16922239472956,500.70451253174105,1436196
2018-05-15,507.5536193847656,514.629760109502,501.99104940960456,502.97489118319396,2427422
2018-05-16,509.1051940917969,513.6460460452984,506.3049928154174,507.8186101332512,1690858
2018-05-17,511.451171875,515.3865852888653,504.26149116979553,513.8729682982959,2022339
2018-05-18,524.4305419921875,527.8740119716808,508.0077857146821,514.4784901714323,4304706
2018-05-21,518.6787109375,526.6630779345531,513.3053888162679,523.7115061715554,2342450
2018-05-22,519.4735107421875,522.5764079389094,510.8458730756898,517.3544094262496,1797801
2018-05-23,527.8360595703125,535.2906042819724,517.0893704054627,519.9274020761842,3516538
2018-05-24,538.355712890625,541.7992285504586,526.6251810340218,530.484932134253,5914361
2018-05-25,531.8472900390625,543.9183975003211,526.7388315434898,541.0803650027808,3547180
2018-05-28,511.0350646972656,540.3235700538079,501.27221418110605,540.3235700538079,8983562
2018-05-29,513.0025634765625,519.548974715588,509.5212632589506,511.6403175736674,2684315
2018-05-30,520.1166381835938,523.1438721635637,513.1161596049132,513.1161596049132,3744400
2018-05-31,539.1126098632812,543.237226140979,516.4840595095598,519.1707209114584,7789699
2018-06-01,530.6363525390625,546.0373886129112,528.4037579972696,538.8477071273635,4585884
2018-06-04,528.4794311523438,542.6317610771207,526.2847139482224,528.2523978128734,2864750
2018-06-05,530.7120361328125,540.9667835284363,527.7604640861034,532.0364511962456,3710175
2018-06-06,523.5223388671875,534.6852655000621,517.8841056684682,533.5500526221426,2793493
2018-06-07,531.1660766601562,532.7175711830246,516.9002535848426,525.6035521444703,3166739
2018-06-08,535.0258178710938,545.8860021722832,532.4148191146618,533.5500319485949,4572713
2018-06-11,540.5126342773438,546.3400689046954,533.9283911579187,536.5772208801762,4023019
2018-06-12,536.6529541015625,543.8805131085877,534.5338992823837,541.1938056534875,2200939
2018-06-13,540.2098999023438,541.1937417173111,534.6095446984159,541.1180793438233,2429450
2018-06-14,528.8578491210938,543.3129213334854,522.1979425701793,538.0909234310109,4483300
2018-06-15,535.2529296875,538.847770855426,526.1333944893591,531.6580885195741,3273882
2018-06-18,537.7503662109375,540.4749050113379,530.787717532492,538.0909393349792,1693522
2018-06-19,526.549560546875,538.8476997619475,525.6035498380232,536.5394428707351,2008178
2018-06-20,522.6140747070312,530.1443281496832,520.9112556658653,529.6902615488082,2117024
2018-06-21,518.640869140625,531.8471870434108,516.2947812071009,525.7548877002245,2599578
2018-06-22,523.0682983398438,524.3170048528171,514.2514594038291,519.1707154540497,1604665
2018-06-25,526.852294921875,529.6903270078753,522.9547123803299,524.4304983034357,1850829
2018-06-26,520.5707397460938,529.6903196764268,516.2569679886229,525.981939325276,1687463
2018-06-27,540.5504760742188,542.5560370943515,522.1978697811844,523.7114867950429,5570107
2018-06-28,502.7101135253906,546.2266081098242,498.92607051804856,541.9127898430679,8192199
2018-06-29,496.0502014160156,511.4512378035576,479.93018762688865,510.01332919231817,10890801
2018-07-02,497.3745422363281,506.68327730085684,484.3574271434628,497.9421485962619,4422723
2018-07-03,500.13690185546875,504.18585523269286,495.1798151898273,499.45580188915574,3506534
2018-07-04,495.33123779296875,503.58047016117524,493.43921625823623,503.542592776935,2070241
2018-07-05,489.39019775390625,501.80182849409243,488.14144534717974,501.0071888679581,2864186
2018-07-06,480.49774169921875,492.7201714262472,479.05978705277977,491.6984984140423,5193752
2018-07-09,487.2712097167969,490.67684849426223,482.0870891656503,484.35751501729385,1990065
2018-07-10,492.4931945800781,500.2504827006249,488.36857848735247,491.16877953510675,3496172
2018-07-11,495.2554626464844,506.9102849316579,492.72012665203965,495.70952923466353,5529491
2018-07-12,490.1849670410156,502.5209386767726,488.14157446764807,498.96392881823397,3416881
2018-07-13,485.15216064453125,495.7096502196571,480.9518820070108,489.6551812093407,3194276
2018-07-16,497.4502258300781,500.6666620069243,482.9952017238458,487.34685066899056,2856991
2018-07-17,489.5037841796875,503.20204730125744,487.8009648612109,494.9528152371987,2658597
2018-07-18,489.1253356933594,495.6339166599664,484.3574512707977,491.9255364469039,2568607
2018-07-19,486.0224304199219,495.67173884418935,484.35744247303575,489.12532680899466,1610766
2018-07-20,499.0774230957031,500.818073576586,487.00631710847466,487.4603837758599,2868824
2018-07-23,490.82818603515625,500.21263072639385,483.97907775411323,497.98003621924397,3696991
2018-07-24,485.4927673339844,495.6340221042512,483.6764080285248,494.68801125597764,3855335
2018-07-25,477.81103515625,489.0118380775877,474.6703075493542,487.3846813014415,2269581
2018-07-26,489.18841552734375,491.1620323490326,473.97991202896833,482.957957732055,3542338
2018-07-27,499.2888488769531,502.8104559575688,482.68720287728496,489.8464371462321,3040306
2018-07-30,507.2994689941406,509.8535646900477,500.21761310873535,501.53337369131066,3393232
2018-07-31,526.880859375,530.09285853726,511.5949291911495,511.5949291911495,9680690
2018-08-01,527.1517333984375,532.1051676732853,520.5729785981133,529.7058759948295,2887901
2018-08-02,517.7866821289062,528.8931488662357,515.8517543182602,525.3715896987494,1958340
2018-08-03,512.949462890625,522.3919219005921,506.7576926859852,520.1086971897397,2862463
2018-08-06,516.3162231445312,520.8439834863111,512.9494669648005,512.9494669648005,2226904
2018-08-07,509.8533935546875,522.2369294892226,504.62908933230545,518.5605672586574,2689721
2018-08-08,506.0997619628906,516.1613870735688,503.4682411150868,510.82096715750544,2074919
2018-08-09,500.14019775390625,509.66003404443103,498.36007344583305,506.951134850573,2146227
2018-08-10,499.94671630859375,502.92648659372963,490.77512905742174,502.19120449080725,3135726
2018-08-13,510.7822570800781,516.7805333421426,500.75932149106126,502.3072637522392,5306724
2018-08-14,520.7277221679688,524.3653956149577,511.20788753310643,513.1428151922022,5529769
2018-08-16,517.5157470703125,526.8420885152725,514.110255649346,522.4304442052066,3624795
2018-08-17,532.2599487304688,534.040072858775,510.35657547994776,515.4647659767306,3955484
2018-08-20,532.4534301757812,539.844844767359,524.9459010228834,530.170205972245,3577624
2018-08-21,549.05517578125,555.0147160951551,537.4456080433278,537.9099718570637,7918861
2018-08-23,562.4060668945312,571.1906191744039,548.7454593423473,549.519430371039,11534012
2018-08-24,556.136962890625,570.4167401203613,551.5318250794837,564.6119564692043,3625878
2018-08-27,571.1520385742188,574.2866123880151,557.2592465220631,557.2592465220631,2968641
2018-08-28,569.7200927734375,579.6269603834508,568.288265172017,573.4351917469154,3782709
2018-08-29,568.443115234375,573.7061095571272,559.1554615214772,571.1907033432174,3627848
2018-08-30,566.4694213867188,570.4166547831996,557.4526399017633,568.4430380849592,4304298
2018-08-31,592.7071533203125,594.9903778768038,565.9664570047646,568.0948778687141,7276056
2018-09-03,577.1116943359375,600.9886890354456,573.8996946809826,594.4099332636475,3610990
2018-09-04,591.2365112304688,593.5584244089006,578.4659887490938,581.4070693272184,4488658
2018-09-05,592.9780883789062,603.1944710235188,586.0897254011559,592.01062432245,6093648
2018-09-06,599.8663330078125,603.6974996651157,585.3156847714664,593.6358746706971,3982477
2018-09-07,597.6605224609375,599.8276322003521,591.4687533543532,599.8276322003521,2059329
2018-09-10,593.0553588867188,601.0659409233738,587.1731973876668,599.0536349472369,2820247
2018-09-11,578.3112182617188,598.898830728959,571.5389711028309,597.5056921898772,3817364
2018-09-12,572.5838623046875,581.9489418084099,563.9153757499727,580.4783776891502,3934021
2018-09-14,588.5665283203125,589.6113707572616,558.4590236146291,572.6614263699169,3591403
2018-09-17,594.0615844726562,598.0862441562148,584.3482553710024,587.8311257672534,2233000
2018-09-18,584.1160278320312,595.8416622398122,580.4783540322062,595.8416622398122,2206998
2018-09-19,595.9190673828125,597.50569871519,581.4071090267117,585.8961320303093,2025718
2018-09-21,571.2293701171875,595.4546564898886,536.3619809479011,592.0879010463843,4434535
2018-09-24,581.6007080078125,591.314037793306,570.8424886862093,572.7387277055582,2811682
2018-09-25,587.2506103515625,598.0475173472671,576.6858852530822,581.6006304016714,2812964
2018-09-26,579.5882568359375,594.5259373084365,572.0033492748523,587.0957861804656,3224771
2018-09-27,577.4212646484375,587.4055130675001,570.5716377084825,579.5883747869941,3479414
2018-09-28,576.9954223632812,585.1221184529049,561.1290157121111,571.1906394421214,2971384
2018-10-01,587.8698120117188,590.9270076814057,574.0544450697618,579.704425348229,2233369
2018-10-03,580.594482421875,604.3166700444445,576.144148268339,591.3139640524381,5236214
2018-10-04,557.1431884765625,574.9832636786056,551.8415042807279,574.712345395944,6561009
2018-10-05,553.0023803710938,560.277727993939,538.2969286887273,555.711279365214,4769105
2018-10-08,537.83251953125,556.7948108905377,529.1253449274955,553.002333722902,2643927
2018-10-09,538.7613525390625,545.6497153592377,534.5819362544519,537.9100030846386,2729413
2018-10-10,541.2379760742188,552.6153605931435,534.8527145547602,535.665374754802,3409416
2018-10-11,538.2581787109375,543.3663687692703,524.4815034038012,526.3003164841083,3611423
2018-10-12,536.981201171875,543.7534490717352,532.492177726144,535.626751591903,2727205
2018-10-15,537.5616455078125,549.0551452733987,527.4226424758409,536.7489852592032,4146878
2018-10-16,556.2530517578125,563.141366361908,537.561630368942,537.9099268198086,2889306
2018-10-17,557.646240234375,568.8688224458926,555.4017048962905,558.0332258278756,3320857
2018-10-19,534.6593017578125,550.7192043454187,532.8017991997857,549.5195584192954,2049802
2018-10-22,523.6300659179688,534.0399852227348,514.4198394440235,532.4920432365819,3293136
2018-10-23,517.2062377929688,529.318905579823,515.4648026488846,523.2045144003694,1656193
2018-10-24,516.5484008789062,522.4305631384616,499.985398203624,517.0127647059146,3180852
2018-10-25,504.164794921875,515.5808686805254,502.34593448784545,511.4014058324271,2142283
2018-10-26,505.6353454589844,508.4216699570473,495.65114591608074,507.6863879128591,1397821
2018-10-29,514.1103515625,517.8254037442672,498.4374353123824,513.1428875964433,1942428
2018-10-30,530.2476196289062,535.9363359643389,509.19564199516884,509.27302021492284,3825436
2018-10-31,575.7572021484375,579.5496327346456,520.4569497332094,537.9099910748702,13010741
2018-11-01,557.8009643554688,578.1563942222311,552.6927269062235,578.1563942222311,3999401
2018-11-02,534.7367553710938,563.3349552590233,532.105234226048,558.4976349478774,4445407
2018-11-05,538.954833984375,548.5134067856762,534.1175139147247,535.5880781116799,2782174
2018-11-06,537.5616455078125,545.2626677939562,535.2784211983297,538.954784111064,1752227
2018-11-07,539.6513671875,541.005816656956,536.3619899045357,541.005816656956,111376
2018-11-09,547.3524169921875,550.2934979694505,538.8387341825336,544.8756998178525,2573761
2018-11-12,560.7808227539062,566.0438174588998,536.4394190989264,547.3524413478433,4696550
2018-11-13,563.4896240234375,572.2354876038103,555.7112242736247,557.2204772971871,4401141
2018-11-14,541.9732666015625,563.3735865634367,535.6653831962474,561.1290514618105,3367710
2018-11-15,553.3119506835938,558.7297483091564,539.7287202736619,543.3277047349927,4485617
2018-11-16,563.4509887695312,566.779055216846,550.2934794163966,553.1571820764393,2874046
2018-11-19,566.9725952148438,568.6753413090494,560.5486436789098,564.9989780954148,2212804
2018-11-20,549.287353515625,566.9338868953299,544.914397471778,566.9338868953299,2667937
2018-11-21,534.5431518554688,549.3646698756293,529.5897179869224,549.2872916624583,3108345
2018-11-22,534.6593017578125,549.5195584192954,530.5185746852231,543.8695780411849,4031353
2018-11-26,537.5228881835938,540.8122651091232,519.3345687130186,532.4920764151368,2993915
2018-11-27,537.2521362304688,548.203800547296,530.2089698507154,538.45178216235,2560757
2018-11-28,539.8449096679688,546.3462866156652,535.5880680863575,542.5538088562668,2767316
2018-11-29,532.1051025390625,546.4235671164772,530.3636676580255,546.4235671164772,2351937
2018-11-30,546.385009765625,549.4422056307625,531.6795561130477,533.1113840202795,3292579
2018-12-03,551.6092529296875,555.440419603949,544.6435125181031,547.0428042085352,2410009
2018-12-04,560.0067749023438,560.9355496618498,545.301324135079,551.6092074389212,2896702
2018-12-05,562.5609130859375,572.6612744138,550.3321783289556,550.3321783289556,4864922
2018-12-06,538.9935302734375,560.3551152174381,534.5044597909088,560.3551152174381,3467903
2018-12-07,537.3294677734375,544.8369973328181,530.2863492450356,540.2318595691169,2423892
2018-12-10,532.4147338867188,545.6496206841296,526.3390324616743,531.718141007088,2334813
2018-12-11,538.1421508789062,548.6681872485294,530.1702571894948,534.0401130813889,3495336
2018-12-12,545.9204711914062,550.4482302602593,534.4657088901064,541.7797448940652,2355119
2018-12-13,548.977783203125,551.8414861979055,539.5353247627875,546.423687595682,2593714
2018-12-14,551.2222290039062,554.7824771819236,545.7270058289438,548.8616265876482,1982037
2018-12-17,557.0657348632812,559.194155524447,550.6804728797841,551.4544440292989,1435014
2018-12-18,548.7454223632812,554.5888937882322,545.0303711238014,553.389248222491,1905592
2018-12-19,549.0936889648438,552.653936368002,535.5105085113673,548.7453925964086,2702676
2018-12-20,547.7781372070312,554.9373710737427,543.3278026412377,543.3278026412377,1817880
2018-12-21,538.490478515625,552.2284677267675,536.3620576519269,549.5195684456971,2063928
2018-12-24,540.1544189453125,545.5722163379859,534.5043924442548,541.0057682112406,1472565
2018-12-26,536.7877197265625,540.1545228116503,530.9442465772834,538.606580401804,1881689
2018-12-27,548.6680908203125,552.2283387193621,538.7999600303028,543.3276717322946,3018106
2018-12-28,552.6152954101562,556.0207867146228,549.5194114022562,549.5194114022562,1863654
2018-12-31,559.6972045898438,562.2512997022677,553.466699613281,557.2591767955847,1814655
2019-01-01,556.5626220703125,558.3814825740018,553.3893593252063,553.3893593252063,815535
2019-01-02,551.1060791015625,564.7666870892548,548.9389696000258,556.6013019241295,2576769
2019-01-03,535.0076293945312,554.1634179334313,530.3638018699495,553.4281357941479,3558015
2019-01-04,527.1517333984375,539.4965827363478,520.4956003785954,537.4842766343817,3926171
2019-01-07,532.1051025390625,534.6978866883841,528.2739363528923,530.1701748934659,1885000
2019-01-08,533.923828125,535.897491791599,530.3248916376892,532.4920007976995,1300906
2019-01-09,536.90380859375,542.8633960341775,529.3962788175985,537.290794177681,2183998
2019-01-10,537.5616455078125,539.4191951384474,533.3822296980579,537.9099419684877,1454656
2019-01-11,541.1605834960938,542.7472147472877,531.7181269609791,537.1359244700429,1849817
2019-01-14,526.184326171875,544.1791574182132,523.9011488160544,544.1017791903552,1558602
2019-01-15,546.6170654296875,550.1386243325314,527.8869561822963,528.5835490375599,2491520
2019-01-16,541.702392578125,545.6496262981198,539.4578574890631,545.6496262981198,1922647
2019-01-17,546.0755004882812,548.8230894533618,538.6840832195835,541.3929830633601,1434040
2019-01-18,548.8616333007812,552.7701779708432,543.5985919444568,545.6496342882698,1888004
2019-01-21,552.5380859375,558.3428702249532,548.7456079739151,549.7904502498744,2586962
2019-01-22,552.7701416015625,557.2591643106202,543.1728815426574,552.615337941365,2839669
2019-01-23,557.8009643554688,561.8256234016919,550.2934354645332,552.6153486943414,1965283
2019-01-24,563.2575073242188,564.9989424207209,554.5503318417076,560.355115496715,1849102
2019-01-25,564.2636108398438,569.0235519148548,560.3550663031598,566.5468349915925,2528541
2019-01-28,568.9849243164062,571.1907232543315,558.1493279403078,566.7016999178381,1804582
2019-01-29,566.1598510742188,574.5961548322105,558.3427619784052,569.0235535487308,3100457
2019-01-30,553.0797119140625,567.6304059317945,550.8739132436386,566.5468275298117,2139900
2019-01-31,566.4694213867188,570.1844729197791,555.7112050669435,555.7112050669435,3253640
2019-02-01,577.846923828125,580.9428088681674,563.4510772877107,567.2822444726545,2260029
2019-02-04,579.8204956054688,582.2197872320144,570.1071200541729,579.704381039254,1518373
2019-02-05,581.2522583007812,588.2179977477946,572.893380412254,582.0262293504494,2446263
2019-02-06,627.9614868164062,630.3995148857781,599.0536826538886,606.7933943160834,14860848
2019-02-07,623.0466918945312,631.7151770557352,617.7062727825149,626.142576077858,4966655
2019-02-08,623.472412109375,633.1083617824372,619.176881938814,619.176881938814,5242725
2019-02-11,626.4523315429688,629.9352020728827,622.27286801129,626.1427241556389,2541742
2019-02-12,623.1629028320312,630.7091216960671,616.4293442439244,626.8392658683564,2416559
2019-02-14,623.7433471679688,628.2710593435287,619.4865059897866,623.6659217119691,2464657
2019-02-15,618.9061279296875,622.8920515168894,601.5691530627183,622.8920515168894,4312334
2019-02-18,621.84716796875,636.2043242319328,619.5639434886401,630.7865258503957,3851335
2019-02-19,612.211181640625,626.1426623859236,610.5471247669342,624.5947200808904,2372030
2019-02-20,628.7740478515625,631.7538172515518,607.7607166882464,614.5716519163934,3340240
2019-02-21,635.159423828125,650.135746229416,626.2200195259115,630.0124969413627,14193982
2019-02-22,639.3002319335938,642.2026240277232,633.1858403595123,638.4488824817643,4789937
2019-02-25,642.899169921875,644.6406050507604,636.5912860036872,642.5508734482077,2881535
2019-02-26,644.9501342773438,648.8974153907224,635.1206914617467,638.5261833353146,3319590
2019-02-27,638.9906005859375,648.5491732011684,635.1207446055491,647.3495272951385,3703224
2019-02-28,642.51220703125,648.8974693960246,638.526236477458,644.7180060433001,6409662
2019-03-01,643.7891845703125,647.4268583748814,641.6994530451815,643.1700171064273,3820707
2019-03-05,626.9166259765625,638.2940112292123,625.4073727994697,636.5912652663243,4927644
2019-03-06,637.4039306640625,642.1638721288286,628.4645733360518,628.4645733360518,3999053
2019-03-07,625.5621948242188,638.8745083252813,624.0142524924545,637.4039442143248,2306250
2019-03-08,627.9614868164062,629.6255437195586,621.1892391119857,627.0714483189245,1437045
2019-03-11,624.7108154296875,630.3221061127957,621.498816349784,628.4645565081253,2699806
2019-03-12,622.8145751953125,629.8190044450917,620.0669871430116,627.6905838463525,2793702
2019-03-13,611.3985595703125,631.5604999049259,609.8893062807373,626.0653232745736,4815576
2019-03-14,610.237548828125,615.307050297783,599.8276276487821,613.0625151178982,3112666
2019-03-15,618.6351928710938,624.9817663863132,609.115356217992,614.5331548120529,3854238
2019-03-18,610.3536376953125,623.5885728709734,605.4389397265817,623.0080945011492,3379301
2019-03-19,615.0361938476562,617.2033036218958,606.2129038332058,614.1461081285015,2413153
2019-03-20,611.3211059570312,623.9755628521274,609.3474889335981,616.855018684169,3331375
2019-03-22,610.4697265625,617.6289594889065,606.1741962545458,614.9200605437796,2815749
2019-03-25,611.127685546875,615.6554457433725,608.6510153163829,612.9852354592007,1861646
2019-03-26,596.5382690429688,612.9077779034052,594.5259629312735,611.5920174890888,3169827
2019-03-27,592.04931640625,598.2797755131857,589.4564843782695,596.731833015092,3893738
2019-03-28,597.2734985351562,605.2453913000425,594.4484851659184,595.9577382366147,3908706
2019-04-01,607.954345703125,615.1522680375889,602.9235331670711,605.9033032349536,3433947
2019-04-02,613.3334350585938,614.5330808693279,607.6060297668027,612.1724783566996,2596840
2019-04-03,601.9173583984375,614.029978262401,600.7950908099044,613.3334325877399,1467406
2019-04-04,599.4406127929688,605.0519032290554,593.8293223568822,602.0721334104984,1751584
2019-04-05,601.569091796875,609.1926889245093,599.4406710796779,602.9235413441822,1367411
2019-04-08,609.2314453125,611.4372443234554,598.5893413764904,603.4653504592806,1368825
2019-04-09,611.050048828125,617.3966198977864,609.3473033353715,611.7079052224124,2128462
2019-04-10,611.6307373046875,618.3642961540976,608.3413597234854,608.3800488353737,2497013
2019-04-11,604.4327392578125,615.8875020759925,602.6138788313563,611.746775591807,1854222
2019-04-12,607.8381958007812,608.6121669151845,599.4793172131162,602.9234981201,3162714
2019-04-15,617.0098266601562,618.7125726833939,607.5673689307937,607.8382399447275,3317405
2019-04-16,617.7064208984375,622.8146593694653,615.4232435573202,618.4030139024951,1868910
2019-04-18,619.4476928710938,626.1425611537434,617.7062580594795,622.2727060168228,6307643
2019-04-22,623.3177490234375,627.5359019308929,618.2482466070826,619.7188109291357,1833972
2019-04-23,623.008056640625,625.3299699788178,619.2155792924646,624.2077024174683,1214892
2019-04-24,633.6889038085938,634.656367783874,623.8207712607347,624.594742440959,2710117
2019-04-25,631.9474487304688,640.074145866623,629.586846153095,634.6563477758535,5447101
2019-04-26,637.1717529296875,639.9580301900529,631.9474476369145,631.9474476369145,1996703
2019-04-30,647.1172485351562,648.5878125907478,637.0556237574955,639.2614698408829,2783771
2019-05-02,647.8138427734375,655.166568587473,641.6994518849335,646.1885222787463,3241791
2019-05-03,632.6441650390625,645.8403663713796,629.2386723935472,642.3961846084185,2329144
2019-05-06,634.7724609375,638.913187716198,626.9166348275231,626.9166348275231,1247845
2019-05-07,630.5155639648438,637.9843565994079,626.6843976421103,636.2042325498946,1810222
2019-05-08,620.95703125,630.0898811816878,618.8672997406815,629.2385318302187,1270071
2019-05-09,626.6456909179688,630.5929244489347,618.5576838505752,619.9508223180076,2024710
2019-05-10,625.6782836914062,629.5481393618393,619.4865146187133,627.2262259595794,1429055
2019-05-13,632.5665893554688,639.0679656841959,626.2974421551913,628.1549445066502,3719275
2019-05-14,611.4758911132812,633.7275614393792,608.8056812262596,633.7275614393792,2701861
2019-05-15,611.6693725585938,617.9385670344312,607.99300970331,612.2111617956832,1662095
2019-05-16,610.9340209960938,615.1134835042308,604.7422526814869,610.3922790601202,1233818
2019-05-17,607.4512939453125,613.7591782926518,601.0273422584884,613.7591782926518,1608854
2019-05-20,603.1944580078125,611.4372704867384,590.5400473182043,611.4372704867384,3754370
2019-05-21,598.3184814453125,607.4126438772317,594.4873142069529,603.6975912252753,1669926
2019-05-22,580.4396362304688,593.9067050346329,575.9893024028805,586.670094141203,5888740
2019-05-23,575.2928466796875,589.263018925732,573.1644256459853,588.2181765867889,3764857
2019-05-24,569.5266723632812,580.4010052043634,566.5855913351446,580.4010052043634,3591853
2019-05-27,561.941650390625,571.1906135401459,556.8721496505893,570.4166425190888,3672605
2019-05-28,570.5328369140625,577.9629408602765,562.6770110551336,562.6770110551336,5583587
2019-05-29,571.8485107421875,579.1238577540879,567.8238989375913,570.3779940411067,2058402
2019-05-30,568.868896484375,577.3825806494473,567.2822647924123,573.8997098546449,3367426
2019-05-31,588.4888916015625,591.1591012746319,571.3067714223938,572.738599024176,5503111
2019-06-03,586.3604125976562,591.2364677049543,579.7042808719391,591.2364677049543,2826290
2019-06-04,579.1625366210938,590.3077388168762,578.0015800273433,585.3543051210962,2332547
2019-06-06,571.190673828125,579.9365378412895,568.0174112026365,579.1625667385414,3225967
2019-06-07,581.0588989257812,582.5681522669859,564.5346321178463,571.2681440041437,1569343
2019-06-10,594.5647583007812,595.4547969464066,583.6130455801234,584.6966242889688,2539412
2019-06-11,589.8433227539062,596.538191282632,587.6375241405623,595.957712990758,2069998
2019-06-12,578.8916625976562,591.5460705071445,575.2926782801974,589.7659465206534,3056823
2019-06-13,575.9119873046875,582.5681683876759,571.5777672074279,575.8346090755942,2385606
2019-06-14,572.9320678710938,577.8855014705188,569.1009017383527,575.8344592990122,1348083
2019-06-17,570.0684204101562,575.1766581585678,568.1334926053296,572.7386302287068,1333739
2019-06-18,573.9382934570312,576.14413956522,569.6814521570824,571.113327119826,1645116
2019-06-19,569.3331298828125,576.0666879908077,564.6506141130423,574.2865638848762,1945921
2019-06-20,561.5547485351562,565.7729006761859,555.5951613373257,558.8071604489826,4139025
2019-06-21,573.0869750976562,575.8345633647455,562.2900675866769,564.2249955549723,7280809
2019-06-24,563.64453125,571.190750514933,562.6770672416752,571.190750514933,1242655
2019-06-25,560.6259765625,563.567104687105,557.259220998083,562.6770189800088,1451025
2019-06-26,555.7886352539062,565.6567669074482,554.4729221583254,558.2653522540573,2781711
2019-06-27,543.2891845703125,556.4853862996227,535.3172893187804,553.7764866444785,8567309
2019-06-28,546.8880004882812,553.3893771010529,544.9530725963195,547.1202296268771,3421172
2019-07-01,545.3787841796875,550.4482857125819,543.5986127612877,549.2873289994251,2073961
2019-07-02,550.796630859375,551.8414730977898,541.9733401637129,543.3664788947507,2432132
2019-07-03,542.6312255859375,552.1897988866062,540.6189192276157,551.8415023755047,2040614
2019-07-04,542.2442016601562,547.0041434169408,539.4579242470573,542.8634164092475,2838357
2019-07-05,527.1517333984375,544.1017205444648,524.9846236179854,542.1667926620165,2813644
2019-07-08,526.5712890625,530.7507524544593,515.0778355937917,526.3004180372327,2293102
2019-07-09,523.1270141601562,529.3961603208106,517.4769881078699,527.0742473369475,2180104
2019-07-10,522.314453125,530.0154761264312,517.0127692226155,519.3733719695285,2468773
2019-07-11,515.2325439453125,523.7462256029235,509.5825646567868,523.7462256029235,3449721
2019-07-12,515.3099365234375,520.8051595447806,513.142826943511,514.6907691062364,1792810
2019-07-15,524.6749267578125,526.8420359734648,515.3485390035279,522.430392103371,1883164
2019-07-16,523.165771484375,527.5386798305599,518.9476195657425,526.3003449734599,2015642
2019-07-17,534.6593017578125,538.2969758881972,520.9213127973301,523.1658481993312,3271680
2019-07-18,531.8729248046875,537.3294113598041,526.3777019048022,531.988992120659,2984256
2019-07-19,522.46923828125,535.2010737052079,514.2264735157955,531.8730070620899,2005513
2019-07-22,520.0700073242188,525.5264953613009,518.5607538911217,519.3347251655861,1286218
2019-07-23,519.4894409179688,522.8561964961085,515.2712887383864,521.0760723141099,1462269
2019-07-24,511.1693115234375,526.1456360225555,504.2035704095304,518.8315984050621,3060459
2019-07-25,515.9531860351562,520.0254795287875,507.2551246613835,512.2367319774982,2751865
2019-07-26,508.836669921875,514.7671672403118,506.8993644786835,513.7392240242849,1637706
2019-07-29,511.05059814453125,517.6532459711402,506.859723963944,506.859723963944,2524484
2019-07-30,506.2667236328125,514.2135793805611,500.6525395207226,510.0227047921344,2882913
2019-07-31,503.103759765625,505.9108516410901,480.0934538695574,497.3709467859774,9651731
2019-08-01,494.7220458984375,500.88975271269715,489.4636529390819,499.78270737519966,3982949
2019-08-02,503.024658203125,505.3572812055608,488.98915189102604,494.2079687358782,2172845
2019-08-05,512.4343872070312,514.8065856339714,494.44521580273477,499.0710316927685,3140140
2019-08-06,530.2655029296875,537.5797827994622,514.0554772723491,514.0554772723491,7226321
2019-08-07,533.3096923828125,536.51215024467,530.0281322914985,531.2142313708898,3239880
2019-08-08,537.8563842773438,540.7821048767873,525.8372377617201,532.9538319569915,2708834
2019-08-09,524.53271484375,538.2914883119995,521.6860953563594,536.9077055656961,3743407
2019-08-13,505.39691162109375,523.8605040435133,502.90608388177276,522.7534587677035,2716622
2019-08-14,521.1719970703125,523.8605080392128,505.19923226538305,505.31781323423,2627043
2019-08-16,521.0928955078125,522.6743610480487,510.9319987167945,519.4323759955638,3067796
2019-08-19,530.0676879882812,533.2701942861108,523.0697223457969,523.4650887270107,2871173
2019-08-20,528.9212646484375,537.698380675042,525.5606497692185,532.9539831984976,3913608
2019-08-21,532.0050659179688,533.7446878865443,529.2375008696681,529.7910235318292,2106655
2019-08-22,539.8728637695312,540.8612798511306,528.2886079881861,531.8864811352106,3353812
2019-08-23,540.7425537109375,549.0848225546372,537.2238317010303,541.0588661053652,7015461
2019-08-26,546.5150146484375,547.9778510786394,529.9491522108036,545.4474963706533,1767289
2019-08-27,534.8121948242188,545.487089317816,532.3214150665507,545.487089317816,3160545
2019-08-28,545.7637939453125,548.333675572307,534.535378414867,534.535378414867,2749273
2019-08-29,546.5150146484375,548.7685839084788,538.4890571205677,540.9798848395624,2789979
2019-08-30,548.4918823242188,554.066539483922,534.4167984295005,547.9778866464603,3067856
2019-09-03,557.0713500976562,566.8764577507233,551.9315860442357,551.9315860442357,5044667
2019-09-04,556.0830078125,561.2227725487692,547.3454174133454,557.466790626111,2027768
2019-09-05,549.9152221679688,561.4203765705395,546.4359779940778,561.4203765705395,2019839
2019-09-06,570.7114868164062,580.7538045846935,566.441509729888,566.441509729888,10663234
2019-09-09,563.7135009765625,571.6998839227633,561.4203562726998,571.6998839227633,1754023
2019-09-11,556.4386596679688,571.8974756624812,554.5013547297822,567.7461286217235,2702792
2019-09-12,557.9014892578125,560.787683137289,548.7685355308008,554.3827188227308,3282740
2019-09-13,561.02490234375,562.4482116823973,554.303673774445,557.6642880590975,1073430
2019-09-16,568.892822265625,571.8975977794723,561.499440333024,561.499440333024,2500556
2019-09-17,558.2178344726562,569.2485667772439,552.8408610402678,569.2485667772439,2948429
2019-09-18,566.7578125,567.8252826220988,555.0154481068862,561.4203653644926,1666369
2019-09-19,556.1619873046875,565.9275679528579,553.5130512927894,565.9275679528579,1570183
2019-09-20,554.1849975585938,566.3227735502005,550.3894902232275,554.540836928705,3394351
2019-09-23,539.9124755859375,557.4272306086215,533.8238219141967,555.8852916265718,2256769
2019-09-24,556.5574340820312,558.178475433314,540.6241921924154,542.4823955420369,3128057
2019-09-25,558.1783447265625,561.380803154466,551.9315358326244,556.715459979246,3512690
2019-09-26,564.3460693359375,566.1647453178374,554.9363287051223,557.82252303863,3300104
2019-09-27,556.9131469726562,568.2601925389489,555.1339980270271,561.4203339540842,2434719
2019-09-30,564.9786987304688,566.6392186379687,550.5082952454374,557.0713691471171,2136186
2019-10-01,557.4270629882812,565.3739174907213,553.5129262146922,565.3739174907213,1709480
2019-10-03,555.4898681640625,567.548545017446,547.6220660727962,557.6643836622137,2111319
2019-10-04,559.95751953125,564.4251314355389,555.5293863567487,557.4666916041864,2273166
2019-10-07,557.3085327148438,566.7973274203036,554.0665471621472,559.9575168609547,2578403
2019-10-09,562.2506103515625,564.5042280398324,554.9758581295692,555.7270640256593,1115851
2019-10-10,562.4483032226562,568.4183269768855,556.2805962430385,559.8784212926066,1507268
2019-10-11,570.4742431640625,572.4115483631756,551.5361811273327,554.540956404271,3785425
2019-10-14,569.9207763671875,576.1675860062887,567.3113672725348,570.1184596056083,1871571
2019-10-15,569.7230224609375,576.4442517335509,568.5369231775352,572.490587455543,1482881
2019-10-16,575.416259765625,577.0372523293295,567.5089318817014,569.4066616163435,2114943
2019-10-17,572.767333984375,578.0257268648228,566.1252068465773,573.281329653894,2177984
2019-10-18,580.5559692382812,583.3630607251579,571.4625430121351,572.84632526394,2907649
2019-10-22,567.469482421875,578.8164801805209,564.8204982613596,575.1791281619844,2825230
2019-10-23,574.5465087890625,580.7142640507793,566.4414965223901,567.4694879076804,2143330
2019-10-24,574.3488159179688,589.0960036361442,572.806925390939,577.2350102743427,2888332
2019-10-25,570.0789184570312,577.9467208033467,554.4619430095114,577.9467208033467,2785014
2019-10-27,574.6651000976562,583.0864242750897,568.1415540697159,571.6998519031379,194159
2019-10-29,596.8056030273438,603.3291488703057,573.3603553291523,575.6534998395579,3292048
2019-10-30,596.5288696289062,604.7524621498894,589.5308550863485,602.5384198658747,2232609
2019-10-31,584.3515014648438,600.442893600724,582.4537235623949,596.9636984628969,4178139
2019-11-01,601.3128051757812,604.1198971395705,585.1423087477516,585.853987617446,4136257
2019-11-04,608.468994140625,614.8739116160493,595.7777401726497,601.3128707236365,4936914
2019-11-05,611.4342041015625,613.2528800868675,604.7525015623389,610.4457879940592,3303839
2019-11-06,610.3667602539062,619.9346092809175,606.9665700878953,619.9346092809175,9486591
2019-11-07,608.627197265625,612.8180724959985,604.9502695256442,612.8180724959985,2060900
2019-11-08,609.931884765625,615.0716493037194,609.1016247619738,610.4458805244394,2368591
2019-11-11,609.1806030273438,612.4225883864932,607.3223518842924,608.8247635946316,1345883
2019-11-13,598.624267578125,611.8690422212965,589.8866796302045,607.282801549594,2434874
2019-11-14,599.6522216796875,603.7245150548025,591.7053663992465,597.7940188361895,2564424
2019-11-15,594.5916137695312,603.5268858864595,592.4961522796626,599.6522753717045,1787358
2019-11-18,594.4730224609375,599.612786638561,591.0728804267038,594.63117870352,2216434
2019-11-19,603.4478759765625,605.7014456010141,594.6311841931627,596.2126501085701,2725437
2019-11-20,609.9713134765625,611.2364666769737,597.7544818186817,604.831550173328,2343750
2019-11-21,605.029296875,616.7716611182096,603.171045605153,612.8179966238622,2102137
2019-11-22,596.370849609375,604.9107565195006,587.3564739327066,604.9107565195006,1819912
2019-11-25,603.7640991210938,605.4641941694834,593.72178158905,596.3707657746221,1837243
2019-11-26,603.8035888671875,607.1642035014618,598.0312486772877,605.701367024485,2968850
2019-11-27,606.9270629882812,608.5085288801209,598.8615772873969,603.2106084899561,1369944
2019-11-28,605.8990478515625,610.5248157308114,602.5384332305262,605.0292610193544,1096867
2019-11-29,602.103515625,610.722474408126,599.6917901757652,605.7013403045962,1236902
2019-12-02,591.823974609375,600.8778748340658,579.05362056718,599.4545171821493,4333335
2019-12-03,590.0843505859375,598.3475179786359,587.7516791790274,591.5076599700267,1838085
2019-12-04,600.008056640625,602.1430449159395,587.9493810858409,590.5983650012779,1870954
2019-12-05,604.8317260742188,606.2945629040317,594.710304477351,597.0034496153165,2475102
2019-12-06,598.9801635742188,609.931794784732,597.4382247877643,603.4873506951991,1092422
2019-12-09,593.3262939453125,600.5219908585349,590.28199219212,600.5219908585349,1435556
2019-12-10,589.0564575195312,593.0101218451036,583.0073317964038,593.0101218451036,1582428
2019-12-11,599.3360595703125,600.9570524936156,585.9331261812753,585.9331261812753,1644499
2019-12-12,598.14990234375,605.7013917661401,595.0264977859274,601.7477273290243,1184008
2019-12-13,602.4198608398438,604.0804289432488,591.6659123428255,600.1267643101527,2019424
2019-12-16,611.4737548828125,619.9346067447124,600.166283825557,603.0920052700935,5810893
2019-12-17,614.6762084960938,618.3531358338681,610.9202271722946,613.2528989101028,2421510
2019-12-18,622.0300903320312,627.8419581713086,616.8507509335833,616.8507509335833,5676894
2019-12-19,618.9461059570312,624.6789188196163,615.2691790918904,624.6789188196163,2099931
2019-12-20,619.4205322265625,622.8602489343182,615.1901309651573,619.9740548503681,2092547
2019-12-23,613.5692138671875,622.6231153790332,612.7784809537077,615.6646271304049,1887292
2019-12-24,610.4853515625,615.1506951744375,606.9665803564633,613.6087563018474,1413973
2019-12-26,609.1806030273438,616.0204131783549,607.3223518842924,609.6550234292915,1276520
2019-12-27,616.9297485351562,617.8786375604572,608.1525853792484,609.6549970245165,1363474
2019-12-30,618.9066162109375,620.6066628942948,616.0599489710662,618.9066162109375,1055528
2019-12-31,602.775634765625,617.5228215485192,600.9569588846588,616.8111426869443,3004887
2020-01-01,602.617431640625,606.3338853548547,601.2336492772149,605.7013087840813,746371
2020-01-02,605.7409057617188,608.1922066176405,601.7477144184076,602.6175012709094,1133488
2020-01-03,612.8970947265625,616.6926515243542,603.7641387397086,605.7014441338921,2121704
2020-01-06,609.1806030273438,615.8227299671263,607.4014541262856,612.6993255772123,1734439
2020-01-07,614.4784545898438,615.5854998418946,601.4313630710368,608.8642708776606,1937143
2020-01-08,608.7061767578125,620.6462725051261,606.5711882753452,608.9433869753075,2596664
2020-01-09,611.7505493164062,613.9645918632609,602.6966476343945,609.2597212871274,1678891
2020-01-10,613.8063354492188,618.2739950702098,610.8015604644149,615.9808506472675,1105725
2020-01-13,621.3972778320312,623.6508950020881,612.8573742579857,616.6924568403656,1393509
2020-01-14,629.6210327148438,630.8466589815996,619.6973450856221,621.3973917580568,1628535
2020-01-15,628.7511596679688,635.4723879809729,623.4927676239728,629.5418924106751,1759644
2020-01-16,619.025146484375,629.1860918120522,617.6413640993313,627.0511036226278,1110008
2020-01-17,615.5459594726562,622.1090320778573,613.213288053865,619.5391504709261,989312
2020-01-20,615.3483276367188,621.0811409307121,612.4621333630171,615.585537844659,1620105
2020-01-21,615.90185546875,619.4601534052462,612.8179779521182,614.5971269203662,976954
2020-01-22,615.783203125,625.0347870652213,613.7668440224845,616.7716191813804,1192201
2020-01-23,608.0341186523438,617.1275476834877,606.4131257384244,614.5971925614501,2018777
2020-01-24,622.5439453125,623.6905175646438,603.5663574563333,604.9896668930455,2364265
2020-01-27,625.8650512695312,629.621032309999,616.4948862946286,621.5160205910948,1175606
2020-01-28,628.0394897460938,629.2255888768701,620.4088993664335,626.6557074268546,1506685
2020-01-29,635.8677978515625,638.279523229302,627.4860012479847,630.1349850747639,2565136
2020-01-30,625.7464599609375,638.8726550343375,619.9345924616123,637.0144037652461,2493688
2020-01-31,629.8977661132812,634.5631092118649,619.1438187076513,630.0954493248737,3081521
2020-02-03,627.1697998046875,647.3730151307744,625.0743383786188,638.9121637064187,3383074
2020-02-04,641.3634643554688,642.865876237164,628.0791606982725,628.0791606982725,1779834
2020-02-05,643.6961059570312,645.2380447606148,638.1214486786962,640.4936473726691,1613898
2020-02-06,646.5823364257812,653.1058831982889,640.5332101135433,642.6286717151705,1553656
2020-02-07,651.919677734375,652.7104105478651,643.8541933842763,646.5822312433171,1397438
2020-02-10,643.3798828125,654.0152023591644,641.6797876683258,653.9361483693228,1098971
2020-02-11,648.3614501953125,649.8638137459268,641.3239080891258,642.8658468946954,1143705
2020-02-12,649.587158203125,653.5012961978131,645.8707034580423,648.401058705493,1394424
2020-02-13,654.726806640625,656.3082723571483,643.9332838203525,650.6149861251639,1737974
2020-02-14,659.58984375,662.6341459988114,652.3941456653026,653.9360844164881,2143044
2020-02-17,658.8782958984375,661.8435447548661,654.2920539863306,661.0132847275688,793328
2020-02-18,663.2666625976562,664.2155516095985,652.6312967914073,652.6312967914073,1507814
2020-02-19,664.9271850585938,668.0505407936157,661.0921022850595,663.4247735370036,881874
2020-02-20,655.991943359375,668.8809272338771,653.8965302953472,664.3342134135779,1066232
2020-02-24,648.4800415039062,667.2995234101585,645.0403726434184,655.4780567291324,2917544
2020-02-25,650.0614013671875,653.7778550984603,639.7423482052219,649.9823473939153,2479975
2020-02-26,641.64013671875,652.7499228457569,639.0702551327431,648.4008924694375,2212784
2020-02-27,639.8214721679688,648.1636936564244,632.7444038698237,638.1213773223946,1907768
2020-02-28,588.6215209960938,638.9121082299887,578.8559418694841,624.5207614861696,5959364
2020-03-02,596.7567138671875,604.6915820874575,588.6215196006171,594.7128989982299,3784522
2020-03-03,602.9683837890625,607.2564377395844,594.7930747701889,601.1249437455109,2168900
2020-03-04,618.1968383789062,621.0421531262547,599.5219012392123,604.3309004470135,2685540
2020-03-05,606.0140991210938,628.3759675335904,603.0084742763859,617.1149028993533,2126955
2020-03-06,593.4305419921875,600.9245464446693,586.2170429351658,597.9990522592309,2004893
2020-03-09,564.8971557617188,585.0949643137446,558.2847811650223,573.0724650470238,3429034
2020-03-11,567.9027709960938,572.1908250140094,533.798958435536,545.8214574993995,4626185
2020-03-12,520.854736328125,553.0349797156833,510.6356117029439,541.8139801272491,3796919
2020-03-13,525.743896484375,537.0049608800898,421.50883886165957,483.5048397774839,4553639
2020-03-16,483.6250305175781,508.79209653173797,473.68641277971324,508.79209653173797,6499354
2020-03-17,477.253173828125,495.28692341414273,467.51492948380474,480.89998896047325,3333465
2020-03-18,464.5894470214844,489.9168248615929,457.37594775971854,480.8999507843857,3548257
2020-03-19,424.79498291015625,462.98647594155284,419.1844831358712,440.54447684441254,4931298
2020-03-20,461.9443664550781,477.25304120123394,420.867503813149,420.867503813149,6315992
2020-03-23,390.4908142089844,434.4130049227759,377.8270993895756,432.81000490461065,2912669
2020-03-24,403.55523681640625,427.96092080304174,390.3304872484406,390.3304872484406,4082147
2020-03-25,422.1500244140625,435.09421897772546,406.40053116576394,407.9634658187489,3664272
2020-03-26,412.93280029296875,452.7673591613353,411.16949054956166,432.28899549627374,5979874
2020-03-27,404.0361022949219,431.848133998474,399.14694803941967,420.78744522227976,4672139
2020-03-30,422.23016357421875,426.6784785096038,389.2484455472644,395.9409750169475,4138337
2020-03-31,453.2481384277344,461.0627615040746,423.0716512881542,430.4053940507398,3652911
2020-04-01,409.7267761230469,449.0804033220992,408.7649664181283,448.83996312578796,4114437
2020-04-03,417.5013122558594,427.31968590805343,408.8450987682278,411.7705684746695,5826085
2020-04-07,440.7047119140625,446.95645043246714,429.40358259788104,430.00470753852204,3531972
2020-04-08,447.9582824707031,456.6946014202816,430.4054163156609,432.76985063987604,4113059
2020-04-09,437.0177917480469,467.03397081389596,430.84623313979415,456.8549129690724,5917001
2020-04-13,422.2701721191406,441.62641286806746,418.1825424934922,441.62641286806746,3822640
2020-04-15,431.7279357910156,439.7028205695465,423.1919423852626,423.1919423852626,6316254
2020-04-16,414.89642333984375,424.7949270726307,407.4424599436119,422.3904274854271,7001494
2020-04-17,408.64471435546875,426.3979316163243,400.7499357296281,424.0735624212245,10839705
2020-04-20,420.667236328125,426.3178502072526,410.3679813637221,415.13691593108325,4549088
2020-04-21,411.12939453125,416.77995919408136,405.4788054085822,409.56645990033763,2950307
2020-04-22,415.4173889160156,418.3028179114996,406.40051502951275,410.36794932350836,2268496
2020-04-23,419.7455139160156,423.0717092007372,408.20389560936115,415.97845454372754,6094748
2020-04-24,403.51513671875,426.8788295839493,402.4331069556695,418.38295016381716,4817852
2020-04-27,410.12750244140625,415.97844183941373,405.9596932401986,410.12750244140625,4032316
2020-04-28,417.1005554199219,423.59268485359416,413.2132516659628,415.1769361478936,4972775
2020-04-29,423.75299072265625,430.3252994354677,418.4630622329774,421.54886608187417,6361689
2020-04-30,437.8193054199219,443.14929914072803,426.6784376226042,433.6114310886549,8931956
2020-05-04,402.7136535644531,416.57959270559144,399.1469690570169,412.7724680007303,14814506
2020-05-05,400.7098693847656,411.9709327629312,399.3072446136856,405.55893380942257,5717678
2020-05-06,406.2402038574219,408.0435785198906,392.7349264931892,403.7555494304981,3781531
2020-05-07,413.8544616699219,421.4687108647684,405.83948697728806,407.1619569454784,6799899
2020-05-08,429.7642822265625,431.68785275141255,416.1387831002576,422.31034248846004,6016020
2020-05-11,424.9552917480469,435.8556717175435,422.5507918500983,434.01223157971805,4272574
2020-05-12,427.39984130859375,432.4092159137109,420.78746682983916,420.78746682983916,5691969
2020-05-13,436.6171569824219,440.6246572759732,425.91715076651224,434.4130318209686,3296409
2020-05-14,413.33349609375,428.80243392621975,411.93087130987914,426.71855381519407,6148398
2020-05-15,409.2057800292969,416.77996416194384,406.6810601383601,416.77996416194384,3628530
2020-05-18,403.9960021972656,412.772435612177,401.9521873000132,409.96718604976417,3283979
2020-05-19,410.84881591796875,416.5394943761879,403.3948768723704,408.76493581306426,3041594
2020-05-20,416.1387939453125,420.62717420660954,409.326044204612,412.7724842895018,2772920
2020-05-21,416.82000732421875,417.98219194673925,408.80500843741646,416.7398769032191,2540109
2020-05-22,424.514404296875,425.59640949892054,412.85254264097296,414.4555423001026,4254552
2020-05-26,417.1405944824219,433.4110311763044,415.85816540823214,427.19940752098057,2719781
2020-05-27,419.7855529785156,421.58892766911544,410.40799480346266,418.10242283515686,2265885
2020-05-28,424.55450439453125,426.2776998179083,414.4956904907876,423.1919447883617,3387672
2020-05-29,425.1556396484375,429.32344898990885,420.3466401589719,424.714824479171,4081245
2020-06-01,435.6551818847656,444.67205412517194,430.44543347919756,431.60761790744914,4913055
2020-06-02,438.8211975097656,439.5024528604052,431.2069484205551,435.6953283157999,3878973
2020-06-03,443.4297790527344,453.2481519282807,440.82490461636496,444.0309039226658,4942023
2020-06-04,466.55316162109375,468.87753134434837,445.35352433964533,446.43552984410604,10915145
2020-06-05,464.749755859375,475.73031565340506,460.86250042367254,471.28200043325126,6207096
2020-06-08,472.8848876953125,480.4590706804672,464.9500200118806,469.5185787108363,4791151
2020-06-09,469.8393249511719,485.188021094848,468.8775151361874,476.09101536905183,5665593
2020-06-10,473.28570556640625,478.4153246526921,466.8737061683855,474.08720549115884,3438670
2020-06-11,458.3376770019531,473.6864189433665,452.6470475435977,473.6864189433665,3378322
2020-06-12,444.59197998046875,450.36278872855445,440.8249208727136,440.8249208727136,3603893
2020-06-15,439.8631896972656,449.24074947014077,435.535119054177,446.43549947344945,3944724
2020-06-16,427.43988037109375,446.39537228504577,425.7166849641614,446.39537228504577,4262594
2020-06-17,429.24322509765625,436.81740829141336,423.5125306526061,425.59641064723024,6139224
2020-06-18,429.5238037109375,432.809933639219,425.59643474523205,428.84249946359216,2658663
2020-06-19,431.8882141113281,435.1743931487304,426.3178287800156,431.60770870603653,5570067
2020-06-22,439.62274169921875,443.4298666273341,431.44743206964614,434.33286136697126,4352621
2020-06-23,447.87811279296875,448.92005282891677,436.4567397673409,439.22192407326884,4438315
2020-06-24,449.6014099121094,453.64897490426364,444.3515949864632,447.8781654395677,3500477
2020-06-25,444.1512756347656,453.3284121409334,442.4680961652262,447.2370312827328,2386979
2020-06-26,449.521240234375,460.82241920410286,442.90886545793114,445.23323494721825,5288935
2020-06-29,434.05224609375,447.95829823103406,432.1687409615671,447.95829823103406,3304988
2020-06-30,435.5350646972656,439.94331414189514,434.05226053226914,438.42044476588177,2356985
2020-07-01,437.538818359375,438.7009540876192,429.64401493155725,436.0159489697369,3662491
2020-07-02,449.521240234375,450.8437347575342,434.81373529948854,440.74485466683586,5966748
2020-07-03,454.6107482910156,458.6583129595863,449.6815043898987,453.5688082158892,4007490
2020-07-06,466.1122741699219,471.28195849861174,459.29952476985693,460.82239420362316,4909636
2020-07-07,470.3601989746094,474.8886929989236,462.5455749126018,467.95569926322247,5126702
2020-07-08,467.6351013183594,476.010784607366,461.7440480180139,472.8448503885004,3391014
2020-07-09,462.7059020996094,471.0415209808148,458.49802744624265,467.63514626142273,2498146
2020-07-10,456.05352783203125,458.45802797877303,449.9220328899673,458.45802797877303,3959401
2020-07-13,480.9400939941406,482.34271907806965,457.25577736087456,458.4179622143519,11008252
2020-07-14,479.5373229980469,483.9455719204953,474.9286991245781,476.85231822224006,5525588
2020-07-15,493.1629638671875,504.94502421616744,482.50302313989334,484.10602321677004,11907668
2020-07-16,480.4190673828125,512.1183791555698,471.36207923087693,502.540445412028,13009798
2020-07-17,480.65948486328125,484.3864299305537,473.0452360501183,484.3864299305537,3307397
2020-07-20,499.2142028808594,501.69888197110885,479.6976995031933,483.9857044839326,5461610
2020-07-21,497.4910583496094,506.3876887560882,493.20300401016567,504.9449985441832,4218944
2020-07-22,495.2868347167969,502.0995833403576,490.15721618530756,495.3268999247666,2879564
2020-07-23,511.04364013671875,512.7808922358731,490.4790632867342,495.286899223883,5038587
2020-07-24,527.3255615234375,529.5881073031218,505.2257426863962,511.0840179914363,12276883
2020-07-27,536.981689453125,542.7995734197699,519.4068614339512,530.8810118895256,11521949
2020-07-28,552.980712890625,567.8486298639274,538.961275160782,541.3853888421648,23296517
2020-07-29,546.556884765625,561.7883802746366,542.1934601427992,555.0816752066593,5436716
2020-07-30,545.2236328125,555.4048917414569,541.0218254079992,549.4658322526861,5126995
2020-07-31,550.799072265625,553.869606522243,544.213543437886,548.2133410373652,3114793
2020-08-03,544.2943115234375,555.0816471155598,541.0217678812933,554.2736092128714,3092967
2020-08-04,527.365966796875,546.7588768247081,525.3862640344563,545.4255945328064,5559046
2020-08-05,524.052978515625,534.5170793507865,519.2047510385204,529.2648329172565,5139353
2020-08-06,533.587890625,538.8401377928521,524.5379041907595,530.072944940159,8644001
2020-08-07,535.2847900390625,539.7693911345942,528.7800939168295,531.4870015251188,3823897
2020-08-10,550.960693359375,555.4049023818546,535.4867951723404,539.7693867302575,5362182
2020-08-11,545.2640991210938,560.7380484381829,543.0823863909292,557.6270721670511,4331864
2020-08-12,559.2026977539062,560.7783817450331,543.5267898727305,545.4256594782383,4355435
2020-08-13,563.2428588867188,570.3131911463365,552.94037473699,562.3136448095462,7108877
2020-08-14,562.313720703125,574.51507600758,559.1623524574478,559.1623524574478,6476545
2020-08-17,582.6356201171875,585.3425762189698,564.5356037870872,569.505006446582,7657241
2020-08-18,576.1713256835938,588.2515002853387,573.8684377519944,585.8273869599869,4752247
2020-08-19,587.2012329101562,589.0597104731438,572.8989502406845,577.7471783104222,6506907
2020-08-20,586.9588012695312,591.4837941750751,578.7168041099043,581.7873385328608,6610632
2020-08-21,591.9685668945312,595.241159961055,589.8676880071996,590.6757259359766,4207706
2020-08-24,583.807373046875,593.8674545984161,581.1812499155224,593.8674545984161,2385907
2020-08-25,596.8168334960938,598.2308999639265,577.2219124418399,587.4436126368064,4585917
2020-08-26,592.170654296875,598.756184010446,587.4436515190205,598.7157919724364,3157074
2020-08-27,594.3927612304688,603.0791701419669,591.8474710011269,593.9079581349926,3207076
2020-08-28,607.9274291992188,612.7756576747425,597.9481786479247,598.7562167271786,4223327
2020-08-31,598.7561645507812,625.98705531245,591.5646065446107,613.866485179843,7224350
2020-09-01,588.1304321289062,608.1293724097962,583.9690660657338,597.1400754576861,3563888
2020-09-02,594.0695190429688,602.5943096713906,588.3728612792468,589.9889372019323,3467486
2020-09-03,613.7452392578125,615.7249421771137,592.3726247738778,597.9077145408515,4606227
2020-09-04,604.5740356445312,612.8160330289446,600.8166392532072,603.6043801901194,2954845
2020-09-07,603.6851196289062,607.5637411597912,593.1402344737763,605.7860478445891,3367905
2020-09-08,607.8465576171875,621.3811934963339,601.9882823859152,604.8164152561845,5237241
2020-09-09,608.7353515625,614.0684314630363,601.7458530968422,607.6041280578197,3038259
2020-09-10,606.0283813476562,612.8159189462364,597.3823665766865,611.4018527230918,3737568
2020-09-11,618.270263671875,622.6740310907081,604.0083739769044,605.5436658255389,4917946
2020-09-14,638.9560546875,643.6830573057849,622.1892660251343,622.3104914537985,9021887
2020-09-15,639.2792358398438,648.9352497660741,626.2294033837769,638.956000936415,6339704
2020-09-16,639.9661865234375,641.7842722806064,633.5018816090593,639.9661865234375,4279003
2020-09-17,635.8855590820312,655.6824914866924,631.3201243306077,636.7339891784852,7591219
2020-09-18,650.1876831054688,653.5410106297777,636.7338330228667,640.7740223186971,6281494
2020-09-21,636.1278686523438,670.6714906083777,633.7441468641479,652.0866179770611,10789179
2020-09-22,646.7940063476562,655.3187971121896,623.8053161166589,640.7741135757908,9053623
2020-09-23,640.814453125,656.4904082688951,632.7744660760369,656.4904082688951,6091530
2020-09-24,607.5233764648438,636.6935790992981,604.0488227805051,636.6935790992981,5929066
2020-09-25,624.0881958007812,628.1283862295264,604.9377326235135,610.109146781069,6986586
2020-09-28,629.7847900390625,633.8249797382642,623.805289556755,629.744348687093,3604366
2020-09-29,620.6943969726562,638.3500071908892,617.3410196124548,634.3098172719594,7041805
2020-09-30,639.7640991210938,642.2286052059677,618.6743266325306,624.6133863222045,5433474
2020-10-01,664.6112060546875,666.914094457601,644.6930510940704,644.9758939644757,10104719
2020-10-05,679.761962890625,687.5999413012219,664.0860060694314,664.651642529341,8551125
2020-10-06,684.7313232421875,690.8319994081062,672.6915390323197,690.8319994081062,4902535
2020-10-07,683.8829956054688,685.3375035753685,676.5298689519952,684.408240074458,3943817
2020-10-08,695.155029296875,717.1740631421928,693.0137583490222,696.5287036573915,11398839
2020-10-09,690.1856079101562,696.8923127708939,682.9940507070188,695.3166289658559,5306496
2020-10-12,692.4077758789062,698.7912464319076,685.539452938905,695.7207119224756,3343240
2020-10-13,701.53857421875,710.9926283153369,687.6403112947587,692.4077550371002,7327471
2020-10-14,685.9030151367188,706.0635724704076,683.2768917187901,702.1850000553655,5346616
2020-10-15,656.4500732421875,693.5793788869131,651.8442469025272,689.2563954308681,8893099
2020-10-16,664.8132934570312,669.2978946886202,645.4607726503554,657.0965400846605,7978964
2020-10-19,665.944580078125,676.0046143674426,660.6518913841726,669.0555068498751,4558879
2020-10-20,686.7109985351562,689.1755536172442,662.2678517416691,663.0758896521976,7382532
2020-10-21,683.519287109375,692.6501056194521,673.8632242308378,687.7210447821751,4818496
2020-10-22,676.6914672851562,689.9837029230762,669.7019185031601,682.6709191971954,3962610
2020-10-23,685.4181518554688,692.8521104337076,673.5399848066079,678.7518391495358,7356677
2020-10-26,661.9851684570312,690.6301270199551,657.7429687201995,670.6715774419725,9770648
2020-10-27,669.5806884765625,673.7016624262831,659.3589883536396,667.7626030307345,5479538
2020-10-28,649.9049682617188,675.8834102778252,647.2384526650463,670.6715551959905,6829067
2020-10-29,675.0433959960938,679.3660443889213,656.2420424979723,663.0827265612858,6477299
2020-10-30,682.6393432617188,687.1298701770828,673.7423059062767,677.0996862259994,6189261
2020-11-02,683.7725830078125,692.291905991963,679.3660207378697,689.4381630691676,4433983
2020-11-03,678.2747192382812,692.4596711760125,675.085218271503,689.1022909521288,4599741
2020-11-04,694.0125122070312,701.6925407706884,682.05184389844,684.9056378814374,5017595
2020-11-05,705.637451171875,713.1915572362661,699.8039923540164,701.6925188701142,4269675
2020-11-06,714.4086303710938,716.8007435080725,691.7043035421362,700.8531859827173,4123331
2020-11-09,732.5385131835938,736.1057302343303,717.8499723864435,720.9975168429758,4297119
2020-11-10,689.3541259765625,731.9089331377057,687.5075564956701,731.9089331377057,6889383
2020-11-11,702.9515991210938,705.595556970808,681.9260122828474,688.2630582439366,5387431
2020-11-12,707.7777709960938,711.7646603079603,700.4754582210787,702.5318640067957,3150886
2020-11-13,704.0847778320312,709.8343238210326,699.4683787251811,703.3713548255282,2839192
2020-11-14,705.17578125,709.2046273412178,703.3292118495708,708.4072392785828,214282
2020-11-17,709.4564208984375,718.8990529423386,697.4118396275956,712.2262493854037,3635434
2020-11-18,701.7764282226562,709.1627061979171,696.7823657858389,708.4072751046781,2772377
2020-11-19,690.6970825195312,712.6039684791884,688.262961310877,699.1744472828786,5593368
2020-11-20,702.9935302734375,709.2047049648247,693.6348624537271,695.8171393833696,6063818
2020-11-23,726.6630859375,729.7267163209477,702.3220758396801,703.3712573094137,6251814
2020-11-24,736.6512451171875,747.0171365767377,725.445957330801,730.2302346311931,7068121
2020-11-25,723.725341796875,738.6237179254856,717.8499258588314,734.4269922554545,4445185
2020-11-26,719.3607177734375,728.5095999832604,710.6735163587214,727.2925393253211,5169423
2020-11-27,735.979736328125,743.6178075369352,717.8918595244048,725.1941721987065,16482729
2020-12-01,761.5377807617188,767.287325296877,731.6151594004544,755.4105719242449,5821698
2020-12-02,762.7129516601562,765.9024529993369,744.667030849761,752.9345601245589,5516684
2020-12-03,768.1267700195312,772.7011603148238,757.8867484702931,766.3221573717915,5705020
2020-12-04,774.7994995117188,780.0034497684883,761.3280198908164,768.0008241829084,4302626
2020-12-07,792.593505859375,798.0912055896258,767.1613615590718,768.4203791108646,3973325
2020-12-08,782.5214233398438,795.0276857714161,774.463730904044,793.1811163129239,4399638
2020-12-09,780.1712646484375,788.732594850685,777.1496428027308,787.3056979453839,4157078
2020-12-10,778.3246459960938,782.7731644658977,769.7633163350328,776.3941626483927,2608358
2020-12-11,771.6939697265625,781.4303532059388,769.2178912293527,774.044125956457,2398423
2020-12-14,763.3004760742188,775.7647306708028,760.4886391717572,775.5548943898532,3239051
2020-12-15,778.1148681640625,779.4578510677612,754.1096186892985,755.7043436486438,3490143
2020-12-16,773.4984741210938,784.7876760709136,769.6794641251633,784.7876760709136,2799394
2020-12-17,780.6748657226562,782.8991507542806,765.818498270656,773.4984752835518,2706570
2020-12-18,783.7804565429688,794.8598222842901,779.1640584198815,784.7876809248271,5563979
2020-12-21,761.1600952148438,792.8873814691674,747.0171505529408,779.0381871049836,4187948
2020-12-22,792.887451171875,796.4546682156375,758.0965829344435,763.8041199585505,5537682
2020-12-23,795.8251953125,805.5615794274547,789.8238564639072,794.4822122152038,5456681
2020-12-24,795.0697631835938,802.4140338912807,784.6199049021716,798.2173077726025,2510775
2020-12-28,794.9437255859375,802.7916330271122,792.5516125371408,795.069647843057,1870669
2020-12-29,810.513671875,812.6959487927913,792.2159064568722,795.6992093525084,4392641
2020-12-30,825.2860717773438,826.7549257062635,812.318179701826,814.1647491726657,6389605
2020-12-31,816.8507080078125,827.9300742036397,813.0736548430688,824.1949780503696,2859399
2021-01-01,820.837646484375,823.565518377391,815.1720663988802,819.2009131026523,1268291
2021-01-04,840.9818115234375,843.5418037665688,818.3614514153279,823.061763362403,3515825
2021-01-05,842.5765991210938,846.0179449361959,832.0428278497055,841.4435036728104,4040321
2021-01-06,836.9529418945312,861.1680262339459,825.3699391545231,842.7024350281497,4677359
2021-01-07,834.9386596679688,847.7386743047483,829.776666060326,843.9616208053708,3354950
2021-01-08,882.235595703125,889.7057874290222,843.9195234256383,845.8500068694311,9279370
2021-01-11,904.4783935546875,907.7938686674021,873.3387062132499,891.468542573135,6488791
2021-01-12,893.23095703125,904.520209376197,883.8303334990455,904.4782011402493,4257926
2021-01-13,897.8054809570312,905.4435006561429,881.3543379606872,901.4566115454901,4671772
2021-01-14,883.4946899414062,893.0632452032663,864.5255099242146,893.0632452032663,4765344
2021-01-15,845.4722900390625,892.0559932747917,841.5693661492534,880.8926627112879,6063896
2021-01-18,837.8763427734375,850.9281503388212,832.5884782790824,837.6665064742205,4659705
2021-01-19,833.050048828125,846.4376140149024,828.6015298460383,844.8847947730525,4416027
2021-01-20,855.6703491210938,858.9857724216495,836.8270418937237,836.8270418937237,4687853
2021-01-21,843.2901000976562,867.3373084106323,834.7287691425888,861.1681419208609,3911527
2021-01-22,823.2716674804688,843.5418732855738,818.3615188591388,843.2900799872219,3922421
2021-01-25,815.8855590820312,837.5826650392859,807.6180286681647,827.4685135567856,2751784
2021-01-27,836.9110107421875,843.4579437563503,817.2284083776893,820.8795392105744,6975618
2021-01-28,823.901123046875,830.9516423220371,809.9680149906725,830.9516423220371,4274190
2021-01-29,806.9464721679688,835.9038807209404,802.4139877287215,831.0356377196882,4425911
2021-02-01,790.4533081054688,807.3661336499356,773.1628182208962,807.3661336499356,6321189
2021-02-02,803.4212036132812,816.5989329731384,786.8860935874509,801.5746340010833,4971530
2021-02-03,823.7752075195312,839.345047912395,805.855160008868,809.9679712354612,5640121
2021-02-04,813.4932250976562,829.2729016441644,809.3804138992991,829.230944637968,4232910
2021-02-05,805.267822265625,823.2717361996786,797.4199137432436,816.1373018500045,3077720
2021-02-08,824.6985473632812,833.4697142190515,806.232954500422,813.9968969541242,3713579
2021-02-09,818.4454956054688,839.1773325846434,811.8566561840927,821.383203847024,3086774
2021-02-10,818.2776489257812,822.7681252152884,803.7569361071642,818.7812355496188,2776301
2021-02-11,827.2586059570312,829.8186497924174,816.5569546915859,818.3615673575852,2070435
2021-02-12,831.9589233398438,846.8992567713647,827.8041545993641,830.95169891343,5863879
2021-02-15,821.8867797851562,835.9877680362406,820.4598827865715,835.9877680362406,2487825
2021-02-16,828.2656860351562,839.3450509536558,817.1024071033838,830.9516004441192,3912433
2021-02-17,822.9359130859375,836.4913057057075,815.339850181049,830.112303441058,2227724
2021-02-18,848.2421264648438,852.3549378928316,823.8172048663853,824.2368774108918,6742595
2021-02-19,834.2671508789062,855.4606166477911,816.3891088128489,850.8022611504441,4357699
2021-02-22,797.9653930664062,848.5778921126747,790.5791664670247,838.463793951111,5946290
2021-02-23,793.8106079101562,808.0794742431964,781.430268003548,799.0565146502446,4120032
2021-02-24,805.8132934570312,809.044802991973,786.1726478689011,797.3778850245262,1686531
2021-02-25,803.9248046875,813.325480967297,799.2664491755506,809.128755059313,3682791
2021-02-26,771.232177734375,796.4125292028257,768.0007197877463,793.181071256197,5254937
2021-03-01,785.6270751953125,803.2533236772587,777.5273738534501,785.1654456000314,3429569
2021-03-02,811.7305908203125,815.0040570614036,790.6630502078705,792.7614128676578,3703190
2021-03-03,819.200927734375,822.7261878742271,806.9884651334285,816.0114261714864,3203532
2021-03-04,812.5280151367188,834.8965825800916,802.0781583787323,805.7712973165904,5134954
2021-03-05,805.5194702148438,823.3135958627989,803.2532282903701,810.1358680785816,2618145
2021-03-08,812.90576171875,822.5582307530976,807.4500183515102,808.2893634849316,2880739
2021-03-09,829.39892578125,838.086127542874,807.0723141795763,816.6828263387246,2814747
2021-03-10,846.689453125,853.4461716004315,833.4697664962824,841.0238731412638,5268496
2021-03-12,842.072998046875,859.9929960033943,836.113668141358,839.3451263861201,4674919
2021-03-15,861.7137451171875,864.483522721498,841.023866044526,843.5419015716054,5203101
2021-03-16,861.6298828125,877.1157612499582,857.0553898549026,866.2042733109635,4797715
2021-03-17,856.1740112304688,875.6048207428937,852.4389150617388,859.4894348236012,3477295
2021-03-18,836.1557006835938,868.7222842832759,821.3831943870277,867.8829390810698,3738712
2021-03-19,830.4900512695312,839.9746410171173,818.4874261254413,832.6303711106474,6208000
2021-03-22,850.71826171875,853.9497712656865,821.1313453488083,830.8677797714058,3873143
2021-03-23,850.9699096679688,857.3909194242004,839.8066313888262,850.7181164133143,3782337
2021-03-24,832.7562866210938,850.5503622951486,828.6434750149889,842.4926695834846,2749823
2021-03-25,813.073486328125,836.7430248340936,809.2124687110937,833.2177656983874,3654840
2021-03-26,831.791015625,837.4985522067872,820.0401839209133,820.7956150222859,2761824
2021-03-30,853.5300903320312,855.9641604916653,832.2107033597845,832.2107033597845,4300037
2021-03-31,832.168701171875,858.6500285614609,830.2801747160947,858.6500285614609,3780505
2021-04-01,832.7562866210938,845.892007095294,827.5942936082847,839.345125363372,3555291
2021-04-05,837.4146118164062,845.388390221658,821.0473824582579,832.6303345273433,5118272
2021-04-06,832.0847778320312,846.0598948004707,829.7346217034977,844.3812045330094,2395572
2021-04-07,841.359619140625,844.0874909439058,824.3208712010976,832.6304088783013,2974419
2021-04-08,863.6861572265625,881.1864830692117,843.5418736760887,846.059909119898,6737118
2021-04-09,883.8304443359375,887.0199968945889,853.2363033245502,863.6441524631334,6029994
2021-04-12,872.79296875,888.9084559055616,853.446074728927,882.1516869675015,7896295
2021-04-13,840.8978881835938,881.5222124932452,825.0762531595906,877.1156506121793,6448995
2021-04-15,833.5955810546875,845.8919556557697,814.4165153686959,840.8978422176425,4373215
2021-04-16,847.9904174804688,850.676332278222,835.9877917603445,837.6664821052448,2660763
2021-04-19,839.4290771484375,847.2350281491408,825.3280886538678,838.5897319853135,2777425
2021-04-20,825.4120483398438,845.6402461428501,816.9765885237015,835.9877768320383,4028636
2021-04-22,812.3181762695312,827.1745947623158,806.3168895516092,817.1863675960409,5085190
2021-04-23,797.5457153320312,814.9621259619375,793.5168691430731,811.2270300628652,3916517
2021-04-26,807.6178588867188,814.1647403674732,786.4663522931158,798.2171835973887,5053998
2021-04-27,813.5352172851562,828.9371789828431,792.4676763079493,808.0375172672373,10497935
2021-04-28,820.3760375976562,822.5583146753764,812.4861720466984,818.3615885800939,2968625
2021-04-29,819.9562377929688,826.75491252086,814.6263657410128,826.75491252086,2747579
2021-04-30,806.1071166992188,819.9563119172758,801.9103908755651,817.3543111688726,3129105
2021-05-03,803.8408203125,809.9680293560169,801.5745782746075,805.7713038153122,3506839
2021-05-04,806.1071166992188,814.0808957641607,802.0782189248606,809.1287388004241,4064221
2021-05-05,806.1071166992188,816.347086725283,800.5254508619341,816.347086725283,3041045
2021-05-06,820.837646484375,826.5032265698698,803.9667772698291,809.9681159262905,4620827
2021-05-07,823.3556518554688,826.1254806607936,815.9274163894116,822.5582637008665,2002597
2021-05-10,831.371337890625,833.1759503829184,816.766712371747,826.7549397498896,2036101
2021-05-11,820.0821533203125,828.3916906427042,814.5844529359,825.9156122503098,2029457
2021-05-12,807.7437133789062,820.0401392338574,797.7135807045745,820.0401392338574,3070622
2021-05-14,799.2244873046875,811.1851560697448,790.1595696444516,808.2894049649234,2090820
2021-05-17,800.1897583007812,804.0507771147225,791.5025556211565,800.7353531946801,2281200
2021-05-18,814.7943115234375,821.7189090717953,803.295272621464,806.0651013948946,2000985
2021-05-19,820.5857543945312,827.846058744259,807.9535697037948,813.3253988152444,2152740
2021-05-20,816.7666625976562,826.5870101081314,810.1358673191468,826.5870101081314,1769194
2021-05-21,822.9779052734375,827.5943035182145,815.7175493602817,819.9982402886301,1534262
2021-05-24,825.6637573242188,834.3090013173095,818.4453589694531,822.3902910525793,1830838
2021-05-25,833.1759643554688,840.7720275412454,825.7477292121578,830.9936362782413,2719646
2021-05-26,845.8919677734375,849.4172273820018,833.4696707414306,835.6939557120705,2013788
2021-05-27,855.9642333984375,866.2042551882427,845.136710946324,845.2206249753492,6393813
2021-05-28,861.3779296875,867.043509249391,849.9208483038518,856.1320226857491,1839013
2021-05-31,857.5169677734375,866.2041693286593,850.2566119476083,860.32875345143,1801746
2021-06-01,864.9451293945312,866.2041470501274,850.5503403737251,860.0768868092453,1262702
2021-06-02,853.5720825195312,860.0769563699819,834.30910058506,856.2999543272792,5252186
2021-06-03,851.3897094726562,856.7615387797541,845.22054327819,853.5720375415978,2024676
2021-06-04,855.4605102539062,861.9653833523136,848.5778703964704,855.7542605381848,2315912
2021-06-07,868.2186279296875,872.0375868175571,855.6704079185046,860.286754930347,1745475
2021-06-08,887.8175048828125,890.4614631107614,870.4430978862537,872.079780263051,4517995
2021-06-09,883.2008666992188,893.4408357642586,878.1227879455266,887.8172646719873,2163655
2021-06-10,893.8187255859375,901.4567464279045,886.7682054013791,889.454069062577,3934077
2021-06-11,900.6172485351562,908.5071125835777,885.4251234552303,893.8185740473566,4988857
2021-06-14,897.4697265625,905.9470913765279,888.0270944148937,900.6172706117021,2757666
2021-06-15,895.4552001953125,917.4040926194286,891.0906471427056,897.4696487038647,3484298
2021-06-16,897.3859252929688,904.7721014476181,885.5091704299731,898.0993482085984,1881596
2021-06-17,906.7025756835938,910.43762052433,887.2298096726958,889.6638285797163,3161931
2021-06-18,898.686767578125,916.2291008549878,885.5090903452605,914.4664966172145,4396398
2021-06-21,892.1399536132812,898.1412917472342,885.5091066357485,888.8664871348413,1074790
2021-06-22,887.3555908203125,899.777939173141,884.4178829965196,890.5871513937789,2437289
2021-06-23,886.7261352539062,891.6363863072859,871.617922681351,889.7058514949209,4130539
2021-06-24,906.49267578125,908.423210426282,883.4106863516349,886.8100748694605,3617010
2021-06-25,914.4664306640625,925.965416848933,903.9746175541031,912.7038265534118,3200049
2021-06-28,927.5601806640625,929.994301765198,907.4158997594012,915.7254361243962,2143755
2021-06-29,913.33349609375,931.1695815199696,909.0108478398048,930.8338229495323,2956332
2021-06-30,919.4606323242188,927.476419740925,909.2626704002522,913.3753797965069,1917370
2021-07-01,910.8153686523438,922.7340282574432,907.3320659462026,919.9222426244571,1459518
2021-07-02,914.3826293945312,921.1813046362403,902.2960387097569,912.3681805372147,1669409
2021-07-05,902.0023193359375,919.0409650363181,899.1065169857457,917.4042829168699,2597359
2021-07-06,880.934814453125,902.0023589311272,879.4239520772132,902.0023589311272,3865594
2021-07-07,877.87109375,889.2861670494665,864.6093996852925,880.9347239725754,3713891
2021-07-08,889.8317260742188,892.5595976425278,877.1156273485855,880.4730077403505,2171947
2021-07-09,882.7813110351562,897.092187629124,880.4731117431699,885.6770109814506,1889035
2021-07-12,886.85205078125,888.6146550761691,878.0389268475312,887.1878093276925,3224820
2021-07-13,881.4384155273438,891.3846360307755,879.6338027874319,891.3846360307755,1908081
2021-07-14,905.2337646484375,906.4927824017733,879.6337369972763,884.6698080106195,3173326
2021-07-15,933.7294311523438,939.8146832292784,903.4711012659548,904.8140329566266,5922995
2021-07-16,925.9236450195312,938.639744840183,909.0528275899436,933.6875878440621,2323939
2021-07-19,918.4114379882812,932.0507969110503,911.612762647834,913.2075389521676,1409001
2021-07-20,912.5359497070312,925.1261261790329,910.6055174567955,919.8802193156989,1230858
2021-07-22,964.07177734375,967.3452437798181,906.4927230214348,906.4927230214348,7309727
2021-07-23,974.7589721679688,983.8084586469816,961.0554430297749,968.6828463063974,2840803
2021-07-26,965.450927734375,981.266067511617,962.3052378954967,974.759013446914,984581
2021-07-27,966.0109252929688,971.9146157048336,951.5318128821532,965.450698055275,1397105
2021-07-28,964.8905639648438,974.5001705848204,953.643305312389,968.7257796395168,2533035
2021-07-29,972.0008544921875,983.6789355497168,961.0552244965633,972.7764404198468,3821405
2021-07-30,1042.45751953125,1066.3740132679245,1012.6803654267582,1021.2989217282624,20425030
2021-08-02,1043.4486083984375,1046.2927741671906,1030.3915792784999,1042.8453515175456,2385223
2021-08-03,1056.850341796875,1060.0823000286698,1042.8451894590978,1043.7070449875764,2603616
2021-08-04,1048.447509765625,1060.427325616513,1046.0342716060936,1055.9456126355262,1938175
2021-08-05,1075.768310546875,1080.767116005138,1048.8784530927055,1048.9215879632256,5790873
2021-08-06,1089.9027099609375,1097.1423189672423,1071.3297825323118,1079.0433490549783,3894726
2021-08-09,1109.59619140625,1126.273185058058,1091.1094268493068,1112.1387291032852,6585101
2021-08-10,1140.2783203125,1146.009577026099,1105.2438621674091,1110.070233445336,6314469
2021-08-11,1140.7523193359375,1143.4671861556621,1118.9904603192194,1140.2783617686885,3430349
2021-08-12,1195.0059814453125,1202.1162904855496,1135.7102712451463,1140.2350133616608,8613315
2021-08-13,1192.075927734375,1197.9796192048816,1177.2089144744582,1189.4472253360486,4760344
2021-08-16,1178.8892822265625,1206.5548287802228,1172.339200036732,1191.0414263904702,2912430
2021-08-17,1218.4053955078125,1231.4195011119182,1181.173270296338,1182.4660538829448,8042970
2021-08-18,1217.3712158203125,1228.1444124204922,1210.2609060641937,1222.1114223243915,2939739
2021-08-20,1205.9085693359375,1223.8352117028373,1181.3026498586503,1181.3026498586503,4051399
2021-08-23,1220.3878173828125,1243.6147891972319,1214.3548267601573,1219.9137546082295,3987240
2021-08-24,1261.196533203125,1264.3423275885584,1223.8351091859256,1225.4726560776442,5366923
2021-08-25,1260.981201171875,1273.822873645836,1249.6909112222343,1260.8950366331921,3105863
2021-08-26,1249.260009765625,1264.1270226448642,1244.5198027606502,1258.1371667850178,1993944
2021-08-27,1245.726318359375,1255.8099885213653,1233.4879036218392,1249.5615343525849,3097939
2021-08-30,1223.145751953125,1254.0002327524498,1220.301690838099,1249.6909536020978,2742699
2021-08-31,1247.66552734375,1253.1382904456298,1212.5879343563174,1227.972144027047,6392991
2021-09-01,1237.8836669921875,1265.4199208196042,1230.2992930154842,1249.6910506987406,1829925
2021-09-02,1239.1761474609375,1251.8885188299232,1224.8692589071966,1237.6247651432811,3860958
2021-09-03,1242.7529296875,1249.4323121426614,1228.2306804876798,1244.519776161668,1919590
2021-09-06,1259.3004150390625,1265.1179407273794,1237.7108887351797,1247.9669921011657,1801171
2021-09-07,1236.9354248046875,1269.427452185901,1234.4361271043708,1266.0230585891445,1940043
2021-09-08,1230.6007080078125,1243.0976163463731,1223.7058620279172,1241.244605447876,2256454
2021-09-09,1235.2547607421875,1239.2624110439758,1218.6640374599358,1228.6615431756327,2303457
2021-09-13,1232.0228271484375,1240.8999836905807,1224.1368257863596,1237.624889671323,1937241
2021-09-14,1251.4576416015625,1255.7237853371705,1232.0227530126872,1236.762959477584,1554999
2021-09-15,1262.4892578125,1275.5463922611661,1239.3053192360846,1242.8820413098367,2410087
2021-09-16,1248.2686767578125,1266.066017928706,1241.0722027347424,1262.4892957474815,1800078
2021-09-17,1251.0267333984375,1268.6516410847846,1238.1419270444708,1250.5526706617,2861623
2021-09-20,1233.57421875,1286.8799776477217,1229.3079695191093,1241.0723219456197,2526342
2021-09-21,1259.7744140625,1263.868228570737,1224.1798373571817,1240.2103320743536,1713705
2021-09-22,1304.5048828125,1316.8294625043864,1255.2929389952474,1261.7568573216904,5145820
2021-09-23,1311.3134765625,1319.5011058936493,1296.2310014788038,1314.4161361097467,2015302
2021-09-24,1305.495849609375,1334.0232506653995,1302.307025777957,1318.639148309849,3592146
2021-09-27,1262.1015625,1314.3299991289027,1257.6198495427052,1312.6062876546355,2728552
2021-09-28,1218.7071533203125,1262.6186612658364,1213.8376473395597,1262.1015688623493,3995669
2021-09-29,1202.5902099609375,1214.3114252700132,1183.112294125814,1206.5978596074592,7948104
2021-09-30,1189.8779296875,1208.881889497062,1186.7752702837122,1196.2556827551143,3856630
2021-10-01,1181.81982421875,1192.8084862123974,1176.260896116533,1185.0517836286463,2661824
2021-10-04,1205.779296875,1211.381359100188,1182.509192247296,1193.4115830276405,2538936
2021-10-05,1217.8453369140625,1224.6970481973194,1190.2228174246998,1205.8223858079095,2481825
2021-10-06,1194.23046875,1229.782019262741,1189.3178277367647,1226.3345961827176,2769341
2021-10-07,1221.4219970703125,1226.6794016133058,1185.6119517223094,1204.8312729285558,1956325
2021-10-08,1241.0289306640625,1247.1050547343311,1222.542170104111,1222.542170104111,2665924
2021-10-11,1206.770263671875,1236.2888202867139,1194.1871919665095,1223.8350479728847,3073366
2021-10-12,1184.5775146484375,1209.0542373604442,1172.9855976654012,1205.7361139852287,2965629
2021-10-13,1208.450927734375,1215.2164735849217,1186.7752369691043,1195.3076289952473,1738985
2021-10-14,1233.1431884765625,1257.9645697304336,1215.6474755300562,1234.1773732428505,4328124
2021-10-18,1275.2447509765625,1281.5362341832756,1223.8350397106974,1223.8350397106974,3579606
2021-10-19,1326.4820556640625,1352.9410881566273,1273.0039738596802,1291.059808267676,8645334
2021-10-20,1326.6544189453125,1358.7154064339372,1306.4008115547654,1330.7050983406273,5159270
2021-10-21,1313.6837158203125,1332.5583790637577,1272.1423079424537,1332.5583790637577,4261416
2021-10-22,1307.822998046875,1346.1755798688596,1278.7785006375218,1319.501185830528,5223521
2021-10-25,1313.55419921875,1322.948447017471,1278.8214790108243,1319.501024354233,3890467
2021-10-26,1347.339111328125,1404.8248467152055,1329.8433978414491,1354.7510496006828,16978043
2021-10-27,1351.2606201171875,1367.8513445757153,1316.4847589818828,1346.0894852210229,3624131
2021-10-28,1321.4832763671875,1364.1881596062594,1315.1916882006026,1360.0081808522614,3054565
2021-10-29,1273.693359375,1329.6278124555251,1265.0317731618557,1316.355214320097,3795495
2021-11-01,1311.87353515625,1318.5529161202746,1281.622424347677,1284.1648563092544,2271900
2021-11-02,1297.46826171875,1325.626766533988,1295.248719861674,1325.0175055349707,2041689
2021-11-03,1304.387939453125,1338.4653201104409,1300.0792306171618,1303.9091586088832,2697346
2021-11-04,1310.7420654296875,1318.7065519945286,1306.5204848473843,1313.4839517886096,166444
2021-11-08,1354.568603515625,1360.3135497602004,1309.3931887577523,1312.61375028533,3050392
2021-11-09,1357.1798095703125,1368.3214003701255,1351.7831646150157,1358.7466323013778,2061369
2021-11-10,1363.62109375,1369.4965198487205,1346.1689659055132,1354.3509557656455,1299996
2021-11-11,1324.756103515625,1357.8761377094654,1318.706633737077,1357.8761377094654,3027565
2021-11-12,1379.636962890625,1383.5103490860681,1332.8947310028393,1339.161809089733,3713868
2021-11-15,1374.544921875,1393.999087071926,1369.4963656643358,1379.6369360031235,2448280
2021-11-16,1392.6065673828125,1397.0457569484665,1371.8031856391174,1379.7241091784747,2864344
2021-11-17,1408.7528076171875,1414.4541885403166,1388.3411881364955,1391.3877048502745,2304359
2021-11-18,1364.6220703125,1414.2367780196041,1357.440994196998,1410.276263236087,2938804
2021-11-22,1341.59912109375,1376.8516758741177,1323.0588460779973,1376.8516758741177,1951782
2021-11-23,1358.35498046875,1361.749585964391,1311.1339651954706,1324.799728035597,1823592
2021-11-24,1338.813720703125,1366.4935480003749,1331.763230732418,1365.5360924186398,1644163
2021-11-25,1357.310302734375,1362.0542285227461,1331.806667834969,1332.6335370643708,1557493
2021-11-26,1329.5,1349.1717736422913,1314.4850238094648,1343.9491732281922,1522173
2021-11-29,1337.551513671875,1345.254828058925,1287.719201212235,1318.7066091939641,1995524
2021-11-30,1341.729736328125,1387.8627138998772,1328.7167974203721,1330.8928812680963,5662900
2021-12-01,1381.900146484375,1387.8191365424461,1349.1718694819524,1349.1718694819524,2761193
2021-12-02,1418.501953125,1420.9826673117557,1375.284909251194,1383.9892441198724,2664202
2021-12-03,1386.861572265625,1425.9875109118582,1383.7279270369509,1414.4542684155467,2400296
2021-12-06,1350.695068359375,1409.7104971247516,1346.429923322536,1397.916081704628,2911781
2021-12-07,1372.3690185546875,1376.4600135612668,1336.9858750253659,1361.3580133721825,1758254
2021-12-08,1396.87158203125,1405.575916150951,1377.06922190893,1377.5914607052964,1604565
2021-12-09,1402.442138671875,1410.1019944768334,1379.6368279294945,1386.6002945688863,1947954
2021-12-10,1395.000244140625,1402.4423866750774,1374.0228184306934,1402.2683424799425,1776362
2021-12-13,1425.900634765625,1441.0026344802147,1390.4739281721306,1397.0457434858017,3163063
2021-12-14,1429.8609619140625,1449.271670026257,1415.0201355920685,1427.5108341399769,2725454
2021-12-15,1428.9034423828125,1432.9945430986345,1406.5333465953445,1426.640336802824,1622068
2021-12-16,1438.521728515625,1451.5782290505067,1429.4256360572135,1435.344625467989,2225836
2021-12-17,1429.9915771484375,1457.9760339159088,1416.108206073379,1452.9274773863874,3405084
2021-12-20,1390.99609375,1426.0744949174953,1372.325234153072,1423.1585643697542,2233189
2021-12-21,1421.374267578125,1440.8285402970494,1397.480911744421,1397.480911744421,2237445
2021-12-22,1444.7017822265625,1446.3990847921673,1420.3296479278165,1431.8628900513302,1656110
2021-12-23,1465.6358642578125,1471.9899645977855,1448.531825963696,1453.6238403211905,1715034
2021-12-24,1500.453125,1510.3759806745911,1462.6327303306532,1465.2440305090354,3343946
2021-12-27,1553.7235107421875,1559.816544117647,1482.9137798367678,1501.06229371143,4512000
2021-12-28,1572.08984375,1586.8001904083324,1545.9768400680198,1553.723719077824,3605483
2021-12-29,1555.333984375,1585.0593078571856,1551.7652284911574,1567.2154221838894,1902921
2021-12-30,1566.736572265625,1599.8566059847312,1554.594068709864,1555.464502118996,4650594
2021-12-31,1558.5545654296875,1578.0957527399776,1552.3744032921436,1566.9541627286546,2378048
2022-01-03,1553.5496826171875,1582.4480310007152,1551.98285988684,1562.4716255862509,1779147
2022-01-04,1557.901611328125,1570.0876779073913,1538.0556889688353,1560.686955473187,2701533
2022-01-05,1512.4217529296875,1551.9393483692438,1508.4612380488704,1549.3280478994534,3138050
2022-01-06,1472.8603515625,1504.8487793746208,1471.032462652623,1501.4976319974999,4290750
2022-01-07,1483.087646484375,1501.1056782047162,1475.4713556766849,1481.4773662501318,2103362
2022-01-10,1493.6636962890625,1501.497596794075,1468.856344689856,1496.2749964574,2330348
2022-01-11,1512.073486328125,1518.9063676481037,1484.089029707746,1484.089029707746,2704832
2022-01-12,1506.2413330078125,1527.6105140391621,1498.015780433845,1526.7400806978292,3013194
2022-01-13,1496.100830078125,1522.3008517095855,1481.3034636662094,1505.8496407419955,2768371
2022-01-14,1512.5955810546875,1520.4730455149095,1476.6902047240842,1492.358005304711,1889385
2022-01-17,1499.234619140625,1524.1289949518427,1497.14555757691,1508.4176284302882,2522806
2022-01-18,1445.5723876953125,1520.2556220465676,1436.2587920525302,1514.554240306996,4878369
2022-01-19,1453.7108154296875,1459.3686325893925,1416.6739376212965,1447.6177815653898,2610709
2022-01-20,1450.925537109375,1456.4092040845685,1430.6009373299573,1453.710881644005,2440011
2022-01-21,1387.0792236328125,1438.8264481251554,1382.9881227925314,1436.2151478563258,4079190
2022-01-24,1317.0965576171875,1382.248488087627,1307.347638029351,1382.248488087627,3250275
2022-01-25,1306.1724853515625,1329.7177539651495,1275.1850740853572,1304.7798130061096,3910618
2022-01-27,1258.298583984375,1292.1584667070022,1244.7198433081935,1292.1584667070022,4434890
2022-01-28,1227.876953125,1290.7657691515903,1224.047024739,1258.6467539716225,7080683
2022-01-31,1287.37109375,1294.8568002924555,1246.0255041941346,1250.8128882479716,4406035
2022-02-01,1310.6552734375,1318.6632193241248,1283.8894426832558,1309.1320147766894,2542754
2022-02-02,1290.80908203125,1296.9456795940443,1256.0353125196013,1288.1543240905633,9031146
2022-02-03,1265.8712158203125,1288.0672654109242,1261.344898818022,1287.2838541745596,2433692
2022-02-04,1260.5616455078125,1275.1414053988208,1249.0719667819037,1274.3145361454406,2406272
2022-02-07,1257.1669921875,1275.837745968333,1248.2014857367146,1262.128420026664,2741520
2022-02-08,1248.37548828125,1267.4815643755458,1236.1894211839412,1259.081861161229,1981111
2022-02-09,1266.3065185546875,1280.3639325810245,1253.467626252115,1253.467626252115,2282701
2022-02-10,1278.2314453125,1281.2779622063329,1262.389599966199,1275.184928418667,1850405
2022-02-11,1240.280517578125,1262.0848095229228,1236.885806218758,1261.9977874376207,2426039
2022-02-14,1210.0330810546875,1234.9710206332968,1193.3642592462015,1209.902494786448,2149302
2022-02-15,1253.119384765625,1255.6871206284386,1214.298078879454,1222.1319789743613,1955525
2022-02-16,1256.9058837890625,1274.2709883660946,1243.7187959597113,1262.5637011329884,2164650
2022-02-17,1259.9959716796875,1272.0949115222472,1253.6417650503906,1272.0949115222472,1669669
2022-02-18,1251.6396484375,1257.7762463277884,1233.4911335388795,1252.074865131731,2374188
2022-02-21,1234.44873046875,1253.4242230132243,1227.3982404651183,1242.2391739406253,2109461
2022-02-22,1229.5306396484375,1236.624586266539,1196.845825688906,1201.6332089916614,2111878
2022-02-23,1230.18359375,1240.3240580795346,1226.614731728327,1237.7563219947497,1319711
2022-02-24,1160.28759765625,1218.6066291963616,1157.6762977365433,1192.9288466525811,4108603
2022-02-25,1209.64111328125,1218.6066187637807,1175.1719758870302,1179.4371203035164,1885454
2022-02-28,1227.3111572265625,1235.884905407435,1186.6183936802208,1201.1981538813166,4983140
2022-03-02,1213.6888427734375,1236.624742609177,1203.5918361455424,1218.6068129479368,2160190
2022-03-03,1241.803955078125,1256.5577601763728,1223.0896351136719,1227.1371720777317,2730530
2022-03-04,1265.2620849609375,1270.8328804823625,1217.3012214757423,1231.6633738921525,3567738
2022-03-07,1239.5843505859375,1274.3146691728182,1228.2252569390034,1242.9790625538144,3341715
2022-03-08,1272.5301513671875,1276.8388607365541,1236.0155103072786,1236.0155103072786,2365949
2022-03-09,1309.78466796875,1315.2248767574556,1272.5300756820632,1272.5300756820632,3667977
2022-03-10,1292.898193359375,1328.2377671623683,1283.4540124837413,1327.4108979570738,2835942
2022-03-11,1294.1605224609375,1298.5561477209926,1281.7132813694338,1284.7597985068144,1116432
2022-03-14,1308.2613525390625,1313.396930662785,1294.334418646431,1294.334418646431,1372791
2022-03-15,1269.614013671875,1318.7064739530188,1260.387441771598,1317.8360406368781,2188506
2022-03-16,1296.8587646484375,1300.8627371016482,1278.1444462491834,1284.0633297113839,1453944
2022-03-17,1299.9923095703125,1314.3108967924381,1294.3344923542381,1310.0022938756747,2346185
2022-03-21,1288.0672607421875,1323.058637468342,1284.9336158080882,1301.2978046152443,2110200
2022-03-22,1338.900634765625,1343.9056268955735,1283.9328496808455,1294.247464384793,3030660
2022-03-23,1342.3389892578125,1359.3558997455693,1331.0668121339704,1349.171870707028,3741783
2022-03-24,1365.318359375,1368.2777479475687,1331.8936953853893,1331.8936953853893,2085571
2022-03-25,1332.2418212890625,1370.888977459345,1325.147768156168,1367.4508081899044,1755511
2022-03-28,1326.9322509765625,1339.5535361977463,1320.0559116179438,1335.2449330549073,1928306
2022-03-29,1325.104248046875,1340.075766085076,1322.275339533578,1337.8561184422438,2311150
2022-03-30,1302.4295654296875,1335.5060353028855,1292.593625307868,1335.5060353028855,3792481
2022-03-31,1305.17138671875,1314.006307437096,1294.5085770165595,1302.4296063700242,2036984
2022-04-01,1294.4215087890625,1307.9567908792355,1284.2809382645162,1304.7796876671223,2537230
2022-04-04,1304.474853515625,1309.3928227878541,1291.4183543437223,1294.421306651635,1675276
2022-04-05,1296.118896484375,1325.2348512062913,1288.24143171449,1312.6135669090886,3207223
2022-04-06,1270.26708984375,1289.982429603693,1265.610291932368,1289.982429603693,2627895
2022-04-07,1278.27490234375,1283.5845243771535,1262.737582484221,1265.6100549592772,3336784
2022-04-08,1261.040283203125,1291.2008192515148,1253.4239915875755,1283.8891580497736,5402943
2022-04-11,1261.431884765625,1272.8781038107825,1249.6375774067803,1267.3073094889578,3268704
2022-04-12,1231.663330078125,1254.8168385658794,1224.2210815890937,1250.2470629595825,2021088
2022-04-13,1227.7027587890625,1243.5881684977053,1221.5662670102256,1234.3615956163776,1430399
2022-04-18,1170.3414306640625,1209.9025916074313,1157.850624661101,1209.9025916074313,3968044
2022-04-19,1132.60791015625,1185.399717703331,1119.072734388385,1185.399717703331,2677360
2022-04-20,1139.5714111328125,1149.7990039988413,1127.8641239282251,1136.263827830716,3025261
2022-04-21,1142.6177978515625,1148.1015703708829,1129.3436894754018,1143.662381607374,3728173
2022-04-22,1137.2213134765625,1152.4538989995933,1125.3398755177816,1135.9156632888742,1954666
2022-04-25,1105.798583984375,1129.778959781135,1099.0091611385058,1127.2112238192383,2686619
2022-04-26,1110.1943359375,1119.116279078353,1101.0983486028501,1115.3734788790325,2568317
2022-04-27,1097.833984375,1109.3672254397918,1084.7774850563676,1103.4918007464073,2382463
2022-04-28,1106.581787109375,1117.984440958353,1088.2155612965478,1108.7578701436858,2576887
2022-04-29,1095.8756103515625,1118.3328337484027,1086.6054737312134,1117.6364445523482,3811317
2022-05-02,1071.6776123046875,1087.171370088608,1065.5845782049114,1079.3374691031818,2149957
2022-05-04,1055.66162109375,1082.7755352438105,1044.5200315885104,1072.765551607754,2797667
2022-05-05,1099.6619873046875,1102.055679095187,1063.800174617742,1073.1137692646014,3563713
2022-05-06,1123.5118408203125,1130.69291592143,1069.5014092248239,1079.076176026314,5745203
2022-05-09,1097.7471923828125,1114.1548420480942,1053.224499123589,1114.1548420480942,5712061
2022-05-10,1081.3394775390625,1106.712526667121,1074.9852710868768,1092.393939444559,2852416
2022-05-11,1065.802001953125,1101.6639173381623,1050.8741559976609,1081.9485820223406,3244609
2022-05-12,1055.66162109375,1073.1137462024312,1041.9522956791507,1052.353931825424,3110220
2022-05-13,1047.000732421875,1074.5935333330856,1040.1678518841613,1068.8921523964436,1892084
2022-05-16,1034.98876953125,1062.7990712780543,1007.0477752830949,1035.815638673943,3474480
2022-05-17,1042.953125,1053.2242803179493,1029.8531677451779,1040.8641701084055,4434968
2022-05-18,1020.1915893554688,1071.0683830925673,1017.1015080403615,1052.354063518012,5294021
2022-05-19,964.7447509765625,1004.3930312866048,957.4766539902681,1003.6096200461628,4393100
2022-05-20,984.373046875,987.7677580187607,970.3155277341607,981.8487690371234,2461651
2022-05-23,994.818359375,999.0835043083849,971.0990490994868,987.0714808231912,2783695
2022-05-24,956.0405883789062,1002.6087794065296,949.6429235726575,999.2576317703124,3666196
2022-05-25,922.7900390625,953.0376013121402,909.6029511042864,949.6864537957304,4711542
2022-05-26,938.8494262695312,948.3371714012769,919.134088880819,931.3637204216303,2946857
2022-05-27,977.7144165039062,980.2821527947808,950.5133699730832,953.1246704400421,3367600
2022-05-30,1013.1845703125,1018.8423879302245,988.3336519668602,994.8184451427043,2469771
2022-05-31,1027.328857421875,1037.5564482498412,999.8231875949228,1002.7391177716586,9674664
2022-06-01,998.0390625,1041.9089335860194,994.9925451503333,1032.4647510528712,2419021
2022-06-02,997.5167236328125,1005.6988192310534,985.0694829217999,992.2941229855203,3206663
2022-06-03,999.1704711914062,1028.852227397665,995.8627819350304,1009.702693554392,3229236
2022-06-06,995.9498901367188,1000.1280131108771,967.1385647957421,997.5167128155484,3938875
2022-06-07,983.8508911132812,992.1200082165376,975.4946456688361,983.6767406849784,1656444
2022-06-08,978.5411987304688,991.6848282477013,974.7983988133748,987.8548999861923,1303551
2022-06-09,991.0755615234375,993.9914924966612,967.6174212077834,976.6263866790044,1323539
2022-06-10,966.0504150390625,978.2800458903525,957.6942762787191,974.0149013005106,3119792
2022-06-13,915.6524047851562,944.0720775440419,913.9551020971795,941.112582629292,2012004
2022-06-14,896.6770629882812,919.6565279141643,888.1903366310127,900.0282106067444,5775453
2022-06-15,887.8856201171875,902.6394775550922,885.9271448765907,902.6394775550922,3238141
2022-06-16,848.9337768554688,899.6800389770456,845.1909234532268,891.3674628541349,5600443
2022-06-17,840.0117797851562,848.1068001434465,821.4280471110303,845.2778914663477,7043370
2022-06-20,852.4589233398438,860.1187797102625,825.2143687274022,839.968225384169,2985094
2022-06-21,870.5203857421875,874.4809000484543,853.0246963835036,862.9476579800039,3433536
2022-06-22,853.0247192382812,867.7785757729631,842.5795185945472,867.7785757729631,2719988
2022-06-23,862.6865234375,869.171262907553,845.4084416592941,853.9821894178419,2915172
2022-06-24,854.0692749023438,871.3038458430624,847.8021437074353,871.3038458430624,4056588
2022-06-27,876.7005615234375,891.4108546176031,866.9516964797829,866.9516964797829,3796002
2022-06-28,888.4513549804688,895.6759413553034,856.5499505900312,872.1742402701788,2755698
2022-06-29,888.799560546875,894.2833336971469,872.6530309290679,877.396903782267,3770663
2022-06-30,870.4334106445312,893.0646793212891,867.8221104125977,884.3603452148437,3264301
2022-07-01,879.7470703125,882.619489979926,861.1197738293661,867.8221218047202,1842102
2022-07-04,870.3899536132812,882.4454358480206,866.0812973378003,879.7471133583882,1814322
2022-07-05,873.21875,889.4958643198897,869.5629192934792,874.785519409356,3045188
2022-07-06,879.0508422851562,883.4030099306377,871.8262014920199,877.3969973290548,2188175
2022-07-07,888.4949340820312,893.8481209900649,884.3603752410911,888.6690313954791,1901699
2022-07-08,893.4998168945312,900.6373277280572,883.0981279331384,897.4167668955301,2841036
2022-07-11,877.0051879882812,885.5354249400796,859.9882251305892,883.4899276392185,2892507
2022-07-12,868.1267700195312,885.056711050723,865.6460559666724,870.4334398860457,2013304
2022-07-13,861.7725830078125,874.0892369538557,859.161282789743,871.6520340423987,2067142
2022-07-14,849.3689575195312,869.2148297325166,843.2759233147611,868.6925909086389,2212219
2022-07-15,847.6281127929688,860.7716902264114,840.011819837628,853.0248109981617,2544737
2022-07-18,877.3967895507812,889.5828560723199,856.6804870895724,857.3768231225392,3946821
2022-07-19,877.1357421875,879.9646507193813,862.5994938751945,870.389883380706,2985845
2022-07-20,910.0380249023438,915.4346689185505,885.44828391383,888.9300171511417,5574762
2022-07-21,925.4967041015625,928.2299988367632,906.0502845648197,918.5515581739061,4935223
2022-07-22,921.8671875,935.3094043453954,908.021747906459,931.9937012807475,2985409
2022-07-25,911.6063842773438,922.046528423666,903.5410537700977,922.046528423666,2888919
2022-07-26,895.5652465820312,929.5292687354756,890.905321963807,909.5899809751822,5939871
2022-07-27,903.00341796875,905.064547118769,888.9786820040877,896.1478649234754,2546052
2022-07-28,930.2014770507812,935.0854391220074,909.9485573288634,915.146203968455,3428026
2022-07-29,939.7454833984375,957.0859227608598,935.6679668429384,945.4360004800628,6185909
2022-08-01,940.5966796875,948.9756394777596,930.022201612881,948.9756394777596,2540084
2022-08-02,925.3622436523438,940.5071641242838,923.0322811319794,937.3706466641266,2802273
2022-08-03,943.3300170898438,947.2282381971933,918.2826200844703,920.7470265698462,3509019
2022-08-04,946.3770141601562,961.2977888749735,928.5883911952168,952.6051981803138,5360632
2022-08-05,948.3035278320312,957.0409686022025,941.3583826044593,949.916637577586,2641829
2022-08-08,946.8697509765625,954.2629703841483,940.1039006696885,946.332084170983,2579239
2022-08-10,945.6151733398438,949.1550230047986,934.7270644102633,946.3321353814431,2823021
2022-08-11,965.3751831054688,980.296065321701,959.0572975836737,960.670407323335,3201408
2022-08-12,955.2040405273438,964.6135932019021,951.7090419410405,961.8355566718332,1771561
2022-08-16,965.7785034179688,967.7948360997393,946.8250637237644,964.2550958156284,2222701
2022-08-17,989.795166015625,991.9459424423869,960.8495506311554,961.118438706888,4280823
2022-08-18,990.3778076171875,994.007140734688,975.098443182375,985.7626243608885,3041422
2022-08-19,989.4815673828125,1017.1277037968327,985.7625323141111,994.724009880603,4577717
2022-08-22,966.6746826171875,985.7626763806892,963.5830161621237,982.178084830214,2157609
2022-08-23,955.2040405273438,958.9678178399467,938.2668238345286,951.7090419410405,2875768
2022-08-24,959.7295532226562,961.9251812214385,945.5256308348391,955.293664858817,2180800
2022-08-25,959.4158325195312,976.4874922176087,954.8903516723477,967.8396438912678,2734931
2022-08-26,972.813232421875,983.5670054069756,968.7357164078101,970.5280119053268,2624896
2022-08-29,928.005859375,938.804374279175,911.6511080100205,937.3705597375339,6118233
2022-08-30,964.3447875976562,968.2878604582362,934.055052508376,939.1630520687011,4453769
2022-09-01,943.5540771484375,954.3974440710107,934.7717846100961,946.3321135577345,6112823
2022-09-02,946.6906127929688,955.7416842201476,938.3116522548336,948.3036132908446,1645341
2022-09-05,954.4422607421875,959.5951106061973,945.2567457672136,946.3320793729205,1677079
2022-09-06,953.2324829101562,959.774406374694,941.2241884961026,954.442370096501,3051076
2022-09-07,946.1976928710938,950.8128762129427,935.578362644969,942.747545500486,2615897
2022-09-08,976.442626953125,979.3999584683677,956.279301330223,958.8781518446723,2634786
2022-09-09,1009.6450805664062,1014.7530799765561,973.4406825541358,988.137530387995,3394349
2022-09-12,1030.6595458984375,1044.0121697767654,1021.5636239998859,1021.6084751463628,5230075
2022-09-13,1028.2847900390625,1043.5193032418485,1024.3865688334295,1035.946897789447,2483685
2022-09-14,998.935791015625,1005.3432689080693,981.2817251962466,996.5162359983801,5179539
2022-09-15,970.528076171875,1007.539024403606,966.0473371313769,1003.9544331712076,3392174
2022-09-16,925.8998413085938,962.4178632950744,921.239916616001,954.3973844319465,6635089
2022-09-19,931.5457153320312,942.6131197009926,916.8488683149455,928.4091977719908,2485826
2022-09-20,946.466552734375,955.0246988768675,940.955221700094,944.5398130208562,2321528
2022-09-21,950.0512084960938,956.144948518894,938.2668418511577,938.4460276721315,2760138
2022-09-22,939.5214233398438,960.6704906204151,934.0100922100071,940.955238014399,3867282
2022-09-23,927.6026611328125,940.8656936916656,915.863145626195,930.2015118982293,3230711
2022-09-26,925.631103515625,942.9715419232746,908.2906104114534,922.1361051452121,3314114
2022-09-27,916.3112182617188,936.4745458029303,913.2194970994277,927.4682157439679,4448875
2022-09-28,922.7633056640625,928.7675612980615,903.8098133384756,910.4861250966475,1965519
2022-09-29,902.510498046875,936.0264502652857,897.6265359123329,934.5477844010961,3176310
2022-09-30,903.8546752929688,912.9953940561381,882.3023310201213,897.0439736949726,3848885
2022-10-03,901.07666015625,912.5025452054714,895.3861432064238,905.10932546774,2431236
2022-10-04,921.5088500976562,928.4091445771604,912.1888908603577,915.8630750558475,2715420
2022-10-06,924.1973266601562,936.4745085169872,920.6574769969183,926.1239570340537,2397633
2022-10-07,917.5208740234375,928.8123140663669,915.0116712023997,922.9426117985338,1539126
2022-10-10,922.4498291015625,925.7207908510412,899.2844275111519,903.4066860177438,1660433
2022-10-11,900.4940795898438,927.5129571775366,896.6406550548836,927.0648832851803,2310765
2022-10-12,910.3966064453125,912.995402346016,894.5347788441015,903.13777617195,2192421
2022-10-13,907.7529907226562,914.9669700960577,898.8811049812148,913.0402303078429,1344162
2022-10-14,913.9364013671875,940.8656891490556,910.5310503333261,927.5130637440809,3492929
2022-10-17,916.9832153320312,921.1950661382756,902.8240913558736,913.174587269328,1426207
2022-10-18,913.5330810546875,926.5719657926239,908.6938610992196,921.5984111827871,2395805
2022-10-19,913.3539428710938,923.0323291696842,910.7550921045296,918.1035157614965,1304927
2022-10-20,933.472412109375,935.0406708171021,902.420867817771,905.1093113167316,1852905
2022-10-21,933.0243530273438,935.8919823812766,924.0180234054128,933.4724269509612,1202009
2022-10-24,939.29736328125,941.9858067523256,936.4744757580116,941.8513627001629,231316
2022-10-25,970.080078125,973.2165956986144,941.8514199624711,944.0021967487028,3097049
2022-10-27,964.12060546875,983.970301461542,956.3241632307805,979.7584504857275,2342818
2022-10-28,940.0142211914062,968.735802859491,936.5193321737871,968.735802859491,1542568
2022-10-31,952.963623046875,966.3162475749172,943.6436637485274,943.8677007057325,2629847
2022-11-01,959.6846313476562,967.8395538580385,938.40112264013,957.9819287724474,4709472
2022-11-02,969.6318969726562,984.5975211262014,955.6071623513293,959.7742714026939,4104485
2022-11-03,943.50927734375,959.9088273704007,941.0897218153173,958.8782354256786,3460133
2022-11-04,944.226318359375,948.8415022242976,930.8736918990104,943.6438003077333,2531080
2022-11-07,944.0916748046875,956.9962245591257,935.9814937366203,948.9756363893664,2588984
2022-11-09,937.8919067382812,956.3543467236381,934.5641979494469,954.5765266502989,2697639
2022-11-10,930.962890625,942.7241718949925,916.512063633889,925.4013873050459,3285774
2022-11-11,965.2437133789062,971.8993538471118,953.8471449707554,956.4000208120265,5299457
2022-11-14,971.3067016601562,979.603381130866,962.2805972997659,968.2524436120164,2229790
2022-11-15,972.7655639648438,976.0022342946945,957.3118598873697,970.9877436000464,1577944
2022-11-16,972.6742553710938,980.1048399046414,965.5172329851305,971.8993110124164,2335937
2022-11-17,965.1071166992188,968.1157442101019,954.8502043549361,966.4290742168553,2089630
2022-11-18,967.203857421875,970.9875400481193,953.6647576435049,966.4289130995365,1617331
2022-11-21,950.5650634765625,964.5145093101169,946.1888474876271,961.961633178935,1475958
2022-11-22,957.9043579101562,959.955740154686,944.5931887156845,950.5649235841056,1696991
2022-11-23,951.8871459960938,965.1983173405227,949.4254201282859,962.7365914727148,1704144
2022-11-24,974.9081420898438,976.4580309544635,953.6648929770017,956.6736317078743,2208145
2022-11-25,984.8002319335938,987.3074768316221,966.4289425127554,975.5461966874041,1943246
2022-11-28,982.1105346679688,994.6923894278855,976.8225942415387,980.1047833501163,1749691
2022-11-29,979.69482421875,989.6325445904604,978.099304359761,981.1079321742175,1233868
2022-11-30,981.9284057617188,986.4870334579199,969.3465488023551,979.8770232984283,3909954
2022-12-01,1004.265625,1010.1462098795665,992.0941119945109,995.0572198304164,4264917
2022-12-02,1016.3460083007812,1017.7592273536059,1002.9436878740025,1004.2656453404894,3418928
2022-12-05,1002.670166015625,1021.1326082632417,999.4791266148023,1021.1326082632417,2760688
2022-12-06,992.6867065429688,999.387866287982,984.7091089192363,992.8690071136673,1838107
2022-12-07,982.8856201171875,991.3190801369398,979.3753882624711,990.1337925892946,1478573
2022-12-08,979.3298950195312,986.8516298333608,975.8197743653325,982.9311659580063,1110431
2022-12-09,943.9093627929688,980.7429803720962,939.2594741598696,979.1474609023952,3138360
2022-12-12,940.9918823242188,952.2061506831403,931.6011206436754,942.724183062658,1689393
2022-12-13,953.4368896484375,954.9867783960987,939.2139948827212,948.057687232761,1983827
2022-12-14,971.078857421875,973.7685145611105,958.2235494737773,958.2235494737773,1983937
2022-12-15,932.4672241210938,966.4289978668877,930.1879104468794,966.4289978668877,5184673
2022-12-16,930.6893920898438,942.2683172287934,921.7544931962362,925.4013952464686,2994364
2022-12-19,936.0685424804688,937.3449804614122,920.6148395067204,929.9144508966116,1529622
2022-12-20,928.0909423828125,934.5185957411318,915.3723610966794,934.5185957411318,2149130
2022-12-21,935.47607421875,939.578839321478,930.1880213462723,934.0628550544043,2037666
2022-12-22,926.1763916015625,943.635958404887,923.2132835196147,939.0773305865058,1925482
2022-12-23,907.8506469726562,925.8572252078659,905.3434019019309,916.3296828096479,1504806
2022-12-26,912.63720703125,917.6516971797734,905.3434031788524,912.0445632093199,966423
2022-12-27,920.4324340820312,923.2131856269249,905.5257449554771,920.569215161004,1615647
2022-12-28,926.5410766601562,929.4130343596507,913.7313439991384,916.55767090395,1077963
2022-12-29,923.7603759765625,926.039689944306,918.1076662070958,920.842842968388,1977329
2022-12-30,926.677734375,936.9346452971821,925.4012965346516,932.467168503266,1317151
2023-01-02,920.3869018554688,931.6466896390564,916.4664932940158,928.045418394319,1348611
2023-01-03,933.424560546875,934.336341698849,919.0648838483966,923.5779362259515,1439615
2023-01-04,930.2334594726562,938.484563612184,922.7572997016807,933.4244985269613,1702044
2023-01-05,922.34716796875,934.4730509156368,915.8283080764294,930.871779538113,1376035
2023-01-06,899.09814453125,922.3471453099797,898.0496379234814,920.3869131814768,2346808
2023-01-09,925.6293334960938,930.8717552322204,907.5316041963893,909.8564931412095,2190779
2023-01-10,914.1414794921875,924.5351154923862,910.8592347179396,923.5778149676352,1411099
2023-01-11,917.5149536132812,927.1792775012401,914.6886267638394,919.429610591205,1294200
2023-01-12,913.138671875,924.0338028306345,909.263838464018,920.8427635510023,1948321
2023-01-13,914.597412109375,919.930983760262,899.2348048098318,915.7826440709827,2837817
2023-01-16,943.1343994140625,944.3196870824834,914.6886083181283,919.2016606747765,4286551
2023-01-17,953.7105102539062,957.3117814854569,939.8978465764069,942.7241733866309,2466876
2023-01-18,955.8074340820312,958.6793917513373,951.3855875344941,953.7105321464609,1138627
2023-01-19,960.3204345703125,960.958597849903,948.2855921848015,951.7501933172837,1768051
2023-01-20,954.1207885742188,964.1497696294662,949.8812425055759,959.591141877081,1160517
2023-01-23,971.26123046875,975.1815833855762,954.8045404928968,960.5028249312645,1344952
2023-01-24,976.09326171875,982.201889118206,971.261183525331,975.5462486980288,1578750
2023-01-25,958.3602294921875,973.4492189202543,956.3999975148126,970.9876047219022,1049973
2023-01-27,939.1683349609375,964.2864148553526,931.3275185905114,958.2234185400172,1651820
2023-01-30,944.638671875,955.4425956883567,928.5011766899463,939.1683194333405,2654212
2023-01-31,925.4014892578125,938.0288666306311,908.1242779101864,934.5187453096136,5797831
2023-02-01,933.37890625,943.1799545940171,914.734110131223,928.1820601846418,1939670
2023-02-02,926.90576171875,952.0693635281796,921.8456406219406,936.615660656223,3860090
2023-02-03,922.0279541015625,936.2509047821484,914.4606438511983,934.0171106101311,2980262
2023-02-06,916.6030883789062,926.6776983441514,908.9902037160324,917.1957321347328,2003960
2023-02-07,913.9592895507812,919.429642855712,908.99037416934,916.2841785759146,1697633
2023-02-08,921.8001098632812,931.0085713432826,915.6915375245302,918.5634952773742,2611176
2023-02-09,926.3131103515625,927.8630548349588,914.0959663616244,921.8000579856439,1782899
2023-02-10,927.5438842773438,931.4187175233054,915.4635218046396,922.2558876829044,1116554
2023-02-13,914.0048217773438,927.9542109203941,912.181370761329,925.4013906274353,1682312
2023-02-14,922.7117919921875,935.156811825096,916.9679324041291,917.2414389278825,2440189
2023-02-15,976.8226928710938,980.1048823110733,919.2927822047295,925.3102037077675,6712218
2023-02-16,1030.477783203125,1040.324463472881,979.2388527897496,980.1049475278561,14422445
2023-02-17,1029.5205078125,1038.4554632520994,1010.2831198215407,1010.2831198215407,5333732
2023-02-20,1043.1962890625,1054.7296390786264,1021.1325761317856,1029.7939685186177,4590531
2023-02-21,1034.306884765625,1050.2620800254078,1031.2071072936978,1044.8373581549256,3494288
2023-02-22,1026.329345703125,1034.124643207015,1019.3091039060549,1022.9560058878297,2674708
2023-02-23,1029.1558837890625,1048.0285588609654,1024.8251872648436,1027.5147332199288,2576193
2023-02-24,1020.2208251953125,1040.2787860123785,1017.4856487202582,1036.6318840456393,1913493
2023-02-27,1015.6165771484375,1019.5370413199176,1000.0260933429114,1011.1035804371014,2247105
2023-02-28,1003.1258544921875,1035.264174302094,999.9348156458138,1019.3089800702256,3894204
2023-03-01,1027.423583984375,1029.3381854539289,1000.1629667342428,1003.1260748854609,2084324
2023-03-02,1011.8330078125,1024.779465438088,1007.4566808799709,1021.1325634258528,1838692
2023-03-03,989.35888671875,1020.7677837118872,986.8971612459131,1019.3090452620263,2388401
2023-03-06,993.8263549804688,999.2510768010983,989.2220970156859,995.6041750609484,2076844
2023-03-08,983.113525390625,992.3219295036001,975.1814477786662,984.6634140244892,2230530
2023-03-09,966.4290771484375,987.7178463531131,964.012982196642,986.48703912699,2550755
2023-03-10,967.5687255859375,969.1186144800995,949.1519142669559,952.7531856181905,1400844
2023-03-13,1033.71435546875,1061.8865827219868,1025.691127023963,1025.691127023963,13080169
2023-03-14,1016.8472900390625,1037.771341535492,1001.4391099308576,1028.4261570411024,4325522
2023-03-15,1016.0269165039062,1032.2555635799367,1012.5167955980385,1025.6000342260638,2583351
2023-03-16,1019.081298828125,1023.5031457701084,1003.8555256851139,1008.3685229290148,2396839
2023-03-17,1027.6514892578125,1032.5291987545936,1015.8445764555439,1024.1868876050687,2507004
2023-03-20,1011.1036376953125,1036.4496525719803,999.2512055131313,1036.4496525719803,4007438
2023-03-21,998.931884765625,1011.878339994599,990.5439449134674,1007.4108635976951,3354949
2023-03-22,1002.5333862304688,1008.6420141539126,997.0175134643529,1000.1629220742673,1750203
2023-03-23,1002.3966064453125,1013.8388065587661,991.1368182177254,991.1368182177254,1720354
2023-03-24,1004.67578125,1019.3090187471738,999.8437033046174,1007.4565882966252,1943460
2023-03-27,1005.63330078125,1015.3432003323965,993.8720187035779,993.8720187035779,1455300
2023-03-28,975.81982421875,1007.0919413565299,972.0816607209699,1001.9863009355264,2431154
2023-03-29,985.6663818359375,991.4102968059125,971.0787743384648,980.7430420466178,1642278
2023-03-31,1004.584716796875,1008.3683998690501,995.1027493673929,998.3394194001897,2281085
2023-04-03,1005.8156127929688,1007.4567633506665,989.3134020956523,1007.0920508606641,1508662
2023-04-05,1006.0889892578125,1016.5738314657553,1001.6215124928984,1004.721401143733,1947605
2023-04-06,996.2881469726562,1007.4111547477047,987.398822394314,1006.5450599476665,1355815
2023-04-10,1009.508056640625,1013.6108213774801,994.5557362296075,999.5702264635415,940829
2023-04-11,1001.302490234375,1018.3973426740696,995.9689185321128,1010.1918135030162,1384483
2023-04-12,1011.9241333007812,1015.2063227724203,994.5101988781116,1005.633205224948,1376719
2023-04-13,990.9088134765625,1003.1259571403301,981.016614299473,1003.1259571403301,2725180
2023-04-17,939.0316162109375,946.3710508631264,913.5489334921509,943.6358744155451,4349422
2023-04-18,934.7009887695312,946.1431889328707,921.7545304853116,943.4536430798674,2735592
2023-04-19,924.3984985351562,938.1655312045013,920.8427468576738,934.7009298172895,1953837
2023-04-20,931.60107421875,933.4245251589501,920.8882999450747,925.4925024396185,1250758
2023-04-21,910.5858764648438,929.5953315769253,906.1183990923499,924.763197379465,4269272
2023-04-24,917.2869873046875,918.5178500966211,903.5199547535414,913.5489350787573,1625433
2023-04-25,908.9903564453125,917.2870365370928,906.619892318321,917.1958862427125,1984203
2023-04-26,908.3521118164062,914.0048210912704,905.0699222489671,908.9903308009941,1589700
2023-04-27,914.597412109375,919.6119021100504,905.34337648557,910.8137292135796,3543950
2023-04-28,933.3333740234375,936.0684947839477,894.4482605000546,895.2688356813222,5146250
2023-05-02,960.4572143554688,971.7171136783978,930.3247523878647,930.3247523878647,4762884
2023-05-03,947.8297729492188,957.9955341621339,946.5989658280614,948.1033351070815,2217136
2023-05-04,953.1633911132812,954.6222409668147,938.028769887125,941.8124530173185,1744298
2023-05-05,944.9122924804688,957.9498998296838,940.4904462421174,953.6648346697582,1222282
2023-05-08,951.2487182617188,954.5765383860744,943.9093952256785,949.0605549405938,1487285
2023-05-09,955.3060302734375,958.6337393366249,948.0577457196515,955.8530433184397,1747630
2023-05-10,953.8015747070312,958.2234207551148,946.5077713140332,955.4882444827406,1186977
2023-05-11,951.8871459960938,965.335098437839,950.8841588121937,961.8704966807586,1451786
2023-05-12,953.98388671875,960.5027458383688,942.7697306442462,951.8869849948715,1140016
2023-05-15,970.4862060546875,975.4551770220005,950.0180122096695,953.664914367864,2122222
2023-05-16,963.8761596679688,977.1874410808031,960.0469570636245,975.4551403618408,1343911
2023-05-17,961.095458984375,972.264096369839,947.2827953875105,964.6055799037404,2803566
2023-05-18,956.12646484375,966.3833764775042,952.7987558827122,965.5172817907217,909923
2023-05-19,977.5064697265625,983.5238354761152,956.4000031651864,963.283574874544,2624323
2023-05-22,1006.9551391601562,1012.4254919167935,975.6373918873303,977.3696925191878,2996190
2023-05-23,994.2366333007812,1020.4031099894762,990.4985811016269,1006.5449272481087,1414119
2023-05-24,1001.75830078125,1005.9522154357246,989.2220763118601,989.450007665849,1782245
2023-05-25,1001.1658325195312,1002.8981333724635,986.0768410169303,1000.162956645084,1200289
2023-05-26,1016.3460083007812,1021.4972796710745,1001.9863315743967,1001.9863315743967,2104054
2023-05-29,1015.7078857421875,1028.4720433447553,1012.1065030704041,1028.4720433447553,1432241
2023-05-30,1001.4391479492188,1021.8618180736362,998.3392594964289,1016.5737665191947,2822485
2023-05-31,1017.0752563476562,1027.9246989517742,999.250981278723,1001.4391443725596,7599886
2023-06-01,1021.862060546875,1036.3584080340706,1018.9444719541714,1022.9560867099983,1412280
2023-06-02,1023.9588623046875,1038.6376202447443,1018.9443721746013,1028.426339406778,1907589
2023-06-05,1011.4226684570312,1034.3982179994232,1009.735998528796,1024.8706196789724,1754521
2023-06-06,990.36181640625,1004.7214929157077,976.9594961819358,1002.8980419303798,3284841
2023-06-07,998.9775390625,1001.986277589485,988.4926963033744,998.3393757602239,2086377
2023-06-08,976.7316284179688,1004.2656955717181,974.6346151304282,1003.8098327956983,4054486
2023-06-09,969.2098388671875,983.7518160979622,966.5201818610485,983.7518160979622,2782697
2023-06-12,979.876953125,983.7517863892766,968.3892344121851,971.89935522796,1767945
2023-06-13,984.1165161132812,991.8661827778745,980.4696141534725,984.2532971956971,1846534
2023-06-14,982.4754638671875,989.1766246288885,976.5037280881671,984.663627520603,1321534
2023-06-15,986.03125,987.8547012251503,974.9537615482861,983.7063051700814,1389325
2023-06-16,982.1105346679688,990.9998571216094,976.8681137337705,987.8544490789312,4392418
2023-06-19,997.0628662109375,999.0687288496543,979.2387015780564,983.7516977496132,2188899
2023-06-20,1009.59912109375,1012.8813103452541,992.1395570502044,997.062896574764,3318866
2023-06-21,1021.0413208007812,1021.8162651493789,1006.6360146372903,1009.5991222542749,1985965
2023-06-22,1020.2664184570312,1026.8307972378436,1012.379970985139,1018.3061864630934,2360795
2023-06-23,1017.0297241210938,1019.3090377116835,997.4732580316783,1015.66213596674,3492348
2023-06-26,1013.7474975585938,1026.602803478219,1010.4653083676732,1014.020948402651,1432154
2023-06-27,1020.8590698242188,1022.0443575756532,1009.0066374883726,1011.1036508041029,1227245
2023-06-28,1010.2830200195312,1027.469023703166,1007.1831310123478,1021.1325758973645,1876800
2023-06-30,1031.0247802734375,1032.5291496377938,1012.5623385249472,1016.2548713924929,2478834
2023-07-03,1022.454345703125,1036.5405690886616,1016.6649120095695,1035.7199940175801,1899656
2023-07-04,1046.660888671875,1053.954692774118,1021.2237246063788,1024.369244402242,2773593
2023-07-05,1071.2774658203125,1080.3490900555823,1045.2932889897772,1049.2137531697751,3732838
2023-07-06,1075.1522216796875,1079.4829175058298,1059.4249578900121,1071.2773885720862,2520085
2023-07-07,1053.9547119140625,1079.7565889121597,1049.6240156497097,1066.7188693247865,2261102
2023-07-10,1045.8858642578125,1057.5558831521323,1035.3553908727,1057.5558831521323,2088505
2023-07-11,1058.9234619140625,1063.2541577301126,1044.0167733114217,1052.7237957331138,1212566
2023-07-12,1057.0545654296875,1065.8071079581018,1051.6297319357657,1063.071931462059,1274203
2023-07-13,1071.50537109375,1086.6856226049263,1051.6753418903556,1057.054544484912,3215610
2023-07-14,1120.191650390625,1123.245908809062,1078.5713556177925,1079.4374503965075,6033106
2023-07-17,1132.7279052734375,1158.5753037191653,1112.8978735158992,1126.8016888861273,4880073
2023-07-18,1137.42333984375,1147.315540545255,1116.8638826293331,1133.2749437618459,2666872
2023-07-19,1134.8245849609375,1150.3239170900765,1122.4251415165477,1144.2154012981996,2293881
2023-07-20,1142.346435546875,1144.671380119924,1126.5280201753083,1135.0982622455638,2000345
2023-07-21,1118.16064453125,1139.539561735368,1104.9684111523504,1122.277399811384,5032086
2023-07-24,1087.05126953125,1126.4408920036765,1080.8761935831265,1119.4705610233377,2669308
2023-07-25,1082.0457763671875,1089.7178235197553,1071.2861339735666,1089.0629344499837,2557865
2023-07-26,1069.60205078125,1091.869879789781,1066.0934714760128,1083.449289457212,3170213
2023-07-27,1029.089599609375,1052.573664754021,1012.6226922297559,1039.4749702593042,17594818
2023-07-28,1020.809326171875,1029.1830883424059,1015.1956002354618,1029.1830883424059,4244321
2023-07-31,1043.6851806640625,1046.959854023385,1017.1603492958591,1024.504950988031,4766331
2023-08-01,1069.8828125,1080.1746454142983,1047.8021756352741,1047.895714910363,3805214
2023-08-02,1071.894287109375,1078.396807772814,1053.13503922639,1069.4148684652855,2357217
2023-08-03,1069.2276611328125,1073.110396683522,1049.111810824678,1066.6078768034158,2348236
2023-08-04,1099.5418701171875,1105.7637732693038,1069.2278378717497,1079.6599217587902,3580506
2023-08-07,1107.4478759765625,1116.0555439309687,1096.6414071907705,1104.0328363100723,1694290
2023-08-08,1127.7974853515625,1131.0721585876522,1099.4481256516572,1109.6464165720724,5137402
2023-08-09,1148.9425048828125,1156.8952828074898,1122.9321972798398,1129.247638572966,3396984
2023-08-10,1156.2406005859375,1159.4216209553724,1137.340985846826,1141.4577415274337,3715680
2023-08-11,1141.878662109375,1169.8537542810648,1137.0603050824207,1156.2405365624295,2933959
2023-08-14,1141.2237548828125,1142.5803596959004,1125.5521025816956,1134.066231138798,1842625
2023-08-16,1148.8023681640625,1159.2345664836084,1141.457765221955,1142.3933863409895,2341456
2023-08-17,1152.4512939453125,1154.462902159642,1136.3586566537977,1146.1358514982812,2636308
2023-08-18,1132.8499755859375,1147.02454265575,1127.563693985829,1147.02454265575,1794430
2023-08-21,1140.3817138671875,1145.2001852011538,1126.8152084052458,1127.4233849406785,1175945
2023-08-22,1135.0953369140625,1144.2644682807343,1131.3996796962208,1140.381618338372,1003208
2023-08-23,1123.680908203125,1140.38172150688,1121.9967445878065,1135.0954396043292,1569035
2023-08-24,1121.9031982421875,1138.1830276451444,1119.6576848397872,1128.5460849734732,1218843
2023-08-25,1112.921142578125,1120.1253783545008,1102.5824851864975,1113.388953062605,1213340
2023-08-28,1108.47705078125,1119.283519708348,1106.1848248689832,1112.9680775536542,950013
2023-08-29,1120.8739013671875,1130.1365716414953,1111.7515970780973,1115.6344468742236,1419344
2023-08-30,1120.1253662109375,1142.9545404483777,1117.646062039307,1130.1832915182188,2016339
2023-08-31,1124.569580078125,1136.3116689453398,1120.8739229283794,1121.8095438991045,2817747
2023-09-01,1148.989501953125,1150.7203780922043,1126.5345962485983,1127.4233905814465,1686038
2023-09-04,1175.8416748046875,1184.4961689299657,1146.6503457099893,1155.4919183479524,3466873
2023-09-05,1173.7833251953125,1185.0574892761772,1168.2631386695214,1177.7128875565643,2199985
2023-09-06,1168.5438232421875,1178.5082099133701,1156.2872107644757,1173.7833923054825,1753376
2023-09-07,1187.5369873046875,1192.7764422082164,1158.9070067500913,1168.5438347914003,2554884
2023-09-08,1181.6424560546875,1195.7235973101324,1177.9936256480935,1190.1098715011647,1731105
2023-09-11,1187.1627197265625,1192.9168118968457,1182.1571700640507,1183.5606016074587,1293853
2023-09-12,1184.49609375,1201.1501919375776,1170.9764170375481,1189.9227408119852,2335224
2023-09-13,1179.2567138671875,1187.0691262597702,1173.1751774567927,1179.1631746108753,1204376
2023-09-14,1197.4547119140625,1206.343112883071,1180.753897146186,1180.753897146186,3288631
2023-09-15,1216.3541259765625,1219.769051255196,1191.981153257133,1195.9107157700648,4316210
2023-09-18,1206.7640380859375,1218.1785688529346,1200.4017694610716,1217.2429478323104,1967717
2023-09-20,1192.30859375,1206.1558301793643,1187.3498709967155,1199.4661172137487,2843560
2023-09-21,1208.494873046875,1212.5648015059166,1184.4026325848554,1193.8055549955313,2960250
2023-09-22,1221.3128662109375,1235.0197368907086,1201.337380430053,1206.9979332420885,3252940
2023-09-25,1215.7926025390625,1229.780204323092,1212.611582665878,1221.3127890079204,2100302
2023-09-26,1199.7469482421875,1219.1610855174504,1196.7997190183303,1216.3073955586324,1141475
2023-09-27,1205.6881103515625,1210.6001209513558,1182.6250282168887,1188.1919278786986,1568115
2023-09-28,1150.345947265625,1192.0279058828835,1143.3287902062575,1192.0279058828835,6570797
2023-09-29,1144.0775146484375,1152.3577384534349,1132.1015190106434,1145.2002142719236,2861162
2023-10-03,1137.90234375,1151.4688497907844,1134.487418081396,1142.0190994598606,1622290
2023-10-04,1127.42333984375,1137.2473606473677,1109.693367030413,1132.1014449883298,2340603
2023-10-05,1127.984619140625,1145.1532411062017,1122.2773540631463,1135.8438581347725,2497613
2023-10-06,1138.5572509765625,1144.2645164008468,1127.4233379092564,1129.2945799638776,1446719
2023-10-09,1134.5809326171875,1148.7087881714458,1124.756911215599,1125.7860715677396,1451064
2023-10-10,1148.708740234375,1152.170492422991,1134.9083297937664,1136.966650412151,1503359
2023-10-11,1152.310791015625,1159.1408699425,1143.3288523338713,1150.9073595274901,1622663
2023-10-12,1121.57568359375,1152.6850821167884,1112.734110750769,1152.6850821167884,2452842
2023-10-13,1117.2249755859375,1125.5051983144267,1104.0327427730765,1110.5820895522388,3266079
2023-10-16,1108.336669921875,1121.1079200613588,1104.7813784686418,1118.347883656115,2638043
2023-10-17,1120.499755859375,1125.5521324132667,1111.9388003391077,1113.3890586631649,1163897
2023-10-18,1110.67578125,1124.616558435649,1102.2084788502782,1122.7453162419126,2337078
2023-10-19,1096.688232421875,1109.1319238125373,1092.6183037121907,1095.1912615898887,3107691
2023-10-20,1095.33154296875,1100.2903803334468,1074.4672615965037,1094.6766539031742,2962470
2023-10-23,1081.5311279296875,1095.5654439504624,1077.4144865995052,1089.1564624766197,1203959
2023-10-25,1068.6195068359375,1090.8405047301271,1063.3332255472217,1087.1915601283515,1555285
2023-10-26,1043.638427734375,1047.895549087162,1027.4522525120128,1029.2299553036673,7099401
2023-10-27,1048.4102783203125,1053.462540934583,1042.328741117928,1047.8488142862282,1382498
2023-10-30,1054.3514404296875,1065.5788936296597,1043.685337047402,1048.4102692870144,2255915
2023-10-31,1060.198974609375,1063.941458664503,1043.732067609122,1054.3513432732375,1194765
2023-11-01,1052.6673583984375,1064.7368943667007,1047.8488865174695,1058.1407194155659,1288497
2023-11-02,1054.9368896484375,1068.649650652384,1053.3292328113134,1063.921112375161,2493118
2023-11-03,1071.581298828125,1074.3238740599772,1055.4097213476537,1062.975382432583,1108121
2023-11-06,1080.1400146484375,1082.6461630074436,1072.763448807368,1075.7424509909856,572330
2023-11-07,1086.6180419921875,1087.8475080601697,1074.8440284453807,1079.9980887337495,902481
2023-11-08,1077.3028564453125,1090.2590046385355,1075.3168935355022,1089.2187493469992,806162
2023-11-09,1062.9281005859375,1079.052462704447,1056.544573746976,1078.106755024601,6042108
2023-11-10,1076.357177734375,1077.8702868756855,1060.611122378663,1061.0839762004991,706806
2023-11-13,1069.92626953125,1080.1399577822676,1066.75817216171,1078.6740648260159,435537
2023-11-15,1110.0244140625,1114.847500249093,1081.4167561068957,1082.8353176584133,2816201
2023-11-16,1141.6583251953125,1148.9875601009921,1104.0192268163637,1111.206582474011,2294942
2023-11-17,1137.4498291015625,1148.0417081673659,1132.9577179494258,1146.3867198481576,1176628
2023-11-20,1146.0086669921875,1156.1276934695509,1137.4499659063413,1139.4832606030557,1077366
2023-11-21,1139.10498046875,1154.8510375339097,1135.2276017973165,1153.7161189725955,1129326
2023-11-22,1149.4130859375,1151.8719027069296,1138.631995779264,1139.5777034169541,750622
2023-11-23,1145.157470703125,1154.61454765097,1141.4218560430259,1149.0348491631746,651637
2023-11-24,1132.81591796875,1148.9874961592088,1130.2152218566262,1146.2450362497798,884921
2023-11-28,1137.118896484375,1143.360543858561,1121.6092680035179,1130.2151844923824,910795
2023-11-29,1155.3712158203125,1167.5708699801498,1141.1383821695447,1141.4693568232183,1898448
2023-11-30,1154.6617431640625,1161.6127869509482,1143.0768241096953,1155.654782402998,2978406
2023-12-01,1154.2835693359375,1160.1942424093409,1145.7722001102366,1160.1942424093409,1017856
2023-12-04,1157.45166015625,1181.3779953499118,1151.8719617194529,1170.7861154422683,1581599
2023-12-05,1154.3306884765625,1159.673959574584,1143.2186240321168,1157.5461174469242,1499843
2023-12-06,1158.680908203125,1179.2973801111466,1152.4865926735274,1156.600397655118,2637916
2023-12-07,1156.8369140625,1164.1661485476702,1153.8579117960903,1159.4376101701412,1076885
2023-12-08,1158.775634765625,1170.7387442359309,1151.1626419728586,1163.2204145628393,2642571
2023-12-11,1166.34130859375,1173.1503575997847,1158.7756472791202,1164.1661347886618,1558876
2023-12-12,1159.5794677734375,1177.4060340355302,1152.4866603394885,1170.7387488704865,1114846
2023-12-13,1150.074951171875,1166.9558081840833,1132.0592912543893,1159.4374791902787,3025706
2023-12-14,1196.0364990234375,1200.8597007163028,1163.362366789432,1167.9490261110986,5287733
2023-12-15,1235.1888427734375,1252.873646585974,1193.956008843719,1201.048816817048,5900381
2023-12-18,1221.6177978515625,1260.675568086187,1216.6055013716555,1234.148423608507,2671348
2023-12-19,1211.877197265625,1230.318499108954,1200.2922768768672,1229.4201228885966,1717860
2023-12-20,1180.810546875,1242.6598501778994,1170.9751642416475,1220.9085742615437,2860865
2023-12-21,1182.2291259765625,1190.2204249915608,1159.4375943955265,1165.111840371361,3337533
2023-12-22,1205.919189453125,1211.3570086952504,1175.0418101462287,1191.5916947961757,2297352
2023-12-26,1212.3973388671875,1218.7808661974163,1192.111953750485,1205.777384598802,1720830
2023-12-27,1210.647705078125,1221.3814641171075,1198.448052963534,1217.976939570504,1584695
2023-12-28,1216.1328125,1219.0172672614235,1201.5690057729473,1215.2344363312095,2284964
2023-12-29,1203.554931640625,1221.807021047815,1199.2519154136644,1216.1327748282633,1187193
2024-01-01,1226.7247314453125,1233.0137105609938,1196.5566335800588,1203.8858680477492,1776828
2024-01-02,1208.708984375,1228.5688460108147,1203.7440189660463,1227.5285906327438,1615064
2024-01-03,1176.6494140625,1204.8315482601595,1172.67748810251,1196.3201793948992,2231707
2024-01-04,1179.7703857421875,1186.5794351781537,1164.8281575251915,1182.2292027361289,3355191
2024-01-05,1180.5269775390625,1202.7983247866782,1177.92628134324,1186.7686253204697,1756868
2024-01-08,1162.2274169921875,1186.1538676757561,1155.0873932134768,1182.3237053622172,1320667
2024-01-09,1168.563720703125,1183.269405896946,1165.679266095025,1173.1977114348845,994439
2024-01-10,1173.5286865234375,1178.7772948965999,1161.6127928102637,1169.3675496310887,808638
2024-01-11,1181.567138671875,1193.293936398853,1173.5286237987693,1173.5286237987693,930492
2024-01-12,1237.032958984375,1240.5320311722799,1198.2116131086555,1202.7510560836736,5023455
2024-01-15,1265.0257568359375,1325.4091622225128,1261.432021885035,1262.5196086814517,6012767
2024-01-16,1248.71240234375,1259.871683331924,1239.3498735337164,1257.88572035836,1883106
2024-01-17,1254.7176513671875,1262.0468858108247,1234.3849364590326,1235.0942172116427,2313059
2024-01-18,1281.5758056640625,1295.1466879955292,1235.0942493772627,1254.6703524819893,4533782
2024-01-19,1314.4390869140625,1321.9574165606687,1281.4338668131147,1299.3077645015092,4463826
2024-01-23,1292.451416015625,1339.4058251275537,1283.0888869526118,1320.6807670015276,2683661
2024-01-24,1331.509033203125,1333.9206338760973,1291.411121391243,1298.4092656131475,2008135
2024-01-25,1250.272705078125,1282.710404580867,1240.8156296354339,1274.8137696747826,8424862
2024-01-29,1242.990966796875,1265.3569783290015,1239.8228689008376,1265.3569783290015,2495791
2024-01-30,1246.30078125,1268.1466044870565,1243.6055375841054,1252.0695747236118,2293154
2024-01-31,1261.2431640625,1263.4655541867603,1241.0523266855835,1246.53736237069,1798462
2024-02-01,1241.2413330078125,1263.7964381419024,1238.6406368815105,1257.7912174479168,2286420
2024-02-02,1265.451416015625,1280.4881911270272,1251.2185847817213,1251.6441070580654,1838847
2024-02-05,1260.3919677734375,1279.637096847083,1255.8998560893829,1272.7334997351857,953919
2024-02-06,1277.698486328125,1288.432246071957,1255.9944244629876,1257.7912922547766,2713529
2024-02-07,1246.4427490234375,1284.9330062493793,1242.7072497843021,1278.1239569842,2004588
2024-02-08,1238.167724609375,1257.4601835062515,1231.3113442363233,1254.0083275402187,2308756
2024-02-09,1239.8701171875,1249.705384841248,1235.0469155985336,1245.4970317841828,1085349
2024-02-12,1247.19921875,1258.736805197522,1239.917201024487,1246.820912624562,1149683
2024-02-13,1256.3251953125,1262.330530832445,1229.4198606921725,1250.178096009039,1127361
2024-02-14,1222.7054443359375,1248.2867670145063,1213.011940918979,1238.8770220698098,3426103
2024-02-15,1229.7508544921875,1236.9855407202858,1221.4286968784172,1233.864659463358,1703763
2024-02-16,1231.83154296875,1238.1204064731219,1227.5285269936057,1234.2430282052362,1994659
2024-02-19,1238.876953125,1246.4426139074428,1217.5512006173608,1232.2096683833436,1496111
2024-02-20,1248.8543701171875,1251.7860409472255,1231.3114458142054,1238.8771075396382,2113200
2024-02-21,1226.20458984375,1253.0627118119082,1222.0434528442604,1248.334173276769,1769508
2024-02-22,1255.9942626953125,1258.263984064038,1228.805168714222,1236.0398550707987,2201424
2024-02-23,1250.4619140625,1269.6598251331593,1244.834999839803,1266.20796919428,1660506
2024-02-26,1227.7650146484375,1252.9681478008447,1224.6914646406522,1250.4619993213146,1196507
2024-02-27,1225.6844482421875,1234.195817108038,1214.0048663886741,1224.6914090307068,1488661
2024-02-28,1216.0382080078125,1235.1415725786776,1201.9944719240175,1231.3114102636277,1289779
2024-02-29,1204.689697265625,1215.4234562754377,1195.6109266850779,1210.5058225484672,2251498
2024-03-01,1202.7510986328125,1217.1258094908464,1199.1573631968868,1217.1258094908464,1560034
2024-03-04,1210.55322265625,1215.7072835935332,1201.143361502756,1206.3447540035452,1843831
2024-03-05,1203.4130859375,1210.4113462252326,1190.740579272066,1205.6828075771482,1420379
2024-03-06,1201.9945068359375,1205.1626045954429,1182.22919248626,1198.6845298304884,2064350
2024-03-07,1218.21337890625,1222.8945857751887,1196.8404082895186,1205.7772997457955,2073691
2024-03-11,1219.0172119140625,1225.9209242253871,1206.2501581042566,1218.2133834664562,1577732
2024-03-12,1222.1380615234375,1236.6546510910393,1208.330637261678,1224.6914260415272,1963068
2024-03-13,1207.85791015625,1228.8526917854076,1197.5497878816216,1222.1381897487279,2001399
2024-03-14,1223.1309814453125,1227.0083597705857,1189.747570245517,1202.9401459520575,2129097
2024-03-15,1212.586181640625,1222.7998694184628,1199.6300343057387,1222.7998694184628,2499025
2024-03-18,1203.554931640625,1217.5513363831512,1199.2046992942023,1212.397275577526,630807
2024-03-19,1184.2623291015625,1203.5547870183732,1181.0942317648999,1201.0486388173163,1243420
2024-03-20,1195.658203125,1202.9401057009334,1179.2974149442327,1184.0259530955727,1139621
2024-03-21,1213.1064453125,1217.5512249338258,1201.6634062390838,1205.777211283132,1420041
2024-03-22,1194.0977783203125,1210.4112351593,1168.9891942257832,1190.1730685139617,2990908
2024-03-26,1186.248291015625,1202.5617469237027,1183.080193681461,1193.7194040562943,2144358
2024-03-27,1185.728271484375,1194.5706147274598,1178.8718911737374,1189.7001973492693,2128854
2024-03-28,1180.337646484375,1196.2727966449922,1174.5688531444525,1191.591590146546,2436133
2024-04-01,1176.98046875,1192.6791922081463,1174.5688681334655,1184.1204920401888,1397037
2024-04-02,1169.6512451171875,1183.978623383837,1168.0434728775283,1176.4602938886085,1320357
2024-04-03,1187.0050048828125,1194.4287870024564,1172.6775105962358,1172.6775105962358,1819093
2024-04-04,1209.796630859375,1219.0172813584009,1179.2030084460466,1191.5917567971956,2460669
2024-04-05,1194.8070068359375,1206.675567969191,1191.7806732454128,1205.7771919248855,1184658
2024-04-08,1196.4620361328125,1201.0486950687223,1187.903335868775,1201.0486950687223,686932
2024-04-09,1183.4586181640625,1211.4515425057618,1175.2782236136109,1196.414767250262,1198161
2024-04-10,1197.549560546875,1204.3112774224564,1184.025895910071,1192.0170788227513,1994380
2024-04-12,1174.66357421875,1200.8124166177984,1170.7861955289106,1196.2729732366727,2887322
2024-04-15,1152.581298828125,1173.292321255635,1145.2520639022437,1167.9490494791667,2153147
2024-04-16,1130.877197265625,1147.2852010807112,1126.3377545964197,1139.577661031642,2085459
2024-04-18,1115.6041259765625,1142.2730372880403,1112.199601300626,1134.4237325411364,3242357
2024-04-19,1128.8441162109375,1139.4359971841122,1099.8108180599993,1099.9054811924025,2572144
2024-04-22,1142.462158203125,1150.6424369171345,1130.2151750259711,1131.1608826639215,1364143
2024-04-23,1135.0855712890625,1151.8718815497423,1133.7143414167285,1151.8718815497423,1460983
2024-04-24,1121.3255615234375,1142.3675576196993,1117.3536354037483,1142.3675576196993,1375843
2024-04-25,1125.67578125,1128.749330892096,1109.125898561791,1120.6634848873,3357065
2024-04-26,1209.3236083984375,1273.8681528936033,1173.6231460586205,1182.1345145634775,20431926
2024-04-29,1218.355224609375,1239.822742315199,1215.2343431541042,1219.9628814543148,4120529
2024-04-30,1194.901611328125,1221.0031192824215,1191.6389661248984,1218.355207137973,2613213
2024-05-02,1198.1170654296875,1205.1625413659356,1185.4445596136993,1194.6178777989549,2124221
2024-05-03,1182.56005859375,1202.940104177344,1175.561914492891,1201.0486889192034,2322455
2024-05-06,1193.719482421875,1196.9821276405492,1177.5005731193776,1189.700224905303,1363667
2024-05-07,1222.27978515625,1224.502290449993,1188.65994803957,1199.15727968643,2350444
2024-05-08,1217.125732421875,1229.4199317392677,1210.8367535286434,1223.745685900471,1332284
2024-05-09,1200.197509765625,1216.0854438569854,1192.9156073153988,1212.3971610740457,2420777
2024-05-10,1195.7528076171875,1204.0749658932887,1180.4796055740678,1197.2659168089485,1322206
2024-05-13,1193.530517578125,1197.5969916562058,1182.1820245257009,1195.7529077123231,593453
2024-05-14,1206.2501220703125,1214.2886371919099,1186.011955028548,1195.3271524044214,1386032
2024-05-15,1205.304443359375,1213.295627112714,1196.3202203606193,1205.7772972014147,1008105
2024-05-16,1236.938232421875,1241.3357959328455,1211.7352167638533,1217.1257040077367,4868225
2024-05-17,1234.52685546875,1248.3341648091325,1227.3395000326584,1238.0259277838843,1925387
2024-05-21,1252.0223388671875,1254.9540093951448,1233.297281849045,1236.0398570304856,1453689
2024-05-22,1258.1695556640625,1262.8980941959908,1239.8701346340667,1257.7912494929412,1411627
2024-05-23,1264.884033203125,1270.9838016160181,1253.157234778694,1263.4654716705609,1440740
2024-05-24,1249.9891357421875,1271.9768394728521,1246.442731914661,1264.884031817799,1288301
2024-05-27,1257.5074462890625,1269.896309156456,1246.6791396131168,1251.171251058717,980450
2024-05-28,1243.7000732421875,1258.1221145082843,1240.1064535366584,1256.8454323044407,1608944
2024-05-29,1216.60546875,1242.6597587269198,1214.3830790280554,1242.6597587269198,1405567
2024-05-30,1173.4813232421875,1217.835035449432,1168.279931128057,1210.5531326667806,2610479
2024-05-31,1161.754638671875,1187.099652535082,1157.5936169284344,1178.3045242877795,4649449
2024-06-03,1177.7369384765625,1193.293897787421,1169.4147808487937,1186.8630399198894,1091287
2024-06-04,1172.0155029296875,1185.6336003416154,1128.843926867061,1177.7369647810367,2471911
2024-06-05,1198.1170654296875,1215.18701953936,1169.6039562044218,1191.5916594441653,2709585
2024-06-06,1245.922607421875,1251.7387330719318,1205.0207479447356,1215.2344376444862,3205121
2024-06-07,1302.806884765625,1306.0223139856553,1254.9540989565276,1257.7912220137011,5790599
2024-06-10,1267.5792236328125,1303.1851396889313,1262.6615900375327,1302.8068335409494,2532308
2024-06-11,1276.185302734375,1286.020686620809,1268.3359975171686,1275.6652327271165,1465705
2024-06-12,1296.1868896484375,1306.0222723550282,1283.4671678580276,1290.701854511775,2786009
2024-06-13,1313.54052734375,1321.011640486539,1300.678927047827,1305.076490484764,1953367
2024-06-14,1296.99072265625,1319.9714649452715,1290.0397944517133,1319.2621842010774,1733356
2024-06-18,1296.896240234375,1315.9049420466656,1295.7614371636967,1305.502157275052,950760
2024-06-19,1306.1641845703125,1311.6492198454628,1287.1081517406917,1302.2394746120005,1313197
2024-06-20,1317.46533203125,1323.0450303729974,1296.9907378865184,1310.750830662598,1987190
2024-06-21,1323.8016357421875,1362.1027961775244,1310.7981553474742,1331.5563924186297,6836535
2024-06-24,1325.598388671875,1332.5021008077697,1306.0222861714194,1314.533655161675,1111433
2024-06-25,1350.2340087890625,1354.2532660381282,1319.0256583845526,1322.8558202931436,2201375
2024-06-26,1336.332275390625,1356.9014173073253,1333.4478208067828,1355.0100019586632,1565878
2024-06-27,1354.48974609375,1365.412715341142,1316.4250141822308,1328.1044802640324,4286657
2024-06-28,1352.69287109375,1374.113171773974,1349.193799077099,1362.7646803346845,2222285
2024-07-01,1392.1761474609375,1398.2286992442355,1346.829513807995,1352.6928548038886,3837301
2024-07-02,1392.2235107421875,1416.6700298917408,1390.1902162489046,1399.6472925499174,2092643
2024-07-03,1399.458251953125,1404.3758856449178,1381.6789016344949,1399.600015748926,896602
2024-07-04,1379.929443359375,1410.9959188870541,1374.3970762834053,1401.5388416827172,1322999
2024-07-05,1382.0098876953125,1390.1902821721708,1371.2287971123499,1387.3531591473297,1334838
2024-07-08,1387.9205322265625,1398.654291028721,1380.8750563696947,1382.0098593792475,807698
2024-07-09,1386.1708984375,1389.6227542255674,1376.0045418567713,1386.4073253347262,1049695
2024-07-10,1383.9012451171875,1392.8382515370463,1363.2375563731114,1392.1761869265977,802718
2024-07-11,1381.3006591796875,1395.8645810132439,1363.0012380659468,1395.8645810132439,1408434
2024-07-12,1423.33740234375,1429.720929239285,1381.7262640617453,1394.918840135384,4372156
2024-07-15,1417.6632080078125,1444.5685465437177,1410.9959223850913,1437.5702863065915,2374623
2024-07-16,1433.8818359375,1436.5298634297073,1408.2531827265618,1421.7295162050827,1794159
2024-07-18,1455.7750244140625,1461.7802448059542,1423.2899902500762,1425.1814055195116,2752497
2024-07-19,1436.5587158203125,1483.3233794213972,1431.8388736153217,1481.4451312615975,2504915
2024-07-22,1440.55615234375,1450.4773334311253,1421.8212910834902,1425.5296965768678,2225781
2024-07-23,1438.485107421875,1447.4430596935554,1406.3132600121319,1436.1733360808826,1640492
2024-07-24,1476.91796875,1483.37155119334,1419.2205712619436,1438.485136861857,2561617
2024-07-25,1473.7393798828125,1490.6440845082202,1449.5623717422286,1468.9232381184895,3283912
2024-07-26,1484.4793701171875,1487.850669285408,1391.1425210578514,1473.7393506792541,7133745
2024-07-29,1469.26025390625,1497.5309808028574,1454.522931565326,1488.8138352960311,1755979
2024-07-30,1481.493408203125,1494.8821881798383,1464.1070894828815,1464.1070894828815,1622543
2024-07-31,1497.2420654296875,1504.3217697878338,1478.555413237922,1481.4450980846411,2398955
2024-08-01,1487.657958984375,1511.3052617052585,1481.0598683880844,1497.2421514925145,1315921
2024-08-02,1452.2593994140625,1477.1589474095913,1447.0580601631502,1469.4049118222717,2894949
2024-08-05,1402.7974853515625,1429.671577942904,1374.285951713012,1415.9455749207132,2186582
2024-08-06,1428.8529052734375,1447.7321567216889,1411.6110949272354,1411.6110949272354,1665788
2024-08-07,1419.46142578125,1459.5317000522111,1416.9088472376193,1445.6130979736379,3002937
2024-08-08,1412.5260009765625,1433.428124266342,1408.2396823549645,1415.9455082502036,2333194
2024-08-09,1451.2960205078125,1453.752299685017,1426.1076947375523,1430.3458051570428,1521252
2024-08-12,1456.8828125,1468.4415521694216,1434.6322621526797,1451.2960412938141,1809860
2024-08-13,1448.117431640625,1467.6228044718857,1440.1707982649261,1452.8372737679617,580901
2024-08-14,1468.34521484375,1473.2094471130952,1449.6585626789483,1456.4011606448971,2833790
2024-08-16,1527.005859375,1530.5697570251837,1474.9915315717526,1501.094994786326,3224481
2024-08-19,1536.0120849609375,1543.766002493779,1517.9033452652377,1529.4620852629396,1640507
2024-08-20,1568.713623046875,1573.5779731098064,1536.589981996765,1542.1285448530452,2442281
2024-08-21,1545.644287109375,1568.1356439905903,1543.0917086443033,1556.5769045999964,1935929
2024-08-22,1552.0015869140625,1561.0559563835154,1537.312355447537,1546.0296185307952,1562554
2024-08-23,1539.6240234375,1557.4918365212766,1534.470775933057,1553.7353404966354,1020913
2024-08-26,1579.8388671875,1582.5840442348301,1549.8342831246755,1550.7975113926211,1510157
2024-08-27,1564.860595703125,1584.5104755730508,1562.4525250715549,1583.5472473204227,1083351
2024-08-28,1567.509521484375,1603.7750898246534,1556.7695026217864,1560.4298171266898,3033590
2024-08-29,1586.774169921875,1595.3469255968707,1560.4781069953265,1560.4781069953265,2194339
2024-08-30,1576.3231201171875,1602.5710914115311,1571.1216637572218,1586.437017313173,1926984
2024-09-02,1586.099853515625,1600.8853839363878,1575.4080432403073,1576.3230630637174,1582818
2024-09-03,1583.6435546875,1598.2364863053829,1572.0848155971491,1578.7311140904158,1739553
2024-09-04,1584.799560546875,1589.3266865000314,1549.7380270980736,1560.1890305808643,1643875
2024-09-05,1579.212890625,1596.936315902525,1572.8556069878405,1592.2164734389294,1080904
2024-09-06,1563.560302734375,1590.482486079952,1554.6022327136463,1579.2127622565888,1672937
2024-09-09,1521.1300048828125,1571.314290757085,1516.8436862043072,1563.5120478693116,2965098
2024-09-10,1548.2930908203125,1554.3613581611387,1520.455771269977,1533.4593524623397,2541973
2024-09-11,1543.6695556640625,1567.1723482631182,1539.3350285791307,1552.723924646679,1395340
2024-09-12,1582.8248291015625,1588.9413050009148,1546.9445766238305,1560.3334728768023,2356422
2024-09-13,1595.154296875,1598.8627023686129,1577.7679787698426,1589.2304192259398,1373924
2024-09-16,1588.363525390625,1608.5913204380495,1585.955454551646,1590.3862813790506,1060407
2024-09-17,1590.81982421875,1610.517796890912,1580.7540174392307,1588.3635449001877,1499644
2024-09-18,1546.36669921875,1587.5447080553508,1530.56973196161,1587.5447080553508,2930297
2024-09-19,1536.6861572265625,1575.2152870286218,1528.691433341579,1560.4297569833961,3032379
2024-09-20,1562.404541015625,1569.3879463245714,1524.2125146717597,1548.871136108413,3984683
2024-09-23,1548.052490234375,1571.025463221947,1535.8676279015292,1565.197884581407,1535902
2024-09-24,1576.9010009765625,1583.0656855134355,1539.3350978825413,1542.6583060128821,1781972
2024-09-25,1543.814208984375,1582.6804486610201,1531.5812562016276,1576.9010786695017,2505756
2024-09-26,1547.8597412109375,1560.2854103717002,1537.3124378709606,1550.7976346943901,2173853
2024-09-27,1550.0750732421875,1603.5824499741204,1545.5479474649753,1565.2459182964453,3539822
2024-09-30,1519.20361328125,1546.9446350900923,1510.1974522782054,1546.9446350900923,3460691
2024-10-01,1565.63134765625,1582.4878433941908,1521.9007580540758,1521.9007580540758,5176596
2024-10-03,1545.06640625,1571.16986974144,1537.4568791410172,1555.613709133786,2332279
2024-10-04,1557.0103759765625,1587.7855914512095,1532.4962621841876,1532.4962621841876,2927576
2024-10-07,1559.033203125,1572.0367851009953,1541.3578698553288,1565.197770144653,1619326
2024-10-08,1569.195068359375,1574.8781383688856,1544.6327487701355,1565.245856177027,1311331
2024-10-09,1597.8031005859375,1608.3986115511452,1572.0367443750918,1578.7311338159334,2177241
2024-10-10,1560.1407470703125,1614.3223360486977,1552.0978147116134,1611.4808597482383,1518162
2024-10-11,1586.4852294921875,1589.326705964158,1544.0549755518455,1544.0549755518455,1019027
2024-10-14,1630.2640380859375,1634.598565809061,1587.4003750461595,1587.4003750461595,2070051
2024-10-15,1613.744384765625,1640.8110743974426,1602.33015380488,1637.4879840506737,2503380
2024-10-16,1599.248046875,1615.7673187058342,1592.0238343839937,1608.591314664068,1070524
2024-10-17,1636.52490234375,1647.024114462507,1595.1060849212772,1599.6332109557522,3771316
2024-10-18,1625.8331298828125,1639.799940737907,1585.0885242866962,1632.6720275438179,3119646
2024-10-21,1638.6439208984375,1697.0637402383009,1627.904019523757,1680.8333670583795,5898020
2024-10-22,1634.1650390625,1663.4470856696043,1629.2524806081205,1640.7631294805826,2484594
2024-10-23,1672.1160888671875,1684.6862649781285,1623.6175683917083,1634.164988627053,4198781
2024-10-24,1671.9234619140625,1683.7230081669488,1664.5066513020213,1671.2492491608134,1570443
2024-10-25,1653.3331298828125,1678.328974232892,1647.457460906376,1671.9234826711995,1743714
2024-10-28,1639.9444580078125,1664.41036378911,1630.9381789596557,1647.1204621112774,1271473
2024-10-29,1636.043212890625,1660.701833030477,1618.5605963133944,1646.1571097027247,1499121
2024-10-30,1622.9915771484375,1649.1914590732317,1620.390907610676,1641.437423747379,1305424
2024-10-31,1563.4151611328125,1622.845661130728,1550.683553803254,1619.7355732013204,3638913
2024-11-01,1558.555908203125,1573.4742474766692,1553.8423123505227,1573.4742474766692,249236
2024-11-04,1592.3287353515625,1594.1266902107493,1562.8321914535059,1568.6148318854744,2746587
2024-11-05,1586.7403564453125,1607.4899766117576,1578.1392397296818,1592.2315037326264,1376651
2024-11-06,1645.927978515625,1650.0098284420396,1589.0243378016403,1603.5539012640595,3164061
2024-11-07,1604.5743408203125,1667.2606188232864,1598.111313236646,1647.337073101411,1285140
2024-11-08,1634.0709228515625,1639.0274886666773,1603.6511405664967,1613.3213021211056,1883257
2024-11-11,1656.2298583984375,1667.21203474787,1619.2012422169616,1625.7614343268278,1587351
2024-11-12,1639.5621337890625,1662.4013217819747,1636.646492768691,1661.9153816119128,1414446
2024-11-13,1628.4825439453125,1641.5057631889813,1616.8686222647561,1632.758840827406,1063556
2024-11-14,1640.0479736328125,1644.4214348958333,1616.2369067563657,1616.2369067563657,1919974
2024-11-18,1614.098876953125,1640.533974104454,1587.3235267808645,1637.375363076113,1617013
2024-11-19,1651.8563232421875,1675.910359904434,1617.3059322176875,1618.0834838881242,1982317
2024-11-21,1654.3831787109375,1676.4934547078085,1637.4239155662306,1663.859011281025,2212146
2024-11-22,1698.3121337890625,1700.6446701693226,1654.383192951364,1666.5316963509188,2344087
2024-11-25,1683.8797607421875,1718.0900180112476,1679.2633293810936,1710.509304321096,3913302
2024-11-26,1696.31982421875,1712.4530127566761,1682.373366258975,1683.879709474621,1291712
2024-11-27,1707.3994140625,1717.3125459900307,1686.7469570153646,1692.0436573676534,2088228
2024-11-28,1665.1710205078125,1710.5092583851695,1658.8052759845266,1707.593617603831,1787990
2024-11-29,1664.150634765625,1681.3528680997624,1652.6824001177145,1659.9715021470488,1556942
2024-12-02,1696.8543701171875,1698.846772196424,1657.930635106196,1661.9153206269364,1370756
2024-12-03,1700.3045654296875,1711.4811887520318,1688.7391662642372,1710.5093084631321,1824151
2024-12-04,1710.1204833984375,1724.6986873123326,1691.654758440837,1693.1125788322265,1811165
2024-12-05,1736.701416015625,1743.5045779643617,1705.7470528764188,1710.1205141291782,2762694
2024-12-06,1732.668212890625,1746.4688654294666,1725.6706036828944,1746.4688654294666,1180840
2024-12-09,1727.857421875,1750.113505171295,1721.3943939495414,1729.0722722881412,1069659
2024-12-10,1713.9595947265625,1727.0313376436163,1703.9978213946283,1716.5349826778015,1625591
2024-12-11,1713.2305908203125,1719.9851112551623,1700.8391173531543,1715.3686799634759,1285654
2024-12-12,1739.27685546875,1756.867864102321,1711.5297457723873,1718.3329074590067,3018243
2024-12-13,1745.8857421875,1753.855112952945,1711.4811568737362,1730.9187622896786,1503188
2024-12-16,1725.6220703125,1743.0672737995337,1716.3405662280327,1743.0672737995337,1075193
2024-12-17,1720.9569091796875,1738.8395290551389,1711.4810769817477,1727.4684592349774,1160899
2024-12-18,1728.8779296875,1737.6733754248307,1711.0439494944414,1712.5017699784146,1337600
2024-12-19,1705.0181884765625,1719.1590943621682,1686.212328311984,1691.0230883641789,2402819
2024-12-20,1638.6387939453125,1721.0541705266028,1632.8560350952766,1720.228096015949,2921154
2024-12-23,1664.247802734375,1676.4934704431093,1638.4443340385506,1643.3523768708812,1301223
2024-12-24,1656.958740234375,1676.8336448307605,1648.017370329311,1669.301572537413,711026
2024-12-26,1650.9329833984375,1666.4345450397282,1643.1094183307832,1659.096801474114,659638
2024-12-27,1663.5189208984375,1668.2325165739696,1650.9329999694357,1657.007251777526,647945
2024-12-30,1691.8978271484375,1723.7269075494994,1646.1709293884837,1666.7747446662913,6781500
2024-12-31,1658.22216796875,1680.3810868994412,1635.1400101816698,1680.3810868994412,1459630
2025-01-01,1655.9381103515625,1669.3014635479046,1643.6924431500954,1652.7794995960635,721479
2025-01-02,1678.3885498046875,1686.892501989767,1648.3089035308394,1660.9433467772433,1238954
2025-01-03,1641.943115234375,1681.20710283931,1634.0709085805636,1664.053391922756,2448088
2025-01-06,1638.8817138671875,1663.1787201295979,1627.8994195814878,1656.812857033756,945693
2025-01-07,1624.15771484375,1657.0558378081735,1614.7790466382876,1645.3932747268257,1305847
2025-01-08,1616.9658203125,1622.9914306100377,1588.0523819027048,1621.0476700446734,673344
2025-01-09,1596.60498046875,1622.5541366364146,1592.134236245282,1616.9171835254429,774065
2025-01-10,1657.6390380859375,1665.8028564424906,1590.287803579275,1606.6153216546477,2208899
2025-01-13,1612.9810791015625,1653.168303673186,1603.5052466731006,1650.3013043935111,1401093
2025-01-14,1601.1728515625,1623.47745779078,1575.7096342461605,1622.9429947892884,2480288
2025-01-15,1628.82275390625,1631.7870362992303,1603.7483131552863,1611.3775498416462,1079742
2025-01-16,1640.1937255859375,1674.4038628880037,1623.9632542486283,1647.3370216869464,2334315
2025-01-17,1613.6129150390625,1652.0993513225533,1603.9912763087566,1637.375340999875,2502285
2025-01-20,1627.5106201171875,1639.707764538867,1579.3053841202018,1616.236833102705,4856268
2025-01-21,1594.36962890625,1655.6467291516742,1590.0933318674038,1627.510723341278,2500061
2025-01-22,1636.59765625,1641.2627287817152,1589.2671367818207,1596.507596997745,2478559
2025-01-23,1665.2197265625,1680.8669756350253,1624.0119781937713,1624.0119781937713,2255334
2025-01-24,1674.5982666015625,1687.5728438580902,1657.3959154625188,1670.6621042411932,1257165
2025-01-27,1607.392822265625,1665.7056391906415,1598.743064027535,1661.9152823629695,1174799
2025-01-28,1601.998779296875,1617.8404747571208,1591.9398424812694,1609.3850454367646,1820874
2025-01-29,1633.8765869140625,1637.6183023342828,1607.5386545625233,1617.1601746037381,1146508
2025-01-30,1623.13720703125,1656.9586877121396,1610.4055992858657,1637.618246708922,868832
2025-01-31,1627.3648681640625,1647.3370551371886,1618.4236171487926,1627.8994497668384,1065425
2025-02-01,1600.103759765625,1638.4930318583754,1590.6764496133733,1627.4135726407692,410470
2025-02-03,1608.170166015625,1617.2573410587288,1560.0135718948966,1584.164771836142,1415698
2025-02-04,1612.3980712890625,1629.7946338796314,1598.7917469867957,1615.993980970997,1467006
2025-02-05,1614.293212890625,1624.0120160988768,1598.1600232924739,1616.0911677566046,1449280
2025-02-06,1622.6513671875,1637.3267363701214,1603.6025365415833,1623.0401430451177,1288106
2025-02-07,1644.5186767578125,1647.9202579005928,1611.2804170463091,1627.8995469020608,1582031
2025-02-10,1651.2733154296875,1655.8411055070267,1626.150114091117,1635.6745887414972,1235699
2025-02-11,1622.1654052734375,1660.9434534555642,1616.4312877042362,1658.0278125191296,1800036
2025-02-12,1632.9532470703125,1642.4777215497772,1621.8739064623524,1632.7589184636838,1889477
2025-02-13,1628.191162109375,1641.9431738501496,1594.418320687399,1627.8995505556738,1555491
2025-02-14,1612.446533203125,1646.3651783741523,1605.5948484781245,1637.6182559388706,961944
2025-02-17,1618.1319580078125,1621.0475987275872,1585.1366713174532,1609.3365130191273,1114005
2025-02-18,1657.055908203125,1660.8947879253944,1617.2574574524008,1621.0963371746702,2654136
2025-02-19,1638.395751953125,1664.247742544982,1627.9480393992314,1646.41376391309,1113961
2025-02-20,1611.231689453125,1646.0250507374942,1608.4618543981724,1632.7588612621932,1485087
2025-02-21,1603.1165771484375,1618.1320805372018,1596.0218034046604,1611.1345897349634,1479239
2025-02-24,1568.3232421875,1597.722622191025,1559.139020517526,1584.1649390329235,1672609
2025-02-25,1549.1285400390625,1568.6147872992037,1544.317780060988,1562.8321470316007,1425126
2025-02-27,1543.5888671875,1550.829327876936,1525.7548876328863,1530.7114533734064,2208643
2025-02-28,1446.011962890625,1528.6704231305212,1436.8277422585131,1525.8519467624599,4155992
2025-03-03,1451.06591796875,1488.4346677550427,1434.6896401322365,1457.8204385455854,2851006
2025-03-04,1446.40087890625,1457.2858909799654,1392.7531329693563,1433.5234647315428,2386196
2025-03-05,1494.8489990234375,1505.442517548451,1445.6718817645713,1446.4007919570577,1967418
2025-03-06,1461.17333984375,1507.1919653925304,1458.7436391764534,1497.6674913216364,2246380
2025-03-07,1450.385498046875,1464.8178963371872,1440.3265609740954,1459.7155249167324,893696
2025-03-10,1445.0401611328125,1457.820410458713,1440.812505670028,1450.3855026378278,798491
2025-03-11,1437.6053466796875,1445.5748366237578,1412.7252337861894,1423.318753184416,1769157
2025-03-12,1397.85546875,1447.1297520045314,1369.185000191146,1439.3547096834864,2665932
2025-03-13,1400.139404296875,1415.3007135349212,1382.0138126328982,1401.451418999043,995812
2025-03-17,1399.6048583984375,1407.2827368366268,1385.1238175584137,1402.3746936487798,1747569
2025-03-18,1399.6048583984375,1399.6048583984375,1399.6048583984375,1399.6048583984375,0
2025-03-19,1356.890625,1391.5381793906993,1355.18983457474,1390.4204933836977,5557840
2025-03-20,1370.8857421875,1381.0418434048802,1360.6809995022422,1363.6938045674874,2863413
2025-03-21,1369.6221923828125,1390.8577513436232,1343.1870980015963,1350.9621397181565,4056023
2025-03-24,1417.6331787109375,1426.38010113568,1373.8499251186634,1376.036655724849,3072831
2025-03-25,1414.57177734375,1442.173201604833,1408.6918540707736,1432.5515629025679,2056315
2025-03-26,1376.47412109375,1422.8327641085884,1369.8652875758576,1422.8327641085884,2231144
2025-03-27,1383.8603515625,1389.7887975307144,1366.4636708588703,1367.5813569061088,2541022
2025-03-28,1378.369140625,1389.7887333641813,1368.941949818808,1375.3076941631216,1642693
2025-04-01,1355.918701171875,1377.1056186057253,1346.4428691071635,1362.5760568949229,1578367
2025-04-02,1383.0343017578125,1385.9499426438729,1357.862578380612,1357.862578380612,1617949
2025-04-03,1330.84423828125,1360.6323926040195,1322.0001514568698,1357.7167517627254,1943422
2025-04-04,1283.80517578125,1320.9795955464115,1281.7642509726688,1312.0383446527574,1757493
2025-04-07,1251.7818603515625,1257.418813699544,1175.3920904272206,1209.9910063180864,3044730
2025-04-08,1277.439453125,1304.311966370835,1254.843236803111,1277.0506772886906,2868814
2025-04-09,1236.9605712890625,1263.3956662728356,1228.7967535730454,1253.7255053725326,3724878
2025-04-11,1246.1934814453125,1275.447053967721,1238.3697977838378,1239.1473494581971,1803181
2025-04-15,1265.0965576171875,1277.245061545438,1250.6156358449,1277.245061545438,1511866
2025-04-16,1271.899658203125,1277.6337755070315,1247.4083229252851,1255.6693051963134,1093342
2025-04-17,1270.05322265625,1272.0941475573557,1240.0220976785386,1258.6821519711211,3027966
2025-04-21,1334.8775634765625,1349.9417078041101,1266.3600037932006,1267.331884072397,3759267
2025-04-22,1337.793212890625,1356.7448784564565,1322.923397068496,1335.3635121770567,2471135
2025-04-23,1399.1187744140625,1408.6432482527227,1368.4073824558095,1379.0009008344684,5944062
2025-04-24,1404.5614013671875,1426.234380118114,1393.9680007112513,1404.367072756848,2501415
2025-04-25,1420.8890380859375,1432.4544377048817,1336.3354496362272,1414.4746516552307,8211667
2025-04-28,1420.4029541015625,1438.3827383306962,1396.591888500818,1427.983667339746,2079431
2025-04-29,1453.2525634765625,1462.5825900090365,1422.1523959431665,1424.9707537157012,2652788
2025-04-30,1460.7359619140625,1468.3166750397631,1448.1015191297095,1453.2525317199572,1858465
2025-05-02,1452.0863037109375,1476.286146428657,1447.907289686437,1462.6798224984389,1582577
2025-05-05,1452.572265625,1464.1376648665937,1448.587580141824,1456.848562651858,846022
2025-05-06,1454.1273193359375,1462.4855851821,1444.3113516154235,1454.8077067575541,1545773
2025-05-07,1453.1553955078125,1462.58270571984,1438.9659666756625,1447.2269493302804,1272555
2025-05-08,1460.5416259765625,1475.800097807332,1446.1577514239775,1458.6950298513666,2829448
2025-05-09,1451.697509765625,1459.083894717233,1436.536201302876,1438.382797540778,923174
2025-05-12,1528.8648681640625,1532.169284894235,1474.7311831937768,1479.2018088227248,1891418
2025-05-13,1528.28173828125,1555.8831619243363,1521.0898004912042,1555.3000574846526,3724272
2025-05-14,1558.118408203125,1564.1441370860373,1533.724237047299,1539.4583543928486,2354571
2025-05-15,1583.2900390625,1590.3848121074036,1555.2026770410312,1560.8396297592606,2972408
2025-05-16,1571.530517578125,1589.8990798228194,1556.2720436195052,1589.0243637849317,1159095
2025-05-19,1552.870361328125,1580.4716664141824,1548.3024528221656,1571.5304152789427,681874
2025-05-20,1531.683349609375,1573.960142571309,1529.0593202599339,1566.6710403364928,1869716
2025-05-21,1553.259033203125,1557.924106053762,1525.2689520124957,1532.6552184945617,930031
2025-05-22,1521.5758056640625,1544.998097654667,1514.1895389576696,1544.998097654667,1789310
2025-05-23,1535.8624267578125,1558.8959415310796,1523.7139234728133,1530.711413909882,1159290
2025-05-26,1556.369140625,1559.284781533388,1538.486519326008,1538.486519326008,711029
2025-05-27,1547.6221923828125,1559.1875915229418,1534.1130326691398,1556.369114963758,1394001
2025-05-28,1535.8624267578125,1556.9521810054798,1533.7242189970161,1555.785972145211,820958
2025-05-29,1555.008544921875,1559.7707823182457,1539.9443996429443,1547.330666503776,1799251
2025-05-30,1529.642333984375,1550.1489833278124,1523.9082168388777,1550.1489833278124,2780942
2025-06-02,1505.5396728515625,1524.8801135708604,1498.7365110956696,1520.9925925674931,2120693
2025-06-03,1500.3887939453125,1520.8954437188318,1490.7671556366988,1512.148521372406,2316285
2025-06-04,1512.926025390625,1522.5476641507228,1500.5831929554754,1501.3607446556232,1439090
2025-06-05,1518.8544921875,1526.1435940146648,1503.498736883183,1516.1331800502685,1529586
2025-06-06,1526.921142578125,1529.2536790668796,1511.662669053651,1520.798367762595,828051
2025-06-09,1534.6961669921875,1546.7475065103267,1526.921124546644,1530.711481466393,598108
2025-06-10,1565.6019287109375,1587.5663987773116,1534.5989248052495,1534.696089103341,3324373
2025-06-11,1591.453857421875,1602.6304799320133,1559.478974513152,1572.5021931655533,2660949
2025-06-12,1598.1600341796875,1611.3775829054055,1566.5739235376936,1589.9962157015943,2316173
2025-06-13,1612.349365234375,1622.0681679181266,1559.4790549072213,1559.867830742117,2511076
2025-06-16,1646.26806640625,1658.027794326624,1604.768706350371,1611.377539855535,2160406
2025-06-17,1670.2734375,1676.4934950643064,1636.8407318998673,1644.8102214358546,2105126
2025-06-18,1662.5955810546875,1684.074230585827,1660.360327548268,1668.8156386996143,1299278
2025-06-19,1636.6463623046875,1646.3651649311998,1614.0015047298227,1636.6463623046875,3056884
2025-06-20,1648.4061279296875,1660.4574671931982,1622.2625245313793,1632.7588790661825,3425550
2025-06-23,1634.50830078125,1644.4214321725888,1628.5797361687896,1632.758868823847,732380
2025-06-24,1629.9404296875,1660.4574948778288,1627.6078932366836,1651.0303034097055,1923989
2025-06-25,1657.055908203125,1665.8028308857222,1628.6770509546805,1642.2833751276091,1416375
2025-06-26,1642.6719970703125,1655.5980522121797,1623.3316744641927,1647.3370698559697,2528268
2025-06-27,1627.31640625,1653.9459503317719,1615.8481711971017,1650.2527577180638,6183785
2025-06-30,1639.5621337890625,1641.9918346393724,1613.3213646057166,1633.3420758847221,1546996
2025-07-01,1624.206298828125,1649.669633697109,1622.359821180903,1642.4776957986103,1689051
2025-07-02,1629.9404296875,1651.2246320148852,1620.6104025219663,1627.8995047821852,1931642
2025-07-03,1624.8865966796875,1645.3932460123078,1623.040000496488,1637.5210397973249,1713273
2025-07-04,1638.048828125,1646.658751517565,1623.501197324542,1627.9545684845302,1310544
2025-07-07,1607.0732421875,1630.824555219481,1598.7602584652216,1630.824555219481,1550115
2025-07-08,1618.4541015625,1626.767085397165,1602.2240132768072,1606.1825655023213,1318755
2025-07-09,1598.0675048828125,1619.4436617111448,1595.29647013609,1617.8602650581981,1173847
2025-07-10,1583.519775390625,1600.6405614993353,1573.623395167191,1598.067526802327,1631315
2025-07-11,1585.8948974609375,1590.348268467848,1561.450887145174,1563.6280424263846,2559235
2025-07-14,1560.3621826171875,1581.4415202899029,1547.892768007525,1581.4415202899029,2068336
2025-07-15,1562.638427734375,1578.373696354596,1536.9078393106297,1538.491235975622,2574760
2025-07-16,1591.239013671875,1594.3068674058604,1560.9561140945243,1563.628088455158,2207039
2025-07-17,1547.4969482421875,1587.2804697641882,1544.726034225231,1566.9928900304992,7617296
2025-07-18,1532.850341796875,1557.6902317507486,1522.0632632990162,1556.7005937382005,3619191
2025-07-21,1527.80322265625,1537.3037234813082,1515.4327474138765,1534.9285680736882,988104
2025-07-22,1531.16796875,1536.710038568854,1525.2301403487377,1533.939003659427,1404790
2025-07-23,1530.5740966796875,1536.8088643612866,1518.5995011186883,1534.9285280124377,2887100
2025-07-24,1483.071533203125,1537.8975044334593,1480.0036794596128,1537.8975044334593,2207437
2025-07-25,1446.7518310546875,1485.7435928117823,1440.6160029091184,1474.659574615958,1179664
2025-07-28,1435.56884765625,1450.8092969007384,1430.1258386978911,1446.850744931023,1070496
2025-07-29,1438.73583984375,1443.9808490051942,1421.5161136793113,1435.5689256127514,1458817
2025-07-30,1448.038330078125,1450.9083045517857,1433.589638872449,1436.261734060516,1299448
2025-07-31,1448.5330810546875,1458.0337024254131,1432.2040541812037,1434.975088881902,1382994
2025-08-01,1423.8912353515625,1444.6736338278047,1417.5575278453375,1441.5067196719808,1620011
2025-08-04,1459.716064453125,1461.6953404727226,1404.395275544292,1420.130544061176,1581473
2025-08-05,1470.00830078125,1472.3834561284712,1446.0589888377804,1454.8667911474568,2929677
2025-08-06,1443.8818359375,1466.148690844007,1438.2409476833525,1464.7631734887404,1039973
2025-08-07,1466.6435546875,1476.5399349485492,1434.9751378521423,1439.923327982667,1587489
2025-08-08,1465.0601806640625,1480.4985099489693,1458.5285937518431,1458.5285937518431,1371665
2025-08-11,1465.7528076171875,1506.921723974621,1454.4709103332407,1465.0601093440916,888886
2025-08-12,1493.6607666015625,1501.6768106960017,1465.653961287868,1467.2373580167628,2532937
2025-08-13,1490.6917724609375,1502.9631870556111,1483.7643064389158,1499.3015747661393,1815196
2025-08-14,1471.2947998046875,1514.0472348621527,1469.6124634885196,1494.2544744111287,1715172
2025-08-18,1455.9554443359375,1484.4570683708275,1452.887590555723,1484.4570683708275,1249405
2025-08-19,1481.191162109375,1484.0611365011343,1449.2259268509702,1456.747151570276,1807647
2025-08-20,1508.3072509765625,1516.1254153342131,1471.9875847146798,1472.5813433533351,2329633
2025-08-21,1505.536376953125,1515.8285157769797,1493.4627205552604,1512.166903403734,1251760
2025-08-22,1489.4052734375,1513.7503454402436,1483.4674451048588,1513.7503454402436,969599
2025-08-25,1511.2762451171875,1523.7456604118722,1489.4052683280731,1500.2912869005706,1386218
2025-08-26,1486.6341552734375,1510.6824069955344,1483.368422356699,1505.2393979955505,1510822
2025-08-28,1480.1026611328125,1493.5617146128054,1467.2373663288404,1484.4570927660116,1771867
2025-08-29,1466.0498046875,1489.1082983486128,1463.3777095179885,1483.269530604464,2279980
2025-09-01,1489.9000244140625,1494.2544558201962,1469.6124452041734,1469.6124452041734,1241192
2025-09-02,1497.12451171875,1504.150917812897,1483.0715787250285,1486.4363723041126,1137022
2025-09-03,1492.572021484375,1500.3901860455867,1481.7850636525886,1497.1244530452432,1431929
2025-09-04,1484.8529052734375,1495.145164814133,1479.8057755464433,1490.4937936497095,1038934
2025-09-05,1462.5860595703125,1491.7803812731152,1446.949730471727,1483.4673977119105,1875965
2025-09-08,1445.564208984375,1472.4824356394215,1443.881872670807,1467.0394265238017,1308412
2025-09-09,1482.6756591796875,1484.45705596902,1450.5124229670255,1451.4031213616918,1749566
2025-09-10,1510.1876220703125,1520.0840022935781,1486.2384302521791,1487.425947556802,1660976
2025-09-11,1505.4373779296875,1515.6306983333695,1490.097987904113,1510.187688969456,896908
2025-09-12,1509.69287109375,1514.1462423949115,1496.8275762237279,1513.1566043279868,770698
2025-09-15,1504.0518798828125,1512.067923517255,1489.998947807403,1512.067923517255,825515
2025-09-16,1515.630615234375,1518.1047102641405,1494.3533979783913,1507.1197524930658,1011289
2025-09-17,1531.16796875,1533.3452449803865,1509.7918106665413,1522.3602865991368,1946337
2025-09-18,1534.631591796875,1550.6637998124208,1525.8239102784069,1539.876721496892,2246114
2025-09-19,1537.6995849609375,1541.2622576282095,1525.6259287815897,1534.9285502167145,2621234
2025-09-22,1489.8011474609375,1494.3534583384994,1438.2410291190852,1483.4674397678216,5723501
2025-09-23,1456.648193359375,1496.0357131949572,1452.9864602836687,1496.0357131949572,1380054
2025-09-24,1437.350341796875,1454.7679474832075,1424.0891676383237,1454.7679474832075,2122106
2025-09-25,1429.334228515625,1445.0693762561637,1422.1098227085765,1436.9543928829876,1581629
2025-09-26,1393.1134033203125,1426.563216979923,1388.956971925995,1424.9798202966317,1851067
2025-09-29,1396.082275390625,1410.2341470835258,1377.4771535123537,1400.3377671039923,2708118
2025-09-30,1385.7901611328125,1411.9165080921323,1378.0709362913815,1393.4103255283771,2225340
2025-10-01,1401.327392578125,1408.8486171342686,1378.9615981853487,1386.4828227414923,1683484
2025-10-03,1386.0870361328125,1409.046711499703,1382.8213030334825,1408.254952733269,2568702
2025-10-06,1424.3861083984375,1427.0580828388636,1382.6233097738498,1390.3425349657455,3036770
2025-10-07,1423.990234375,1430.8187611773226,1411.8176378662758,1425.0788120842565,1105550
2025-10-08,1443.090087890625,1457.5388993811462,1417.2605601691457,1417.2605601691457,1154614
2025-10-09,1451.403076171875,1460.1119389512437,1436.9543854380586,1443.0900927561904,1354036
2025-10-10,1442.1004638671875,1462.388043128704,1435.0740581376979,1461.6953448419429,937053
2025-10-13,1435.8658447265625,1446.355983704215,1424.2870072694188,1439.923336496499,1229414
2025-10-14,1452.78857421875,1464.4663508622946,1442.79325464713,1444.8714702720538,1430713
2025-10-15,1443.8818359375,1463.6745958543952,1425.4745933758713,1454.7678538917924,2810322
2025-10-16,1448.6322021484375,1451.502055802019,1432.8969332504778,1450.8093575005526,1619438
2025-10-17,1432.5999755859375,1449.819701319002,1425.1776904256014,1449.819701319002,1433539
2025-10-20,1444.4000244140625,1455.0,1439.0,1440.0,1800507
2025-10-21,1448.699951171875,1457.300048828125,1442.0,1450.0,114229
2025-10-23,1463.4000244140625,1487.5,1460.9000244140625,1465.0,3244860
2025-10-24,1453.699951171875,1468.0,1450.0,1465.4000244140625,969361
2025-10-27,1462.800048828125,1475.5999755859375,1457.0,1457.9000244140625,1036807
2025-10-28,1447.4000244140625,1469.5999755859375,1435.300048828125,1469.0,1432913
2025-10-29,1452.199951171875,1461.199951171875,1442.5999755859375,1453.0,1311858
2025-10-30,1433.800048828125,1458.0999755859375,1432.5,1453.199951171875,1797868
2025-10-31,1424.4000244140625,1437.5,1420.300048828125,1433.800048828125,1757591
2025-11-03,1419.800048828125,1424.0,1414.0,1419.0999755859375,2136091
2025-11-04,1409.199951171875,1425.300048828125,1405.5999755859375,1419.9000244140625,1191278
2025-11-06,1413.5999755859375,1420.9000244140625,1410.0,1412.0,2502412
2025-11-07,1386.699951171875,1409.800048828125,1385.0,1400.0999755859375,1209479
2025-11-10,1397.800048828125,1404.300048828125,1383.5999755859375,1386.699951171875,2883323
2025-11-11,1408.0,1410.4000244140625,1392.199951171875,1405.0,2488036
2025-11-12,1456.0999755859375,1460.199951171875,1414.0,1415.0,2958869
2025-11-13,1451.4000244140625,1463.800048828125,1442.300048828125,1463.0,1178211
2025-11-14,1439.199951171875,1445.800048828125,1422.9000244140625,1444.199951171875,1220596
2025-11-17,1452.800048828125,1455.9000244140625,1438.300048828125,1440.0,999416
2025-11-18,1422.0,1451.0999755859375,1419.5,1444.0,1553597
2025-11-19,1433.9000244140625,1443.5,1417.800048828125,1427.5,5777445
2025-11-20,1456.0,1464.699951171875,1430.699951171875,1445.300048828125,2818268
2025-11-21,1461.5,1469.0,1440.0,1455.0,2615232
2025-11-24,1494.699951171875,1513.800048828125,1461.800048828125,1470.0,6808658
2025-11-25,1494.699951171875,1502.0,1483.5,1501.199951171875,1675981
2025-11-26,1520.4000244140625,1522.699951171875,1496.199951171875,1498.0,1592891
2025-11-27,1509.800048828125,1532.0,1505.0,1523.0,1426194
2025-11-28,1517.300048828125,1525.300048828125,1503.699951171875,1515.800048828125,1247146
2025-12-01,1529.5,1532.0,1509.699951171875,1515.300048828125,1527101
2025-12-02,1536.699951171875,1539.0,1520.0,1523.0999755859375,1754978
2025-12-03,1541.699951171875,1550.800048828125,1530.300048828125,1537.9000244140625,2142830
2025-12-04,1562.300048828125,1577.9000244140625,1541.0999755859375,1545.0999755859375,2422663
2025-12-05,1570.800048828125,1583.0,1556.5999755859375,1567.0999755859375,2223397
2025-12-08,1591.800048828125,1595.699951171875,1572.699951171875,1581.0,2833786
2025-12-09,1561.5999755859375,1586.0,1559.0,1579.0999755859375,1533609
2025-12-10,1550.800048828125,1572.9000244140625,1548.199951171875,1563.0,735586
2025-12-11,1568.199951171875,1572.0,1541.0,1550.0,1248064
2025-12-12,1578.4000244140625,1580.5,1558.699951171875,1575.0,754479
2025-12-15,1575.4000244140625,1588.699951171875,1567.699951171875,1571.0,784781
2025-12-16,1578.199951171875,1580.300048828125,1564.699951171875,1570.0,999338
2025-12-17,1579.4000244140625,1586.199951171875,1570.300048828125,1578.199951171875,582251
2025-12-18,1605.5999755859375,1608.800048828125,1574.5999755859375,1581.0,1748780
2025-12-19,1612.5,1624.0,1595.0,1611.0,1802793
2025-12-22,1646.699951171875,1649.800048828125,1612.800048828125,1615.9000244140625,1466208
2025-12-23,1633.0,1646.5,1628.800048828125,1646.5,1161166
2025-12-24,1631.5,1636.5999755859375,1615.300048828125,1630.0,955523
2025-12-26,1612.300048828125,1633.699951171875,1608.0,1630.5,461192
2025-12-29,1612.4000244140625,1629.800048828125,1610.0999755859375,1614.0,891096
2025-12-30,1604.5999755859375,1616.199951171875,1599.0,1614.9000244140625,1973547
2025-12-31,1590.9000244140625,1614.800048828125,1588.300048828125,1614.800048828125,729913
